question_id,is_answerable,gold_answer,predicted_span,null_score,best_span_score,score_margin,reader_confidence_display
0001-0001-0001,True,"trở thành một trong những trung tâm văn hóa của thế giới, thủ đô của nghệ thuật và giải trí",", thành phố trở thành một trong những trung tâm văn hóa của thế giới, thủ đô của nghệ thuật và",10.171802520751953,-2.9493608474731445,-13.121163368225098,0.11641367215486212
0001-0001-0002,False,,"ở điểm gặp nhau của các hành trình thương mại đường bộ và đường sông, và là trung tâm của một vùng nông nghiệp",10.152969360351562,-1.5605090856552124,-11.713478446006775,0.15055054555996777
0001-0001-0003,True,giáo dục và nghệ thuật,vùng nông nghiệp,10.145915985107422,6.88983154296875,-3.256084442138672,0.5128432706177655
0001-0001-0004,True,Paris,",",10.137810707092285,3.488860607147217,-6.648950099945068,0.3399824403456342
0001-0001-0005,True,nghệ thuật và giải trí,của nghệ thuật và,10.120182991027832,8.036087989807129,-2.084095001220703,0.5740222712510005
0001-0001-0006,True,thế kỷ 10,Vào thế kỷ,10.141780853271484,5.75922966003418,-4.382551193237305,0.45365284592562943
0001-0001-0007,True,nằm ở điểm gặp nhau của các hành trình thương mại đường bộ và đường sông,"ở điểm gặp nhau của các hành trình thương mại đường bộ và đường sông, và là trung tâm của một vùng nông nghiệp",10.15480899810791,-0.8699408769607544,-11.024749875068665,0.17006046519306106
0001-0002-0001,True,Kinh đô ánh sáng,". Sự nhộn nhịp, các công trình kiến trúc và không khí",10.131656646728516,7.385440349578857,-2.746216297149658,0.5396156840298826
0001-0002-0002,True,"Sự nhộn nhịp, các công trình kiến trúc và không khí nghệ sĩ",". Sự nhộn nhịp, các công trình kiến trúc và không khí",10.153066635131836,5.291274070739746,-4.86179256439209,0.42876748519324265
0001-0002-0003,False,,". Sự nhộn nhịp, các công trình kiến trúc và không khí",10.158653259277344,3.932772159576416,-6.225881099700928,0.3602574794653209
0001-0002-0004,False,,"với những họat động đa dạng về tài chính, kinh doanh, chính trị và",10.147706985473633,8.512962341308594,-1.634744644165039,0.5969910535517368
0001-0002-0005,True,Thành phố còn được xem như kinh đô của thời trang cao cấp với nhiều khu phố xa xỉ cùng các trung tâm thương mại lớn,như kinh đô của thời trang,10.157983779907227,4.770169258117676,-5.387814521789551,0.40186607795719476
0001-0002-0006,True,"Là nơi đặt trụ sở chính của các tổ chức quốc tế như OECD, UNESCO... cộng với những họat động đa dạng về tài chính, kinh doanh, chính trị và du lịch","với những họat động đa dạng về tài chính, kinh doanh, chính trị và",10.146556854248047,8.3654146194458,-1.781142234802246,0.589549311296566
0001-0002-0007,True,Paris,"với New York, Luân Đôn và",10.046154022216797,10.560078620910645,0.5139245986938477,0.6996416513093553
0001-0002-0008,True,"New York, Luân Đôn và Tokyo","với New York, Luân Đôn và",10.148834228515625,8.670650482177734,-1.4781837463378906,0.6049002283116595
0001-0003-0001,True,nhiều tệ nạn,": cuối thế kỷ 17, trung tướng cảnh sát đầu tiên của Paris Gabriel Nicolas de La Reynie ra lệnh thắp sáng những khu vực công cộng nhiều tệ nạn của",10.157949447631836,1.2255017757415771,-8.932447671890259,0.24150890978014564
0001-0003-0002,True,The City of Lights,là Thành phố,10.127644538879395,7.130603790283203,-2.9970407485961914,0.5264641796662987
0001-0003-0003,True,"cuối thế kỷ 17, trung tướng cảnh sát đầu tiên của Paris Gabriel Nicolas de La Reynie ra lệnh thắp sáng những khu vực công cộng nhiều tệ nạn của thành phố",đầu từ,10.110830307006836,8.77514934539795,-1.3356809616088867,0.612051899330187
0001-0003-0004,False,,đầu từ,10.116744995117188,8.895853996276855,-1.220890998840332,0.6177780287007731
0001-0003-0005,True,Kinh đô ánh sáng,"gọi ""Kinh đô",10.074838638305664,6.878833770751953,-3.196004867553711,0.5160047874276006
0001-0004-0001,True,thêm hai chữ a và d,". Từ ""parisien"" trong tiếng",10.04153823852539,5.620744705200195,-4.420793533325195,0.45165683013741253
0001-0004-0002,True,"Venezia, Paris",",",10.128387451171875,9.650762557983398,-0.47762489318847656,0.6540088288631646
0001-0004-0003,False,,",",10.05667495727539,9.898475646972656,-0.15819931030273438,0.6690738650438499
0001-0005-0001,True,những chiếc mũ panama,""" từ đầu thế kỷ",10.152263641357422,2.488675594329834,-7.663588047027588,0.29377477129256957
0001-0005-0002,False,,"là ""Paname"" từ đầu thế kỷ 20 khi những chiếc mũ panama phổ biến. Bắt đầu bởi các công nhân đào con kênh",10.157499313354492,1.003140926361084,-9.154358386993408,0.2330491345652493
0001-0005-0003,True,Pantruche,"là ""Pantruche",10.148164749145508,3.1891238689422607,-6.959040880203247,0.32548058736110097
0001-0006-0001,False,,bờ sông,10.138744354248047,9.854236602783203,-0.28450775146484375,0.6631560462255317
0001-0006-0002,True,nhà thờ Saint-Pierre,vị trí nhà thờ Saint-,10.116837501525879,8.77963638305664,-1.3372011184692383,0.6119758566299309
0001-0006-0003,True,Île de la Cité ở phía tây và Île Saint-Louis ở phía đông,: Île de la Cité ở phía tây và Île Saint-Louis ở phía,10.157495498657227,6.744891166687012,-3.412604331970215,0.5046026644357816
0001-0006-0004,True,Seine,bờ sông,10.132789611816406,10.287811279296875,0.15502166748046875,0.6835174022129957
0001-0006-0005,False,,: Île de la Cité ở phía tây và Île Saint-Louis ở phía,10.047929763793945,9.420455932617188,-0.6274738311767578,0.6468313107754871
0001-0006-0006,True,phía nam,. Bên,10.10334587097168,9.282369613647461,-0.8209762573242188,0.6374643636075479
0001-0006-0007,False,,vị trí nhà thờ Saint-,10.1176176071167,8.741107940673828,-1.376509666442871,0.6100076435523313
0001-0007-0001,True,phân định với ngọai ô bằng các đại lộ vành đai dài 35 km,", Paris được phân định với ngọai ô bằng các đại lộ vành đai dài 35",10.162352561950684,-3.921687602996826,-14.08404016494751,0.09711642348231832
0001-0007-0002,False,,", một số hạt và quận xung quanh được sát nhập vào thành phố. Còn ngày nay, Paris được phân định với ngọai ô bằng các đại lộ vành đai dài 35",10.148723602294922,6.584399700164795,-3.564323902130127,0.4966123587587384
0001-0007-0003,True,các đại lộ vành đai,bằng các đại lộ vành đai dài 35,10.161041259765625,4.448834419250488,-5.712206840515137,0.38555542343144317
0001-0007-0004,True,Quận 12 ở phía Đông,thuộc Quận 12 ở phía,10.164298057556152,8.244464874267578,-1.9198331832885742,0.5824612460515327
0001-0007-0005,True,bức tường thành Thiers,bằng các đại lộ vành đai dài 35,10.128854751586914,7.9351277351379395,-2.1937270164489746,0.5683655020162454
0001-0007-0006,False,,thuộc Quận 12 ở phía,10.162948608398438,6.416699409484863,-3.746249198913574,0.4870339073332658
0001-0008-0001,True,cổ sinh vật học và giải phẫu so sánh của Georges Cuvier,như cổ sinh vật học và giải phẫu,10.052652359008789,10.60592269897461,0.5532703399658203,0.7013805897617347
0001-0008-0002,True,sự tạo thành của dãy Alps,. Với sự tạo thành của dãy,10.169105529785156,4.387353420257568,-5.781752109527588,0.3820905014240478
0001-0008-0003,False,,ra phía biển Manche và,10.176276206970215,4.881169319152832,-5.295106887817383,0.4065694168430813
0001-0008-0004,False,,Với sự tạo thành của dãy,10.154622077941895,8.326078414916992,-1.8285436630249023,0.5871307943466928
0001-0008-0005,True,Bồn Paris,. Bồn,10.073507308959961,7.091188907623291,-2.98231840133667,0.5272373129926833
0001-0008-0006,True,"khối núi Vosges, khối núi Massif central, khối núi Armorica",như,10.125207901000977,2.9092040061950684,-7.216003894805908,0.313710135114283
0001-0008-0007,False,,như,10.126611709594727,2.406554698944092,-7.720057010650635,0.29131276041812365
0001-0008-0008,False,,Bồn,10.142675399780273,5.203444957733154,-4.939230442047119,0.4247766308835106
0001-0008-0009,True,"bồn Paris bị đóng lại, chỉ còn mở ra phía biển Manche và Đại Tây Dương",Với sự tạo thành của dãy,10.14594554901123,8.617024421691895,-1.528921127319336,0.6023428597740915
0001-0008-0010,True,báo trước cho sự hình thành lưu vực sông Loire và sông Seine,Paris bị đóng,10.176921844482422,4.376270294189453,-5.800651550292969,0.38115093534993316
0001-0009-0001,True,Montmartre và Bagneux,nhất là tầng Lutetia với các lớp đọng giàu thạch cao và,10.169700622558594,1.2082624435424805,-8.961438179016113,0.24039193156834926
0001-0009-0002,False,,đầu từ Kỷ Đệ,10.170737266540527,-0.8504794836044312,-11.021216750144958,0.17016554206120413
0001-0009-0003,True,Oise,,10.174299240112305,,,
0001-0009-0004,True,Oise,ở tả ngạn sông,10.144514083862305,5.682252407073975,-4.46226167678833,0.4494942055049865
0001-0009-0005,False,,nhất là tầng Lutetia với các lớp đọng giàu thạch cao và đá vôi. Tầng động vật này đã được đặt theo tên tiếng La Tinh của Paris: Lutetia. Lòng đất của,10.173332214355469,0.9447331428527832,-9.228599071502686,0.23026538338857266
0001-0009-0006,True,thế kỷ 14,tới thế kỷ,10.172256469726562,2.3098373413085938,-7.862419128417969,0.28516016660396015
0001-0009-0007,False,,,10.174663543701172,,,
0001-0009-0008,True,thạch cao và đá vôi,giàu thạch cao và,10.06929874420166,11.641134262084961,1.5718355178833008,0.7443032650794477
0001-0009-0009,True,"đá vôi, thạch cao và đá vôi silic","của đá vôi, thạch cao và đá vôi",9.698934555053711,11.823075294494629,2.124140739440918,0.7658111287375732
0001-0010-0001,False,,của đảo Île Saint-,10.164410591125488,6.497100830078125,-3.6673097610473633,0.49118934904868683
0001-0010-0002,True,sông Seine ở phần hạ lưu,của đảo Île Saint-,10.149724960327148,4.549285888671875,-5.600439071655273,0.39114822634642976
0001-0010-0003,True,phố Faubourg-du-Temple ở quảng trường Bastille,của đảo Île Saint-,10.158644676208496,7.463499069213867,-2.695145606994629,0.5422873319523716
0001-0010-0004,True,Saint-Martin,là,10.156700134277344,5.761775970458984,-4.394924163818359,0.4530068864656737
0001-0010-0005,False,,hình một cánh,10.15342903137207,9.835465431213379,-0.3179636001586914,0.6615798651909242
0001-0010-0006,True,cánh cung,hình một cánh,10.154706954956055,9.663965225219727,-0.4907417297363281,0.6533832904501479
0001-0011-0001,False,,có khí hậu ôn đới,10.139344215393066,9.045086860656738,-1.0942573547363281,0.6240571777449371
0001-0011-0002,True,ngày 28 tháng 6 năm 1948,vào ngày 28 tháng 6 năm,10.07215690612793,10.900524139404297,0.8283672332763672,0.7133753025403233
0001-0011-0003,False,,. Ảnh hưởng của,10.159778594970703,4.280839443206787,-5.878939151763916,0.37726848307638366
0001-0011-0004,True,"mùa hè mát, trung bình 18°C; mùa đông không quá lạnh, trung bình 6 °C; các mùa đều mưa nhiều và thời tiết thất thường",có khí hậu ôn đới,10.109315872192383,9.423433303833008,-0.685882568359375,0.6440153761099003
0001-0011-0005,False,,vào ngày 28 tháng 6 năm,10.065195083618164,10.085049629211426,0.01985454559326172,0.6773257284524475
0001-0011-0006,True,đại dương,. Ảnh hưởng của,10.151300430297852,5.6159563064575195,-4.535344123840332,0.4456875410352694
0001-0012-0001,True,Clovis I,", vua Clovis",9.84181022644043,11.325879096984863,1.4840688705444336,0.7407685858604001
0001-0012-0002,True,thế kỷ 17,Tới thế kỷ,10.173896789550781,3.524728775024414,-6.649168014526367,0.33997213917115215
0001-0012-0003,False,,Tới thế kỷ,10.175196647644043,5.35605525970459,-4.819141387939453,0.43096956255130503
0001-0012-0004,True,thế kỷ 1,vào thế kỷ,10.174703598022461,3.2795286178588867,-6.895174980163574,0.3284412888195469
0001-0012-0005,True,Paris,"thời Napoléon Bonaparte. Vào thế kỷ 17, Paris bắt đầu có những phát triển vượt bậc và được quy họach lại dưới thời Napoléon III. Sau Công xã",10.168015480041504,0.36306339502334595,-9.804952085018158,0.20945220811225165
0001-0012-0006,True,người Parisii,"của người Parisii thuộc bộ tộc Gaulois, nơi đây trở thành một thành phố La Mã vào thế kỷ 1. Tới thế kỷ 6, vua Clovis",10.174235343933105,1.3717800378799438,-8.802455306053162,0.24656076627910076
0001-0013-0001,True,40.000 năm,ít nhất 40.000,10.148932456970215,2.483381748199463,-7.665550708770752,0.2936889968682029
0001-0013-0002,False,,là những công cụ,10.141046524047852,4.089729309082031,-6.05131721496582,0.36877577430082065
0001-0013-0003,True,khỏang năm 4.000 đến 3.800 trước Công Nguyên,. Vào đầu thời kỳ Đồ đá,10.154255867004395,2.160693407058716,-7.993562459945679,0.2795621018771391
0001-0013-0004,False,,". Vào đầu thời kỳ Đồ đá mới, khỏang năm 4.000 đến 3.800 trước",10.150551795959473,2.8391571044921875,-7.311394691467285,0.3093999399536179
0001-0013-0005,True,những công cụ đá được tìm thấy ở bờ sông Seine,là những công cụ đá được tìm thấy ở bờ sông,10.145854949951172,2.6058437824249268,-7.540011167526245,0.29920477144778734
0001-0014-0001,True,Hippodamos,có khỏang 5 tới 6 ngàn,10.170251846313477,4.912741661071777,-5.257510185241699,0.4084817575850019
0001-0014-0002,False,,thành,10.020200729370117,7.1819305419921875,-2.8382701873779297,0.5347944407166894
0001-0014-0003,False,,", Thánh Geneviève - một người có ảnh hưởng to lớn của Cơ Đốc giáo khi đó và về sau trở thành thánh bảo trợ của",9.5519437789917,7.832892417907715,-1.7190513610839844,0.5927107587641463
0001-0014-0004,True,Thánh Geneviève,", Thánh Geneviève - một người có ảnh hưởng to lớn của Cơ Đốc",9.515098571777344,7.5402679443359375,-1.9748306274414062,0.5796408619477733
0001-0014-0005,True,Thánh Denis,thì Thánh,9.79248046875,10.692872047424316,0.9003915786743164,0.716467666371798
0001-0014-0006,True,Lutetia,thành,10.105125427246094,5.972280502319336,-4.132844924926758,0.4667197645396349
0001-0015-0001,True,hòa ước Saint-Clair-sur-Epte năm 911,bởi hòa ước Saint-Clair-sur-Epte năm,10.184934616088867,1.294060468673706,-8.890874147415161,0.2431168639838005
0001-0015-0002,False,,. Năm,9.964081764221191,10.603219985961914,0.6391382217407227,0.7051554702091223
0001-0015-0003,False,,bởi hòa ước Saint-Clair-sur-Epte năm,10.184404373168945,0.8440540432929993,-9.340350329875946,0.2261192360283506
0001-0015-0004,False,,rồi Childéric,9.748981475830078,11.176788330078125,1.4278068542480469,0.7384860733927595
0001-0015-0005,True,Năm 845,. Năm,9.873987197875977,11.24601936340332,1.3720321655273438,0.7362105588808489
0001-0015-0006,True,Clovis I,", Clovis",9.839265823364258,10.704792022705078,0.8655261993408203,0.7149732406220762
0001-0015-0007,True,Childéric I,rồi Childéric,9.812870025634766,10.991827011108398,1.1789569854736328,0.7282359417736616
0001-0016-0001,True,Louis VI,thời,9.722330093383789,5.817898750305176,-3.9044313430786133,0.47871302835998536
0001-0016-0002,True,thế kỷ 11,. Từ thế kỷ,10.173967361450195,0.5691587924957275,-9.604808568954468,0.2165191948812761
0001-0016-0003,False,,"chọn Orléans. Hugues Capet, mặc dù cung điện ở Île de la Cité nhưng ít khi sống ở đây. Robert II thì đến",10.171171188354492,4.082085609436035,-6.089085578918457,0.3669256096052901
0001-0016-0004,True,Orléans,"chọn Orléans. Hugues Capet, mặc dù cung điện ở Île de la Cité nhưng ít khi sống ở đây. Robert II thì đến",10.159576416015625,4.661887168884277,-5.497689247131348,0.3963151635299231
0001-0017-0001,True,Paris,",",10.128902435302734,9.617395401000977,-0.5115070343017578,0.6523919146886674
0001-0017-0002,True,thương mại và tài chính,xây dựng nhà thờ,10.176048278808594,3.5735950469970703,-6.602453231811523,0.34218387155038876
0001-0017-0003,True,nhà thờ Đức Bà,xây dựng nhà thờ,10.15456771850586,7.8526434898376465,-2.301924228668213,0.5627652181363145
0001-0017-0004,False,,xây dựng nhà thờ,10.172036170959473,4.065024375915527,-6.107011795043945,0.36604882210405887
0001-0017-0005,True,nạn dịch hạch đen,"V bao gồm cả Quận 3 và Quận 4 ngày nay, và trải từ cầu Pont Royal tới cửa ô Saint-",10.174230575561523,0.05792040377855301,-10.11631017178297,0.19879819130520587
0001-0017-0006,True,giáo dục,xây dựng nhà thờ,10.173721313476562,4.256394863128662,-5.9173264503479,0.3753704778857022
0001-0018-0001,False,,vua Charles,10.04083251953125,9.894664764404297,-0.14616775512695312,0.6696348255177591
0001-0018-0002,True,người Anh,vua Charles,10.059673309326172,9.514080047607422,-0.54559326171875,0.6507617079699777
0001-0018-0003,True,quan thái thú Étienne Marcel,của,10.006755828857422,6.004489898681641,-4.002265930175781,0.47357223275048155
0001-0018-0004,True,dễ dàng thóat khi có binh biến,vua không còn ở trong trung tâm,10.156476974487305,4.230166435241699,-5.9263105392456055,0.37492682248940756
0001-0019-0001,True,Henri de Navarre,vua Henri,10.050130844116211,8.384349822998047,-1.665781021118164,0.5954170013095661
0001-0019-0002,True,Giáo hội Pháp,thời gian Chiến tranh,10.137246131896973,7.927280426025391,-2.209965705871582,0.5675260658875508
0001-0019-0003,True,1594,tận,10.020865440368652,4.001788139343262,-6.019077301025391,0.3703581774843041
0001-0019-0004,True,2 ngàn tới 10 ngàn,tới 10 ngàn,10.172039031982422,4.0936431884765625,-6.078395843505859,0.3674488742301047
0001-0019-0005,True,8,với 8 cuộc xung đột,9.75635814666748,10.876212120056152,1.1198539733886719,0.7257648111991258
0001-0019-0006,False,,với 8 cuộc xung đột,9.825355529785156,10.795446395874023,0.9700908660888672,0.7194409286929616
0001-0019-0007,False,,tới 10 ngàn,10.169633865356445,5.475571632385254,-4.694062232971191,0.4374428396898585
0001-0019-0008,False,,vua Henri,10.127742767333984,8.344352722167969,-1.7833900451660156,0.5894347202018446
0001-0020-0001,True,Palais-Royal,Mặc dù Versailles nằm rất gần,10.12985610961914,7.325632572174072,-2.8042235374450684,0.5365784109370378
0001-0020-0002,True,Jean-Baptiste,",",9.2259521484375,7.330564975738525,-1.8953871726989746,0.583713170543306
0001-0020-0003,True,Louis XIII,là Louis,9.761344909667969,11.076106071472168,1.3147611618041992,0.7338608174276972
0001-0020-0004,False,,Mặc dù,10.12317943572998,7.186611175537109,-2.936568260192871,0.5296389981885795
0001-0021-0001,False,,", vườn Luxembourg đánh dấu ranh giới phía",10.167613983154297,6.939816474914551,-3.227797508239746,0.5143319335912092
0001-0021-0002,True,vườn Luxembourg,", vườn",9.256041526794434,11.73307991027832,2.4770383834838867,0.778879870482392
0001-0021-0003,True,Paris,là,10.138021469116211,3.773979902267456,-6.364041566848755,0.3535771122761132
0001-0021-0004,True,Louis XV vẫn yêu thích thành phố,xây dựng quảng trường Louis,10.170223236083984,3.4240570068359375,-6.746166229248047,0.33540201390608976
0001-0022-0001,True,những người nổi dậy tới Versailles,", họ chiếm lâu",10.17351245880127,1.547476053237915,-8.626036405563354,0.2535297360466883
0001-0022-0002,False,,". Jacques de Flesselles - prévôt des marchands của thành phố, tương đương thị trưởng - bị giết. Ngày 15 tháng 7, nhà thiên văn Jean Sylvain",10.1502685546875,5.1750993728637695,-4.9751691818237305,0.4229277782088103
0001-0022-0003,True,Quốc hội lập hiến,ở cung điện Tuileries. Sau đó một Quốc hội lập hiến được triệu tập ở Tuileries ngày 19 tháng,10.162820816040039,1.4545539617538452,-8.708266854286194,0.2502653267619036
0001-0022-0004,True,Quốc hội,", nhà thiên văn Jean Sylvain",10.137063980102539,6.877452850341797,-3.259611129760742,0.5126576543010233
0001-0023-0001,True,Đa số vẫn ủng hộ chế độ quân chủ,- Louis XVI bị hành quyết bởi tội danh âm mưu chống lại tự do nhân dân và an ninh,10.152490615844727,3.9295802116394043,-6.222910404205322,0.36040172620133243
0001-0023-0002,True,Ngày 21 tháng 9 năm 1792,. Ngày 21 tháng,9.966443061828613,8.216659545898438,-1.7497835159301758,0.5911469283245454
0001-0023-0003,True,Louis XVI bị hành quyết,. Ngày 21 tháng,10.140039443969727,3.8520097732543945,-6.288029670715332,0.3572455763790169
0001-0023-0004,True,mừng một năm ngày phá ngục Bastille,"Mars mừng một năm ngày phá ngục Bastille. Quốc hội với nhiều bè phái dẫn tới mâu thuẫn. Đa số vẫn ủng hộ chế độ quân chủ, đã đi đến thỏa thuận cho vua Louis làm một đấng quân vương",10.159097671508789,2.586099863052368,-7.572997808456421,0.2977497074531029
0001-0023-0005,True,Tình hình chính trị rối lọan,.,9.99544906616211,6.649064064025879,-3.3463850021362305,0.5080896064566538
0001-0023-0006,False,,. Ngày 21 tháng,9.964242935180664,8.339561462402344,-1.6246814727783203,0.597500994155033
0001-0024-0001,True,Paris với Saint-Germain-en-Laye,với,9.858894348144531,6.019062519073486,-3.839831829071045,0.48211000186295294
0001-0024-0002,True,"Balzac, Victor Hugo hay Eugène Sue","của Balzac, Victor",10.036569595336914,9.123252868652344,-0.9133167266845703,0.6329568243439725
0001-0024-0003,True,"Các nhà ga Saint-Lazare, Gare du Nord, các tuyến đường sắt Paris-Orléans, Paris-Rouen được xây dựng",". Các nhà ga Saint-Lazare, Gare du Nord, các tuyến đường sắt Paris-Orléans, Paris-Rouen được",9.090076446533203,9.918285369873047,0.8282089233398438,0.7133684833217647
0001-0024-0004,False,,"của Balzac, Victor",10.02835750579834,9.150634765625,-0.8777227401733398,0.6346971268478008
0001-0024-0005,False,,". Các nhà ga Saint-Lazare, Gare du Nord, các tuyến đường sắt Paris-Orléans, Paris-Rouen được",9.230825424194336,9.422883987426758,0.19205856323242188,0.685202798556134
0001-0025-0001,False,,. Dưới thời Napoléon,10.121097564697266,9.482210159301758,-0.6388874053955078,0.6462818461918366
0001-0025-0002,True,Ngày 1 tháng năm 1860,trở thành 20,10.170760154724121,6.3875732421875,-3.783186912536621,0.4850900538588431
0001-0025-0003,True,Napoléon III cùng Nam tước Haussmann,thời Napoléon,9.96374797821045,9.31180191040039,-0.6519460678100586,0.6456527106833199
0001-0025-0004,True,thời Napoléon III,. Dưới thời Napoléon,10.125736236572266,9.365535736083984,-0.7602005004882812,0.6404180137225236
0001-0026-0001,True,Hai cuộc triển lãm thế giới vào năm 1889 và 1900,... Hai cuộc triển lãm thế giới vào năm 1889 và,10.13813591003418,9.09921646118164,-1.038919448852539,0.6267882174894535
0001-0026-0002,True,Belle Époque,.,10.147266387939453,3.9231834411621094,-6.224082946777344,0.3603447885624952
0001-0026-0003,True,"Grand Palais, Petit Palais và cầu Alexandre-III","cùng Grand Palais, Petit Palais và cầu Alexandre-",10.003067016601562,9.048813819885254,-0.9542531967163086,0.6309510186926576
0001-0026-0004,False,,"cùng Grand Palais, Petit Palais và cầu Alexandre-",10.122678756713867,7.635632038116455,-2.487046718597412,0.5531468370499772
0001-0026-0005,True,Tháp Eiffel,. Tháp,9.664291381835938,11.559268951416016,1.8949775695800781,0.7570421683100487
0001-0026-0006,False,,vào năm 1889 và,10.160163879394531,4.159834861755371,-6.00032901763916,0.3712796673133948
0001-0026-0007,True,175 rạp chiếu phim,. Tháp,10.138607025146484,7.771925926208496,-2.3666810989379883,0.5594056399974299
0001-0026-0008,False,,. Tháp,9.983505249023438,11.16911792755127,1.185612678527832,0.7285133440689766
0001-0027-0001,True,chung cư bình dân được lập nên,", những chung cư",10.13767147064209,9.271979331970215,-0.865692138671875,0.6352845487852097
0001-0027-0002,True,ba tỷ franc,tới ba tỷ,10.177436828613281,3.911642074584961,-6.26579475402832,0.3583218651562139
0001-0027-0003,True,chịu các cuộc ném bom và nã pháo của quân đội Đức,với những khủng hỏang về kinh tế và,10.161596298217773,4.871138095855713,-5.2904582023620605,0.406805718171168
0001-0028-0001,True,Charles de Gaulle,tổng thống Charles de,10.010727882385254,10.868289947509766,0.8575620651245117,0.7146312121786551
0001-0028-0002,False,,", Paris trở thành thành phố sinh đôi của Roma, như một biểu tượng của sự hòa",10.163366317749023,3.625819206237793,-6.5375471115112305,0.34526828621451205
0001-0028-0003,True,một biểu tượng của sự hòa giải,", Paris trở thành thành phố sinh đôi của Roma, như một biểu tượng của sự hòa giải sau Chiến tranh thế giới thứ",10.163095474243164,3.1656689643859863,-6.997426509857178,0.32370776570053855
0001-0028-0004,False,,tổng thống Charles de,9.969863891601562,11.113465309143066,1.143601417541504,0.7267593837978591
0001-0028-0005,True,"Ngày 17 tháng 10 năm 1961, một cuộc biểu tình cho nền độc lập của Algérie bị cảnh sát đàn áp, ước tính 32 tới 325 người chết. Từ ngày 22 tháng 3 năm 1968, một phong trào sinh viên, bắt đầu từ Đại học Nanterre lan dần tới khu phố La Tinh trở thành một vụ bạo lọan",", nhiều sự kiện",10.168852806091309,4.834413051605225,-5.334439754486084,0.4045717947786541
0001-0028-0006,False,,", nhiều sự kiện chính trị đã diễn ra ở",10.174432754516602,2.007263422012329,-8.167169332504272,0.2722557909669122
0001-0029-0001,False,,"đồng thời lên tiếng ủng hộ cho tự do ngôn luận, tự do báo chí và chống chủ nghĩa",10.141594886779785,2.2932722568511963,-7.848322629928589,0.28576589420927845
0001-0029-0002,True,hai kẻ Hồi giáo cực đoan,", một tên khủng bố thứ",10.149859428405762,6.463089466094971,-3.686769962310791,0.49016481160904957
0001-0029-0003,True,"tưởng niệm các nạn nhân của vụ tấn công Charlie Hebdo, vụ nổ súng tại Montrouge, và cuộc khủng hỏang con tin Porte de Vincennes, đồng thời lên tiếng ủng hộ cho tự do ngôn luận, tự do báo chí và chống chủ nghĩa khủng bố","đồng thời lên tiếng ủng hộ cho tự do ngôn luận, tự do báo chí và chống chủ nghĩa",10.140851020812988,2.332139492034912,-7.808711528778076,0.28747211065575046
0001-0029-0004,True,ngày 10 và 11 tháng 1 năm 2015,vào ngày 10 và 11 tháng 1 năm,10.099778175354004,9.43110466003418,-0.6686735153198242,0.6448460851786939
0001-0030-0001,True,"đa dạng, không đặc trưng",cũng,10.158029556274414,5.052555084228516,-5.105474472045898,0.4162427226646254
0001-0030-0002,True,ngành công nghiệp giải trí,"cũng đa dạng, không đặc trưng giống các thành phố kinh tế lớn khác như Los Angeles với ngành công nghiệp giải trí, hay Luân Đôn và New York với lĩnh vực",10.160649299621582,3.9796645641326904,-6.180984735488892,0.3624401701973196
0001-0030-0003,True,"sản xuất hàng tiêu dùng, xây dựng, xe hơi, năng lượng","sản xuất hàng tiêu dùng, xây dựng, xe hơi,",10.157806396484375,3.1692843437194824,-6.988522052764893,0.32411856542805745
0001-0030-0004,True,dịch vụ,lĩnh vực,10.146614074707031,5.73026180267334,-4.416352272033691,0.4518885581959301
0001-0030-0005,False,,cũng,10.158782005310059,3.682466506958008,-6.476315498352051,0.34819007683183456
0001-0030-0006,False,,lĩnh vực,10.149965286254883,8.380928039550781,-1.7690372467041016,0.5901662439513863
0001-0031-0001,True,10% những nhân công hưởng lương cao nhất nhận được gấp bốn lần 10% hưởng lương thấp nhất,: 10% những nhân công hưởng lương cao nhất nhận được gấp bốn lần 10% hưởng lương thấp,10.167643547058105,1.8250006437301636,-8.342642903327942,0.2649935728650594
0001-0031-0002,True,"13,1 euro một giờ",là 19 euro một,10.071513175964355,9.446451187133789,-0.6250619888305664,0.6469473704642491
0001-0031-0003,False,,là 19 euro một,10.13365364074707,8.167015075683594,-1.9666385650634766,0.5800613025103163
0001-0031-0004,True,Nội ô Paris,là Hauts-de-,10.078271865844727,8.940649032592773,-1.1376228332519531,0.6219114656736523
0001-0031-0005,False,,là Hauts-de-,10.115089416503906,7.973394393920898,-2.141695022583008,0.5710525555518213
0001-0031-0006,True,"6%, trong khi ở các tỉnh lên đến 10 %","nữ giới chỉ 6%, trong khi ở các tỉnh lên đến 10",10.167560577392578,5.345397472381592,-4.822163105010986,0.4308134605532327
0001-0031-0007,False,,: 10% những nhân công hưởng lương cao nhất nhận được gấp bốn lần 10% hưởng lương thấp,10.168448448181152,1.5827137231826782,-8.585734724998474,0.2551398750365359
0001-0032-0001,False,,tập trung 150.000,10.149606704711914,5.790124893188477,-4.3594818115234375,0.45485765137540113
0001-0032-0002,True,"1.500 công ty, trong đó có 14 trong 20 công ty hàng đầu của Pháp và 15 trong 50 công ty hàng đầu của thế giới",của 1.500,10.147308349609375,5.551906585693359,-4.595401763916016,0.44256404510189684
0001-0032-0003,True,giá bất động sản quá cao và diện tích các văn phòng rất giới hạn,đây giá bất động sản quá cao và diện tích các văn phòng rất,10.160442352294922,3.2176666259765625,-6.942775726318359,0.32623329919245503
0001-0032-0004,True,"tháp Areva, tháp EDF, tháp Gan","như tháp Areva, tháp EDF, tháp",10.145459175109863,8.344402313232422,-1.8010568618774414,0.5885337467736605
0001-0032-0005,True,"các nhà chọc trời như tháp Areva, tháp EDF, tháp Gan... có tới 3 triệu m² văn phòng và tập trung 150.000 nhân viên",đây giá bất động sản quá cao và diện tích các văn phòng rất,10.165990829467773,5.552996635437012,-4.612994194030762,0.4416499409679703
0001-0033-0001,True,Paris,trong,10.155707359313965,2.982602119445801,-7.173105239868164,0.3156590832654779
0001-0033-0002,True,"chiếm 12,8% nhân công của thành phố, tức 147.000 người",hiện nay đóng một vai trò,10.15008544921875,2.4967117309570312,-7.653373718261719,0.29422140533119434
0001-0033-0003,False,,lại,10.16122055053711,4.698238849639893,-5.462981700897217,0.3980657919057711
0001-0033-0004,False,,Lĩnh vực,10.14939022064209,7.03592586517334,-3.11346435546875,0.5203461077972238
0001-0033-0005,True,"giá các khách sạn 2 sao của Paris lại thấp, đứng thứ 17 trên tổng số 20 đô thị lớn của thế giới",lại,10.161550521850586,4.787594795227051,-5.373955726623535,0.40256805201276474
0001-0034-0001,True,một trong những thành phố đắt nhất và bị cho là kém hiếu khách,là kém,10.110559463500977,1.4303405284881592,-8.680218935012817,0.25137562755826454
0001-0034-0002,True,đứng thứ 52 về chất lượng đón tiếp,nhưng Paris lại là một trong những thành phố đắt nhất và bị cho là kém,10.106961250305176,1.071375846862793,-9.035585403442383,0.2375512034725625
0001-0034-0003,True,Paris,nhưng,10.071849822998047,9.659198760986328,-0.41265106201171875,0.6570995332108424
0001-0035-0001,True,27.400 euro,Với 27.400,10.153583526611328,8.615546226501465,-1.5380373001098633,0.6018827706166318
0001-0035-0002,True,những dân cư nghèo và trung bình dần được thay thế bằng một tầng lớp mới khá giả hơn,thấy những dân cư nghèo và trung bình dần được thay thế bằng một tầng lớp mới khá giả,10.164505004882812,7.262265205383301,-2.9022397994995117,0.5314401996358783
0001-0035-0003,False,,trên 1.961.667,10.175483703613281,4.398514747619629,-5.776968955993652,0.38232843112841086
0001-0035-0004,False,,": 34,5 hộ trên 1.000 người",10.152973175048828,8.885854721069336,-1.2671184539794922,0.615475872776588
0001-0035-0005,True,đứng thứ 12 nước Pháp về tỷ lệ phải đóng thuế tài sản,": 34,5 hộ trên 1.000 người",10.157590866088867,7.53724479675293,-2.6203460693359375,0.5461958731676552
0001-0036-0001,False,,. Sự khác biệt truyền thống đánh dấu bởi những người dân phía tây thường giàu có hơn phía,10.167425155639648,2.4911251068115234,-7.676300048828125,0.2932194768879108
0001-0036-0002,True,Quận 7,"các Quận 10, 18, 19,",10.05074691772461,9.984554290771484,-0.066192626953125,0.6733512834131892
0001-0036-0003,False,,"các Quận 10, 18, 19,",10.052864074707031,10.122554779052734,0.06969070434570312,0.6796159968711002
0001-0036-0004,True,những người dân phía tây thường giàu có hơn phía đông,. Sự khác biệt truyền thống đánh dấu bởi những người dân phía tây thường giàu có hơn phía,10.16748332977295,3.1603317260742188,-7.0071516036987305,0.3232594169075341
0001-0036-0005,True,7%,có 7% sống dưới mức nghèo khổ; 8% trong quận 6; và 9% trong quận,10.161574363708496,3.0502090454101562,-7.11136531829834,0.3184754222159599
0001-0037-0001,True,"32,6% các gia đình Paris có gốc ngòai Liên minh châu Âu ở mức nghèo",còn mang cả tính,10.160873413085938,5.690338134765625,-4.4705352783203125,0.44906295072699887
0001-0037-0002,True,"Các Quận 18, 19 và 20",". Các Quận 18, 19 và",9.817258834838867,11.021122932434082,1.2038640975952148,0.7292731319394219
0001-0037-0003,False,,còn mang cả tính,10.160250663757324,4.269102096557617,-5.891148567199707,0.37666439453960304
0001-0037-0004,False,,". Các Quận 18, 19 và",10.102508544921875,8.818921089172363,-1.2835874557495117,0.6146544492016432
0001-0037-0005,True,"Các Quận 18, 19 và 20",từ Bắc Phi và một số nước gần,10.138042449951172,9.813146591186523,-0.32489585876464844,0.6612528203449993
0001-0038-0001,True,27%,cũng,10.133859634399414,6.587823867797852,-3.5460357666015625,0.49757549184064204
0001-0038-0002,False,,cũng cao hơn trung bình nước,10.13673210144043,6.123504638671875,-4.013227462768555,0.4729965790931863
0001-0038-0003,False,,", tỷ lệ sinh 1,75 con trên một gia đình của Paris thấp hơn mức trung bình 1,87 của cả vùng và 1,86 của cả nước",10.159273147583008,4.764497756958008,-5.394775390625,0.4015136483973475
0001-0038-0004,True,Tỷ lệ số gia đình chỉ có bố hoặc mẹ của Paris cũng cao hơn trung bình nước Pháp,: trên tổng số 100 cặp kết hôn có 55 cặp ly hôn sau,10.160964965820312,4.1202263832092285,-6.040738582611084,0.36929468673215965
0001-0038-0005,True,"bởi giá bất động sản cao, các gia đình thường sống trong một diện tích nhỏ hẹp","bởi giá bất động sản cao, các gia đình thường sống trong một diện tích nhỏ",10.16493034362793,2.651071548461914,-7.513858795166016,0.3003612618041672
0001-0039-0001,False,,lý do các căn hộ không có diện tích rộng và giá bất động sản quá,10.148837089538574,8.308988571166992,-1.839848518371582,0.5865533715198874
0001-0039-0002,True,các căn hộ không có diện tích rộng và giá bất động sản quá cao,lý do các căn hộ không có diện tích rộng và giá bất động sản quá,10.05026626586914,11.590391159057617,1.5401248931884766,0.7430298226706566
0001-0039-0003,True,"Hơn một nửa - 58,1% vào năm 1999 - số căn hộ của Paris chỉ gồm một hoặc hai phòng",lý do các căn hộ không có diện tích rộng và giá bất động sản quá,10.149524688720703,8.576493263244629,-1.5730314254760742,0.6001149669161985
0001-0039-0004,True,"dân số quá đông, tâm lý stress của đô thị, ô nhiễm, giá cả đắt đỏ, kém an ninh",": dân số quá đông, tâm lý stress của đô thị, ô nhiễm, giá cả đắt đỏ, kém",10.169795989990234,5.281506538391113,-4.888289451599121,0.4274008660160363
0001-0039-0005,False,,": dân số quá đông, tâm lý stress của đô thị, ô nhiễm, giá cả đắt đỏ, kém",10.169879913330078,3.5995709896087646,-6.5703089237213135,0.3437097590275201
0001-0039-0006,False,,lý do các căn hộ không có diện tích rộng và giá bất động sản quá,10.10047721862793,11.31155014038086,1.2110729217529297,0.7295728593064646
0001-0040-0001,False,,"có 23,1% dân số của thành phố sinh ngòai lãnh thổ chính quốc",10.148728370666504,6.201873302459717,-3.946855068206787,0.4764832223633365
0001-0040-0002,False,,từ Trung Quốc và châu,10.161863327026367,8.217243194580078,-1.944620132446289,0.5811907754394207
0001-0040-0003,True,Trung Quốc và châu Phi,từ Trung Quốc và châu,10.151322364807129,9.621185302734375,-0.5301370620727539,0.6515013553237424
0001-0040-0004,True,"Theo cuộc điều tra năm 2011, có 23,1% dân số của thành phố sinh ngòai lãnh thổ chính quốc Pháp",", các cuộc điều tra dân số ở Pháp không đặt những câu hỏi thuộc về chủng tộc hay tôn giáo, nhưng có thu thập những thông tin về nơi",10.172661781311035,2.2045979499816895,-7.968063831329346,0.2806452724470878
0001-0040-0005,True,"23,1%","có 23,1% dân số của thành phố sinh ngòai lãnh thổ chính quốc",10.153776168823242,5.86883544921875,-4.284940719604492,0.4587541262652388
0001-0041-0001,True,chạy trốn cuộc khủng hỏang nông nghiệp,"với các nông dân Đức tới, chạy trốn cuộc khủng hỏang",10.14749526977539,4.597611427307129,-5.549883842468262,0.3936875049130834
0001-0041-0002,False,,"với các nông dân Đức tới, chạy trốn cuộc khủng hỏang",10.162442207336426,2.238755702972412,-7.923686504364014,0.2825364921583126
0001-0042-0001,True,Hungary,tại,10.091487884521484,9.800468444824219,-0.2910194396972656,0.6628495487519938
0001-0042-0002,False,,tại,10.088274955749512,9.823314666748047,-0.26496028900146484,0.6640752974958474
0001-0042-0003,False,,mất được đưa vào điện Panthéon và in trên tờ 500 franc của,10.158994674682617,-0.3499407172203064,-10.508935391902924,0.1859513697993124
0001-0042-0004,True,sau khi mất được đưa vào điện Panthéon và in trên tờ 500 franc của Pháp,trên tờ 500 franc của,10.157017707824707,3.3633618354797363,-6.793655872344971,0.3331756452640675
0001-0042-0005,True,Do Thái,tại,10.125844955444336,7.857407569885254,-2.268437385559082,0.5645002752303904
0001-0043-0001,False,,là 33.000,10.152297019958496,5.845670700073242,-4.306626319885254,0.4576200164327185
0001-0043-0002,False,,Paris không,10.145261764526367,8.628368377685547,-1.5168933868408203,0.6029496176575461
0001-0043-0003,True,8.000 người,có khỏang 8.000 người vô gia,10.140068054199219,2.8914763927459717,-7.248591661453247,0.31223400162898285
0001-0043-0004,True,50.000 người vô gia cư trên tổng số 7 triệu dân,", có 50.000 người vô gia cư trên tổng số 7 triệu",10.136106491088867,6.424975872039795,-3.7111306190490723,0.48888239326299876
0001-0043-0005,True,"3,5 triệu dân",có khỏang 8.000 người vô gia,10.152509689331055,3.010981321334839,-7.141528367996216,0.31709782502748574
0001-0044-0001,True,"gặp các vấn đề về sức khỏe, cả thể chất lẫn tâm lý",". Với điều kiện sống kém, nhiều người vô gia cư gặp các vấn đề về sức khỏe, cả thể chất lẫn",10.180426597595215,-1.796639323234558,-11.977065920829773,0.1435861994451546
0001-0044-0002,True,"17% người vô gia cư là nữ giới, và cứ 3 nữ vô gia cư thì một người kèm theo con nhỏ, có thể cùng bố đưa trẻ hoặc không",là,10.174378395080566,0.8667967319488525,-9.307581663131714,0.2273295056939688
0001-0044-0003,True,31 tới 50 tuổi,"từ 18 tới 30 tuổi. Con số đó ở nam giới là 22%, và 57% đàn ông vô gia cư trong khỏang 31 tới 50",10.170543670654297,4.466116905212402,-5.7044267654418945,0.3859437761570459
0001-0044-0004,False,,là,10.173704147338867,3.177042007446289,-6.996662139892578,0.3237430186229898
0001-0045-0001,True,Sainte-Geneviève,"tại đồi Sainte-Geneviève, thuộc khu phố La",10.117560386657715,8.578453063964844,-1.539107322692871,0.6018287552328536
0001-0045-0002,False,,"tại đồi Sainte-Geneviève, thuộc khu phố La",10.135604858398438,8.604385375976562,-1.531219482421875,0.6022268798396533
0001-0045-0003,False,,về thần học và,10.151121139526367,9.004011154174805,-1.1471099853515625,0.6214414035205054
0001-0045-0004,True,thần học và triết học,về thần học và,10.162833213806152,4.594317436218262,-5.568515777587891,0.3927509871183005
0001-0045-0005,True,"khoa luật, y, dược, văn, thần học và khoa học","bởi sáu khoa luật, y, dược, văn, thần học và",10.120270729064941,10.083404541015625,-0.036866188049316406,0.6747086820100318
0001-0045-0006,False,,"bởi sáu khoa luật, y, dược, văn, thần học và",10.129701614379883,9.956310272216797,-0.17339134216308594,0.6683648632169822
0001-0046-0001,True,Cao nguyên nhỏ Saclay,. Cao nguyên nhỏ Saclay ở phía nam,10.100335121154785,6.276197910308838,-3.8241372108459473,0.48293556706734597
0001-0046-0002,True,cuộc nổi lọan của sinh viên năm 1968,thành 13 trường,10.164546012878418,6.351872444152832,-3.812673568725586,0.48353863443396927
0001-0046-0003,True,tìm những khu vực rộng hơn ngòai ngọai thành,"đã rời trung tâm, tìm những khu vực rộng hơn ngòai ngọai",10.172966003417969,1.5738345384597778,-8.599131464958191,0.2546039012446732
0001-0047-0001,False,,còn hai trường kỹ thuật và một trường về,10.169256210327148,3.8840012550354004,-6.285254955291748,0.357379809063866
0001-0047-0002,True,Các trường đại học Paris từ I đến VII,". Các trường đại học Paris từ I đến VII đều ở trong nội ô, mặc dù Paris-Dauphine nằm hơi lệch tâm. Có thể nhận thấy bên tả ngạn nhiều trường",10.164121627807617,0.5622047185897827,-9.601916909217834,0.21662255157509044
0001-0047-0003,True,"Sorbonne và Trường Sư phạm (École normale supérieure), Trường Mỏ (École des Mines) cùng Collège de France","của Sorbonne và Trường Sư phạm (École normale supérieure), Trường Mỏ (École des Mines) cùng Collège de",10.060142517089844,9.273992538452148,-0.7861499786376953,0.6391581772506918
0001-0047-0004,True,Bốn,.,10.16707992553711,1.4368294477462769,-8.730250477790833,0.2493973732813186
0001-0048-0001,True,"600.000 sinh viên, chiếm hơn một phần tư số sinh viên ở Pháp",tổng cộng khỏang 600.000,10.158546447753906,6.385903835296631,-3.7726426124572754,0.4856449060161107
0001-0048-0002,True,CROUS,", CROUS của",9.923124313354492,8.258338928222656,-1.664785385131836,0.5954675270187522
0001-0048-0003,True,Cité internationale universitaire,là,9.42386245727539,7.698235511779785,-1.7256269454956055,0.5923763116285126
0001-0049-0001,True,"Thành phố được bao bọc bởi một hệ thống các đại lộ vành đai và từ các cửa ô của Paris, các đường quốc lộ, xa lộ tỏa đi khắp vùng và tới các tỉnh",", giao thông đường bộ Paris khá khó khăn và dày đặc xe cộ mặc dù các đại lộ rộng rãi nhờ những cải tạo của Haussmann từ thế kỷ 19. Thành phố được bao bọc bởi một hệ thống các đại lộ",10.150346755981445,3.9878273010253906,-6.162519454956055,0.36333953679709186
0001-0049-0002,True,Haussmann,của,9.567039489746094,7.150069236755371,-2.4169702529907227,0.5567928703894398
0001-0049-0003,True,khá khó khăn,Paris khá khó khăn và dày đặc,10.134815216064453,10.373950004577637,0.2391347885131836,0.6873380193700065
0001-0049-0004,False,,", giao thông đường bộ Paris khá khó khăn và dày đặc xe cộ mặc dù các đại lộ rộng rãi nhờ những cải tạo của Haussmann từ thế kỷ 19. Thành phố được bao bọc bởi một hệ thống các đại lộ",10.151420593261719,3.1038012504577637,-7.047619342803955,0.32139725468030794
0001-0049-0005,False,,Paris khá khó khăn và dày đặc,10.148392677307129,8.966976165771484,-1.1814165115356445,0.6197397107504177
0001-0050-0001,False,,có làn đường,10.156227111816406,4.106606960296631,-6.049620151519775,0.3688589997517588
0001-0050-0002,True,"Cùng với các làn đường được phép chạy chung với xe búyt, ở nhiều phố những người đi xe đạp còn có làn đường riêng, tổng cộng dài 371 km",có làn đường,10.151716232299805,9.375249862670898,-0.7764663696289062,0.6396285376036246
0001-0050-0003,True,Vélib',tên Vélib'. Đây là mạng lưới xe đạp dày đặc nhất châu,10.160261154174805,2.2800395488739014,-7.880221605300903,0.2843962966793075
0001-0050-0004,True,khuyến khích giao thông công cộng và xe đạp,", chính quyền thành phố thực hiện chính sách khuyến khích giao thông công cộng và",10.155380249023438,-0.8399296998977661,-10.995309948921204,0.17093760010364564
0001-0050-0005,False,,", chính quyền thành phố thực hiện chính sách khuyến khích giao thông công cộng và",10.15573501586914,0.24581533670425415,-9.909919679164886,0.20581422199351726
0001-0051-0001,True,Charles-de-Gaulle ở phía đông bắc và Orly ở phía nam,", Charles-de-Gaulle ở phía đông bắc và Orly ở phía",10.121234893798828,8.261004447937012,-1.8602304458618164,0.5855117146767904
0001-0051-0002,False,,",",10.156320571899414,9.492033004760742,-0.6642875671386719,0.6450576627784781
0001-0051-0003,True,Orly,và Orly ở phía,9.918100357055664,8.757142066955566,-1.1609582901000977,0.6207548487972072
0001-0051-0004,False,,.,10.152957916259766,4.952558994293213,-5.200398921966553,0.4113919885387525
0001-0051-0005,True,"đường cao tốc, xe búyt và tuyến RER B",.,10.156330108642578,4.584419250488281,-5.571910858154297,0.39258042109565383
0001-0051-0006,True,Charles-de-Gaulle,và Orly ở phía nam. Cho đến năm 2017 Charles-de-,10.086004257202148,7.834789276123047,-2.2512149810791016,0.5653920093760795
0001-0051-0007,True,Paris,",",10.15842056274414,9.369277000427246,-0.7891435623168945,0.6390127163119023
0001-0052-0001,True,"Ngòai các họat động thể thao, nó còn là nơi tổ chức nhiều buổi hòa nhạc lớn",là nơi tổ chức nhiều buổi hòa nhạc,10.159286499023438,6.269166469573975,-3.890120029449463,0.47946543189437485
0001-0052-0002,False,,là nơi tổ chức nhiều buổi hòa nhạc,10.163382530212402,6.535562992095947,-3.627819538116455,0.4932686421605907
0001-0052-0003,False,,. Sân Stade de,10.145332336425781,4.044972896575928,-6.1003594398498535,0.366374091636303
0001-0052-0004,True,Công viên các hòang tử (Parc des Princes),. Sân Stade de,10.136183738708496,3.558884620666504,-6.577299118041992,0.34337765915874724
0001-0052-0005,False,,. Sân Stade de,10.072667121887207,10.853860855102539,0.781193733215332,0.7113390119563443
0001-0052-0006,True,Stade de France,. Sân Stade de,10.057896614074707,11.150129318237305,1.0922327041625977,0.7246051688691436
0001-0053-0001,False,,tới 37 cây,10.10496711730957,10.705404281616211,0.6004371643066406,0.7034575508506573
0001-0053-0002,True,nam tước Haussmann,của,9.64853286743164,7.214155197143555,-2.434377670288086,0.5558877290893011
0001-0053-0003,True,37 cây cầu,tới 37 cây,10.109288215637207,10.708118438720703,0.5988302230834961,0.7033869278229322
0001-0053-0004,True,Haussmann,của,9.326790809631348,7.014578342437744,-2.3122124671936035,0.5622318420331883
0001-0053-0005,False,,của,9.296945571899414,6.9742889404296875,-2.3226566314697266,0.5616902350426852
0001-0054-0001,True,đại lộ Winston-Churchill,bên đại lộ Winston-,10.058669090270996,11.01485824584961,0.9561891555786133,0.7188494239342683
0001-0054-0002,True,"sân giữa của Palais de Chaillot, cạnh quảng trường Trocadéro",là sân,10.151043891906738,2.8045103549957275,-7.346533536911011,0.30782046884121045
0001-0054-0003,True,"các công trình quan trọng, cả cổ và hiện đại",", các công trình quan trọng, cả cổ và",9.904865264892578,11.20296859741211,1.2981033325195312,0.7331748733616206
0001-0054-0004,False,,", các công trình quan trọng, cả cổ và",9.906517028808594,11.100814819335938,1.1942977905273438,0.7288750631568937
0001-0055-0001,False,,Louvre,10.145713806152344,9.156532287597656,-0.9891815185546875,0.6292360122684834
0001-0055-0002,True,khu đô thị hiện đại La Défense,tận khu đô thị hiện đại La Défense với công trình Grande Arche. Kim tự tháp kính,10.102804183959961,6.296426296234131,-3.80637788772583,0.4838698515848011
0001-0055-0003,True,"Kim tự tháp kính Louvre không nằm trên đường thẳng này, mà được xây lệnh sang một bên",Louvre,10.146438598632812,9.446844100952148,-0.6995944976806641,0.6433528574537042
0001-0055-0004,True,Axe historique,là,9.996070861816406,5.9654951095581055,-4.030575752258301,0.4720856671019035
0001-0055-0005,False,,tận khu đô thị hiện đại La Défense với công trình Grande Arche. Kim tự tháp kính,10.125465393066406,6.107398986816406,-4.01806640625,0.4727424808531278
0001-0056-0001,True,những tòa nhà mới có độ cao trên 37 mét phải có giấy phép đặc biệt,"về màu sắc, kiểu",10.16702651977539,2.2324888706207275,-7.934537649154663,0.2820733380065183
0001-0056-0002,False,,theo những quy định của,10.15437126159668,4.85933780670166,-5.2950334548950195,0.40657314923926363
0001-0056-0003,True,"màu sắc, kiểu cửa sổ",về độ cao các tòa,10.154977798461914,5.012811183929443,-5.142166614532471,0.4143657391570396
0001-0056-0004,True,Tour Generali,và,9.380507469177246,7.334433078765869,-2.046074390411377,0.5759796129990892
0001-0057-0001,False,,. Đại lộ Champs-Élysées gần Khải Hòan,10.114704132080078,6.3081865310668945,-3.8065176010131836,0.48386250108344075
0001-0057-0002,True,có nhiều cửa hiệu thời trang cao cấp và khách sạn sang trọng Plaza Athénée,nhiều cửa hiệu thời trang,10.16805362701416,4.874221324920654,-5.293832302093506,0.4066342021080659
0001-0057-0003,True,Đại lộ Saint-Michel,. Đại lộ Saint-,9.013595581054688,11.76633358001709,2.7527379989624023,0.7887206249719914
0001-0058-0001,True,Trocadéro,;,9.971392631530762,6.948184013366699,-3.0232086181640625,0.5250896821519082
0001-0058-0002,False,,là,9.614179611206055,7.533149719238281,-2.0810298919677734,0.5741801532035148
0001-0058-0003,True,Quinconces ở Bordeaux,là,9.448944091796875,7.830257892608643,-1.6186861991882324,0.5978046982038756
0001-0058-0004,False,,;,9.978654861450195,6.614819049835205,-3.3638358116149902,0.5071707535798219
0001-0058-0005,False,,là,10.054641723632812,4.99950647354126,-5.055135250091553,0.4188217679784391
0001-0058-0006,True,Concorde,là,10.02476692199707,5.413150787353516,-4.611616134643555,0.44172153085817456
0001-0058-0007,True,"Bộ Tư pháp, khách sạn Ritz",như Đại sứ quán,10.181273460388184,2.5693113803863525,-7.611962080001831,0.29603622891723297
0001-0059-0001,False,,phong cách kiến trúc,10.147035598754883,8.06737995147705,-2.079655647277832,0.5742509348205052
0001-0059-0002,True,tâm của Paris,. Nhà thờ Đức Bà mang phong cách kiến trúc,10.144083976745605,4.873645305633545,-5.2704386711120605,0.4078238397887149
0001-0059-0003,True,Cầu Pont Neuf,.,9.685403823852539,6.642902374267578,-3.042501449584961,0.5240760592480093
0001-0059-0004,True,đảo Île de la Cité,Trên,10.135055541992188,5.267820835113525,-4.867234706878662,0.4284867086489311
0001-0059-0005,False,,Trên,10.137591361999512,4.666171073913574,-5.4714202880859375,0.3976399126515333
0001-0059-0006,True,kiến trúc Gothic,của kiến trúc,10.101608276367188,9.570962905883789,-0.5306453704833984,0.651477042106888
0001-0060-0001,True,Kiến trúc đương đại,phong cách Tân,10.11873722076416,9.930174827575684,-0.18856239318847656,0.6676560776464099
0001-0060-0002,False,,của,10.043704986572266,4.935020446777344,-5.108684539794922,0.4160784140965803
0001-0060-0003,False,,của,10.159750938415527,0.15304255485534668,-10.00670838356018,0.20250137355475195
0001-0060-0004,True,kiến trúc sư Ieoh Ming Pei,của,9.956099510192871,5.216620445251465,-4.739479064941406,0.43508977806962906
0001-0060-0005,True,"nghệ thuật và văn minh châu Phi, Á, Đại Dương và Mỹ","về nghệ thuật và văn minh châu Phi, Á, Đại Dương và",10.098490715026855,8.647846221923828,-1.4506444931030273,0.606285927335131
0001-0060-0006,False,,phong cách Tân,10.1535005569458,8.987016677856445,-1.1664838790893555,0.6204807725480189
0001-0060-0007,True,"Guimard, Plumet hay Lavirotte với phong cách Tân nghệ thuật, kế đó Mallet-Stevens, Roux-Spitz, Dudok, Henri Sauvage, Le Corbusier, Auguste Perret","nhờ tổng thống François Mitterrand như Grande Arche ở khu La Défense, nhà hát Opéra Bastille - thuộc nhà hát quốc gia cùng Opéra Garnier; Kim tự tháp kính",10.167732238769531,0.4368934631347656,-9.730838775634766,0.21204917655103447
0001-0061-0001,True,Rừng Boulogne và rừng Vincennes,.,9.858438491821289,6.69714879989624,-3.161289691925049,0.5178310072980541
0001-0061-0002,True,tạo ra các không gian xanh,việc tạo ra các không gian,9.832469940185547,11.512913703918457,1.6804437637329102,0.748633285473812
0001-0061-0003,False,,.,9.95738697052002,5.276505947113037,-4.680881023406982,0.4381262949148769
0001-0061-0004,False,,của kỹ sư Jean-Charles Alphand và họa sĩ phong cảnh Jean-Pierre Barillet-,10.1600923538208,6.82680606842041,-3.3332862854003906,0.5087792691849715
0001-0061-0005,True,kỹ sư Jean-Charles Alphand và họa sĩ phong cảnh Jean-Pierre Barillet-Deschamps,của kỹ sư Jean-Charles Alphand và họa sĩ phong cảnh Jean-Pierre Barillet-,10.150246620178223,7.7209930419921875,-2.429253578186035,0.5561542076116103
0001-0062-0001,True,những khu vườn gia đình hoặc giáo dục,là những khu vườn gia đình hoặc,9.499032974243164,11.610640525817871,2.111607551574707,0.7653372733820537
0001-0062-0002,False,,là những khu vườn gia đình hoặc,9.902130126953125,10.799625396728516,0.8974952697753906,0.7163437030847961
0001-0062-0003,True,Bernard Tschumi,của,9.94151782989502,5.319356918334961,-4.622160911560059,0.44117379381800736
0001-0062-0004,True,khu vực lò mổ cũ,", một khu vực lò mổ",10.154608726501465,5.0270586013793945,-5.12755012512207,0.4151131497443533
0001-0063-0001,True,trung tâm của hội họa đầu thế kỷ 20,trở thành một khu phố,10.179081916809082,-0.2522106170654297,-10.431292533874512,0.1884400540447586
0001-0063-0002,False,,. Đồi Montmartre ngòai nhà thờ Sacré-Cœur nổi tiếng còn là trung tâm của hội họa đầu thế kỷ,10.170294761657715,1.4309061765670776,-8.739388585090637,0.24903717612982587
0001-0063-0003,True,Quận La Tinh,. Quận La,10.127323150634766,8.558302879333496,-1.5690202713012695,0.600317732323282
0001-0063-0004,False,,. Chợ Tàu,10.17807388305664,0.5603212118148804,-9.61775267124176,0.21605697086008632
0001-0063-0005,False,,. Quận La,10.127825736999512,8.677419662475586,-1.4504060745239258,0.6062979164706316
0001-0063-0006,True,Paris,. Chợ Tàu,10.121782302856445,9.48403549194336,-0.6377468109130859,0.6463367733299878
0001-0063-0007,True,khu phố sinh viên,"là khu phố sinh viên, nơi có các trường đại học từ nhiều thế kỷ",10.17512035369873,4.183791637420654,-5.991328716278076,0.37172237112927753
0001-0064-0001,True,"bảo tàng Picasso, Không gian Dalí, bảo tàng Rodin, bảo tàng Eugène Delacroix",là viện bảo tàng,10.151976585388184,8.63425064086914,-1.517725944519043,0.6029076281791736
0001-0064-0002,True,Louvre,là viện bảo tàng,10.109015464782715,10.017900466918945,-0.09111499786376953,0.6721954423501638
0001-0064-0003,False,,là viện bảo tàng,10.153694152832031,8.701889038085938,-1.4518051147460938,0.6062275623954925
0001-0064-0004,False,,", Bảo tàng Quai Branly (Musée du quai Branly) về nghệ thuật và văn minh châu Phi, châu Á, châu Đại Dương, châu",10.16392993927002,3.5824921131134033,-6.581437826156616,0.34318110382832523
0001-0064-0005,True,cung điện của các vị vua,cho bảo tàng Lịch sử,10.174126625061035,4.13897705078125,-6.035149574279785,0.36956896586108146
0001-0064-0006,True,viện bảo tàng Louvre,"trong trung tâm Pompidou. Ở ngọai ô, lâu đài",10.171107292175293,-0.07662105560302734,-10.24772834777832,0.19442531237065608
0001-0064-0007,True,"nghệ thuật và văn minh châu Phi, châu Á, châu Đại Dương, châu Mỹ",", Bảo tàng Quai Branly (Musée du quai Branly) về nghệ thuật và văn minh châu Phi, châu Á, châu Đại Dương, châu",10.162740707397461,4.261379241943359,-5.901361465454102,0.37615938244416647
0001-0065-0001,True,triều vua François Đệ nhất,là thư viện,10.141700744628906,1.8920695781707764,-8.24963116645813,0.2688275223703068
0001-0065-0002,True,""" Richelieu "" là thư viện cổ, nhỏ hơn, nằm ở trung tâm, còn "" François-Mitterrand "" là một công trình kiến trúc hiện đại gồm bốn tòa nhà cao tầng ở khu Paris Rive Gauche",": "" Richelieu "" ở Quận 2 và "" François-Mitterrand "" ở Quận",10.131399154663086,6.557979106903076,-3.5734200477600098,0.49613332492256534
0001-0065-0003,True,lưu trữ tư liệu quan trọng bậc nhất thế giới với khỏang 30 triệu cuốn sách gồm nhiều phiên bản gốc giá trị,là nơi lưu trữ tư liệu quan trọng bậc nhất,10.147287368774414,3.512420177459717,-6.634867191314697,0.3406484827952516
0001-0066-0001,True,55 thư viện phổ thông và khỏang 10 thư viện chuyên đề,10 thư viện,10.155908584594727,7.904621124267578,-2.2512874603271484,0.5653882574596908
0001-0066-0002,False,,quản lý 55 thư viện phổ thông và khỏang 10 thư viện,10.151223182678223,7.0800981521606445,-3.071125030517578,0.5225718465799564
0001-0066-0003,False,,"như thư viện Lịch sử Paris, khánh thành năm 1871, nơi lưu trữ một triệu cuốn sách, ảnh,",10.165374755859375,3.1374940872192383,-7.027880668640137,0.32230484415593474
0001-0066-0004,True,"một triệu cuốn sách, ảnh, bản đồ liên quan tới lịch sử thành phố","cuốn sách, ảnh,",10.164612770080566,5.476347923278809,-4.688264846801758,0.4377434092478788
0001-0066-0005,True,"Những sách, tạp chí, truyện tranh... được mượn tự do, còn các đĩa nhạc, video thì cần trả một số tiền trung bình hàng năm",đều,10.161698341369629,1.2250195741653442,-8.936678767204285,0.24134566923549614
0001-0067-0001,True,tháng 1 năm 2015,vào tháng 1 năm,9.988471031188965,11.16845989227295,1.1799888610839844,0.7282789609007431
0001-0067-0002,False,,". Philharmonie de Paris, phòng hòa nhạc giao hưởng hiện đại của",10.169197082519531,0.6510461568832397,-9.518150925636292,0.21963209045024837
0001-0067-0003,True,"Bobino, Olympia, La Cigale hoặc Le Splendid",ở những phòng hòa,10.168167114257812,4.097623825073242,-6.07054328918457,0.36783345743106594
0001-0067-0004,False,,vào tháng 1 năm,10.163786888122559,7.894186973571777,-2.2695999145507812,0.5644400672084756
0001-0067-0005,True,"một trong những phòng hòa nhạc luôn dành cho jazz, nhưng cũng có các thể lọai nhạc khác",cho,10.17188835144043,7.160358428955078,-3.0115299224853516,0.5257031673248892
0001-0068-0001,True,quán Moulin de la galette và cà phê hòa nhạc Élysée Montmartre cùng Château-Rouge,xuất hiện,10.059564590454102,4.774847030639648,-5.284717559814453,0.40709758522398504
0001-0068-0002,True,một chiếc thuyền được cải tạo thành hộp đêm,". Các sàn với nhạc điện tử như Le Rex, Batofar - một chiếc thuyền được cải tạo thành",10.162898063659668,4.844146251678467,-5.318751811981201,0.40536817277851966
0001-0068-0003,False,,cũng rất,10.16864013671875,6.834438323974609,-3.3342018127441406,0.5087310666572006
0001-0068-0004,False,,xuất hiện,10.149991989135742,1.8105156421661377,-8.339476346969604,0.265123522013529
0001-0068-0005,True,"hộp đêm Queen, vũ trường L'Étoile, Le Cab","như hộp đêm Queen, vũ trường L'Étoile, Le",10.159584045410156,6.504187107086182,-3.6553969383239746,0.49181657042991833
0001-0069-0001,True,Le Grand Rex,là Le Grand,9.840960502624512,9.851372718811035,0.010412216186523438,0.6768908320686681
0001-0069-0002,True,nhỏ hơn 1.000 chỗ,có hơn 374 phòng,10.17227554321289,1.25005304813385,-8.92222249507904,0.24190371951503642
0001-0069-0003,True,chiếm một thị phần lớn tại các rạp,thị phần lớn tại các rạp của,10.161317825317383,7.035735607147217,-3.125582218170166,0.5197089304927337
0001-0069-0004,False,,thị phần lớn tại các rạp của,10.169600486755371,4.139519691467285,-6.030080795288086,0.3698177877310428
0001-0069-0005,True,"UGC, Gaumont",như,8.970373153686523,7.799140453338623,-1.1712327003479004,0.6202451635279509
0001-0070-0001,True,quy họach lại thành phố cùng sự xuất hiện các đại lộ lớn với vỉa hè,. Những quán cà phê,10.162551879882812,7.24101448059082,-2.921537399291992,0.530427759614846
0001-0070-0002,True,"Montmartre, Champs-Élysées",trong quận La,10.12684154510498,10.33584976196289,0.20900821685791016,0.6859724869148063
0001-0070-0003,True,quán Café Procope,ở bên tả ngạn sông,10.170598983764648,7.208770751953125,-2.9618282318115234,0.528313121107305
0001-0070-0004,False,,trong quận La,10.169686317443848,8.041675567626953,-2.1280107498168945,0.5717585549065648
0001-0070-0005,False,,", việc quy họach lại thành phố cùng sự xuất hiện các đại lộ lớn với vỉa hè tạo điều kiện thuận lợi cho những "" terrasses de",10.175771713256836,-1.3055663108825684,-11.481338024139404,0.15691205600995078
0001-0071-0001,True,Antoine Beauvilliers,"bởi Antoine Beauvilliers; nó gồm một phòng ăn thanh lịch, một thực đơn phong phú, khăn trải bàn bằng vải lanh, một danh sách dài những lọai rượu vang hảo hạng và những người phục vụ được đào tạo",10.13336181640625,3.957657814025879,-6.175704002380371,0.3626972746371861
0001-0071-0002,False,,"gồm một phòng ăn thanh lịch, một thực đơn phong phú, khăn trải bàn bằng vải lanh, một danh sách dài những lọai rượu vang hảo hạng và những người phục vụ được đào tạo",10.155302047729492,1.6607989072799683,-8.494503140449524,0.2588095292629775
0001-0071-0003,True,La Taverne Anglaise,;,10.110366821289062,5.061782360076904,-5.048584461212158,0.41915771627300064
0001-0071-0004,True,"món ăn ngon, thức ăn được chuẩn bị rất tỉ mỉ và trình bày rất khéo léo",với các nhà hàng và món ăn,10.127729415893555,6.977993488311768,-3.149735927581787,0.518438699185815
0001-0072-0001,False,,"như Ý, Ấn Độ, Trung Quốc, Việt Nam,",10.10645866394043,10.075349807739258,-0.031108856201171875,0.6749748216893574
0001-0072-0002,True,"Ý, Ấn Độ, Trung Quốc, Việt Nam, Thái Lan","như Ý, Ấn Độ, Trung Quốc, Việt Nam,",10.129262924194336,9.796231269836426,-0.33303165435791016,0.6608687994475418
0001-0072-0003,True,Nhờ giao thông đường sắt vào giữa thế kỷ 19 và cách mạng công nghiệp,", những người",9.980841636657715,11.63718032836914,1.6563386917114258,0.7476764775910882
0001-0072-0004,False,,", những người",10.08395767211914,11.094088554382324,1.0101308822631836,0.7211403445461982
0001-0072-0005,True,nhà hàng được trang trí theo phong cách Tân nghệ thuật,"về ẩm thực, Paris còn có các nhà hàng đặc biệt khác như Maxim's - nhà hàng được trang trí theo phong cách Tân",10.139843940734863,7.442514896392822,-2.697329044342041,0.5421731589998938
0001-0073-0001,False,,trên quảng trường Concorde năm,9.580224990844727,7.930931091308594,-1.6492938995361328,0.5962534147932356
0001-0073-0002,False,,Vào cuối thế kỷ,10.148852348327637,6.146749496459961,-4.002102851867676,0.4735807974725826
0001-0073-0003,False,,bởi những cuộc Triển lãm thế giới được tổ chức ở,10.167999267578125,0.9206293821334839,-9.247369885444641,0.22956524982913867
0001-0073-0004,True,Concorde,trên quảng trường Concorde năm,9.35220718383789,7.68595027923584,-1.6662569046020508,0.5953928508548557
0001-0073-0005,True,những cuộc Triển lãm thế giới được tổ chức ở đây đã kéo theo một số lượng lớn du khách từ khắp nơi tới thành phố,tới khách sạn Ritz trên quảng trường Vendôme mở cửa năm 1898 và khách sạn Crillon trên quảng trường Concorde năm,10.165836334228516,1.2607004642486572,-8.905135869979858,0.24256444043679606
0001-0073-0006,True,năm 1898,mở cửa năm,10.081621170043945,10.433829307556152,0.35220813751220703,0.6924341809934991
0001-0074-0001,True,chặng đích của cuộc đua xe đạp Tour de France,tổ chức duyệt binh,10.13871955871582,7.647763252258301,-2.4909563064575195,0.552943251523776
0001-0074-0002,True,thay đổi một phần bờ sông Seine thành bãi biển nhân tạo với cát và các ghế vải gập,", thay đổi một phần bờ sông Seine thành bãi biển",10.158439636230469,4.209029197692871,-5.949410438537598,0.37378706089639846
0001-0074-0003,True,Tháng mười,. Tháng,10.10207748413086,9.886335372924805,-0.2157421112060547,0.666384353021338
0001-0074-0004,True,bảy,14 tháng,10.127004623413086,8.260866165161133,-1.8661384582519531,0.5852096311241365
0001-0075-0001,False,,nhật báo,10.157501220703125,3.0150275230407715,-7.1424736976623535,0.3170547018363137
0001-0075-0002,True,Zurban và Le Pariscope,là,10.016721725463867,4.769935131072998,-5.246786594390869,0.4090277194690565
0001-0075-0003,True,Paris,tại,9.820857048034668,9.988975524902344,0.16811847686767578,0.6841139379507839
0001-0075-0004,True,không có nguồn gốc ở Paris,nhật báo,10.157376289367676,3.542708396911621,-6.614667892456055,0.3416048955562171
0001-0075-0005,False,,là,10.015859603881836,5.009318828582764,-5.006540775299072,0.4213156414221066
0001-0075-0006,False,,tại,10.157073020935059,9.104024887084961,-1.0530481338500977,0.62609169814902
0001-0076-0001,True,thế kỷ 20,Sang thế kỷ,10.1491117477417,8.909603118896484,-1.2395086288452148,0.6168514884891301
0001-0076-0002,True,"Rousseau, Voltaire","như Marie Curie, Chu Ân Lai,",10.170536041259766,4.850369453430176,-5.32016658782959,0.40529633302243406
0001-0076-0003,True,thủ đô của hội họa,"trở thành thủ đô của hội họa, với các trường phái Ấn tượng, Hậu",10.16511344909668,5.618863105773926,-4.546250343322754,0.44512000080572717
0001-0077-0001,True,"Ngày 28 tháng 12 năm 1895, buổi chiếu phim đầu tiên của anh em Auguste và Louis Lumière tổ chức tại Salon Indien nằm dưới tầng hầm quán cà phê Grand Café",", buổi chiếu phim đầu tiên của anh em Auguste và Louis Lumière tổ chức tại Salon Indien nằm dưới tầng hầm quán cà phê Grand Café ở",9.747309684753418,10.29849624633789,0.5511865615844727,0.7012886394179909
0001-0077-0002,True,"Vincent van Gogh, Paul Cézanne, Auguste Rodin, Alfred Sisley, Paul Gauguin, Auguste Renoir, Camille Pissarro",": Vincent van Gogh, Paul Cézanne, Auguste Rodin, Alfred Sisley, Paul Gauguin, Auguste Renoir, Camille Pissarro",10.174978256225586,2.2486865520477295,-7.9262917041778564,0.28242525363138227
0001-0077-0003,False,,", bức tranh Ấn tượng mặt trời",10.006023406982422,10.93052864074707,0.9245052337646484,0.7174984693473025
0001-0077-0004,False,,", buổi chiếu phim đầu tiên của anh em Auguste và Louis Lumière tổ chức tại Salon Indien nằm dưới tầng hầm quán cà phê Grand Café ở",9.823444366455078,9.978399276733398,0.1549549102783203,0.6835143599950483
0001-0077-0005,True,bức tranh Ấn tượng mặt trời mọc,", bức tranh Ấn tượng mặt trời",9.873781204223633,11.212174415588379,1.338393211364746,0.7348320189159215
0001-0077-0006,False,,": Vincent van Gogh, Paul Cézanne, Auguste Rodin, Alfred Sisley, Paul Gauguin, Auguste Renoir, Camille Pissarro",10.175454139709473,2.7393341064453125,-7.43612003326416,0.3038139673586194
0001-0078-0001,False,,", Georges Braque và Pablo",9.87861442565918,9.066659927368164,-0.8119544982910156,0.6379034762323013
0001-0078-0002,True,đầu thế kỷ 20,. Từ 1913 tới,10.072710037231445,9.49502182006836,-0.5776882171630859,0.6492235053295522
0001-0078-0003,True,Georges Braque và Pablo Picasso,", Georges Braque và Pablo",9.931842803955078,11.308612823486328,1.37677001953125,0.7364043484402778
0001-0078-0004,True,Marcel Proust,của,9.83229923248291,7.291929244995117,-2.540369987487793,0.5503686051785057
0001-0078-0005,False,,. Năm,10.097784996032715,7.847559928894043,-2.250225067138672,0.5654432519050413
0001-0079-0001,True,nước Pháp,", nước",10.061727523803711,10.431232452392578,0.3695049285888672,0.6932096579075234
0001-0079-0002,True,Pháp,tới,10.145606994628906,4.750393867492676,-5.3952131271362305,0.40149148914736954
0001-0079-0003,False,,. Những thợ may Pháp được xem như hàng đầu và cách ăn mặc của người,10.15231704711914,8.612417221069336,-1.5398998260498047,0.6017887475880589
0001-0079-0004,True,Những du khách tới Paris và mang về các bộ quần áo rồi lại được những nhà may địa phương bắt chước,. Những thợ may,10.153715133666992,8.674261093139648,-1.4794540405273438,0.6048362697492713
0001-0079-0005,False,,", nước",10.046382904052734,10.447311401367188,0.4009284973144531,0.6946156949456571
0001-0079-0006,False,,tới,10.132170677185059,8.958589553833008,-1.1735811233520508,0.6201286274173827
0001-0080-0001,False,,Paris trở thành chuẩn mực cho tất cả phụ nữ ở các thành phố lớn trên,10.154451370239258,2.283278465270996,-7.871172904968262,0.28478440484901096
0001-0080-0002,True,"Yves Saint Laurent, Pierre Cardin, Givenchy","như Yves Saint Laurent, Pierre Cardin,",10.15474796295166,3.676668643951416,-6.478079319000244,0.3481057513282363
0001-0080-0003,True,chuẩn mực cho tất cả phụ nữ ở các thành phố lớn trên thế giới,trở thành chuẩn mực cho tất cả phụ nữ ở các thành phố lớn trên,10.15178108215332,3.4212565422058105,-6.73052453994751,0.33613692572004944
0001-0080-0004,False,,người,10.113840103149414,9.812578201293945,-0.30126190185546875,0.6623671710695892
0001-0080-0005,True,Anh,người,10.11746597290039,9.806615829467773,-0.3108501434326172,0.6619152980515994
0001-0081-0001,True,"Galeries Lafayette, Printemps, Le Bon Marché, La Samaritaine và BHV","như Galeries Lafayette, Printemps... cùng các trung tâm thương mại Les Halles, La Défense",10.172380447387695,4.013280391693115,-6.15910005569458,0.3635061865809963
0001-0081-0002,True,một ý tưởng cách mạng,", các cửa hàng hiện đại xuất hiện ở Paris như một ý tưởng",10.156828880310059,6.378277778625488,-3.7785511016845703,0.48533399065398314
0001-0081-0003,True,Le Bon Marché,bởi Le Bon Marché vào năm,10.076181411743164,3.7404463291168213,-6.335735082626343,0.3549412447467691
0001-0081-0004,False,,Nhà văn,10.12649154663086,5.338344097137451,-4.788147449493408,0.4325714971264266
0001-0082-0001,True,"Gồm hơn 100 tác phẩm, gồm cả tiểu thuyết, truyện ngắn, tiểu luận",... Tấn trò đời với vô số các nhân vật ở,10.171896934509277,1.412264347076416,-8.759632587432861,0.2482404566423333
0001-0082-0002,False,,", François Villon đã viết về Paris trong tác phẩm chính của mình: Le Testament. Trong thế kỷ 17 và thế kỷ 18, miêu tả một Paris",10.087835311889648,5.333646774291992,-4.754188537597656,0.4343282965129552
0001-0082-0003,False,,", Paris đã là nguồn cảm hứng cho các nhà văn. Vào thế kỷ 15, François Villon đã viết về",10.173074722290039,-0.9110059142112732,-11.084080636501312,0.168303640295657
0001-0082-0004,True,nền Quân chủ tháng bảy,Pháp thế kỷ,10.07669734954834,9.928731918334961,-0.1479654312133789,0.6695510410926352
0001-0082-0005,True,Honoré de Balzac,",",9.998994827270508,4.692665100097656,-5.306329727172852,0.4059991174376894
0001-0083-0001,True,"miêu tả cuộc sống nhiều mặt của thành phố, khiến Paris trở thành cổ điển",đến tầng lớp bình dân của,10.15710163116455,4.6613383293151855,-5.495763301849365,0.3964122379558145
0001-0083-0002,False,,", Nhà thờ Đức Bà Paris (Notre-Dame de",10.13001537322998,6.608180999755859,-3.521834373474121,0.49885006936721804
0001-0083-0003,True,tầng lớn dưới đáy xã hội,đến tầng lớp,9.959024429321289,11.062135696411133,1.1031112670898438,0.7250622536147646
0001-0083-0004,True,các tầng lớp cao,đến tầng lớp,9.912128448486328,10.770657539367676,0.8585290908813477,0.7146727553041983
0001-0083-0005,False,,đến tầng lớp,10.05550765991211,10.595704078674316,0.540196418762207,0.7008034114858256
0001-0084-0001,True,Andrew Lloyd Webber,của,10.019105911254883,3.9723024368286133,-6.0468034744262695,0.36899714924274546
0001-0084-0002,True,"một thành phố hoang đường, đôi khi khôi hài và nực cười","thành một thành phố hoang đường, đôi khi khôi hài và",10.172606468200684,5.387210845947266,-4.785395622253418,0.43271379514159136
0001-0084-0003,True,"Le Ventre de Paris, Nana, Au Bonheur des Dames","tác phẩm Le Ventre de Paris, Nana, Au Bonheur des Dames. Đầu thế kỷ 20, nhà hát Opéra Garnier của Paris trở thành bối cảnh chính của tiểu thuyết Bóng ma trong",10.16876220703125,2.402332305908203,-7.766429901123047,0.28930004665885317
0001-0085-0001,True,thế kỷ 19,đến thế kỷ,10.017708778381348,11.10952377319336,1.0918149948120117,0.7245876085801565
0001-0086-0001,True,Tân nghệ thuật,. Nghệ thuật,10.145547866821289,7.274706840515137,-2.8708410263061523,0.5330869656000378
0001-0086-0002,True,Palais-Royal với các cây cột của nhà điêu khắc Daniel Buren hay ở Trung tâm Pompidou với đài phun nước Stravinski của Jean Tinguely và Niki de Saint Phalle,ở Palais-,9.762601852416992,9.686870574951172,-0.07573127746582031,0.6729091509394618
0001-0086-0003,False,,tới,10.003498077392578,4.840936660766602,-5.162561416625977,0.4133235152030006
0001-0086-0004,False,,Về,10.163860321044922,8.788118362426758,-1.375741958618164,0.61004611790108
0001-0086-0005,True,Jean-Baptiste Carpeaux,tới,9.949516296386719,4.781409740447998,-5.168106555938721,0.41304027890969963
0001-0087-0001,False,,từ thời,10.177103042602539,3.876763105392456,-6.300339937210083,0.35665031177293544
0001-0087-0002,True,thời Phục Hưng,từ thời,10.156217575073242,9.090344429016113,-1.065873146057129,0.6254589946756994
0001-0087-0003,True,công nghệ in ấn,", công nghệ in ấn",10.120156288146973,10.747702598571777,0.6275463104248047,0.7046474955052804
0001-0087-0004,True,biểu tượng cho những người cách mạng vào năm 1792,trở thành ca khúc biểu tượng cho những người,10.155879020690918,8.280648231506348,-1.8752307891845703,0.5847446045362379
0001-0088-0001,True,""" la divine "" Sarah Bernhardt",",",9.923933029174805,5.753843784332275,-4.170089244842529,0.4647674590302949
0001-0088-0002,False,,cho khiêu vũ của,10.153779983520508,8.851171493530273,-1.3026084899902344,0.6137049247283697
0001-0088-0003,False,,",",9.434938430786133,6.839291095733643,-2.5956473350524902,0.5474852440643012
0001-0088-0004,False,,",",9.945549011230469,5.5276312828063965,-4.417917728424072,0.45180687627209365
0001-0088-0005,True,Âm nhạc cho khiêu vũ,cho,10.169312477111816,7.3293256759643555,-2.839986801147461,0.5347044699342407
0001-0088-0006,True,"Paul Dukas, Camille Saint-Saëns hay Georges Bizet",",",9.272886276245117,7.183187961578369,-2.089698314666748,0.5737336089174826
0001-0089-0001,True,gợi lại những hiện thực về thời gian thành phố bị Đức Quốc xã chiếm đóng năm 1943,") gợi lại những hiện thực về thời gian thành phố bị Đức Quốc xã chiếm đóng năm 1943, và Paris brûle t-il? (1966) về giải phóng Paris vào tháng 8 năm",10.172061920166016,3.2996671199798584,-6.872394800186157,0.3295006582139542
0001-0089-0002,False,,": "" Atmosphère, atmosphère, est-ce que j'ai une gueule d'atmosphère?",10.17607593536377,2.741424798965454,-7.434651136398315,0.30387942229039944
0001-0089-0003,True,Montmartre,tới,10.050189971923828,6.642697334289551,-3.4074926376342773,0.5048718535872024
0001-0089-0004,True,""" Atmosphère, atmosphère, est-ce que j'ai une gueule d'atmosphère? """,": "" Atmosphère, atmosphère, est-ce que j'ai une gueule d'atmosphère?",10.15710735321045,5.762825965881348,-4.394281387329102,0.4530404402164663
0001-0089-0005,False,,": "" Atmosphère, atmosphère, est-ce que j'ai une gueule d'atmosphère?",10.168022155761719,1.8680258989334106,-8.299996256828308,0.26674712228789155
0001-0090-0001,True,"một họa sĩ trẻ ở Paris, đã thành công rực rỡ, đạt giải Oscar cho phim hay nhất",", nói về một họa sĩ trẻ ở",10.14877700805664,3.495267629623413,-6.6535093784332275,0.33976694743531366
0001-0091-0001,True,các phim khoa học viễn tưởng,chọn,10.160924911499023,6.678835868835449,-3.482089042663574,0.5009433002694577
0001-0091-0002,True,thời Belle Époque,những năm,10.16713809967041,4.089710235595703,-6.077427864074707,0.36749627245598476
0001-0091-0003,True,Mỹ,hình,10.133964538574219,9.306446075439453,-0.8275184631347656,0.6371457937357282
0001-0091-0004,True,Nicole Kidman,do Ewan,9.764486312866211,11.51768684387207,1.7532005310058594,0.75150658960008
0001-0091-0005,False,,chọn,10.155885696411133,7.739018440246582,-2.416867256164551,0.5567982248457133
0002-0001-0001,True,ngày 4 tháng 9 năm 1774,vào ngày 4 tháng,9.353235244750977,7.317129611968994,-2.0361056327819824,0.576492423726506
0002-0001-0002,True,do mối quan tâm đến gỗ đàn hương từ Nouvelle-Calédonie,do mối quan tâm đến gỗ đàn,10.110512733459473,7.526970863342285,-2.5835418701171875,0.5481169653055968
0002-0001-0003,True,năm 1796,vào năm 1796. Từ sau đó cho đến năm,9.914152145385742,6.982706069946289,-2.931446075439453,0.529907807454706
0002-0001-0004,True,James Cook,hiểm người,10.109478950500488,7.332681179046631,-2.7767977714538574,0.5380147828631087
0002-0001-0005,False,,vào,9.4456787109375,7.081147193908691,-2.3645315170288086,0.5595172491338862
0002-0001-0006,True,James Cook,Anh James Cook là người châu,10.140508651733398,5.307384490966797,-4.833124160766602,0.4302473276873866
0002-0001-0007,True,phần đông bắc của đảo khiến ông nhớ đến Scotland,do phần đông bắc của đảo khiến ông nhớ đến,10.12623405456543,5.564481735229492,-4.5617523193359375,0.4443135522066248
0002-0002-0001,True,40,có,9.997047424316406,9.978669166564941,-0.018378257751464844,0.675562907976725
0002-0002-0002,True,Nouvelle-Calédonie,đối với Nouvelle-Calédonie và Port-de-France (Nouméa,9.292102813720703,8.755167007446289,-0.5369358062744141,0.6511760950995672
0002-0002-0003,True,năm 1879 và 1880,vào năm 1879 và,10.108928680419922,10.188948631286621,0.08001995086669922,0.6800896112120351
0002-0002-0004,True,Đô đốc Febvrier Despointes,",",9.102693557739258,7.761740684509277,-1.3409528732299805,0.6117881595308601
0002-0002-0005,True,Từ năm 1873 đến năm 1876,. Từ năm 1873 đến năm,9.84438705444336,11.72652530670166,1.8821382522583008,0.7565443322471849
0002-0002-0006,False,,", 4.200 tù nhân",10.088212966918945,9.957160949707031,-0.13105201721191406,0.6703388996867651
0002-0002-0007,True,khỏan 22.000 tù nhân,", 4.200 tù nhân",9.914705276489258,10.851643562316895,0.9369382858276367,0.7180290649159381
0002-0003-0001,False,,còn 27.,10.085768699645996,10.82767391204834,0.7419052124023438,0.7096365402215665
0002-0003-0002,False,,khiến 200 người Pháp và 1.000,9.741442680358887,9.777981758117676,0.03653907775878906,0.6780934373327638
0002-0003-0003,True,tù trưởng cấp cao Atal của La Foa,khi tù trưởng cấp cao Atal của La Foa thống nhất nhiều bộ lạc tại miền trung và phát động chiến tranh,9.62816047668457,7.666996955871582,-1.9611635208129883,0.5803422330408935
0002-0003-0004,True,200 người,khiến 200 người Pháp và 1.000,9.703401565551758,9.73414421081543,0.030742645263671875,0.6778268336019339
0002-0003-0005,False,,cuối cùng bị hạn chế trong các khu vực,10.146018981933594,5.87929105758667,-4.266727924346924,0.45970694667998124
0002-0003-0006,True,đậu mùa và sởi,như đậu mùa và,9.454368591308594,11.464615821838379,2.010247230529785,0.7614806464541323
0002-0003-0007,True,27.100,còn 27.,9.882548332214355,11.772165298461914,1.8896169662475586,0.7568343985450008
0002-0003-0008,True,Người châu Âu mang đến các bệnh mới như đậu mùa và sởi,khi tù trưởng cấp cao Atal của La Foa thống nhất nhiều bộ lạc tại miền trung và phát động chiến tranh,10.162909507751465,2.1416025161743164,-8.021306991577148,0.27838643715847117
0002-0003-0009,True,bị hạn chế trong các khu vực riêng,cuối cùng bị hạn chế trong các khu vực,10.136490821838379,8.278729438781738,-1.8577613830566406,0.5856379416958063
0002-0004-0001,True,trận chiến biển Coral,trong,9.070056915283203,7.819323539733887,-1.2507333755493164,0.6162924576189446
0002-0004-0002,True,đến 50.000,đến,10.158361434936523,7.21837043762207,-2.939990997314453,0.5294593653488445
0002-0004-0003,True,đại bản quan của lực lượng hải quân và lục quân của Hoa Kỳ tại Nam Thái Bình Dương,trở thành một căn cứ quan trọng của,10.161518096923828,1.7702268362045288,-8.3912912607193,0.26300226775462143
0002-0004-0004,False,,", Hội đồng tòan thể Nouvelle-Calédonie nhất trí ủng hộ chính phủ Pháp quốc",10.153066635131836,4.0118021965026855,-6.14126443862915,0.36437596389007837
0002-0004-0005,True,Hội đồng tòan thể Nouvelle-Calédonie nhất trí ủng hộ chính phủ Pháp quốc Tự do,", Hội đồng tòan thể Nouvelle-Calédonie nhất trí ủng hộ chính phủ Pháp quốc",10.144743919372559,4.315066814422607,-5.829677104949951,0.37970969280679057
0002-0004-0006,True,Đông Dương,đến,10.015787124633789,9.643299102783203,-0.37248802185058594,0.6590034063566108
0002-0004-0007,True,50.000,đến,10.102167129516602,9.84044361114502,-0.26172351837158203,0.6642273922568472
0002-0005-0001,True,bất mãn và hỗn lọan nghiêm trọng,nên bất mãn và hỗn lọan,10.017753601074219,11.177579879760742,1.1598262786865234,0.7274376054650314
0002-0005-0002,False,,thông qua năm,9.858628273010254,10.946109771728516,1.0874814987182617,0.7244053896568621
0002-0005-0003,True,cuộc bắt cóc con tin đẫm máu tại Ouvéa,. Từ năm 1976 đến năm,10.081647872924805,9.93955135345459,-0.14209651947021484,0.6698245341056402
0002-0005-0004,True,"Nouvelle-Calédonie thông qua năm đạo luật, đều gây nên bất mãn và hỗn lọan nghiêm trọng",vào ngày 26 tháng 6 năm,10.164222717285156,2.103062629699707,-8.06116008758545,0.2767030009931082
0002-0005-0005,False,,thông qua năm,10.042548179626465,10.53246784210205,0.48991966247558594,0.6985778871866323
0002-0005-0006,True,năm đạo luật,thông qua năm,9.616649627685547,10.804756164550781,1.1881065368652344,0.7286172397033825
0002-0005-0007,True,đảm bảo một thập niên ổn định,1988 đảm bảo một thập niên,10.12663745880127,4.038456916809082,-6.0881805419921875,0.36696989920472156
0002-0005-0008,False,,nên bất mãn và hỗn lọan,10.04571533203125,10.884069442749023,0.8383541107177734,0.7138052921750773
0002-0005-0009,True,chuyển giao thẩm quyền cho chính quyền địa phương,đó dần chuyển giao thẩm quyền cho chính quyền,10.161335945129395,6.467767238616943,-3.693568706512451,0.4898068914889004
0002-0005-0010,False,,"1988 đảm bảo một thập niên ổn định. Hiệp nghị Nouméa được ký kết vào ngày 5 tháng 5 năm 1998, định ra cơ sở cho 20 năm chuyển đổi, theo đó dần chuyển giao thẩm quyền cho chính quyền",10.139108657836914,3.8010644912719727,-6.338044166564941,0.3548298777583005
0002-0006-0001,False,,là tù trưởng thị,10.146343231201172,8.815284729003906,-1.3310585021972656,0.6122830947533439
0002-0006-0002,True,tù bang tục lệ,các tù bang tục lệ (chefferies,10.157329559326172,6.09775972366333,-4.059569835662842,0.4705636836644778
0002-0006-0003,False,,có 341,10.108285903930664,10.222200393676758,0.11391448974609375,0.6816411260486084
0002-0006-0004,True,có quyền hạ về đề xuất luật liên quan đến bản sắc Kanak,"quyền hạ về đề xuất luật liên quan đến bản sắc Kanak. Người Kanak sử dụng các nhà đương cục tục lệ trong các vấn đề dân sự như hôn nhân, nhận nuôi, thừa kế, và một số vấn đề",10.14213752746582,6.265252113342285,-3.876885414123535,0.4801613120451746
0002-0006-0005,True,hình sự,trong các vấn đề,10.035802841186523,10.635416030883789,0.5996131896972656,0.7034213394271559
0002-0006-0006,True,các vấn đề hình sự,trong các vấn đề,9.897760391235352,10.743388175964355,0.8456277847290039,0.7141182202424367
0002-0006-0007,True,trưởng thị tộc,là tù trưởng thị,9.929311752319336,11.035835266113281,1.1065235137939453,0.7252055289650516
0002-0006-0008,True,341 bộ lạc,có 341,10.116947174072266,10.153850555419922,0.03690338134765625,0.6781101894055438
0002-0007-0001,False,,", 760 nhân viên hiến",9.811972618103027,10.644086837768555,0.8321142196655273,0.713536676069116
0002-0007-0002,False,,tại,10.053071975708008,1.7879292964935303,-8.265142679214478,0.26818570561165145
0002-0007-0003,False,,"gồm hai tàu tuần tra lớp P400, một tàu đổ bộ lớp BATRAL, và một tàu tuần tra của Hiến binh",10.141166687011719,6.330377101898193,-3.8107895851135254,0.48363774971963
0002-0007-0004,True,"Koumac, Nandaï, Tontouta, Plum, và Nouméa",tại,9.893919944763184,3.6842427253723145,-6.209677219390869,0.36104458997543126
0002-0007-0005,True,760 nhân viên,",",9.62158489227295,9.753692626953125,0.13210773468017578,0.6824722615013493
0002-0007-0006,True,"hai tàu tuần tra lớp P400, một tàu đổ bộ lớp BATRAL, và một tàu tuần tra của Hiến binh Hàng hải","gồm hai tàu tuần tra lớp P400, một tàu đổ bộ lớp BATRAL, và một tàu tuần tra của Hiến binh",10.145156860351562,5.954693794250488,-4.190463066101074,0.4636999389702628
0002-0007-0007,True,bốn máy bay,"có ba máy bay chuyên chở Casa,",9.917254447937012,10.107486724853516,0.1902322769165039,0.6851198055563474
0002-0007-0008,True,Không quân,.,10.108129501342773,9.632882118225098,-0.4752473831176758,0.6541221547564716
0002-0007-0009,True,2.000 binh sĩ,gồm khỏang 2.000,10.030679702758789,9.266544342041016,-0.7641353607177734,0.6402271018350957
0002-0008-0001,False,,Trong tháng 7 năm,10.018775939941406,11.485841751098633,1.4670658111572266,0.7400801505081095
0002-0008-0002,True,hiệu kỳ Kanak,"một hiệu kỳ Kanak, cùng tồn tại với cờ tam tài Pháp trong vai trò hiệu kỳ chính thức của",10.047758102416992,7.602105617523193,-2.445652484893799,0.5553012691037192
0002-0008-0003,True,số ít quốc gia và lãnh thổ có hai hiệu kỳ chính thức,trong số ít quốc gia và lãnh thổ có hai hiệu kỳ,10.156675338745117,3.094175100326538,-7.062500238418579,0.32071391748163447
0002-0008-0004,True,cờ tam tài Pháp,với cờ tam tài,10.093086242675781,10.884195327758789,0.7911090850830078,0.711767730909534
0002-0008-0005,True,tháng 7 năm 2010,Trong tháng 7 năm,9.939895629882812,11.622603416442871,1.6827077865600586,0.7487230279115079
0002-0009-0001,True,Galarino,tại,9.395561218261719,8.007242202758789,-1.3883190155029297,0.6094156354553462
0002-0009-0002,True,100 km/h,"đến 100 km/h, giật 250 km/",10.144476890563965,10.037775039672852,-0.10670185089111328,0.6714714968130246
0002-0009-0003,True,từ 27 °C đến 30 °C,từ 27 °C đến 30 °,10.160639762878418,5.961217880249023,-4.1994218826293945,0.4632306316674371
0002-0009-0004,True,ảnh hưởng từ đại dương và gió mậu dịch làm giảm độ ẩm,nhờ ảnh hưởng từ đại dương và gió,10.020792007446289,9.330374717712402,-0.6904172897338867,0.6437963330636253
0002-0009-0005,True,mùa mát khô,", mùa mát",10.05239486694336,11.402559280395508,1.3501644134521484,0.7353149315672075
0002-0009-0006,True,"39,1 °C",đến 23 °C. Khí hậu nhiệt đới tại đây ôn hòa cao độ nhờ ảnh hưởng từ đại dương và gió mậu dịch làm giảm độ ẩm vốn có thể lên đến gần 80%. Nhiệt độ trung bình năm là 23 °,10.154207229614258,5.379526138305664,-4.774681091308594,0.4332679530972546
0002-0009-0007,False,,", mùa nóng ẩm kéo dài từ tháng 11 đến tháng 3 với nhiệt độ từ 27 °C đến 30 °",10.166197776794434,3.7646374702453613,-6.401560306549072,0.35177269824038776
0002-0010-0001,True,Nouvelle-Calédonie,tại,10.148027420043945,3.483708143234253,-6.664319276809692,0.33925628602802854
0002-0010-0002,True,35 lòai,có,10.11862850189209,9.329952239990234,-0.7886762619018555,0.6390354245423566
0002-0010-0003,True,hàng chục triệu năm trước,khu vực khi quần đảo tách khỏi Gondwana hàng chục triệu năm,10.026381492614746,11.307788848876953,1.281407356262207,0.7324862311195955
0002-0010-0004,True,lòai thực vật có hoa phân kỳ sớm nhất của thế giới,", ở tại hoặc gần cơ sở tổ tiên chung của tòan bộ các thực vật có",10.14442253112793,8.738192558288574,-1.4062299728393555,0.6085171361810217
0002-0010-0005,True,43 lòai,có,10.138826370239258,8.927131652832031,-1.2116947174072266,0.6182353830422775
0002-0010-0006,True,13 lòai,"số 44 lòai thực vật hạt trần bản địa, có 43 lòai",10.14931869506836,6.163122177124023,-3.986196517944336,0.47441625737532694
0002-0011-0001,False,,thế giới có các lòai gỗ sồi phương nam (Nothofagus),10.172525405883789,1.7029287815093994,-8.46959662437439,0.259817304520909
0002-0011-0002,True,có độc và hàm lượng khóang không phù hợp với hầu hết thực vật ngọai lai,. Đất gồm đá siêu mafic (địa hình mỏ) là nơi trú ẩn cho nhiều lòai thực vật bản địa do tại đó có độc và hàm lượng khóang không phù hợp với hầu hết thực vật ngọai,10.056022644042969,8.154365539550781,-1.9016571044921875,0.5833921782495544
0002-0011-0003,True,đất có tính a xít,"trên đất có tính a xít, và mọc cao khỏang một mét mỗi năm tại duyên hải phía đông, thường là trên đất hoang hoặc trong rừng",10.1132173538208,9.50866413116455,-0.60455322265625,0.6479335665815494
0002-0011-0004,True,có các lòai gỗ sồi phương nam (Nothofagus) bản địa,các lòai gỗ sồi phương nam (Nothofagus),10.17573070526123,0.09588116407394409,-10.079849541187286,0.20002442702944787
0002-0011-0005,True,Lòai dương xỉ lớn nhất thế giới,là lòai,10.17203140258789,1.1797707080841064,-8.992260694503784,0.23920824639402222
0002-0011-0006,True,các vùng đất có chứa kim lọai,"trên các vùng đất có chứa kim lọai, hầu hết tại phía",10.142145156860352,8.609041213989258,-1.5331039428710938,0.6021317773513449
0002-0012-0001,False,,"xuống 2,2",10.03711986541748,11.499711036682129,1.4625911712646484,0.7398987801862836
0002-0012-0002,True,"1,7%","mức 1,7",10.165168762207031,9.031806945800781,-1.13336181640625,0.6221225127960841
0002-0012-0003,True,15%,", 15",10.156087875366211,8.070619583129883,-2.085468292236328,0.5739515289505682
0002-0012-0004,False,,"đạt 268.767. Trong đó, 17.436 người sống tại tỉnh Quần đảo Loyauté, 45.137 người sống tại tỉnh Bắc, và 183.007 người sống tại tỉnh",10.163381576538086,0.7653324604034424,-9.398049116134644,0.22399930764446038
0002-0012-0005,True,"2,2 trẻ","xuống 2,2",9.772700309753418,11.773833274841309,2.0011329650878906,0.761131736151318
0002-0012-0006,True,268.767,"đạt 268.767. Trong đó, 17.436 người sống tại tỉnh Quần đảo Loyauté, 45.137 người sống tại tỉnh Bắc, và 183.007 người sống tại tỉnh",10.128223419189453,2.6614882946014404,-7.466735124588013,0.3024515517967981
0002-0012-0007,False,,"xuống 2,2",9.935647964477539,11.70479965209961,1.7691516876220703,0.7521335848023065
0002-0012-0008,True,17.436 người,", 17.436",10.13648796081543,6.711626052856445,-3.4248619079589844,0.5039571523377194
0002-0013-0001,True,tỉnh Nam,dân số tỉnh,10.037884712219238,10.815731048583984,0.7778463363647461,0.7111941920372618
0002-0013-0002,True,94%,chiếm 94,9.645255088806152,10.963884353637695,1.318629264831543,0.7340199391384836
0002-0013-0003,True,Melanesia,nhóm,10.124726295471191,2.6241116523742676,-7.500614643096924,0.30094790668174504
0002-0013-0004,False,,theo vị trí quê hương và phạm vi chiếm đóng của tổ tiên,10.138216018676758,6.926004886627197,-3.2122111320495605,0.51515209443406
0002-0013-0005,True,tùy theo vị trí quê hương và phạm vi chiếm đóng của tổ tiên họ,theo vị trí quê hương và phạm vi chiếm đóng của tổ tiên,10.123533248901367,8.808074951171875,-1.3154582977294922,0.6130629757588032
0002-0013-0006,True,vị thế kinh tế-xã hội thấp hơn so với người gốc Âu và những người định cư khác,xu hướng ở vị thế kinh tế-xã hội thấp,10.154153823852539,9.462005615234375,-0.6921482086181641,0.6437127076971112
0002-0014-0001,False,,số 71.721,10.007163047790527,9.986888885498047,-0.02027416229248047,0.6754753622651628
0002-0014-0002,True,32.354 người,số 71.721,9.926982879638672,9.59045124053955,-0.3365316390991211,0.6607035301014704
0002-0014-0003,True,Pháp lập một thuộc địa hình sự trên quần đảo,khi Pháp lập một thuộc địa hình sự trên,10.12177562713623,8.29516315460205,-1.8266124725341797,0.5872294106526581
0002-0014-0004,True,người sinh tại Nouvelle-Calédonie có quan hệ tổ tiên từ những người Pháp định cư ban đầu,nghĩa là người sinh tại Nouvelle-Calédonie có quan hệ tổ tiên từ những người Pháp định cư,10.170317649841309,3.732736110687256,-6.437581539154053,0.3500442778588699
0002-0014-0005,True,họ được cấp đất để định cư,được cấp đất để,9.994274139404297,10.851966857910156,0.8576927185058594,0.7146368252195309
0002-0014-0006,False,,tại các khu vực nông thôn thuộc duyên hải phía tây,10.146782875061035,8.405853271484375,-1.7409296035766602,0.5915976574612576
0002-0014-0007,True,các khu vực nông thôn thuộc duyên hải phía tây đảo chính,tại các khu vực nông thôn thuộc duyên hải phía tây,10.15084171295166,7.792236328125,-2.35860538482666,0.5598249105699126
0002-0014-0008,False,,nghĩa là người sinh tại Nouvelle-Calédonie có quan hệ tổ tiên từ những người Pháp định cư,10.173955917358398,2.6842989921569824,-7.489656925201416,0.30143376770052255
0002-0015-0001,True,tiếng Wallis và tiếng Java,là tiếng Wallis và tiếng,10.020524978637695,11.078878402709961,1.0583534240722656,0.7231786485668515
0002-0015-0002,True,"1,1%",", 97,3% dân số từ 15 tuổi trở lên tường trình rằng họ có thể nói, đọc và viết tiếng Pháp, trong khi chỉ 1,1",9.452056884765625,11.023984909057617,1.5719280242919922,0.7443069739060175
0002-0015-0003,True,các khu định cư của người Pháp hình thành,khi các khu định cư của người Pháp,9.958837509155273,10.251422882080078,0.2925853729248047,0.6897527563171232
0002-0015-0004,True,"thiếu tiếp cận phổ thông đối với giáo dục công lập trước năm 1953, song cũng là do nhập cư và đa dạng dân tộc",do nhập cư và đa dạng,10.052528381347656,10.125076293945312,0.07254791259765625,0.6797470420397794
0002-0015-0005,True,"97,3%",", 97,3",9.42002010345459,11.523918151855469,2.103898048400879,0.7650454620627359
0002-0015-0006,False,,", 97,3",9.923437118530273,10.495523452758789,0.5720863342285156,0.7022101415626189
0002-0016-0001,True,Nam Đảo,của ngữ hệ Nam,10.126137733459473,11.258710861206055,1.132573127746582,0.7262977852851421
0002-0016-0002,True,phía bắc của Grande Terre,(phần phía bắc của Grande Terre,10.001880645751953,7.286812782287598,-2.7150678634643555,0.5412454247734929
0002-0016-0003,True,Drehu,là,9.998056411743164,5.883764266967773,-4.114292144775391,0.467692664723372
0002-0016-0004,True,mầm non,từ mầm non (bốn ngôn ngữ được dạy đến bậc,9.723332405090332,10.804882049560547,1.0815496444702148,0.7241558404021295
0002-0016-0005,True,họ không có kiến thức gì về chúng,rằng họ không có kiến thức gì về,10.110644340515137,8.272028923034668,-1.8386154174804688,0.5866163667258897
0002-0017-0001,True,Giáo hội Phúc Âm Tự do và Giáo hội Phúc Âm,đó Giáo hội Phúc Âm Tự do và Giáo hội Phúc,9.11069107055664,11.644821166992188,2.534130096435547,0.7809443188820373
0002-0017-0002,False,,đó Giáo hội Phúc Âm Tự do và Giáo hội Phúc,9.173866271972656,11.560575485229492,2.386709213256836,0.7755851684425686
0002-0017-0003,True,"gười gốc Âu, Ouvéa, Việt và một nửa cộng đồng thiểu số Melanesia và Polynesia","hầu hết người gốc Âu, Ouvéa,",10.152565956115723,4.73570442199707,-5.416861534118652,0.4003960999169569
0002-0017-0004,True,Cơ Đốc giáo,là Cơ Đốc,9.60014533996582,11.70590591430664,2.1057605743408203,0.7651159832976444
0002-0017-0005,True,những người thực dân Pháp đưa đến,được những người thực dân,10.14205551147461,7.8019866943359375,-2.340068817138672,0.5607869584112347
0002-0017-0006,True,người Melanesia,đó Giáo hội Phúc Âm Tự do và Giáo hội Phúc,10.158498764038086,3.1414737701416016,-7.017024993896484,0.3228045633538271
0002-0018-0001,True,"8,38 euro","đổi 8,38",10.057150840759277,10.965559005737305,0.9084081649780273,0.7168106090109774
0002-0018-0002,True,"9,89 tỷ USD","đạt 9,89 tỷ",9.987037658691406,10.822763442993164,0.8357257843017578,0.7136921658360215
0002-0018-0003,True,"bất bình đẳng đáng kể về phân phối thu nhập, và mất cân bằng cấu trúc kéo dài giữa tỉnh Nam chi phối về kinh tế với tỉnh Bắc và Quần đảo Loyauté kém phát triển","tồn tại bất bình đẳng đáng kể về phân phối thu nhập, và mất cân bằng cấu trúc",10.160528182983398,6.025895595550537,-4.134632587432861,0.46662603350095555
0002-0018-0004,True,franc CFP,là,9.692323684692383,7.765321731567383,-1.927001953125,0.5820939179675881
0002-0018-0005,True,một trong các nền kinh tế lớn nhất tại Nam Thái Bình Dương,kinh tế lớn nhất tại Nam,10.146051406860352,5.033931732177734,-5.112119674682617,0.4159026060359126
0002-0019-0001,False,,vào giá niken trên thế giới tăng lên và nhu cầu nội địa,10.15325927734375,6.080777168273926,-4.072482109069824,0.46988605546155326
0002-0019-0002,True,"3,11 tỷ USD","là 3,8% vào năm 2010 và 3,2",9.775450706481934,11.769195556640625,1.9937448501586914,0.7608486490703853
0002-0019-0003,False,,"đạt 2,11 tỷ",10.100577354431152,9.125015258789062,-0.9755620956420898,0.6299051263719777
0002-0019-0004,True,"giá niken trên thế giới tăng lên và nhu cầu nội địa gia tăng khiến số việc làm tăng, cũng như dầu tư kinh doanh mạnh",vào giá niken trên thế giới tăng lên và nhu cầu nội địa,10.150545120239258,5.6656951904296875,-4.48484992980957,0.4483169923160255
0002-0019-0005,True,chính quốc Pháp và các tỉnh hải ngọai,"từ chính quốc Pháp và các tỉnh hải ngọai, 16,1% đến từ các quốc gia khác trong Liên minh châu Âu, 14,6% đến từ Singapore (chủ yếu là nhiên liệu), 9,6% đến từ",10.16328239440918,6.618448257446289,-3.5448341369628906,0.4976387756128691
0002-0019-0006,True,"3,11 tỷ USD","đạt 2,11 tỷ",10.111419677734375,7.926713943481445,-2.1847057342529297,0.5688316751473252
0002-0019-0007,True,"2,11 tỷ USD","đạt 2,11 tỷ",10.07319450378418,9.495647430419922,-0.5775470733642578,0.6492302766951047
0002-0020-0001,True,400.000,"có 100.000 du khách mỗi năm, so với",10.102051734924316,9.007436752319336,-1.0946149826049805,0.6240395021818008
0002-0020-0002,True,20%,chiếm khỏang 20,10.129560470581055,5.488080978393555,-4.6414794921875,0.44017068328316045
0002-0020-0003,True,"1,4 triệu km²","rộng 1,4 triệu",10.028365135192871,11.044841766357422,1.0164766311645508,0.7214090964776048
0002-0020-0004,False,,"rộng 1,4 triệu",10.079070091247559,10.621954917907715,0.5428848266601562,0.7009221496346253
0002-0020-0005,True,hơn 15%,chiếm hơn 15%,10.0947265625,9.50354290008545,-0.5911836624145508,0.6485757848990495
0002-0020-0006,True,khoai lang; khoai môn; chuối táo quạ; dừa,: khoai lang; khoai môn; chuối táo quạ;,9.796466827392578,11.517681121826172,1.7212142944335938,0.7502461051956915
0002-0020-0007,False,,với,10.144330024719238,8.358416557312012,-1.7859134674072266,0.5893060671289163
0002-0020-0008,False,,chiếm hơn 15%,10.152783393859863,6.380932331085205,-3.771851062774658,0.485686559637613
0002-0021-0001,True,thập niên 1980,trong thập niên,10.022357940673828,11.171611785888672,1.1492538452148438,0.7269957826051882
0002-0021-0002,True,"đức tin của xã hội bộ lạc truyền thống, và bao gồm các vật tổ, mặt nạ, khung cửa, hoặc flèche faîtière",về đức tin của xã hội bộ lạc,10.107889175415039,9.313465118408203,-0.7944240570068359,0.6387560701347633
0002-0021-0003,True,Pháp sáp nhập Nouvelle-Calédonie,"kỷ niệm việc Pháp sáp nhập Nouvelle-Calédonie, nó được khánh thành vào năm",10.00011920928955,6.389878273010254,-3.610240936279297,0.49419429388093017
0002-0021-0004,True,Đan rổ,. Đan,9.12178897857666,11.75282096862793,2.6310319900512695,0.7844164802416361
0002-0021-0005,True,Renzo Piano,do kiến trúc sư người Ý Renzo,9.722773551940918,11.56175708770752,1.8389835357666016,0.7548659715914606
0002-0021-0006,False,,"kỷ niệm việc Pháp sáp nhập Nouvelle-Calédonie, nó được khánh thành vào năm",10.17105770111084,4.677281379699707,-5.493776321411133,0.39651239732061844
0002-0021-0007,False,,trong thập niên,10.086008071899414,10.94249153137207,0.8564834594726562,0.7145848713295414
0002-0022-0001,True,các nhóm người Kanak,là,10.169703483581543,2.0150036811828613,-8.154699802398682,0.2727765745514271
0002-0022-0002,True,"RFO radio Nouvelle-Calédonie, Océane FM, NRJ, Radio Djiido, và Radio Rythmes Bleus",:,10.145927429199219,3.955101490020752,-6.190825939178467,0.3619612389592427
0002-0022-0003,False,,là,10.166727066040039,1.983335018157959,-8.18339204788208,0.27157918973472234
0002-0022-0004,True,tháng 9 năm 2011,vào tháng 9 năm,9.365486145019531,11.737638473510742,2.372152328491211,0.7750509633735705
0002-0022-0005,False,,kênh,10.088153839111328,4.362358093261719,-5.725795745849609,0.3848774649260554
0002-0022-0006,True,"France 2, France 3, France 4, France 5, France Ô, France 24 và Arte",kênh,10.051527976989746,4.462912082672119,-5.588615894317627,0.3917415564006663
0002-0022-0007,False,,vào tháng 9 năm,9.645055770874023,11.658939361572266,2.013883590698242,0.7616197550753372
0002-0022-0008,True,Hãng truyền thông công cộng France Télévision,.,9.510311126708984,7.4985480308532715,-2.011763095855713,0.5777439530113765
0002-0023-0001,True,Đội tuyển bóng ném Nouvelle-Calédonie từng vô địch châu Đại Dương,. Đội tuyển bóng ném Nouvelle-Calédonie từng vô địch châu,9.796060562133789,11.225446701049805,1.4293861389160156,0.7385503206740689
0002-0023-0002,False,,. Đua,10.096639633178711,8.160968780517578,-1.9356708526611328,0.5816496015267277
0002-0023-0003,True,năm 1950,vào năm,9.646418571472168,11.193806648254395,1.5473880767822266,0.7433218652034013
0002-0023-0004,True,một vòng của giải vô địch đua xe châu Á Thái Bình Dương FIA,là một vòng của giải vô địch đua xe châu Á Thái Bình Dương FIA (APRC,10.107379913330078,9.489992141723633,-0.6173877716064453,0.6473165442877223
0002-0023-0005,False,,vào năm,9.971455574035645,10.236288070678711,0.2648324966430664,0.6885002443713711
0002-0023-0006,True,quan sát viên của Liên đòan bóng đá châu Đại Dương,vị thế quan sát viên của Liên đòan bóng đá châu,10.024299621582031,10.232776641845703,0.20847702026367188,0.6859483806244908
0002-0023-0007,True,năm 2004,vào năm,9.779888153076172,10.737762451171875,0.9578742980957031,0.7189211656013673
0002-0023-0008,False,,vị thế quan sát viên của Liên đòan bóng đá châu,10.082813262939453,9.264723777770996,-0.818089485168457,0.6376048953625394
0003-0001-0001,True,Hoa Kỳ,Lãnh thổ,10.140033721923828,5.401843070983887,-4.738190650939941,0.43515649146793983
0003-0001-0002,False,,về phía nam và phía tây,10.128320693969727,10.951435089111328,0.8231143951416016,0.7131489841342712
0003-0001-0003,False,,Lãnh thổ,10.143000602722168,4.655891418457031,-5.487109184265137,0.3968485365781204
0003-0001-0004,True,Biên giới chung của Canada với Hoa Kỳ,về phía nam và phía tây,10.022053718566895,11.603015899658203,1.5809621810913086,0.7446690069796684
0003-0001-0005,True,Canada,Lãnh thổ,10.136137008666992,6.807021141052246,-3.329115867614746,0.5089988396623557
0003-0001-0006,True,"Lãnh thổ Canada gồm mười tỉnh bang và ba vùng lãnh thổ liên bang, trải dài từ Đại Tây Dương ở phía đông sang Thái Bình Dương ở phía tây, và giáp Bắc Băng Dương ở phía bắc",gồm mười tỉnh bang và ba vùng lãnh thổ,10.153999328613281,7.791193008422852,-2.3628063201904297,0.5596068192849076
0003-0001-0007,True,cực bắc,ở cực bắc của,10.062127113342285,10.473409652709961,0.4112825393676758,0.6950781913957388
0003-0002-0001,False,,", người Anh và người",9.93394660949707,11.264892578125,1.3309459686279297,0.7345262056840335
0003-0002-0002,True,từ cuối thế kỷ XV,đầu từ cuối thế kỷ,10.140953063964844,7.536709785461426,-2.604243278503418,0.5470365734699121
0003-0002-0003,True,người Anh và người Pháp,", người Anh và người",9.778342247009277,11.4730863571167,1.6947441101074219,0.7491997720449672
0003-0002-0004,False,,đầu từ cuối thế kỷ,10.155506134033203,6.859233856201172,-3.2962722778320312,0.5107279106492314
0003-0002-0005,True,năm 1982,. Năm,9.950247764587402,10.997692108154297,1.0474443435668945,0.7227183415368266
0003-0002-0006,False,,", Anh",10.102944374084473,10.712512016296387,0.6095676422119141,0.7038586390477031
0003-0002-0007,True,năm 1982,vào năm,9.79421615600586,11.502605438232422,1.7083892822265625,0.7497395124840104
0003-0002-0008,True,Anh,", Anh",10.082376480102539,10.785091400146484,0.7027149200439453,0.7079324289794716
0003-0002-0009,True,ngày 1 tháng 7 năm 1867,đến cuối thế kỷ,10.13652229309082,6.187994003295898,-3.948528289794922,0.47639529587304374
0003-0003-0001,True,tiếng Anh và tiếng Pháp,(tiếng Anh và tiếng,10.021979331970215,11.396492004394531,1.3745126724243164,0.7363120289465044
0003-0003-0002,True,Nữ hòang Elizabeth II,", Nữ hòang Elizabeth",9.298643112182617,11.607898712158203,2.309255599975586,0.7727324297290583
0003-0003-0003,False,,". Canada có nền kinh tế rất phát triển và đứng vào nhóm hàng đầu thế giới, kinh tế Canada dựa chủ yếu vào nguồn tài nguyên tự nhiên phong phú và hệ thống thương mại phát triển",10.144491195678711,5.413806438446045,-4.730684757232666,0.43554518930604386
0003-0003-0004,True,nền dân chủ đại nghị liên bang và một quốc gia quân chủ lập hiến,một nền dân chủ đại nghị,10.08281135559082,10.277979850769043,0.19516849517822266,0.6853440977988062
0003-0003-0005,True,nguồn tài nguyên tự nhiên phong phú và hệ thống thương mại phát triển cao,vào nguồn tài nguyên tự nhiên phong phú và hệ thống thương mại phát triển,10.134601593017578,10.50564956665039,0.3710479736328125,0.6932787851573194
0003-0003-0006,True,tiếng Pháp,(tiếng Anh và tiếng,9.929561614990234,11.599931716918945,1.670370101928711,0.7482337227339848
0003-0003-0007,False,,một nền dân chủ đại nghị,10.095605850219727,10.313468933105469,0.2178630828857422,0.6863741827184409
0003-0003-0008,True,Do tiếp nhận người nhập cư quy mô lớn từ nhiều quốc gia,và đa nguyên văn hóa nhất trên,10.150365829467773,5.352185249328613,-4.79818058013916,0.43205277457685654
0003-0004-0001,True,thứ 11,cao thứ,10.06747055053711,10.463315963745117,0.3958454132080078,0.6943884989140853
0003-0004-0002,False,,.,10.105279922485352,6.682883262634277,-3.422396659851074,0.5040869790929262
0003-0004-0003,True,Canada,.,10.101801872253418,8.053235054016113,-2.0485668182373047,0.57585137243406
0003-0004-0004,True,Canada là một thành viên của Tổ chức Hiệp ước Bắc Đại Tây Dương (NATO),của Tổ chức Hiệp ước Bắc Đại Tây Dương (,10.150581359863281,4.375722408294678,-5.7748589515686035,0.38243340759416955
0003-0004-0005,True,"G8, G20",": G8, G20, Hiệp định Thương mại Tự do Bắc Mỹ, Diễn đàn Hợp tác Kinh tế châu Á -",10.145622253417969,5.472704887390137,-4.672917366027832,0.4385393302826644
0003-0004-0006,True,"G8, G20, Hiệp định Thương mại Tự do Bắc Mỹ, Diễn đàn Hợp tác Kinh tế châu Á - Thái Bình Dương",": G8, G20, Hiệp định Thương mại Tự do Bắc Mỹ, Diễn đàn Hợp tác Kinh tế châu Á -",10.142773628234863,6.976202964782715,-3.1665706634521484,0.5175532270300702
0003-0005-0001,True,để chỉ đường,"nghĩa là ""làng"" hay ""khu",10.14895248413086,4.301523685455322,-5.847428798675537,0.3788292881856489
0003-0005-0002,True,Donnacona,vào,9.934584617614746,4.6595635414123535,-5.275021076202393,0.40759072490824616
0003-0005-0003,False,,"đến không chỉ riêng ngôi làng, mà là tòan bộ khu vực lệ thuộc vào Donnacona (tù trưởng tại Stadacona",10.15475082397461,1.201448678970337,-8.953302145004272,0.24070504886466645
0003-0005-0004,False,,từ,9.947495460510254,7.119620323181152,-2.8278751373291016,0.5353392152118168
0003-0005-0005,False,,Pháp,10.077096939086914,4.972603797912598,-5.104493141174316,0.41629295618410567
0003-0005-0006,False,,"nghĩa là ""làng"" hay ""khu",10.119805335998535,4.646069526672363,-5.473735809326172,0.3975230798208147
0003-0005-0007,True,"""làng"" hay ""khu định cư""","từ kanata trong ngôn ngữ của người Iroquois Saint Lawrence, nghĩa là ""làng"" hay ""khu",10.139768600463867,3.3020806312561035,-6.837687969207764,0.3311179972309204
0003-0005-0008,True,chỉ đường cho nhà thám hiểm người Pháp Jacques Cartier đến làng Stadacona,"nghĩa là ""làng"" hay ""khu",10.116597175598145,6.930610179901123,-3.1859869956970215,0.5165318317080323
0003-0005-0009,True,Tên gọi Canada bắt nguồn từ kanata trong ngôn ngữ của người Iroquois Saint Lawrence,từ,9.287636756896973,7.901371002197266,-1.386265754699707,0.6095185895605405
0003-0006-0001,False,,"Quốc mở rộng trên quy mô rất lớn lãnh thổ Canada theo Đạo luật Quebec 1774, bao gồm cả lãnh thổ chưa được định cư tại khu vực Ngũ Đại hồ kéo xuống sông",10.040903091430664,9.678035736083984,-0.3628673553466797,0.6594587029965786
0003-0006-0002,False,,vùng đất phía,10.130120277404785,9.377622604370117,-0.752497673034668,0.6407916114794437
0003-0006-0003,True,năm 1841,vào năm,9.834089279174805,11.239800453186035,1.4057111740112305,0.7375861246671822
0003-0006-0004,True,Pháp,thuộc Tân,9.955770492553711,11.141742706298828,1.1859722137451172,0.728528324061096
0003-0006-0005,True,phía bắc,vùng đất phía bắc của Ngũ Đại,10.119460105895996,9.344804763793945,-0.7746553421020508,0.6397164746351777
0003-0006-0006,True,Anh Quốc mở rộng trên quy mô rất lớn lãnh thổ Canada theo Đạo luật Quebec 1774,"Quốc mở rộng trên quy mô rất lớn lãnh thổ Canada theo Đạo luật Quebec 1774, bao gồm cả lãnh thổ chưa được định cư tại khu vực Ngũ Đại hồ kéo xuống sông",10.068907737731934,9.295732498168945,-0.7731752395629883,0.6397883361694575
0003-0006-0007,True,phía bắc,vùng đất phía,10.048735618591309,10.490912437438965,0.44217681884765625,0.6964558427069819
0003-0007-0001,False,,"có các khu định cư thường xuyên, nông nghiệp, kết cấu phân tầng xã hội phức tạp, và các mạng lưới",10.164037704467773,5.062915802001953,-5.10112190246582,0.416465540357982
0003-0007-0002,True,bắc bộ khu vực Yukon,"tại bắc bộ khu vực Yukon từ 24.500 TCN, và tại nam bộ",10.081474304199219,6.451033592224121,-3.6304407119750977,0.4931306205292071
0003-0007-0003,True,7500 TCN,từ 24.500,10.170570373535156,4.422848701477051,-5.7477216720581055,0.3837845104144261
0003-0007-0004,False,,vào cuối thế kỷ XV và đầu thế kỷ,10.167917251586914,5.08673095703125,-5.081186294555664,0.41748652327924424
0003-0007-0005,True,"Các đặc trưng của các xã hội Thổ dân Canada gồm có các khu định cư thường xuyên, nông nghiệp, kết cấu phân tầng xã hội phức tạp, và các mạng lưới mậu dịch","có các khu định cư thường xuyên, nông nghiệp, kết cấu phân tầng xã hội phức tạp, và các mạng lưới",10.159727096557617,6.8216423988342285,-3.3380846977233887,0.508526630913838
0003-0007-0006,True,đường cầu lục địa Bering,theo,10.158656120300293,3.4087653160095215,-6.7498908042907715,0.33522713518287683
0003-0007-0007,True,đường cầu lục địa Bering,theo,10.16554069519043,1.3849267959594727,-8.780613899230957,0.24741652325410224
0003-0007-0008,False,,. Các di chỉ khảo cổ học người Da đỏ,10.03685188293457,5.658053398132324,-4.378798484802246,0.45384879567139635
0003-0007-0009,True,Các di chỉ khảo cổ học người Da đỏ cổ đại (Paleo-Indian) tại bình nguyên Old Crow và các động Bluefish,. Các di chỉ khảo cổ học người Da đỏ,10.020120620727539,6.429276466369629,-3.59084415435791,0.4952157330282957
0003-0008-0001,True,Do hậu quả từ quá trình thực dân hóa của người châu Âu,". Do hậu quả từ quá trình thực dân hóa của người châu Âu, các dân tộc Thổ dân Canada phải chịu tổn thất do các dịch bệnh truyền nhiễm mới được đưa đến bùng phát lặp lại nhiều",10.172080993652344,3.9602766036987305,-6.211804389953613,0.3609412190691135
0003-0008-0002,True,"Các dân tộc Trước tiên (First Nations), Inuit, và Métis","có Các dân tộc Trước tiên (First Nations), Inuit, và Métis. Người Métis là một dân tộc hỗn",10.163064002990723,0.47427916526794434,-9.688784837722778,0.2135331991267146
0003-0008-0003,True,"các dân tộc Thổ dân Canada phải chịu tổn thất do các dịch bệnh truyền nhiễm mới được đưa đến bùng phát lặp lại nhiều lần, như dịch cúm, dịch sởi, dịch đầu mùa (do Thổ dân không có miễn dịch tự nhiên), kết quả là dân số của họ giảm từ 40-80% trong các thế kỷ sau khi người châu Âu đến",", các dân tộc Thổ dân Canada phải chịu tổn thất do các dịch bệnh truyền nhiễm mới được đưa đến bùng phát lặp lại nhiều",10.156563758850098,6.492609024047852,-3.663954734802246,0.49136599163252354
0003-0008-0004,False,,", các dân tộc Thổ dân Canada phải chịu tổn thất do các dịch bệnh truyền nhiễm mới được đưa đến bùng phát lặp lại nhiều",10.16848373413086,3.0034422874450684,-7.165041446685791,0.31602616076160317
0003-0008-0005,False,,". Do hậu quả từ quá trình thực dân hóa của người châu Âu, các dân tộc Thổ dân Canada phải chịu tổn thất do các dịch bệnh truyền nhiễm mới được đưa đến bùng phát lặp lại nhiều",10.175653457641602,3.423943281173706,-6.7517101764678955,0.3351417272457725
0003-0008-0006,True,"phải chịu tổn thất do các dịch bệnh truyền nhiễm mới được đưa đến bùng phát lặp lại nhiều lần, như dịch cúm, dịch sởi, dịch đầu mùa",họ giảm từ 40-80,10.172121047973633,6.330423355102539,-3.8416976928710938,0.48201186047170647
0003-0008-0007,False,,có Các dân tộc Trước tiên (First Nations,10.135089874267578,1.4775800704956055,-8.657509803771973,0.2522769814811125
0003-0008-0008,True,200.000 đến hai triệu,là từ 200.000 đến hai,10.152233123779297,8.785293579101562,-1.3669395446777344,0.6104871605925951
0003-0009-0001,True,ngày 24 tháng 7,". Năm 1534, nhà thám hiểm người Pháp Jacques Cartier khám phá ra sông St. Lawrence, vào ngày 24 tháng",10.07770824432373,6.72396993637085,-3.353738307952881,0.5077024326581664
0003-0009-0002,False,,là,10.175178527832031,4.92122220993042,-5.253956317901611,0.4086626679393667
0003-0009-0003,True,John Cabot,đó thủy thủ người Ý John Cabot khám phá ra vùng duyên hải Đại Tây Dương của Canada cho Vương quốc Anh. Các thủy thủ người,9.945035934448242,6.889460563659668,-3.055575370788574,0.5233890573667361
0003-0009-0004,True,thủy thủ người Ý John Cabot,khi,9.68173599243164,7.593043327331543,-2.0886926651000977,0.5737854200319642
0003-0009-0005,True,Jacques Cartier,", nhà thám hiểm người Pháp",9.868427276611328,5.994826793670654,-3.873600482940674,0.4803340467686878
0003-0009-0006,True,Ý,đó thủy thủ người Ý John Cabot khám phá ra vùng duyên hải Đại Tây Dương của Canada cho Vương quốc,10.164873123168945,5.85823392868042,-4.306639194488525,0.4576193432481735
0003-0009-0007,False,,", nhà thám hiểm người",9.743544578552246,9.789068222045898,0.045523643493652344,0.6785064483434906
0003-0009-0008,False,,đến,10.158111572265625,0.12853074073791504,-10.02958083152771,0.20172434086721838
0003-0009-0009,True,khi người Norse định cư trong một thời gian ngắn tại L'Anse aux Meadows thuộc Newfoundland vào khỏang năm 1000 CN,đến,10.161316871643066,0.03074789047241211,-10.130568981170654,0.19832018216741526
0003-0010-0001,True,Pháp,", người",10.1422119140625,9.701631546020508,-0.4405803680419922,0.6557725928373201
0003-0010-0002,True,Port Royal,tại Port,10.12182903289795,7.713971138000488,-2.407857894897461,0.557266539832417
0003-0010-0003,True,da lông thú,do tranh chấp quyền kiểm sóat đối với mậu dịch da lông,10.108234405517578,11.0311279296875,0.9228935241699219,0.717429643382242
0003-0010-0004,True,Anh,tại Bắc,10.059216499328613,11.24199104309082,1.182774543762207,0.7283950753192092
0003-0010-0005,False,,"tại Port Royal vào năm 1605 và thành phố Québec vào năm 1608. Trong số những người Pháp thực dân tại Tân Pháp, người Canada định cư rộng rãi tại thung lũng sông St.",10.153526306152344,5.503252029418945,-4.650274276733398,0.4397141784718915
0003-0010-0006,True,Humphrey Gilbert,", nhà thám hiểm người Anh Humphrey",9.893877983093262,11.009117126464844,1.115239143371582,0.7255712751994075
0003-0011-0001,True,bốn cuộc chiến bùng nổ tại Bắc Mỹ thuộc địa hóa,; các cuộc chiến sau của giai đọan này tạo thành Mặt trận Bắc Mỹ trong Chiến tranh Bảy,10.15447998046875,4.178823947906494,-5.975656032562256,0.37249378760748847
0003-0011-0002,True,Cupids và Ferryland trên đảo Newfoundland,tại,9.463539123535156,7.573822021484375,-1.8897171020507812,0.5840033915357844
0003-0011-0003,True,bốn,. Một lọat,9.602935791015625,11.270757675170898,1.6678218841552734,0.7481325832092763
0003-0011-0004,False,,tại,10.120855331420898,4.50838565826416,-5.612469673156738,0.39054481715595646
0003-0011-0005,True,năm 1610,vào,10.134090423583984,2.1143784523010254,-8.019711971282959,0.27845394325186956
0003-0012-0001,False,,"Quốc thông qua đạo luật Québec vào năm 1774, mở rộng lãnh thổ của Québec đến Ngũ Đại Hồ và thung lũng sông Ohio. Anh Quốc cũng tái lập ngôn ngữ Pháp, đức tin Công giáo La Mã, và dân luật",10.047843933105469,8.959732055664062,-1.0881118774414062,0.6243608629662477
0003-0012-0002,True,"Anh Quốc thông qua đạo luật Québec vào năm 1774, mở rộng lãnh thổ của Québec đến Ngũ Đại Hồ và thung lũng sông Ohio","Quốc thông qua đạo luật Québec vào năm 1774, mở rộng lãnh thổ của Québec đến Ngũ Đại Hồ và thung lũng sông Ohio. Anh Quốc cũng tái lập ngôn ngữ Pháp, đức tin Công giáo La Mã, và dân luật",9.972570419311523,9.638605117797852,-0.3339653015136719,0.6608247164436502
0003-0012-0003,False,,"cũng tái lập ngôn ngữ Pháp, đức tin Công giáo La Mã, và dân luật",10.140223503112793,8.123394012451172,-2.016829490661621,0.5774835548110351
0003-0012-0004,True,"tạo nên tỉnh Quebec từ Tân Pháp, và sáp nhập đảo Cape Breton vào Nova Scotia","tái lập ngôn ngữ Pháp, đức tin Công giáo La Mã, và dân luật",10.101604461669922,0.38345181941986084,-9.718152642250061,0.21249605635331542
0003-0012-0005,True,"Anh Quốc cũng tái lập ngôn ngữ Pháp, đức tin Công giáo La Mã, và dân luật Pháp","cũng tái lập ngôn ngữ Pháp, đức tin Công giáo La Mã, và dân luật",10.13833236694336,8.167905807495117,-1.9704265594482422,0.5798669059810325
0003-0012-0006,True,năm 1769,vào,9.972541809082031,4.397470474243164,-5.575071334838867,0.392421664929049
0003-0013-0001,True,Anh ngữ,nói tiếng,10.015043258666992,9.663243293762207,-0.35179996490478516,0.6599821017196147
0003-0013-0002,False,,", Anh Quốc công nhận tình trạng độc lập của Hoa Kỳ và nhượng lại các lãnh thổ ở phía nam của Ngũ Đại Hồ cho",10.139965057373047,3.0838942527770996,-7.056070804595947,0.32100906580997196
0003-0013-0003,True,Pháp ngữ,nói tiếng,10.06040096282959,9.306379318237305,-0.7540216445922852,0.6407177102876198
0003-0013-0004,True,Anh Quốc công nhận tình trạng độc lập của Hoa Kỳ và nhượng lại các lãnh thổ ở phía nam của Ngũ Đại Hồ cho Hoa Kỳ,", Anh Quốc công nhận tình trạng độc lập của Hoa Kỳ và nhượng lại các lãnh thổ ở phía nam của Ngũ Đại Hồ cho",10.120218276977539,5.553914546966553,-4.566303730010986,0.44407683281627475
0003-0013-0005,False,,nói tiếng,10.081307411193848,9.284835815429688,-0.7964715957641602,0.6386565329432938
0003-0013-0006,True,Nhằm hòa giải những người nói tiếng Anh trung thành tại Quebec,thành Hạ Canada (sau là Québec) Pháp ngữ và Thượng Canada (sau là Ontario) Anh,10.104033470153809,7.921532154083252,-2.1825013160705566,0.568945569549887
0003-0013-0007,True,1791,", Đạo luật Hiến pháp 1791 chia tỉnh này thành Hạ Canada (sau là Québec) Pháp ngữ và Thượng Canada (sau là Ontario) Anh",10.131000518798828,1.5926995277404785,-8.53830099105835,0.25704354803846347
0003-0014-0001,True,626.628 người,", 626.",9.564952850341797,11.130157470703125,1.5652046203613281,0.7440373228819741
0003-0014-0002,True,Hoa Kỳ và Anh Quốc,giữa Hoa Kỳ và Anh,10.135843276977539,8.038277626037598,-2.0975656509399414,0.5733282275914626
0003-0014-0003,True,chạy trốn Nạn đói lớn Ireland cũng như ngững người Scot nói tiếng Gael phải dời đi theo Thanh trừ Cao địa,có những người Ireland chạy trốn Nạn đói lớn,10.156026840209961,4.624791145324707,-5.531235694885254,0.39462562054913397
0003-0014-0004,False,,thiệt mạng do các bệnh,10.165136337280273,7.320613861083984,-2.844522476196289,0.534466736282209
0003-0014-0005,False,,giữa Hoa Kỳ và Anh,10.145193099975586,6.178159713745117,-3.9670333862304688,0.47542296626478386
0003-0014-0006,False,,", 626.",9.738286972045898,10.850008964538574,1.1117219924926758,0.7254237164773957
0003-0014-0007,True,năm 1815,vào năm,9.943746566772461,11.287763595581055,1.3440170288085938,0.7350628058260558
0003-0015-0001,True,Hiệp định Oregon,ký kết Hiệp định,10.143668174743652,10.544418334960938,0.40075016021728516,0.6946077255050302
0003-0015-0002,True,Anh Quốc và Hoa Kỳ ký kết Hiệp định Oregon vào năm 1846,. Anh Quốc và Hoa Kỳ ký kết Hiệp định,10.171282768249512,3.380523443222046,-6.790759325027466,0.33331122700068433
0003-0015-0003,False,,ký kết Hiệp định,10.156304359436035,7.852241516113281,-2.304062843322754,0.5626543572290947
0003-0015-0004,False,,việc có chính phủ chịu,10.14971923828125,5.86665678024292,-4.28306245803833,0.45885237555097114
0003-0015-0005,True,Nguyện vọng của người Canada về việc có chính phủ chịu trách nhiệm,việc có chính phủ chịu,10.147298812866211,7.0808424949646,-3.0664563179016113,0.5228172231914502
0003-0015-0006,True,1840,. Đạo luật Liên minh,9.835433959960938,11.747658729553223,1.9122247695922852,0.7577098282983469
0003-0015-0007,False,,là nhanh chóng,10.157246589660645,8.298501968383789,-1.8587446212768555,0.5855876765082701
0003-0015-0008,True,nhanh chóng thất bại,là nhanh chóng,10.152949333190918,8.935689926147461,-1.217259407043457,0.6179586619303293
0003-0016-0001,True,ngày 1 tháng 7 năm 1867,vào ngày 1 tháng 7 năm,9.924407005310059,11.576693534851074,1.6522865295410156,0.747515397544932
0003-0016-0002,True,"Ontario, Québec, Nova Scotia, và New Brunswick",có bốn,10.106061935424805,6.270874977111816,-3.8351869583129883,0.4823543204641265
0003-0016-0003,True,1873,vào ngày 1 tháng 7 năm,10.064032554626465,10.147878646850586,0.0838460922241211,0.6802649524630607
0003-0016-0004,True,sự bất bình của người Métis bùng phát,này sự bất bình của người Métis bùng phát thành Nổi dậy Red,10.15069580078125,5.298989772796631,-4.851706027984619,0.42928800117239824
0003-0016-0005,False,,vào ngày 1 tháng 7 năm,10.078338623046875,9.458314895629883,-0.6200237274169922,0.6471897595129568
0003-0017-0001,False,,. Năm,9.934322357177734,10.74767017364502,0.8133478164672852,0.7127279075161163
0003-0017-0002,True,chính sách quốc gia về thuế quan,về,10.045615196228027,9.823993682861328,-0.22162151336669922,0.6661089393533668
0003-0017-0003,False,,"việc xây dựng ba tuyến đường sắt xuyên lục địa, mở cửa các thảo nguyên cho họat động định cư theo Đạo luật Thổ địa Lãnh thổ tự trị, và thiết lập Kị cảnh Tây-",10.153993606567383,5.632271766662598,-4.521721839904785,0.44639661922144247
0003-0017-0004,True,Năm 1898,. Năm,9.886373519897461,11.062621116638184,1.1762475967407227,0.7281229664269996
0003-0017-0005,True,"chính phủ tài trợ việc xây dựng ba tuyến đường sắt xuyên lục địa, mở cửa các thảo nguyên cho họat động định cư theo Đạo luật Thổ địa Lãnh thổ tự trị","việc xây dựng ba tuyến đường sắt xuyên lục địa, mở cửa các thảo nguyên cho họat động định cư theo Đạo luật Thổ địa Lãnh thổ tự trị, và thiết lập Kị cảnh Tây-",10.158658027648926,5.045502662658691,-5.113155364990234,0.4158496042482955
0003-0017-0006,True,công nghiệp chế tạo,các ngành công nghiệp,10.157703399658203,3.7700412273406982,-6.387662172317505,0.352440620357464
0003-0018-0001,True,Quân đòan Canada,. Các quân nhân tình nguyện được đưa đến Mặt trận phía,10.159061431884766,5.7269463539123535,-4.432115077972412,0.4510662102149681
0003-0018-0002,True,Anh Quốc,Anh,10.15231704711914,7.816891670227051,-2.33542537689209,0.5610278817101634
0003-0018-0003,True,Anh Quốc vẫn duy trì quyền kiểm sóat trên lĩnh vực đối ngọai của Canada theo Đạo luật Liên minh,Quốc vẫn duy trì quyền kiểm sóat trên lĩnh vực đối ngọai của,10.16960620880127,2.4732632637023926,-7.696342945098877,0.2923451982390913
0003-0018-0004,False,,Anh,10.15887451171875,7.443797588348389,-2.7150769233703613,0.5412449508698591
0003-0018-0005,True,"Trong số xấp xỉ 625.000 người Canada phục vụ trong Chiến tranh thế giới thứ nhất, có khỏang 60.000 bị giết và 173.000 bị thương",", tạo ra hố ngăn cách sâu sắc với người Canada Pháp ngữ và chia rẽ tạm thời Đảng",10.177898406982422,0.3699953258037567,-9.807903081178665,0.2093492892605676
0003-0018-0006,True,hủ tướng Bảo thủ Robert Borden cho tiến hành nghĩa vụ quân sự cưỡng bách bất chấp sự phản đối dữ dội của người Québec Pháp ngữ,. Khủng hỏang Tòng quân năm 1917 nổ ra khi Thủ tướng Bảo thủ Robert Borden cho tiến hành nghĩa vụ quân sự cưỡng,10.162891387939453,4.032715320587158,-6.130176067352295,0.36491715028440685
0003-0018-0007,False,,", tạo ra hố ngăn cách sâu sắc với người Canada Pháp ngữ và chia rẽ tạm thời Đảng",10.164148330688477,2.7311506271362305,-7.432997703552246,0.303953109761981
0003-0019-0001,True,William Lyon Mackenzie King,của Thủ tướng William Lyon Mackenzie,9.971763610839844,11.304983139038086,1.3332195281982422,0.7346195909083053
0003-0019-0002,True,"kinh tế bị suy thóai, khiến tòan quốc gặp cảnh gian khổ",", kinh tế bị suy thóai, khiến tòan quốc gặp cảnh",10.171454429626465,4.326544284820557,-5.844910144805908,0.37895415372129887
0003-0019-0003,True,"Trận Dieppe năm 1942, Đồng Minh xâm chiếm Ý, đổ bộ Normandie, trận Normandie, và trận Scheldt vào năm 1944","có Trận Dieppe năm 1942, Đồng Minh xâm chiếm Ý, đổ bộ Normandie, trận Normandie, và trận Scheldt vào năm",9.957025527954102,9.802549362182617,-0.15447616577148438,0.6692475047667041
0003-0019-0004,False,,", kinh tế bị suy thóai, khiến tòan quốc gặp cảnh",10.17661190032959,1.7445580959320068,-8.432053804397583,0.2613411785085545
0003-0019-0005,False,,"có Trận Dieppe năm 1942, Đồng Minh xâm chiếm Ý, đổ bộ Normandie, trận Normandie, và trận Scheldt vào năm",10.04755687713623,9.065746307373047,-0.9818105697631836,0.6295982043428759
0003-0019-0006,True,trang thiết bị quân sự,gia sản xuất các trang thiết bị,10.135343551635742,9.254459381103516,-0.8808841705322266,0.6345426960727418
0003-0019-0007,True,tháng 12 năm 1939,vào tháng 12 năm,10.040946960449219,11.17817497253418,1.137228012084961,0.7264926787121169
0003-0020-0001,True,thi hành song ngữ chính thức (tiếng Anh và tiếng Pháp),và lập thể chế đa nguyên văn hóa,10.128217697143555,7.7533769607543945,-2.37484073638916,0.558981926258904
0003-0020-0002,True,chấp thuận quốc kỳ lá phong hiện nay vào năm 1965,và lập thể chế đa nguyên văn hóa,10.095876693725586,9.873392105102539,-0.22248458862304688,0.6660685000653349
0003-0020-0003,False,,và lập thể chế đa nguyên văn hóa,10.098422050476074,9.38333797454834,-0.7150840759277344,0.6426037880541431
0003-0020-0004,True,hình thành một bản sắc Canada mới,đến hình thành một bản sắc Canada,10.137533187866211,5.181586265563965,-4.955946922302246,0.42391639379526935
0003-0020-0005,False,,là sự kết hợp các chính sách của các chính phủ Tự do kế tiếp,10.123567581176758,5.302330017089844,-4.821237564086914,0.4308612725668517
0003-0020-0006,True,năm 1971,vào năm,9.460291862487793,11.486534118652344,2.026242256164551,0.7620921179383897
0003-0021-0001,True,Mặt trận giải phóng Québec (FLQ),. Mặt trận giải phóng Québec (FLQ),9.403560638427734,11.505133628845215,2.1015729904174805,0.7649574072880391
0003-0021-0002,False,,", Tối cao pháp viện phán quyết rằng ly khai đơn phương của một tỉnh là điều vi hiến, và Nghị viện",10.127721786499023,6.387199878692627,-3.7405219078063965,0.48733534361360875
0003-0021-0003,True,Tây bộ Canada,tại Tây bộ,10.049644470214844,10.700586318969727,0.6509418487548828,0.7056721998551635
0003-0021-0004,False,,thông qua Hòa ước Hồ Meech đã thất bại vào năm 1990. Điều này dẫn đến việc hình thành khối Người Québec tại Québec và cổ vũ Đảng Cải cách Canada tại Tây bộ,10.167234420776367,4.052351474761963,-6.114882946014404,0.36566411679208766
0003-0021-0005,False,,", Đảng Người Québec ủng hộ",10.144330024719238,7.10556697845459,-3.0387630462646484,0.5242724863616891
0003-0021-0006,True,Cách mạng Yên tĩnh,do Cách mạng Yên tĩnh trong thập niên,10.159395217895508,8.776617050170898,-1.3827781677246094,0.609693440942131
0003-0021-0007,True,thất bại,. Các nỗ lực nhằm hòa giải với chủ nghĩa dân tộc Québec bằng hiến pháp thông qua Hòa ước Hồ Meech đã,10.174612045288086,3.0019612312316895,-7.1726508140563965,0.3156797633885655
0003-0022-0001,True,Khủng hỏang Oka năm 1990,và Khủng hỏang Oka năm,9.706907272338867,11.675602912902832,1.9686956405639648,0.7598871386152657
0003-0022-0002,True,gìn giữ hòa bình trong thập kỷ 1990,"sứ mệnh gìn giữ hòa bình trong thập kỷ 1990, bao gồm sứ mệnh UNPROFOR tại Nam Tư",10.16622543334961,7.295584201812744,-2.8706412315368652,0.5330974419316415
0003-0022-0003,False,,", một số cuộc khủng hỏang làm náo động xã hội Canada vào cuối thập niên 1980 và đầu thập niên",10.180721282958984,1.7449737787246704,-8.435747504234314,0.2611909942781291
0003-0022-0004,True,"Chúng gồm có Chuyến bay 182 của Air India phát nổ vào năm 1985, vụ mưu sát hàng lọat lớn nhất trong lịch sử Canada; Thảm sát trường Bách khoa École vào năm 1989, một vụ xả súng đại học với mục tiêu là các nữ sinh; và Khủng hỏang Oka năm 1990","có Chuyến bay 182 của Air India phát nổ vào năm 1985, vụ mưu sát hàng lọat lớn nhất trong lịch sử",10.181488037109375,-0.38015425205230713,-10.561642289161682,0.18427645531898412
0003-0022-0005,True,Chuyến bay 182 của Air India phát nổ vào năm 1985,"; Thảm sát trường Bách khoa École vào năm 1989, một vụ xả súng đại học với mục tiêu là các nữ sinh; và Khủng hỏang Oka năm",10.112833023071289,6.997409820556641,-3.1154232025146484,0.5202431128035695
0003-0022-0006,False,,"; Thảm sát trường Bách khoa École vào năm 1989, một vụ xả súng đại học với mục tiêu là các nữ sinh; và Khủng hỏang Oka năm",10.132650375366211,7.471058368682861,-2.6615920066833496,0.5440412996098942
0003-0022-0007,False,,"sứ mệnh gìn giữ hòa bình trong thập kỷ 1990, bao gồm sứ mệnh UNPROFOR tại Nam Tư",10.174407005310059,5.884949684143066,-4.289457321166992,0.45851788217576783
0003-0023-0001,True,Saint Pierre và Miquelon,còn Saint Pierre và Miquelon thuộc,9.967815399169922,10.11416244506836,0.1463470458984375,0.6831219562318853
0003-0023-0002,False,,và bang,10.033939361572266,9.726844787597656,-0.3070945739746094,0.6620923251493654
0003-0023-0003,True,Hoa Kỳ liền kề ở phía nam và bang Alaska của Hoa Kỳ ở phía tây bắc,với,10.120824813842773,9.69466781616211,-0.42615699768066406,0.6564581620174533
0003-0023-0004,False,,.,10.153674125671387,5.38429069519043,-4.769383430480957,0.43354201107865403
0003-0023-0005,True,Nga,.,10.148954391479492,4.765220642089844,-5.383733749389648,0.4020727351062822
0003-0023-0006,True,Greenland,.,9.90947151184082,9.921382904052734,0.011911392211914062,0.6769599018278242
0003-0023-0007,False,,với,10.124711990356445,9.654534339904785,-0.47017765045166016,0.6543637491244626
0003-0023-0008,True,"Đại Tây Dương ở phía đông đến Thái Bình Dương ở phía tây, phía bắc là Bắc Băng Dương",từ,10.119275093078613,7.873750686645508,-2.2455244064331055,0.5656865607600051
0003-0023-0009,False,,từ,10.146882057189941,5.741456031799316,-4.405426025390625,0.45245873662627234
0003-0024-0001,False,,", Canada tuyên bố chủ quyền với phần thuộc vùng",10.121278762817383,5.32029390335083,-4.800984859466553,0.4319078172166071
0003-0024-0002,True,trạm Alert,",",10.114867210388184,7.2513556480407715,-2.863511562347412,0.5334712702753573
0003-0024-0003,True,Canada-Hoa Kỳ,", biên giới Canada-",9.830507278442383,10.952783584594727,1.1222763061523438,0.7258663646105422
0003-0024-0004,False,,", nằm ở mũi phía bắc của đảo Ellesmere – vĩ độ 82,5°B – cách Bắc Cực 817 kilômét (508 mi",10.136493682861328,5.6871185302734375,-4.449375152587891,0.45016605614451244
0003-0024-0005,True,năm 1925,từ năm,9.883988380432129,11.290665626525879,1.40667724609375,0.7376255141002993
0003-0024-0006,True,"mũi phía bắc của đảo Ellesmere – vĩ độ 82,5°B – cách Bắc Cực 817 kilômét (508 mi)",", nằm ở mũi phía bắc của đảo Ellesmere – vĩ độ 82,5°B – cách Bắc Cực 817 kilômét (508 mi",10.001020431518555,9.662580490112305,-0.33843994140625,0.6606134035275691
0003-0025-0001,True,Dãy núi Rocky của Canada và Dãy núi Coast,trên Dãy núi Rocky của Canada và Dãy núi,9.861340522766113,11.599868774414062,1.7385282516479492,0.7509289269028311
0003-0025-0002,True,sát hại 2.000 người Nisga'a và hủy diệt làng của họ tại thung lũng sông Nass ở bắc bộ British Columbia,", sát hại 2.000 người Nisga'a và hủy diệt làng của",10.11188793182373,6.927107810974121,-3.1847801208496094,0.5165953234218222
0003-0025-0003,False,,một số sông băng,10.151015281677246,1.733533501625061,-8.417481780052185,0.26193421476205214
0003-0025-0004,True,"Canada có khỏang 31.700 hồ lớn hơn 3 kilômét vuông (300 ha), nhiều hơn bất kỳ quốc gia nào khác, và chứa nhiều nước ngọt của thế giới",theo Ngũ Đại Hồ và sông St.,10.150398254394531,1.8193999528884888,-8.330998301506042,0.2654716445354896
0003-0025-0005,True,"hành lang Thành phố Québec – Windsor, nằm tại Nam bộ Québec và Nam bộ Ontario dọc theo Ngũ Đại Hồ và sông St. Lawrence",là hành lang Thành phố Québec –,10.068921089172363,10.194093704223633,0.12517261505126953,0.6821555761217504
0003-0025-0006,True,tám,có tám miền,10.1118745803833,10.095139503479004,-0.016735076904296875,0.6756387739318049
0003-0025-0007,False,,trên Dãy núi Rocky của Canada và Dãy núi,10.085201263427734,10.892179489135742,0.8069782257080078,0.7124530900574785
0003-0025-0008,False,,là hành lang Thành phố Québec –,10.075368881225586,10.190470695495605,0.11510181427001953,0.6816954028336917
0003-0026-0001,False,,dưới hai mươi mấy độ,10.163045883178711,3.2568535804748535,-6.906192302703857,0.32792956412440427
0003-0026-0002,True,dưới −40 °C (−40 °F),là gần −15 °,10.156742095947266,3.5627501010894775,-6.593991994857788,0.34258521081213517
0003-0026-0003,True,British Columbia Duyên hải,trong vùng nội địa và các tỉnh,10.15167236328125,6.204333305358887,-3.9473390579223633,0.47645778893093577
0003-0026-0004,False,,vào mùa,10.113422393798828,9.556806564331055,-0.5566158294677734,0.6502337854881325
0003-0026-0005,True,gần −15 °C (5 °F),là gần −15 °,10.124543190002441,8.523387908935547,-1.6011552810668945,0.5986923350236345
0003-0026-0006,True,Mùa đông,trung bình mùa đông và mùa,10.092382431030273,10.266986846923828,0.1746044158935547,0.6844091364345002
0003-0027-0001,False,,Ngân hàng,10.167211532592773,6.094512939453125,-4.072698593139648,0.4698746954493377
0003-0027-0002,True,Tổ chức Hợp tác và Phát triển kinh tế (OECD) và G8,của Tổ chức Hợp tác và Phát triển kinh tế (OECD) và,10.167521476745605,6.9824371337890625,-3.185084342956543,0.5165793188442752
0003-0027-0003,False,,. Sở giao dịch chứng khóan,10.059403419494629,9.801883697509766,-0.2575197219848633,0.6644248763848118
0003-0027-0004,True,Ngân hàng Canada,Ngân hàng,10.165112495422363,6.783641815185547,-3.3814706802368164,0.5062421600813332
0003-0027-0005,True,"Năm 2008, lượng hàng hóa nhập khẩu của Canada có giá trị trên 442,9 tỷ CAD, trong đó 280,8 tỷ CAD bắt nguồn từ Hoa Kỳ, 11,7 tỷ CAD bắt nguồn từ Nhật Bản, và 11,3 tỷ CAD bắt nguồn từ Anh Quốc",qua bất bình đẳng thu nhập ở mức tương đối,10.182014465332031,4.965819358825684,-5.216195106506348,0.4105864294068851
0003-0027-0006,True,Sở giao dịch chứng khóan Toronto,. Sở giao dịch chứng khóan,9.967187881469727,10.786812782287598,0.8196249008178711,0.7129985803177109
0003-0028-0001,False,,", ngành công nghiệp",10.026875495910645,10.299549102783203,0.2726736068725586,0.6888544012885239
0003-0028-0002,True,ngành công nghiệp dịch vụ,", ngành công nghiệp",10.009590148925781,9.56859016418457,-0.44099998474121094,0.6557526379575049
0003-0028-0003,True,ngành công nghiệp dịch vụ,", ngành công nghiệp",10.004402160644531,10.973651885986328,0.9692497253417969,0.719405160526304
0003-0028-0004,True,"sự phát triển của các ngành chế tạo, khai mỏ, và các lĩnh vực dịch vụ",", sự phát triển của các ngành chế tạo, khai mỏ, và các lĩnh vực",9.940193176269531,11.102916717529297,1.1627235412597656,0.7275586042222688
0003-0028-0005,True,"Kể từ đầu thế kỷ XX, sự phát triển của các ngành chế tạo, khai mỏ, và các lĩnh vực dịch vụ đã chuyển đổi Canada từ một nền kinh tế nông thôn mức độ lớn sang nền kinh tế đô thị hóa, công nghiệp",", sự phát triển của các ngành chế tạo, khai mỏ, và các lĩnh vực",10.085376739501953,9.07476806640625,-1.0106086730957031,0.6281823050138358
0003-0029-0001,True,dựa vào các mỏ khóang sản lân cận hoặc các nguồn gỗ,"mà nông nghiệp gặp khó khăn, kinh tế của họ dựa vào các mỏ khóang sản lân cận hoặc các nguồn",10.167871475219727,7.928622245788574,-2.2392492294311523,0.5660113181196874
0003-0029-0002,True,"Canada cũng là một trong các quốc gia lớn nhất về cung cấp nông sản trên thế giới; Các thảo nguyên Canada là một trong những nơi sản xuất có tầm quan trọng tòan cầu nhất về lúa mì, cải dầu, và các lọai hạt khác","là thiếc và urani, và quốc gia này cũng là nhà xuất khẩu hàng đầu về nhiều lọai khóang sản khác như vàng, niken, nhôm, thép, quặng sắt, than cốc, và",10.175764083862305,-0.5923475027084351,-10.76811158657074,0.17782780203685786
0003-0029-0003,True,thiếc và urani,"như vàng, niken, nhôm, thép, quặng sắt, than cốc, và",10.169902801513672,6.326372146606445,-3.8435306549072266,0.48191545101085054
0003-0029-0004,True,Các mỏ cát dầu Athabasca và các tài sản khác khiến Canada sở hữu 13% trữ lượng dầu tòan cầu,và,10.175982475280762,0.8721426725387573,-9.303839802742004,0.22746799706547496
0003-0029-0005,False,,"như vàng, niken, nhôm, thép, quặng sắt, than cốc, và",10.171753883361816,5.403656959533691,-4.768096923828125,0.4336085706345864
0003-0030-0001,False,,", các mối quan tâm về sự độc lập năng lượng và sở hữu ngọai quốc trong lĩnh vực",10.165718078613281,5.157186508178711,-5.00853157043457,0.42121339379794204
0003-0030-0002,True,Hiệp định Thương mại tự do Canada – Hoa Kỳ (FTA) năm 1988 đã lọai trừ thuế quan giữa hai quốc gia,. Hiệp định Thương mại tự do Canada – Hoa Kỳ (FTA) năm 1988 đã lọai trừ thuế quan giữa hai,10.163189888000488,5.095167636871338,-5.06802225112915,0.41816109560619497
0003-0030-0003,True,Cơ quan Đánh giá đầu tư nước ngòai (FIRA),và Cơ quan Đánh giá đầu tư nước ngòai (FIRA,10.134765625,6.419701099395752,-3.715064525604248,0.4886753138537414
0003-0030-0004,False,,từ sau Chiến tranh thế giới thứ,10.10733699798584,8.83890438079834,-1.2684326171875,0.6154103504244535
0003-0030-0005,True,sau Chiến tranh thế giới thứ hai,từ sau Chiến tranh thế giới thứ,10.078714370727539,9.543817520141602,-0.5348968505859375,0.651273656030315
0003-0030-0006,True,các mối quan tâm về sự độc lập năng lượng và sở hữu ngọai quốc trong lĩnh vực chế tạo,", các mối quan tâm về sự độc lập năng lượng và sở hữu ngọai quốc trong lĩnh vực",10.164529800415039,5.563032627105713,-4.601497173309326,0.4422472827475651
0003-0030-0007,True,khuyến khích đầu tư nước ngòai,"tên FIRA thành cơ quan ""Đầu tư",10.152924537658691,5.617090225219727,-4.535834312438965,0.44566202944277816
0003-0030-0008,False,,"tên FIRA thành cơ quan ""Đầu tư Canada"", nhằm khuyến khích đầu tư nước ngòai. Hiệp định Thương mại tự do Canada – Hoa Kỳ (FTA) năm 1988 đã lọai trừ thuế quan giữa hai",10.165817260742188,1.0343434810638428,-9.131473779678345,0.23391193152444067
0003-0031-0001,True,"các tay máy robot Canadarm, Canadarm2 và Dextre",rộng rãi tên lửa thám,10.148067474365234,2.822643995285034,-7.3254234790802,0.30876881731249967
0003-0031-0002,True,một nước tiên phong,là một nước tiên phong trong người máy,10.118879318237305,5.989645004272461,-4.129234313964844,0.46690908389440255
0003-0031-0003,True,"Radarsat-1 và 2, ISIS và MOST",có Radarsat-1 và,10.159414291381836,0.5329601764678955,-9.62645411491394,0.21574665093990578
0003-0031-0004,False,,trong trạm vũ trụ quốc tế (ISS,10.110363006591797,9.354972839355469,-0.7553901672363281,0.6406513415116482
0003-0031-0005,True,ISS,trong trạm vũ trụ quốc tế (,10.1265230178833,8.836883544921875,-1.2896394729614258,0.6143524285578511
0003-0031-0006,False,,có Radarsat-1 và,10.161945343017578,-0.5069383382797241,-10.668883681297302,0.18090465483837107
0003-0032-0001,False,,quân chủ bị hạn chế trong việc tham gia trực tiếp vào các lĩnh vực,10.151789665222168,0.8109416961669922,-9.340847969055176,0.2261008915518734
0003-0032-0002,True,Nội các,trước Chúng,9.995071411132812,10.739744186401367,0.7446727752685547,0.7097566598562324
0003-0032-0003,False,,"do Thủ tướng Canada lựa chọn và đứng đầu, thủ tướng là người đứng đầu chính phủ (Thủ tướng hiện tại là ông",10.138799667358398,7.015848636627197,-3.122951030731201,0.5198472882101055
0003-0032-0004,True,Trong các tình thế khủng hỏang nhất định,". Trong các tình thế khủng hỏang nhất định, Tòan quyền hay quân chủ có thể thực thi quyền lực của họ mà không phải dựa theo cố vấn của các",10.154775619506836,1.4085500240325928,-8.746225595474243,0.248767908903387
0003-0032-0005,True,hạn chế trong việc tham gia trực tiếp vào các lĩnh vực cai trị,bị hạn chế trong việc tham gia trực tiếp vào các lĩnh vực,10.150398254394531,2.0784082412719727,-8.071990013122559,0.2762466213270037
0003-0032-0006,True,Thủ tướng Canada,do Thủ tướng,10.104521751403809,8.509790420532227,-1.594731330871582,0.5990174349841949
0003-0033-0001,False,,": Đảng Bảo thủ (đảng cầm quyèn), Đảng Tân Dân chủ (đối lập chính thức), Đảng Tự do, Khối Người Québec, và Đảng",10.139090538024902,8.840723991394043,-1.2983665466308594,0.6139167565278866
0003-0033-0002,True,bầu theo đa số giản đơn trong một khu vực tuyển cử,theo đa số giản đơn trong một khu vực tuyển,10.131793022155762,5.634525299072266,-4.497267723083496,0.44767007029064293
0003-0033-0003,True,75,đến tuổi,10.130372047424316,9.6537504196167,-0.4766216278076172,0.6540566524320216
0003-0033-0004,True,"Tổng tuyển cử phải do tòan quyền yêu cầu, theo cố vấn của thủ tướng trong vòng bốn năm tính từ cuộc bầu cử trước đó, hoặc nếu chính phủ thất bại trong một cuộc bỏ phiếu tín nhiệm tại nghị viện","phải do tòan quyền yêu cầu, theo cố vấn của thủ tướng trong vòng bốn năm tính từ cuộc bầu cử trước đó, hoặc nếu chính phủ thất bại trong một cuộc bỏ phiếu tín nhiệm tại",10.136232376098633,4.48461389541626,-5.651618480682373,0.38858358712774765
0003-0033-0005,True,"Đảng Bảo thủ (đảng cầm quyèn), Đảng Tân Dân chủ (đối lập chính thức), Đảng Tự do, Khối Người Québec, và Đảng Xanh",": Đảng Bảo thủ (đảng cầm quyèn), Đảng Tân Dân chủ (đối lập chính thức), Đảng Tự do, Khối Người Québec, và Đảng",10.140521049499512,9.389404296875,-0.7511167526245117,0.6408585699941922
0003-0034-0001,True,Hiến pháp Canada,. Đạo luật Hiến pháp,10.142534255981445,4.39240837097168,-5.750125885009766,0.3836647373724388
0003-0034-0002,True,khẳng định sự cai trị dựa trên tiền lệ nghị viện và phân chia quyền lực giữa các chính phủ liên bang và cấp tỉnh,", khẳng định sự cai trị dựa trên tiền lệ nghị viện và phân chia quyền lực giữa các chính phủ liên bang và cấp",10.050640106201172,7.498464584350586,-2.552175521850586,0.5497530857331452
0003-0034-0003,True,Hiến chương đảm bảo các quyền lợi và quyền tự do mà theo thường lệ không thể bị chà đạp bởi bất kỳ chính phủ nào,. Hiến chương đảm bảo các quyền lợi và quyền tự do mà theo thường lệ không thể bị chà đạp bởi bất kỳ chính phủ,10.146860122680664,4.902188301086426,-5.244671821594238,0.40913541379618773
0003-0034-0004,True,Quy chế Westminster 1931 trao đầy đủ quyền tự trị và Đạo luật Hiến pháp 1982,. Quy chế Westminster 1931 trao đầy đủ quyền tự trị và Đạo luật Hiến pháp,10.082836151123047,9.980976104736328,-0.10186004638671875,0.6716964662718458
0003-0035-0001,False,,là một lọat 11 hiệp định được gọi là Các hiệp định Được,10.163826942443848,6.2191572189331055,-3.944669723510742,0.47659806271820715
0003-0035-0002,True,Các hiệp định Được đánh số,là một lọat 11 hiệp định được gọi là Các hiệp định Được,10.162613868713379,6.381853103637695,-3.7807607650756836,0.4852177170835879
0003-0035-0003,True,"Đạo luật người Da đỏ (Indian Act), các hiệp định khác nhau và các án lệ pháp",". Đạo luật người Da đỏ (Indian Act), các hiệp định khác nhau và các án lệ",9.751850128173828,11.457996368408203,1.706146240234375,0.7496508411991993
0003-0035-0004,False,,"bao gồm cung cấp các dịch vụ như y tế, và miễn",10.160682678222656,8.25210189819336,-1.9085807800292969,0.5830376350613804
0003-0035-0005,True,"Các quyền lợi này có thể bao gồm cung cấp các dịch vụ như y tế, và miễn thuế","bao gồm cung cấp các dịch vụ như y tế, và miễn",10.162628173828125,7.910778522491455,-2.25184965133667,0.5653591551696233
0003-0035-0006,True,tương đối hòa bình,". Đạo luật người Da đỏ (Indian Act), các hiệp định khác nhau và các án lệ pháp được lập ra để điều đình các quan hệ giữa người châu Âu và các dân tộc",10.168370246887207,2.5512685775756836,-7.617101669311523,0.2958106391922608
0003-0036-0001,True,cố vấn của thủ tướng và bộ trưởng tư pháp,do tòan quyền bổ nhiệm theo cố vấn của thủ tướng và bộ trưởng,10.014116287231445,6.851102828979492,-3.163013458251953,0.5177403380119807
0003-0036-0002,True,Chánh án Richard Wagner,là Chánh án Richard,10.061939239501953,10.263002395629883,0.2010631561279297,0.6856118265757835
0003-0036-0003,True,giải thích các pháp luật và có quyền phủ định các đạo luật của nghị viện nếu chúng vi hiến,quan trọng trong giải thích các pháp luật và có quyền phủ định các đạo luật của nghị viện nếu chúng vi,10.130644798278809,5.675148963928223,-4.455495834350586,0.4498469260272007
0003-0036-0004,False,,là Chánh án Richard,10.101701736450195,9.726554870605469,-0.37514686584472656,0.6588775251516831
0003-0036-0005,False,,quyền hạn cấp tỉnh và,10.148703575134277,2.968080997467041,-7.180622577667236,0.315317088330189
0003-0036-0006,True,Nội các liên bang cũng bổ nhiệm các thẩm phán cho các tòa cấp cao có quyền hạn cấp tỉnh và lãnh thổ,quyền hạn cấp tỉnh và,10.153376579284668,7.372704982757568,-2.7806715965270996,0.537811936414543
0003-0037-0001,False,,"Hoa Kỳ chia sẻ đường biên giới không được bảo vệ dài nhất thế giới, hợp tác trong các chiến dịch và tập luyện quân sự, và là đối tác thương mại lớn nhất của",10.137564659118652,1.1246984004974365,-9.012866258621216,0.23841915725279791
0003-0037-0002,True,"Canada và Hoa Kỳ chia sẻ đường biên giới không được bảo vệ dài nhất thế giới, hợp tác trong các chiến dịch và tập luyện quân sự, và là đối tác thương mại lớn nhất của nhau","Hoa Kỳ chia sẻ đường biên giới không được bảo vệ dài nhất thế giới, hợp tác trong các chiến dịch và tập luyện quân sự, và là đối tác thương mại lớn nhất của",10.133108139038086,1.7259362936019897,-8.407171845436096,0.2623543211898142
0003-0037-0003,False,,. Canada cũng duy trì các quan hệ mang tính lịch sử với Anh Quốc và Pháp và với các cựu thuộc địa của Anh và,10.111186027526855,2.3432693481445312,-7.767916679382324,0.28923565286767156
0003-0037-0004,True,Canada từng góp phần giải phóng Hà Lan trong Chiến tranh thế giới thứ hai,do Canada từng góp phần giải phóng Hà Lan trong Chiến tranh thế giới thứ,10.113161087036133,1.818363070487976,-8.294798016548157,0.2669613681477272
0003-0037-0005,True,tư cách viên của minh trong Thịnh vượng chung các quốc gia và Cộng đồng Pháp ngữ,thông qua tư cách viên của minh trong Thịnh vượng chung các quốc gia và Cộng đồng Pháp,10.123455047607422,6.65567684173584,-3.467778205871582,0.5016969917278123
0003-0037-0006,True,duy trì quan hệ đầy đủ với Cuba và từ chối chính thức tham gia trong Cuộc xâm chiếm Iraq năm 2003,là việc duy trì quan hệ đầy đủ với Cuba và từ chối chính thức tham gia trong Cuộc xâm chiếm Iraq năm,10.075745582580566,10.064483642578125,-0.011261940002441406,0.6758914030970725
0003-0038-0001,True,Anh Quốc,với Đế quốc Anh và Thịnh vượng,10.001822471618652,9.90347671508789,-0.09834575653076172,0.6718597047903303
0003-0038-0002,True,Canada gắn bó chặt chẽ với Đế quốc Anh và Thịnh vượng chung,"này tham gia nhiều trong các nỗ lực quân sự của Anh Quốc trong Chiến tranh Boer lần thứ hai, Chiến tranh thế giới thứ nhất và Chiến tranh thế giới thứ",10.150309562683105,4.434706211090088,-5.715603351593018,0.38538592774416464
0003-0038-0003,True,"Chiến tranh Boer lần thứ hai, Chiến tranh thế giới thứ nhất và Chiến tranh thế giới thứ hai","trong Chiến tranh Boer lần thứ hai, Chiến tranh thế giới thứ nhất và Chiến tranh thế giới thứ",9.882745742797852,10.768084526062012,0.8853387832641602,0.7158230432669473
0003-0038-0004,True,"Canada chủ trương đa phương hóa, tiến hành các nỗ lực nhằm giải quyết các vấn đề tòan cầu bằng cách cộng tác với các quốc gia khác",", Canada chủ trương đa phương hóa, tiến hành các nỗ lực nhằm giải quyết các vấn đề tòan cầu bằng cách cộng tác với các quốc gia",10.156932830810547,-0.1908634901046753,-10.347796320915222,0.19114480694842695
0003-0038-0005,False,,"trong Chiến tranh Boer lần thứ hai, Chiến tranh thế giới thứ nhất và Chiến tranh thế giới thứ",9.81075668334961,10.561573028564453,0.7508163452148438,0.7100232022343697
0003-0038-0006,False,,"chủ trương đa phương hóa, tiến hành các nỗ lực nhằm giải quyết các vấn đề tòan cầu bằng cách cộng tác với các quốc gia",10.150003433227539,5.429564952850342,-4.720438480377197,0.436075927582696
0003-0039-0001,True,Lester B. Pearson,",",9.90771484375,9.244197845458984,-0.6635169982910156,0.6450948290700128
0003-0039-0002,True,làm giảm căng thẳng bằng đề xuất triển khai Lực lượng gìn giữ hòa bình Liên Hiệp Quốc,bằng đề xuất triển khai Lực lượng gìn giữ hòa bình,10.164299011230469,8.183424949645996,-1.9808740615844727,0.5793306211387267
0003-0039-0003,True,Khủng hỏang Kênh đào Suez,Trong Khủng hỏang Kênh đào,10.034795761108398,9.65739917755127,-0.3773965835571289,0.6587709962583801
0003-0039-0004,False,,phải đối mặt với các tranh luận về sự dính líu của họ đến các quốc gia,10.165771484375,0.9073466658592224,-9.258424818515778,0.22915361116430044
0003-0039-0005,True,Canada thỉnh thỏang phải đối mặt với các tranh luận về sự dính líu của họ đến các quốc gia khác,; Canada thỉnh thỏang phải đối mặt với các tranh luận về sự dính líu của họ đến các quốc gia,10.16455364227295,2.2079362869262695,-7.95661735534668,0.28113234523636604
0003-0039-0006,False,,Trong Khủng hỏang Kênh đào,10.050734519958496,9.222585678100586,-0.8281488418579102,0.6371150913514423
0003-0039-0007,False,,bằng đề xuất triển khai Lực lượng gìn giữ hòa bình,10.168127059936523,7.631013870239258,-2.5371131896972656,0.5505383817329289
0003-0040-0001,False,,", Canada, Ý, Anh Quốc, Na Uy, và",10.021207809448242,10.908841133117676,0.8876333236694336,0.7159213620729347
0003-0040-0002,True,Nga tiến hành chiếm thám hiểm dưới nước đến Bắc Cực,khi Nga tiến hành chiếm thám hiểm dưới nước đến,10.120667457580566,8.878752708435059,-1.2419147491455078,0.6167316814107757
0003-0040-0003,True,"1,5 tỷ đô la Mỹ","dự án 1,5 tỷ đô la",10.118338584899902,10.37144660949707,0.25310802459716797,0.6879702774096373
0003-0040-0004,True,tháng 2 năm 2007,Vào tháng 2 năm,10.007749557495117,10.879950523376465,0.8722009658813477,0.7152597058000323
0003-0040-0005,True,"Canada, Ý, Anh Quốc, Na Uy, và Nga",", Canada, Ý, Anh Quốc, Na Uy, và",10.013580322265625,10.931188583374023,0.9176082611083984,0.7172038717893547
0003-0041-0001,True,Tổng thu nhập của các tỉnh nhiều hơn của chính phủ liên bang,của chính phủ,10.111655235290527,9.931331634521484,-0.18032360076904297,0.6680410852524618
0003-0041-0002,True,bảo đảm các tiêu chuẩn thống nhất hợp lý về các dịch vụ và thuế được thi hành giữa các tỉnh giàu hơn và nghèo hơn,nhằm bảo đảm các tiêu chuẩn thống nhất hợp lý về các dịch vụ và thuế được thi hành giữa các tỉnh giàu hơn và nghèo,10.127504348754883,7.932905197143555,-2.194599151611328,0.568320428153926
0003-0041-0003,True,Các tỉnh có quyền tự trị lớn hơn các lãnh thổ,. Các tỉnh có quyền tự trị lớn hơn các,10.114944458007812,8.682348251342773,-1.432596206665039,0.6071931420270441
0003-0041-0004,True,Canada là một liên bang gồm có mười tỉnh và ba lãnh thổ,có mười tỉnh và ba,10.149046897888184,8.001452445983887,-2.147594451904297,0.5707481026428026
0003-0041-0005,False,,có mười tỉnh và ba,10.121017456054688,8.011106491088867,-2.1099109649658203,0.5726919104400449
0003-0041-0006,False,,có mười tỉnh và ba,10.137680053710938,8.537490844726562,-1.600189208984375,0.5987412310566821
0003-0042-0001,True,dân số già hơn,hướng dân số già,10.159248352050781,9.003604888916016,-1.1556434631347656,0.6210183982954424
0003-0042-0002,True,80%,. Xấp xỉ 80,9.669906616210938,11.39594841003418,1.7260417938232422,0.7504366158912694
0003-0042-0003,True,81,là,10.150899887084961,9.192834854125977,-0.9580650329589844,0.6307640145595822
0003-0042-0004,False,,Hoa Kỳ dưới 150 kilômét (93,10.141500473022461,9.608503341674805,-0.5329971313476562,0.6513645433000206
0003-0042-0005,False,,là,10.153767585754395,9.07266616821289,-1.081101417541504,0.6247071728176797
0003-0042-0006,True,dưới 150 kilômét (93 mi),Hoa Kỳ dưới 150 kilômét (93,10.12105941772461,9.903448104858398,-0.21761131286621094,0.6662968047700802
0003-0042-0007,False,,hướng dân số già,10.168152809143066,7.870153427124023,-2.297999382019043,0.5629686569181405
0003-0042-0008,False,,"tại hành lang thành phố Québec –Windsor, Lower Mainland tại British Columbia, và hành lang Calgary–Edmonton tại",10.1659574508667,6.995631694793701,-3.170325756072998,0.5173557017193142
0003-0042-0009,True,"hành lang thành phố Québec –Windsor, Lower Mainland tại British Columbia, và hành lang Calgary–Edmonton tại Alberta","tại hành lang thành phố Québec –Windsor, Lower Mainland tại British Columbia, và hành lang Calgary–Edmonton tại",10.156679153442383,7.7268385887146,-2.429840564727783,0.5561236829991246
0003-0043-0001,True,"tăng trưởng 18,4%","tăng trưởng 18,4",10.178056716918945,6.766836643218994,-3.411220073699951,0.5046755617306399
0003-0043-0002,False,,gấp hai,10.015345573425293,11.027242660522461,1.011897087097168,0.7212151619228687
0003-0043-0003,True,4%,và 4,9.962515830993652,10.85287094116211,0.890355110168457,0.7160379613459665
0003-0043-0004,True,Nam Á,"là Trung Quốc, Philippines và",10.164408683776855,8.821910858154297,-1.3424978256225586,0.6117108572320421
0003-0043-0005,False,,". 16,2",10.1608304977417,6.076404571533203,-4.084425926208496,0.4692593500253401
0003-0043-0006,False,,"tăng trưởng 18,4",10.179661750793457,4.818803787231445,-5.360857963562012,0.40323184558001673
0003-0043-0007,True,gần gấp hai lần,gấp hai,9.960235595703125,11.040703773498535,1.0804681777954102,0.7241103287275648
0003-0044-0001,True,hơn 10%,chiếm hơn 10,10.072757720947266,10.793949127197266,0.72119140625,0.7087365738466035
0003-0044-0002,True,"Toronto, Montreal và Vancouver","như Toronto, Montreal và",10.131579399108887,9.706122398376465,-0.4254570007324219,0.656491417593797
0003-0044-0003,True,Canada,đến,10.127317428588867,2.708852529525757,-7.41846489906311,0.3046012165806059
0003-0044-0004,True,chính sách kinh tế và đòan tụ gia đình,người cao nhất,10.141255378723145,6.717383861541748,-3.4238715171813965,0.5040093091089338
0003-0045-0001,True,"38,7%","với 38,7%",10.134833335876465,6.991149425506592,-3.143683910369873,0.5187569947183498
0003-0045-0002,False,,", khỏang 23,9% cư dân Canada coi rằng mình không",10.156510353088379,6.172494411468506,-3.984015941619873,0.4745308006356957
0003-0045-0003,True,Kitô giáo,hữu Kitô,10.056992530822754,10.233938217163086,0.17694568634033203,0.684515659574795
0003-0045-0004,True,"Canada là quốc gia đa tôn giáo, bao gồm nhiều tín ngưỡng và phong tục",là quốc gia đa,10.113509178161621,9.507111549377441,-0.6063976287841797,0.6478449268809098
0003-0045-0005,False,,hữu Kitô,10.094831466674805,8.805336952209473,-1.289494514465332,0.6143596636156333
0003-0045-0006,True,"Năm 2011, khỏang 23,9% cư dân Canada coi rằng mình không tôn giáo, so với 16,5% vào năm 2001",", khỏang 23,9% cư dân Canada coi rằng mình không",10.152613639831543,7.413893222808838,-2.738720417022705,0.5400079603788676
0003-0046-0001,False,,Canada biểu hiện tốt hơn mức trung bình của,10.164068222045898,7.915555953979492,-2.2485122680664062,0.5655319110112335
0003-0046-0002,False,,từ 5–7 đến 16–18,10.126527786254883,9.606369018554688,-0.5201587677001953,0.6519784734853105
0003-0046-0003,True,"học sinh Canada biểu hiện tốt hơn mức trung bình của OECD, đặc biệt là trong tóan học, khoa học, và đọc",Canada biểu hiện tốt hơn mức trung bình của,10.163348197937012,8.802722930908203,-1.3606252670288086,0.6108034245968114
0003-0046-0004,True,5–7,từ 5–7 đến 16–18,10.096368789672852,10.907333374023438,0.8109645843505859,0.7126251007761276
0003-0046-0005,True,Chương trình đánh giá học sinh quốc tế (PISA),của,10.16368293762207,6.063735008239746,-4.099947929382324,0.46844503831505846
0003-0046-0006,True,Độ tuổi bắt buộc đến trường có phạm vi từ 5–7 đến 16–18 tuổi,. Độ tuổi bắt buộc đến,10.054449081420898,10.346820831298828,0.2923717498779297,0.6897431259053761
0003-0047-0001,True,tiếng Anh và tiếng Pháp,là tiếng Anh và tiếng,9.92135238647461,10.980525970458984,1.059173583984375,0.7232132360241643
0003-0047-0002,True,ngang nhau,"Pháp có địa vị ngang nhau trong các tòa án liên bang, Nghị viện, và trong tòan bộ các cơ quan",10.141258239746094,6.27139139175415,-3.8698668479919434,0.4805303818242074
0003-0047-0003,True,Canada có hai ngôn ngữ chính thức là tiếng Anh và tiếng Pháp,về Quyền lợi và Tự do và Đạo luật ngôn ngữ chính thức của,10.086737632751465,8.570581436157227,-1.5161561965942383,0.6029867960788602
0003-0047-0004,False,,đảm bảo có trường học sử dụng chúng tại tất cả các tỉnh và,10.160355567932129,6.207942962646484,-3.9524126052856445,0.4761911837717006
0003-0047-0005,True,các ngôn ngữ thiểu số có địa vị chính thức được đảm bảo có trường học sử dụng chúng tại tất cả các tỉnh và lãnh thổ,đảm bảo có trường học sử dụng chúng tại tất cả các tỉnh và,10.1647367477417,5.151242256164551,-5.013494491577148,0.42095852664163513
0003-0048-0001,True,New Brunswick,"tại Ontario,",9.925841331481934,8.08051872253418,-1.845322608947754,0.5862736834529486
0003-0048-0002,False,,"tại Ontario,",9.932205200195312,9.314565658569336,-0.6176395416259766,0.6473044354943867
0003-0048-0003,True,Ontario,"tại Ontario,",9.964360237121582,6.774474143981934,-3.1898860931396484,0.5163267029251304
0003-0048-0004,True,Québec,"tại Ontario,",10.01456069946289,8.592557907104492,-1.4220027923583984,0.6077252864116818
0003-0048-0005,True,Hiến chương Pháp ngữ 1977,ngữ,10.130727767944336,7.253486633300781,-2.8772411346435547,0.5327513575560547
0003-0049-0001,True,"11 nhóm ngôn ngữ Thổ dân, bao gồm hơn 65 phương ngôn riêng biệt",song tiếng,10.14718246459961,6.486663341522217,-3.6605191230773926,0.49154687928655405
0003-0049-0002,True,có số người nói thành thạo đủ lớn để được xem là có thể sinh tồn trường kỳ,có số người nói thành thạo đủ,10.167387008666992,7.128498554229736,-3.038888454437256,0.524265897155163
0003-0049-0003,True,"Các tỉnh khác không có ngôn ngữ chính thức như vậy, song tiếng Pháp được sử dụng như một ngôn ngữ trong giảng dạy, trong tòa án, và cho các dịch vụ chính quyền khác, cùng với tiếng Anh",khác,10.170656204223633,6.9188055992126465,-3.2518506050109863,0.5130661008825471
0003-0049-0004,True,Các Lãnh thổ Tây Bắc,tại Các Lãnh thổ,10.103531837463379,7.683774948120117,-2.4197568893432617,0.5566479975958403
0003-0049-0005,False,,"khác không có ngôn ngữ chính thức như vậy, song tiếng",10.165657043457031,2.9979567527770996,-7.167700290679932,0.3159051003111028
0003-0049-0006,False,,khác,10.171891212463379,5.469415187835693,-4.7024760246276855,0.4370067024989739
0003-0049-0007,False,,có số người nói thành thạo đủ,10.164985656738281,6.006763458251953,-4.158222198486328,0.4653894019892623
0003-0050-0001,True,nhiều nhà bình luận nói tiếng Pháp nói về một văn hóa Québec khác biệt với văn hóa Canada Anh ngữ,một văn hóa Québec khác biệt với văn hóa Canada Anh,10.172057151794434,3.448237657546997,-6.7238194942474365,0.3364522000456081
0003-0050-0002,False,,một văn hóa Québec khác biệt với văn hóa Canada Anh,10.173295974731445,4.586503982543945,-5.5867919921875,0.3918331149803742
0003-0050-0003,False,,.,9.025026321411133,7.772994518280029,-1.2520318031311035,0.6162277716036418
0003-0050-0004,True,"tài trợ công khai chăm sóc sức khỏe, áp thuế cao hơn để tái phân phối của cải, xóa bỏ tử hình, những nôc lự mạnh mẽ nhằm lọai trừ nghèo khổ, kiểm sóat súng nghiêm ngặt, và hợp pháp hóa hôn nhân đồng tính",và hợp pháp hóa hôn nhân,10.080493927001953,8.493658065795898,-1.5868358612060547,0.5994168854824852
0003-0050-0005,False,,"như tài trợ công khai chăm sóc sức khỏe, áp thuế cao hơn để tái phân phối của cải, xóa bỏ",10.14181137084961,4.1581878662109375,-5.983623504638672,0.3721015436679283
0003-0050-0006,True,Québec,.,9.011980056762695,7.830831050872803,-1.1811490058898926,0.6197529911758192
0003-0050-0007,True,"những ảnh hưởng của các dân tộc thành phần, và các chính sách nhằm thúc đẩy đa nguyên văn hóa được bảo vệ theo hiến pháp","từ những ảnh hưởng của các dân tộc thành phần, và các chính sách nhằm thúc đẩy đa nguyên văn hóa được bảo vệ theo",10.169456481933594,2.696920394897461,-7.472536087036133,0.3021937909042286
0003-0050-0008,False,,"từ những ảnh hưởng của các dân tộc thành phần, và các chính sách nhằm thúc đẩy đa nguyên văn hóa được bảo vệ theo",10.175044059753418,-0.44100844860076904,-10.616052508354187,0.18255968810620263
0003-0051-0001,True,"Anh Quốc, Pháp, và thổ dân","truyền thống Anh Quốc, Pháp, và",10.173683166503906,5.393568992614746,-4.78011417388916,0.4329869318910362
0003-0051-0002,False,,. Việc duy trì một văn hóa Canada,10.142107963562012,6.63628625869751,-3.505821704864502,0.49969339318433537
0003-0051-0003,True,"Việc duy trì một văn hóa Canada riêng biệt được chính phủ ủng hộ thông qua các chương trình, các đạo luật, và các thể chế như Công ty Phát thanh-Truyền hình Canada (CBC), Cục Điện ảnh Quốc gia Canada (NFB), và Ủy ban Phát thanh-Truyền hình và Viễn thông Canada (CRTC)","như Công ty Phát thanh-Truyền hình Canada (CBC), Cục Điện ảnh Quốc gia Canada (NFB), và Ủy ban Phát thanh-Truyền hình và Viễn thông Canada (CRTC",10.125600814819336,6.973841667175293,-3.151759147644043,0.5183322880236816
0003-0051-0004,True,"ngôn ngữ, nghệ thuật và âm nhạc","Thông qua ngôn ngữ, nghệ thuật và",10.113256454467773,11.108884811401367,0.9956283569335938,0.7205255444064799
0003-0052-0001,True,phong cảnh và chân dung về những người bản địa tại vùng Duyên hải Tây Bắc Thái Bình Dương,với các bức họa phong cảnh và chân dung về những người bản địa tại vùng Duyên hải Tây Bắc,10.17749309539795,2.981823444366455,-7.195669651031494,0.31463313547766275
0003-0052-0002,True,dân tộc chủ nghĩa và duy tâm chủ nghĩa,tiêu điểm dân tộc chủ nghĩa và duy tâm,10.163166046142578,5.126003265380859,-5.037162780761719,0.4197436407456699
0003-0052-0003,False,,kéo dài một,10.1647310256958,9.466628074645996,-0.6981029510498047,0.6434249510879255
0003-0052-0004,False,,vào năm,10.077924728393555,10.785924911499023,0.7080001831054688,0.708162590564892
0003-0052-0005,True,Tom Thomson – họa sĩ nổi tiếng nhất của quốc gia – hay Group of Seven,như Tom Thomson – họa sĩ nổi tiếng nhất của quốc gia – hay Group of Seven (nhóm 7 họa sĩ,9.88355827331543,7.423793792724609,-2.4597644805908203,0.5545670160806602
0003-0052-0006,True,kéo dài một thập kỷ,kéo dài một,10.106689453125,11.226357460021973,1.1196680068969727,0.7257570138084664
0003-0052-0007,True,một thập kỷ,vào năm,10.05595874786377,10.908906936645508,0.8529481887817383,0.7144329514746367
0003-0053-0001,True,The Bold Canadian,"là The Bold Canadian (người Canada Dũng cảm), được viết vào năm 1812. Quốc ca của Canada là ""O",10.0613374710083,7.678000450134277,-2.3833370208740234,0.5585406398009907
0003-0053-0002,True,"Nelly Furtado, Avril Lavigne, Michael Bublé, Drake, The Weeknd và Justin Bieber","như Nelly Furtado, Avril Lavigne, Michael Bublé, Drake, The Weeknd và",9.799333572387695,11.302704811096191,1.503371238708496,0.7415486797267176
0003-0053-0003,False,,từ trên 200,10.145567893981934,7.885265350341797,-2.2603025436401367,0.5649215298900472
0003-0053-0004,True,Ủy ban Phát thanh-Truyền hình và Viễn thông Canada,. Ủy ban Phát thanh-Truyền hình và Viễn thông,9.291818618774414,11.50931167602539,2.2174930572509766,0.7693196687522237
0003-0053-0005,True,"Ngành công nghiệp âm nhạc của Canada sản sinh ra những nhà sọan nhạc, nhạc sĩ, ban nhạc nổi tiếng ở tầm quốc tế","Canada sản sinh ra những nhà sọan nhạc, nhạc sĩ, ban nhạc nổi tiếng ở tầm",10.157517433166504,4.125807762145996,-6.031709671020508,0.3697378201146603
0003-0053-0006,False,,. Ủy ban Phát thanh-Truyền hình và Viễn thông,9.399667739868164,11.377778053283691,1.9781103134155273,0.76024882942767
0003-0053-0007,True,trên 200 năm,từ trên 200,10.142803192138672,7.993621826171875,-2.149181365966797,0.5706661973358811
0003-0053-0008,False,,. Âm nhạc,10.10698127746582,6.667477130889893,-3.4395041465759277,0.503186041321171
0003-0053-0009,False,,"như Nelly Furtado, Avril Lavigne, Michael Bublé, Drake, The Weeknd và Justin Bieber đã đạt được những tầm cao mới về thành công quốc tế, đồng thời thống trị các bảng xếp hạng âm nhạc",10.161279678344727,0.9484900832176208,-9.212789595127106,0.2308562218327129
0003-0054-0001,True,bi đá trên băng và bóng đá Canada,là khúc côn cầu trên băng và bóng,10.143026351928711,6.891628265380859,-3.2513980865478516,0.5130899169887906
0003-0054-0002,False,,vào năm,10.068634033203125,10.576248168945312,0.5076141357421875,0.699362214595703
0003-0054-0003,True,"Canada tham gia vào hầu như mọi kỳ Thế vận hội kể từ lần đầu tham gia vào năm 1900, và từng tổ chức một số sự kiện thể thao quốc tế cao cấp, bao gồm Thế vận hội Mùa hè 1976 tại Montréal, Thế vận hội Mùa đông 1988 tại Calgary, Thế vận hội Mùa đông 2010 tại Vancouver và Giải vô địch bóng chày thế giới 1994 và Giải vô địch bóng đá U-20 thế giới 2007",là khúc côn cầu trên băng và bóng,10.15173053741455,0.01597040891647339,-10.135760128498077,0.19814637023672593
0003-0054-0004,True,thập niên 1770,vào năm,10.132801055908203,8.715044975280762,-1.4177560806274414,0.6079385418851188
0003-0054-0005,True,năm 2026,vào năm,10.040108680725098,10.734027862548828,0.6939191818237305,0.707549157640868
0003-0054-0006,False,,vào năm,10.139532089233398,7.719811916351318,-2.41972017288208,0.5566499064889795
0003-0054-0007,True,khúc côn cầu trên băng và bóng vợt,là khúc côn cầu trên băng và bóng,10.029321670532227,11.512166023254395,1.482844352722168,0.7407190460963252
0004-0001-0001,True,trừng phạt kinh tế,áp đặt trừng phạt,10.148689270019531,5.042211055755615,-5.106478214263916,0.41619134372640926
0004-0001-0002,False,,vào các thành phố của,10.142534255981445,6.2643632888793945,-3.878170967102051,0.48009371385458666
0004-0001-0003,False,,. Cuộc chiến không mở rộng ra ngòai vùng biên giới Iraq/Kuwait/Ả Rập Xê,10.12182331085205,7.1527099609375,-2.969113349914551,0.5279306556292174
0004-0001-0004,True,Cuộc chiến không mở rộng ra ngòai vùng biên giới Iraq/Kuwait/Ả Rập Xê Út,". Cuộc chiến không mở rộng ra ngòai vùng biên giới Iraq/Kuwait/Ả Rập Xê Út, dù Iraq đã bắn tên lửa vào các thành phố của",10.115846633911133,7.336162090301514,-2.779684543609619,0.5378636230006654
0004-0001-0005,True,"Iraq, Kuwait và những vùng giáp biên giới Ả Rập Xê Út",vào các thành phố của,10.141656875610352,6.116689205169678,-4.024967670440674,0.4723801123482441
0004-0001-0006,True,việc Iraq xâm chiếm Kuwait ngày 2 tháng 8 năm 1990,"việc Iraq xâm chiếm Kuwait ngày 2 tháng 8 năm 1990, sau khi Iraq cho rằng (nhưng không chứng minh được) Kuwait đã ""khoan nghiêng"" giếng dầu của họ vào biên giới",10.135915756225586,4.324197769165039,-5.811717987060547,0.3806011911073546
0004-0001-0007,True,"Iraq cho rằng (nhưng không chứng minh được) Kuwait đã ""khoan nghiêng"" giếng dầu của họ vào biên giới Iraq","đã ""khoan nghiêng"" giếng dầu của họ vào biên giới",10.101425170898438,8.98338508605957,-1.1180400848388672,0.6228810116302556
0004-0001-0008,True,Iraq xâm chiếm Kuwait ngày 2 tháng 8 năm 1990,việc Iraq xâm chiếm,10.120108604431152,8.90899658203125,-1.2111120223999023,0.6182643548897601
0004-0002-0001,True,"Chiến dịch ""Lá chắn sa mạc"" (Desert Shield)","và ""Chiến tranh vịnh Ba",10.12845230102539,8.658489227294922,-1.4699630737304688,0.6053140474262373
0004-0002-0002,True,ngày 22 tháng 3 năm 2003,""" ngày 22 tháng 3 năm",8.96473503112793,11.723755836486816,2.7590208053588867,0.7889411001241268
0004-0002-0003,True,Chiến tranh vịnh Ba Tư,"và ""Chiến tranh vịnh Ba",10.131163597106934,9.69143009185791,-0.43973350524902344,0.6558128637391645
0004-0002-0004,True,Desert Storm,là,10.10073471069336,3.227963924407959,-6.8727707862854,0.3294831592542326
0004-0002-0005,True,Cuộc chiến của mọi cuộc chiến,"- ""Cuộc chiến của mọi",9.958159446716309,10.515800476074219,0.5576410293579102,0.7015734012182633
0004-0002-0006,False,,"""Chiến tranh Vùng Vịnh"" và ""Chiến tranh vịnh Ba Tư",10.10201644897461,6.669835567474365,-3.432180881500244,0.5035717119568279
0004-0002-0007,True,Harb Tahrir al-Kuwait,là Harb Tahrir al-,9.616840362548828,11.484893798828125,1.8680534362792969,0.7559974075797388
0004-0002-0008,False,,"""Chiến tranh Vùng Vịnh"" và ""Chiến tranh vịnh Ba",10.14122200012207,3.4153432846069336,-6.725878715515137,0.33635535900472957
0004-0003-0001,True,"""caza tự trị"" bên trong Iraq của Đế chế Ottoman",", Kuwait bị coi là một ""caza tự trị"" bên trong Iraq của Đế chế",10.087355613708496,7.789421558380127,-2.297934055328369,0.5629720428541701
0004-0003-0002,True,Anh,coi Kuwait và,10.043722152709961,10.261406898498535,0.21768474578857422,0.6863660953143114
0004-0003-0003,False,,của,9.997833251953125,9.908496856689453,-0.08933639526367188,0.6722779992003521
0004-0003-0004,False,,Ottoman năm,9.519708633422852,10.9312162399292,1.4115076065063477,0.7378224041161547
0004-0003-0005,True,những quan chức Iraq,của,9.99312973022461,9.872174263000488,-0.1209554672241211,0.6708087605884145
0004-0003-0006,True,năm 1913,Ottoman năm,9.542047500610352,10.998970031738281,1.4569225311279297,0.7396688957139929
0004-0003-0007,True,Anh,của,9.982674598693848,9.91946792602539,-0.06320667266845703,0.6734896241547873
0004-0003-0008,True,chiến tranh thế giới thứ nhất,", theo Hiệp định Anh-Ottoman năm",10.077882766723633,7.486923694610596,-2.590959072113037,0.5477299183831252
0004-0004-0001,True,"xác nhận việc Kuwait từng là một phần của lãnh thổ Iraq và đã bị chủ nghĩa thực dân tách ra một cách không công bằng, và Iraq sáp nhập Kuwait để bù ""phí tổn kinh tế"" khi họ phải bảo vệ Kuwait trước Iran cũng như việc Kuwait đã khoan nghiêng vào các giếng dầu của họ",để xác nhận việc Kuwait từng là một phần của lãnh thổ Iraq và đã bị chủ nghĩa thực dân tách ra một cách không,10.099945068359375,7.209106922149658,-2.890838146209717,0.5320382612389187
0004-0004-0002,True,Iraq,của,10.075027465820312,9.40353012084961,-0.6714973449707031,0.6447098340075572
0004-0004-0003,True,Iraq là nước đệm chống lại Iran bảo vệ cho tòan bộ các nước Ả Rập,rằng vì Iraq là nước đệm chống lại Iran bảo vệ cho tòan bộ các nước,10.116649627685547,7.207055568695068,-2.9095940589904785,0.5310543917397328
0004-0004-0004,True,"Iraq sáp nhập Kuwait để bù ""phí tổn kinh tế"" khi họ phải bảo vệ Kuwait trước Iran cũng như việc Kuwait đã khoan nghiêng vào các giếng dầu của họ",để xác nhận việc Kuwait từng là một phần của lãnh thổ Iraq và đã bị chủ nghĩa thực dân tách ra một cách không,10.078617095947266,7.445047378540039,-2.6335697174072266,0.5455052909106194
0004-0004-0005,True,làm tăng giá dầu mỏ thông qua việc cắt giảm sản lượng khai thác của OPEC,khi làm tăng giá dầu mỏ thông qua việc cắt giảm sản lượng khai thác của,9.940996170043945,10.936563491821289,0.9955673217773438,0.7205229552132731
0004-0004-0006,False,,để xác nhận việc Kuwait từng là một phần của lãnh thổ Iraq và đã bị chủ nghĩa thực dân tách ra một cách không,10.102399826049805,7.233715534210205,-2.8686842918395996,0.5332000534298822
0004-0004-0007,False,,nên Kuwait và Ả Rập Xê,10.052245140075684,9.485963821411133,-0.5662813186645508,0.6497705566211852
0004-0004-0008,True,để được Iraq bảo vệ khỏi những người Shi'ite ở Iran,là để xác nhận việc Kuwait từng là một phần của lãnh thổ Iraq và đã bị chủ nghĩa thực dân tách ra một cách không,10.101076126098633,7.220573425292969,-2.880502700805664,0.5325803165557171
0004-0004-0009,False,,khi làm tăng giá dầu mỏ thông qua việc cắt giảm sản lượng khai thác của,9.979557037353516,10.912954330444336,0.9333972930908203,0.7178780104080619
0004-0005-0001,True,Hoa Kỳ,lại Israel và,10.127029418945312,9.623790740966797,-0.5032386779785156,0.6527868208540628
0004-0005-0002,False,,và,10.105976104736328,9.939940452575684,-0.16603565216064453,0.6687082438955138
0004-0005-0003,True,Israel,xâm chiếm Kuwait được biện hộ bởi những lời kêu gọi của chủ nghĩa quốc gia,10.127277374267578,9.246549606323242,-0.8807277679443359,0.634550336737952
0004-0005-0004,False,,bị chủ nghĩa thực dân,9.864154815673828,11.817468643188477,1.9533138275146484,0.7592954009392949
0004-0005-0005,False,,của người,10.077722549438477,10.029448509216309,-0.04827404022216797,0.6741810070382417
0004-0005-0006,True,phụ thuộc vào các nước đồng minh phương Tây,ở vùng,10.13596248626709,7.779362201690674,-2.356600284576416,0.5599289970821585
0004-0005-0007,True,Palestine,của người,10.068384170532227,10.561107635498047,0.4927234649658203,0.6987022464319265
0004-0005-0008,True,chủ nghĩa thực dân Anh,bị chủ nghĩa thực dân,9.891687393188477,11.806916236877441,1.9152288436889648,0.7578259919312383
0004-0005-0009,True,một cách để khôi phục Đế chế Babylon theo cách khoa trương của những người Ả Rập theo chủ nghĩa quốc gia,là một bước trên con đường tiến tới một Liên hiệp Ả Rập rộng lớn,10.120908737182617,7.853045463562012,-2.2678632736206055,0.5645300081049144
0004-0006-0001,True,ngày 29 tháng 12 năm 1979,khủng bố ngày 29 tháng 12 năm,9.95579719543457,11.526961326599121,1.5711641311645508,0.7442763463520735
0004-0006-0002,True,Hoa Kỳ,",",10.035612106323242,9.807640075683594,-0.22797203063964844,0.6658113295189164
0004-0006-0003,False,,với,10.138850212097168,9.091275215148926,-1.0475749969482422,0.6263615763754953
0004-0006-0004,False,,khủng bố ngày 29 tháng 12 năm,9.966114044189453,11.524717330932617,1.558603286743164,0.7437723862224179
0004-0006-0005,True,Iraq hỗ trợ cho nhiều nhóm chiến binh Ả Rập và Palestine,ở sự cải thiện các chính sách của,10.162137031555176,5.4620513916015625,-4.700085639953613,0.4371306005718426
0004-0006-0006,True,444 ngày,dài 444,10.141639709472656,10.043586730957031,-0.098052978515625,0.6718733024348559
0004-0006-0007,True,Trong một nỗ lực nhằm mở ra khả năng về những quan hệ có thể có với Iraq,này nhờ ở sự cải thiện các chính sách của,10.110581398010254,5.635722637176514,-4.47485876083374,0.44883762312296005
0004-0006-0008,True,Iraq,với,10.13404655456543,9.77207088470459,-0.36197566986083984,0.6595008869951188
0004-0007-0001,True,Trung Quốc,"là Liên Xô, Pháp, Ai Cập, và bắt đầu từ năm đó là",9.996503829956055,10.555923461914062,0.5594196319580078,0.7016518431767099
0004-0007-0002,True,Donald Rumsfeld,cử,9.275354385375977,7.808692932128906,-1.4666614532470703,0.6054802047198913
0004-0007-0003,False,,vào tháng 11 năm,9.967889785766602,11.483457565307617,1.5155677795410156,0.7420408065868348
0004-0007-0004,True,tháng 11 năm 1983,vào tháng 11 năm,9.46938705444336,11.680447578430176,2.2110605239868164,0.7690790942643285
0004-0007-0005,False,,"từ các nước khác (nhiều nhất là Liên Xô, Pháp, Ai Cập, và bắt đầu từ năm đó là",10.120088577270508,8.04371452331543,-2.076374053955078,0.5744199437027432
0004-0007-0006,True,Trung Quốc,là,9.949621200561523,9.937779426574707,-0.011841773986816406,0.6758646439580772
0004-0007-0007,True,"Liên Xô, Pháp, Ai Cập","từ các nước khác (nhiều nhất là Liên Xô, Pháp, Ai Cập, và bắt đầu từ năm đó là",10.077250480651855,9.374120712280273,-0.703129768371582,0.6431819548534753
0004-0007-0008,False,,"là Liên Xô, Pháp, Ai Cập, và bắt đầu từ năm đó là",10.03184986114502,10.077710151672363,0.04586029052734375,0.6785219182327766
0004-0008-0001,False,,Vì sợ rằng nước Iran cách mạng sẽ đánh bại Iraq và xuất khẩu Cách mạng Hồi giáo của mình sang các nước Trung Đông,10.111417770385742,6.7973737716674805,-3.3140439987182617,0.5097923367017331
0004-0008-0002,True,Vì sợ rằng nước Iran cách mạng sẽ đánh bại Iraq và xuất khẩu Cách mạng Hồi giáo của mình sang các nước Trung Đông khác,Vì sợ rằng nước Iran cách mạng sẽ đánh bại Iraq và xuất khẩu Cách mạng Hồi giáo của mình sang các nước Trung Đông,10.12893295288086,5.217020034790039,-4.91191291809082,0.42618338107396186
0004-0008-0003,True,Viện hòa bình quốc tế Stockholm,theo Viện hòa bình quốc tế,9.979398727416992,10.549251556396484,0.5698528289794922,0.702111741141217
0004-0008-0004,True,Vì sợ rằng nước Iran cách mạng sẽ đánh bại Iraq và xuất khẩu Cách mạng Hồi giáo của mình sang các nước Trung Đông khác,Vì sợ rằng nước Iran cách mạng sẽ đánh bại Iraq và xuất khẩu Cách mạng Hồi giáo của mình sang các nước Trung Đông,10.112488746643066,6.889198303222656,-3.22329044342041,0.5145691051267764
0004-0008-0005,True,khỏang 200 triệu đô la Mỹ,bán khỏang 200 triệu đô la,9.86180591583252,9.758237838745117,-0.10356807708740234,0.6716171133749403
0004-0008-0006,True,máy bay trực thăng,bán máy bay,9.923823356628418,10.90744686126709,0.9836235046386719,0.7200160000058948
0004-0009-0001,False,,. Chủ tịch Ủy ban thượng,9.729299545288086,11.66769027709961,1.9383907318115234,0.7587203589531804
0004-0009-0002,True,Chủ tịch Ủy ban thượng nghị viện,. Chủ tịch Ủy ban thượng,10.0767822265625,9.41569709777832,-0.6610851287841797,0.645212112195143
0004-0009-0003,True,vũ khí hóa học,và không một tác nhân sinh học nào trong bản báo cáo trên có liên quan tới các vũ khí hóa,10.109844207763672,8.541755676269531,-1.5680885314941406,0.600364827216419
0004-0009-0004,True,bệnh than,cả khuẩn bệnh,10.123308181762695,10.014104843139648,-0.10920333862304688,0.6713552369210284
0004-0009-0005,True,Bộ Thương mại Hoa Kỳ,rằng Bộ Thương mại,10.136466979980469,7.650936126708984,-2.4855308532714844,0.5532257685179577
0004-0009-0006,False,,rằng Bộ Thương mại,10.137931823730469,7.632150650024414,-2.5057811737060547,0.5521711095569282
0004-0009-0007,True,"Clostridium botulinum, Histoplasma capsulatum, Brucella melitensis và Clostridium perfringens",cả khuẩn bệnh,10.073197364807129,9.22708511352539,-0.8461122512817383,0.6362397204216492
0004-0009-0008,True,năm 1983,từ năm,10.125232696533203,8.062105178833008,-2.0631275177001953,0.5751019907161755
0004-0010-0001,True,kinh tế,viện trợ,10.101555824279785,9.706445693969727,-0.3951101303100586,0.6579316629046101
0004-0010-0002,True,5 tỷ dollar,được 5 tỷ dollar,10.097269058227539,10.882325172424316,0.7850561141967773,0.7115060582322976
0004-0010-0003,True,Cuộc chiến của Iraq với Iran và sự suy sụp trong sản xuất và buôn bán dầu mỏ của họ,. Cuộc chiến của Iraq với Iran và sự suy sụp trong sản xuất và buôn bán dầu mỏ của,9.865800857543945,11.473060607910156,1.607259750366211,0.745720931813178
0004-0010-0004,True,xây dựng đường ống dẫn dầu qua Jordan,để xây dựng đường ống dẫn dầu qua,10.104310035705566,10.88408374786377,0.7797737121582031,0.7112775822236148
0004-0010-0005,False,,viện trợ,10.0762939453125,9.784591674804688,-0.2917022705078125,0.6628174007743277
0004-0010-0006,True,năm 1983,. Năm,10.124796867370605,9.093727111816406,-1.0310697555541992,0.6271749666493717
0004-0010-0007,True,"400 triệu đô la một năm năm 1983 và tăng tới hơn 1 tỷ một năm năm 1988 và 1989, cuối cùng kết thúc với khỏan tiền 500 triệu năm 1990",được 5 tỷ,10.155256271362305,1.8537359237670898,-8.301520347595215,0.2666843275156649
0004-0010-0008,False,,được 5 tỷ dollar,10.102340698242188,10.510024070739746,0.4076833724975586,0.6949174676597831
0004-0011-0001,True,Tổng thống George H. W. Bush,", Tổng thống George H. W.",9.765416145324707,11.612333297729492,1.8469171524047852,0.755175108792921
0004-0011-0002,False,,khi Iraq tấn công xâm chiến,10.022290229797363,10.730365753173828,0.7080755233764648,0.7081658706971207
0004-0011-0003,True,Việc tiếp cận tới nguồn dầu mỏ ở Vịnh Péc xích và an ninh của các quốc gia đồng minh chủ chốt trong vùng,", ""Việc tiếp cận tới nguồn dầu mỏ ở Vịnh Péc xích và an ninh của các quốc gia đồng minh chủ chốt trong",10.131696701049805,7.718204021453857,-2.4134926795959473,0.5569736503491868
0004-0011-0004,True,Ngày 2 tháng 10 năm 1989,. Ngày 2 tháng 10 năm,9.676400184631348,11.6763334274292,1.9999332427978516,0.7610857825726046
0004-0011-0005,True,phục vụ cho những lợi ích lâu dài và thúc đẩy sự ổn định ở cả Vịnh Péc xích và Trung Đông,tiếp tục,10.148120880126953,3.9949209690093994,-6.153199911117554,0.36379381642346365
0004-0011-0006,True,Iraq tấn công xâm chiến Kuwait,khi Iraq tấn công xâm chiến,9.976848602294922,10.847799301147461,0.8709506988525391,0.7152060604906297
0004-0011-0007,False,,tiếp tục,10.147937774658203,3.1510133743286133,-6.99692440032959,0.3237309228844558
0004-0012-0001,True,Saddam Hussein,triệu tập Đại sứ,10.01707649230957,6.850826263427734,-3.166250228881836,0.5175700822701041
0004-0012-0002,True,Đại sứ Hoa Kỳ April Glaspie,triệu tập Đại sứ,9.745208740234375,8.664225578308105,-1.0809831619262695,0.6247130134362477
0004-0012-0003,False,,.,10.107475280761719,9.185115814208984,-0.9223594665527344,0.6325141413639704
0004-0012-0004,False,,". Hai văn bản về cuộc gặp đó đã được thảo ra, cả hai rất trái ngược",10.150203704833984,2.2432897090911865,-7.906913995742798,0.28325329122994974
0004-0012-0005,True,"những bất bình của mình đối với Kuwait, trong khi hứa hẹn rằng ông sẽ không xâm chiếm Kuwait trước khi tiếp diễn những cuộc đàm phán thẳng thắn khác",". Hai văn bản về cuộc gặp đó đã được thảo ra, cả hai rất trái ngược",10.14646053314209,2.9283127784729004,-7.2181477546691895,0.31361290794333835
0004-0012-0006,True,vùng biên giới với Kuwait,"và Kuwait sa lầy, Quân đội Iraq tập trung tới vùng biên giới với",10.14014720916748,4.502320766448975,-5.637826442718506,0.38927411619135
0004-0012-0007,False,,triệu tập Đại sứ Hoa Kỳ,10.10736083984375,5.33115291595459,-4.77620792388916,0.4331889747397567
0004-0012-0008,False,,và,10.140003204345703,6.450788497924805,-3.6892147064208984,0.4900361067918659
0004-0012-0009,False,,triệu tập Đại sứ,9.880313873291016,7.2807230949401855,-2.59959077835083,0.5472794231335676
0004-0012-0010,True,Hai,.,10.064111709594727,9.570741653442383,-0.49337005615234375,0.6532578824164338
0004-0013-0001,True,Nhiều người tin rằng những trù tính của Saddam đã bị ảnh hưởng bởi việc nhận thức được rằng Hoa Kỳ không quan tâm tới vấn đề,hơn sự hủy bỏ một biên giới nhân tạo ở bên,10.157402992248535,4.712136268615723,-5.4452667236328125,0.3989603342126376
0004-0013-0002,True,không,và,10.099592208862305,9.795539855957031,-0.30405235290527344,0.6622356937072178
0004-0013-0003,True,phù hợp với tính trung lập chính thức của Hoa Kỳ về vấn đề Iraq-Kuwait,(phù hợp với tính trung lập chính thức của Hoa Kỳ về vấn đề Iraq-,10.016916275024414,9.509296417236328,-0.5076198577880859,0.652577596835953
0004-0013-0004,False,,và,10.106891632080078,9.717761993408203,-0.389129638671875,0.6582151516059446
0004-0013-0005,False,,(phù hợp với tính trung lập chính thức của Hoa Kỳ về vấn đề Iraq-,10.015594482421875,9.500001907348633,-0.5155925750732422,0.6521967071465048
0004-0014-0001,True,Thiếu tướng Fahd Ahmed Al-Fahd,",",10.021236419677734,4.7254319190979,-5.295804500579834,0.4065339596175167
0004-0014-0002,True,chỉ là một sự giả mạo,sự,10.15685749053955,6.218003749847412,-3.9388537406921387,0.4769037059458069
0004-0014-0003,True,Bộ trưởng Ngọai giao Kuwait,rằng Bộ trưởng Ngọai giao,9.581198692321777,11.6240234375,2.0428247451782227,0.7627249082114324
0004-0014-0004,True,một âm mưu của CIA và Kuwait nhằm làm mất ổn định kinh tế và chính trị Iraq,về một âm mưu của CIA và Kuwait nhằm làm mất ổn định kinh tế và chính trị,10.147239685058594,8.871559143066406,-1.2756805419921875,0.6150489037896238
0004-0014-0005,True,năm 1989,11 năm,10.140649795532227,9.174395561218262,-0.9662542343139648,0.6303621293526206
0004-0014-0006,False,,về một âm mưu của CIA và Kuwait nhằm làm mất ổn định kinh tế và chính trị,10.159469604492188,6.562945365905762,-3.596524238586426,0.4949166139267818
0004-0014-0007,False,,11 năm,10.138538360595703,9.208189010620117,-0.9303493499755859,0.6321228144163139
0004-0015-0001,False,,sáng ngày 2 tháng 8 năm,10.154617309570312,10.006481170654297,-0.14813613891601562,0.6695430843463688
0004-0015-0002,True,ngày 2 tháng 8 năm 1990,sáng ngày 2 tháng 8 năm,10.151359558105469,10.234561920166016,0.08320236206054688,0.6802354556917096
0004-0015-0003,True,bộ binh và xe bọc thép,với bộ binh và xe,10.02397346496582,11.166120529174805,1.1421470642089844,0.7266985384090967
0004-0015-0004,True,Alaa Hussein Ali,do Alaa Hussein,9.065215110778809,11.797597885131836,2.7323827743530273,0.7880051651998184
0004-0015-0005,True,Ả Rập Xê Út,"cả cung điện Emir. Quân đội Kuwait nhanh chóng bị áp đảo, dù họ cũng kìm chân địch đủ thời gian cho Không quân Kuwait bay sang trốn ở Ả Rập Xê",10.099567413330078,5.52656888961792,-4.572998523712158,0.443728681989997
0004-0015-0006,False,,do Alaa Hussein,9.13131332397461,11.818437576293945,2.687124252319336,0.786408046228773
0004-0015-0007,True,Cung Emir,tại,9.875642776489258,5.978325366973877,-3.897317409515381,0.47908702470883774
0004-0016-0001,True,"kêu gọi tìm ra một giải pháp cho cuộc xung đột từ bên trong Liên đòan Ả Rập, và cảnh báo chống lại sự can thiệp từ bên ngòai",cũng kêu gọi tìm ra một giải pháp cho cuộc xung đột từ bên trong Liên đòan,10.149698257446289,2.0066628456115723,-8.143035411834717,0.27326429502572896
0004-0016-0002,True,661,thông qua Nghị quyết,9.763895988464355,11.017145156860352,1.253249168395996,0.7313222657912627
0004-0016-0003,True,Ngày 3 tháng 8,. Ngày 3 tháng,9.692411422729492,11.182197570800781,1.489786148071289,0.7409998057294634
0004-0016-0004,False,,. Ngày 3 tháng,9.583440780639648,11.495983123779297,1.9125423431396484,0.757722110245272
0004-0016-0005,True,Hoa Kỳ,và,10.127942085266113,9.94329833984375,-0.18464374542236328,0.6678392282326534
0004-0016-0006,False,,", lên án cuộc xâm lược và yêu cầu Iraq rút",10.161493301391602,1.9161384105682373,-8.245354890823364,0.2690046316614866
0004-0016-0007,False,,và,10.117110252380371,9.974955558776855,-0.14215469360351562,0.6698218237371404
0004-0016-0008,True,lên án cuộc xâm lược và yêu cầu Iraq rút quân,", lên án cuộc xâm lược và yêu cầu Iraq rút",10.15952205657959,3.1613945960998535,-6.998127460479736,0.3236754394522795
0004-0016-0009,False,,cũng kêu gọi tìm ra một giải pháp cho cuộc xung đột từ bên trong Liên đòan,10.152565956115723,1.6822738647460938,-8.470292091369629,0.25978912978151436
0004-0017-0001,True,Riyadh,"xâm lược Ả Rập Xê Út, một nước có tầm quan trọng hơn rất nhiều so với",10.075126647949219,9.948003768920898,-0.1271228790283203,0.6705217896365853
0004-0017-0002,True,Riyadh,vào,9.949013710021973,9.978078842163086,0.02906513214111328,0.6777496556937307
0004-0017-0003,True,ngăn Iraq xâm lược Ả Rập Xê Út,. Thắng lợi nhanh chóng của quân đội Iraq trước,10.137385368347168,6.735657215118408,-3.4017281532287598,0.5051754162029598
0004-0017-0004,False,,"xâm lược Ả Rập Xê Út, một nước có tầm quan trọng hơn rất nhiều so với",10.06933879852295,9.639307022094727,-0.43003177642822266,0.6562740506063107
0004-0017-0005,False,,vào,9.721292495727539,9.981614112854004,0.26032161712646484,0.6882964029349732
0004-0017-0006,True,một sa mạc rộng lớn với điều kiện khí hậu khắc nghiệt,qua một sa mạc,10.076831817626953,10.503560066223145,0.4267282485961914,0.6957673920841133
0004-0017-0007,True,các giếng dầu ở Hama,ở,10.13428783416748,9.813249588012695,-0.32103824615478516,0.6614348308991206
0004-0017-0008,False,,. Thắng lợi nhanh chóng của quân đội Iraq trước,10.143632888793945,5.675634384155273,-4.467998504638672,0.4491951698905122
0004-0018-0001,True,kẻ trông coi bất hợp pháp của những thành phố linh thiêng như Mecca và Medina,để công kích vương triều Ả Rập Xê,10.152724266052246,9.072948455810547,-1.0797758102416992,0.6247726421907306
0004-0018-0002,True,vì Iraq nợ Ả Rập Xê Út tới khỏang 26 tỷ đô la Mỹ,là rất lớn vì Iraq nợ Ả Rập Xê Út tới khỏang 26 tỷ đô la,10.163717269897461,5.912773609161377,-4.250943660736084,0.4605329546401037
0004-0018-0003,False,,là rất lớn vì Iraq nợ Ả Rập Xê Út tới khỏang 26 tỷ đô la,10.168131828308105,5.2898640632629395,-4.878267765045166,0.42791762135787165
0004-0018-0004,True,lôi kéo sự ủng hộ từ Nhóm huynh đệ Hồi giáo và chia rẽ nhóm Hồi giáo Mu-gia-hít-đin với Ả Rập Xê Út,đam gộp cả ngôn ngữ của những nhóm Hồi giáo đang chiến đấu ở Afghanistan thời đó với kiểu phát biểu khoa trương mà Iran từ lâu đã sử dụng để tấn công Ả Rập Xê,10.153861999511719,3.891986608505249,-6.26187539100647,0.35851173171949763
0004-0018-0005,True,Thánh Ala vĩ đại,. Việc đưa thêm dòng chữ Allahu Akbar (Thánh Ala vĩ đại) vào lá cờ Iraq và những hình ảnh Xát-đam đang cầu nguyện ở,10.150138854980469,7.236193656921387,-2.913945198059082,0.5308261114370444
0004-0018-0006,True,dùng những lời phát biểu,dùng những lời phát biểu để công kích vương triều Ả Rập Xê,10.150503158569336,7.65988302230835,-2.4906201362609863,0.5529607577470161
0004-0019-0001,False,,những thiết giáp hạm USS Missouri và USS,10.071008682250977,9.738409042358398,-0.3325996398925781,0.6608891964614394
0004-0019-0002,True,USS Wisconsin,và USS,10.087255477905273,10.437700271606445,0.3504447937011719,0.6923550628164971
0004-0019-0003,False,,thiết giáp hạm USS Missouri và USS,10.122011184692383,8.303720474243164,-1.8182907104492188,0.5876542815517488
0004-0019-0004,True,ngăn chặn đà tiến của quân đội Iraq,nhằm ngăn chặn đà tiến của quân đội,10.152149200439453,5.892740249633789,-4.259408950805664,0.4600899294083393
0004-0019-0005,False,,", 48",9.555158615112305,10.895072937011719,1.339914321899414,0.7348944540300661
0004-0019-0006,True,48,", 48",9.56106185913086,10.912089347839355,1.351027488708496,0.7353503170053091
0004-0019-0007,True,USS Dwight D. Eisenhower và USS Independence,thiết giáp hạm USS Missouri và USS,10.0424222946167,7.204939365386963,-2.8374829292297363,0.5348357015602697
0004-0019-0008,True,500.000 quân,tới 500.000,10.124094009399414,9.972248077392578,-0.15184593200683594,0.6693701456209626
0004-0019-0009,False,,nhằm ngăn chặn đà tiến của quân đội,10.15372085571289,5.196835517883301,-4.95688533782959,0.42386811615372794
0004-0020-0001,True,"cảm thấy rằng cuộc chiến là công việc nội bộ của Ả Rập, hay lo ngại sự tăng cường ảnh hưởng của Mỹ ở Kuwait","khi chứng khiến sự hiếu chiến của Iraq đối với các nước Ả Rập khác, và khi được hứa hẹn viện trợ kinh tế cũng như giảm",10.162982940673828,5.9685821533203125,-4.194400787353516,0.4634936536051625
0004-0020-0002,False,,"khi chứng khiến sự hiếu chiến của Iraq đối với các nước Ả Rập khác, và khi được hứa hẹn viện trợ kinh tế cũng như giảm",10.162774085998535,6.436652183532715,-3.7261219024658203,0.48809327860673557
0004-0020-0003,True,"chứng khiến sự hiếu chiến của Iraq đối với các nước Ả Rập khác, và khi được hứa hẹn viện trợ kinh tế cũng như giảm nợ","khi chứng khiến sự hiếu chiến của Iraq đối với các nước Ả Rập khác, và khi được hứa hẹn viện trợ kinh tế cũng như giảm",10.16221809387207,6.382944583892822,-3.779273509979248,0.4852959770002447
0004-0020-0004,True,74,chiếm 74,9.831249237060547,11.664880752563477,1.8336315155029297,0.7546572787103779
0004-0020-0005,True,"Afghanistan, Argentina, Úc, Bahrain, Bangladesh, Canada, Tiệp Khắc, Đan Mạch, Ai Cập, Pháp, Đức, Hy Lạp, Hungary, Honduras, Ý, Kuwait, Maroc, Hà Lan, New Zealand, Niger, Na Uy, Oman, Pakistan, Ba Lan, Bồ Đào Nha, Qatar, Ả Rập Xê Út, Sénégal, Hàn Quốc, Tây Ban Nha, Syria, Thổ Nhĩ Kỳ, Các Tiểu vương quốc Ả Rập Thống nhất, Anh",": Afghanistan, Argentina, Úc, Bahrain, Bangladesh, Canada, Tiệp Khắc, Đan Mạch, Ai Cập, Pháp, Đức, Hy Lạp, Hungary, Honduras, Ý, Kuwait, Maroc, Hà Lan,",10.126069068908691,3.398353338241577,-6.727715730667114,0.3362689794742316
0004-0020-0006,True,34,từ 34,10.10814380645752,10.433711051940918,0.32556724548339844,0.6912376467167641
0004-0021-0001,False,,phát triển vũ khí,10.150018692016602,4.279510021209717,-5.870508670806885,0.3776858230166661
0004-0021-0002,True,Không đổi máu lấy dầu,"khẩu hiệu ""Không đổi máu lấy",9.863234519958496,11.576309204101562,1.7130746841430664,0.749924666921255
0004-0021-0003,True,vũ khí hạt nhân hay vũ khí hủy diệt hàng lọat,phát triển vũ khí,10.11849594116211,8.4910306930542,-1.6274652481079102,0.5973599503186233
0004-0021-0004,True,Ả Rập Xê Út,với Ả Rập Xê,9.279867172241211,11.781034469604492,2.5011672973632812,0.7797540730052099
0004-0021-0005,True,sự gây hấn lộ liễu sẽ không có chỗ đứng,"""sự gây hấn lộ liễu sẽ không có chỗ đứng",10.137786865234375,8.054862976074219,-2.0829238891601562,0.5740825963192973
0004-0021-0006,True,lịch sử vi phạm nhân quyền của Iraq dưới chế độ Tổng thống Saddam Hussein,là tầm quan trọng của mối quan hệ liên minh lâu dài với Ả Rập Xê,10.109457015991211,6.745116233825684,-3.3643407821655273,0.5071441641685198
0004-0021-0007,False,,"Mỹ không bằng lòng với cách giải thích đó và khẩu hiệu ""Không đổi máu lấy dầu"" đã trở thành tiếng kêu thường thấy nhất trong các cuộc biểu tình phản đối từ bên trong nước",10.131420135498047,3.2778701782226562,-6.853549957275391,0.33037833036928727
0004-0022-0001,False,,", tổ chức các công dân cho một nước Kuwait",9.598249435424805,11.531475067138672,1.9332256317138672,0.7585211104541204
0004-0022-0002,False,,giá 11 triệu dollar do chính phủ,10.144601821899414,10.212575912475586,0.06797409057617188,0.6795372511654086
0004-0022-0003,True,một thành viên của Gia đình hòang gia Kuwait,là một thành viên của Gia đình hòang gia,10.140609741210938,6.423810005187988,-3.716799736022949,0.4885839742400159
0004-0022-0004,True,binh sĩ Iraq là đã lôi những đứa trẻ ra khỏi lồng ấp trong các bệnh viện Kuwait và để chúng chết dưới sàn,là đã lôi những đứa trẻ ra khỏi lồng ấp trong các bệnh viện Kuwait và để chúng chết dưới,10.137600898742676,9.851838111877441,-0.2857627868652344,0.6630969838563847
0004-0022-0005,True,chính phủ Kuwait,giá 11 triệu dollar do chính phủ,10.115056037902832,10.364160537719727,0.24910449981689453,0.6877891981719112
0004-0022-0006,True,tổ chức các công dân cho một nước Kuwait tự do,", tổ chức các công dân cho một nước Kuwait",9.578015327453613,11.575615882873535,1.9976005554199219,0.7609964150899992
0004-0022-0007,False,,giá 11 triệu,9.867847442626953,11.64865493774414,1.7808074951171875,0.7525910706777466
0004-0022-0008,False,,là một thành viên của Gia đình hòang gia,10.141844749450684,6.021300315856934,-4.12054443359375,0.4673647694444707
0004-0022-0009,True,11 triệu dollar,giá 11 triệu,9.376646041870117,11.816641807556152,2.439995765686035,0.7775329683058083
0004-0023-0001,False,,"nhưng Syria,",10.127119064331055,8.179187774658203,-1.9479312896728516,0.5810209780537428
0004-0023-0002,True,Tổ chức Giải phóng Palestine dưới quyền lãnh đạo của Yasser Arafat hòan tòan ủng hộ Saddam Hussein,"khi Tổ chức Giải phóng Palestine dưới quyền lãnh đạo của Yasser Arafat hòan tòan ủng hộ Saddam Hussein, sau này dẫn tới một sự tuyệt giao trong quan hệ giữa Palestine-",10.158256530761719,3.200363874435425,-6.957892656326294,0.32553369489259665
0004-0023-0003,True,tăng cường viện trợ,là việc rút quân không điều kiện ra khỏi,10.155284881591797,4.937318325042725,-5.217966556549072,0.4104961204552862
0004-0023-0004,False,,là việc rút quân không điều kiện ra khỏi,10.152667999267578,5.1359758377075195,-5.016692161560059,0.420794334961297
0004-0023-0005,True,"rút quân khỏi Kuwait phải được ""gắn liền với"" sự rút quân đồng thời của quân đội Syria ra khỏi Liban và quân đội Israel ra khỏi Bờ Tây, Dải Gaza, Cao nguyên Golan, và Nam Liban",việc rút quân không điều kiện ra khỏi,10.141275405883789,6.1358842849731445,-4.0053911209106445,0.47340810363056873
0004-0023-0006,True,"Syria, Israel và liên minh chống Iraq",. Maroc và,10.084546089172363,9.871742248535156,-0.21280384063720703,0.6665219503218162
0004-0023-0007,True,là việc rút quân không điều kiện ra khỏi Kuwait,là việc rút quân không điều kiện ra khỏi,10.105423927307129,10.500015258789062,0.3945913314819336,0.6943324313071787
0004-0023-0008,False,,"khi Tổ chức Giải phóng Palestine dưới quyền lãnh đạo của Yasser Arafat hòan tòan ủng hộ Saddam Hussein, sau này dẫn tới một sự tuyệt giao trong quan hệ giữa Palestine-",10.158259391784668,2.535761833190918,-7.62249755859375,0.295573907116097
0004-0024-0001,True,Một ngày,đầu từ sáng sớm ngày 17 tháng 1 năm,10.100726127624512,8.955435752868652,-1.1452903747558594,0.6215315779074109
0004-0024-0002,False,,đầu từ sáng sớm ngày 17 tháng 1 năm,10.09002685546875,9.971805572509766,-0.11822128295898438,0.6709359420179207
0004-0024-0003,False,,đầu từ sáng sớm ngày 17 tháng 1 năm,10.105161666870117,8.32160472869873,-1.7835569381713867,0.5894262117783068
0004-0024-0004,True,Saddam Hussein,của,9.517834663391113,9.763931274414062,0.24609661102294922,0.6876531137590773
0004-0024-0005,True,Năm tiếng đồng hồ sau những cuộc tấn công đầu tiên,với hơn 1.000 lần xuất kích một,10.139928817749023,-0.030494868755340576,-10.170423686504364,0.19698869202918803
0004-0024-0006,True,"Cuộc chiến vĩ đại, cuộc chiến của mọi cuộc chiến đã bắt đầu. Bình minh thắng lợi đã rất gần khi cuộc thử thách cuối cùng đã đến","rằng ""Cuộc chiến vĩ đại, cuộc chiến của mọi cuộc chiến đã",10.148232460021973,4.999258041381836,-5.148974418640137,0.4140177580836541
0004-0024-0007,False,,"rằng ""Cuộc chiến vĩ đại, cuộc chiến của mọi cuộc chiến đã",10.155045509338379,3.486985921859741,-6.668059587478638,0.33907968010727785
0004-0024-0008,True,ngày 17 tháng 1 năm 1991,đầu từ sáng sớm ngày 17 tháng 1 năm,10.061654090881348,10.582538604736328,0.5208845138549805,0.6999496747668129
0004-0025-0001,False,,thiệt hại một,10.161018371582031,10.76801872253418,0.6070003509521484,0.7037458935530821
0004-0025-0002,False,,tránh các hệ thống tên lửa đất đối không SAM dày đặc của,10.153068542480469,8.152791976928711,-2.000276565551758,0.5783341675574795
0004-0025-0003,True,phá hủy các cơ sở không quân và phòng không của Iraq,là phá hủy các cơ sở không quân và phòng không của,9.814291000366211,11.370250701904297,1.555959701538086,0.7436662386874576
0004-0025-0004,True,liên minh ở Vịnh Péc-xích,từ Ả Rập Xê Út và sáu nhóm tàu sân bay của liên minh ở Vịnh Péc-,9.954788208007812,10.889266967773438,0.934478759765625,0.7179241496905298
0004-0025-0005,True,thiệt hại một máy bay,thiệt hại một,10.159878730773926,10.852195739746094,0.692317008972168,0.7074793117358157
0004-0025-0006,True,hệ thống tên lửa đất đối không SAM,tránh các hệ thống tên lửa đất đối không SAM dày đặc của,10.151363372802734,8.453577995300293,-1.6977853775024414,0.5937917989007114
0004-0025-0007,True,"các vũ khí dẫn đường chính xác (hay ""bom thông minh""), bom bầy, BLU-82 ""daisy cutters"" và tên lửa hành trình",. Máy bay,10.157642364501953,8.764657974243164,-1.392984390258789,0.6091816691496876
0004-0026-0001,False,,",",10.130764961242676,9.36899471282959,-0.7617702484130859,0.6403418578825611
0004-0026-0002,True,Iraq,",",10.127461433410645,9.531824111938477,-0.595637321472168,0.6483619091426257
0004-0026-0003,False,,sang,10.117483139038086,9.876554489135742,-0.24092864990234375,0.6652037227619902
0004-0026-0004,False,,", 38 máy bay",9.550355911254883,10.029369354248047,0.47901344299316406,0.6980938777364024
0004-0026-0005,True,các sở chỉ huy và thông tin,là các sở chỉ huy và,10.157464981079102,8.411356925964355,-1.746108055114746,0.591334054910584
0004-0026-0006,True,38,", 38 máy bay",9.494242668151855,9.882976531982422,0.3887338638305664,0.6940704788487225
0004-0026-0007,False,,", 38 máy bay MiG của Iraq đã bị không quân liên quân bắn hạ. Ngay sau đó, không quân Iraq bắt đầu chạy trốn sang Iran, với khỏang 115 tới 140",10.091861724853516,9.796355247497559,-0.29550647735595703,0.6626382694680015
0004-0026-0008,True,Iran,sang,10.112702369689941,9.889938354492188,-0.2227640151977539,0.6660554070432111
0004-0026-0009,True,khỏang 115 tới 140,", 38 máy bay MiG của Iraq đã bị không quân liên quân bắn hạ. Ngay sau đó, không quân Iraq bắt đầu chạy trốn sang Iran, với khỏang 115 tới 140",9.991900444030762,10.19064712524414,0.1987466812133789,0.6855066296377502
0004-0027-0001,True,4% so với trước chiến tranh,mức 4,10.121347427368164,11.540522575378418,1.419175148010254,0.7381347446296441
0004-0027-0002,True,"các bệ phóng tên lửa Scud, các địa điểm vũ khí hủy diệt hàng lọat, những cơ sở nghiên cứu vũ khí và các lực lượng hải quân",": các bệ phóng tên lửa Scud, các địa điểm vũ khí hủy diệt hàng lọat, những cơ sở nghiên cứu vũ khí và các lực lượng",10.138343811035156,7.434481620788574,-2.703862190246582,0.5418315113584627
0004-0027-0003,False,,mức 4,10.128662109375,7.920613765716553,-2.2080483436584473,0.5676252015079157
0004-0027-0004,False,,thứ,10.140707015991211,4.630596160888672,-5.510110855102539,0.39568926724234843
0004-0027-0005,True,nằm trên các xe tải và do đó rất khó tìm kiếm để tiêu diệt,vì thiếu những điều kiện địa lý thích hợp để,9.953529357910156,10.982390403747559,1.0288610458374023,0.7219331367385554
0004-0027-0006,False,,": các bệ phóng tên lửa Scud, các địa điểm vũ khí hủy diệt hàng lọat, những cơ sở nghiên cứu vũ khí và các lực lượng",10.135961532592773,6.2809882164001465,-3.854973316192627,0.4813136248574456
0004-0027-0007,True,Giai đọan thứ ba,thứ,10.133035659790039,6.044814109802246,-4.088221549987793,0.4690602096079532
0004-0027-0008,True,Khỏang một phần ba,. Khỏang một phần,10.118401527404785,5.733743190765381,-4.384658336639404,0.453542826558814
0004-0028-0001,True,cơ sở dân sự thuần túy,tới những cơ sở,9.898333549499512,5.455910682678223,-4.442422866821289,0.4505285955299475
0004-0028-0002,True,chỉ huy quân sự,sử dụng cho mục đích chỉ huy,10.157163619995117,4.331769943237305,-5.8253936767578125,0.37992225055897094
0004-0028-0003,False,,,10.015843391418457,,,
0004-0028-0004,True,Kẻ chế tạo bom,", Kẻ chế tạo bom của Saddam, cựu giám đốc chương trình vũ khí hạt nhân của",10.033201217651367,8.155707359313965,-1.8774938583374023,0.5846288365346956
0004-0028-0005,False,,là nơi tránh bom của,10.134790420532227,7.682906150817871,-2.4518842697143555,0.5549770563167176
0004-0028-0006,True,bom thông minh điều khiển bằng tia laser,", hai quả bom thông minh điều khiển bằng tia",9.664233207702637,11.830678939819336,2.166445732116699,0.7674056882849216
0004-0028-0007,True,nơi tránh bom của thường dân,là nơi tránh bom của,10.104948043823242,9.913707733154297,-0.1912403106689453,0.6675308874068308
0004-0029-0001,False,,"có vô tuyến, vòi nước uống, máy phát điện",9.719280242919922,11.367218017578125,1.6479377746582031,0.7473424517146097
0004-0029-0002,True,"vô tuyến, vòi nước uống, máy phát điện riêng","có vô tuyến, vòi nước uống, máy phát điện",9.646646499633789,11.447539329528809,1.8008928298950195,0.7533780813225344
0004-0029-0003,True,vài chiếc limousine đen chạy ra chạy vào qua cánh cổng ngầm ở phía sau,có thể nó là căn cứ điều hành riêng của Xát-,10.139427185058594,5.47566032409668,-4.663766860961914,0.43901402668723666
0004-0029-0004,False,,của Xát-,10.12293815612793,8.745343208312988,-1.3775949478149414,0.6099532513920648
0004-0029-0005,True,Xát-đam,của Xát-,10.050092697143555,10.675193786621094,0.6251010894775391,0.704540277402232
0004-0030-0001,True,các lực lượng Ả Rập Xê Út được các lính thủy đánh bộ và không quân Mỹ yểm trợ hai ngày sau đó,. Sự chậm chạp của Iraq khi đưa các sư đòan thiết giáp vào Khafji và sau đó dùng nơi này làm bàn đạp để tiến vào phần phía đông được bảo vệ kém cỏi của Ả Rập Xê,10.069128036499023,9.94050407409668,-0.12862396240234375,0.670451924664503
0004-0030-0002,True,"vì khi tăng tầm bắn, tên lửa Scud bị giảm đi rất nhiều về độ chính xác và khả năng sát thương",. Sự chậm chạp của Iraq khi đưa các sư đòan thiết giáp vào Khafji và sau đó dùng nơi này làm bàn đạp để tiến vào phần phía đông được bảo vệ kém cỏi của Ả Rập Xê,10.147014617919922,4.538655757904053,-5.608358860015869,0.39075096234136925
0004-0030-0003,True,Iraq không chỉ kiểm sóat được phần lớn những nguồn cung cấp dầu ở Trung Đông mà sau đó còn đe dọa được lực lượng quân Mỹ triển khai dọc theo các đường chiến tuyến,. Sự chậm chạp của Iraq khi đưa các sư đòan thiết giáp vào Khafji và sau đó dùng nơi này làm bàn đạp để tiến vào phần phía đông được bảo vệ kém cỏi của Ả Rập Xê,10.138086318969727,5.09561824798584,-5.042468070983887,0.41947145470534364
0004-0030-0004,True,28 người Mỹ đã thiệt mạng,. Sự chậm chạp của Iraq khi đưa các sư đòan thiết giáp vào Khafji và sau đó dùng nơi này làm bàn đạp để tiến vào phần phía đông được bảo vệ kém cỏi của Ả Rập Xê,10.154695510864258,3.2040977478027344,-6.950597763061523,0.32587120220336463
0004-0030-0005,False,,. Sự chậm chạp của Iraq khi đưa các sư đòan thiết giáp vào Khafji và sau đó dùng nơi này làm bàn đạp để tiến vào phần phía đông được bảo vệ kém cỏi của Ả Rập Xê,10.136272430419922,5.121081352233887,-5.015191078186035,0.4208714093413105
0004-0030-0006,True,buộc Israel tham gia cuộc chiến và các nước Ả Rập khác rút lui khỏi nó,hy vọng buộc Israel tham gia cuộc chiến và các nước Ả Rập khác rút lui khỏi,10.13729190826416,6.957669258117676,-3.1796226501464844,0.5168666434664968
0004-0030-0007,False,,. Sự chậm chạp của Iraq khi đưa các sư đòan thiết giáp vào Khafji và sau đó dùng nơi này làm bàn đạp để tiến vào phần phía đông được bảo vệ kém cỏi của Ả Rập Xê,10.144071578979492,4.2983293533325195,-5.845742225646973,0.3789129004583231
0004-0031-0001,True,giúp tăng cường tập trung quân đội và giảm bớt khỏang cách tiếp tế,cách tiếp tế hậu cần và diện tích vùng,10.145370483398438,4.531184196472168,-5.6141862869262695,0.3904587455876784
0004-0031-0002,False,,Chiến dịch,10.143799781799316,4.413033485412598,-5.730766296386719,0.38462959268628155
0004-0031-0003,False,,. Chiến thuật này cũng được sử dụng trong cuộc tấn công của Iraq khi các lực lượng Iraq rút lui khỏi miền bắc Kurdistan thuộc Iraq vào trong các,10.14665412902832,2.164536237716675,-7.9821178913116455,0.2800479456110147
0004-0031-0004,True,quân Taliban rút lui khỏi những vùng đất rộng lớn về giữ những cứ điểm mạnh của họ,khi quân Taliban rút lui khỏi những vùng đất rộng lớn về giữ những cứ điểm mạnh của,10.132546424865723,5.487024784088135,-4.645521640777588,0.43996085765129794
0004-0031-0005,False,,Chiến dịch,10.139901161193848,3.690725088119507,-6.449176073074341,0.3494887671222141
0004-0031-0006,True,phân tán các sư đòan ra,Chiến dịch,10.14295768737793,5.008971214294434,-5.133986473083496,0.41478398032726527
0004-0031-0007,False,,cũng giảm bớt khỏang cách tiếp tế hậu cần và diện tích vùng,10.147209167480469,1.4234766960144043,-8.723732471466064,0.24965450627071337
0004-0031-0008,True,Chiến dịch không quân,Chiến dịch,10.142767906188965,6.346909046173096,-3.795858860015869,0.4844232914034045
0004-0032-0001,False,,vào lực lượng Vệ binh cộng hòa,10.167139053344727,6.322569847106934,-3.844569206237793,0.48186082626829496
0004-0032-0002,True,Sư đòan thiết giáp số 1 Hòang gia Anh,bởi Sư đòan thiết giáp số 1 Hòang gia,10.143534660339355,7.304137229919434,-2.839397430419922,0.5347353601577501
0004-0032-0003,False,,bằng xe,10.108436584472656,10.619077682495117,0.5106410980224609,0.6994962714982492
0004-0032-0004,True,Quân đòan VII,", Quân đòan",10.113897323608398,8.287467956542969,-1.8264293670654297,0.5872387605762918
0004-0032-0005,True,Vệ binh cộng hòa,", Quân đòan VII",9.933761596679688,11.05625057220459,1.1224889755249023,0.7258752794026216
0004-0032-0006,False,,", Quân đòan VII",9.977920532226562,10.752742767333984,0.7748222351074219,0.7110633219053345
0004-0032-0007,False,,lực lượng Vệ binh cộng hòa,10.146745681762695,4.781404495239258,-5.3653411865234375,0.4030045961802871
0004-0032-0008,False,,", Quân đòan VII",10.095113754272461,7.930781364440918,-2.164332389831543,0.5698840141473834
0004-0032-0009,True,xe bọc thép,bằng xe,10.124466896057129,9.670201301574707,-0.4542655944824219,0.6551215086591703
0004-0032-0010,True,lực lượng Vệ binh cộng hòa Iraq,vào lực lượng Vệ binh cộng hòa,10.157903671264648,8.237224578857422,-1.9206790924072266,0.5824179063836642
0004-0033-0001,False,,chất lượng,10.129192352294922,9.657251358032227,-0.4719409942626953,0.6542797273052823
0004-0033-0002,True,triển khai quân và thu hẹp mặt trận chỉ ở phía nam Thành phố Kuwait và mở rộng tới vùng ngọai ô Basra,", việc mở rộng nó ra càng khiến nguy cơ bị tấn công ồ ạt vào",10.121318817138672,5.438510894775391,-4.682807922363281,0.4380263690949379
0004-0033-0003,True,bị tấn công ồ ạt vào sườn,nguy cơ bị tấn công ồ ạt vào,10.149784088134766,8.78272533416748,-1.3670587539672852,0.6104811888472083
0004-0033-0004,True,làm chậm sự di chuyển của quân địch và giao chiến dọc theo các giới tuyến không dễ dàng bị chọc thủng hay đánh ngang sườn,muốn làm chậm sự di chuyển của quân địch và giao chiến dọc theo các giới tuyến không dễ dàng bị chọc thủng hay đánh ngang,10.146807670593262,7.315230369567871,-2.8315773010253906,0.5351452051245746
0004-0033-0005,True,số lượng và chất lượng pháo binh,chất lượng,10.121391296386719,9.741239547729492,-0.38015174865722656,0.6586405115215733
0004-0033-0006,True,tăng khỏang cách tiếp tế,khiến nguy cơ bị tấn công ồ ạt vào,10.153782844543457,4.553720474243164,-5.600062370300293,0.3911671256386514
0004-0033-0007,False,,muốn làm chậm sự di chuyển của quân địch và giao chiến dọc theo các giới tuyến không dễ dàng bị chọc thủng hay đánh ngang,10.152442932128906,6.445525169372559,-3.7069177627563477,0.4891041607144267
0004-0034-0001,True,chiến đấu và tiêu diệt một cách hiệu quả các xe tăng Iraq từ khỏang cách xa gấp ba lần khỏang cách có thể tác chiến của xe tăng Iraq,đối với những ống nhòm hồng ngọai và lọai đạn năng lượng,10.142496109008789,4.734219551086426,-5.408276557922363,0.40083037325855964
0004-0034-0002,True,chiến đấu bên trong Thành phố Kuwait,- chiến đấu bên trong Thành phố,9.97861099243164,11.545299530029297,1.5666885375976562,0.7440968533883141
0004-0034-0003,True,"Các ranh giới của địa lý đô thị, và sự hiểu biết",- chiến đấu bên trong Thành phố,10.153057098388672,5.351315975189209,-4.801741123199463,0.4318687268174394
0004-0034-0004,True,ống nhòm hồng ngọai và lọai đạn năng lượng động lực từ các xe M1 Abrams,những ống nhòm hồng ngọai và lọai đạn năng lượng,10.119377136230469,9.401351928710938,-0.7180252075195312,0.6424614773037639
0004-0034-0005,False,,vì quân Iraq không thể tìm ra một biện pháp phản công thích hợp đối với những ống nhòm hồng ngọai và lọai đạn năng lượng động lực từ các xe M1,10.15559196472168,1.8330111503601074,-8.322580814361572,0.2658175690755323
0004-0034-0006,False,,những ống nhòm hồng ngọai và lọai đạn năng lượng,10.122262954711914,9.247085571289062,-0.8751773834228516,0.634821443289125
0004-0034-0007,False,,sử dụng chiến thuật chiến tranh đô thị - chiến đấu bên trong Thành phố,10.14338207244873,6.738367080688477,-3.405014991760254,0.50500232896402
0004-0034-0008,True,có thể gây ra những thương vong đáng kể đối với các lực lượng tấn công,. Chiến tranh trong,10.156192779541016,2.5830907821655273,-7.573101997375488,0.29774511806756926
0004-0035-0001,True,Hoa Kỳ,của,10.038372039794922,10.031932830810547,-0.006439208984375,0.6761139259091585
0004-0035-0002,True,vùng lãnh thổ Iraq bị chiếm đóng,trên vùng lãnh thổ Iraq bị,10.068395614624023,10.57839584350586,0.5100002288818359,0.69946789178579
0004-0035-0003,True,do những thiệt hại đã phải hứng chịu của hệ thống vận chuyển công cộng,chính phủ do những thiệt hại đã phải hứng chịu của hệ thống vận chuyển,10.13306999206543,5.540225028991699,-4.5928449630737305,0.4426969292256956
0004-0035-0004,True,các tướng lĩnh Iraq còn trung thành,tại Thổ Nhĩ Kỳ và,10.067827224731445,10.03872299194336,-0.029104232788085938,0.6750674613479312
0004-0035-0005,False,,để vận chuyển các quan chức,10.132366180419922,6.92005729675293,-3.212308883666992,0.5151469509577127
0004-0035-0006,True,vì sự ủng hộ và hợp tác của họ với Saddam Hussein,(vì sự ủng hộ và hợp tác của họ với Saddam Hussein,10.124849319458008,8.688285827636719,-1.436563491821289,0.6069937857629265
0004-0035-0007,False,,(vì sự ủng hộ và hợp tác của họ với Saddam Hussein,10.131031036376953,7.704127788543701,-2.426903247833252,0.5562764257953863
0004-0035-0008,False,,của,10.077499389648438,10.026740074157715,-0.050759315490722656,0.674065990929255
0004-0036-0001,True,$16 tỷ,; $16,9.624397277832031,11.711176872253418,2.0867795944213867,0.7643966153310522
0004-0036-0002,True,vì các điều khỏan trong các hiệp ước chấm dứt Chiến tranh thế giới thứ hai,chiến đấu vì các điều khỏan trong các hiệp ước chấm dứt Chiến tranh thế giới thứ,10.15444564819336,6.8334455490112305,-3.321000099182129,0.509426120912587
0004-0036-0003,False,,; $16,9.50724983215332,11.73733901977539,2.2300891876220703,0.7697902511736577
0004-0036-0004,True,"$61,1 tỷ","là $61,1",10.042703628540039,8.849449157714844,-1.1932544708251953,0.6191518312902426
0004-0036-0005,True,các dịch vụ cung cấp cho lực lượng liên quân như thực phẩm và vận chuyển,hình thức các dịch vụ cung cấp cho lực lượng liên quân như thực phẩm và,10.122730255126953,10.274642944335938,0.15191268920898438,0.6833757051165887
0004-0036-0006,False,,hình thức các dịch vụ cung cấp cho lực lượng liên quân như thực phẩm và,10.119073867797852,10.350763320922852,0.231689453125,0.6870008493795138
0004-0036-0007,True,không,là không,10.140623092651367,8.23292350769043,-1.9076995849609375,0.5830827635173205
0004-0037-0001,True,ngày 28 tháng 1 năm 1991,đặc biệt ngày 28 tháng 1 năm,9.627413749694824,11.791297912597656,2.163884162902832,0.7673093531905377
0004-0037-0002,True,CNN,chính kênh,9.987804412841797,10.187246322631836,0.19944190979003906,0.6855382037126363
0004-0037-0003,False,,của ABC,10.07545280456543,10.865699768066406,0.7902469635009766,0.7117304696285834
0004-0037-0004,True,"Peter Jennings của ABC, Dan Rather của CBS và Tom Brokaw",": Peter Jennings của ABC, Dan Rather của CBS và Tom Brokaw của",10.056159973144531,10.124787330627441,0.06862735748291016,0.6795672194866547
0004-0037-0005,False,,đặc biệt ngày 28 tháng 1 năm,10.02641487121582,11.519124984741211,1.4927101135253906,0.7411180057649278
0004-0037-0006,True,ABC News,của ABC,10.017712593078613,11.288986206054688,1.2712736129760742,0.7320677049627847
0004-0037-0007,True,Baghdad,từ,10.160144805908203,6.482260227203369,-3.677884578704834,0.49063259807625914
0004-0038-0001,True,Annex Foxtrot,là,10.138635635375977,3.016964912414551,-7.121670722961426,0.31800439839253103
0004-0038-0002,True,ngăn chặn tiết lộ các thông tin gây rắc rối về chính trị,để bảo vệ các thông tin nhạy cảm khỏi bị tiết lộ cho,10.146461486816406,0.3817960321903229,-9.764665454626083,0.21086096257890352
0004-0038-0003,True,những cuộc họp báo ngắn của quân đội,từ những cuộc họp báo ngắn của,10.126579284667969,9.96878433227539,-0.15779495239257812,0.6690927256865147
0004-0038-0004,False,,và bộ phận,10.15266227722168,4.639760494232178,-5.512901782989502,0.3955486857296442
0004-0038-0005,True,"luôn được tiến hành với sự hiện diện của các sĩ quan, và sau đó đều phải được sự cho phép của quân đội và bộ phận kiểm duyệt",và bộ phận,10.151269912719727,4.840493679046631,-5.310776233673096,0.40577323393887044
0004-0038-0006,False,,là,10.1383056640625,3.029139995574951,-7.109165668487549,0.31857600859647156
0004-0038-0007,False,,để bảo vệ các thông tin nhạy cảm khỏi bị tiết lộ cho,10.147740364074707,0.8118117451667786,-9.335928618907928,0.22628227985413366
0004-0038-0008,True,sự chống đối từ bên trong nước Mỹ,tới sự chống đối từ bên trong nước,10.154549598693848,5.66251277923584,-4.492036819458008,0.44794255994773047
0004-0038-0009,False,,từ những cuộc họp báo ngắn của,10.106276512145996,10.369243621826172,0.2629671096801758,0.6884159585394218
0004-0039-0001,True,CNN,của kênh CBS,10.154695510864258,5.314840316772461,-4.839855194091797,0.42989976357057746
0004-0039-0002,False,,tới Thành phố,10.146096229553223,6.194798469543457,-3.9512977600097656,0.47624976558958293
0004-0039-0003,False,,của kênh CBS,10.155179023742676,4.155354976654053,-5.999824047088623,0.3713044999215226
0004-0039-0004,True,thiết bị truyền thông tin vệ tinh,trang bị thiết bị truyền thông tin,10.040987014770508,11.349987983703613,1.3090009689331055,0.7336237486178239
0004-0039-0005,True,David Green và Andy Thompson,(David Green và Andy,9.81454849243164,11.740056991577148,1.9255084991455078,0.7582232060396968
0004-0039-0006,True,Baghdad,lại thủ đô Baghdad của,9.767909049987793,10.552936553955078,0.7850275039672852,0.7115048210637779
0004-0039-0007,True,liên quân,(David Green và Andy,10.151593208312988,4.701597213745117,-5.449995994567871,0.39872145686835087
0004-0040-0001,True,năm 2003,Hussein năm,9.99721908569336,11.246415138244629,1.2491960525512695,0.7311544600107663
0004-0040-0002,True,các vùng cấm bay đã được thiết lập,", các vùng cấm",10.060056686401367,10.79732894897461,0.7372722625732422,0.7094353920780281
0004-0040-0003,True,Mỹ và Anh,do Mỹ và,9.532777786254883,11.812185287475586,2.279407501220703,0.7716262672201865
0004-0040-0004,True,người Kurd,cho người Shi',9.832663536071777,11.68751335144043,1.8548498153686523,0.7554839453108024
0004-0040-0005,False,,năm,10.138284683227539,7.911751747131348,-2.2265329360961914,0.5666692465758315
0004-0040-0006,True,năm 1996,", tháng 12 năm",10.097978591918945,10.528027534484863,0.43004894256591797,0.6959154497370592
0004-0041-0001,True,Việc phá hủy các nhà máy xử lý nước khiến nước thải bị đổ trực tiếp xuống sông,. Việc phá hủy các nhà máy xử lý,10.051448822021484,10.024247169494629,-0.02720165252685547,0.6751553726176952
0004-0041-0002,False,,để duy trì quyền kiểm sóat quân sự của,10.112480163574219,10.014686584472656,-0.0977935791015625,0.6718853496184601
0004-0041-0003,True,Cơ sở hạ tầng bị tàn phá nặng nề trên diện rộng,bị tàn phá nặng nề trên diện,10.15493392944336,5.053680419921875,-5.101253509521484,0.4164588025999106
0004-0041-0004,True,chỉ đạt một phần tư mức trước cuộc chiến,vẫn chỉ đạt một phần tư mức trước,10.140066146850586,8.552682876586914,-1.5873832702636719,0.5993891950183631
0004-0041-0005,True,duy trì quyền kiểm sóat quân sự của mình,để duy trì quyền kiểm sóat quân sự của,10.10561752319336,10.056934356689453,-0.04868316650390625,0.6741620745160459
0004-0041-0006,True,dẫn tới sự phát sinh dịch bệnh trên diện rộng,". Việc phá hủy các nhà máy xử lý nước khiến nước thải bị đổ trực tiếp xuống sông Tigris, và dân cư lại lấy nước ở đây để sinh họat dẫn tới sự phát sinh dịch bệnh trên diện",10.152658462524414,4.735471248626709,-5.417187213897705,0.4003796283930866
0004-0041-0007,False,,đã gây mất mát cho người dân,10.160737037658691,3.3428244590759277,-6.817912578582764,0.332041321103545
0004-0042-0001,True,90.000,thêm 90.000,9.759445190429688,11.20489501953125,1.4454498291015625,0.7392032321853171
0004-0042-0002,False,,thêm 90.000,9.771665573120117,11.109562873840332,1.3378973007202148,0.734811661863078
0004-0042-0003,True,lý do từ những cuộc thanh sát vũ khí mà Iraq chưa bao giờ hợp tác đầy đủ,mà Iraq chưa bao giờ hợp tác,10.123422622680664,5.949991226196289,-4.173431396484375,0.4645923190693796
0004-0042-0004,True,Nhiều người cho rằng các biện pháp trừng phạt Iraq và sự hiện diện quân sự của Mỹ ở Ả Rập Xê Út,rằng các biện pháp trừng phạt Iraq và sự hiện diện quân sự của Mỹ ở Ả Rập Xê,9.509941101074219,11.594038009643555,2.084096908569336,0.7642948202829296
0004-0042-0005,False,,chương trình Đổi dầu lấy,10.134467124938965,7.827375411987305,-2.30709171295166,0.5624973368272164
0004-0042-0006,True,chương trình Đổi dầu lấy lương thực,chương trình Đổi dầu lấy,10.120569229125977,9.515691757202148,-0.6048774719238281,0.647917984331904
0004-0042-0007,False,,rằng các biện pháp trừng phạt Iraq và sự hiện diện quân sự của Mỹ ở Ả Rập Xê,9.524022102355957,11.556794166564941,2.0327720642089844,0.7623414348639779
0004-0043-0001,True,cung cấp các thông tin về các địa điểm tàng trữ vũ khí,để cung cấp các thông tin về các địa điểm tàng trữ,10.161476135253906,6.062321662902832,-4.099154472351074,0.46848666043420145
0004-0043-0002,True,Năm 1999,. Năm,10.10073471069336,8.342025756835938,-1.7587089538574219,0.590692402869594
0004-0043-0003,True,cáo buộc rằng Hoa Kỳ đã lợi dụng họ làm gián điệp,", cáo buộc rằng Hoa Kỳ đã lợi dụng họ làm",10.161287307739258,3.5461719036102295,-6.615115404129028,0.3415836924139587
0004-0043-0004,True,Anh,",",10.009496688842773,9.944429397583008,-0.06506729125976562,0.6734034243174388
0004-0043-0005,True,họ không muốn đối đầu thực sự với Iraq,họ không muốn đối đầu thực sự với,10.14931869506836,7.9658918380737305,-2.183426856994629,0.5688977510484267
0004-0043-0006,False,,để cung cấp các thông tin về các địa điểm tàng trữ,10.164976119995117,5.076154708862305,-5.0888214111328125,0.417095414065179
0004-0043-0007,False,,",",10.050981521606445,9.948583602905273,-0.10239791870117188,0.6716714784773216
0004-0044-0001,False,,giữa Ả Rập Xê,10.089131355285645,10.01568603515625,-0.07344532012939453,0.6730151369256495
0004-0044-0002,False,,là sự hồi sinh rõ rệt của chủ nghĩa Hồi giáo,10.097928047180176,10.741774559020996,0.6438465118408203,0.7053616492113156
0004-0044-0003,True,chi thêm tiền cho những nhóm ủng hộ chính phủ,đã chi tiền phát hàng triệu cuốn Qur'an cho dân các nước mới độc lập ở vùng Trung Á và xây dựng hàng trăm thánh đường Hồi giáo cho những nhóm,10.15215015411377,7.313145637512207,-2.8390045166015625,0.5347559534920815
0004-0044-0004,True,Ả Rập Xê Út,chính quyền Ả Rập Xê,10.093181610107422,9.933326721191406,-0.15985488891601562,0.6689966375018671
0004-0044-0005,True,tăng lên dữ dội,Út tăng lên,10.150167465209961,7.9396653175354,-2.2105021476745605,0.5674983286412575
0004-0044-0006,True,liên minh giữa Ả Rập Xê Út và Hoa Kỳ,"lật đổ không khiến các nhóm Hồi giáo ủng hộ nhiều. Tuy nhiên, việc này, cùng với liên minh giữa Ả Rập Xê Út và Hoa Kỳ, bị coi là cùng phía với",10.132097244262695,8.907247543334961,-1.2248497009277344,0.6175810881144572
0004-0044-0007,True,sự hồi sinh rõ rệt của chủ nghĩa Hồi giáo cực đoan,là sự hồi sinh rõ rệt của chủ nghĩa Hồi giáo,9.997682571411133,11.209883689880371,1.2122011184692383,0.7296197483900735
0004-0045-0001,True,số lượng trẻ sinh ra trong các gia đình binh lính với các khiếm khuyết tương tự nhau hay những bệnh tật nghiêm trọng lên tới 67%,(số lượng trẻ sinh ra trong các gia đình binh lính với các khiếm khuyết tương tự nhau hay những bệnh tật,10.153732299804688,6.030406475067139,-4.123325824737549,0.46721891110107994
0004-0045-0002,True,"tiếp xúc với các vật liệu phóng xạ, khói dầu, và các lọai vắc xin bệnh than sản xuất quá nhanh","là tiếp xúc với các vật liệu phóng xạ, khói dầu, và các lọai vắc xin bệnh than sản xuất quá nhanh dùng cho",10.099859237670898,9.943438529968262,-0.15642070770263672,0.6691568211206156
0004-0045-0003,True,Hội chứng Vùng Vịnh,là Hội chứng Vùng,10.115067481994629,9.620403289794922,-0.49466419219970703,0.6531961261546438
0004-0045-0004,True,21,với,10.119928359985352,9.218347549438477,-0.901580810546875,0.6335310160920918
0004-0046-0001,True,Saddam đã từ chối,để điều tra lý do gây ra tỷ lệ ung thư,10.141148567199707,5.464618682861328,-4.676529884338379,0.43835195630460855
0004-0046-0002,True,liên quân sử dụng urani nghèo,rằng việc liên quân sử dụng urani,10.132203102111816,9.125255584716797,-1.0069475173950195,0.6283624336090441
0004-0046-0003,True,"gây ra hàng lọat vụ khuyết tật ở trẻ sơ sinh và ung thư trong dân chúng Iraq, đặc biệt là bệnh bạch cầu",đã gây ra hàng lọat vụ khuyết tật ở trẻ sơ sinh và,9.97917652130127,10.489645004272461,0.5104684829711914,0.699488627708257
0004-0046-0004,True,vì những biện pháp trừng phạt đã khiến họ không thể có được các thiết bị thử nghiệm cần thiết,"đã gây ra hàng lọat vụ khuyết tật ở trẻ sơ sinh và ung thư trong dân chúng Iraq, đặc biệt là bệnh",10.136136054992676,4.006927967071533,-6.129208087921143,0.36496441036043287
0004-0046-0005,False,,rằng việc liên quân sử dụng urani,10.141142845153809,5.179333686828613,-4.961809158325195,0.42361482955988694
0004-0047-0001,True,ung thư phổi,nguy cơ ung thư phổi ở mức độ có thể nhận thấy trong một nhóm nguy cơ. Những nguy cơ về ung thư phóng xạ khác gồm bệnh,10.073833465576172,9.809493064880371,-0.2643404006958008,0.6641044284741606
0004-0047-0002,True,yếu,"là phóng xạ yếu, cần phải hít vào những khối lượng rất lớn bụi (ở mức độ",10.111730575561523,9.554271697998047,-0.5574588775634766,0.6501933927780846
0004-0047-0003,False,,nguy cơ ung thư,10.051034927368164,10.166654586791992,0.11561965942382812,0.681719073814296
0004-0047-0004,True,tăng nguy cơ ung thư phổi ở mức độ có thể nhận thấy trong một nhóm nguy cơ,nguy cơ ung thư,10.086723327636719,11.03493881225586,0.9482154846191406,0.7185098092470966
0004-0047-0005,False,,",",10.115808486938477,8.734785079956055,-1.3810234069824219,0.6097814058258095
0004-0047-0006,True,nhờ một phái đòan năm 2001 tới Kosovo,có thể tiếp cận với những nguy cơ đối với sức khỏe của urani nghèo tại những địa điểm đã xảy ra chiến tranh nhờ một phái đòan năm 2001 tới,10.14925765991211,4.607455730438232,-5.541801929473877,0.39409397865685947
0004-0047-0007,True,không,", ""không có những tác động liên tục hay tiến triển đã được báo cáo ở",10.120939254760742,8.663439750671387,-1.4574995040893555,0.6059411610132301
0004-0047-0008,False,,"là phóng xạ yếu, cần phải hít vào những khối lượng rất lớn bụi (ở mức độ",10.122563362121582,9.161069869995117,-0.9614934921264648,0.6305957848961219
0004-0048-0001,True,Quân đội Iraq sử dụng các vũ khí hóa học và thần kinh trong thập kỷ 1980 và 1990,". Quân đội Iraq sử dụng các vũ khí hóa học và thần kinh trong thập kỷ 1980 và 1990 có thể là nguyên nhân gây ra cái gọi là khuyết tật ở trẻ em Iraq."" Về những buộc tội gây ra",10.054920196533203,10.661069869995117,0.6061496734619141,0.703708529608795
0004-0048-0002,True,"không gây ra những nguy cơ nghiêm trọng đối với sức khỏe"" và ""urani nghèo không gây ra khuyết tật ở trẻ sơ sinh",nghèo ở mức độ,10.128639221191406,9.014846801757812,-1.1137924194335938,0.6230911849947216
0004-0048-0003,False,,"rằng ""theo những chuyên gia về sức khỏe môi trường, về mặt y tế không thể coi việc nhiễm bệnh",10.169330596923828,3.838095188140869,-6.331235408782959,0.3551583089118808
0004-0048-0004,False,,. Quân đội Iraq sử dụng các vũ khí hóa học và,10.08285140991211,10.297886848449707,0.21503543853759766,0.6862459386163806
0004-0048-0005,True,không,y tế không thể coi việc nhiễm bệnh bạch cầu như là kết quả của việc chịu tác động của urani hay urani,10.116914749145508,9.320541381835938,-0.7963733673095703,0.6386613084042346
0004-0048-0006,True,không cho thấy tỷ lệ tăng bất thường hay sự liên quan tới những chất sinh ung thư khác đã được biết ngòai urani,"rằng ""theo những chuyên gia về sức khỏe môi trường, về mặt y tế không thể coi việc nhiễm bệnh",10.167924880981445,4.572149276733398,-5.595775604248047,0.3913822177825444
0004-0048-0007,True,19.000,số,10.14362907409668,9.08243179321289,-1.061197280883789,0.6256897215364576
0004-0049-0001,False,,nặng 15.000,10.153677940368652,4.802728652954102,-5.350949287414551,0.40373425218401326
0004-0049-0002,True,tên lửa AGM-130,như tên lửa AGM-,10.13798999786377,5.401731491088867,-4.736258506774902,0.4352565412757337
0004-0049-0003,True,15.000,nặng 15.000,9.834948539733887,11.530389785766602,1.6954412460327148,0.7492273663078914
0004-0049-0004,True,hàng trăm yard,nặng 15.000,10.131143569946289,10.975183486938477,0.8440399169921875,0.714049924491539
0004-0049-0005,True,cho phép các cuộc tấn công quân sự diễn ra với những tổn thất dân sự nhỏ nhất,sẽ trở thành các vũ khí chính cho phép các cuộc tấn công quân sự diễn ra với những tổn thất dân sự nhỏ nhất so với các cuộc chiến trước,10.155078887939453,0.6021630764007568,-9.552915811538696,0.21837942559157397
0004-0049-0006,True,gần 7.4%,chiếm gần 7.4,10.10706615447998,9.7685546875,-0.33851146697998047,0.6606100252437392
0004-0050-0001,True,hệ thống dẫn đường quán tính,là tên lửa đạn đạo,10.141121864318848,8.142485618591309,-1.998636245727539,0.5784184342021815
0004-0050-0002,True,Các vũ khí hóa học vốn thích hợp hơn khi được vận chuyển bằng máy bay ném bom hoặc các tên lửa hành trình,có thể lắp các đầu đạn hóa học hay,10.144268989562988,3.8101143836975098,-6.3341546058654785,0.3550174801135453
0004-0050-0003,True,bởi nhiệt độ cao trong quá trình bay ở tốc độ gần Mach 5 làm biến tính đa số các chất hóa học mang theo,bởi nhiệt độ cao trong quá trình bay ở tốc độ gần Mach,10.042478561401367,9.441044807434082,-0.6014337539672852,0.6480834608968158
0004-0050-0004,False,,cũng,10.153759956359863,3.7179675102233887,-6.435792446136475,0.3501300321540434
0004-0050-0005,True,Liên bang xô viết,do Liên bang xô,10.062614440917969,10.12026596069336,0.057651519775390625,0.6790635114676747
0004-0050-0006,True,"cơ sở thông tin, trung tâm chỉ huy và làm trì hõan quá trình động viên quân đội của Tây Đức cũng như các lực lượng Đồng Minh tại Đức","tiêu diệt các cơ sở thông tin, trung tâm chỉ huy và làm trì hõan quá trình động viên quân đội của Tây Đức cũng như các lực lượng Đồng Minh tại",10.149002075195312,7.084987640380859,-3.064014434814453,0.5229455584741599
0004-0050-0007,False,,.,10.11172866821289,9.863521575927734,-0.24820709228515625,0.6648621562028922
0004-0051-0001,True,dựa trên phần trăm số đầu đạn tên lửa Scud được biết đã tới mục tiêu hoặc đã nổ so với số lượng tên lửa Scud được bắn đi,"đã ""họat động tuyệt diệu"" trong Chiến tranh Vùng",10.133113861083984,2.1906886100769043,-7.94242525100708,0.2817369647730291
0004-0051-0002,True,họat động tuyệt diệu,"đã ""họat động",9.978087425231934,10.941039085388184,0.96295166015625,0.7191372570036856
0004-0051-0003,False,,thường dựa trên số lượng những lần bắn,10.133201599121094,2.6259355545043945,-7.507266044616699,0.30065320371147314
0004-0051-0004,True,0%,mức 0,10.091015815734863,11.286413192749023,1.1953973770141602,0.7289208373385773
0004-0051-0005,False,,hệ thống,10.098955154418945,9.61338996887207,-0.485565185546875,0.6536302219135768
0004-0051-0006,True,Hệ thống phòng thủ tên lửa Patriot,hệ thống,10.096628189086914,9.594375610351562,-0.5022525787353516,0.6528339040662933
0004-0051-0007,False,,"đã ""họat động",10.083141326904297,10.273508071899414,0.1903667449951172,0.6851259166713256
0004-0051-0008,True,khó có thể biết đâu là mảnh đầu đạn và có ít dữ liệu ghi lại những lần dò tìm radar còn được lưu trữ cho phép phân tích về sau này,vì khó có thể biết đâu là mảnh đầu,10.144128799438477,6.104890823364258,-4.039237976074219,0.47163090622777915
0005-0001-0001,True,biển Đỏ,là biển Đỏ (Hồng Hải,9.56240463256836,11.331696510314941,1.769291877746582,0.7521390905780809
0005-0001-0002,False,,"từ 3,1% tới 3,8",10.134892463684082,7.191848278045654,-2.9430441856384277,0.5292991208086023
0005-0001-0003,True,vịnh Phần Lan,là biển Đỏ (Hồng Hải,10.112205505371094,8.082793235778809,-2.029412269592285,0.5768366499347543
0005-0001-0004,True,biển trong các biển cô lập (biển kín),như biển,10.129884719848633,9.825013160705566,-0.3048715591430664,0.6621970904978011
0005-0001-0005,False,,do nhiệt độ cao và sự tuần hòan bị,10.151569366455078,7.856414794921875,-2.295154571533203,0.5631161003412988
0005-0001-0006,True,biển Baltic,của biển,9.581087112426758,11.260305404663086,1.6792182922363281,0.7485847007591486
0005-0001-0007,False,,là biển Đỏ (Hồng Hải,10.119433403015137,8.252113342285156,-1.8673200607299805,0.5851492067171288
0005-0001-0008,True,"3,1% tới 3,8%","từ 3,1% tới 3,8",10.129892349243164,8.8004732131958,-1.3294191360473633,0.6123650766176869
0005-0001-0009,True,do nhiệt độ cao và sự tuần hòan bị hạn chế đã tạo ra tỷ lệ bốc hơi cao của nước bề mặt cũng như có rất ít nước ngọt từ các cửa sông đổ vào và lượng giáng thủy nhỏ,do nhiệt độ cao và sự tuần hòan bị,10.116196632385254,10.216913223266602,0.10071659088134766,0.6810374717316345
0005-0002-0001,True,do trọng lượng bổ sung của các muối và hiện tượng điện giảo,(nước ngọt,10.1411771774292,5.524616241455078,-4.616560935974121,0.4414646607569273
0005-0002-0002,False,,(nước ngọt tinh khiết đạt tỷ trọng riêng tối đa là 1.000 g/ml ở nhiệt độ 4 °,10.151453971862793,4.105937480926514,-6.045516490936279,0.3690602790402555
0005-0002-0003,True,"7,5 tới 8,4",tới,10.135043144226074,5.513495445251465,-4.621547698974609,0.44120564257566497
0005-0002-0004,False,,là khỏang 1.500 m•s−,10.167702674865723,1.8698837757110596,-8.297818899154663,0.26683684893130355
0005-0002-0005,True,-2 °C,nhiệt độ 4 °,10.143024444580078,10.105464935302734,-0.03755950927734375,0.6746766247783784
0005-0002-0006,True,tỷ trọng riêng,(nước ngọt,10.152347564697266,3.493076801300049,-6.659270763397217,0.33949473218925347
0005-0002-0007,True,1.020 tới 1.030 kg/m³,biển nặng hơn nước ngọt (nước ngọt tinh khiết đạt tỷ trọng riêng tối đa là 1.000 g/,10.145895004272461,4.11747932434082,-6.028415679931641,0.36989954187149027
0005-0002-0008,True,1.000 g/ml,là 1.000 g/,10.150033950805664,7.784433841705322,-2.365600109100342,0.5594617671711563
0005-0003-0001,False,,"biển khỏang 2,8",9.99250602722168,7.866113662719727,-2.126392364501953,0.5718420314260192
0005-0003-0002,True,"do thời gian cư trú khác nhau của các chất hòa tan trong nước biển; các ion natri và clorua có thời gian cư trú lâu hơn, trong khi các ion canxi (thiết yếu cho sự hình thành cacbonat) có xu hướng trầm lắng nhanh hơn",lại thấp hơn so với tỷ lệ phần trăm tương ứng của nước,10.143926620483398,6.107240676879883,-4.036685943603516,0.4717648813426303
0005-0003-0003,True,"2,8 lần","biển khỏang 2,8",9.821359634399414,9.087838172912598,-0.7335214614868164,0.6417112550166694
0005-0003-0004,True,o thời gian cư trú khác nhau của các chất hòa tan trong nước biển,do thời gian cư trú khác nhau của các chất hòa tan trong nước,9.983861923217773,10.43733024597168,0.45346832275390625,0.6969584812753928
0005-0003-0005,True,48%,"tới 48% các ion có trong nước sông trong khi chỉ chiếm khỏang 0,41",10.066705703735352,10.872724533081055,0.8060188293457031,0.7124116830962598
0005-0003-0006,True,"0,41%",tới 48,9.987483978271484,11.369029998779297,1.3815460205078125,0.7365996057652765
0005-0004-0001,True,không có các lối thóat ra đại dương,rằng một lượng nhỏ các hồ trên thế giới mà không có các lối thóat ra,10.141125679016113,8.22641372680664,-1.9147119522094727,0.5827236021638521
0005-0004-0002,True,cao,muối,10.13493537902832,9.407567977905273,-0.7273674011230469,0.6420092756940086
0005-0004-0003,True,năm 1715,vào,9.559814453125,7.45809268951416,-2.10172176361084,0.5731140351847601
0005-0004-0004,True,Edmond Halley,thời,9.0038423538208,7.3346428871154785,-1.6691994667053223,0.59524350948209
0005-0005-0001,True,do hệ quả của các hệ thống hóa học/kiến tạo làm cho muối bị trầm lắng,do hệ quả của các hệ thống hóa học/,10.015121459960938,9.90173053741455,-0.11339092254638672,0.6711605665243489
0005-0005-0002,False,,do hệ quả của các hệ thống hóa học/,10.040898323059082,9.3687162399292,-0.6721820831298828,0.6446767915193824
0005-0005-0003,True,Kể từ khi các đại dương hình thành,. Kể từ khi các đại dương,9.768115043640137,11.270638465881348,1.502523422241211,0.7415144478531125
0005-0005-0004,True,không,natri,10.128419876098633,8.842887878417969,-1.285531997680664,0.6145574181476205
0005-0005-0005,True,Độ mặn của nước biển đã ổn định trong nhiều triệu năm,chẳng hạn các trầm lắng natri và clorua bao gồm các trầm tích evaporit và các phản ứng với bazan đáy,10.139713287353516,2.9468889236450195,-7.192824363708496,0.3147624042428598
0005-0005-0006,False,,. Kể từ khi các đại dương,9.89997673034668,11.088739395141602,1.1887626647949219,0.7286445702403639
0005-0006-0001,True,kích thích thận gia tăng họat động bài tiết natri,sẽ vượt ngưỡng gây,10.156322479248047,5.310983180999756,-4.845339298248291,0.4296166370392157
0005-0006-0002,True,9 g/L,chỉ khỏang 9 g/,10.119462966918945,4.587093353271484,-5.532369613647461,0.39456855526448054
0005-0006-0003,True,nồng độ natri của nước biển là cao hơn khả năng cô tối đa của thận,ra ngập máu và lọan nhịp,10.144932746887207,4.513704776763916,-5.631227970123291,0.38960464073719897
0005-0006-0004,True,thận,được,10.086347579956055,9.573042869567871,-0.5133047103881836,0.6523060278522748
0005-0007-0001,True,Anh,của,9.873729705810547,9.954360961914062,0.08063125610351562,0.6801176290225402
0005-0007-0002,True,bảo tồn các nguồn nước ngọt,để dội rửa nhà vệ sinh trên phạm vi cả,10.126749038696289,8.959064483642578,-1.167684555053711,0.6204212073175228
0005-0007-0003,False,,sử dụng một cách,10.11208438873291,3.9834108352661133,-6.128673553466797,0.3649905092815239
0005-0007-0004,True,không,. Nước,10.115816116333008,5.619025707244873,-4.496790409088135,0.4476949333608566
0005-0007-0005,True,những năm thập niên 1960 và 1970,đầu từ những năm thập niên 1960 và,10.021236419677734,10.630565643310547,0.6093292236328125,0.7038481696735432
0005-0007-0006,True,dội rửa nhà vệ sinh,để dội rửa nhà,9.852413177490234,11.703869819641113,1.851456642150879,0.7553518736565754
0005-0008-0001,True,"công nghệ của thiết bị bốc hơi chân không, thiết bị bốc hơi flash hay công nghệ thẩm thấu ngược","của thiết bị bốc hơi chân không, thiết bị bốc hơi flash hay công nghệ thẩm thấu",10.150476455688477,7.7729034423828125,-2.377573013305664,0.5588400253212947
0005-0008-0002,False,,trong giai đọan thế kỷ 16 tới thế kỷ,10.148497581481934,7.02534818649292,-3.1231493949890137,0.5198368575782775
0005-0008-0003,True,khử muối,trong giai đọan thế kỷ 16 tới thế kỷ,10.13625717163086,7.376631736755371,-2.7596254348754883,0.5389138314253188
0005-0008-0004,True,"các quy trình khử muối như sử dụng các công nghệ của thiết bị bốc hơi chân không, thiết bị bốc hơi flash hay công nghệ thẩm thấu ngược","nhờ các quy trình khử muối như sử dụng các công nghệ của thiết bị bốc hơi chân không, thiết bị bốc hơi flash hay công nghệ thẩm thấu",10.133039474487305,8.732739448547363,-1.4003000259399414,0.6088146924556693
0005-0009-0001,True,Kon-Tiki,Trên bè Kon-,10.040172576904297,10.912820816040039,0.8726482391357422,0.715278895512848
0005-0009-0002,True,2005,(1924-,10.139349937438965,7.863186836242676,-2.276163101196289,0.5641001205281604
0005-0009-0003,False,,. Năm,10.120569229125977,9.375356674194336,-0.7452125549316406,0.6411447927259148
0005-0009-0004,True,năm 1947,Tiki năm,10.136468887329102,7.986076354980469,-2.150392532348633,0.570603682868826
0005-0009-0005,True,Pháp,người,10.128464698791504,9.325422286987305,-0.8030424118041992,0.6383370248709984
0005-0009-0006,True,2:3,tỷ lệ 2:,9.85370922088623,11.206417083740234,1.352707862854004,0.7354192023971566
0006-0001-0001,True,một quần đảo,là Thịnh vượng chung,10.018320083618164,9.821857452392578,-0.19646263122558594,0.6672866805406742
0006-0001-0002,True,phía đông,"ở phía đông bắc vùng biển Caribbean, phía đông nước Cộng hòa Dominicana và phía tây Quần đảo",10.140727996826172,7.698489189147949,-2.4422388076782227,0.5554788480134296
0006-0001-0003,True,Hoa Kỳ,của,10.048604965209961,9.968816757202148,-0.0797882080078125,0.6727210122027549
0006-0001-0004,False,,"ở phía đông bắc vùng biển Caribbean, phía đông nước Cộng hòa Dominicana và phía tây Quần đảo",10.114334106445312,8.579233169555664,-1.5351009368896484,0.602030987249217
0006-0001-0005,False,,là Thịnh vượng chung,10.114259719848633,6.437395095825195,-3.6768646240234375,0.49068629642875145
0006-0001-0006,True,"phía đông bắc vùng biển Caribbean, phía đông nước Cộng hòa Dominicana và phía tây Quần đảo Virgin","ở phía đông bắc vùng biển Caribbean, phía đông nước Cộng hòa Dominicana và phía tây Quần đảo",10.134763717651367,7.341012954711914,-2.793750762939453,0.537126975378416
0006-0001-0007,True,"đảo Vieques, Culebra và Mona",bao gồm một,10.142349243164062,5.025579452514648,-5.116769790649414,0.41566465009733167
0006-0001-0008,True,Puerto Rico,của,9.987488746643066,9.951177597045898,-0.03631114959716797,0.67473434425436
0006-0001-0009,False,,là Thịnh vượng chung Puerto Rico (tiếng Tây Ban Nha: Estado Libre Asociado de,10.128372192382812,4.671817302703857,-5.456554889678955,0.3983902442870261
0006-0001-0010,False,,của,10.090907096862793,9.331445693969727,-0.7594614028930664,0.6404538683673984
0006-0002-0001,True,người Taino,đó,9.845110893249512,7.336856365203857,-2.5082545280456543,0.5520422621780559
0006-0002-0002,True,người Taino,"đó người Taino có một nền văn hóa khá phát triển và chiếm ưu thế tại hòn đảo trong thời gian dài. Năm 1493, Christopher",10.098773956298828,7.5522379875183105,-2.5465359687805176,0.5500471410613785
0006-0002-0003,False,,"đó người Taino có một nền văn hóa khá phát triển và chiếm ưu thế tại hòn đảo trong thời gian dài. Năm 1493, Christopher",10.085756301879883,6.373290538787842,-3.712465763092041,0.48881211133519553
0006-0002-0004,True,1898,Trong cuộc chiến tranh Mỹ-Tây Ban Nha,10.154726028442383,9.58543872833252,-0.5692873001098633,0.649626434110108
0006-0002-0005,True,Đế chế Tây Ban Nha,",",10.078649520874023,9.981439590454102,-0.09720993041992188,0.6719124549540922
0006-0002-0006,True,Christopher Columbus,", Christopher",9.873441696166992,10.939502716064453,1.066061019897461,0.7235035849426591
0006-0002-0007,False,,", Christopher",10.034363746643066,9.40953254699707,-0.6248311996459961,0.6469584753071237
0006-0002-0008,True,1898,Trong cuộc chiến tranh Mỹ-Tây Ban Nha,10.127047538757324,10.444124221801758,0.3170766830444336,0.6908557654845978
0006-0003-0001,False,,đã bốn,9.637445449829102,10.984477996826172,1.3470325469970703,0.7351865019630918
0006-0003-0002,True,không có tính ràng buộc về mật pháp lý về tình trạng chính trị của hòn đảo,dân ý không có tính ràng buộc về mật,10.126941680908203,7.299091339111328,-2.827850341796875,0.5353405145736316
0006-0003-0003,True,ngày 6 tháng 11 năm 2012,vào ngày 6 tháng 11 năm,10.1036958694458,8.157898902893066,-1.9457969665527344,0.5811304291455857
0006-0003-0004,False,,bao gồm khả năng trở thành một tiểu bang của Hoa Kỳ hay được,10.13392448425293,7.900439262390137,-2.233485221862793,0.5663095711494037
0006-0003-0005,True,bốn lần,đã bốn,10.012190818786621,9.366571426391602,-0.6456193923950195,0.6459575780564912
0006-0003-0006,True,cử tri Puerto Rico đã bác bỏ sít sao tình trạng chính trị hiện tại (câu hỏi thứ nhất) và chấp thuận áp đảo việc trở thành tiểu bang của Hoa Kỳ như là một chọn lựa ưng ý (câu hỏi thứ hai),là giữ tình trạng như,10.082199096679688,9.16445541381836,-0.9177436828613281,0.6327401328062325
0006-0003-0007,True,bốn lần,đã bốn,9.484439849853516,11.21881103515625,1.7343711853027344,0.7507650958709489
0006-0003-0008,True,"Tình trạng chính trị hiện nay của hòn đảo, bao gồm khả năng trở thành một tiểu bang của Hoa Kỳ hay được độc lập",bao gồm khả năng trở thành một tiểu bang của Hoa Kỳ hay được,10.109264373779297,10.212441444396973,0.10317707061767578,0.6811500569489256
0006-0004-0001,True,Giữa thế kỉ 4 và thế kỉ 10,phát hiện năm 1990 được xác định có niên đại 2000 năm trước công nguyên. Trong khỏang giữa năm 120 và 400 sau,10.156777381896973,5.49903678894043,-4.657740592956543,0.4393267095460016
0006-0004-0002,True,2000 năm trước công nguyên,niên đại 2000,9.944433212280273,10.616558074951172,0.6721248626708984,0.7065982074980253
0006-0004-0003,True,những thổ dân da đỏ,là những thổ dân da,9.898748397827148,11.434111595153809,1.5353631973266602,0.7428382435655526
0006-0004-0004,False,,niên đại 2000,10.058952331542969,9.189550399780273,-0.8694019317626953,0.635103452431371
0006-0004-0005,True,nền văn hóa Taino,", nền văn hóa Taino bắt đầu phát triển mạnh mẽ trên hòn",10.170258522033691,1.8907171487808228,-8.279541373252869,0.2675908032694045
0006-0004-0006,True,Giữa thế kỉ 4 và thế kỉ 10,", người Igneri, một bộ lạc xuất xứ từ vùng châu thổ sông Orinoco, nơi ngày nay là Venezuela đã đến hòn đảo này. Giữa thế kỉ 4 và thế kỉ",10.155268669128418,4.426817893981934,-5.728450775146484,0.3847450560407078
0006-0004-0007,True,làm nghề sắn bắt và đánh cá,làm nghề sắn bắt và,10.158815383911133,9.070422172546387,-1.088393211364746,0.6243469626885825
0006-0005-0001,True,San Juan Bautista,ra đảo,10.135944366455078,6.792773246765137,-3.3431711196899414,0.5082588240709461
0006-0005-0002,True,lần thứ hai,", Christopher Columbus trong chuyến thám hiểm lần thứ",10.00978946685791,10.490947723388672,0.4811582565307617,0.6981890977150002
0006-0005-0003,True,Juan Ponce de Leon,", Juan Ponce de",9.382600784301758,11.788734436035156,2.4061336517333984,0.7762965966887407
0006-0005-0004,False,,"là San Juan Bautista để tưởng niệm thánh John Baptist. Sau đó, hòn đảo được đổi tiên thành Puerto Rico còn San Juan thì trở thành tên thủ phủ của hòn",10.145835876464844,3.8304848670959473,-6.3153510093688965,0.35592504815553333
0006-0005-0005,False,,ra đảo,10.131381034851074,6.851749420166016,-3.2796316146850586,0.5116038732249782
0006-0005-0006,True,tưởng niệm thánh John Baptist,"để tưởng niệm thánh John Baptist. Sau đó, hòn đảo được đổi tiên thành Puerto Rico còn San Juan thì trở thành tên thủ phủ của hòn",10.13932991027832,5.86044979095459,-4.2788801193237305,0.4590711594337805
0006-0005-0007,False,,thành Puerto Rico còn,10.110221862792969,8.12891960144043,-1.981302261352539,0.5793086370440645
0006-0005-0008,True,năm 1493,năm,10.015923500061035,3.779231309890747,-6.236692190170288,0.35973274329196786
0006-0005-0009,True,Borikén,còn,10.11507797241211,5.153435707092285,-4.961642265319824,0.42362341405822745
0006-0006-0001,False,,Nha bắt làm,10.1571044921875,7.214227676391602,-2.9428768157958984,0.5293079052592371
0006-0006-0002,False,,trở thành một pháo đài phòng thủ quan trọng cho hệ thống thuộc địa to lớn của Tây Ban Nha tại,10.154735565185547,2.0090999603271484,-8.145635604858398,0.2731555266367526
0006-0006-0003,False,,Người,10.15848445892334,7.207015037536621,-2.9514694213867188,0.5288568967350623
0006-0006-0004,True,một pháo đài phòng thủ quan trọng,Tây Ban Nha nhanh chóng chiếm tòan bộ đảo Puerto Rico làm,10.154088973999023,3.0440945625305176,-7.109994411468506,0.31853810955214773
0006-0006-0005,True,"Pháp, Hà Lan và Anh","như Pháp, Hà Lan và",10.05337142944336,11.345666885375977,1.2922954559326172,0.7329354496237763
0006-0006-0006,True,Người Tây Ban Nha,Người,10.159897804260254,7.365420341491699,-2.7944774627685547,0.537088913692
0006-0006-0007,True,nô lệ da đen,. Những người thổ dân Taino hoặc bị giết trong những trận chiếm đẫm máu mà ưu thế thuộc về người Tây Ban Nha hay những bệnh dịch chết người từ châu,9.78526496887207,7.040309906005859,-2.744955062866211,0.5396816907181079
0006-0006-0008,True,bị giết trong những trận chiếm đẫm máu mà ưu thế thuộc về người Tây Ban Nha hay những bệnh dịch chết người,. Dân số Taino sụt giảm nhanh chóng đã buộc người Tây Ban Nha phải buôn nô lệ da đen từ châu Phi sang,10.171696662902832,0.9702485799789429,-9.20144808292389,0.23128073474315927
0006-0006-0009,True,bị người Tây Ban Nha bắt làm nô lệ,Nha bắt làm,10.157379150390625,4.308603286743164,-5.848775863647461,0.3787625122793271
0006-0007-0001,True,vua Ferdinand VII,",",9.555118560791016,6.707947731018066,-2.847170829772949,0.5343279177745249
0006-0007-0002,True,"Cuộc chiến tranh Iberia nổ ra giữa Tây Ban Nha, Bồ Đào Nha và Anh với quân Pháp","Cuộc chiến tranh Iberia nổ ra giữa Tây Ban Nha, Bồ Đào Nha và Anh với quân",10.136261940002441,6.667483329772949,-3.468778610229492,0.5016443048576542
0006-0007-0003,True,gửi đại diện đến quốc hội Tây Ban Nha,này có quyền gửi đại diện đến quốc hội,10.146202087402344,2.994257926940918,-7.151944160461426,0.3166228603557236
0006-0007-0004,False,,đến quốc hội,10.024438858032227,10.451401710510254,0.42696285247802734,0.6957778535486925
0006-0007-0005,True,góp phần nâng cao tính dân tộc của người dân hòn đảo,góp phần nâng cao tính dân tộc của người dân hòn,10.147079467773438,4.309634208679199,-5.837445259094238,0.37932432928843385
0006-0007-0006,True,Ủy ban Trung ương Tối cao tại Cadiz,đến quốc hội,9.72397518157959,11.416041374206543,1.6920661926269531,0.7490937550556254
0006-0007-0007,True,Năm 1809,năm 1810-,10.012922286987305,4.511448383331299,-5.501473903656006,0.3961244273105327
0006-0007-0008,False,,"Cuộc chiến tranh Iberia nổ ra giữa Tây Ban Nha, Bồ Đào Nha và Anh với quân",10.146500587463379,4.15723991394043,-5.989260673522949,0.37182412378157087
0006-0008-0001,True,Ramon Emeterio Betances,", Luis Munoz",10.071798324584961,6.921387195587158,-3.1504111289978027,0.5184031871851971
0006-0008-0002,True,mâu thuẫn chính trị và sự nghèo đói,", mâu thuẫn chính trị và sự nghèo đói của hòn",9.646921157836914,11.463083267211914,1.816162109375,0.7539752550120689
0006-0008-0003,False,,", Luis Munoz",10.0288724899292,9.954240798950195,-0.0746316909790039,0.6729601343039078
0006-0008-0004,True,Puerto Rico và Cuba,", Puerto Rico và",9.141510963439941,11.561817169189453,2.4203062057495117,0.7768146585533455
0006-0008-0005,True,Grito de Lares,", cuộc nổi dậy ""Grito de Lares",10.044447898864746,8.49979019165039,-1.5446577072143555,0.6015485287169063
0006-0008-0006,True,nghèo đói,", mâu thuẫn chính trị và sự",10.161275863647461,1.3746533393859863,-8.786622524261475,0.2471809037388948
0006-0008-0007,False,,", Puerto Rico và",9.333915710449219,11.247692108154297,1.9137763977050781,0.7577698324689224
0006-0008-0008,False,,", cuộc nổi dậy ""Grito de Lares",10.042433738708496,7.032886505126953,-3.009547233581543,0.5258073108781055
0006-0008-0009,True,Luis Munoz Rivera,", Luis Munoz",10.042871475219727,9.51408576965332,-0.5287857055664062,0.6515659890636126
0006-0009-0001,True,thanh niên,nhiều thanh niên,10.14863395690918,7.059632301330566,-3.0890016555786133,0.5216321932949033
0006-0009-0002,True,Đạo luật Foraker,",",9.889410018920898,6.15755558013916,-3.7318544387817383,0.48779154350077486
0006-0009-0003,False,,", Puerto Rico nằm dưới sự cai trị của quân đội",10.117441177368164,8.094614028930664,-2.0228271484375,0.5771752366923644
0006-0009-0004,True,hạ viện,ra thượng viện do dân,10.025876998901367,11.309453964233398,1.2835769653320312,0.7325757825661489
0006-0009-0005,False,,",",9.96587085723877,5.184449195861816,-4.781421661376953,0.4329193097300155
0006-0009-0006,True,Đạo luật Jones-Shafroth,",",9.413139343261719,7.414986610412598,-1.998152732849121,0.5784432723942112
0006-0009-0007,True,thống đốc,và thống đốc,9.811056137084961,11.40330982208252,1.5922536849975586,0.74512102669537
0006-0009-0008,True,Mỹ,của quân đội,10.043985366821289,10.332213401794434,0.28822803497314453,0.6895562891835667
0006-0009-0009,False,,là người được Tổng thống,10.126762390136719,6.189131736755371,-3.9376306533813477,0.47696798419645287
0006-0010-0001,True,Ngày 30 tháng 10 năm 1950,. Ngày 30 tháng 10 năm,9.926937103271484,11.157445907592773,1.230508804321289,0.7303799200762404
0006-0010-0002,True,cuộc Đại khủng hỏang 1929,"như động đất, sóng thần, các cơn bão nhiệt đới cũng như cuộc Đại khủng hỏang",10.158016204833984,5.076584815979004,-5.0814313888549805,0.41747396669648057
0006-0010-0003,True,tổng thống Harry Truman,ám sát tổng thống Harry,10.117595672607422,10.893918991088867,0.7763233184814453,0.7111282867559638
0006-0010-0004,False,,"như động đất, sóng thần, các cơn bão nhiệt đới cũng như cuộc Đại khủng hỏang",10.139864921569824,7.677729606628418,-2.4621353149414062,0.5544436371185807
0006-0010-0005,False,,"như động đất, sóng thần, các cơn bão nhiệt đới cũng như cuộc Đại khủng hỏang",10.161421775817871,4.5519866943359375,-5.609435081481934,0.390696989228669
0006-0010-0006,True,"động đất, sóng thần, các cơn bão nhiệt đới","như động đất, sóng thần, các cơn bão nhiệt đới cũng như cuộc Đại khủng hỏang",10.124734878540039,9.39314079284668,-0.7315940856933594,0.6418046032050669
0006-0010-0007,True,Pedro Albizu Campos,", Pedro Albizu Campos, lãnh đạo Đảng Dân tộc",9.42198371887207,8.158105850219727,-1.2638778686523438,0.6156374259534992
0006-0010-0008,False,,ám sát tổng thống Harry,10.097407341003418,10.105268478393555,0.007861137390136719,0.6767732815013701
0006-0010-0009,True,Harry Truman,tổng thống Harry,10.079421997070312,11.19003677368164,1.1106147766113281,0.7253772540839064
0006-0011-0001,True,ngày 3 tháng 7,vào ngày 3 tháng,10.084409713745117,9.500343322753906,-0.5840663909912109,0.6489174501332582
0006-0011-0002,True,Năm 1947,Năm,10.124195098876953,8.765755653381348,-1.3584394454956055,0.6109128844026503
0006-0011-0003,True,Luis Munoz Marin,.,8.897687911987305,7.17965841293335,-1.718029499053955,0.5927627249697468
0006-0011-0004,False,,Năm,10.099653244018555,8.189826011657715,-1.9098272323608398,0.5829737983870467
0006-0011-0005,True,Năm 1950,. Năm,10.031373977661133,10.23486328125,0.2034893035888672,0.6857219835891589
0006-0011-0006,False,,Năm,10.1177339553833,6.585752010345459,-3.531981945037842,0.49831564005892565
0006-0011-0007,True,thống đốc,trở thành thống đốc,9.864358901977539,10.60417366027832,0.7398147583007812,0.7095457894504807
0006-0011-0008,False,,vào ngày 3 tháng,10.081029891967773,9.734067916870117,-0.34696197509765625,0.6602107772560273
0006-0012-0001,False,,. Puerto Rico thiếu sự bảo vệ tòan phần từ Hiến pháp Hoa Kỳ vì không phải là một tiểu bang của,10.130966186523438,6.2634477615356445,-3.867518424987793,0.48065387790342357
0006-0012-0002,True,Anibal Acevedo Vila,bởi thống đốc,10.06035041809082,6.172027587890625,-3.8883228302001953,0.47955992456912044
0006-0012-0003,False,,"gồm ba nhánh: lập pháp, hành pháp và",10.076093673706055,8.604290962219238,-1.4718027114868164,0.6052214552860703
0006-0012-0004,False,,vì không phải là một tiểu bang của,10.148384094238281,2.479160785675049,-7.669223308563232,0.2935285321416024
0006-0012-0005,True,tổng thống Mỹ,là tổng thống,10.141249656677246,6.448757171630859,-3.6924924850463867,0.4898635485178751
0006-0012-0006,True,ba nhánh,"gồm ba nhánh: lập pháp, hành pháp và",10.097442626953125,7.530067443847656,-2.5673751831054688,0.5489603785055522
0006-0012-0007,True,không phải là một tiểu bang của Hoa Kỳ,vì không phải là một tiểu bang của,10.15185260772705,4.868134498596191,-5.283718109130859,0.4071484062318961
0006-0012-0008,True,Puerto Rico,của,10.151914596557617,3.32840633392334,-6.823508262634277,0.3317799241316034
0006-0012-0009,False,,ngài Anibal Acevedo Vila. Nhánh lập pháp bao gồm Quốc hội Puerto Rico được chia làm hai viện: Thượng viện và Hạ viện. Người đứng đầu Thượng viện Puerto Rico là Chủ tịch,10.083624839782715,5.552892684936523,-4.530732154846191,0.44592758238610986
0006-0013-0001,False,,", Đảng Độc lập Puerto Rico (PIP",9.612451553344727,9.002779006958008,-0.6096725463867188,0.6476875136120691
0006-0013-0002,True,duy trì hiện trạng Puerto Rico với vai trò hiện nay là một lãnh thổ thịnh vượng chung thuộc Hoa Kỳ,muốn duy trì hiện trạng Puerto Rico với vai trò hiện nay là một lãnh thổ thịnh vượng chung thuộc,10.02212905883789,9.157865524291992,-0.8642635345458984,0.6353542769662192
0006-0013-0003,False,,giữa 3,9.991487503051758,10.868165969848633,0.876678466796875,0.7154517723936423
0006-0013-0004,True,Đảng Độc lập Puerto Rico (PIP),", Đảng Độc lập Puerto Rico (PIP",9.631481170654297,9.008625984191895,-0.6228551864624023,0.6470535482914491
0006-0013-0005,False,,", Đảng Độc lập Puerto Rico (PIP",9.813775062561035,8.8321533203125,-0.9816217422485352,0.6296074809949362
0006-0013-0006,False,,chọn lựa giữ nguyên hiện trạng chính trị như hiện nay như một vùng lãnh thổ quốc hải của,10.1454496383667,3.5534284114837646,-6.592021226882935,0.3426787220099753
0006-0013-0007,True,Đảng Cấp tiến Mới Puerto Rico (PNP),", Đảng Độc lập Puerto Rico (PIP",9.815240859985352,8.667587280273438,-1.147653579711914,0.6214144630023184
0006-0013-0008,True,3 đảng phái chính,giữa 3,9.8866548538208,11.100080490112305,1.213425636291504,0.7296706348920805
0006-0013-0009,True,giữ nguyên hiện trạng chính trị,chọn lựa giữ nguyên hiện trạng chính trị như hiện nay như một vùng lãnh thổ quốc hải của,10.144718170166016,6.860255241394043,-3.2844629287719727,0.5113495605158123
0006-0014-0001,False,,đó vùng cao nguyên và đồi núi trung tâm,9.358024597167969,11.640016555786133,2.281991958618164,0.7717221962305338
0006-0014-0002,True,ấm áp quanh năm,có khí hậu ấm áp,10.039325714111328,9.811004638671875,-0.22832107543945312,0.6657949680972988
0006-0014-0003,True,vùng cao nguyên và đồi núi,đó vùng cao nguyên và đồi núi trung tâm,9.65196418762207,11.431614875793457,1.7796506881713867,0.7525456918036384
0006-0014-0004,False,,của những cơn bão từ,10.099790573120117,9.654775619506836,-0.44501495361328125,0.6555616782651842
0006-0014-0005,True,khỏang 26 °C (80 °F),khí hậu ấm áp quanh năm với nhiệt độ trung bình năm khỏang 26 °C (80 °,10.115267753601074,5.849768161773682,-4.265499591827393,0.4597712187949723
0006-0014-0006,False,,có khí hậu ấm áp,10.073131561279297,8.909089088439941,-1.1640424728393555,0.6206018788963296
0006-0014-0007,True,khí hậu nhiệt đới,có khí hậu ấm áp,9.971799850463867,10.427129745483398,0.45532989501953125,0.6970413035316532
0006-0014-0008,True,những cơn bão từ Đại Tây Dương,của những cơn bão từ Đại Tây Dương đổ,10.079338073730469,10.691064834594727,0.6117267608642578,0.7039534399372848
0006-0015-0001,True,hiện là một trong các nước có thu nhập bình quân đầu người cao nhất châu Mỹ,đã phục hồi rất nhanh và hiện là một trong các nước có thu nhập bình quân đầu người cao nhất châu,10.141027450561523,2.8911540508270264,-7.249873399734497,0.31217602006886175
0006-0015-0002,True,cuộc Đại Khủng hỏang 1929 từ nước Mỹ,là cuộc Đại Khủng hỏang 1929 từ nước Mỹ nhưng sau đó đã phục hồi rất nhanh và hiện là một trong các nước có thu nhập bình quân đầu người cao nhất châu,10.14000129699707,1.7914276123046875,-8.348573684692383,0.2647502950521879
0006-0015-0003,True,được chính phủ Mỹ miễn thuế,và được chính phủ Mỹ miễn,10.142480850219727,4.768527984619141,-5.373952865600586,0.4025681969702952
0006-0015-0004,True,ngành trồng và xuất khẩu mía đường,quanh ngành trồng và xuất khẩu mía,10.075601577758789,10.973339080810547,0.8977375030517578,0.7163540720293203
0006-0015-0005,True,thập niên 1940,đến thập niên,10.07493782043457,8.72960090637207,-1.3453369140625,0.6115687876745178
0006-0016-0001,False,,tới,10.160456657409668,6.660041809082031,-3.5004148483276367,0.4999781515306009
0006-0016-0002,True,cuộc khủng hỏang ngân qũy trầm trọng,ra cuộc khủng hỏang ngân qũy,10.163270950317383,9.336877822875977,-0.8263931274414062,0.6372006000529278
0006-0016-0003,True,giá nhân công rẻ,tới,10.157134056091309,6.532203197479248,-3.6249308586120605,0.49342075086922504
0006-0016-0004,True,Tình trạng kinh tế khó khăn giữa các cuộc khủng hỏang kinh tế,tới,10.165502548217773,8.928775787353516,-1.2367267608642578,0.6169899873461886
0006-0016-0005,True,năm 2007,vào năm,10.107160568237305,9.50084114074707,-0.6063194274902344,0.6478486853376721
0006-0016-0006,False,,vào năm,10.060983657836914,10.401261329650879,0.34027767181396484,0.6918986612367426
0006-0016-0007,True,gần 96 000 người bị cho nghỉ việ,"khiến nhiều cơ quan chính phủ và 1536 trường công phải đóng cửa, gần 96 000 người bị cho",10.169617652893066,2.7470433712005615,-7.422574281692505,0.3044178752741414
0006-0016-0008,False,,". Những chính sách thuế mới sau đó đã giẩi quyết cuộc khủng hỏang này nhưng vẫn còn nhiều thách thức khó khắc phục. Vài năm trở lại đây, Puerto Rico rơi vào tình trạng suy giảm",10.170024871826172,2.65486741065979,-7.515157461166382,0.30030377301229255
0006-0017-0001,True,"Nhiều khách sạn, các khu nghỉ dưỡng, trung tâm hội thảo lớn",như Trung tâm Hội nghị,9.9808931350708,11.107155799865723,1.1262626647949219,0.7260334369822383
0006-0017-0002,True,"các ngành hóa dầu, dược phẩm và khoa học công nghệ",.,10.132049560546875,9.007081985473633,-1.1249675750732422,0.6225381421006437
0006-0017-0003,True,năm 2007,vào năm,9.841612815856934,11.055288314819336,1.2136754989624023,0.7296810175342474
0006-0017-0004,True,nông nghiệp,"với nông nghiệp chỉ chiếm 1%, công nghiệp chiếm 45% và",10.111810684204102,9.285745620727539,-0.8260650634765625,0.637216576816666
0006-0017-0005,True,ngành chăn nuôi lấy sản phẩm từ thịt và sữa,", công nghiệp chiếm 45% và",10.111475944519043,8.810208320617676,-1.3012676239013672,0.6137718888075654
0006-0017-0006,False,,.,10.114644050598145,9.599051475524902,-0.5155925750732422,0.6521967071465048
0006-0018-0001,False,,và Ngân hàng,9.702367782592773,11.682143211364746,1.9797754287719727,0.7603127606250689
0006-0018-0002,True,"0,942 điểm","đạt 0,942",10.144887924194336,9.008810043334961,-1.136077880859375,0.621987992129866
0006-0018-0003,True,19.600 USD,là 19.600,10.098955154418945,10.152981758117676,0.05402660369873047,0.6788970635056839
0006-0018-0004,True,"11,7%","cao 11,7",10.116941452026367,9.48043441772461,-0.6365070343017578,0.6463964723599789
0006-0018-0005,True,Cuba và Cộng hòa Dominicana,với,10.13646411895752,2.8090295791625977,-7.327434539794922,0.30867840274404684
0006-0018-0006,True,Ngân hàng Thế giới,và Ngân hàng,9.673839569091797,11.761489868164062,2.0876502990722656,0.7644296478541747
0006-0018-0007,False,,"đạt 0,942",10.144527435302734,9.019028663635254,-1.1254987716674805,0.6225118459644199
0006-0018-0008,False,,là 19.600,10.03274154663086,10.210018157958984,0.177276611328125,0.6845307144387616
0006-0019-0001,True,Người da đen,người da,10.114994049072266,9.627634048461914,-0.48736000061035156,0.6535446150254786
0006-0019-0002,True,người da đỏ châu Mỹ,là người da đỏ châu,10.142515182495117,7.643824577331543,-2.498690605163574,0.55254044806352
0006-0019-0003,True,để được cấp đất,. Tình trạng nhập cư vào thế kỉ,10.125368118286133,5.107100963592529,-5.0182671546936035,0.42071346977365953
0006-0019-0004,True,Thế kỉ 19,. Tình trạng nhập cư vào thế kỉ,9.984613418579102,10.991661071777344,1.0070476531982422,0.721009707814572
0006-0019-0005,True,người Tây Ban Nha,là người,10.136722564697266,9.44163703918457,-0.6950855255126953,0.6435707779290689
0006-0019-0006,False,,là người,10.145463943481445,7.335468292236328,-2.809995651245117,0.536276029399284
0006-0019-0007,False,,là người da đỏ châu,10.143613815307617,8.177312850952148,-1.9663009643554688,0.5800786266761248
0006-0020-0001,True,Đạo Tin lành,", Đạo Tin",9.956640243530273,11.345466613769531,1.3888263702392578,0.7368970695910868
0006-0020-0002,False,,". Dưới sự cai trị của người Tây Ban Nha, Đạo Tin lành bị đàn áp nhưng lại được khuyến khích khi gia nhập nước",10.14725112915039,2.8658461570739746,-7.281404972076416,0.3107514918836944
0006-0020-0003,False,,", Đạo Tin",9.703239440917969,11.706756591796875,2.0035171508789062,0.7612230408397014
0006-0020-0004,False,,là,10.153844833374023,-0.12333512306213379,-10.277179956436157,0.1934553937237231
0006-0020-0005,True,Công giáo Rôma,Công giáo,10.114051818847656,6.725091934204102,-3.3889598846435547,0.5058477900981964
0006-0020-0006,True,Dưới sự cai trị của người Tây Ban Nha,". Dưới sự cai trị của người Tây Ban Nha, Đạo Tin lành bị đàn áp nhưng lại được khuyến khích khi gia nhập nước",10.13862419128418,5.826827526092529,-4.31179666519165,0.4573496829803778
0006-0020-0007,True,tôn giáo chủ yếu,là tôn giáo,10.114187240600586,5.821527004241943,-4.292660236358643,0.4583503626906136
0006-0020-0008,True,plaza,là,10.151260375976562,0.02872633934020996,-10.122534036636353,0.19858943739013585
0006-0021-0001,False,,.,9.951776504516602,6.335033416748047,-3.6167430877685547,0.49385189946067887
0006-0021-0002,True,Trường Đại học Puerto Rico,", Trường Đại học",10.042222023010254,11.001323699951172,0.959101676940918,0.7189734118518024
0006-0021-0003,True,Người Tây Ban Nha,. Người,10.151604652404785,5.845183372497559,-4.306421279907227,0.45763073754077505
0006-0021-0004,True,Người Taino,". Người Taino ngày nay tuy chỉ chiếm một tỉ lệ dân số nhỏ bé song họ vẫn giữ một số tên gọi truyền thống về địa danh, các món ăn, nhạc cụ và một số lượng từ vựng trong tiếng Tây Ban",9.777962684631348,7.133029937744141,-2.644932746887207,0.5449117362751812
0006-0021-0005,False,,. Người da,9.993925094604492,11.28471565246582,1.2907905578613281,0.7328733894778716
0006-0021-0006,True,Người da đen gốc châu Phi,. Người da,9.874361038208008,11.630026817321777,1.7556657791137695,0.7516035609043284
0006-0021-0007,True,"văn hóa Taino bản địa, văn hóa Tây Ban Nha, văn hóa Châu Phi và văn hóa Mỹ","giữa bốn dòng văn hóa: văn hóa Taino bản địa, văn hóa Tây Ban Nha, văn hóa Châu Phi và văn hóa",10.130868911743164,10.234685897827148,0.10381698608398438,0.6811793343692266
0006-0021-0008,False,,. Người,10.161659240722656,4.7261962890625,-5.435462951660156,0.39945567969122286
0006-0022-0001,False,,của,10.03122615814209,6.273376941680908,-3.7578492164611816,0.48642340940849954
0006-0022-0002,True,"6 huy chương (1 bạc, 5 đồng)","từng giành được 6 huy chương (1 bạc, 5",10.12468433380127,7.140106201171875,-2.9845781326293945,0.5271186532454717
0006-0022-0003,False,,"từng giành được 6 huy chương (1 bạc, 5",10.132697105407715,6.421627998352051,-3.711069107055664,0.48888563126242846
0006-0022-0004,False,,vào mùa,10.106057167053223,10.159915924072266,0.05385875701904297,0.6788893552630816
0006-0022-0005,True,Juan Evangelista Venegas,của,10.050114631652832,6.055579662322998,-3.994534969329834,0.4739782726909215
0006-0022-0006,True,Bóng chày,". Quyền anh, bóng rổ và",10.061359405517578,10.352893829345703,0.291534423828125,0.6897053765450633
0006-0022-0007,True,mùa đông,vào mùa,10.09699821472168,10.37114143371582,0.2741432189941406,0.6889207542170596
0006-0022-0008,False,,". Quyền anh, bóng rổ và",10.071663856506348,10.13427448272705,0.06261062622070312,0.6792911487082653
0006-0022-0009,False,,đồng môn quyền,10.105952262878418,10.333209037780762,0.22725677490234375,0.6868000168225485
0006-0022-0010,True,môn quyền anh,đồng môn quyền,10.099956512451172,9.905319213867188,-0.19463729858398438,0.6673720472199344
0007-0001-0001,False,,là,10.071752548217773,9.887453079223633,-0.18429946899414062,0.6678553166726072
0007-0001-0002,False,,đến chiến tranh Nam Ossetia,10.154688835144043,4.961272716522217,-5.193416118621826,0.4117482427520763
0007-0001-0003,True,Chính phủ Gruzia phản ứng lại bằng cách bãi bỏ quyền tự trị của Nam Ossetia và cố gắng chiếm lại khu vực bằng vũ lực,. Chính phủ Gruzia phản ứng lại bằng cách bãi bỏ quyền tự trị của Nam Ossetia và cố gắng chiếm lại khu vực bằng,10.154921531677246,6.879430294036865,-3.275491237640381,0.5118218113295635
0007-0001-0004,True,Nam Kavkaz,"lại Nam Ossetia năm 2004 và 2008. Cuộc xung đột cuối cùng đã dẫn đến chiến tranh Nam Ossetia 2008, kết quả là Nga công nhận độc lập cho Nam Ossetia và",10.108566284179688,5.4554338455200195,-4.653132438659668,0.4395658437505498
0007-0001-0005,True,Nga,là,9.94809341430664,9.909027099609375,-0.039066314697265625,0.6746069486757686
0007-0001-0006,True,Chính phủ Gruzia phản ứng lại bằng cách bãi bỏ quyền tự trị của Nam Ossetia và cố gắng chiếm lại khu vực bằng vũ lực,. Chính phủ Gruzia phản ứng lại bằng cách bãi bỏ quyền tự trị của Nam Ossetia và cố gắng chiếm lại khu vực bằng,10.160733222961426,3.0403647422790527,-7.120368480682373,0.31806389878615093
0007-0001-0007,False,,là tỉnh tự trị Ossetia bên trong Cộng hòa Xã hội chủ nghĩa Xô viết,10.143495559692383,-1.2112230062484741,-11.354718565940857,0.16047318835321997
0007-0001-0008,True,Cộng hòa Xã hội chủ nghĩa Xô viết Gruzia,là tỉnh tự trị Ossetia bên trong Cộng hòa Xã hội chủ nghĩa Xô viết,10.142953872680664,0.2644883990287781,-9.878465473651886,0.20689943178442888
0007-0001-0009,True,đầu thập niên 1990,từ khi lãnh thổ này tuyên bố độc lập thành Cộng hòa Nam Ossetia trong cuộc xung đột Gruzia-Ossetia đầu thập niên,10.133974075317383,7.677862167358398,-2.4561119079589844,0.5547570839380017
0007-0002-0001,False,,đầu bởi người Ossetia (các thành viên cũ của chính phủ ly khai) có thể đàm phán với các chính quyền trung ương,10.135614395141602,0.7548309564590454,-9.380783438682556,0.22463218534959425
0007-0002-0002,True,"Nga, Venezuela, Nicaragua, và Nauru","trừ Nga, Venezuela, Nicaragua, và Nauru",10.027399063110352,8.684539794921875,-1.3428592681884766,0.611692771499993
0007-0002-0003,True,tháng 4 năm 2007,vào tháng 4 năm,9.908660888671875,11.566415786743164,1.657754898071289,0.7477327580421064
0007-0002-0004,False,,vào tháng 4 năm,9.837089538574219,11.624045372009277,1.7869558334350586,0.7528321620839528
0007-0002-0005,True,các thành viên cũ của chính phủ ly khai,đầu bởi người Ossetia (các thành viên cũ của chính phủ ly khai) có thể đàm phán với các chính quyền trung ương Gruzia về tình trạng cuối cùng của vùng cũng như giải pháp cho cuộc,10.138251304626465,0.47009509801864624,-9.668156206607819,0.2142639143994289
0007-0002-0006,False,,"trừ Nga, Venezuela,",10.05118179321289,10.534366607666016,0.483184814453125,0.6982790520136914
0007-0002-0007,True,"Nga, Venezuela, Nicaragua, và Nauru","trừ Nga, Venezuela, Nicaragua, và Nauru",9.873544692993164,9.37002182006836,-0.5035228729248047,0.6527732508627968
0007-0002-0008,True,Gruzia,"trừ Nga, Venezuela, Nicaragua, và Nauru) không công nhận Nam Ossetia mà vẫn tiếp tục xem lãnh thổ này là một bộ phận của",10.055864334106445,9.610013961791992,-0.4458503723144531,0.655521937816103
0007-0002-0009,True,có thể đàm phán với các chính quyền trung ương Gruzia về tình trạng cuối cùng của vùng cũng như giải pháp cho cuộc xung đột,đầu bởi người Ossetia (các thành viên cũ của chính phủ ly khai) có thể đàm phán với các chính quyền trung ương Gruzia về tình trạng cuối cùng của vùng cũng như giải pháp cho cuộc,10.136495590209961,2.634830951690674,-7.501664638519287,0.3009013737071419
0007-0003-0001,True,Gruzia,bởi một chính phủ,9.890691757202148,9.37455940246582,-0.5161323547363281,0.652170912594439
0007-0003-0002,True,thiếu sự tham gia của cộng đồng người Gruzia và cũng không được chính phủ tại Tbilisi công nhận,", vì thiếu sự tham gia của cộng đồng người",10.13517951965332,5.706301689147949,-4.428877830505371,0.4512350762481584
0007-0003-0003,True,ngày 12 tháng 11 năm 2006,vào ngày 12 tháng 11 năm,10.064691543579102,10.002519607543945,-0.06217193603515625,0.6735375569726925
0007-0003-0004,False,,"được Liên hiệp quốc, Liên minh châu Âu, OSCE, NATO và Liên bang",10.104875564575195,9.66141128540039,-0.4434642791748047,0.6556354373031084
0007-0003-0005,True,Tổ chức Hiệp ước Bắc Đại Tây Dương,"được Liên hiệp quốc, Liên minh châu Âu, OSCE, NATO và Liên bang",10.124404907226562,7.415224075317383,-2.7091808319091797,0.5415533465516125
0007-0003-0006,False,,", vì thiếu sự tham gia của cộng đồng người",10.135059356689453,5.20112943649292,-4.933929920196533,0.4250494933924192
0007-0003-0007,True,Dmitri Sanakoev,ủng hộ,9.739150047302246,7.067541599273682,-2.6716084480285645,0.5435178164744812
0007-0003-0008,True,Dmitri Sanakoev,ủng hộ,9.740739822387695,7.144844055175781,-2.595895767211914,0.5474722780730783
0007-0004-0001,True,Nga,của,9.895723342895508,9.969337463378906,0.07361412048339844,0.6797959361443088
0007-0004-0002,False,,theo Đạo,10.12481689453125,9.812434196472168,-0.31238269805908203,0.6618430446551362
0007-0004-0003,True,Sarmatia,của,10.10247802734375,5.879731178283691,-4.222746849060059,0.46200906167968986
0007-0004-0004,True,ba,lên,10.121589660644531,8.973188400268555,-1.1484012603759766,0.6213774067499577
0007-0004-0005,False,,theo Đạo,10.130226135253906,9.729850769042969,-0.4003753662109375,0.6576819855213631
0007-0004-0006,True,Đạo Hồi,theo Đạo,9.996987342834473,11.23205852508545,1.2350711822509766,0.7305691491199933
0007-0004-0007,False,,tới,10.059647560119629,9.914466857910156,-0.14518070220947266,0.669680824590109
0007-0004-0008,True,Thiên chúa giáo,theo Đạo,10.12104320526123,9.836649894714355,-0.284393310546875,0.6631614315984253
0007-0004-0009,True,phía nam sông Đông,tới,10.103421211242676,9.861225128173828,-0.24219608306884766,0.6651442564261609
0007-0005-0001,True,Nam Ossetia trở thành một phần của nước Cộng hòa Dân chủ Gruzia Menshevik,đã bị Nga sáp nhập năm,10.1377592086792,1.6127185821533203,-8.525040626525879,0.25757738884281545
0007-0005-0002,True,Nga,bị Nga sáp nhập năm,10.138250350952148,4.921442985534668,-5.2168073654174805,0.4105552156176777
0007-0005-0003,True,miền bắc,khi miền,9.91209602355957,11.125005722045898,1.2129096984863281,0.7296491951304958
0007-0005-0004,True,người dân Ossetia hợp tác với những người Bolshevik,và hơn 13.000 người sau đó đã chết vì đói khát và,10.153542518615723,4.605339050292969,-5.548203468322754,0.3937720059709812
0007-0005-0005,False,,Ossetia,10.153410911560059,4.0844550132751465,-6.068955898284912,0.36791122123190606
0007-0005-0006,False,,khi miền,10.144766807556152,8.42827033996582,-1.716496467590332,0.5928406825101247
0007-0005-0007,True,hợp tác với những người Bolshevik,Ossetia,10.109872817993164,5.3961663246154785,-4.7137064933776855,0.43642471192643584
0007-0005-0008,True,13.000,và hơn 13.000,9.654935836791992,11.536563873291016,1.8816280364990234,0.7565245346820161
0007-0006-0001,True,đầy đủ chủ quyền bên trong Liên bang các nước Cộng hòa Xã hội chủ nghĩa Xô viết,Tối cao,10.138192176818848,2.1464176177978516,-7.991774559020996,0.27963796767279236
0007-0006-0002,False,,và xóa bỏ vị thế tự trị của,10.132193565368652,0.6210647225379944,-9.511128842830658,0.21988573929626107
0007-0006-0003,True,Người dân Ossetia đã tẩy chay cuộc bầu cử nghị viện Gruzia sau đó và tổ chức cuộc bầu cử của riêng mình,. Chính phủ Gruzia dưới sự lãnh đạo của Zviad Gamsakhurdia đã tuyên bố cuộc bầu cử này là,10.154598236083984,4.24143123626709,-5.9131669998168945,0.3755759522529238
0007-0006-0004,True,tháng 12,vào tháng,10.082113265991211,7.828821659088135,-2.253291606903076,0.5652845090685802
0007-0006-0005,False,,đã tẩy chay cuộc bầu cử nghị viện,10.137348175048828,2.972568988800049,-7.164779186248779,0.3160381031553692
0007-0006-0006,False,,vào tháng,10.074419021606445,8.030627250671387,-2.0437917709350586,0.5760970495150791
0007-0006-0007,True,ngày 11 tháng 12 năm 1990,vào ngày 11 tháng 12 năm,10.092037200927734,9.653160095214844,-0.4388771057128906,0.6558535858653838
0007-0006-0008,False,,vào ngày 11 tháng 12 năm,10.079879760742188,10.007925033569336,-0.07195472717285156,0.6730842371747946
0007-0006-0009,True,Xô viết Tối cao Gruzia đã thông qua một luật ngăn cấm các đảng khu vực vào mùa hè năm 1990,"động thái chống lại Ademon Nykhas và khiến người dân Ossetia tuyên bố thành lập Cộng hòa Dân chủ Xô viết, với đầy đủ chủ quyền bên trong Liên bang các nước Cộng hòa Xã hội chủ nghĩa",10.13969612121582,4.0894341468811035,-6.050261974334717,0.3688275232910459
0007-0006-0010,True,Xô viết Tối cao Gruzia đã thông qua một luật ngăn cấm các đảng khu vực vào mùa hè năm 1990,"và khiến người dân Ossetia tuyên bố thành lập Cộng hòa Dân chủ Xô viết, với đầy đủ chủ quyền bên trong Liên bang các nước Cộng hòa Xã hội chủ nghĩa",10.145943641662598,3.8432211875915527,-6.302722454071045,0.35653515589881646
0007-0006-0011,False,,. Chính phủ Gruzia dưới sự lãnh đạo của Zviad Gamsakhurdia đã tuyên bố cuộc bầu cử này là,10.149166107177734,3.5621042251586914,-6.587061882019043,0.342914092576567
0007-0007-0001,True,Bắc Ossetia,vào Bắc,10.149991035461426,8.88151741027832,-1.2684736251831055,0.6154083057553752
0007-0007-0002,False,,vào Bắc,10.148244857788086,9.679988861083984,-0.46825599670410156,0.6544553033042645
0007-0007-0003,True,"Xung đột vũ trang bùng phát hồi cuối năm 1991 trong đó nhiều làng mạc Nam Ossetia đã bị tấn công và đốt phá tương tự như nhiều ngôi nhà và trường học của người Gruzia tại Tskhinvali, thủ đô của Nam Ossetia",", đa số qua biên giới vào Bắc",10.152587890625,1.9678412675857544,-8.184746623039246,0.2715227421590288
0007-0007-0004,False,,ở Bắc,10.106149673461914,9.963186264038086,-0.14296340942382812,0.6697841440032812
0007-0007-0005,True,Nhiều người dân Nam Ossetia đã tái định cư tại những vùng không có người sinh sống ở Bắc Ossetia,về quyền sinh sống tại lãnh thổ,10.118595123291016,5.519073009490967,-4.599522113800049,0.44234991624981806
0007-0007-0006,True,Bắc Ossetia,ở Bắc,10.078548431396484,10.89462661743164,0.8160781860351562,0.7128456619187918
0007-0007-0007,True,xấp xỉ 1.000 người,", xấp xỉ",9.578017234802246,11.144533157348633,1.5665159225463867,0.7440899290340967
0007-0007-0008,False,,", xấp xỉ 1.000",9.97465705871582,9.961507797241211,-0.013149261474609375,0.6758042996410925
0007-0007-0009,False,,"tại Tskhinvali, thủ đô của",10.137858390808105,4.785545825958252,-5.3523125648498535,0.403665116962225
0007-0007-0010,True,làng mạc Nam Ossetia,"đó nhiều làng mạc Nam Ossetia đã bị tấn công và đốt phá tương tự như nhiều ngôi nhà và trường học của người Gruzia tại Tskhinvali, thủ đô của",10.132906913757324,5.931338310241699,-4.201568603515625,0.4631181854081735
0007-0008-0001,False,,"chính phủ Franklin D. Roosevelt đã thiết lập các quan hệ ngọai giao với Kremlin ở thời điểm cuối năm đó). Vì điều này, chính quyền George H. W.",10.09434986114502,7.857159614562988,-2.2371902465820312,0.5661178637080975
0007-0008-0002,False,,năm,10.131051063537598,9.51250171661377,-0.6185493469238281,0.6472606771412994
0007-0008-0003,True,Franklin D. Roosevelt,"chính phủ Franklin D. Roosevelt đã thiết lập các quan hệ ngọai giao với Kremlin ở thời điểm cuối năm đó). Vì điều này, chính quyền George H. W.",10.089775085449219,8.292192459106445,-1.7975826263427734,0.5887109731494212
0007-0008-0004,True,Hiệp ước Molotov-Ribbentrop năm 1933,trước Hiệp ước Molotov-Ribbentrop năm,9.748738288879395,11.608997344970703,1.8602590560913086,0.7556943881380881
0007-0008-0005,False,,trước Hiệp ước Molotov-Ribbentrop năm,9.760076522827148,11.599109649658203,1.8390331268310547,0.7548679047496354
0007-0008-0006,True,George H. W. Bush,chính quyền George H. W.,10.085725784301758,10.431605339050293,0.34587955474853516,0.6921501759404773
0007-0008-0007,True,sự ly khai của các nước vùng Baltic,ủng hộ sự ly khai của các nước vùng,10.079225540161133,10.453418731689453,0.3741931915283203,0.6934196616401279
0007-0008-0008,True,"các cuộc xung đột giành độc lập và lãnh thổ của Gruzia, Armenia, Azerbaijan và phần còn lại của Transcaucasus","coi các vấn đề liên quan tới các cuộc xung đột giành độc lập và lãnh thổ của Gruzia, Armenia, Azerbaijan và phần còn lại của Transcaucasus — là phần không thể tách rời của Liên bang Xô viết với các biên giới",9.882421493530273,9.68114948272705,-0.20127201080322266,0.6670617041519571
0007-0008-0009,True,năm 1933,năm,10.134517669677734,9.358977317810059,-0.7755403518676758,0.6396735028912316
0007-0008-0010,False,,"coi các vấn đề liên quan tới các cuộc xung đột giành độc lập và lãnh thổ của Gruzia, Armenia, Azerbaijan và phần còn lại của Transcaucasus — là phần không thể tách rời của Liên bang Xô viết với các biên giới",9.970088958740234,8.30150032043457,-1.668588638305664,0.5952745117920102
0007-0009-0001,False,,. Một lực lượng gìn giữ hòa,9.990546226501465,10.85235595703125,0.8618097305297852,0.7148136634882118
0007-0009-0002,False,,khi chính quyền Gruzia tăng cường các nỗ lực chống lại nạn buôn lậu trong,10.169461250305176,5.167814254760742,-5.001646995544434,0.4215670155661747
0007-0009-0003,True,Gruzia,với,10.155548095703125,8.021360397338867,-2.134187698364258,0.5714399096114042
0007-0009-0004,False,,ký ngày 13 tháng,10.031725883483887,11.314395904541016,1.282670021057129,0.7325383504087704
0007-0009-0005,True,2004,tới giữa năm,9.640495300292969,11.529275894165039,1.8887805938720703,0.7568019710052862
0007-0009-0006,True,"Những vụ bắt cóc con tin, bắn giết và thỉnh thỏang cả đánh bom đã khiến hàng chục người thiệt mạng và bị thương",khi chính quyền Gruzia tăng cường các nỗ lực chống lại nạn buôn lậu trong,10.167791366577148,5.712882995605469,-4.45490837097168,0.4498775543672835
0007-0009-0007,True,giám sát chiến dịch gìn giữ hòa bình,. Một lực lượng gìn giữ hòa,10.107268333435059,9.10706615447998,-1.0002021789550781,0.6286942103588193
0007-0009-0008,True,"Ngày 6 tháng 11 năm 1992, Tổ chức An ninh và Hợp tác châu Âu (OSCE) thành lập một phái bộ ở Gruzia để giám sát chiến dịch gìn giữ hòa bình",khi chính quyền Gruzia tăng cường các nỗ lực chống lại nạn buôn lậu trong,10.171380996704102,0.6801891326904297,-9.491191864013672,0.22060704089793443
0007-0009-0009,True,Năm 1992,ký ngày 13 tháng,10.0819730758667,10.608864784240723,0.5268917083740234,0.7002153887085804
0007-0010-0001,False,,bác bỏ khả năng thay thế binh lính gìn giữ hòa bình Nga bằng lực lượng của Liên minh châu,10.15770149230957,8.077744483947754,-2.0799570083618164,0.5742354132273401
0007-0010-0002,True,bác bỏ khả năng thay thế binh lính gìn giữ hòa bình Nga bằng lực lượng của Liên minh châu Âu,bác bỏ khả năng thay thế binh lính gìn giữ hòa bình Nga bằng lực lượng của Liên minh châu,10.148550033569336,9.695087432861328,-0.4534626007080078,0.6551597277555794
0007-0010-0003,True,phản đối,Gruzia phản đối sự liên tục tăng cường hiện diện về kinh tế và chính trị của Nga trong vùng và phản đối quân đội không bị kiểm sóat của phía,10.147222518920898,5.147157669067383,-5.000064849853516,0.4216482928461709
0007-0010-0004,True,lực lượng gìn giữ hòa bình là không trung lập và yêu cầu thay thế,đã bác bỏ khả năng thay thế binh lính gìn giữ hòa bình Nga bằng lực lượng của Liên minh châu,10.157630920410156,7.193140506744385,-2.9644904136657715,0.5281733615675861
0007-0010-0005,True,các hành động của Nga trong cuộc tranh cãi gián điệp Gruzia,"""các hành động của Nga trong cuộc tranh cãi gián điệp",10.159475326538086,10.111671447753906,-0.04780387878417969,0.674202763290686
0007-0010-0006,True,không trung lập,là không trung,10.132108688354492,6.971846580505371,-3.160262107849121,0.517885057171771
0007-0010-0007,True,Nga,phản đối,10.133183479309082,9.570390701293945,-0.5627927780151367,0.6499377812792394
0007-0011-0001,True,bất kỳ nỗ lực nào nhằm thanh lọc sắc tộc,nào nhằm thanh lọc,9.986740112304688,10.864669799804688,0.8779296875,0.7155054307259248
0007-0011-0002,True,của những thị trấn và làng mạc nơi sinh sống của người Gruzia và người Ossetia,của những thị trấn và làng mạc nơi sinh sống của người Gruzia và người,9.884278297424316,10.413789749145508,0.5295114517211914,0.7003312246685642
0007-0011-0003,True,Tskhinvali,.,9.937177658081055,3.8094754219055176,-6.127702236175537,0.3650379363815568
0007-0011-0004,True,Sự gẫn gũi và tương tác giữa hai cộng đồng,. Sự gẫn gũi và tương tác giữa hai,9.491633415222168,11.465039253234863,1.9734058380126953,0.7600681405758953
0007-0011-0005,True,các làng và thị trấn của người Gruzia,của những thị trấn và,10.064325332641602,9.41628646850586,-0.6480388641357422,0.6458410034868238
0007-0011-0006,False,,của những thị trấn và làng mạc nơi sinh sống của người Gruzia và người,9.891935348510742,9.678465843200684,-0.2134695053100586,0.6664907801622673
0007-0012-0001,True,chính quyền Nam Ossetia,bị chính quyền,9.407933235168457,11.314897537231445,1.9069643020629883,0.7575063215886286
0007-0012-0002,True,"Cuối tháng 10,",. Cuối tháng,10.004012107849121,9.836830139160156,-0.16718196868896484,0.6686547429794577
0007-0012-0003,True,2005,. Ngày 25 tháng 1 năm,10.103788375854492,10.096586227416992,-0.0072021484375,0.676078728865391
0007-0012-0004,True,Nam Ossetia,và chính quyền ly khai Nam Ossetia vẫn cai quản vùng này với sự độc lập thực sự khỏi,10.125985145568848,3.4816088676452637,-6.644376277923584,0.3401986872187739
0007-0012-0005,True,đòi lại Nam Osseatia,việc,10.123676300048828,5.100204944610596,-5.023471355438232,0.4204462997306838
0007-0012-0006,False,,. Cuối tháng,10.07756233215332,6.179542541503906,-3.898019790649414,0.47905009781795815
0007-0012-0007,False,,ly khai,10.128326416015625,9.379562377929688,-0.7487640380859375,0.6409726365367711
0007-0013-0001,False,,sẽ tổ chức một cuộc trưng cầu dân ý về,10.131141662597656,8.078821182250977,-2.0523204803466797,0.5756582194856736
0007-0013-0002,True,12 tháng 11 năm 2006,năm,10.135108947753906,5.9945831298828125,-4.140525817871094,0.4663170553155066
0007-0013-0003,True,không ai sẽ chấp nhận,có lẽ,10.131575584411621,9.24251651763916,-0.8890590667724609,0.6341432373192534
0007-0013-0004,True,hối thúc chính phủ Nam Ossetia tham gia các cuộc đàm phán với Gruzia,sẽ tổ chức một cuộc trưng cầu dân ý về,10.109273910522461,9.382868766784668,-0.726405143737793,0.6420558647050867
0007-0013-0005,False,,có lẽ không ai sẽ chấp nhận các kết của cuộc trưng cầu dân ý này và hối thúc chính phủ Nam Ossetia tham gia các cuộc đàm phán với,10.153148651123047,1.3369791507720947,-8.816169500350952,0.24602445616666574
0007-0013-0006,False,,Ngày 11 tháng 9 năm,10.147462844848633,3.6922781467437744,-6.455184698104858,0.349201045831876
0007-0013-0007,False,,": ""Các kết quả của cuộc trưng cầu dân ý về độc lập tại Nam Ossetia sẽ không có ý nghĩa với Cộng đồng châu",10.152191162109375,5.858180999755859,-4.294010162353516,0.45827976142030424
0007-0013-0008,True,không góp phần giải quyết cuộc xung đột ở Nam Ossetia,sẽ không góp phần giải quyết cuộc xung đột ở,10.154082298278809,2.431546688079834,-7.722535610198975,0.2912049738057928
0007-0013-0009,True,lên án hành động này,có lẽ không ai sẽ chấp nhận các kết của cuộc trưng cầu dân ý này và hối thúc chính phủ Nam Ossetia tham gia các cuộc đàm phán với,10.147839546203613,4.732259750366211,-5.415579795837402,0.40046092707551634
0007-0013-0010,False,,có lẽ,10.134885787963867,9.403782844543457,-0.7311029434204102,0.6418283888776923
0007-0014-0001,False,,ước tính hơn 42.000,10.098350524902344,9.805012702941895,-0.2933378219604492,0.6627403921629553
0007-0014-0002,True,cuộc bầu cử thay thế,tổ chức cái gọi là cuộc bầu cử,10.015702247619629,10.311674118041992,0.2959718704223633,0.6899054021648656
0007-0014-0003,True,42.000 cử tri,ước tính hơn 42.000,9.976917266845703,10.797554016113281,0.8206367492675781,0.7130421977531578
0007-0014-0004,True,94% phiếu ủng hộ,được 94% phiếu,10.036565780639648,10.392009735107422,0.35544395446777344,0.69257933706184
0007-0014-0005,True,Java và Tskhinvali,cả người Ossetia (quận Java và Tskhinvali) và người,9.947765350341797,11.163071632385254,1.215306282043457,0.7297487759406786
0007-0014-0006,True,Gruzia Đa quốc gia,", ""Gruzia Đa",10.145997047424316,6.735211372375488,-3.410785675048828,0.5046984378302192
0007-0014-0007,False,,cả người,10.145514488220215,3.3297605514526367,-6.815753936767578,0.3321421876488106
0007-0014-0008,False,,là cuộc bầu cử,10.133991241455078,6.681532859802246,-3.452458381652832,0.5025038136655955
0007-0015-0001,True,"Ngũ cốc, hoa quả",". Ngũ cốc, hoa quả,",9.719490051269531,11.53953742980957,1.820047378540039,0.7541270503264608
0007-0015-0002,False,,". Ngũ cốc, hoa quả,",9.724135398864746,11.563403129577637,1.8392677307128906,0.7548770499352989
0007-0015-0003,True,3.900 km²,bao phủ khỏang 3.900,9.911674499511719,9.074185371398926,-0.837489128112793,0.6366600449346496
0007-0015-0004,True,bởi những dãy núi,bởi những dãy,9.97734546661377,11.296652793884277,1.3193073272705078,0.73404782626541
0007-0015-0005,False,,cao 1.000 m (3.300,9.951605796813965,10.786169052124023,0.8345632553100586,0.7136421206456051
0007-0015-0006,True,1.000 m,cao 1.000 m (3.300,9.975872993469238,10.791157722473145,0.8152847290039062,0.7128114449588118
0007-0015-0007,True,nhiều núi non,nhiều,10.11867904663086,4.517189025878906,-5.601490020751953,0.39109550143974514
0008-0001-0001,True,ong và tò vò Kiến,"bao gồm sawfly, ong và tò vò",9.673542022705078,11.629034996032715,1.9554929733276367,0.7593792931065187
0008-0001-0002,True,bộ Hymenoptera,bộ,10.057491302490234,9.232681274414062,-0.8248100280761719,0.6372776944295493
0008-0001-0003,False,,là các lòai săn mồi dưới,10.17325210571289,6.14006233215332,-4.03318977355957,0.47194842784133584
0008-0001-0004,True,E. O. Wilson,", E. O.",9.435729026794434,11.361597061157227,1.925868034362793,0.758237090733127
0008-0001-0005,False,,thấy,10.117084503173828,8.72515869140625,-1.3919258117675781,0.6092347607611406
0008-0001-0006,True,các lòai săn mồi dưới mặt đất,là các lòai săn mồi dưới,10.159534454345703,7.664089202880859,-2.4954452514648438,0.5527094750090895
0008-0001-0007,True,kiến,thấy,10.11031723022461,9.149035453796387,-0.9612817764282227,0.630606174407123
0008-0002-0001,False,,chiếm 1,10.161394119262695,7.889529705047607,-2.271864414215088,0.5643227820589102
0008-0002-0002,True,Dominica,trong,10.131335258483887,6.736851215362549,-3.394484043121338,0.5055568917197835
0008-0002-0003,True,1%,chiếm 1,10.136831283569336,10.29915714263916,0.16232585906982422,0.6838501694236264
0008-0002-0004,True,trở nên phổ biến,. Kiến trở nên,10.18110179901123,1.0889573097229004,-9.09214448928833,0.23539990390495624
0008-0002-0005,True,sau sự kiện tỏa nhánh thích nghi vào đầu kỷ Paleogen,vào,10.173006057739258,0.37093067169189453,-9.802075386047363,0.20955257157100765
0008-0002-0006,True,Eocene,suốt,10.117185592651367,4.61638069152832,-5.500804901123047,0.39615814089050194
0008-0002-0007,True,siêu lục địa Laurasia,trên siêu lục địa Laurasia (bán cầu,10.140933990478516,8.783519744873047,-1.3574142456054688,0.6109642196839552
0008-0002-0008,False,,trên siêu lục địa Laurasia (bán cầu,10.160953521728516,7.161740303039551,-2.999213218688965,0.5263500831489019
0008-0002-0009,False,,vào,10.176215171813965,-0.42039012908935547,-10.59660530090332,0.18317186144159542
0008-0003-0001,False,,"như Greenland, Iceland, các phần của Polynesia và",9.946968078613281,10.138595581054688,0.19162750244140625,0.6851832106740089
0008-0003-0002,True,nhiệt đới,các vùng,10.138824462890625,10.032567977905273,-0.10625648498535156,0.6714921935691776
0008-0003-0003,True,sinh khối,thông qua sinh khối của,10.157407760620117,4.018589019775391,-6.138818740844727,0.36449530081063775
0008-0003-0004,True,"các động vật ăn cỏ, săn mồi",của động vật có,10.157201766967773,4.275609016418457,-5.881592750549316,0.37713715774947043
0008-0003-0005,True,Nam Cực,"như Greenland, Iceland, các phần của Polynesia và",9.53184986114502,11.463895797729492,1.9320459365844727,0.7584755868964018
0008-0003-0006,True,trung bình gần 25%,đóng góp khỏang 15-20,10.128083229064941,6.148663520812988,-3.979419708251953,0.474772244450707
0008-0003-0007,True,động vật ăn tạp,là động vật,10.156076431274414,5.6829142570495605,-4.4731621742248535,0.4489260418902154
0008-0003-0008,False,,của động vật có,10.15896987915039,4.7507548332214355,-5.408215045928955,0.40083348542229763
0008-0003-0009,False,,thông qua sinh khối của,10.157255172729492,5.164846420288086,-4.992408752441406,0.422041658353727
0008-0003-0010,False,,là động vật,10.151430130004883,6.172148704528809,-3.979281425476074,0.4747795087388732
0008-0004-0001,True,"""AntBase"" và ""Hymenoptera Name Server""","như ""AntBase"" và ""Hymenoptera Name",10.160714149475098,7.3531084060668945,-2.807605743408203,0.5364012318440105
0008-0004-0002,False,,"như ""AntBase"" và ""Hymenoptera Name",10.156255722045898,8.701286315917969,-1.4549694061279297,0.6060684222084344
0008-0004-0003,True,"0,75 đến 52 milimét","đến 2,0 in",10.165987014770508,4.597254276275635,-5.568732738494873,0.3927400863997348
0008-0004-0004,False,,. Hơn 15.000 lòai,9.98133659362793,10.223936080932617,0.2425994873046875,0.6874948544439891
0008-0004-0005,True,đen,có màu,10.167582511901855,8.325332641601562,-1.842249870300293,0.5864306859526
0008-0004-0006,True,khỏang 22.000 lòai,. Hơn 15.000 lòai,10.002793312072754,10.323415756225586,0.32062244415283203,0.6910152754223295
0008-0004-0007,True,có ánh kim lọai,có màu đỏ hoặc,10.174582481384277,6.547050952911377,-3.6275315284729004,0.49328380778026726
0008-0005-0001,True,mùi,bằng,10.116332054138184,9.641355514526367,-0.4749765396118164,0.6541350636160524
0008-0005-0002,False,,"là chăm sóc kiến chúa, ấp trứng, chuyển trứng, nuôi kiến con, tìm kiếm thức ăn, đào đất xây dựng tổ, canh gác",10.11983871459961,5.624300479888916,-4.495538234710693,0.44776015980072703
0008-0005-0003,False,,bằng,10.134124755859375,9.487548828125,-0.646575927734375,0.6459114925082814
0008-0005-0004,True,100.000 con,có khỏang 100.000,10.029295921325684,10.636153221130371,0.6068572998046875,0.7037396105694167
0008-0005-0005,True,cơ cấu giới tính,vì cơ cấu giới tính của chúng chưa phát triển,10.117876052856445,8.19078540802002,-1.9270906448364258,0.5820893728291011
0008-0005-0006,False,,vì cơ cấu giới tính của chúng chưa phát triển,10.139721870422363,6.497162818908691,-3.642559051513672,0.49249252609472766
0008-0005-0007,True,kiến thợ,là kiến,10.112751007080078,9.18856143951416,-0.924189567565918,0.6324245224284339
0008-0005-0008,False,,có khỏang 100.000,10.103812217712402,9.613922119140625,-0.48989009857177734,0.6534239206331184
0008-0005-0009,True,"chăm sóc kiến chúa, ấp trứng, chuyển trứng, nuôi kiến con, tìm kiếm thức ăn, đào đất xây dựng tổ, canh gác tổ (kiến lính)","là chăm sóc kiến chúa, ấp trứng, chuyển trứng, nuôi kiến con, tìm kiếm thức ăn, đào đất xây dựng tổ, canh gác",10.11453628540039,6.246062278747559,-3.868474006652832,0.4806036266238637
0008-0005-0010,True,kiến chúa,là kiến,10.09572982788086,7.7286529541015625,-2.367076873779297,0.559385090189168
0008-0006-0001,True,mùa ấm áp hay oi bức,những mùa ấm áp hay,10.124670028686523,9.56631088256836,-0.5583591461181641,0.6501502561020723
0008-0006-0002,True,"những con kiến đực và cái (đã trưởng thành, có thể sinh sản được) đang phối giống",". Đó chính là những con kiến đực và cái (đã trưởng thành, có thể sinh sản được) đang phối",10.156424522399902,1.309618592262268,-8.846805930137634,0.2448292232150069
0008-0006-0003,True,không có cánh,đều không có,10.083820343017578,10.92026424407959,0.8364439010620117,0.7137230771060848
0008-0006-0004,True,ấm áp hay oi bức,những mùa ấm áp hay,10.140839576721191,8.473389625549316,-1.667449951171875,0.5953323032957165
0008-0006-0005,False,,những mùa ấm áp hay,10.137083053588867,9.59614372253418,-0.5409393310546875,0.6509844956635257
0008-0006-0006,True,"khi chúng sống trong tổ trong thời gian dài và được che chở, nơi này sẽ tạo ra cánh cho chúng",trong,10.147052764892578,3.5458216667175293,-6.601231098175049,0.3422418267038247
0008-0006-0007,False,,. Những con kiến thợ này đi kiếm ăn cho các con đẻ,10.139811515808105,6.572997093200684,-3.566814422607422,0.4964811988599504
0008-0006-0008,True,cánh của những con đực rụng xuống cộng với phần cơ bắp của chúng,cho kiến,10.138032913208008,8.799993515014648,-1.3380393981933594,0.6119339210887401
0008-0007-0001,True,bản năng,do,10.11283016204834,9.321830749511719,-0.7909994125366211,0.6389225260618598
0008-0007-0002,True,cùng nhau rìu thức ăn về tổ thành từng đàn,tổ thành từng,10.148648262023926,0.8547759056091309,-9.293872356414795,0.22783719630276325
0008-0007-0003,True,"chúng cùng nhau rìu thức ăn về tổ thành từng đàn, theo từng hàng lối nghiêm chỉnh","chúng cùng nhau rìu thức ăn về tổ thành từng đàn, theo từng hàng lối",10.151800155639648,4.824517250061035,-5.327282905578613,0.40493504085062076
0008-0007-0004,True,đồ ngọt & mật của rệp vừng,thích đồ ngọt & mật của rệp,10.055728912353516,10.473079681396484,0.41735076904296875,0.6953490654917297
0008-0007-0005,False,,thích đồ ngọt & mật của rệp,10.072624206542969,10.390671730041504,0.31804752349853516,0.6908994443264606
0008-0007-0006,False,,do,10.148614883422852,6.616506576538086,-3.5321083068847656,0.4983089851411902
0009-0001-0001,False,,"sinh Gouze, là người xã hội và đã tham gia nhiều phong trào cánh tả. Họ cưới ngày 24 tháng 10 năm 1944 và có ba con trai:",10.044288635253906,5.773138999938965,-4.271149635314941,0.4594755931473538
0009-0001-0002,True,Hravn Forsne,", một chính trị gia trẻ tuổi người Thuy",9.886597633361816,9.909318923950195,0.022721290588378906,0.6774577048045305
0009-0001-0003,False,,ở,10.130664825439453,7.96896505355835,-2.1616997718811035,0.5700199502203672
0009-0001-0004,True,Anne Pingeot,. Mẹ,10.119625091552734,6.712876796722412,-3.4067482948303223,0.5049110515144037
0009-0001-0005,True,François Maurice Adrien Marie Mitterrand,gọi François Maurice Adrien,10.008469581604004,8.666297912597656,-1.3421716690063477,0.6117271770744527
0009-0001-0006,False,,", một chính trị gia trẻ tuổi người Thuy",10.07400894165039,7.231359481811523,-2.842649459838867,0.5345649107878546
0009-0001-0007,True,"Jarnac, Charente",ở,9.999635696411133,9.686980247497559,-0.3126554489135742,0.661830184827198
0009-0001-0008,True,Marie Gabrielle Yvonne Lorrain,gọi François Maurice Adrien,10.002006530761719,6.701491355895996,-3.3005151748657227,0.510504554286932
0009-0001-0009,True,một phụ nữ qúy tộc,"một phụ nữ qúy tộc, hậu duệ của cả Fernando III của Castile và Jean de Brienne của",10.161222457885742,0.24089905619621277,-9.92032340168953,0.2054562098054532
0009-0002-0001,True,"giáo sư luật Gaston Jèze, người từng được chỉ định làm cố vấn pháp lý của Negus tại Ethiopia tháng 1 năm 1936",", người từng được chỉ định làm cố vấn pháp lý của Negus tại Ethiopia tháng 1 năm",10.161459922790527,5.54574728012085,-4.615712642669678,0.44150872525701174
0009-0002-0002,True,collège Saint-Paul ở Angoulême,tại collège Saint-,10.050482749938965,7.137144088745117,-2.9133386611938477,0.5308579338618132
0009-0002-0003,True,collège Saint-Paul,tại collège Saint-,9.683187484741211,7.4398956298828125,-2.2432918548583984,0.5658021078122971
0009-0002-0004,True,Cagoule,"của Cagoule, một nhóm khủng bố",10.085941314697266,9.33309555053711,-0.7528457641601562,0.640774732258873
0009-0002-0005,True,Người tình nguyện Quốc gia,(Người tình nguyện Quốc gia,10.075145721435547,11.2861328125,1.2109870910644531,0.7295692918801593
0009-0002-0006,False,,tại,9.819446563720703,7.385611534118652,-2.433835029602051,0.5559159506549862
0009-0002-0007,True,"tham gia vào các cuộc tuần hành bài ngọai chống lại ""sự xâm lăng métèque""","Ông tham gia vào các cuộc tuần hành bài ngọai chống lại ""sự xâm lăng métèque",10.159052848815918,7.775963306427002,-2.383089542388916,0.558553494836976
0009-0003-0001,True,Georges Dayan,của,9.657455444335938,6.578365802764893,-3.079089641571045,0.522153220175202
0009-0003-0002,True,cấp bậc trung sĩ (trung sĩ bộ binh),cấp bậc,10.070834159851074,9.5789794921875,-0.4918546676635742,0.653330190300678
0009-0003-0003,False,,của,9.565025329589844,6.875555038452148,-2.6894702911376953,0.5425840760477294
0009-0003-0004,True,trung đòan bộ binh thuộc địa số 23,tại trung đòan bộ binh thuộc địa số,10.138343811035156,9.46677017211914,-0.6715736389160156,0.6447061524615584
0009-0003-0005,False,,.,9.019854545593262,7.590551853179932,-1.42930269241333,0.6073586141412194
0009-0003-0006,True,từ năm 1937 tới năm 1939,từ năm 1937 tới năm,9.715411186218262,11.709449768066406,1.9940385818481445,0.760859908245432
0009-0003-0007,False,,cấp bậc,10.058850288391113,9.5664701461792,-0.49238014221191406,0.653305117694926
0009-0003-0008,False,,từ năm 1937 tới năm,10.008354187011719,11.212038040161133,1.203683853149414,0.7292656350878929
0009-0003-0009,True,Tình bạn của ông với Dayan,.,8.954041481018066,7.624385356903076,-1.3296561241149902,0.6123532256478238
0009-0003-0010,True,một người Do Thái theo chủ nghĩa xã hội,. Tình bạn của ông với Dayan khiến Mitterrand bắt đầu nghi ngờ các lý tưởng quốc gia của,10.156500816345215,0.23571233451366425,-9.92078848183155,0.2054402162861505
0009-0004-0001,True,ngày 14 tháng 6 năm 1940,bắt giữ ngày 14 tháng 6 năm,9.944881439208984,11.44286060333252,1.4979791641235352,0.7413309162162833
0009-0004-0002,False,,tại,9.597591400146484,7.14714241027832,-2.450448989868164,0.5550517318720471
0009-0004-0003,False,,ở cuối thời hạn phục vụ,10.138954162597656,9.9464111328125,-0.19254302978515625,0.6674699778994737
0009-0004-0004,False,,một trung sĩ,10.133590698242188,9.732063293457031,-0.40152740478515625,0.6576273442236138
0009-0004-0005,True,Stalag IXA gần Ziegenhain,tại,9.56643295288086,7.3232903480529785,-2.243142604827881,0.5658098320826804
0009-0004-0006,True,trung sĩ bộ binh,một trung sĩ,10.115400314331055,10.756908416748047,0.6415081024169922,0.7052592592767736
0009-0004-0007,True,hai lần,đã hai,9.85799503326416,11.29090404510498,1.4329090118408203,0.7386935988183339
0009-0004-0008,True,cuối thời hạn phục vụ quân sự,ở cuối thời hạn phục vụ,10.100912094116211,10.937397956848145,0.8364858627319336,0.7137248832805081
0009-0004-0009,True,bắt đầu tham gia vào một tổ chứ xã hội cho các tù binh chiến tranh trong trại,bắt đầu tham gia vào một tổ chứ xã hội cho các tù binh chiến tranh trong,10.16003131866455,4.975075721740723,-5.184955596923828,0.4121800122902841
0009-0005-0001,True,Favre de Thierrens,quyền,9.472190856933594,6.488198757171631,-2.983992099761963,0.5271494264521193
0009-0005-0002,True,"France, revue de l'État nouveau",trên tạp chí,9.944716453552246,10.222285270690918,0.2775688171386719,0.6890753897023749
0009-0005-0003,False,,"quyền Favre de Thierrens, là một điệp viên cho tình báo",9.881145477294922,6.1199517250061035,-3.7611937522888184,0.48624739710230525
0009-0005-0004,True,Commissariat au reclassement des prisonniers de guerre,tới,10.027397155761719,6.754514217376709,-3.2728829383850098,0.5119591027543733
0009-0005-0005,True,Favre de Thierrens,quyền,9.285544395446777,6.246592998504639,-3.0389513969421387,0.524262590021707
0009-0005-0006,True,Légion française des combattants et des volontaires de la révolution nationale (Quân đòan chiến binh và tình nguyện Pháp cho cuộc cách mạng quốc gia),cho Légion française des combattants et des volontaires de la révolution nationale (Quân đòan chiến binh và tình nguyện Pháp cho cuộc cách mạng,9.678827285766602,7.306948661804199,-2.3718786239624023,0.5591357528300456
0009-0005-0007,True,Commissariat au reclassement des prisonniers de guerre,tới Commissariat au reclassement des prisonniers de guerre (Sở hướng nghiệp cho tù binh chiến trah,9.87205696105957,7.901499271392822,-1.970557689666748,0.57986017604983
0009-0005-0008,False,,tới Commissariat au reclassement des prisonniers de guerre (Sở hướng nghiệp cho tù binh chiến trah,9.867141723632812,7.724312782287598,-2.142828941345215,0.5709940413695259
0009-0005-0009,False,,trên tạp chí,9.978261947631836,10.070985794067383,0.09272384643554688,0.6806715985564947
0009-0006-0001,True,"Jean Roussel, Max Varenne, và tiến sĩ Guy Fric",khác,9.981419563293457,6.461291313171387,-3.5201282501220703,0.49893992389772174
0009-0006-0002,True,gây ra một vụ hỗn lọan lớ,", Mitterrand và Fric gây ra một vụ hỗn lọan",10.036310195922852,9.570089340209961,-0.4662208557128906,0.6545522519230406
0009-0006-0003,True,Từ giữa năm 1942,và ngày 12 tháng 6 và 15 tháng 8 năm,10.021872520446777,10.302961349487305,0.28108882904052734,0.6892342431806869
0009-0006-0004,True,cháu của Tướng Charles de Gaulle,của Tướng Charles de,10.151168823242188,8.17487907409668,-1.9762897491455078,0.5795659634170839
0009-0006-0005,False,,Từ mùa xuân năm,10.122568130493164,10.076656341552734,-0.04591178894042969,0.6742903102736844
0009-0006-0006,False,,khác,9.956111907958984,6.652318954467773,-3.303792953491211,0.5103320012156372
0009-0006-0007,True,Từ mùa xuân năm 1942,Từ mùa xuân năm,10.105705261230469,9.975931167602539,-0.1297740936279297,0.6703983889731041
0009-0006-0008,True,Từ giữa năm 1942,và ngày 12 tháng 6 và 15 tháng 8 năm,9.800633430480957,11.232345581054688,1.4317121505737305,0.7386449271762936
0009-0007-0001,True,thập niên 1950,trong thập niên,9.157017707824707,11.735754013061523,2.5787363052368164,0.7825476135444669
0009-0007-0002,True,Pierre Moscovici và Jacques Attali,như,8.898639678955078,8.16064453125,-0.7379951477050781,0.6414945405109287
0009-0007-0003,False,,"với Gabriel Jeantet, một thành viên của nội các Maréchal Pétain, và Simon Arbellot (cả hai đều là thành viên cũ của ""la Cagoule""",10.137543678283691,2.2571380138397217,-7.88040566444397,0.28438840549936084
0009-0007-0004,True,"gười lãnh đạo của ông Maurice Pinot, một vichysto-résistant khác, bị thay thế bởi cộng tác viên André Masson",ra tình bạn của Mitterrand với René Bousquet và những vòng hoa ông đã đặt trên mộ của Pétain như những dấu hiệu của thái độ nước đôi của,10.146451950073242,0.9317122101783752,-9.214739739894867,0.23078328286562746
0009-0007-0005,False,,ra tình bạn của Mitterrand với René Bousquet và những vòng hoa ông đã đặt trên mộ của Pétain như những dấu hiệu của thái độ nước đôi của,10.150701522827148,0.3694426715373993,-9.78125885128975,0.21027988047518456
0009-0007-0006,True,Cuối năm 1942,năm,10.142440795898438,9.06159496307373,-1.080845832824707,0.6247197960445241
0009-0007-0007,True,Maréchal Pétain,với,9.932907104492188,5.886388778686523,-4.046518325805664,0.47124872918970895
0009-0007-0008,True,một thành viên của nội các Maréchal Pétain,"và Simon Arbellot (cả hai đều là thành viên cũ của ""la Cagoule""",9.910096168518066,7.848040580749512,-2.0620555877685547,0.5751571705341811
0009-0008-0001,False,,với,9.673166275024414,5.98832893371582,-3.6848373413085938,0.4902665563641599
0009-0008-0002,True,1943,đầu năm,10.078890800476074,10.187417030334473,0.10852622985839844,0.6813947477496808
0009-0008-0003,True,các cựu tù binh chiến tranh,gồm các cựu tù binh,10.030879974365234,11.203699111938477,1.1728191375732422,0.7279799653058937
0009-0008-0004,True,Tướng Henri Giraud,với,9.472259521484375,6.3636932373046875,-3.1085662841796875,0.5206036378368702
0009-0008-0005,True,xây dựng một mạng lưới kháng chiến,dự định xây dựng một mạng lưới,10.133374214172363,8.194467544555664,-1.9389066696166992,0.581483718714321
0009-0008-0006,True,Tướng Charles de Gaulle,Tướng Charles de,9.797008514404297,11.244924545288086,1.447916030883789,0.739303377896719
0009-0008-0007,True,người khuyến khích phong trào kháng chiến Pháp ủng hộ Mitterrand thay vì Michel Cailliau,", người khuyến khích phong trào kháng chiến",10.150790214538574,5.309162139892578,-4.841628074645996,0.429808230465692
0009-0008-0008,False,,với Tướng Charles de,9.872379302978516,11.088488578796387,1.216109275817871,0.7297821360917967
0009-0009-0001,False,,bởi những thanh niên Pháp bị buộc phải tới làm việc ở,10.129695892333984,9.148752212524414,-0.9809436798095703,0.6296407918206521
0009-0009-0002,True,Masson không có quyền tuyên bố thay mặt các tù binh chiến tranh,"và bác bỏ ông ta, nói rằng Masson không có quyền tuyên bố thay mặt các tù binh chiến tranh và gọi ""la relève"" là một trò",10.165006637573242,4.76979923248291,-5.395207405090332,0.4014917788081712
0009-0009-0003,False,,nhờ Piatzook đã yểm trợ cho ông chạy,9.510825157165527,7.358492851257324,-2.152332305908203,0.5705035565819607
0009-0009-0004,False,,"về ""la trahison des gaullistes"" (sự phản bội de Gaulle), Mitterrand đứng dậy trước thính giả và bác bỏ ông",10.164176940917969,5.574844837188721,-4.589332103729248,0.4428795157701821
0009-0009-0005,True,những thanh niên Pháp bị buộc phải tới làm việc ở Đức,bởi những thanh niên Pháp bị buộc phải tới làm việc ở,10.141152381896973,8.239599227905273,-1.9015531539916992,0.5833975006246561
0009-0009-0006,True,1943,Trong năm,10.139551162719727,9.744013786315918,-0.3955373764038086,0.6579114061623081
0009-0009-0007,True,một trò bịp,là một trò,10.164146423339844,6.204188823699951,-3.9599575996398926,0.47579473396271654
0009-0009-0008,True,Piatzook,nhờ,9.375306129455566,7.121199607849121,-2.2541065216064453,0.5652423218506396
0009-0009-0009,False,,) ngừng một cuộc tụ họp công khai tại Salle Wagram ở,10.161163330078125,7.397121906280518,-2.7640414237976074,0.5386826586128799
0009-0009-0010,True,gừng một cuộc tụ họp công khai tại Salle Wagram ở Paris,) ngừng một cuộc tụ họp công khai tại Salle Wagram ở,10.12191390991211,9.157267570495605,-0.9646463394165039,0.6304410511042093
0009-0010-0001,True,Cailliau,gặp gỡ Charles de,9.62643051147461,9.534205436706543,-0.0922250747680664,0.6721439108517923
0009-0010-0002,False,,bởi Jacques Paris et Jean Munier người sau này bỏ trốn với cha của Mitterrand. Sau một chuyến viếng thăm thứ hai tới,10.156822204589844,3.2156262397766113,-6.941195964813232,0.32630645454975726
0009-0010-0003,True,những người bạn cảnh báo,bởi Jacques Paris et Jean Munier người sau này bỏ trốn với cha của Mitterrand. Sau một chuyến viếng thăm thứ hai tới London trong tháng 2 năm 1944 Mitterrand tham gia vào việc giải phóng,10.158513069152832,4.298105239868164,-5.860407829284668,0.37818609074286164
0009-0010-0004,False,,"""Morland",10.15279769897461,3.591464042663574,-6.561333656311035,0.3441363926707047
0009-0010-0005,True,Morland,". ""Morland",10.093042373657227,5.448774337768555,-4.644268035888672,0.4400259292756961
0009-0010-0006,True,Vichy,tại,8.827117919921875,7.898355484008789,-0.9287624359130859,0.632200551851636
0009-0010-0007,True,Charles de Gaulle,gặp gỡ Charles de,9.071561813354492,11.710987091064453,2.639425277709961,0.7847153400940926
0009-0010-0008,True,ngày 15 tháng 11 năm 1943,trong tháng 2 năm,10.083027839660645,11.039719581604004,0.9566917419433594,0.7188708217385545
0009-0011-0001,True,Jacques Foccart,và,9.605400085449219,7.54494047164917,-2.060459613800049,0.5752393231359535
0009-0011-0002,False,,. Antelme được ra lệnh ở lại trong trại để ngăn ngừa bệnh,10.161703109741211,2.1578617095947266,-8.003841400146484,0.2791261812424951
0009-0011-0003,False,,thấy người,10.165383338928223,7.05675745010376,-3.108625888824463,0.5206005040185527
0009-0011-0004,True,Kaufering và Dachau,ông,10.109529495239258,3.6260886192321777,-6.48344087600708,0.3478494821400437
0009-0011-0005,False,,và,9.67678165435791,7.471017360687256,-2.2057642936706543,0.567743289346107
0009-0011-0006,True,Antelme được ra lệnh ở lại trong trại để ngăn ngừa bệnh lây truyền,. Antelme được ra lệnh ở lại trong trại để ngăn ngừa bệnh,10.158649444580078,0.8013352155685425,-9.357314229011536,0.2254944898878273
0009-0011-0007,True,cùng đặt một kế họach giải phóng các tù binh chiến tranh và các trại tập trung,một kế họach giải phóng các tù binh chiến tranh và các trại,10.148001670837402,6.419799327850342,-3.7282023429870605,0.48798377249578223
0009-0011-0008,True,Robert Antelme,thấy người,10.121854782104492,5.347489356994629,-4.774365425109863,0.4332842819627614
0009-0012-0001,True,Sau cuộc thế chiến,Sau cuộc,9.64677906036377,11.36648178100586,1.7197027206420898,0.7501864330515157
0009-0012-0002,True,tháng 6 năm 1946,lập pháp tháng 6 năm,9.770209312438965,11.287667274475098,1.5174579620361328,0.7421170201630809
0009-0012-0003,True,"một thực thể bầu cử gồm Đảng cấp tiến, Liên minh Kháng chiến Dân chủ Xã hội","là một thực thể bầu cử gồm Đảng cấp tiến, Liên minh Kháng chiến Dân chủ Xã hội (Union démocratique et socialiste de la Résistance hay UDSR) trung dung và nhiều nhóm",10.124479293823242,6.116978168487549,-4.007501125335693,0.4732972934275665
0009-0012-0004,True,Tập hợp những người Cộng hòa cánh Tả,lãnh đạo phái Tập hợp những người Cộng hòa cánh,9.92779541015625,11.410825729370117,1.4830303192138672,0.7407265700548991
0009-0012-0005,False,,lập pháp tháng 6 năm,10.066178321838379,11.022862434387207,0.9566841125488281,0.7188704969216138
0009-0012-0006,False,,Nó,10.143600463867188,8.791723251342773,-1.351877212524414,0.6112414354003968
0009-0012-0007,True,đối lập,Nó,10.142221450805664,8.476552963256836,-1.6656684875488281,0.5954227121711932
0009-0013-0001,True,giành được một ghế đại biểu tại Nièvre département,", ông giành được một ghế",10.145549774169922,3.212778329849243,-6.932771444320679,0.32669671872895756
0009-0013-0002,True,thực hiện một chiến dịch tranh cử rất chống cộng,", ông thực hiện một chiến dịch tranh cử rất chống",10.162569046020508,3.177173376083374,-6.985395669937134,0.32426286284033157
0009-0013-0003,True,Tháng 1 năm 1947,năm,9.932988166809082,9.369796752929688,-0.5631914138793945,0.6499186743662033
0009-0013-0004,False,,phải giành một,10.160802841186523,3.9152729511260986,-6.245529890060425,0.3593040381903247
0009-0013-0005,True,11,giữ 11 chức vụ,10.080476760864258,9.807344436645508,-0.27313232421875,0.6636911449239709
0009-0013-0006,True,giành một ghế với cái giá là Đảng Cộng sản Pháp (PCF),phải giành một ghế với cái giá là Đảng Cộng sản Pháp (PCF,10.161712646484375,5.034722328186035,-5.12699031829834,0.41514178311988803
0009-0013-0007,False,,giữ 11 chức vụ,10.125659942626953,9.464995384216309,-0.6606645584106445,0.6452323935073516
0009-0014-0001,True,"Mitterrand đưa ra một lời kêu gọi bỏ phiếu ""phản đối"" trong cuộc trưng cầu dân ý về hiến pháp",", Mitterrand đưa ra một lời kêu gọi bỏ phiếu ""phản đối"" trong cuộc trưng cầu dân ý về",10.1547269821167,4.461555004119873,-5.693171977996826,0.3865058306181418
0009-0014-0002,True,Mitterrand,",",9.144641876220703,7.181324005126953,-1.96331787109375,0.5802316971658422
0009-0014-0003,True,quyết định đối đầu với Charles de Gaulle,đã thay đổi sự đối lập của mình trong hòan cảnh de Gaulle quay trở lại: cuộc khủng hỏang tháng 5 năm 1958 và áp lực,10.09797477722168,7.0040740966796875,-3.093900680541992,0.5213746576738889
0009-0014-0004,True,ngày 4 tháng 10 năm 1958,thông qua ngày 4 tháng 10 năm,10.101194381713867,7.749464511871338,-2.3517298698425293,0.5601818026186088
0009-0014-0005,True,PCF và một số nhà chính trị cộng hòa cánh tả,gồm PCF và một số nhà chính trị cộng hòa cánh,10.105596542358398,9.916105270385742,-0.18949127197265625,0.6676126560782346
0009-0015-0001,False,,do Mendès-,9.715766906738281,10.329399108886719,0.6136322021484375,0.704037087950731
0009-0015-0002,True,vòng hai,ở vòng,10.070720672607422,9.893070220947266,-0.17765045166015625,0.6681659561554231
0009-0015-0003,True,Mendès-France,do Mendès-,9.369649887084961,11.648534774780273,2.2788848876953125,0.7716068655797393
0009-0015-0004,False,,do Mendès-,10.083220481872559,8.443170547485352,-1.640049934387207,0.5967221290592879
0009-0015-0005,True,làm đại diện cho Nièvre trong Thượng viện,"làm đại diện cho Nièvre trong Thượng viện, nơi ông là một phần của Nhóm Dân chủ cánh",10.110240936279297,9.209726333618164,-0.9005146026611328,0.6335831626485118
0009-0015-0006,False,,", bắt đầu một chiến dịch ""vượt sa mạc""",10.135462760925293,7.890422821044922,-2.245039939880371,0.5657116352253923
0009-0015-0007,False,,ở vòng,10.089984893798828,9.619491577148438,-0.4704933166503906,0.6543487086089539
0009-0015-0008,True,cựu đối thủ bên trong của Molletvà là cựu thành viên có tư tưởng cải cách của Đảng Cộng sản,", cựu đối thủ bên trong của Molletvà là cựu thành viên có tư tưởng cải cách của Đảng",10.126396179199219,6.744074821472168,-3.382321357727051,0.5061973650952039
0009-0015-0009,True,những người Cộng sản,được những người,10.079851150512695,11.004688262939453,0.9248371124267578,0.7175126405325861
0009-0016-0001,True,Thủ tướng Michel Debré,buộc tội Thủ tướng Michel Debré là người đứng,10.090584754943848,5.939675331115723,-4.150909423828125,0.46577271272273846
0009-0016-0002,False,,ông tuyên bố rằng chính ông dựng lên vụ,10.156025886535645,5.569568634033203,-4.586457252502441,0.4430289522993452
0009-0016-0003,True,Algérie française,ám sát,10.14625072479248,5.664834499359131,-4.48141622543335,0.4484959068381646
0009-0016-0004,True,trên Đại lộ de l'Observatoire ở Paris,", trên Đại lộ de l'Observatoire ở",10.148287773132324,6.354506492614746,-3.793781280517578,0.48453260409206833
0009-0016-0005,True,nấp phía sau một hàng rào,cách nấp phía sau một,10.169780731201172,2.4795756340026855,-7.690205097198486,0.29261277092328525
0009-0016-0006,False,,ám sát,10.145271301269531,5.543054103851318,-4.602217197418213,0.44220986809069346
0009-0016-0007,True,chính ông dựng lên vụ ám sát,ông tuyên bố rằng chính ông dựng lên vụ,10.16982650756836,4.334160327911377,-5.835666179656982,0.3794125726541241
0009-0017-0001,True,PCF và SFIO,. Ông tăng cường vị thế của mình như một người đối lập cánh tả với Charles de,10.17339038848877,-0.9542990922927856,-11.127689480781555,0.16702160459308787
0009-0017-0002,True,tổ chức thành các câu lạc bộ,Gaulle tự tổ chức thành các câu,10.147512435913086,6.716423034667969,-3.431089401245117,0.503629193052462
0009-0017-0003,False,,bầu cử năm,10.116964340209961,10.602920532226562,0.48595619201660156,0.6984020425104296
0009-0017-0004,True,việc tập hợp các lực lượng cánh tả ở mức độ quốc gia,"ủng hộ việc tập hợp các lực lượng cánh tả ở mức độ quốc gia, gồm cả PCF, nhằm thách thức sự thống trị của phái de",10.11562442779541,8.161273956298828,-1.954350471496582,0.5806917453608583
0009-0017-0005,True,Hai năm,. Hai,9.292261123657227,11.413007736206055,2.120746612548828,0.7656828690437744
0009-0017-0006,True,cuộc bầu cử năm 1962,bầu cử năm,10.013221740722656,10.864311218261719,0.8510894775390625,0.7143530583102722
0009-0018-0001,True,đối thủ của ông trong SFIO,"Với lãnh đạo SFIO Guy Mollet, tư cách ứng cử viên tổng thống của Mitterrand đã ngăn cản được Gaston Defferre, đối thủ của ông trong SFIO, khỏi chạy đua chức",10.099361419677734,5.219702243804932,-4.879659175872803,0.42784586562462407
0009-0018-0002,True,Mitterrand là một nhân vật đơn độc,", Mitterrand là một nhân vật",10.148455619812012,9.427095413208008,-0.7213602066040039,0.6423000783294986
0009-0018-0003,True,PR,và Đảng Xã hội Thống nhất (PSU),10.159112930297852,5.546749591827393,-4.612363338470459,0.4416827134784653
0009-0018-0004,False,,"được Gaston Defferre, đối thủ của ông trong SFIO, khỏi chạy đua chức",10.151947021484375,4.2403178215026855,-5.9116291999816895,0.37565192999365205
0009-0018-0005,True,Mitterrand,", Mitterrand là chính trị gia cánh",9.493802070617676,8.648395538330078,-0.8454065322875977,0.6362741277322933
0009-0018-0006,True,mọi đảng cánh tả,được mọi đảng cánh,10.035489082336426,10.274938583374023,0.23944950103759766,0.6873522671020867
0009-0018-0007,False,,", Mitterrand là một nhân vật",10.148345947265625,9.458235740661621,-0.6901102066040039,0.6438111681633015
0009-0018-0008,False,,", Mitterrand là chính trị gia cánh",9.492061614990234,8.365840911865234,-1.126220703125,0.6224761066126802
0009-0019-0001,True,10%,quá 10%,9.903797149658203,11.118542671203613,1.2147455215454102,0.7297254777653012
0009-0019-0002,True,194,tổng cộng 194,10.10538101196289,10.541023254394531,0.4356422424316406,0.6961647428651951
0009-0019-0003,True,Những người Cộng sản,. Những người,10.06229019165039,10.90742015838623,0.8451299667358398,0.7140968096542478
0009-0019-0004,True,(247 ghế,(247 ghế trong số,10.109529495239258,9.40493392944336,-0.7045955657958984,0.6431110843563099
0009-0019-0005,False,,với 22.5,10.002344131469727,10.395132064819336,0.3927879333496094,0.6942517947170681
0009-0019-0006,True,22.5%,với 22.5,9.516189575195312,11.390802383422852,1.874612808227539,0.7562522167182569
0009-0020-0001,True,Tháng 6 năm 1971,. Tháng 6 năm,9.994319915771484,10.911836624145508,0.9175167083740234,0.7171999599511005
0009-0020-0002,True,Sau thất bại của FGDS,Sau,10.146020889282227,2.663344144821167,-7.48267674446106,0.3017434986279951
0009-0020-0003,False,,"Sau thất bại của FGDS, Mitterrand quay sang Đảng Xã hội (Parti socialiste hay ""PS""). Tháng 6 năm",10.152420043945312,1.6336865425109863,-8.518733501434326,0.25783155743502084
0009-0020-0004,False,,", một liên minh",9.582650184631348,11.689598083496094,2.106947898864746,0.7651609315740463
0009-0020-0005,True,một liên minh bầu cử,", một liên minh",9.553606986999512,11.685970306396484,2.1323633193969727,0.766121647372651
0009-0020-0006,True,Guy Mollet,ủng hộ,9.982585906982422,5.5587873458862305,-4.423798561096191,0.4515000511443875
0009-0020-0007,True,"một cuộc ""đối thọai lý tưởng"" với những người Cộng sản","đề xuất một cuộc ""đối thọai lý tưởng"" với những người",10.160036087036133,7.266729354858398,-2.8933067321777344,0.5319087819339965
0009-0020-0008,False,,. Tháng 6 năm,9.986896514892578,10.916677474975586,0.9297809600830078,0.717723691286813
0009-0021-0001,True,năm 1978,năm,10.093889236450195,9.465408325195312,-0.6284809112548828,0.646782844189839
0009-0021-0002,False,,là,9.78288745880127,6.142599582672119,-3.6402878761291504,0.49261211364690854
0009-0021-0003,True,"""cổ lỗ"" và ""không thực tế""","là ""cổ lỗ"" và ""không",10.05136489868164,10.288986206054688,0.23762130737304688,0.6872694957877853
0009-0021-0004,True,nâng cấp Chương trình Chung,không thể nâng cấp Chương trình,10.124151229858398,10.196029663085938,0.07187843322753906,0.6797163390725011
0009-0021-0005,False,,"là ""cổ lỗ"" và ""không",10.121257781982422,9.031394958496094,-1.0898628234863281,0.6242743480776006
0009-0021-0006,True,những người Xã hội,là,9.92462158203125,5.199839115142822,-4.724782466888428,0.43585089912392533
0009-0021-0007,True,Michel Rocard,là,9.804326057434082,5.75273323059082,-4.051592826843262,0.4709823665942212
0009-0022-0001,True,tổng thống đương nhiệm,của tổng thống,9.974764823913574,10.878962516784668,0.9041976928710938,0.716630519937733
0009-0022-0002,False,,trên chương trình Xã hội 110 Đề xuất cho nước,9.485843658447266,11.275001525878906,1.7891578674316406,0.7529184708418935
0009-0022-0003,True,51.76%,", 51.76",10.12685489654541,8.47757625579834,-1.6492786407470703,0.5962541886335339
0009-0022-0004,True,Xã hội 110,trên chương trình Xã hội 110 Đề xuất cho nước,9.618549346923828,11.007823944091797,1.3892745971679688,0.7369153763899524
0009-0022-0005,False,,được 25.85,10.086244583129883,9.692204475402832,-0.3940401077270508,0.6579823926649284
0009-0022-0006,True,cuộc xung đột trong cánh hữu đa số,từ cuộc xung đột trong cánh hữu,10.12270736694336,8.610326766967773,-1.512380599975586,0.6031771905842789
0009-0022-0007,True,25.85%,được 25.85,9.879280090332031,10.811298370361328,0.9320182800292969,0.7178191700752483
0009-0022-0008,False,,từ cuộc xung đột trong cánh hữu,10.130704879760742,7.982334613800049,-2.1483702659606934,0.5707080610789976
0009-0022-0009,False,,của tổng thống,10.081840515136719,9.748491287231445,-0.33334922790527344,0.6608538052352355
0009-0023-0001,False,,bởi một chính sách kinh tế cánh,9.73681640625,11.56578254699707,1.8289661407470703,0.7544752626039749
0009-0023-0002,False,,", thất nghiệp tiếp tục gia tăng và ba lần phá giá đồng",10.16687297821045,4.600656509399414,-5.566216468811035,0.3928665173432729
0009-0023-0003,False,,tăng 10,10.155013084411621,8.723733901977539,-1.431279182434082,0.6072593146624595
0009-0023-0004,True,cuộc chiến chống lạm phát,", thất nghiệp tiếp tục gia tăng và ba lần phá giá đồng",10.164583206176758,6.86056661605835,-3.304016590118408,0.5103202281562254
0009-0023-0005,True,39,làm việc 39,9.722749710083008,11.451478958129883,1.728729248046875,0.750542630579342
0009-0023-0006,False,,là khuyến khích bùng nổ nhu cầu và vì thế là cả họat động kinh tế (Keynesianism,10.168487548828125,3.3778300285339355,-6.7906575202941895,0.33331599278378227
0009-0023-0007,True,khuyến khích bùng nổ nhu cầu,"trên 110 Đề xuất cho Pháp và Common Program năm 1972 giữa Đảng Xã hội, Đảng Cộng sản và Đảng Cấp tiến cánh",10.154638290405273,3.5315117835998535,-6.62312650680542,0.3412042328753962
0009-0023-0008,True,10%,tăng 10,10.150962829589844,9.340232849121094,-0.81072998046875,0.6379630589966849
0009-0023-0009,True,"một chính sách kinh tế cánh tả dựa trên 110 Đề xuất cho Pháp và Common Program năm 1972 giữa Đảng Xã hội, Đảng Cộng sản và Đảng Cấp tiến cánh Tả",bởi một chính sách kinh tế cánh,9.759332656860352,11.473682403564453,1.7143497467041016,0.7499750381444924
0009-0024-0001,False,,. Năm,9.642888069152832,11.082990646362305,1.4401025772094727,0.7389860094071357
0009-0024-0002,False,,việc quy trách nhiệm cho các hành động bạo lực trong các cuộc,10.047277450561523,9.059429168701172,-0.9878482818603516,0.6293015353436598
0009-0024-0003,True,bãi bỏ hình phạt tử hình,đã bãi bỏ hình phạt,10.156310081481934,1.7946442365646362,-8.361665844917297,0.264213767139097
0009-0024-0004,True,quy trách nhiệm cho các hành động bạo lực trong các cuộc biểu tình,quy định việc quy trách nhiệm cho các hành động bạo lực trong các cuộc,10.044708251953125,8.256441116333008,-1.7882671356201172,0.5891860577108672
0009-0024-0005,True,Cour de sûreté,"giải tán Cour de sûreté, một tòa án cấp cao",9.956340789794922,7.148171424865723,-2.808169364929199,0.5363717052637929
0009-0024-0006,True,bộ luật phi tập trung đầu tiên (Đạo luật Defferre) và tự do hóa truyền thông,thông qua những bộ luật phi tập trung đầu tiên (Đạo luật Defferre) và tự do hóa,10.165904998779297,2.9983811378479004,-7.1675238609313965,0.3159131326022604
0009-0024-0007,True,Năm 1983,. Năm,9.87027359008789,10.99224853515625,1.1219749450683594,0.7258537316813969
0009-0024-0008,False,,(Đạo luật Defferre) và tự do hóa,10.164620399475098,2.1450130939483643,-8.019607305526733,0.27845837337536417
0009-0025-0001,False,,ngầm ủng hộ các phong trào,10.145540237426758,3.6463537216186523,-6.4991865158081055,0.34709738895157705
0009-0025-0002,False,,"khi Mitterrand tập trung vào ""lĩnh vực dành riêng"" của ông: quan hệ nước ngòai và",10.124519348144531,3.391374349594116,-6.733144998550415,0.33601375019831187
0009-0025-0003,True,"Mitterrand từ chối ký các nghị định tự do hóa, buộc Chirac phải để nó được thông qua theo đường nghị viện",lãnh đạo nhánh,10.126005172729492,8.977535247802734,-1.1484699249267578,0.6213740035536973
0009-0025-0004,True,các phong trào xã hội,ủng hộ các phong trào,10.150650024414062,7.972550868988037,-2.1780991554260254,0.5691729916088766
0009-0025-0005,True,Lợi dụng những khó khăn của nội các Chirac,Lợi dụng,10.103924751281738,4.758429527282715,-5.345495223999023,0.40401087964971777
0009-0025-0006,True,Chirac,"khi Mitterrand tập trung vào ""lĩnh vực dành riêng"" của ông: quan hệ nước ngòai và",10.129791259765625,4.732474327087402,-5.397316932678223,0.401384995189725
0009-0025-0007,True,quan hệ nước ngòai và quốc phòng,: quan hệ nước ngòai và,10.165003776550293,6.366293907165527,-3.7987098693847656,0.4842732868162888
0009-0026-0001,False,,", việc thành lập Bù đắp Thu nhập Tối thiểu (RMI), đảm bảo một mức độ thu nhập tối thiểu cho những người bị tước đọat bất kỳ hình thức thu nhập nào, việc tái lập thuế đòan kết vào",10.033516883850098,7.780024528503418,-2.2534923553466797,0.5652741166351261
0009-0026-0002,True,Chính sách Nông nghiệp Chung,cải cách Chính sách Nông nghiệp,10.161473274230957,3.8689582347869873,-6.29251503944397,0.35702863462841933
0009-0026-0003,True,Thỏa thuận Matignon về New Caledonia,bởi,9.402168273925781,6.236240863800049,-3.1659274101257324,0.5175870628807203
0009-0026-0004,False,,"xây dựng Kim tự tháp Louvre, Đường hầm eo biển Manche, Grande Arche tại La Défense, Bastille Opera, Bộ Tài chính tại Bercy, Thư viện Quốc gia",10.159219741821289,2.7727622985839844,-7.386457443237305,0.3060313590767809
0009-0026-0005,True,thuế đòan kết,tái lập thuế đòan kết vào,10.05379581451416,11.438203811645508,1.3844079971313477,0.7367165674700465
0009-0026-0006,True,một mức độ thu nhập tối thiểu,", đảm bảo một mức độ thu nhập",9.889785766601562,10.776484489440918,0.8866987228393555,0.7158813178207072
0009-0026-0007,False,,tái lập thuế đòan kết vào,10.078287124633789,11.27359390258789,1.1953067779541016,0.7289170660153486
0009-0026-0008,True,"Nhiều công trình kiến trúc lớn được tiếp tục, với việc xây dựng Kim tự tháp Louvre, Đường hầm eo biển Manche, Grande Arche tại La Défense, Bastille Opera, Bộ Tài chính tại Bercy, Thư viện Quốc gia Pháp","xây dựng Kim tự tháp Louvre, Đường hầm eo biển Manche, Grande Arche tại La Défense, Bastille Opera, Bộ Tài chính tại Bercy, Thư viện Quốc gia",10.164559364318848,0.4541822671890259,-9.710377097129822,0.2127702962277476
0009-0027-0001,False,,năm,10.01253890991211,9.373817443847656,-0.6387214660644531,0.6462898375038262
0009-0027-0002,False,,chỉ định Edith Cresson thay thế,9.875263214111328,6.172782897949219,-3.7024803161621094,0.4893377553795072
0009-0027-0003,True,ngày 1 tháng 5 năm 1993,tự sát ngày 1 tháng 5 năm,9.934513092041016,11.116579055786133,1.1820659637451172,0.7283655428327743
0009-0027-0004,False,,", Mitterrand bãi chức Rocard năm",10.012988090515137,5.4687604904174805,-4.544227600097656,0.445225249992915
0009-0027-0005,True,năm 1991,năm,10.048652648925781,9.246298789978027,-0.8023538589477539,0.6383705117228149
0009-0027-0006,False,,chỉ định Edith Cresson thay thế,10.125408172607422,7.20849084854126,-2.916917324066162,0.5306701729330775
0009-0027-0007,True,Edith Cresson,chỉ định Edith Cresson thay thế,9.917290687561035,6.33364200592041,-3.583648681640625,0.495594658942564
0009-0027-0008,True,Bất bình với thất bại của Rocard trong việc thực hiện các chương trình xã hội,chỉ định Edith Cresson thay thế,10.11886978149414,7.718898296356201,-2.3999714851379395,0.5576763992318293
0009-0027-0009,True,Pierre Bérégovoy,", Mitterrand bãi chức Rocard năm 1991 và chỉ định Edith Cresson thay thế",10.082708358764648,4.865476131439209,-5.2172322273254395,0.4105335560049774
0009-0028-0001,False,,chỉ định cựu Bộ trưởng Tài chính của đảng Tập hợp vì nền Cộng hòa Edouard Balladur làm,10.133988380432129,7.370604515075684,-2.7633838653564453,0.5387170822274472
0009-0028-0002,True,Bộ trưởng Tài chính của đảng Tập hợp vì nền Cộng hòa,làm,10.125508308410645,8.01640510559082,-2.109103202819824,0.5727335524758114
0009-0028-0003,True,Edouard Balladur,chỉ định cựu Bộ trưởng Tài chính của đảng Tập hợp vì nền Cộng hòa Edouard Balladur làm,9.200825691223145,6.922760486602783,-2.2780652046203613,0.5640015879415348
0009-0028-0004,True,năm 1995,tổng thống năm,10.032365798950195,10.858917236328125,0.8265514373779297,0.7132970810980623
0009-0028-0005,False,,chỉ định,9.562164306640625,6.358010292053223,-3.2041540145874023,0.5155760311986968
0009-0028-0006,False,,chỉ định cựu Bộ trưởng Tài chính của đảng Tập hợp vì nền Cộng hòa Edouard Balladur làm,9.903709411621094,5.6301069259643555,-4.273602485656738,0.45934726220929073
0009-0028-0007,True,bệnh ung the,bởi bệnh ung,9.875544548034668,8.666093826293945,-1.2094507217407227,0.6183469508576861
0009-0028-0008,True,Jacques Chirac,chỉ định cựu Bộ trưởng Tài chính của đảng Tập hợp vì nền Cộng hòa Edouard Balladur làm,9.864652633666992,5.561842918395996,-4.302809715270996,0.45781958506359205
0009-0029-0001,True,tháng 11 năm 1988,vào tháng 11 năm,9.859742164611816,11.670310974121094,1.8105688095092773,0.7537566170408005
0009-0029-0002,True,châu Âu,của châu,10.047073364257812,11.307713508605957,1.2606401443481445,0.7316280939342192
0009-0029-0003,False,,của châu,9.987151145935059,10.294306755065918,0.3071556091308594,0.6904092135227345
0009-0029-0004,True,thập niên 1980,trong thập niên,9.7963285446167,11.617315292358398,1.8209867477416992,0.7541637414838973
0009-0029-0005,True,châu Phi,của châu,9.98608112335205,9.911626815795898,-0.07445430755615234,0.6729683584709559
0009-0029-0006,True,truyền thông,", truyền thông",10.149404525756836,3.5762388706207275,-6.573165655136108,0.3435740189708363
0009-0030-0001,True,bình diện quốc tế,trên bình diện,10.074320793151855,9.587844848632812,-0.48647594451904297,0.6535867828914586
0009-0030-0002,True,Đạo luật Một châu Âu,giúp Đạo luật Một châu,9.815625190734863,11.763240814208984,1.947615623474121,0.7590759386185663
0009-0030-0003,True,Helmut Kohl,với,9.721786499023438,6.822833061218262,-2.898953437805176,0.531612591586469
0009-0030-0004,True,Tháng 2 năm 1986,. Tháng 2 năm,9.415901184082031,11.581443786621094,2.1655426025390625,0.7673717267015975
0009-0030-0005,True,ngày 7 tháng 2 năm 1992,ký kết ngày 7 tháng 2 năm,10.08909797668457,10.70152473449707,0.6124267578125,0.7039841710796503
0009-0030-0006,False,,giúp Đạo luật Một châu,9.926695823669434,11.69151496887207,1.7648191452026367,0.7519633896914028
0009-0031-0001,True,bài diễn văn La Baule của Mitterrand,",",9.924286842346191,5.67626428604126,-4.248022556304932,0.4606858431739583
0009-0031-0002,True,năm 1989,sụp đổ năm,9.916590690612793,11.228879928588867,1.3122892379760742,0.7337590984114527
0009-0031-0003,False,,",",9.905240058898926,5.781800746917725,-4.123439311981201,0.4672129598593984
0009-0031-0004,True,Pháp,", Côte d'Ivoire, Congo, Cameroon và",10.048120498657227,10.460699081420898,0.4125785827636719,0.6951360556319555
0009-0031-0005,True,La Baule,phát biểu La Baule,10.1287260055542,8.56441879272461,-1.5643072128295898,0.6005559353390272
0009-0031-0006,True,"một sự ""mở rộng dân chủ"", gồm một hệ thống đại diện, bầu cử tự do, đa đảng phái, tự do báo chí, tư pháp độc lập, và xóa bỏ kiểm duyệt",vì thế tiếp tục chính sách châu,10.127376556396484,7.744600296020508,-2.3827762603759766,0.5585697678624513
0009-0032-0001,False,,"là người lãnh đạo các lực lượng vũ trang Pháp tại Trận Verdun trong Thế chiến I, nhờ thế ông được những người cùng thời tôn trọng. Tuy nhiên, sau này ông trở thành lãnh đạo chế độ Vichy",10.141493797302246,4.052990913391113,-6.088502883911133,0.36695412456920884
0009-0032-0002,True,Vichy,lãnh đạo chế độ Vichy,9.971599578857422,11.253347396850586,1.281747817993164,0.7325002850672659
0009-0032-0003,True,năm 1992,tấn công năm,9.349906921386719,11.513391494750977,2.163484573364258,0.767294322983373
0009-0032-0004,True,Charles de Gaulle và Valéry Giscard d'Estaing,: các tổng thống Charles de,9.933178901672363,7.813845157623291,-2.1193337440490723,0.5722060680916553
0009-0032-0005,True,lãnh đạo các lực lượng vũ trang Pháp tại Trận Verdun,là người lãnh đạo các lực lượng vũ trang,9.947906494140625,9.398599624633789,-0.5493068695068359,0.6505838870924354
0009-0032-0006,True,khi mọi người phát hiện rằng ông đã sắp xếp việc đặt vòng hoa trên mộ Thống chế Philippe Pétain vào mỗi Ngày đình chiến từ năm 1987,tấn công năm 1992 khi mọi người phát hiện rằng ông đã sắp xếp việc đặt vòng hoa trên mộ Thống chế Philippe Pétain vào mỗi Ngày đình chiến từ năm,10.120569229125977,6.439425468444824,-3.6811437606811523,0.4904610108266197
0009-0033-0001,False,,bởi Đảng,9.741823196411133,11.619081497192383,1.87725830078125,0.7563549339993386
0009-0033-0002,True,Henri Nallet,bởi,9.526341438293457,6.8413405418396,-2.6850008964538574,0.5428177451297606
0009-0033-0003,True,Henri Emmanuelli,Xã hội,9.59394645690918,7.068185329437256,-2.525761127471924,0.5511300713501764
0009-0033-0004,True,Cơ quan tư vấn Urba,tư vấn Urba được thành lập năm 1971 bởi Đảng Xã hội để cố vấn cho các xã đang dưới quyền lãnh đạo của phe xã hội về các dự án cơ sở hạ tầng và dự án,10.144747734069824,2.660078287124634,-7.48466944694519,0.3016550581893742
0009-0033-0005,True,Đảng Xã hội,bởi Đảng,9.28251838684082,11.652785301208496,2.370266914367676,0.7749817069178608
0009-0033-0006,False,,để cố vấn cho các xã đang dưới quyền lãnh đạo của phe xã hội về các dự án cơ sở hạ tầng và dự án,10.170174598693848,6.356657028198242,-3.8135175704956055,0.48349423240971556
0009-0033-0007,False,,bởi,9.496922492980957,6.774548530578613,-2.7223739624023438,0.5408632347496121
0009-0033-0008,True,cố vấn cho các xã đang dưới quyền lãnh đạo của phe xã hội về các dự án cơ sở hạ tầng và dự án công cộng,để cố vấn cho các xã đang dưới quyền lãnh đạo của phe xã hội về các dự án cơ sở hạ tầng và dự án,10.15914535522461,8.39387035369873,-1.765275001525879,0.5903579296861089
0009-0033-0009,False,,tư vấn Urba được thành lập năm 1971 bởi Đảng Xã hội để cố vấn cho các xã đang dưới quyền lãnh đạo của phe xã hội về các dự án cơ sở hạ tầng và dự án,10.149930000305176,1.6915643215179443,-8.458365678787231,0.26027256678137484
0009-0033-0010,False,,Xã hội,9.662123680114746,7.14479923248291,-2.517324447631836,0.5515697124394737
0009-0034-0001,True,Điện Elysée,tại,10.108770370483398,4.07158088684082,-6.037189483642578,0.3694688480681902
0009-0034-0002,True,Libération,tờ,9.486014366149902,6.505552768707275,-2.980461597442627,0.5273348124956402
0009-0034-0003,True,3000 cuộc hội thọai,.,9.88177490234375,9.636106491088867,-0.2456684112548828,0.6649813123873384
0009-0034-0004,True,Từ năm 1982 tới năm 1986,Từ năm 1982 tới năm,10.081857681274414,11.005732536315918,0.9238748550415039,0.7174715510528451
0009-0034-0005,True,Cảnh sát Quốc gia và Gendarmerie,"thuộc Cảnh sát Quốc gia và Gendarmerie, họat động dưới quyền Thủ tướng, và dưới sự giám sát của",9.882631301879883,8.57451057434082,-1.3081207275390625,0.613429593375315
0009-0034-0006,False,,"thuộc Cảnh sát Quốc gia và Gendarmerie, họat động dưới quyền Thủ tướng, và dưới sự giám sát của",9.893310546875,8.06379222869873,-1.8295183181762695,0.5870810208940831
0009-0035-0001,True,20 năm,Mất 20,9.915172576904297,11.617799758911133,1.702627182006836,0.7495116846492578
0009-0035-0002,True,12 người,. 12,9.877277374267578,11.096357345581055,1.2190799713134766,0.7299055302575043
0009-0035-0003,False,,trước phòng số 16 của tòa án trừng phạt,10.00777816772461,10.904422760009766,0.8966445922851562,0.7163072874973451
0009-0035-0004,True,la Commission consultative du secret de la défense nationale,la,9.915559768676758,5.430055141448975,-4.485504627227783,0.44828288056563814
0009-0035-0005,True,phòng số 16 của tòa án trừng phạt Paris,trước phòng số 16 của tòa án trừng phạt,9.942450523376465,11.049127578735352,1.1066770553588867,0.7252119748650208
0009-0035-0006,True,năm 2000,điều tra năm,10.100053787231445,10.525043487548828,0.4249897003173828,0.6956898603696484
0009-0035-0007,False,,Mất 20,10.042340278625488,11.340639114379883,1.2982988357543945,0.7331829304057018
0009-0036-0001,False,,rằng,9.179054260253906,7.290215492248535,-1.888838768005371,0.5840483436155911
0009-0036-0002,True,ngày 9 tháng 11 năm 2005,ngày 9 tháng 11 năm,10.133103370666504,8.304803848266602,-1.8282995223999023,0.5871432617819708
0009-0036-0003,True,Mitterrand,rằng,9.209329605102539,7.340411186218262,-1.8689184188842773,0.5850674663168666
0009-0036-0004,True,Edwy Plenel,"như người bạn của Carole Bouquet, một luật sư có gia đình ở",10.13551139831543,3.6964330673217773,-6.439078330993652,0.3499725415067814
0009-0036-0005,True,bệnh ung thư tuyến tiền liệt của ông được chẩn đóan năm 1981 và các chi tiết quá khứ của ông thời Chế độ Vichy,", bệnh ung thư tuyến tiền liệt của ông được chẩn đóan năm",10.145106315612793,5.34877872467041,-4.796327590942383,0.4321485647255655
0009-0036-0006,False,,"là ""người thành lập và kiểm sóat hầu hết chiến dịch.",10.124735832214355,7.894730091094971,-2.2300057411193848,0.5664895903026311
0009-0036-0007,False,,ngày 9 tháng 11 năm,10.141371726989746,7.937898635864258,-2.2034730911254883,0.5678617392448689
0009-0036-0008,False,,"như người bạn của Carole Bouquet, một luật sư có gia đình ở",10.134260177612305,4.956500053405762,-5.177760124206543,0.4125473284268999
0009-0036-0009,False,,", bệnh ung thư tuyến tiền liệt của ông được chẩn đóan năm",10.147405624389648,3.907534599304199,-6.239871025085449,0.35957851640460686
0009-0036-0010,True,"""người thành lập và kiểm sóat hầu hết chiến dịch.""","là ""người thành lập và kiểm sóat hầu hết chiến dịch.",10.12393569946289,8.063941955566406,-2.0599937438964844,0.5752633029595515
0009-0037-0001,True,Jean-Christophe,",",10.137548446655273,3.7210843563079834,-6.41646409034729,0.3510570901688855
0009-0037-0002,True,Với sự giúp đỡ của Pháp,của,10.164798736572266,9.542041778564453,-0.6227569580078125,0.647058274106257
0009-0037-0003,True,một chiến dịch quân sự được tiến hành theo sự ủy nhiệm của Liên hợp quốc (UN) mandate,. Quân đội,10.167481422424316,3.6841156482696533,-6.483365774154663,0.347853071215301
0009-0037-0004,True,"28,000 người","tới 28,000",10.105947494506836,9.667076110839844,-0.4388713836669922,0.6558538579431589
0009-0037-0005,True,Rwanda Juvénal Habyarimana,ủng hộ tổng thống,10.14405632019043,3.764664888381958,-6.379391431808472,0.35283837309561394
0009-0038-0001,True,sự liên can của Pháp vào vụ tấn công chiếc Rainbow Warrior bị phát hiện,khi sự liên can của Pháp vào vụ tấn công chiếc Rainbow Warrior bị,10.138100624084473,7.64177131652832,-2.4963293075561523,0.5526634321422634
0009-0038-0002,False,,ở New Zealand chuẩn bị phản đối cuộc thử nghiệm hạt nhân của Pháp ở Nam Thái Bình Dương thì một vụ nổ xảy ra đánh đắm,10.143924713134766,4.322332859039307,-5.821591854095459,0.380110948057592
0009-0038-0003,True,chuẩn bị phản đối cuộc thử nghiệm hạt nhân của Pháp ở Nam Thái Bình Dương,thì một vụ nổ xảy ra đánh đắm,10.146930694580078,3.5438003540039062,-6.603130340576172,0.3421517642066917
0009-0038-0004,True,Fernando Pereira,gia Fernando,9.69649887084961,11.622669219970703,1.9261703491210938,0.7582487652406703
0009-0038-0005,True,tổ chức Hòa bình xanh,của tổ chức Hòa bình,9.537416458129883,11.562355041503906,2.0249385833740234,0.7620423204055475
0009-0038-0006,False,,của tổ chức Hòa bình,9.615662574768066,11.537466049194336,1.9218034744262695,0.7580800920859261
0009-0038-0007,True,cuộc tấn công khủng bố đầu tiên vào đất nước,là cuộc tấn công,10.14551830291748,4.918856620788574,-5.226661682128906,0.4100529284361825
0009-0039-0001,True,TVNZ,(TVNZ,10.018516540527344,9.902202606201172,-0.11631393432617188,0.6710246481046799
0009-0039-0002,True,cái chết của Pereira,rằng cái chết của,10.140218734741211,7.382251739501953,-2.757966995239258,0.5390006448422793
0009-0039-0003,False,,đã tìm cách tiếp cận một đọan video được thực hiện ở phiên xét xử đầu tiên khi điệp viên Pháp thú nhận,10.10501480102539,4.040894508361816,-6.064120292663574,0.3681481523249294
0009-0039-0004,True,tìm cách tiếp cận một đọan video được thực hiện ở phiên xét xử đầu tiên,đã tìm cách tiếp cận một đọan video được thực hiện ở phiên xét xử đầu tiên khi điệp viên Pháp thú nhận,10.048154830932617,4.045865535736084,-6.002289295196533,0.371183274464909
0009-0039-0005,False,,", Truyền hình New Zealand (TVNZ",9.839719772338867,9.704977035522461,-0.13474273681640625,0.6701670604468721
0009-0039-0006,True,Mitterrand đã cho phép thực hiện vụ việc gây ra cái chết của Pereira,bị đánh đắm mọi người phát hiện ra rằng đích thân Mitterrand đã cho phép thực hiện vụ việc gây ra cái chết của,10.14944839477539,5.849421501159668,-4.300026893615723,0.45796510616056263
0009-0039-0007,True,Pierre Lacoste,.,9.327985763549805,7.4045939445495605,-1.9233918190002441,0.5822789128102055
0010-0001-0001,False,,giết mổ khi đạt 14 tuần,10.170883178710938,7.740198135375977,-2.430685043334961,0.5560797674803782
0010-0001-0002,True,371,đẻ 300 trứng/,10.159385681152344,8.169118881225586,-1.9902667999267578,0.5788483188638233
0010-0001-0003,True,khỏang sáu năm,dưới hai,10.081015586853027,6.335611343383789,-3.7454042434692383,0.4870783780708176
0010-0001-0004,True,lấy thịt gà và trứng gà,"để lấy thịt gà và trứng gà, là phương tiện báo thức ở nông thông ngòai ra còn các sản phẩm khác như lông gà, phục vụ cho đá gà, và làm",10.13642406463623,7.939714431762695,-2.196709632873535,0.5682113491620487
0010-0001-0005,True,phương tiện báo thức,để lấy thịt gà và trứng,10.150664329528809,6.664362907409668,-3.4863014221191406,0.500721451027248
0010-0001-0006,True,300 trứng,đẻ 300,10.073047637939453,11.161466598510742,1.088418960571289,0.7244448152662833
0010-0001-0007,True,14 tuần tuổi.,giết mổ khi đạt 14 tuần,10.172468185424805,7.514547348022461,-2.6579208374023438,0.5442331393772204
0010-0001-0008,False,,"để lấy thịt gà và trứng gà, là phương tiện báo thức ở nông thông ngòai ra còn các sản phẩm khác như lông gà, phục vụ cho đá gà, và làm",10.165369033813477,3.977458953857422,-6.187910079956055,0.3621031133992086
0010-0001-0009,False,,dưới hai,10.138629913330078,6.716932773590088,-3.4216971397399902,0.5041238176489938
0010-0002-0001,True,Tạ ơn hay Giáng sinh,dịp lễ Tạ ơn hay,9.922121047973633,10.880715370178223,0.9585943222045898,0.7189518158283867
0010-0002-0002,True,Tạ ơn hay Giáng sinh,dịp lễ Tạ ơn hay,10.029078483581543,10.190103530883789,0.1610250473022461,0.6837909203024228
0010-0002-0003,False,,"Nó hiền lành và chăm kiếm mồi. Món ưa thích của gà tây lại là cỏ. Gà tây ăn nhiều lọai cỏ, lá khác",10.176645278930664,1.301467776298523,-8.875177502632141,0.24372585527044965
0010-0002-0004,True,Gà tây rất dễ nuôi. Nó hiền lành và chăm kiếm mồi,"thường chăn thả trên những bãi cỏ, những cánh đồng hoặc nuôi nhốt trong những sân chơi",10.172110557556152,2.579594135284424,-7.5925164222717285,0.2968906498695547
0010-0002-0005,True,gà tây rừng,từ các lọai gà tây,10.050827026367188,9.745468139648438,-0.30535888671875,0.6621741252816185
0010-0002-0006,True,Nó hiền lành và chăm kiếm mồi,"Nó hiền lành và chăm kiếm mồi. Món ưa thích của gà tây lại là cỏ. Gà tây ăn nhiều lọai cỏ, lá khác",10.176055908203125,1.3192009925842285,-8.856854915618896,0.24443803333133052
0010-0002-0007,True,"ngũ cốc, đậu đỗ, cám bã","ăn ngũ cốc, đậu đỗ, cám",10.164093971252441,6.895655155181885,-3.2684388160705566,0.5121930210877531
0010-0002-0008,False,,mục đích cung cấp thịt,10.172635078430176,2.743162155151367,-7.429472923278809,0.30411022995721193
0010-0003-0001,True,"Gà sao có sức đề kháng cao, thích nghi rộng với nhiều vùng sinh thái",". Gà sao có sức đề kháng cao, thích nghi rộng với nhiều vùng sinh thái và là lòai dễ nuôi, có thể nuôi nhốt hoặc nuôi thả",10.168678283691406,4.402782440185547,-5.765895843505859,0.382879460329332
0010-0003-0002,True,"gà sao trong tự nhiên chúng thuộc lớp Aves, bộ Điểu cầm, họ Phasiani, giống Numidiae",từ gà,10.153367042541504,6.643360137939453,-3.510006904602051,0.499472974931844
0010-0003-0003,True,dù có điều trị tốt thì tỉ lệ khỏi cũng không quá 10%,cũng không quá 10,10.172313690185547,1.5386931896209717,-8.633620500564575,0.25322748642297804
0010-0003-0004,False,,từ gà,10.114923477172852,10.045869827270508,-0.06905364990234375,0.6732187024955658
0010-0003-0005,True,"sức sống cao, ít bệnh tật, hao hụt không đáng kể, với tỉ lệ sống bình quân đạt 95,6%",như sức sống,10.156299591064453,7.352912425994873,-2.80338716506958,0.5366222234337494
0010-0003-0006,True,Numidiae,giống,10.155790328979492,4.097456932067871,-6.058333396911621,0.3684317776258823
0010-0003-0007,True,bệnh nấm mỏ két,là bệnh nấm mỏ,10.138693809509277,11.037208557128906,0.8985147476196289,0.7163873409155997
0010-0003-0008,False,,như sức sống,10.147258758544922,8.731868743896484,-1.4153900146484375,0.6080573398417963
0010-0003-0009,False,,cũng không quá 10,10.171394348144531,1.5421626567840576,-8.629231691360474,0.25340236499701335
0010-0003-0010,False,,". Gà sao có sức đề kháng cao, thích nghi rộng với nhiều vùng sinh thái và là lòai dễ nuôi, có thể nuôi nhốt hoặc nuôi thả",10.167253494262695,3.996093273162842,-6.1711602210998535,0.362918561789857
0010-0004-0001,True,lòai vịt cổ xanh (Anas platyrhynchos) ở vùng Mallard,có,10.165792465209961,6.117949485778809,-4.047842979431152,0.4711791960040363
0010-0004-0002,True,"chúng cung cấp cho con người thịt vịt, trứng, lông","để nuôi nhốt như một lòai chim kiểng, hay phục vụ các màn xiếc trong Sở",10.16536808013916,5.841973304748535,-4.323394775390625,0.4567433630148839
0010-0004-0003,True,vịt cổ xanh (Anas platyrhynchos),từ lòai vịt cổ,10.129674911499023,10.18447208404541,0.05479717254638672,0.6789324500951454
0010-0004-0004,False,,từ lòai vịt cổ,10.167230606079102,5.214666366577148,-4.952564239501953,0.42409043103966576
0010-0004-0005,True,Trung Quốc,",",9.928146362304688,9.88988208770752,-0.03826427459716797,0.6746440367274597
0010-0004-0006,True,khỏang vài ngàn năm trước,nhà được chăn nuôi tại nhiều nước Đông Nam Á khỏang vài ngàn năm,10.173675537109375,-0.18571972846984863,-10.359395265579224,0.19076730814748438
0010-0004-0007,True,"một lòai chim kiểng, hay phục vụ các màn xiếc trong Sở thú","để nuôi nhốt như một lòai chim kiểng, hay phục vụ các màn xiếc trong Sở",10.171470642089844,5.95661735534668,-4.214853286743164,0.4624224112583738
0010-0004-0008,False,,", vịt còn được dùng để nuôi nhốt như một lòai chim kiểng, hay phục vụ các màn xiếc trong Sở",10.173025131225586,1.9559950828552246,-8.217030048370361,0.2701796138626121
0010-0004-0009,False,,"để nuôi nhốt như một lòai chim kiểng, hay phục vụ các màn xiếc trong Sở",10.171049118041992,5.565059185028076,-4.605989933013916,0.44201383593213917
0010-0005-0001,True,3 lần,tới 3,9.968120574951172,11.17460823059082,1.2064876556396484,0.7293822379999876
0010-0005-0002,True,Lọai ngan có lông trắng,. Lọai ngan có lông,10.103778839111328,9.766192436218262,-0.3375864028930664,0.6606537164526974
0010-0005-0003,True,Ngan nhà và Ngan bướu mũi,và Ngan bướu,10.15787124633789,8.574315071105957,-1.5835561752319336,0.5995827737580341
0010-0005-0004,True,"do nạc hơn, chứ không chứa nhiều mỡ như thịt vịt, độ nạc và mềm của thịt ngan có thể so sánh với thịt bê","do nạc hơn, chứ không chứa nhiều mỡ như thịt",10.071468353271484,9.86256217956543,-0.2089061737060547,0.6667044317610074
0010-0005-0005,True,Các giống ngan thuần hóa thường có các đặc trưng bộ lông khác với của ngan hoang,đặc trưng bộ,10.152783393859863,6.464150428771973,-3.6886329650878906,0.49006673274587575
0010-0005-0006,False,,"do nạc hơn, chứ không chứa nhiều",10.075764656066895,10.080357551574707,0.0045928955078125,0.6766226523052675
0010-0006-0001,True,"Con ngỗng được ví như một cỗ máy xén cỏ, khả năng vặt cỏ của ngỗng tốt hơn bò, ngỗng có thể vặt tận gốc cây cỏ, cả phần củ rễ, ngỗng ăn tạp các lọai cỏ và không chê cỏ non, cỏ già, cỏ dại từ cỏ tranh đến lục bình ngỗng đều ăn được",", ngỗng có thể vặt tận gốc cây cỏ, cả phần củ",10.149234771728516,3.2564358711242676,-6.892798900604248,0.3285517047320658
0010-0006-0002,True,"dễ nuôi, hay ăn, chóng lớn, ít mắc bệnh","gia cầm dễ nuôi, hay ăn, chóng lớn, ít mắc",10.155550003051758,2.899806022644043,-7.255743980407715,0.31191052977140304
0010-0006-0003,True,Nuôi trong 4-8 tháng ngỗng đã cho thu họach 4–7 kg,trong 4-8 tháng ngỗng đã cho thu họach 4–7,10.161816596984863,2.278585910797119,-7.883230686187744,0.28426730470873723
0010-0006-0004,False,,là có thể sử dụng rất hiệu quả thức ăn,10.157824516296387,6.928457260131836,-3.229367256164551,0.514249328526493
0010-0006-0005,True,"khả năng vặt cỏ của ngỗng tốt hơn bò, ngỗng có thể vặt tận gốc cây cỏ, cả phần củ rễ, ngỗng ăn tạp các lọai cỏ và không chê cỏ non, cỏ già, cỏ dại từ cỏ tranh đến lục bình ngỗng đều ăn được",", khả năng vặt cỏ của ngỗng tốt hơn",10.144275665283203,6.371272087097168,-3.773003578186035,0.4856259110271731
0010-0006-0006,True,"Ngỗng chỉ ăn cỏ, ăn rau là chính, ít dùng lương thực",là có thể sử dụng rất hiệu quả thức ăn,10.158955574035645,7.866343021392822,-2.2926125526428223,0.5632478409709843
0010-0007-0001,True,"Nuôi chim bồ câu không đòi hỏi kỹ thuật chăm sóc, chi phí cao mà hiệu quả nhan",câu,10.152705192565918,6.455092906951904,-3.6976122856140137,0.4895940220619066
0010-0007-0002,False,,": đậu nành xấu, ngô, lõi ngô, rau",10.091923713684082,10.42586898803711,0.33394527435302734,0.6916142105185907
0010-0007-0003,False,,câu,10.152091979980469,6.701235771179199,-3.4508562088012695,0.5025881917732031
0010-0007-0004,True,ự đẻ trứng chỉ phụ thuộc vào một phần ánh sáng nhưng sự ấp trứng lại phụ thuộc chặt chẽ vào yếu tố ánh sáng,lại phụ thuộc chặt chẽ vào yếu tố,10.156803131103516,4.827663421630859,-5.329139709472656,0.40484078869619083
0010-0007-0005,False,,nuôi thóang,10.155044555664062,8.678831100463867,-1.4762134552001953,0.6049994242023337
0010-0007-0006,True,"Chim bồ câu siêu thịt, có thể nặng từ 1,2 kg trở lên, dễ nuôi, nhanh lớn, ít bệnh, sinh sản tốt",": đậu nành xấu, ngô, lõi ngô, rau cỏ đem nghiền thành cám",10.157621383666992,1.3543670177459717,-8.80325436592102,0.24652949651113235
0010-0007-0007,False,,". Chim bồ câu siêu thịt, có thể nặng từ 1,2 kg trở lên, dễ nuôi, nhanh lớn, ít bệnh, sinh sản",10.159257888793945,0.8755694627761841,-9.283688426017761,0.22821485029786492
0010-0007-0008,True,Chim bồ câu nhà đòi hỏi chuồng nuôi thóang mát. Chim bồ câu rất nhạy cảm với ánh sáng,": đậu nành xấu, ngô, lõi ngô, rau cỏ đem nghiền thành cám",10.161931037902832,1.982172966003418,-8.179758071899414,0.27173066038181154
0010-0007-0009,True,"Một số giống bồ câu nhà có thể tận dụng từ sản phẩm nông nghiệp dư thừa như: đậu nành xấu, ngô, lõi ngô, rau cỏ đem nghiền thành cám viên cho chim bồ câu ăn",": đậu nành xấu, ngô, lõi ngô, rau",10.079391479492188,10.387815475463867,0.3084239959716797,0.6904663240146732
0010-0007-0010,True,chuồng nuôi thóang mát,nuôi thóang,10.150311470031738,8.752866744995117,-1.397444725036621,0.6089579385434696
0010-0007-0011,False,,": đậu nành xấu, ngô, lõi ngô, rau cỏ đem nghiền thành cám",10.162620544433594,1.3612513542175293,-8.801369190216064,0.24660327374327473
0011-0001-0001,True,"các chủng viện, trường dòng, học viện, đại học của các tôn giáo","trong các chủng viện, trường dòng, học viện, đại học của các",10.115926742553711,10.05215072631836,-0.06377601623535156,0.6734632485141953
0011-0001-0002,False,,",",10.088434219360352,5.217376232147217,-4.871057987213135,0.42828948160707464
0011-0001-0003,True,"là ngành nghiên cứu về các thần thánh, hay rộng hơn là về niềm tin tôn giáo, thực hành và trải nghiệm tôn giáo, về linh hồn",là,10.058219909667969,4.250158309936523,-5.808061599731445,0.3807827946398863
0011-0001-0004,True,"giúp các nhà thần học hiểu rõ hơn về truyền thống tôn giáo của chính mình, về các truyền thống tôn giáo khác, cũng như so sánh giữa các truyền thống tôn giáo khác nhau",". Thần học giúp các nhà thần học hiểu rõ hơn về truyền thống tôn giáo của chính mình, về các truyền thống tôn giáo khác, cũng như so sánh giữa các truyền thống tôn giáo khác",10.130332946777344,4.450246334075928,-5.680086612701416,0.38715968287331837
0011-0001-0005,True,Theologia,là,9.875680923461914,6.255551338195801,-3.6201295852661133,0.493673573389569
0011-0001-0006,True,Theos (nghĩa là thần linh) và logos (nghĩa là lời),là Theos (nghĩa là thần linh) và logos (nghĩa là lời,10.136308670043945,7.089608192443848,-3.0467004776000977,0.5238554206284058
0011-0001-0007,True,"môn học nghiên cứu về những lời, lý lẽ phù hợp với Thiên Chúa","là môn học nghiên cứu về những lời, lý lẽ phù hợp với",10.111074447631836,9.459722518920898,-0.6513519287109375,0.6456813458670962
0011-0002-0001,False,,là khoa học về những điều,10.161260604858398,6.7729620933532715,-3.388298511505127,0.5058826172903601
0011-0002-0002,True,Richchard Hooker,. Thánh Augustine của,10.110771179199219,9.865629196166992,-0.24514198303222656,0.6650060183259217
0011-0002-0003,True,"nhắm tới thiết lập và đào sâu những kinh nghiệm và khái niệm, sử dụng những điều đó để đi tìm bằng chứng cho việc các hữu thể tồn tại và phát triển như thế nào, cuối cùng là đi đến việc khám phá những điều huyền bí",là khoa học về những điều,10.144197463989258,6.742339611053467,-3.401857852935791,0.5051685861480034
0011-0002-0004,True,"bắt đầu với giả thuyết cho rằng sự thiêng liêng hiện hữu trong một số hình thái như vật lý, siêu nhiên, tâm lý hay các thực thể xã hội","với giả thuyết cho rằng sự thiêng liêng hiện hữu trong một số hình thái như vật lý, siêu nhiên, tâm lý hay các thực thể",10.159660339355469,5.361830234527588,-4.797830104827881,0.432070891984456
0011-0002-0005,True,"là những tranh luận, lập luận liên quan đến Thiên Chúa","là những tranh luận, lập luận liên quan đến Thiên Chúa. Richchard Hooker thì cho rằng thần học là khoa học về những điều",10.056013107299805,9.860074996948242,-0.1959381103515625,0.667311212320435
0011-0002-0006,True,cho rằng thần học là khoa học về những điều thiêng liêng,là khoa học về những điều,10.095542907714844,9.510863304138184,-0.5846796035766602,0.6488880188108376
0011-0003-0001,True,"chuyển tải những tình huống hiện thời hay điều cần thiết qua 1 truyền thống tôn giáo, hoặc tìm ra những cách thức có thể để lý giải thế giới",gia khám phá sự tự nhiên của thần học ngòai các suy luận tới truyền thống,10.170265197753906,3.944211721420288,-6.226053476333618,0.36024911022424827
0011-0003-0002,True,"tìm hiểu, suy tư về các vấn đề siêu nhiên và thiêng liêng bằng phương diện đức tin","là tìm hiểu, suy tư về các vấn đề siêu nhiên và thiêng liêng bằng phương diện",10.13418197631836,6.452730655670166,-3.6814513206481934,0.4904448187290227
0011-0003-0003,True,"giúp các thần học gia hiểu biết sâu sắc về truyền thống tôn giáo của họ, truyền thống các tôn giáo khác, tư tưởng thần học chứa đựng trong thần thọai các tộc người, nó có thể giúp các thần học gia khám phá sự tự nhiên của thần học ngòai các suy luận tới truyền thống riêng biệt","thần học giúp các thần học gia hiểu biết sâu sắc về truyền thống tôn giáo của họ, truyền thống các tôn giáo khác, tư tưởng thần học chứa đựng trong thần thọai các tộc người, nó có thể giúp các thần học gia khám phá sự tự nhiên của",10.14053726196289,4.117805480957031,-6.022731781005859,0.3701786671757714
0011-0003-0004,True,"Bất cứ thắc mắc hay câu hỏi có liên quan đến những điều thiêng liêng như thần linh, ma qủy, thiên đàng, hỏa ngục","như thần linh, ma qủy, thiên đàng, hỏa ngục,",10.04256820678711,10.603145599365234,0.560577392578125,0.7017028976861095
0011-0003-0005,True,"có thể được sử dụng để lưu truyền, phục dựng, biện minh cho 1 truyền thống tôn giáo hoặc nó có thể được dùng để so sánh, thách thức hay chống lại 1 truyền thống tôn giáo",". Thần học có thể được sử dụng để lưu truyền, phục dựng, biện minh cho 1 truyền thống tôn giáo hoặc nó có thể được dùng để so sánh, thách thức hay chống lại 1 truyền thống",10.160797119140625,-0.40077662467956543,-10.56157374382019,0.1842786259421693
0011-0003-0006,False,,gia khám phá sự tự nhiên của thần học ngòai các suy luận tới truyền thống,10.171342849731445,3.526672840118408,-6.644670009613037,0.3401847978028559
0011-0003-0007,True,"thần linh, ma qủy, thiên đàng, hỏa ngục,...","như thần linh, ma qủy, thiên đàng, hỏa ngục,",10.133100509643555,8.209118843078613,-1.9239816665649414,0.5822486887115518
0011-0004-0001,False,,bởi những tổ chức hàn lâm ở châu,10.173112869262695,4.236215114593506,-5.9368977546691895,0.3744042705336382
0011-0004-0002,True,"cho nhiều tín đồ sùng đạo, các triết gia, các nhà thông thái","nhiều tín đồ sùng đạo, các triết gia, các nhà",9.608319282531738,11.551871299743652,1.943552017211914,0.7589193482698322
0011-0004-0003,False,,"nhiều tín đồ sùng đạo, các triết gia, các nhà",10.154579162597656,9.046113967895508,-1.1084651947021484,0.6233547092233658
0011-0004-0004,True,"lĩnh vực nghiên cứu cho nhiều tín đồ sùng đạo, các triết gia, các nhà thông thá",". Thần học Vaishnava có 1 lĩnh vực nghiên cứu cho nhiều tín đồ sùng đạo, các triết gia, các nhà",10.166200637817383,2.432527542114258,-7.733673095703125,0.2907209292235853
0011-0004-0005,False,,nghĩa là,10.150521278381348,7.56732177734375,-2.5831995010375977,0.5481348295221553
0011-0004-0006,True,Darshana,"là Darshana, có nghĩa là",9.74548053741455,7.202764511108398,-2.5427160263061523,0.550246299128101
0011-0004-0007,True,việc sắp xếp và cấu hình sự biểu lộ của hàng ngàn các vị thần cùng những đặc trưng của họ,"cho nhiều tín đồ sùng đạo, các triết gia, các nhà",10.145421981811523,9.722761154174805,-0.42266082763671875,0.6566242433565593
0011-0004-0008,True,quan điểm,nghĩa là,10.151287078857422,7.763878345489502,-2.38740873336792,0.5583291272906816
0011-0004-0009,False,,"nhiều tín đồ sùng đạo, các triết gia, các nhà",10.09237003326416,10.369808197021484,0.2774381637573242,0.6890694926305461
0011-0004-0010,True,những tổ chức hàn lâm ở châu Âu,"nhiều tín đồ sùng đạo, các triết gia, các nhà",10.163387298583984,7.075514793395996,-3.0878725051879883,0.5216915496944291
0011-0005-0001,True,có ý nghĩa cao lớn đối với thần học Ki-tô giáo và Hồi giáo và có tính chất tốt đẹp đối với thần học Do Thái giáo,đối với thần học Ki-tô giáo và,10.120689392089844,7.900480270385742,-2.2202091217041016,0.5669963471458099
0011-0005-0002,True,sự thiếu vắng mang tính lịch sử của quyền lực chính trị,", sự thiếu vắng mang tính lịch sử của quyền lực",10.089621543884277,8.661362648010254,-1.4282588958740234,0.6074110512253135
0011-0005-0003,True,"rằng sự phản chiếu mang tính thần học nhất đã hiện diện trong bối cảnh của cộng đòan và hội đường Do thái giáo, hơn là trong các tổ chức hàn lâm đặc thù",rằng sự phản chiếu mang tính thần học nhất đã hiện diện trong bối cảnh của cộng đòan và hội đường Do thái,9.977190017700195,10.393070220947266,0.4158802032470703,0.6952834346768996
0011-0005-0004,True,thần học Ki-tô giáo và Hồi giáo,các Rabbi (các thầy tư tế và luật sĩ Do Thái giáo) trong luật Do Thái và các lời chú giải Kinh Thánh Do,10.145854949951172,2.091557502746582,-8.05429744720459,0.2769924376859597
0011-0005-0005,True,các thầy tư tế và luật sĩ Do Thái giáo,(các thầy tư tế và luật sĩ Do Thái,10.129767417907715,7.202066421508789,-2.927700996398926,0.530104336045607
0011-0006-0001,True,"để giúp các nhà thần học hiểu rõ hơn các giáo lý Ki-tô giáo, để tạo nên sự so sánh giữa Ki-tô giáo với các truyền thống khác, để bảo vệ Ki-tô giáo trước những lời phản đối và phê bình, để làm dễ dàng hơn cho các sửa đổi bên trong Ki-tô giáo, để hỗ trợ cho việc rao giảng Ki-tô giáo, để đưa những cách thức của truyền thống Ki-tô giáo nhằm chuyển tải những tình huống hiện thời hay cần thiết, hoặc nhiều lý do khác",trước hết tập trung vào các bản văn Cựu Ước và Tân Ước cúng như truyền thống Ki-tô,10.133223533630371,5.654353141784668,-4.478870391845703,0.4486285671114241
0011-0006-0002,False,,"để giúp các nhà thần học hiểu rõ hơn các giáo lý Ki-tô giáo, để tạo nên sự so sánh giữa Ki-tô giáo với các truyền thống",10.11581802368164,4.902469635009766,-5.213348388671875,0.4107315683929807
0011-0006-0003,True,nghiên cứu niềm tin và thực hành đức tin Ki-tô giáo,"sử dụng các lời giải thích Kinh Thánh, các phân tích và tranh luận",10.117460250854492,7.056142330169678,-3.0613179206848145,0.5230872725914337
0011-0006-0004,False,,"sử dụng các lời giải thích Kinh Thánh, các phân tích và tranh luận",10.151517868041992,6.984792709350586,-3.1667251586914062,0.5175451003822079
0011-0006-0005,True,"các lời giải thích Kinh Thánh, các phân tích và tranh luận hợp lý","giáo sử dụng các lời giải thích Kinh Thánh, các phân tích và tranh luận",10.116462707519531,7.483560562133789,-2.632902145385742,0.5455401579290604
0011-0006-0006,True,bản văn Cựu Ước và Tân Ước cúng như truyền thống Ki-tô giáo,vào các bản văn Cựu Ước và Tân Ước cúng như truyền thống Ki-tô,10.149116516113281,5.31071662902832,-4.838399887084961,0.42997490406419236
0011-0006-0007,False,,các phân tích và tranh luận,10.125450134277344,8.35601806640625,-1.7694320678710938,0.5901461262924121
0011-0006-0008,False,,"giáo sử dụng các lời giải thích Kinh Thánh, các phân tích và tranh luận",10.121990203857422,6.748281478881836,-3.373708724975586,0.5066508845014219
0011-0006-0009,True,"giúp các nhà thần học hiểu rõ hơn các giáo lý Ki-tô giáo, để tạo nên sự so sánh giữa Ki-tô giáo với các truyền thống khác, để bảo vệ Ki-tô giáo trước những lời phản đối và phê bình, để làm dễ dàng hơn cho các sửa đổi bên trong Ki-tô giáo, để hỗ trợ cho việc rao giảng Ki-tô giáo, để đưa những cách thức của truyền thống Ki-tô giáo nhằm chuyển tải những tình huống hiện thời hay cần thiết, hoặc nhiều lý do khác",thực hiện để giúp các nhà thần học hiểu rõ hơn các giáo lý Ki-tô,10.09190559387207,5.663327217102051,-4.4285783767700195,0.4512506973596527
0011-0007-0001,True,can đảm sử dụng triết học Hy Lạp để giải thích các mầu nhiệm Ki-tô giáo,đã can đảm sử dụng triết học Hy Lạp để giải thích các mầu nhiệm Ki-tô,10.046053886413574,9.917712211608887,-0.1283416748046875,0.670465063760405
0011-0007-0002,True,"cung cấp các thuật ngữ, triết lý",". Triết học Hy Lạp cung cấp các thuật ngữ,",10.160277366638184,3.2589054107666016,-6.901371955871582,0.32815340591514036
0011-0007-0003,True,"Triết học Hy Lạp cung cấp các thuật ngữ, triết lý để các nhà tư tưởng Ki-tô giáo trình bày thần học; ví dụ khái niệm Logos của Heraclitus và thuyết ý niệm của Plato đã được sử dụng để giải thích mầu nhiệm nhập thể của Ngôi Lời",ví dụ khái niệm Logos của Heraclitus và thuyết ý niệm của Plato đã được sử dụng để giải thích mầu nhiệm nhập thể của Ngôi,10.068522453308105,7.849002838134766,-2.21951961517334,0.5670320084846289
0011-0007-0004,False,,đã can đảm sử dụng triết học Hy,10.054309844970703,9.888826370239258,-0.1654834747314453,0.6687340135798657
0011-0007-0005,True,các giáo phụ thời kỳ đầu đã can đảm sử dụng triết học Hy Lạp để giải thích các mầu nhiệm Ki-tô giáo,đã can đảm sử dụng triết học Hy Lạp để giải thích các mầu nhiệm Ki-tô,10.1569242477417,7.924196243286133,-2.2327280044555664,0.5663487490716111
0011-0007-0006,True,nữ tỳ phục vụ nữ hòang thần học Ki-tô giáo,trở thành nữ tỳ phục vụ nữ hòang thần học Ki-tô,10.150910377502441,6.459802627563477,-3.691107749938965,0.4899364474440231
0011-0007-0007,True,triết học Hy Lạp,là triết học Hy,10.105060577392578,9.44637680053711,-0.6586837768554688,0.6453279064102622
0011-0007-0008,False,,ví dụ khái niệm Logos của Heraclitus và thuyết ý niệm của Plato đã được sử dụng để giải thích mầu nhiệm nhập thể của Ngôi,10.007713317871094,8.393805503845215,-1.613907814025879,0.5980467043208251
0011-0007-0009,False,,. Triết học Hy,10.160316467285156,1.6020419597625732,-8.558274507522583,0.2562408136381081
0011-0008-0001,True,"Sunni, Shia, Kharijites",như,10.157087326049805,5.231983184814453,-4.925104141235352,0.42550393184857965
0011-0008-0002,True,Sufi,có trường phái Sufi chuyên nghiên cứu về những điều huyền,9.890401840209961,9.615742683410645,-0.2746591567993164,0.6636193472667902
0011-0008-0003,False,,có trường phái Sufi chuyên nghiên cứu về những điều huyền,9.927820205688477,9.481206893920898,-0.4466133117675781,0.6554856432679413
0011-0008-0004,True,thần học kinh viện của Hồi giáo,là thần học kinh,10.044903755187988,10.858739852905273,0.8138360977172852,0.7127489680517295
0011-0008-0005,True,Abu Hamid Muhammad al-Ghazali,là,9.904243469238281,6.745303153991699,-3.158940315246582,0.5179545814981402
0011-0008-0006,True,những thế kỷ đầu của Hồi giáo,vào những thế kỷ đầu của,10.09622573852539,9.44942855834961,-0.6467971801757812,0.6459008322547403
0011-0008-0007,True,"""Kalam""","là ""Kalam",9.624429702758789,7.178106784820557,-2.4463229179382324,0.5552663916296213
0011-0008-0008,False,,"là ""Kalam",9.775457382202148,7.401463508605957,-2.3739938735961914,0.5590259061653396
0012-0001-0001,False,,tên Chấp trì,9.943656921386719,10.742046356201172,0.7983894348144531,0.7120822765616162
0012-0001-0002,False,,bao gồm phong trào Vận động Quyền công dân tại,10.096878051757812,10.691967010498047,0.5950889587402344,0.7032224663252307
0012-0001-0003,True,chỉ đạo cuộc kháng chiến chống chế độ thực dân của Đế quốc Anh và giành độc lập cho Ấn Độ,đã chỉ đạo cuộc kháng chiến chống chế độ thực dân của Đế quốc Anh và giành độc lập cho Ấn Độ với sự ủng hộ của hàng triệu người,10.160543441772461,3.7099292278289795,-6.4506142139434814,0.34941989217019465
0012-0001-0004,True,1869,(2 tháng 10 năm 1869 – 30 tháng 1 năm,10.135900497436523,10.116352081298828,-0.019548416137695312,0.6755088759316776
0012-0001-0005,True,tất cả các hình thức khủng bố bạo lực,phản đối tất cả các hình thức khủng bố,10.131208419799805,10.30308723449707,0.17187881469726562,0.6842851025991477
0012-0001-0006,True,phong trào Vận động Quyền công dân tại Hoa Kỳ,bao gồm phong trào Vận động Quyền công dân tại,10.08602523803711,11.054964065551758,0.9689388275146484,0.7193919393888175
0012-0001-0007,True,phong trào Vận động Quyền công dân,bao gồm phong trào Vận động Quyền công dân tại,10.049423217773438,11.131072998046875,1.0816497802734375,0.7241600542109577
0012-0001-0008,False,,(2 tháng 10 năm 1869 – 30 tháng 1 năm,10.141605377197266,9.277891159057617,-0.8637142181396484,0.6353810868242781
0012-0001-0009,True,Chấp trì chân lý (sa. satyāgraha),tên Chấp trì,9.878002166748047,10.88235855102539,1.0043563842773438,0.7208956478123464
0012-0001-0010,False,,phản đối tất cả các hình thức khủng bố,10.142457962036133,9.809162139892578,-0.3332958221435547,0.660856326807025
0012-0002-0001,True,Mahātmā,được triết gia và người đọat giải Nobel,10.093038558959961,5.626459121704102,-4.466579437255859,0.44926913622450404
0012-0002-0002,True,không hài lòng,Mặc dù Gandhi không hài lòng với những cách gọi,10.103370666503906,9.465872764587402,-0.6374979019165039,0.6463487594245009
0012-0002-0003,False,,Mặc dù Gandhi không,10.11701488494873,8.932546615600586,-1.1844682693481445,0.6195881923249906
0012-0002-0004,True,đứng đầu đảng Quốc dân Đại hội Ấn Độ,và đứng đầu đảng Quốc dân Đại hội Ấn Độ (Indian National Congress,10.10733413696289,9.320974349975586,-0.7863597869873047,0.639147983304852
0012-0002-0005,True,Ngày Quốc tế Bất Bạo động,là Ngày Quốc tế Bất Bạo,10.163555145263672,5.499274253845215,-4.664280891418457,0.43898735760639346
0012-0002-0006,True,Rabindranath Tagore,được,9.273971557617188,7.5111985206604,-1.762773036956787,0.5904853891482034
0012-0002-0007,False,,"là Mahātmā, nghĩa là ""Linh hồn lớn"", ""Vĩ nhân"" hoặc ""Đại",9.817997932434082,7.014650344848633,-2.803347587585449,0.5366242966450729
0012-0002-0008,True,Mahātmā,"là Mahātmā, nghĩa là ""Linh hồn lớn"", ""Vĩ nhân"" hoặc ""Đại",9.814131736755371,6.989279270172119,-2.824852466583252,0.5354976088741478
0012-0003-0001,True,Bằng phương tiện bất hợp tác,phương tiện,10.143575668334961,4.665891647338867,-5.477684020996094,0.3973238942768814
0012-0003-0002,False,,phương tiện,10.147850036621094,6.5068488121032715,-3.6410012245178223,0.492574552568828
0012-0003-0003,True,nền độc lập của nước nhà,cho nền độc lập của nước nhà và đả đảo triệt để Đế quốc,10.038925170898438,10.413280487060547,0.3743553161621094,0.6934269223361641
0012-0003-0004,True,"""con đường chân thật"", ""truy tầm chân lý""","là ""con đường chân thật"", ""truy tầm chân lý",9.90101432800293,10.679121017456055,0.778106689453125,0.7112054573562273
0012-0003-0005,True,những người chủ trương hành động giành tự do,"như Đạt-lại Lạt-ma Đăng-châu Gia-mục-thố (Tenzin Gyatso), Lech Wałęsa, Stephen Biko, Aung San Suu Kyi và",9.709890365600586,11.14476490020752,1.4348745346069336,0.7387735161915912
0012-0003-0006,False,,"là ""con đường chân thật"", ""truy tầm chân lý",10.14726734161377,6.269014358520508,-3.8782529830932617,0.48008940123508664
0012-0003-0007,False,,"như Đạt-lại Lạt-ma Đăng-châu Gia-mục-thố (Tenzin Gyatso), Lech Wałęsa, Stephen Biko, Aung San Suu Kyi và",10.034029960632324,10.43596076965332,0.4019308090209961,0.6946604835908476
0012-0003-0008,True,không,",",10.15206241607666,8.337010383605957,-1.8150520324707031,0.5878195982943557
0012-0003-0009,False,,"là ""con đường chân thật"", ""truy tầm chân lý",9.910627365112305,10.620977401733398,0.7103500366210938,0.7082648872684552
0012-0003-0010,False,,cho nền độc lập của nước nhà và đả đảo triệt để Đế quốc,10.095520973205566,10.229228973388672,0.13370800018310547,0.6825453120807358
0012-0003-0011,True,"satya là ""chân lý"" và ā-graha là ""nắm lấy"", ""nắm chặt""","là ""con đường chân thật"", ""truy tầm chân lý",10.14564037322998,6.5827226638793945,-3.562917709350586,0.49668641421024184
0012-0004-0001,False,,để thanh lọc tâm thức cũng như sự khoan dung lẫn nhau của các tín đồ và tông,9.979387283325195,9.886473655700684,-0.09291362762451172,0.6721119450710403
0012-0004-0002,False,,một môi trường được ảnh hưởng bởi những người theo Kì-na giáo tại,10.1629638671875,7.424897193908691,-2.7380666732788086,0.540042169923706
0012-0004-0003,True,thanh lọc tâm thức,để thanh lọc tâm thức cũng như sự khoan dung lẫn nhau của các tín đồ và tông,9.977081298828125,9.946304321289062,-0.0307769775390625,0.674990159743319
0012-0004-0004,False,,có,10.16496467590332,6.279431343078613,-3.885533332824707,0.47970659293094414
0012-0004-0005,True,Lớn lên với một bà mẹ sùng tín Tì-thấp-nô trong một môi trường được ảnh hưởng bởi những người theo Kì-na giáo tại Gujarat,một môi trường được ảnh hưởng bởi những người theo Kì-na giáo tại,10.152299880981445,8.874826431274414,-1.2774734497070312,0.6149594736974614
0012-0004-0006,True,Lớn lên với một bà mẹ sùng tín Tì-thấp-nô trong một môi trường được ảnh hưởng bởi những người theo Kì-na giáo tại Gujarat,một môi trường được ảnh hưởng bởi những người theo Kì-na giáo tại,10.16027545928955,7.946835994720459,-2.213439464569092,0.5673464443106127
0012-0004-0007,False,,"cảm nhận nguyên tắc bất hại, ăn chay, phương pháp nhịn",10.040474891662598,11.313050270080566,1.2725753784179688,0.7321214914368651
0012-0004-0008,False,,", 14",10.146903991699219,7.170224189758301,-2.976679801940918,0.5275333855361175
0012-0004-0009,True,bốn con,có,10.14696216583252,7.985385894775391,-2.161576271057129,0.5700263269659669
0012-0004-0010,True,"nguyên tắc bất hại, ăn chay, phương pháp nhịn ăn","cảm nhận nguyên tắc bất hại, ăn chay, phương pháp nhịn",9.901488304138184,11.74089241027832,1.8394041061401367,0.7548823659332692
0012-0004-0011,True,13,", 14",10.067367553710938,10.04246711730957,-0.024900436401367188,0.67526168689873
0012-0005-0001,False,,", ông đọc sách và đổi sang ăn chay ngay trên phương diện",10.132774353027344,7.089241981506348,-3.043532371520996,0.5240218901519679
0012-0005-0002,False,,vào Đại học College,10.06990909576416,11.150530815124512,1.0806217193603516,0.7241167905447086
0012-0005-0003,True,hiệp hội Thần Trí học,để hỗ trợ tình người năm,10.15336799621582,5.404986381530762,-4.748381614685059,0.43462887309584836
0012-0005-0004,False,,là giữ giới luật Ấn Độ giáo không ăn thịt và uống,9.628119468688965,11.68834400177002,2.0602245330810547,0.76338763904889
0012-0005-0005,True,Đại học College Luân Đôn,vào Đại học College,10.021483421325684,11.368474960327148,1.3469915390014648,0.7351848200686579
0012-0005-0006,False,,và lập ra một nhánh địa phương của,10.158533096313477,5.748207092285156,-4.41032600402832,0.45220301919472056
0012-0005-0007,True,thu thập những kinh nghiệm giá trị trong việc quản lý và duy trì một tổ chức,đã giúp ông thu thập những kinh nghiệm giá trị trong việc quản lý và duy trì một,10.160995483398438,6.1074419021606445,-4.053553581237793,0.4708794502272114
0012-0005-0008,True,ông đọc sách và đổi sang ăn chay ngay trên phương diện tri thức,", ông đọc sách và đổi sang ăn chay ngay trên phương diện",10.09614372253418,8.38167953491211,-1.7144641876220703,0.5929440205714823
0012-0005-0009,True,"ông chịu ảnh hưởng của lời nguyện với bà mẹ trước mặt một vị tăng Kì-na giáo là Becharji, đó là giữ giới luật Ấn Độ giáo không ăn thịt và uống rượu sau khi rời Ấn Độ",". Mặc dù đã thử bắt chước văn minh người Anh, ví dụ như học",10.164619445800781,5.1956658363342285,-4.968953609466553,0.42324738274965373
0012-0005-0010,True,giữ giới luật Ấn Độ giáo không ăn thịt và uống rượu,là giữ giới luật Ấn Độ giáo không ăn thịt và uống,9.671942710876465,11.74665641784668,2.074713706970215,0.7639385336214644
0012-0006-0001,True,gia đình đã giấu kín chuyện này,đã giấu,10.162429809570312,1.8572348356246948,-8.305194973945618,0.2665329662127009
0012-0006-0002,False,,hạn chế vì thời đó có rất nhiều người làm nghề,10.166301727294922,4.599362373352051,-5.566939353942871,0.39283019422933085
0012-0006-0003,True,tháng 6 năm 1891,vào tháng 6 năm,10.116710662841797,11.145038604736328,1.0283279418945312,0.7219105912007897
0012-0006-0004,True,gia đình đã giấu kín chuyện này,đã giấu,10.162586212158203,2.5077948570251465,-7.654791355133057,0.2941593937618695
0012-0006-0005,False,,đã giấu,10.160761833190918,1.474330186843872,-8.686431646347046,0.2511294102310391
0012-0006-0006,True,thời đó có rất nhiều người làm nghề này và Gandhi không phải là một luật sư năng nổ tại pháp tòa,hạn chế vì thời đó có rất nhiều người làm nghề,10.15850830078125,4.988835334777832,-5.169672966003418,0.4129602797602636
0012-0006-0007,True,sọan lời thỉnh nguyện cho những người tố tụng,sống một cuộc sống,10.021631240844727,8.37710952758789,-1.644521713256836,0.5964954099839876
0012-0006-0008,True,chấp nhận một hợp đồng lâu dài của một công ty Ấn Độ,", nhậm chức tại Natal,",10.164692878723145,6.533475875854492,-3.6312170028686523,0.4930897440299623
0012-0007-0001,True,khi ông bắt đầu một cuộc hành trình đến Pretoria,". Không lâu sau, trong cuộc hành trình bằng",10.139059066772461,1.7272858619689941,-8.411773204803467,0.2621667726114656
0012-0007-0002,True,sau khi từ chối chuyển từ toa xe hạng nhất đến toa hạng ba,khi từ chối chuyển từ toa xe hạng nhất đến toa hạng,10.105939865112305,7.998544692993164,-2.1073951721191406,0.5728216020750648
0012-0007-0003,True,"Vào một ngày, khi quan tòa thành phố Durban yêu cầu Gandhi gỡ khăn xếp (turban) trên đầu, ông từ chối và hùng hồn bước ra khỏi tòa",. Một bước ngoặt trong cuộc đời thường được các truyện ký,10.066852569580078,10.753411293029785,0.686558723449707,0.7072282014751867
0012-0007-0004,False,,". Không lâu sau, trong cuộc hành trình bằng",10.158435821533203,1.7793360948562622,-8.379099726676941,0.2635003944963189
0012-0007-0005,False,,báo lần đầu tiên năm lên 18 và thường run sợ khi bước ra tòa,10.14632511138916,8.916199684143066,-1.2301254272460938,0.6173185671527797
0012-0007-0006,True,từ chối và hùng hồn bước ra khỏi tòa,", ông",10.165882110595703,3.949408531188965,-6.216473579406738,0.36071436268058865
0012-0007-0007,False,,", ông",10.16566276550293,3.8084757328033447,-6.357187032699585,0.353907224981097
0012-0007-0008,True,bước ra tòa thuyết trình,khi bước ra tòa,10.008003234863281,11.050504684448242,1.042501449584961,0.7225096216297843
0012-0007-0009,True,18,đầu tiên năm lên,9.616355895996094,10.870115280151367,1.2537593841552734,0.7313433848816706
0012-0008-0001,True,lọai bỏ quyền bầu cử của người di dân Ấn Độ,nhằm lọai bỏ quyền bầu cử của người di dân,9.933696746826172,10.968446731567383,1.034749984741211,0.7221821114947501
0012-0008-0002,False,,", Viện Lập Pháp Natal và chính quyền",9.973968505859375,11.718591690063477,1.7446231842041016,0.7511689995791198
0012-0008-0003,True,tiếp tục đấu tranh chống sự bất công được áp dụng đối với người Ấn,để tiếp tục đấu tranh chống sự bất công được áp dụng đối với người Ấn tại,10.060647010803223,9.997066497802734,-0.06358051300048828,0.6734723055999443
0012-0008-0004,True,ông lưu lại Durban,Gandhi thu xếp trở về,10.1422119140625,8.358314514160156,-1.7838973999023438,0.5894088544283937
0012-0008-0005,False,,để tiếp tục đấu tranh chống sự bất công được áp dụng đối với người Ấn tại,10.137178421020508,8.272457122802734,-1.8647212982177734,0.5852820980168141
0012-0008-0006,True,"chuyển hóa cộng đồng người Ấn tại Nam Phi thành một lực lượng chính trị hỗn tạp, làm tràn ngập chính quyền cũng như báo chí với những lời trần thuật về sự bất mãn của người Ấn và những bằng chứng của sự kì thị nơi người Anh tại Nam Phi","đã chuyển hóa cộng đồng người Ấn tại Nam Phi thành một lực lượng chính trị hỗn tạp, làm tràn ngập chính quyền cũng như",10.16770076751709,0.9961438179016113,-9.171556949615479,0.2324021729208805
0012-0008-0007,False,,nhằm lọai bỏ quyền bầu cử của người di dân,10.156317710876465,8.914175987243652,-1.2421417236328125,0.6167203790201372
0012-0008-0008,True,Gandhi thu xếp trở về Ấn Độ,", Gandhi thu xếp trở về",10.167092323303223,3.6410107612609863,-6.526081562042236,0.345814507645805
0012-0008-0009,True,Viện Lập Pháp Natal và chính quyền Anh,", Viện Lập Pháp Natal và chính quyền",10.010323524475098,11.658536911010742,1.6482133865356445,0.7473534148628895
0012-0009-0001,True,áp dụng nguyên tắc Chấp trì chân lý và đấu tranh bất bạo lực,", tiếng thét gào của công chúng trước những phương pháp tàn bạo được áp dụng bởi chính quyền Nam Phi cho những người phản đối yên lặng hòa",10.149724960327148,3.565739631652832,-6.583985328674316,0.3430601446761967
0012-0009-0002,True,"vì đình công, từ chối không ký chứng, đốt giấy ký chứng hoặc tham gia những cuộc kháng cự bất bạo động khác","vì đình công, từ chối không ký chứng, đốt giấy ký chứng hoặc tham gia những cuộc kháng cự bất bạo động",10.075743675231934,9.226238250732422,-0.8495054244995117,0.6360742668952358
0012-0009-0003,True,"tình trạng của người Ấn tại Nam Phi không khả quan hơn, vẫn tiếp tục sa đọa",Nam Phi không khả quan,10.151971817016602,6.349164009094238,-3.8028078079223633,0.48405768057748405
0012-0009-0004,False,,"vì đình công, từ chối không ký chứng, đốt giấy ký chứng hoặc tham gia những cuộc kháng cự bất bạo động",10.100584030151367,8.633983612060547,-1.4666004180908203,0.6054832761446837
0012-0009-0005,False,,Khi Chiến tranh,10.154233932495117,5.518348693847656,-4.635885238647461,0.44046111305597324
0012-0009-0006,True,300 người Ấn Độ và 800 người làm mướn,gồm 300 người Ấn Độ và 800 người,9.937052726745605,11.270042419433594,1.3329896926879883,0.7346101514930107
0012-0009-0007,True,Tại một cuộc biểu tình lớn được tổ chức tại Johannesburg vào tháng 9,. Năm,10.155720710754395,5.474218368530273,-4.681502342224121,0.43809407379121235
0012-0009-0008,False,,", Gandhi chủ trương là người Ấn phải hỗ trợ chiến tranh để hợp pháp hóa yêu cầu trở thành công dân",10.156265258789062,3.4657726287841797,-6.690492630004883,0.33802140213182214
0012-0009-0009,False,,phương án thỏa,10.144328117370605,6.68803596496582,-3.456292152404785,0.5023019083382473
0012-0009-0010,False,,gồm 300 người Ấn Độ và 800 người,10.104808807373047,10.879013061523438,0.7742042541503906,0.7110365740082196
0012-0009-0011,True,phản bác luật mới và chịu đựng hình phạt,đồng hương phản bác luật mới và chịu đựng hình phạt để thực hiện việc này thay vì phản kháng bằng phương tiện,10.145602226257324,6.867082118988037,-3.278520107269287,0.5116623803668733
0012-0010-0001,True,phản ứng những đồng hương Ấn Độ theo chủ nghĩa dân tộc một cách hung bạo,để phản ứng những đồng hương Ấn Độ theo chủ nghĩa dân tộc một cách,10.13133430480957,9.161399841308594,-0.9699344635009766,0.6301814631240119
0012-0010-0002,True,1910,vào năm,9.967126846313477,10.614645004272461,0.6475181579589844,0.7055223746421699
0012-0010-0003,True,"người đã trải qua một sự chuyển biến tôn giáo sâu sắc với niềm tin vào một dạng ""chủ nghĩa vô chính phủ"" của Kitô giáo",", người đã trải qua một sự chuyển biến tôn giáo sâu sắc với niềm tin vào một dạng ""chủ nghĩa vô chính phủ"" của Kitô",10.1533203125,3.357893943786621,-6.795426368713379,0.3330927853688366
0012-0010-0004,True,những tác phẩm của Lev Nikolayevich Tolstoy,"qua tiểu luận nổi danh của Henry David Thoreau là ""Sự không phục tòng của",10.124422073364258,4.662888526916504,-5.461533546447754,0.39813889300942956
0012-0010-0005,False,,để phản ứng những đồng hương Ấn Độ theo chủ nghĩa dân tộc một cách,10.138128280639648,9.071733474731445,-1.0663948059082031,0.6254332502457146
0012-0010-0006,False,,". Gandhi cũng bị ảnh hưởng lớn qua tiểu luận nổi danh của Henry David Thoreau là ""Sự không phục tòng của công chúng"". Những năm lưu trú tại Nam Phi với tư cách một người chủ trương hành động chuyên về xã hội",10.133118629455566,0.12032864987850189,-10.012789979577065,0.20229454924097603
0012-0010-0007,True,Những năm lưu trú tại Nam Phi,. Những năm lưu trú tại Nam Phi với tư cách một người chủ trương hành động chuyên về xã hội,9.835227966308594,8.479854583740234,-1.3553733825683594,0.6110664053837546
0012-0010-0008,True,Lev Nikolayevich Tolstoy,của,9.558363914489746,7.0496392250061035,-2.5087246894836426,0.5520177687101172
0012-0010-0009,False,,vào năm,10.133780479431152,9.545108795166016,-0.5886716842651367,0.648696390029193
0012-0011-0001,True,Quốc dân Đại hội Ấn Độ,trước Quốc dân Đại hội,10.109357833862305,9.31948471069336,-0.7898731231689453,0.6389772624237906
0012-0011-0002,True,"quyền công dân đầy đủ, tự do và quyền lợi trong Đế quốc Anh",", Gandhi khuyến khích việc ủng hộ người Anh trong cuộc chiến (Chiến tranh thế giới thứ nhất",10.146897315979004,5.991266250610352,-4.155631065368652,0.46552521570712346
0012-0011-0003,True,Gopal Krishna Gokhale,",",9.963191986083984,9.55958366394043,-0.4036083221435547,0.657528635522522
0012-0011-0004,False,,ủng hộ người,10.127006530761719,9.653167724609375,-0.47383880615234375,0.654189287436702
0012-0011-0005,False,,",",10.013757705688477,9.651220321655273,-0.3625373840332031,0.6594743136264595
0012-0011-0006,True,"chính ông được hướng dẫn vào những chủ đề Ấn Độ, chính trị và công chúng Ấn","ông được hướng dẫn vào những chủ đề Ấn Độ, chính trị và công chúng",10.14193058013916,7.102274417877197,-3.039656162261963,0.5242255600033793
0012-0011-0007,True,người Anh,ủng hộ người,9.943222045898438,11.437032699584961,1.4938106536865234,0.7411624855307615
0012-0012-0001,False,,phải trồng indigo và những nông sản bán được trên,10.059707641601562,10.621028900146484,0.5613212585449219,0.701735697768283
0012-0012-0002,True,"Bị đàn áp bởi dân binh của điền chủ (phần lớn là người Anh), họ được trả công rất ít",". Bị đàn áp bởi dân binh của điền chủ (phần lớn là người Anh), họ được trả công rất",10.168495178222656,9.176623344421387,-0.9918718338012695,0.6291037799073782
0012-0012-0003,True,1918,vào năm,9.212717056274414,11.098413467407227,1.8856964111328125,0.7566823667787878
0012-0012-0004,False,,"là Sardar Vallabhbhai Patel, cánh tay phải của",10.15020751953125,6.952390670776367,-3.197816848754883,0.5159094545289551
0012-0012-0005,False,,vào năm,9.236809730529785,11.152342796325684,1.9155330657958984,0.7578377536904813
0012-0012-0006,True,cuộc kích động tại Champaran và phong trào Chấp trì chân lý,với cuộc kích động tại Champaran và phong trào Chấp trì,10.071290969848633,6.773581027984619,-3.2977099418640137,0.5106522290126098
0012-0012-0007,True,cánh tay phải của Gandhi,", cánh tay phải của",10.169943809509277,4.711660385131836,-5.458283424377441,0.39830297181871066
0012-0012-0008,True,phải trồng indigo và những nông sản bán được trên thị trường thay vì gieo trồng những lọai cung cấp thực phẩm cần thiết cho sự sinh tồn của họ,phải trồng indigo và những nông sản bán được trên,10.053213119506836,10.67262077331543,0.6194076538085938,0.704290543961721
0012-0013-0001,False,,"bắt đầu chỉnh lý các thôn xóm, lập trường học và bệnh viện, khuyến khích chủ làng xóa bỏ những việc hủ nát như phân biệt tiện dân, bắt phụ nữ mang khăn che và áp chế",10.155800819396973,4.715066432952881,-5.440734386444092,0.3991893094922405
0012-0013-0002,True,Lập cơ sở trên lòng tự tin của người làng,", lập trường học và",10.094945907592773,9.275684356689453,-0.8192615509033203,0.6375478405405998
0012-0013-0003,True,người giúp cố cựu và người mới từ địa phương,bao gồm người giúp cố cựu và người mới từ,9.809463500976562,11.449766159057617,1.6403026580810547,0.7470386207813667
0012-0013-0004,True,"phân biệt tiện dân, bắt phụ nữ mang khăn che và áp chế họ","như phân biệt tiện dân, bắt phụ nữ mang khăn che và áp chế",10.157352447509766,9.004007339477539,-1.1533451080322266,0.6211323460925137
0012-0013-0005,False,,bao gồm người giúp cố cựu và người mới từ,10.091191291809082,10.802763938903809,0.7115726470947266,0.7083181031051664
0012-0013-0006,True,"có được một tổng quan về các thôn làng, xem xét những sự tàn bạo và những tình tiết thống khổ bao gồm những trạng thái thóai hóa của cuộc sống nói chung",để có được một tổng quan về các thôn,10.064409255981445,8.779816627502441,-1.284592628479004,0.6146042930410291
0012-0014-0001,True,trả tự do lại cho ông,đòi trả tự do lại cho,10.165104866027832,6.136954307556152,-4.02815055847168,0.47221299646456194
0012-0014-0002,False,,"họ tạm dừng thu thuế, đảm bảo trợ",10.167058944702148,4.5273542404174805,-5.639704704284668,0.38918005065008165
0012-0014-0003,True,Bapu (người cha già dân tộc) và Mahātmā (tâm hồn vĩ đại),là Bapu (người cha già dân tộc) và Mahātmā (tâm hồn vĩ đại,9.91812801361084,8.47235107421875,-1.4457769393920898,0.6065306721365741
0012-0014-0004,True,"ký một hiệp định đảm bảo trả lương cao hơn và kiểm sóat việc cho nông dân nghèo địa phương thuê đất, xóa bỏ việc tăng thuế cũng như việc thu thuế đến khi nạn đói chấm dứt","đã ký một hiệp định đảm bảo trả lương cao hơn và kiểm sóat việc cho nông dân nghèo địa phương thuê đất, xóa bỏ việc tăng thuế cũng như việc thu",10.164594650268555,5.278210639953613,-4.886384010314941,0.42749910547714515
0012-0014-0005,True,"họ tạm dừng thu thuế, đảm bảo trợ cấp","họ tạm dừng thu thuế, đảm bảo trợ",10.16132640838623,5.113079071044922,-5.048247337341309,0.419175007242854
0012-0014-0006,False,,"đã ký một hiệp định đảm bảo trả lương cao hơn và kiểm sóat việc cho nông dân nghèo địa phương thuê đất, xóa bỏ việc tăng thuế cũng như việc thu thuế đến khi nạn",10.169666290283203,2.192866325378418,-7.976799964904785,0.2802738771903633
0012-0014-0007,False,,"yêu cầu rời địa phương này. Hàng trăm nghìn người biểu tình chống đối, vây quanh nhà giam, các trạm cảnh sát và quan tòa đòi trả tự do lại cho",10.16541576385498,3.343139886856079,-6.822275876998901,0.33183748493953713
0012-0014-0008,True,khi ông bị cảnh sát bắt giam với lý do gây bạo động và được yêu cầu rời địa phương này,khi ông bị cảnh sát bắt giam với lý do gây bạo động và được yêu cầu rời địa phương,9.999567985534668,7.107526779174805,-2.8920412063598633,0.5319751603114278
0012-0014-0009,False,,ra khi ông bị cảnh sát bắt giam với lý do gây bạo động và được yêu cầu rời địa phương,10.002630233764648,6.363264083862305,-3.6393661499023438,0.4926606469013225
0012-0015-0001,True,Tất cả những thành phố và thị xã lớn đều đóng cửa; các họat động cơ quan chính phủ đều phải được quân đội đảm nhiệm,"lớn phản đối và đình công, và tất cả những cuộc phản đối này đều được tổ chức rất hòa",10.164999008178711,1.9248955249786377,-8.240103483200073,0.2692222285752433
0012-0015-0002,True,cuộc đại tàn sát ở Amritsar,", cuộc đại tàn sát ở Amritsar với 379 người dân bị giết bởi quân đội Anh và",9.864537239074707,6.970454216003418,-2.894083023071289,0.5318680639678832
0012-0015-0003,True,hòa bình,"lớn phản đối và đình công, và tất cả những cuộc phản đối này đều được tổ chức rất hòa",10.170368194580078,1.349229097366333,-8.821139097213745,0.24583030819143506
0012-0015-0004,True,cho phép chính phủ bắt giam những người bị vu khống gây lọan mà không cần đưa ra tòa duyệt,", cho phép chính phủ bắt giam những người bị vu khống gây lọan mà không cần đưa ra tòa",10.024431228637695,8.229284286499023,-1.7951469421386719,0.5888352076221965
0012-0015-0005,False,,", cuộc đại tàn sát ở Amritsar với 379 người dân bị",10.096536636352539,6.901324272155762,-3.1952123641967773,0.5160464826612206
0012-0015-0006,True,đảng Quốc dân Đại hội,. Gandhi và đảng Quốc dân,10.110618591308594,10.160009384155273,0.04939079284667969,0.6786841312626143
0012-0015-0007,False,,", cho phép chính phủ bắt giam những người bị vu khống gây lọan mà không cần đưa ra tòa",10.150469779968262,5.609112739562988,-4.541357040405273,0.4453746219575867
0012-0016-0001,True,Một tổ chức có giai cấp của các ủy ban được thành lập,. Một tổ chức có giai cấp của các ủy,10.107685089111328,9.740629196166992,-0.36705589294433594,0.6592605171864846
0012-0016-0002,True,mang y phục tự dệt ở nhà,mang y phục tự dệt ở,10.139245986938477,9.717235565185547,-0.4220104217529297,0.6566551358774602
0012-0016-0003,False,,. Một tổ chức có giai cấp của các ủy,10.111156463623047,9.938488960266113,-0.1726675033569336,0.6683986616469089
0012-0016-0004,True,sau khi đóng một lệ phí trên danh nghĩa,. Ai cũng có thể trở thành đảng viên sau khi đóng một lệ phí trên,10.145957946777344,2.6532504558563232,-7.4927074909210205,0.30129846199471866
0012-0016-0005,False,,", Gandhi được bầu làm chủ tịch hội Liên hiệp Tự trị Tòan Ấn Độ (All India Home Rule",10.157278060913086,6.203762054443359,-3.9535160064697266,0.4761332039520349
0012-0016-0006,True,"tẩy chay những sản phẩm ngọai lai, đặc biệt là những sản phẩm Anh","nghĩa là tẩy chay những sản phẩm ngọai lai, đặc biệt là những sản phẩm",10.124279022216797,10.058762550354004,-0.06551647186279297,0.6733826126569316
0012-0016-0007,True,chủ tịch hội Liên hiệp Tự trị Tòan Ấn Độ,", Gandhi được bầu làm chủ tịch hội Liên hiệp Tự trị Tòan Ấn Độ (All India Home Rule",10.148006439208984,6.565136909484863,-3.582869529724121,0.49563569072807956
0012-0017-0001,False,,"vì một cuộc xung đột bạo lực tại thị xã Chauri Chaura, bang Uttar Pradesh vào tháng 2 năm",10.153610229492188,8.605470657348633,-1.5481395721435547,0.6013727031526384
0012-0017-0002,False,,", từ chối không đóng",10.179801940917969,6.083089828491211,-4.096712112426758,0.4686147812694081
0012-0017-0003,True,"tẩy chay các cơ quan giáo dục và pháp tòa Anh, từ chức không làm cho chính quyền, từ chối không đóng thuế và hủy bỏ những danh hiệu, huy chương An","dân chúng tẩy chay các cơ quan giáo dục và pháp tòa Anh, từ chức không làm cho chính quyền, từ chối không đóng thuế và hủy bỏ những danh hiệu, huy chương",10.089113235473633,10.93556022644043,0.8464469909667969,0.7141534512820282
0012-0017-0004,True,gây lọan,lý do gây lọan và kết án sáu năm,10.134681701660156,6.823114395141602,-3.3115673065185547,0.5099227238756426
0012-0017-0005,True,"sức lôi cuốn và thành công rộng lớn, gia lực cho người Ấn chưa từng có từ xưa nay",. Chương trình mới này đã đạt được sức lôi cuốn và thành công,10.179058074951172,0.6282563805580139,-9.550801694393158,0.21845545522276671
0012-0017-0006,False,,"dân chúng tẩy chay các cơ quan giáo dục và pháp tòa Anh, từ chức không làm cho chính quyền, từ chối không đóng thuế và hủy bỏ những danh hiệu, huy chương",10.076255798339844,11.04040241241455,0.964146614074707,0.7191880992565619
0012-0017-0007,True,"một cuộc xung đột bạo lực tại thị xã Chauri Chaura, bang Uttar Pradesh","vì một cuộc xung đột bạo lực tại thị xã Chauri Chaura, bang Uttar Pradesh vào tháng 2 năm",10.158310890197754,7.803410530090332,-2.354900360107422,0.5600172375247545
0012-0017-0008,True,ca mổ viêm ruột thừa,kết án sáu năm,10.171000480651855,6.724126815795898,-3.446873664855957,0.5027979309917139
0012-0018-0001,True,đảng tham dự cơ quan lập pháp,", ủng hộ việc đảng tham dự cơ quan",10.149251937866211,5.503137588500977,-4.646114349365234,0.43993009228778723
0012-0018-0002,True,"bằng nhiều phương tiện, bao gồm một cuộc tuyệt thực ba tuần mùa thu năm 1924",bao gồm một cuộc tuyệt thực ba tuần mùa thu năm,10.153237342834473,7.150662422180176,-3.002574920654297,0.526173523636306
0012-0018-0003,True,hai phái,thành hai,9.375622749328613,11.612958908081055,2.2373361587524414,0.7700606877245926
0012-0018-0004,False,,bao gồm một cuộc tuyệt thực ba tuần mùa thu năm,10.157442092895508,4.207186698913574,-5.950255393981934,0.37374539679524643
0012-0018-0005,False,,của,9.79299545288086,3.750783920288086,-6.042211532592773,0.3692224161427236
0012-0018-0006,True,Chakravarti Rajagopalachari và Sardar Vallabhbhai Patel,"bởi Chitta Ranjan Das và Motilal Nehru, ủng hộ việc đảng tham dự cơ quan lập pháp. Phái thứ hai được dẫn đầu mởi",9.811150550842285,3.550635814666748,-6.260514736175537,0.35857765659746577
0012-0018-0007,False,,thành hai,9.850095748901367,11.375486373901367,1.525390625,0.7424367108282269
0012-0018-0008,True,Không có nhân cách hùng mạnh của Gandhi để kiềm chế các người đồng sự,", phân thành hai phái trong thời gian ông",10.148672103881836,3.3878087997436523,-6.760863304138184,0.3347122100085698
0012-0019-0001,False,,việc giải quyết cái nêm giữa đảng Swaraj và Quốc dân,10.160566329956055,8.123651504516602,-2.036914825439453,0.5764508035373973
0012-0019-0002,True,kêu gọi chính quyền Anh đảm bảo địa vị chủ quyền (dominion status) trong vòng một năm,", kêu gọi chính quyền Anh đảm bảo địa vị chủ quyền (dominion status) trong vòng một năm hoặc là sẽ đối đầu một chiến dịch bất bạo lực mới với mục đích giành độc lập hòan tòan cho",10.16126537322998,4.906902313232422,-5.254363059997559,0.40864196139380954
0012-0019-0003,True,Sir John Simon,của Sir John,9.680047988891602,11.569975852966309,1.889927864074707,0.7568464518195419
0012-0019-0004,True,"chú trọng đến việc giải quyết cái nêm giữa đảng Swaraj và Quốc dân Đại hội, và khai mở các phương pháp chống kì thị dân vô giai cấp, uống rượu, thiếu học và nghèo đói",việc giải quyết cái nêm giữa đảng Swaraj và Quốc dân,10.166044235229492,5.940896034240723,-4.2251482009887695,0.46188332425045253
0012-0019-0005,True,sự tẩy chay hội đồng của các đảng Ấn Độ,là sự tẩy chay hội đồng của các đảng,10.152771949768066,5.037552833557129,-5.1152191162109375,0.41574399691379
0012-0019-0006,False,,của Sir John,9.749359130859375,11.592851638793945,1.8434925079345703,0.7550416981936086
0012-0020-0001,False,,là hơn 60.000 người bị bắt,10.156766891479492,7.630496501922607,-2.5262703895568848,0.5511035307945304
0012-0020-0002,True,phát động một chiến dịch Chấp trì chân lý phản đối thuế muối,", ông phát động một chiến dịch Chấp trì chân lý phản đối thuế",10.098489761352539,9.334039688110352,-0.7644500732421875,0.640211830668008
0012-0020-0003,True,bởi cuộc Hành trình muối (Salt March) đến Dandi,bởi cuộc Hành trình muối (Salt March) đến Dandi,9.605199813842773,10.156576156616211,0.5513763427734375,0.7012970145156003
0012-0020-0004,True,"Chính quyền, được đại diện qua Lord Irwin, quyết định thương lượng với Gandhi",là hơn 60.000 người bị bắt,10.155704498291016,8.18088150024414,-1.974822998046875,0.5796412535644433
0012-0020-0005,False,,. Hàng,10.087586402893066,8.068672180175781,-2.018914222717285,0.5773763930306441
0012-0020-0006,True,21 tháng 3 đến 6 tháng 4 năm 1930,kéo dài từ 21 tháng 3 đến 6 tháng 4 năm,10.151666641235352,3.8990464210510254,-6.252620220184326,0.3589602579850119
0012-0020-0007,True,60.000,là hơn 60.000,9.768218040466309,11.294540405273438,1.526322364807129,0.7424742434626934
0012-0020-0008,False,,", quyết định thương lượng với",10.13508129119873,7.644356727600098,-2.490724563598633,0.5529553196576851
0012-0021-0001,True,Gandhi được mời sang Anh tham dự hội nghị bàn tròn (Round Table Conference) tại Luân Đôn với tư cách người đại diện duy nhất của Quốc dân Đại hội Ấn Độ,", Gandhi được mời sang Anh tham dự hội nghị bàn tròn (Round Table Conference) tại Luân Đôn với tư cách người đại diện duy nhất của Quốc dân Đại hội",10.123512268066406,6.124692916870117,-3.998819351196289,0.47375324719588047
0012-0021-0002,True,chính quyền Anh đồng ý thả tất cả những tù nhân chính trị để bù cho việc đình chỉ cuộc vận động bất phục tòng,đồng ý thả tất cả những tù nhân,10.163278579711914,3.064070701599121,-7.099207878112793,0.31903157353180456
0012-0021-0003,False,,bởi vì nó chỉ lưu ý đến những tiểu vương cũng như những nhóm thiểu số,10.142087936401367,4.485165596008301,-5.656922340393066,0.3883181564397075
0012-0021-0004,True,Hiệp ước Gandhi-Irwin được đóng dấu,Irwin được,10.141572952270508,4.916758060455322,-5.2248148918151855,0.41014704745992725
0012-0021-0005,False,,Irwin được,10.142976760864258,4.432809352874756,-5.710167407989502,0.3856572103311822
0012-0021-0006,True,nó chỉ lưu ý đến những tiểu vương cũng như những nhóm thiểu số Ấn Độ hơn là một sự phó truyền quyền lực,bởi vì nó chỉ lưu ý đến những tiểu vương cũng như những nhóm thiểu số,10.127462387084961,4.908461570739746,-5.219000816345215,0.4104433964296689
0012-0021-0007,False,,Anh tham dự hội nghị bàn tròn (Round Table Conference) tại Luân Đôn với tư cách người đại diện duy nhất của Quốc dân Đại hội,10.065906524658203,8.194829940795898,-1.8710765838623047,0.5849570898386397
0012-0021-0008,True,Lord Willingdon,là,8.958612442016602,7.810298442840576,-1.1483139991760254,0.6213817316279618
0012-0022-0001,True,bằng cách cách li hòan tòan ông và các người đi theo ủng hộ,cách cách li hòan tòan ông và các người đi theo,10.019763946533203,10.956212997436523,0.9364490509033203,0.7180081976646893
0012-0022-0002,False,,cách cách li hòan tòan ông và các người đi theo,10.062965393066406,10.886346817016602,0.8233814239501953,0.7131604916409718
0012-0022-0003,False,,", Gandhi bắt đầu một cuộc tuyệt thực 6",10.158632278442383,7.890563011169434,-2.268069267272949,0.5645193398843746
0012-0022-0004,True,1932,. Năm,9.545703887939453,11.056108474731445,1.5104045867919922,0.7418325479069405
0012-0022-0005,False,,chính quyền đảm bảo cho dân ti tiện Dalit những khu bầu cử riêng trong hiến pháp,10.153223037719727,7.6675333976745605,-2.485689640045166,0.5532175005786368
0012-0022-0006,True,chính quyền đảm bảo cho dân ti tiện Dalit những khu bầu cử riêng trong hiến pháp mới,- chính quyền đảm bảo cho dân ti tiện Dalit những khu bầu cử riêng trong hiến pháp,10.127416610717773,8.756206512451172,-1.3712100982666016,0.6102732081269302
0012-0022-0007,True,buộc chính quyền tiếp nhận một hệ thống công bằng hơn qua sự thương lượng qua trung gian là ông Palwankar Baloo,việc buộc chính quyền tiếp nhận một hệ thống công bằng hơn qua sự thương lượng qua,10.143163681030273,5.862801551818848,-4.280362129211426,0.4589936316515468
0012-0022-0008,True,Gandhi bắt đầu một cuộc tuyệt thực 6 ngày vào tháng 9 năm 1932,", Gandhi bắt đầu một cuộc tuyệt thực 6",10.155344009399414,8.373411178588867,-1.7819328308105469,0.5895090086204589
0012-0023-0001,True,"thành viên theo chủ nghĩa cộng sản, xã hội, công đòan, sinh viên, tôn giáo bảo thủ, kinh doanh và quyền sở hữu",", Gandhi quyết định rời",10.146953582763672,6.453059196472168,-3.693894386291504,0.4897897463252097
0012-0023-0002,False,,", Gandhi quyết định rời",10.147624969482422,4.758472442626953,-5.389152526855469,0.4017983267263725
0012-0023-0003,False,,. Gandhi cũng không muốn mình là mục tiêu của sự tuyên truyền của chính quyền Anh khi lãnh đạo một đảng đã có lần tạm thời thừa nhận sự phù hợp chính trị với chính quyền,10.149961471557617,2.9087905883789062,-7.241170883178711,0.31256980838397086
0012-0023-0004,True,Khi đảng Quốc dân Đại hội Ấn Độ tranh luận về tuyển cử và chấp nhận quyền chính trị dưới kế họach liên bang,Khi đảng Quốc dân Đại hội Ấn,10.149049758911133,6.474153995513916,-3.674895763397217,0.49078995318206925
0012-0023-0005,True,cảm thấy rằng nếu ông rút lui thì hình tượng của ông đối với thường dân Ấn Độ sẽ ngưng đè nén tòan thể hội viên của đảng,"Khi đảng Quốc dân Đại hội Ấn Độ tranh luận về tuyển cử và chấp nhận quyền chính trị dưới kế họach liên bang, Gandhi quyết định rời",10.152538299560547,1.8355774879455566,-8.31696081161499,0.26604868838976653
0012-0023-0006,True,khi lãnh đạo một đảng đã có lần tạm thời thừa nhận sự phù hợp chính trị với chính quyền Anh,. Gandhi cũng không muốn mình là mục tiêu của sự tuyên truyền của chính quyền Anh khi lãnh đạo một đảng đã có lần tạm thời thừa nhận sự phù hợp chính trị với chính quyền,10.151918411254883,6.8879008293151855,-3.2640175819396973,0.5124257293924244
0012-0024-0001,True,không thừa nhận nguyên tắc bất bạo lực cũng như dân quyền,"việc ông thăng tiến, nhậm chức",10.033971786499023,9.445772171020508,-0.5881996154785156,0.6487190528843199
0012-0024-0002,True,đưa những người thân cận lên nắm những chức quan trọng,"dung việc chuẩn bị không dùng bạo lực của những người tham gia và trong năm đầu giữ quyền chủ tịch, Bose tập trung vào việc đưa những người thân cận lên nắm những chức",10.102439880371094,7.84359884262085,-2.258841037750244,0.5649972025971524
0012-0024-0003,True,Bose không thừa nhận nguyên tắc bất bạo lực cũng như dân quyền,"và việc ông thăng tiến, nhậm chức chủ tịch vào năm",10.008281707763672,9.340909004211426,-0.6673727035522461,0.6449088420892617
0012-0024-0004,False,,việc Bose không thừa nhận nguyên tắc bất bạo lực cũng như dân,10.132512092590332,8.397364616394043,-1.735147476196289,0.5918919271187217
0012-0024-0005,False,,việc Bose không thừa nhận nguyên tắc bất bạo lực cũng như dân,10.104463577270508,7.558429718017578,-2.5460338592529297,0.550073320164014
0012-0024-0006,False,,"việc ông thăng tiến, nhậm chức",10.072015762329102,9.043815612792969,-1.0282001495361328,0.6273163096543434
0012-0024-0007,False,,phê bình,9.912622451782227,5.5122599601745605,-4.400362491607666,0.4527230159539774
0012-0024-0008,True,nguyên tắc bất bạo lực cũng như dân quyền,việc Bose không thừa nhận nguyên tắc bất bạo lực cũng như dân,10.092223167419434,10.087860107421875,-0.004363059997558594,0.6762096957751814
0012-0024-0009,True,Subhas Chandra Bose,phê bình,9.851846694946289,5.405587196350098,-4.446259498596191,0.4503285209777142
0012-0025-0001,True,Ấn Độ không thể tham gia một cuộc chiến với mục đích bề ngòai là giành tự do dân chủ trong khi chính tự do dân chủ này bị phủ nhận tại Ấn Độ,rằng Ấn Độ không thể tham gia một cuộc chiến với mục đích bề ngòai là giành tự do,10.15304183959961,3.434690475463867,-6.718351364135742,0.3367094219037927
0012-0025-0002,False,,bùng nổ năm,10.131261825561523,10.826706886291504,0.6954450607299805,0.7076156684532688
0012-0025-0003,True,khi Đức Quốc Xã xâm lấn Ba Lan,bùng nổ năm,9.440953254699707,11.643403053283691,2.2024497985839844,0.7687567814466294
0012-0025-0004,True,họ cho ông thấy cách áp dụng mục đích của cuộc chiến tại Ấn Độ sau chiến tranh,họ cho ông thấy cách áp dụng mục đích của cuộc chiến tại Ấn Độ sau,10.087518692016602,7.8115644454956055,-2.275954246520996,0.56411093929058
0012-0025-0005,True,hòan tòan phủ định,Anh hòan tòan,10.133983612060547,6.816274166107178,-3.317709445953369,0.5095993642569016
0012-0025-0006,True,hòan tòan đồng cảm,. Gandhi hòan tòan,10.152592658996582,6.149988651275635,-4.002604007720947,0.4735544772796485
0012-0025-0007,False,,rằng Ấn Độ không thể tham gia một cuộc chiến với mục đích bề ngòai là giành tự do,10.157598495483398,2.9477264881134033,-7.209872007369995,0.3139883154565454
0012-0026-0001,False,,mục tiêu xác nhận việc người Anh rời nước,10.139028549194336,8.415008544921875,-1.724020004272461,0.59245805172955
0012-0026-0002,True,"quyết định nhất, cực lực nhất","là sự phản đối quyết định nhất, cực lực",10.110799789428711,8.595827102661133,-1.5149726867675781,0.6030464810699663
0012-0026-0003,True,"một số người trong Quốc hội và một số nhóm chính trị khác - thuộc cả hai mặt, theo Anh và chống Anh",bị một số người trong Quốc hội và một số nhóm chính trị,9.965667724609375,10.750903129577637,0.7852354049682617,0.7115138110832023
0012-0026-0004,False,,"là sự phản đối quyết định nhất, cực lực",10.136392593383789,5.6510210037231445,-4.4853715896606445,0.44828981219293734
0012-0026-0005,True,"Một số người cho rằng, đối lập người Anh trong thời đọan chiến đấu sinh tử của họ là một việc phi đạo đức trong khi một số người khác lại cho rằng Gandhi chưa thực hiện đủ yêu cầu",. Ngòai sức khỏe và tuổi tác,10.156073570251465,3.2059226036071777,-6.950150966644287,0.32589187966997
0012-0026-0006,True,người Anh rời nước Ấn,mục tiêu xác nhận việc người Anh rời nước,10.122756958007812,9.37144660949707,-0.7513103485107422,0.6408491831850185
0012-0027-0001,True,cuộc vận động đấu tranh giành độc lập Ấn Độ lớn nhất cho đến bây giờ,khởi một cuộc vận động đấu tranh giành độc lập,10.063892364501953,8.260126113891602,-1.8037662506103516,0.588395520527676
0012-0027-0002,True,Ấn Độ không được đảm bảo tự do,nếu Ấn Độ không được đảm bảo tự do ngay,10.096699714660645,8.437928199768066,-1.6587715148925781,0.5957726708598574
0012-0027-0003,True,"duy trì kỉ luật hòa bình và ""làm hay chết""","yêu cầu tất cả những thành viên Quốc hội và dân chúng duy trì kỉ luật hòa bình và ""làm hay",10.063639640808105,11.195655822753906,1.1320161819458008,0.7262744609559822
0012-0027-0004,False,,", tình trạng ""vô chính phủ có tổ chức"" xung quanh",9.907236099243164,10.567598342895508,0.6603622436523438,0.7060842192851371
0012-0027-0005,False,,đã dẫn khởi một cuộc vận động đấu tranh giành độc lập Ấn Độ lớn nhất cho đến bây giờ - với sự bắt giam số đông và bạo lực ở một mức độ chưa từng,10.129159927368164,4.18305778503418,-5.946102142333984,0.3739502084398111
0012-0027-0006,True,"tình trạng ""vô chính phủ có tổ chức"" xung quanh ông """,", tình trạng ""vô chính phủ có tổ chức"" xung quanh",9.496858596801758,11.34113883972168,1.8442802429199219,0.7550723895807583
0012-0027-0007,True,"Hàng nghìn người kháng cự bị sát hại hoặc bị thương dưới nòng súng cảnh sát, và hàng trăm nghìn người đấu tranh giành độc lập bị bắt giam",- với sự bắt giam số đông và bạo lực ở một mức độ chưa từng,10.113018035888672,7.272017478942871,-2.841000556945801,0.5346513361278206
0012-0028-0001,True,Chính quyền Anh không muốn ông chết trong tù vì đây là một sự kiện có thể làm lòng căm phẫn của công chúng vượt khỏi tầm kiểm sóat,vì sức khỏe sa sút và một ca mổ,10.071260452270508,8.45650863647461,-1.6147518157958984,0.598003962473536
0012-0028-0002,True,cái chết của vợ Kasturbai chỉ vài tháng sau khi Mahadev Desai - người thư ký được ông xem như con trai - chết vì bị nhồi máu cơ tim vào tuổi 42,là cái chết của vợ Kasturbai chỉ vài tháng sau khi Mahadev Desai - người thư ký được ông xem như con trai - chết vì bị nhồi máu cơ,10.008732795715332,8.084175109863281,-1.9245576858520508,0.5822191725848497
0012-0028-0003,False,,vì đây là một sự kiện có thể làm lòng căm phẫn của,10.1543550491333,2.1400420665740967,-8.014312982559204,0.2786825194037986
0012-0028-0004,True,Mumbai,tại,10.144819259643555,8.38782024383545,-1.7569990158081055,0.5907794930199196
0012-0028-0005,False,,vì sức khỏe sa sút và một ca mổ,10.058231353759766,9.116168975830078,-0.9420623779296875,0.6315488214702115
0012-0028-0006,True,có thể làm lòng căm phẫn của công chúng vượt khỏi tầm kiểm sóat,vì đây là một sự kiện có thể làm lòng căm phẫn của,10.161430358886719,0.30472707748413086,-9.856703281402588,0.20765272676064803
0012-0028-0007,True,ngày 9 tháng 8 năm 1942,giam ngày 9 tháng 8 năm,8.837228775024414,11.771522521972656,2.934293746948242,0.7950238101501329
0012-0028-0008,False,,giam ngày 9 tháng 8 năm,9.213515281677246,11.720502853393555,2.5069875717163086,0.7799645727929411
0012-0029-0001,True,bản chất dân tộc và hiện thế,) vì những người cầm đầu không những muốn lập chính quyền nhanh như có thể khi người Anh trao quyền,10.153464317321777,3.9625396728515625,-6.190924644470215,0.36195643676210304
0012-0029-0002,True,ít,lần,10.134830474853516,9.029594421386719,-1.1052360534667969,0.623514411105374
0012-0029-0003,True,"những người cầm đầu không những muốn lập chính quyền nhanh như có thể khi người Anh trao quyền lại, mà còn muốn ngăn cản Mohammed Ali Jinnah và Liên minh Hồi giáo đạt vị trí ngang hàng với đảng Quốc dân Đại hội",nhưng không đặt câu hỏi về quyền,10.147136688232422,5.602693557739258,-4.544443130493164,0.4452140350882994
0012-0029-0004,True,từ khước những đề nghị trong kế họach của phái đòan chính phủ Anh năm 1946,Quốc hội từ khước những đề nghị trong kế họach của phái đòan chính phủ Anh năm,10.098650932312012,9.071846008300781,-1.0268049240112305,0.6273850239010773
0012-0029-0005,True,việc chia quyền với Liên minh Hồi giáo,nghi ngờ việc chia quyền với Liên minh Hồi giáo (Muslim League) cũng như sự phân chia và hạ giảm chính quyền trung ương có thể xảy,10.121790885925293,8.380343437194824,-1.7414474487304688,0.5915712995742792
0012-0029-0006,False,,Quốc hội từ khước những đề nghị trong kế họach của phái đòan chính phủ Anh năm,10.139362335205078,6.795940399169922,-3.3434219360351562,0.5082456181347986
0012-0029-0007,False,,) vì những người cầm đầu không những muốn lập chính quyền nhanh như có thể khi người Anh trao quyền,10.154144287109375,4.403010368347168,-5.751133918762207,0.3836145233618239
0012-0029-0008,False,,") vì những người cầm đầu không những muốn lập chính quyền nhanh như có thể khi người Anh trao quyền lại, mà còn muốn ngăn cản Mohammed Ali Jinnah và Liên minh Hồi giáo đạt vị trí ngang hàng với đảng Quốc dân",10.14665412902832,4.462510108947754,-5.684144020080566,0.38695689787563964
0012-0030-0001,False,,cuối cùng xuôi,10.12496566772461,8.759561538696289,-1.3654041290283203,0.610564073710378
0012-0030-0002,True,đây là con đường duy nhất để tránh cuộc nội chiến,Gandhi đây là con đường duy nhất để tránh cuộc,10.144805908203125,8.785630226135254,-1.359175682067871,0.6108760169902364
0012-0030-0003,False,,có sự thỏa thuận của,9.83979606628418,11.290631294250488,1.4508352279663086,0.7394218863294476
0012-0030-0004,True,sự hỗ trợ trong đảng và tòan quốc dành cho Gandhi rất sâu rộng,vì sự hỗ trợ trong đảng và tòan quốc dành cho Gandhi rất,10.132488250732422,5.8637285232543945,-4.268759727478027,0.45960063615948105
0012-0030-0005,True,phản đối cực lực sự phân chia,sẽ phản đối cực lực sự,9.5421142578125,11.347616195678711,1.805501937866211,0.7535584438583185
0012-0030-0006,False,,vì sự hỗ trợ trong đảng và tòan quốc dành cho Gandhi rất,10.12647533416748,6.310282230377197,-3.816193103790283,0.48335347721017374
0012-0030-0007,True,sự thỏa thuận của ông,có sự thỏa thuận của,9.706520080566406,11.512092590332031,1.805572509765625,0.7535612047712957
0012-0030-0008,False,,sẽ phản đối cực lực sự,9.722190856933594,11.044013023376465,1.321822166442871,0.7341512394532501
0012-0030-0009,True,"Gandhi cuối cùng xuôi lòng, tán đồng bước thực hiện này",cuối cùng xuôi,10.11925220489502,9.054588317871094,-1.0646638870239258,0.6255186700755834
0012-0031-0001,False,,"người Ấn giáo, đạo Sikhs, Phật giáo, Kì-na giáo, đạo Parsi, Kitô giáo và đạo Do",9.966678619384766,11.324240684509277,1.3575620651245117,0.735618131463114
0012-0031-0002,False,,và một quốc gia riêng cho người theo,10.106371879577637,10.363142013549805,0.25677013397216797,0.6881358641745469
0012-0031-0003,False,,từ các vùng Đông và Tây,10.0792236328125,10.270957946777344,0.19173431396484375,0.6851880643699166
0012-0031-0004,False,,trong các cộng đồng Ấn Độ giáo và,10.0177001953125,11.391670227050781,1.3739700317382812,0.7362898332915616
0012-0031-0005,True,một quốc gia Ấn Độ thống nhất,muốn một quốc gia Ấn Độ,10.166436195373535,6.916717529296875,-3.24971866607666,0.5131783045886302
0012-0031-0006,False,,muốn một quốc gia Ấn Độ,10.161991119384766,7.438075542449951,-2.7239155769348145,0.5407825850503202
0012-0031-0007,True,các vùng Đông và Tây Ấn Độ,từ các vùng Đông và Tây,10.065486907958984,10.547649383544922,0.4821624755859375,0.6982336746187918
0012-0031-0008,True,"người Ấn giáo, đạo Sikhs, Phật giáo, Kì-na giáo, đạo Parsi, Kitô giáo và đạo Do Thái","người Ấn giáo, đạo Sikhs, Phật giáo, Kì-na giáo, đạo Parsi, Kitô giáo và đạo Do",9.967508316040039,11.322591781616211,1.3550834655761719,0.7355165684565329
0012-0031-0009,True,cộng đồng Ấn Độ giáo và Hồi giáo tại Ấn Độ,trong các cộng đồng Ấn Độ giáo và,9.875308990478516,11.574380874633789,1.6990718841552734,0.7493710427627538
0012-0031-0010,True,thiểu số người Hồi giáo sẽ bị bức áp một cách có hệ thống,và một quốc gia riêng cho người theo,10.118478775024414,10.438299179077148,0.3198204040527344,0.6909791987542003
0012-0032-0001,False,,là người chịu trách nhiệm cho việc chính quyền suy nhược vì đã khăng khăng bắt buộc nộp một khỏan tiền cho,10.160688400268555,2.3539345264434814,-7.806753873825073,0.2875565925142876
0012-0032-0002,False,,vì thiếu,10.17148494720459,6.371700286865234,-3.7997846603393555,0.4842167379033456
0012-0032-0003,True,Nathuram Godse,bởi,8.95246696472168,7.255688667297363,-1.6967782974243164,0.5938429706083117
0012-0032-0004,True,thiếu bằng chứng,vì thiếu,10.112741470336914,9.814177513122559,-0.29856395721435547,0.6624942659564514
0012-0032-0005,True,Gandhi là người chịu trách nhiệm cho việc chính quyền suy nhược,cho Gandhi là người chịu trách nhiệm cho việc chính quyền suy nhược vì đã khăng khăng bắt buộc nộp một khỏan tiền cho,10.164193153381348,3.2531464099884033,-6.911046743392944,0.32770421816543444
0012-0032-0006,False,,bởi,9.257973670959473,6.906434059143066,-2.3515396118164062,0.5601916775888558
0012-0032-0007,False,,bởi,10.091011047363281,4.8100786209106445,-5.280932426452637,0.40729006572806997
0012-0032-0008,True,một môn đồ Ấn giáo cực đoan,", Gandhi bị bắn chết bởi Nathuram Godse tại tòa nhà Birla ở New Delhi. Godse là một môn đồ Ấn giáo",10.157577514648438,2.1156697273254395,-8.041907787322998,0.2775154530131485
0012-0032-0009,True,Narayan Apte,là,9.216695785522461,7.6880645751953125,-1.5286312103271484,0.60235748879204
0012-0033-0001,True,"câu tôn kính hướng đến thần Rama, là một dấu hiệu gợi cảm tâm linh Gandhi cũng như lý tưởng đạt sự thống nhất với hòa bình vĩnh hằng của ông","là câu tôn kính hướng đến thần Rama, là một dấu hiệu gợi cảm tâm linh Gandhi cũng như lý tưởng đạt sự thống nhất với hòa bình vĩnh hằng của",10.093488693237305,7.35646915435791,-2.7370195388793945,0.5400969642945517
0012-0033-0002,True,"lăn xuống đất, chắp hai tay trước ngực ở tư thế chào","rằng ông lăn xuống đất, chắp hai tay trước ngực ở tư thế",10.13571548461914,9.480452537536621,-0.6552629470825195,0.6454928308788789
0012-0033-0003,False,,"là ""Ô kìa Rama!"" (Hey Rama!",10.052793502807617,8.135787010192871,-1.917006492614746,0.5826060606816832
0012-0033-0004,False,,"là ""He Ram, He",10.00189208984375,9.048311233520508,-0.9535808563232422,0.6309839988307926
0012-0033-0005,True,"""He Ram, He Ram"" hoặc ""Rama, Rama""","là ""He Ram, He Ram"" hoặc ""Rama, Rama",9.928594589233398,10.026681900024414,0.09808731079101562,0.6809171392891172
0012-0033-0006,False,,"là câu tôn kính hướng đến thần Rama, là một dấu hiệu gợi cảm tâm linh Gandhi cũng như lý tưởng đạt sự thống nhất với hòa bình vĩnh hằng của",10.132156372070312,6.012759208679199,-4.119397163391113,0.4674249348244344
0012-0033-0007,True,nghi vấn về tính có thật của câu này,người nghi vấn về tính có,10.143255233764648,7.145733833312988,-2.99752140045166,0.5264389364251497
0012-0033-0008,True,"""Ô kìa Rama!"" (Hey Rama!)","là ""Ô kìa Rama!"" (Hey Rama!",9.931413650512695,9.220524787902832,-0.7108888626098633,0.6428067357764088
0012-0033-0009,False,,"rằng ông lăn xuống đất, chắp hai tay trước ngực ở tư thế",10.135335922241211,6.3653459548950195,-3.7699899673461914,0.4857844966155603
0012-0034-0001,True,một vũ khí chính trị,ăn như một vũ khí,10.162418365478516,4.750368118286133,-5.412050247192383,0.40063946093860947
0012-0034-0002,False,,", ăn chay đủ cung cấp chất dinh dưỡng tối thiểu cho",10.168647766113281,5.418712615966797,-4.749935150146484,0.43454845463793285
0012-0034-0003,True,Gandhi sau này trở thành một người ăn chay tuyệt đối,người ăn chay,10.143854141235352,8.867115020751953,-1.2767391204833984,0.614996102919258
0012-0034-0004,False,,"cũng không ngần ngại khi ăn trứng như bài viết ""chìa khóa sức khỏe"" (Key to Health) năm",10.164246559143066,3.983381748199463,-6.1808648109436035,0.362446008122532
0012-0034-0005,True,"Ấn Độ giáo, Kì-na giáo và Phật giáo","như Ấn Độ giáo, Kì-na giáo và",9.733898162841797,11.059988021850586,1.326089859008789,0.7343266733554281
0012-0034-0006,False,,trong thời gian du học tại,9.92197036743164,11.355103492736816,1.4331331253051758,0.7387027119806306
0012-0034-0007,True,ăn chay đủ cung cấp chất dinh dưỡng tối thiểu cho thân thể,", ăn chay đủ cung cấp chất dinh dưỡng tối thiểu cho",10.168159484863281,5.233683109283447,-4.934476375579834,0.425021360616269
0012-0034-0008,True,sau khi gặp người tranh đấu cho việc ăn chay là Henry Stephens Salt ở những cuộc hội họp của Hội người ăn chay,trong thời gian du học tại,9.914676666259766,11.40115737915039,1.486480712890625,0.7408661426798989
0012-0035-0001,True,bị ảnh hưởng mạnh bởi khái niệm Phạm hạnh,ông để có thể phát triển lòng từ bi thay vì đam mê nhục,10.128175735473633,5.250670433044434,-4.877505302429199,0.42795694321215544
0012-0035-0002,False,,ông để có thể phát triển lòng từ bi thay vì đam mê nhục,10.135846138000488,7.091914176940918,-3.0439319610595703,0.5240008938377917
0012-0035-0003,True,khái niệm Phạm hạnh (sa. brahmacarya),"bởi khái niệm Phạm hạnh (sa. brahmacarya) trong các tôn giáo Ấn Độ, tức là sự thanh tịnh của tâm linh và",9.929656982421875,10.780200004577637,0.8505430221557617,0.7143295674145135
0012-0035-0004,True,cuộc phấn đấu chống lại sự thôi thúc tính dục và những cuộc ghen tuông vì bà Kasturba,lại cuộc phấn đấu chống lại sự thôi thúc tính dục và những cuộc,10.067051887512207,6.348481178283691,-3.7185707092285156,0.4884907528976885
0012-0035-0005,True,phát triển lòng từ bi thay vì đam mê nhục dục,ông để có thể phát triển lòng từ bi thay vì đam mê nhục,10.131633758544922,8.511863708496094,-1.6197700500488281,0.5977497988534086
0012-0035-0006,False,,"bởi khái niệm Phạm hạnh (sa. brahmacarya) trong các tôn giáo Ấn Độ, tức là sự thanh tịnh của tâm linh và",9.990811347961426,8.575667381286621,-1.4151439666748047,0.6080696929457722
0012-0035-0007,True,36 tuổi,từ năm 36,9.450109481811523,11.578947067260742,2.1288375854492188,0.7659885361125779
0012-0036-0001,True,phú qúy và thành công,đến phú qúy và,10.170635223388672,2.625751495361328,-7.544883728027344,0.2989895829691195
0012-0036-0002,True,mặc y phục phương Tây,từ khước mặc y phục phương,10.058345794677734,8.796476364135742,-1.2618694305419922,0.6157375399898478
0012-0036-0003,True,Ông ăn mặc để người nghèo nhất Ấn Độ cũng có thể chấp nhận,ông từ khước mặc y phục phương Tây - cách ăn mặc được ông liên tưởng đến phú qúy và thành công. Ông ăn mặc để người nghèo nhất Ấn Độ cũng có thể,10.17050552368164,0.5467769503593445,-9.623728573322296,0.21584381726994978
0012-0036-0004,True,người Ấn tự sản xuất vải,", nếu người Ấn tự sản xuất",9.878974914550781,11.400192260742188,1.5212173461914062,0.7422685576755472
0012-0036-0005,True,sợi chỉ tự se,từ sợi chỉ tự,10.084092140197754,11.048135757446289,0.9640436172485352,0.7191837172242581
0012-0036-0006,False,,ông từ khước mặc y phục phương,10.170328140258789,1.214342713356018,-8.955985426902771,0.24060175131586928
0012-0036-0007,False,,đến phú qúy và,10.171919822692871,2.8846187591552734,-7.287301063537598,0.3104855156676603
0012-0037-0001,True,họ không cho những kẻ ti tiện vào đền thờ,", vì họ không cho những kẻ ti tiện vào đền",10.090794563293457,9.205018997192383,-0.8857755661010742,0.6343037047556113
0012-0037-0002,False,,", một cơn",10.11628532409668,8.807026863098145,-1.3092584609985352,0.6133727555662225
0012-0037-0003,True,Rabindranath Tagore,và,9.838091850280762,6.104951858520508,-3.733139991760254,0.4877238789477441
0012-0037-0004,True,một cơn động đất xảy ra tại Bihar,", một cơn động đất xảy ra tại",9.981222152709961,10.56283187866211,0.5816097259521484,0.7026294986809185
0012-0037-0005,True,"cho rằng, một cơn động đất chỉ có thể xảy ra trên cơ sở năng lực thiên nhiên, không phải vì lý do đạo đức cho dù việc kì thị người vô giai cấp đáng chê trách như thế nào đi nữa",", một cơn động đất chỉ có thể xảy ra trên cơ sở năng lực thiên nhiên, không phải vì lý do",10.109375,8.319597244262695,-1.7897777557373047,0.5891090282447217
0012-0037-0006,False,,và,9.886177062988281,5.782181739807129,-4.103995323181152,0.4682327323304923
0012-0037-0007,False,,", vì họ không cho những kẻ ti tiện vào đền",10.079137802124023,9.402542114257812,-0.6765956878662109,0.6444637770488226
0012-0038-0001,True,các học giả hậu thực dân,bởi các học giả hậu,9.612969398498535,11.482908248901367,1.869938850402832,0.7560706679326015
0012-0038-0002,True,bộ phim Gandhi (1982),là bộ phim Gandhi (1982,10.04483413696289,9.837366104125977,-0.20746803283691406,0.666771750200152
0012-0038-0003,True,Richard Attenborough,bởi,9.674272537231445,6.90521240234375,-2.7690601348876953,0.5384199136745993
0012-0038-0004,True,"Họ luận cứ là bộ phim miêu tả Gandhi như một người dùng một tay đưa Ấn Độ đến sự độc lập và bỏ qua những nhân vật quan trọng khác (của cả hai nhóm, tinh duệ và cấp dưới) trong cuộc kháng chiến chống thực dân","là bộ phim miêu tả Gandhi như một người dùng một tay đưa Ấn Độ đến sự độc lập và bỏ qua những nhân vật quan trọng khác (của cả hai nhóm, tinh duệ và cấp dưới) trong cuộc kháng chiến chống",10.1486177444458,4.224596977233887,-5.924020767211914,0.3750398768924725
0012-0038-0005,False,,là bộ phim Gandhi (1982,10.15262222290039,6.275808334350586,-3.8768138885498047,0.480165073093453
0012-0038-0006,False,,"phim The Making of the Mahatma, với Shyam Benegal đạo diễn và Rajat Kapur trong vai",9.513809204101562,6.494729995727539,-3.0190792083740234,0.5253066099621236
0012-0038-0007,True,Bộ phim The Making of the Mahatma,"phim The Making of the Mahatma, với Shyam Benegal đạo diễn và Rajat Kapur trong vai",9.392653465270996,6.974217414855957,-2.418436050415039,0.556716667114452
0012-0039-0001,True,cái nhìn của ông về Adolf Hitler và Chủ nghĩa Đức Quốc Xã,vì cái nhìn của ông về Adolf Hitler và Chủ nghĩa Đức Quốc,9.591596603393555,11.356918334960938,1.7653217315673828,0.7519831367887054
0012-0039-0002,False,,là người Do Thái có thể đạt được tình thương của Thượng đế nếu họ sẵn lòng đi đến cái chết như những cảm tử chết vì,10.16302490234375,4.4656596183776855,-5.6973652839660645,0.38629638506714503
0012-0039-0003,True,"""Bullshit!"" (""Holier than Thou"")","của chương trình ""Bullshit!",10.089803695678711,8.882416725158691,-1.2073869705200195,0.618449546193434
0012-0039-0004,True,"một phần về tính đạo đức giả qua những lập trường tiền hậu bất nhất trí trong khi thực hiện bất bạo lực, thái độ không thích hợp về phía phụ nữ và những lời nói có bản chất kì thị chủng tộc","về tính đạo đức giả qua những lập trường tiền hậu bất nhất trí trong khi thực hiện bất bạo lực, thái độ không thích hợp về phía phụ nữ và những lời nói có bản chất kì thị",10.126547813415527,9.278667449951172,-0.8478803634643555,0.6361535100395004
0012-0039-0005,True,người Do Thái có thể đạt được tình thương của Thượng đế nếu họ sẵn lòng đi đến cái chết như những cảm tử chết vì nghĩa,là người Do Thái có thể đạt được tình thương của Thượng đế nếu họ sẵn lòng đi đến cái chết như những cảm tử chết vì,10.162935256958008,4.296766757965088,-5.86616849899292,0.3779007482997698
0012-0039-0006,True,26 tháng 9 năm 1896,", 26 tháng 9 năm",9.180307388305664,11.686307907104492,2.506000518798828,0.7799288845742547
0012-0039-0007,False,,"của chương trình ""Bullshit!",10.084842681884766,9.062262535095215,-1.0225801467895508,0.6275930609423748
0012-0039-0008,False,,", 26 tháng 9 năm",9.298242568969727,11.676816940307617,2.3785743713378906,0.7752867491583445
0012-0040-0001,True,"mọi người Ấn chính là da thịt của mình, máu mủ của mình",của,10.157703399658203,8.520731925964355,-1.6369714736938477,0.5968781829344432
0012-0040-0002,False,,Ông nói với họ bằng ngôn ngữ của,10.152572631835938,6.571127891540527,-3.58144474029541,0.4957107233002387
0012-0040-0003,True,"các căn nhà tồi tàn của hằng ngàn người cùng khốn, y phục của ông y hệt y phục của họ. Ông nói với họ bằng ngôn ngữ của họ",Ông nói với họ bằng ngôn ngữ của,10.15738582611084,6.948139667510986,-3.2092461585998535,0.5153081033229697
0012-0040-0004,False,,mà dân,10.005455017089844,11.4592924118042,1.4538373947143555,0.7395437266244216
0012-0040-0005,True,xông ngay tới một cảnh vinh quang cao qúy mới,", Ấn Độ xông ngay tới một cảnh vinh quang cao qúy mới, như hồi xưa, rất",10.159818649291992,7.247001647949219,-2.9128170013427734,0.5308853029478079
0012-0040-0006,True,dân Ấn,mà dân,10.08776569366455,11.196913719177246,1.1091480255126953,0.7253156968965393
0013-0001-0001,False,,muốn hủy bỏ một số lễ nghi của nhà thờ Công giáo La Mã và e ngại nhà vua sẽ phục hồi Công giáo (Catholic,10.088800430297852,9.528973579406738,-0.5598268508911133,0.6500799252579604
0013-0001-0002,True,hai,quốc hội hai,9.873522758483887,11.291404724121094,1.417881965637207,0.7380820831396606
0013-0001-0003,True,tiết kiệm tiền bằng cách cho quân sĩ sống nhờ nhà dân và buộc các nhà giàu phải cho triều đình vay tiền,. Vua Charles đành phải tiết kiệm tiền bằng cách cho quân sĩ sống nhờ nhà dân và buộc các nhà giàu phải cho triều đình vay,10.160560607910156,6.829349517822266,-3.3312110900878906,0.5088885276421766
0013-0001-0004,True,các chính sách này vi phạm đến các tự do hiến định của nhân dân,. Do cuộc chiến tranh với Tây Ban Nha và,10.167067527770996,4.268489360809326,-5.89857816696167,0.3762969856400709
0013-0001-0005,True,"cho quân sĩ sống nhờ nhà dân và buộc các nhà giàu phải cho triều đình vay tiền, những người từ chối sẽ bị tống giam vào ngục",và các quyết định bất thường,10.163146018981934,8.661932945251465,-1.5012130737304688,0.6037401597115314
0013-0001-0006,True,nhà vua sẽ phục hồi Công giáo,muốn hủy bỏ một số lễ nghi của nhà thờ Công giáo La Mã và e ngại nhà vua sẽ phục hồi Công giáo (Catholic,10.08656120300293,9.552724838256836,-0.5338363647460938,0.6513243936546859
0013-0002-0001,True,ng đã giải tán quốc hội thứ ba năm 1629,", do cảm thấy bị mất",10.154523849487305,3.6290602684020996,-6.525463581085205,0.3458439599713951
0013-0002-0002,False,,"liệt kê ""các quyền lợi khác nhau và các tự do của thần",10.151214599609375,3.16458797454834,-6.986626625061035,0.32420604442818773
0013-0002-0003,True,"hủy bỏ việc bắt buộc vay tiền và đóng quân tại nhà dân, đồng thời cũng xác nhận rằng quốc hội có quyền giới hạn các quyền lực của nhà vua",đề nghị hủy bỏ việc bắt buộc vay tiền và đóng quân tại nhà,10.155965805053711,7.690876007080078,-2.465089797973633,0.5542898755069094
0013-0002-0004,True,John Hampden,có,9.722947120666504,5.659416675567627,-4.063530445098877,0.47035582165234374
0013-0002-0005,False,,", nhà vua đòi thần dân nộp ""tiền đóng",10.153251647949219,5.260852336883545,-4.892399311065674,0.4271889921468634
0013-0002-0006,True,1629,ba,9.968217849731445,5.568556308746338,-4.399661540985107,0.4527596025395313
0013-0002-0007,True,1628,Năm,9.964189529418945,5.919046401977539,-4.045143127441406,0.4713209167299061
0013-0002-0008,True,"đòi thần dân nộp ""tiền đóng tàu""",", nhà vua đòi thần dân nộp ""tiền đóng",10.147624969482422,5.8799943923950195,-4.267630577087402,0.45965971651180065
0013-0002-0009,False,,Năm,10.138866424560547,3.655008316040039,-6.483858108520508,0.34782954314772213
0013-0003-0001,True,kinh cầu nguyện Anh,. Việc bắt buộc dùng kinh cầu nguyện,10.165846824645996,7.790615081787109,-2.3752317428588867,0.558961619908651
0013-0003-0002,True,triệu tập một quốc hội vào năm 1640,phải triệu tập một,10.086986541748047,9.163017272949219,-0.9239692687988281,0.6324353108099134
0013-0003-0003,True,tòan thể nước Anh và Scotland,và,10.155901908874512,7.734535217285156,-2.4213666915893555,0.5565643021438167
0013-0003-0004,True,The Long Parliament,là quốc hội Dài,10.122701644897461,9.921501159667969,-0.2012004852294922,0.6670650505814831
0013-0003-0005,False,,là quốc hội Ngắn hạn (the Short Parliament,10.145160675048828,6.941986083984375,-3.203174591064453,0.5156275634529937
0013-0003-0006,True,Việc bắt buộc dùng kinh cầu nguyện Anh (the English Prayer Book) tại các nhà thờ Scotland của tổng Giám mục Laud đã khiến cho dân Scotland nổi lên chống đối,ấy quốc hội mới thông qua một nghị quyết kể từ,10.156408309936523,4.472301483154297,-5.684106826782227,0.3869587565801253
0013-0003-0007,False,,tại các nhà thờ,10.160772323608398,7.101746559143066,-3.059025764465332,0.5232077329342086
0013-0003-0008,True,dân Scotland nổi lên chống đối,đã khiến cho dân Scotland nổi lên,10.153687477111816,6.21875,-3.9349374771118164,0.4771095243331009
0013-0004-0001,True,5 người này đã được báo trước và trốn chạy,", dẫn một tóan binh sĩ trang bị đầy đủ khí giới, xông vào Tòa Nhà",10.164201736450195,3.67287540435791,-6.491326332092285,0.34747273684821944
0013-0004-0002,False,,", dẫn một tóan binh sĩ trang bị đầy đủ khí giới, xông vào Tòa Nhà",10.15992546081543,4.953090667724609,-5.20683479309082,0.4110637203749714
0013-0004-0003,False,,", dẫn một tóan binh sĩ trang bị đầy đủ khí giới, xông vào Tòa Nhà Quốc hội để bắt 5 dân biểu",10.041321754455566,9.022683143615723,-1.0186386108398438,0.6277871079818204
0013-0004-0004,True,4,vào 4 năm,9.613435745239258,10.975000381469727,1.3615646362304688,0.7357820879162126
0013-0004-0005,False,,", quốc hội",9.854410171508789,11.48337173461914,1.6289615631103516,0.7465868687386383
0013-0004-0006,False,,vào 4,10.041793823242188,10.262045860290527,0.22025203704833984,0.686482508413876
0013-0004-0007,True,Tổng Giám mục Laud,tống giam,9.865364074707031,6.543497562408447,-3.321866512298584,0.5093805063977547
0013-0004-0008,True,"Năm 1642, ông đã nổi giận, dẫn một tóan binh sĩ trang bị đầy đủ khí giới, xông vào Tòa Nhà Quốc hội để bắt 5 dân biểu hàng đầu, thường tỏ ra chống đối Charles I","đã nổi giận, dẫn một tóan binh sĩ trang bị đầy đủ khí giới, xông vào Tòa Nhà Quốc hội để bắt 5 dân biểu",10.123793601989746,6.555764198303223,-3.5680294036865234,0.49641721369625647
0013-0004-0009,True,quốc hội,", quốc hội",9.925819396972656,11.397693634033203,1.4718742370605469,0.7402749586729885
0013-0004-0010,True,Bá tước Strafford,"tống giam Thomas Wentworth, Bá tước Strafford thứ",9.61628532409668,10.377412796020508,0.7611274719238281,0.7104702308503046
0013-0005-0001,True,Luân Đôn,thành phố,9.583974838256836,9.888453483581543,0.30447864532470703,0.6902886612516964
0013-0005-0002,True,họ cắt tóc thật sát,họ cắt tóc thật,10.11929702758789,8.838356971740723,-1.280940055847168,0.6147865376418475
0013-0005-0003,True,Tháng 8 năm 1642,.,9.725370407104492,5.989109039306641,-3.7362613677978516,0.4875595884793285
0013-0005-0004,True,kị binh,"là các ""kị",10.090267181396484,8.101285934448242,-1.9889812469482422,0.578914338888629
0013-0005-0005,True,Oliver Cromwell,ông Oliver Cromwell - một người Thanh,10.12170124053955,6.605592250823975,-3.516108989715576,0.49915160214504123
0013-0005-0006,True,những người theo quốc hội,". Các ""kẻ đầu",9.804259300231934,11.354289054870605,1.5500297546386719,0.7434280295005504
0013-0006-0001,True,1640,"năm 1649, trước sức ép của nhân dân và quân đội,Charles bị đưa ra xét xử vì tội ""phản bội"". Ngày 30 tháng 1 cùng",10.102275848388672,3.7112112045288086,-6.391064643859863,0.3522770495596045
0013-0006-0002,True,"bạo chúa, phản bội, sát nhân và là kẻ thù của nhân dân","là ""bạo chúa, phản bội, sát nhân và là kẻ thù của",10.109721183776855,9.693357467651367,-0.4163637161254883,0.6569232833695285
0013-0006-0003,True,xử tử,"là ""bạo chúa, phản bội, sát nhân và là kẻ thù của",10.15178108215332,7.303922176361084,-2.8478589057922363,0.5342918500855335
0013-0006-0004,True,the Rump,(the Rump,10.152726173400879,4.280378341674805,-5.872347831726074,0.37759476227411576
0013-0006-0005,False,,"và nhóm dân biểu ""còn lại"" (the Rump",10.071139335632324,8.618752479553223,-1.4523868560791016,0.6061983068478162
0013-0006-0006,True,Ngày 20 tháng 1 năm 1649,. Ngày 20 tháng,10.008841514587402,5.410141944885254,-4.598699569702148,0.44239266101293745
0013-0007-0001,True,Vương công xứ Orange là William III,với Vương công xứ Orange là William,10.124338150024414,7.310454368591309,-2.8138837814331055,0.5360723283457626
0013-0007-0002,True,1688,.,9.935420036315918,5.467897891998291,-4.467522144317627,0.4492199990647726
0013-0007-0003,True,Nhà vua và Nghị viện,rằng Nhà vua và,9.920785903930664,11.612018585205078,1.691232681274414,0.7490607508087386
0013-0007-0004,True,Oliver Cromwell,với Vương công xứ Orange là William,10.14148998260498,4.961785793304443,-5.179704189300537,0.41244807772883124
0013-0007-0005,True,Oliver Cromwell,"khi Oliver Cromwell qua đời, nước Anh đã chán ngán với sự cai trị của Thanh giáo, nhiều người muốn dàn xếp những mối bất hòa cũ và khôi phục lại chế độ quân chủ, vua Charles",10.142175674438477,3.2051711082458496,-6.937004566192627,0.3265005901873781
0013-0007-0006,True,1660,đình,9.417413711547852,6.9222612380981445,-2.495152473449707,0.5527247230947855
0013-0007-0007,False,,với Vương công xứ Orange là William,10.146099090576172,2.739490270614624,-7.406608819961548,0.30513052657274276
0013-0007-0008,False,,năm,10.038439750671387,4.115492343902588,-5.922947406768799,0.37509287730818386
0014-0001-0001,True,tồn tại từ cuối thời sơ kỳ Trung cổ,từ cuối thời sơ kỳ Trung cổ cho đến năm,10.114644050598145,9.43016529083252,-0.684478759765625,0.6440831728074196
0014-0001-0002,True,Heiliges Römisches Reich,là Thánh chế,10.022737503051758,9.997406959533691,-0.025330543518066406,0.6752418176781844
0014-0001-0003,True,"bắt nguồn từ yêu sách của các Hòang đế La Mã Đức vào thời Trung cổ, muốn tiếp tục truyền thống của đế chế La Mã cổ và hợp pháp hóa quyền cai trị như là thánh ý của Thiên Chúa","từ yêu sách của các Hòang đế La Mã Đức vào thời Trung cổ, muốn tiếp tục truyền thống của đế chế La Mã cổ và hợp pháp hóa quyền cai trị như là thánh ý của",10.126516342163086,5.216988563537598,-4.909527778625488,0.42630626389586823
0014-0001-0004,True,tiếp tục truyền thống của đế chế La Mã cổ và hợp pháp hóa quyền cai trị như là thánh ý của Thiên Chúa,", muốn tiếp tục truyền thống của đế chế La Mã cổ và hợp pháp hóa quyền cai trị như là thánh ý của",10.126668930053711,6.077692985534668,-4.048975944519043,0.4711197257433197
0014-0001-0005,True,của Đế quốc,"gồm Vương quốc Đức, Vương quốc Bohemia, Vương quốc Burgundy, Vương quốc",9.982904434204102,10.151351928710938,0.16844749450683594,0.6841289163088231
0014-0001-0006,True,chủ yếu là người Đức,là người,9.995699882507324,10.310893058776855,0.31519317626953125,0.6907710153738396
0014-0001-0007,False,,"gồm Vương quốc Đức, Vương quốc Bohemia, Vương quốc Burgundy, Vương quốc",9.926050186157227,10.142110824584961,0.21606063842773438,0.6862924385025359
0014-0002-0001,False,,vào ngày 6 tháng 8 năm,10.104484558105469,10.510372161865234,0.4058876037597656,0.694837258371362
0014-0002-0002,True,từ bỏ Đế miện,trở thành Đế quốc La Mã Thần Thánh Dân tộc,10.157140731811523,5.361560821533203,-4.79557991027832,0.4321872174631582
0014-0002-0003,True,1806,vào ngày 6 tháng 8 năm,9.953522682189941,11.420802116394043,1.4672794342041016,0.7400888072263353
0014-0002-0004,True,Altes Reich,(Altes Reich,10.09890365600586,5.827617168426514,-4.271286487579346,0.45946843301744406
0014-0002-0005,False,,thuộc,10.044402122497559,5.078642845153809,-4.96575927734375,0.4234116602193486
0014-0002-0006,True,khi Otto I Đại Đế thuộc dòng họ Liudolfinger được Giáo hòang trao Đế miện từ Vương quốc Đông Frank thuộc dòng họ Nhà Carolingien,khi Otto I Đại Đế thuộc dòng họ Liudolfinger được Giáo hòang trao Đế,10.153614044189453,2.7542343139648438,-7.399379730224609,0.30545351948582905
0014-0002-0007,True,Sacrum Imperium,là Đế chế Cũ (Altes Reich,9.990864753723145,7.023068428039551,-2.9677963256835938,0.5279998012599624
0014-0002-0008,True,Nhà Habsburg,thuộc,9.878677368164062,6.273762226104736,-3.604915142059326,0.49447474700492655
0014-0003-0001,True,không phải là một quốc gia liên bang và cũng không phải là một liên minh của nhiều quốc gia,như Quốc hội,10.128259658813477,8.474017143249512,-1.6542425155639648,0.5960024234710967
0014-0003-0002,True,không phải,Đế quốc không phải là một đất nước do tầng lớp qúy tộc cai trị nhưng cũng không nằm trong tay của một tập đòan,10.118369102478027,4.361634254455566,-5.756734848022461,0.38333556492197
0014-0003-0003,True,không nằm hòan tòan trong tay của hòang đế mà cũng không nằm hòan tòan trong tay của các tuyển hầu tước hay của một tập thể như Quốc hội Đế chế,đế quốc không nằm hòan tòan trong tay của hòang,10.131792068481445,5.407820701599121,-4.723971366882324,0.4358929139602707
0014-0003-0004,True,không phải là một đất nước do tầng lớp qúy tộc cai trị nhưng cũng không nằm trong tay của một tập đòan cai trị,", Đế quốc lại kết hợp những đặc điểm của các hình thức quốc gia này. Lịch sử của Đế quốc mang nhiều ảnh hưởng của cuộc tranh cãi về tính chất của",10.134541511535645,2.8446688652038574,-7.289872646331787,0.3103695492292708
0014-0003-0005,False,,. Đế quốc không phải là một đất nước do tầng lớp qúy tộc cai trị nhưng cũng không nằm trong tay của một tập đòan,10.151422500610352,4.572535514831543,-5.578886985778809,0.39223002853850475
0014-0003-0006,True,kết hợp những đặc điểm của các hình thức,kết hợp những đặc điểm của các hình thức quốc gia,10.152505874633789,1.2205002307891846,-8.932005643844604,0.24152596807376314
0014-0003-0007,False,,". Đế quốc không phải là một đất nước do tầng lớp qúy tộc cai trị nhưng cũng không nằm trong tay của một tập đòan cai trị. Mặc dù vậy, Đế quốc lại kết hợp những đặc điểm của các hình thức quốc gia",10.149179458618164,-1.24433434009552,-11.393513798713684,0.15937519117703566
0014-0003-0008,True,không nằm hòan tòan trong tay của hòang đế mà cũng không nằm hòan tòan trong tay của các tuyển hầu tước hay của một tập thể như Quốc hội Đế chế,. Đế quốc không phải là một đất nước do tầng lớp qúy tộc cai trị nhưng cũng không nằm trong tay của một tập đòan,10.138891220092773,7.25415563583374,-2.884735584259033,0.5323583269326523
0014-0004-0001,True,chỉ có chức năng tham khảo và trang trí,là cơ quan,10.150752067565918,3.7869796752929688,-6.363772392272949,0.3535900730274493
0014-0004-0002,True,phải thông qua Hội đồng,phải thông qua,9.92623233795166,10.640138626098633,0.7139062881469727,0.7084196622546949
0014-0004-0003,True,họ phớt lờ mối dây liên hệ giữa họ và Hòang đế,", họ phớt lờ mối dây liên hệ giữa họ và Hòang",10.023370742797852,10.389988899230957,0.36661815643310547,0.6930803093826008
0014-0004-0004,True,"về phe với Hòang đế, hoặc chống lại Hòang đế, hoặc giữ trung lập",": về phe với Hòang đế, hoặc chống lại Hòang đế, hoặc giữ",10.123414993286133,8.744434356689453,-1.3789806365966797,0.6098837994305191
0014-0004-0005,False,,để ban hành,10.10597038269043,10.835275650024414,0.7293052673339844,0.7090892978381322
0014-0004-0006,True,mọi quyền quyết định tôn giáo nào thần dân của họ phải theo,quyết định tôn giáo nào thần dân của họ phải,10.126167297363281,6.579068183898926,-3.5470991134643555,0.49751949078946284
0014-0004-0007,True,Hội đồng,vào Hội đồng,10.083395957946777,10.035703659057617,-0.047692298889160156,0.6742079264290121
0014-0005-0001,True,Viên,và,10.091615676879883,9.889846801757812,-0.2017688751220703,0.6670384571565074
0014-0005-0002,False,,", vì các giáo sĩ mong muốn người dân và cả quân vương phải sống đạo đức và biết kính trọng Đức",10.1435546875,2.7158048152923584,-7.427749872207642,0.3041870531185028
0014-0005-0003,True,Đức Chúa Trời,bởi các giáo sĩ dòng,10.140195846557617,4.792409420013428,-5.3477864265441895,0.40389466351913356
0014-0005-0004,True,giáo sĩ dòng Tên,bởi các giáo sĩ dòng,10.100566864013672,9.053717613220215,-1.046849250793457,0.6263973567315277
0014-0005-0005,False,,bởi các giáo sĩ dòng,10.141098022460938,4.688180923461914,-5.452917098999023,0.3985739348033536
0014-0005-0006,False,,". Họ trấn an các quân vương rằng ""mọi chuyện đã được định đọat bởi Thượng đế. Do đó các quân vương phải biết chăm chỉ cầu nguyện để Thượng đế soi sáng và giúp đỡ",10.138242721557617,0.8793002963066101,-9.258942425251007,0.22913435040935165
0014-0005-0007,True,có cuộc sống rất đạo đức,phải sống đạo đức và biết kính trọng Đức,10.14696979522705,2.278384208679199,-7.868585586547852,0.28489543620963553
0014-0005-0008,True,soi sáng và giúp đỡ họ,phải biết chăm chỉ,10.144706726074219,4.86563777923584,-5.279068946838379,0.4073848373113983
0014-0005-0009,True,Thượng đế,và,10.132280349731445,7.63885498046875,-2.4934253692626953,0.5528146698810277
0014-0006-0001,False,,phải qùy trên một,10.13454818725586,10.13974666595459,0.005198478698730469,0.6766505656461514
0014-0006-0002,True,Mọi chi tiết trong đời sống hàng ngày của Hòang đế ở triều đình đế quốc được đặt ra,ở triều đình,10.039775848388672,11.31385326385498,1.2740774154663086,0.7321835442446687
0014-0006-0003,True,Trong các gian phòng và các hành lang của cung điện cổ,", hòang",10.164106369018555,6.087217330932617,-4.0768890380859375,0.46965480780863594
0014-0006-0004,True,cúi đầu thật thấp và qùy một gối xuống,", triều thần phải cúi đầu thật thấp và qùy một gối",10.16972541809082,3.7385358810424805,-6.43118953704834,0.350350701993126
0014-0006-0005,False,,ở triều đình,10.133060455322266,9.605022430419922,-0.5280380249023438,0.6516017473248763
0014-0006-0006,True,phải qùy trên một đầu gối,phải qùy trên một,10.086551666259766,10.620894432067871,0.5343427658081055,0.7005447814378503
0014-0006-0007,False,,qua 24,10.160505294799805,9.289047241210938,-0.8714580535888672,0.6350030648141907
0014-0006-0008,False,,qua 24,9.627296447753906,11.754959106445312,2.1276626586914062,0.7659441660077619
0014-0006-0009,True,cung điện cổ tên là Hofburg,ăn hòang,10.161861419677734,2.9147024154663086,-7.247159004211426,0.3122988172177413
0014-0006-0010,True,24,qua 24,9.398467063903809,11.753501892089844,2.355034828186035,0.774421635590865
0014-0007-0001,True,Vào thập kỉ 1690,Vào,9.954584121704102,6.515178203582764,-3.439405918121338,0.5031912144265215
0014-0007-0002,True,thành lập vô số ủy ban,đều kình chống nhau một cách im lìm nhưng dữ dội sau lưng,10.15650749206543,6.854657173156738,-3.3018503189086914,0.5104342682033403
0014-0007-0003,False,,", sự hỗn độn của triều đình cũng là biểu trưng cho sự hỗn độn của cả đế quốc: không bao giờ có mối kết dính các cơ quan với",10.133068084716797,8.000980377197266,-2.1320877075195312,0.5715482468166182
0014-0007-0004,True,là một ông vua thiếu quyết đóan,". Nhút nhát, thiếu nhiệt huyết, ông chỉ biết lắng nghe ý kiến của cận thần rồi suy đi nghĩ lại về các đề xuất trái ngược",10.160240173339844,3.9761157035827637,-6.18412446975708,0.36228734241837496
0014-0007-0005,False,,của,10.107406616210938,3.392845630645752,-6.7145609855651855,0.33688777882141036
0014-0007-0006,False,,(1658-1705,10.102582931518555,5.217425346374512,-4.885157585144043,0.4275623397070091
0014-0007-0007,True,không bao giờ có mối kết dính các cơ quan với nhau,: không bao giờ có mối kết dính các cơ quan với,10.154637336730957,5.287395477294922,-4.867241859436035,0.42848633965717886
0014-0007-0008,True,nhà Habsburg,của,9.723393440246582,6.5217719078063965,-3.2016215324401855,0.5157092767694496
0014-0007-0009,True,kình chống nhau một cách im lìm,: không bao giờ có mối kết dính các cơ quan với,10.155919075012207,3.9416913986206055,-6.214227676391602,0.3608234739628063
0014-0007-0010,False,,", sự hỗn độn của triều đình cũng là biểu trưng cho sự hỗn độn của cả đế quốc: không bao giờ có mối kết dính các cơ quan với",10.159639358520508,0.9024078845977783,-9.25723147392273,0.2291980212542478
0014-0008-0001,True,ngai vàng và đế quốc đã được Thượng đế định đọat,: ngai vàng và đế quốc đã được,10.17241382598877,-0.6491296291351318,-10.821543455123901,0.1761880513792446
0014-0008-0002,False,,của,10.157035827636719,9.033791542053223,-1.123244285583496,0.622623446144433
0014-0008-0003,True,Leopold I,", Leopold",10.153855323791504,4.756736755371094,-5.39711856842041,0.40139503592712733
0014-0008-0004,True,Người sẽ phù hộ cho Hòang tộc này mãi trường tồn và phồn vinh,rằng việc quản trị hành chính chỉ là thứ yếu so với đức tin vào Thượng đế và sự ủng hộ của,10.172097206115723,5.029233932495117,-5.1428632736206055,0.41433012547890624
0014-0008-0005,False,,việc quản trị,10.144529342651367,10.505044937133789,0.3605155944824219,0.6928067699572092
0014-0008-0006,False,,đều,10.155158042907715,8.517032623291016,-1.6381254196166992,0.5968196891990174
0014-0008-0007,True,1711-1740,qua gần một,10.140972137451172,9.3497314453125,-0.7912406921386719,0.6389107996826137
0014-0008-0008,False,,rằng nền hành chính,10.17766284942627,0.1382043957710266,-10.039458453655243,0.20138946362185206
0014-0008-0009,True,không tin rằng nền hành chính hỗn độn là khiếm khuyết cốt lõi của đế quốc họ trị vì,đều,10.161306381225586,7.9613938331604,-2.1999125480651855,0.5680457957239206
0014-0008-0010,True,Thượng đế,vào Thượng đế và sự ủng hộ của,10.13755989074707,10.157559394836426,0.01999950408935547,0.6773324025861037
0014-0009-0001,True,Hòang thân Eugène của Savoie,"với John Churchill, Quận công Marlborough thứ nhất và vua Karl XII của Thụy",10.097957611083984,5.637418270111084,-4.4605393409729,0.4495839904341644
0014-0009-0002,False,,"trên lưỡi gươm sáng lóang của Hòang thân Eugène của Savoie. Ông là Thống chế của Đế quốc, Tổng Tư lệnh quân đội của",10.144845962524414,5.246413230895996,-4.898432731628418,0.42687800214640553
0014-0009-0003,True,Hòang thân Eugène của Savoie,với John,10.138352394104004,6.999748706817627,-3.138603687286377,0.5190241686525263
0014-0009-0004,True,vị thế của đế quốc trong thực tế lại lên cao,"trên lưỡi gươm sáng lóang của Hòang thân Eugène của Savoie. Ông là Thống chế của Đế quốc, Tổng Tư lệnh quân đội của",10.1617431640625,2.14908766746521,-8.01265549659729,0.2787527152264575
0014-0009-0005,True,Thụy Điển,ở châu,10.099660873413086,9.979755401611328,-0.11990547180175781,0.6708576044122295
0014-0009-0006,False,,ở châu,10.1558198928833,5.671372890472412,-4.484447002410889,0.448337986315316
0014-0009-0007,True,dựa trên lưỡi gươm sáng lóang của Hòang thân Eugène của Savoie,trên,9.469718933105469,7.513766288757324,-1.9559526443481445,0.5806095604813258
0014-0009-0008,False,,"với John Churchill, Quận công Marlborough thứ nhất và vua Karl XII của Thụy",10.09182357788086,8.068721771240234,-2.023101806640625,0.5771611160555351
0014-0009-0009,True,thiếu năng lực,đế thiếu năng lực và bộ máy triều đình,10.15465259552002,6.427424430847168,-3.7272281646728516,0.4880350492230266
0014-0010-0001,True,năm 1701,(1657-1713,10.093820571899414,6.763381004333496,-3.330439567565918,0.5089291478728436
0014-0010-0002,False,,"nhằm biến công quốc của ông thành một vương quốc, sau này gọi là nước",10.133764266967773,8.450252532958984,-1.683511734008789,0.5945168800268757
0014-0010-0003,True,"dựa trên lý lẽ đất đai ông chiếm được là từ Thụy Điển,[cần dẫn nguồn] và cũng dựa trên sức ép của nước ngòai",", Friedrich dựa trên lý lẽ đất đai ông chiếm được là từ Thụy",10.147221565246582,2.6251821517944336,-7.522039413452148,0.29999923055305505
0014-0010-0004,True,Friedrich I,vua Friedrich,9.698474884033203,10.807029724121094,1.1085548400878906,0.725290799422777
0014-0010-0005,True,Hòang đế,Bình thường Hòang,10.027109146118164,10.141337394714355,0.1142282485961914,0.6816554695500424
0014-0010-0006,True,không cho phép lãnh chúa nào xưng làm vua,ý nghĩa vị trí gần ngang bằng Hòang,10.147238731384277,6.036920547485352,-4.110318183898926,0.46790108980645806
0014-0010-0007,False,,Bình thường Hòang,10.00953483581543,10.084213256835938,0.07467842102050781,0.6798447388433797
0014-0010-0008,True,Friedrich III,của tuyển hầu Friedrich,9.992053985595703,10.18733024597168,0.19527626037597656,0.6853489934777353
0014-0011-0001,True,tạo ảnh hưởng cho chính mình,mà tham gia vào chính sách của đế chế và đã có thể tạo ảnh hưởng cho chính,10.146757125854492,3.751291275024414,-6.395465850830078,0.352065516825337
0014-0011-0002,False,,"lựa chọn hòang đế, đại hội đế chế và các đại diện tầng lớp",10.138692855834961,4.096723556518555,-6.041969299316406,0.3692343009646358
0014-0011-0003,True,"các đạo luật đế chế, tòa án đế chế và các nghị quyết của quốc hội đế chế","theo các đạo luật đế chế, tòa án đế chế và các nghị quyết của quốc hội",10.066625595092773,11.14730167388916,1.0806760787963867,0.7241190782463351
0014-0011-0004,True,"bao trùm nhiều lãnh thổ như một ""liên hiệp"" và tạo ra khuôn khổ luật lệ cho cuộc chung sống của những vị lãnh chúa",Thánh bao trùm nhiều,10.045265197753906,8.775449752807617,-1.269815444946289,0.6153414000321972
0014-0011-0005,True,hòang đế,". Các công tước và hầu tước trên thực tế là tự chủ nhưng lại không có chủ quyền này, công nhận vị hòang",10.138343811035156,6.1231184005737305,-4.015225410461426,0.4728916629610624
0014-0011-0006,False,,công nhận vị hòang,9.740531921386719,11.553754806518555,1.813222885131836,0.7538603792095995
0014-0011-0007,True,Các công tước và hầu tước,.,9.965375900268555,6.56370210647583,-3.4016737937927246,0.5051782787989479
0014-0012-0001,False,,"lịch sử châu Âu. Đây cũng là cuộc chiến tôn giáo cuối cùng ở châu Âu khiến cho Đế quốc bị tàn phá nặng nề, nhiều thành thị và vùng",10.12651538848877,9.225632667541504,-0.9008827209472656,0.6335651589137886
0014-0012-0002,True,một bên là những hòang thân người Đức và bên kia chủ yếu là Thụy Điển và Pháp,là Thụy Điển và,10.146528244018555,3.763000011444092,-6.383528232574463,0.35263940239987257
0014-0012-0003,True,hạn chế quyền lực của Đế quốc La Mã thần Thánh,là một trong những cuộc chiến gây tàn phá nặng nề nhất trong lịch sử châu,10.13975715637207,6.123610496520996,-4.016146659851074,0.4728432871638098
0014-0012-0004,True,lãnh thổ của người Đức,trên những lãnh thổ của người,10.13154125213623,9.056976318359375,-1.0745649337768555,0.6250299538220584
0014-0012-0005,True,1618-1648,"trong giai đọan 1618-1648, mà các sử gia gọi là Chiến tranh Ba mươi",10.065474510192871,8.183073043823242,-1.882401466369629,0.5843777542502081
0014-0012-0006,True,xung đột tôn giáo giữa các phe nhóm Công giáo và Tin Lành,. Chiến tranh Ba mươi năm là một trong những cuộc chiến gây tàn phá nặng nề nhất trong lịch sử châu,10.160135269165039,4.029720306396484,-6.130414962768555,0.3649054869913071
0014-0013-0001,False,,năm,10.125822067260742,4.825172424316406,-5.300649642944336,0.4062877248108255
0014-0013-0002,True,châu Âu,",",9.958829879760742,9.930397033691406,-0.028432846069335938,0.6750984850796563
0014-0013-0003,True,350,– khỏang 350 mảnh đất,9.956975936889648,9.069648742675781,-0.8873271942138672,0.6342278790996289
0014-0013-0004,True,khiến cho đế quốc này không bao giờ hồi phục hòan tòan,này không bao giờ hồi phục hòan tòan. Hòa ước Westfalen gây tai hại cho tương lai nước,10.155706405639648,6.615894317626953,-3.5398120880126953,0.49790326239615196
0014-0013-0005,False,,– khỏang,10.06472396850586,8.542586326599121,-1.5221376419067383,0.6026851019487731
0014-0013-0006,False,,vào cuối thế kỷ 15 và đầu thế kỷ,10.171244621276855,4.069249629974365,-6.10199499130249,0.3662941093970193
0014-0013-0007,True,chế độ phong kiến đã ra đi,vào cuối thế kỷ 15 và đầu thế kỷ,10.170446395874023,5.057864189147949,-5.112582206726074,0.41587893556805056
0014-0013-0008,True,năm 1648,năm,9.965887069702148,5.934793472290039,-4.031093597412109,0.47205847927304856
0014-0014-0001,True,những ông vua ti tiện,"khi Vương công Eugène xứ Savoie qua đời, Quân đội Đế quốc cũng suy yếu, bị đánh tan tác trong một cuộc chiến tranh với quân Thổ Nhĩ Kỳ",10.145713806152344,5.138406753540039,-5.007307052612305,0.421276284471404
0014-0014-0002,False,,"khi Vương công Eugène xứ Savoie qua đời, Quân đội Đế quốc cũng suy yếu, bị đánh tan tác trong một cuộc chiến tranh với quân Thổ Nhĩ Kỳ",10.1629638671875,1.930963158607483,-8.232000708580017,0.26955819252496027
0014-0014-0003,True,không bao giờ phục hồi,Đế quốc,10.155611038208008,5.803309917449951,-4.352301120758057,0.45523277368239096
0014-0014-0004,False,,Đức lùi lại phía sau những nước Tây Âu,10.159584045410156,6.30446720123291,-3.855116844177246,0.48130607635147815
0014-0014-0005,True,"Sự chậm tiến về chính trị như thế, cộng thêm tình trạng chia rẽ và cô lập khỏi những trào lưu tư tưởng và phát triển",Đức lùi lại phía sau những nước Tây Âu,10.155481338500977,7.056511878967285,-3.0989694595336914,0.5211081863373795
0014-0014-0006,True,Vương công Eugène xứ Savoie qua đời,"khi Vương công Eugène xứ Savoie qua đời, Quân đội Đế quốc cũng suy yếu, bị đánh tan tác trong một cuộc chiến tranh với quân Thổ Nhĩ Kỳ",10.097709655761719,10.65559196472168,0.5578823089599609,0.7015840431009795
0014-0014-0007,True,Pháp,", liên quân Nga - Áo - Phổ lâm chiến với",9.972391128540039,10.865806579589844,0.8934154510498047,0.7161690295361345
0014-0014-0008,False,,"khi Vương công Eugène xứ Savoie qua đời, Quân đội Đế quốc cũng suy yếu, bị đánh tan tác trong một cuộc chiến tranh với quân Thổ Nhĩ Kỳ",10.156059265136719,3.620889186859131,-6.535170078277588,0.34538149512970573
0014-0015-0001,True,16 tháng 12 năm 1740,Vào ngày 16 tháng,10.107980728149414,6.082498550415039,-4.025482177734375,0.47235309798948855
0014-0015-0002,True,chinh phạt tòan bộ tỉnh Silesia,đã thay đổi hòan tòan sự cân bằng quyền lực trong Đế quốc La Mã Thần Thánh và đưa nước Phổ lên hàng liệt,10.165392875671387,4.388653755187988,-5.776739120483398,0.3823398653202764
0014-0015-0003,True,Breslau,là,9.59875202178955,7.844579696655273,-1.7541723251342773,0.5909234488517571
0014-0015-0004,False,,năm tháng thù hằn,10.169673919677734,2.3986282348632812,-7.771045684814453,0.2891001604178313
0014-0015-0005,False,,chống trả chẳng tới nơi tới chốn của Quân đội,10.167213439941406,5.95231819152832,-4.214895248413086,0.4624202137814986
0014-0015-0006,False,,là Phổ và,10.096234321594238,9.877243995666504,-0.21899032592773438,0.6662322082504288
0014-0015-0007,True,Phổ và Áo,là Phổ và,10.100873947143555,10.151634216308594,0.05076026916503906,0.6787470418399943
0014-0015-0008,False,,Vào ngày 16 tháng,10.142227172851562,5.668381690979004,-4.473845481872559,0.4488904304579587
0014-0015-0009,True,đưa nước Phổ lên hàng liệt cường,. Cuộc chinh phạt tỉnh Silesia đã thay đổi hòan tòan sự cân bằng quyền lực trong Đế quốc La Mã Thần Thánh và đưa nước Phổ lên hàng liệt,10.165735244750977,3.3296396732330322,-6.836095571517944,0.3311922991622994
0014-0016-0001,True,Vương triều Habsburg đã kiệt quệ,đã,10.149826049804688,8.575799942016602,-1.574026107788086,0.600064680026126
0014-0016-0002,False,,Quốc vương Friedrich II,10.125110626220703,7.380335807800293,-2.74477481842041,0.5396911236964207
0014-0016-0003,True,phải thiết lập liên minh với Đế quốc Nga và Pháp,phải thiết lập liên minh với Đế quốc Nga và,10.149361610412598,9.607195854187012,-0.5421657562255859,0.6509257920242723
0014-0016-0004,True,xua quân đánh xứ Sachsen (1756),Đại Đế ra tay,10.171828269958496,4.081020355224609,-6.090807914733887,0.36684133023257903
0014-0016-0005,True,Thụy Điển,cả quân Thụy,10.137142181396484,9.054962158203125,-1.0821800231933594,0.624653899049261
0014-0016-0006,True,Phổ,Quốc vương Friedrich II,10.100931167602539,9.875898361206055,-0.22503280639648438,0.6659490893780807
0014-0017-0001,True,bảo vệ được họ thóat khỏi những tham vọng của đương kim Hòang đế,", bảo vệ được họ thóat khỏi những tham vọng của đương kim Hòang",10.164974212646484,6.039631366729736,-4.125342845916748,0.46711314042452734
0014-0017-0002,False,,", vua Friedrich II",10.126785278320312,7.524977684020996,-2.6018075942993164,0.5471637133081875
0014-0017-0003,False,,phải tiến hành,10.163604736328125,4.025055885314941,-6.138548851013184,0.3645084710064987
0014-0017-0004,False,,", bảo vệ được họ thóat khỏi những tham vọng của đương kim Hòang",10.168426513671875,5.402886867523193,-4.765539646148682,0.4337408827483614
0014-0017-0005,True,"Với thất bại của nền quân chủ Habsburg trong các cuộc chiến tranh nêu trên, và sự phát triển lớn mạnh của nền quân chủ Phổ",". Với thất bại của nền quân chủ Habsburg trong các cuộc chiến tranh nêu trên, và sự phát triển lớn mạnh của nền quân chủ",9.991153717041016,10.604290008544922,0.6131362915039062,0.7040153190157187
0014-0017-0006,True,Khi Hòang đế Joseph II lại muốn chiếm xứ Bayern vào thập niên 1780,", bảo vệ được họ thóat khỏi những tham vọng của đương kim Hòang",10.167298316955566,5.766883850097656,-4.40041446685791,0.4527203030914416
0014-0017-0007,True,rất được lòng nhân dân Phổ,giờ đây không chỉ rất được lòng nhân dân,10.171285629272461,3.351041316986084,-6.820244312286377,0.33193238382842305
0014-0017-0008,True,đương kim Quốc vương Friedrich II Đại Đế nước Phổ,của đương kim Quốc vương Friedrich II Đại Đế nước,10.14689826965332,6.605829238891602,-3.5410690307617188,0.497837065246402
0015-0001-0001,True,"Hung Nô, Tiên Ti, Nhu Nhiên","như Hung Nô, Tiên Ti, Nhu",9.950864791870117,10.915103912353516,0.9642391204833984,0.7191920349352313
0015-0001-0002,False,,.,9.832880973815918,5.5707573890686035,-4.2621235847473145,0.45994787419647537
0015-0001-0003,True,đế quốc lục địa liền kề lớn nhất trong lịch sử nhân lọai,", Thành Cát Tư",10.165935516357422,1.3903110027313232,-8.775624513626099,0.2476122893090845
0015-0001-0004,True,Cháu nội,. Cháu nội của ông là Hốt Tất,9.711207389831543,11.29787826538086,1.5866708755493164,0.744897602363462
0015-0001-0005,True,thời kỳ Đạt Diên Hãn và Trát Tát Khắc Đồ Hãn,thời kỳ Đạt Diên Hãn và Trát Tát Khắc Đồ,10.154132843017578,8.32219409942627,-1.8319387435913086,0.5869574075001461
0015-0001-0006,True,lập ra Đế quốc Mông Cổ,Liệt lập ra nhà Nguyên và chinh phục miền Nam,10.142889976501465,6.888745307922363,-3.2541446685791016,0.5129453631046386
0015-0001-0007,True,Năm 1206,". Năm 1206, Thành Cát Tư",9.954108238220215,5.3958740234375,-4.558234214782715,0.44449654655510823
0015-0002-0001,True,thế kỷ XVI,Đến thế kỷ,9.812347412109375,11.547541618347168,1.735194206237793,0.7507975370478897
0015-0002-0002,True,Liên Xô,từ Trung Hoa Dân,9.738264083862305,11.474319458007812,1.7360553741455078,0.7508314788511284
0015-0002-0003,True,Sau khi nhà Thanh sụp đổ vào năm 1911,khi nhà Thanh sụp đổ vào năm,10.124187469482422,8.857507705688477,-1.2666797637939453,0.6154977443273509
0015-0002-0004,True,Cộng hòa Nhân dân Mông Cổ,", Cộng hòa Nhân dân",9.253865242004395,11.748726844787598,2.494861602783203,0.7795258541648131
0015-0002-0005,False,,", Mông Cổ tiến hành cách mạng dân chủ hòa bình vào đầu năm",10.156171798706055,8.571964263916016,-1.584207534790039,0.599549829457611
0015-0002-0006,True,tiến hành cách mạng dân chủ hòa bình vào đầu năm 1990,", Mông Cổ tiến hành cách mạng dân chủ hòa bình vào đầu năm",10.145350456237793,8.897232055664062,-1.2481184005737305,0.6164227198640503
0015-0002-0007,False,,. Sau khi nhà Thanh sụp đổ vào năm,10.157814025878906,7.921694755554199,-2.236119270324707,0.5661732807905008
0015-0002-0008,True,Liên Xô,của,9.983650207519531,9.894508361816406,-0.089141845703125,0.6722870289009374
0015-0002-0009,False,,Đến thế kỷ,9.82931137084961,11.54116439819336,1.71185302734375,0.7498763991429304
0015-0003-0001,True,các bằng chứng khảo cổ học tại Mông Cổ trong văn hóa Afanasevo (3500–2500 TCN) thời đại đồ đồng đá và thời đại đồ đồng,qua các bằng chứng khảo cổ học tại Mông Cổ trong văn hóa Afanasevo (3500–2500 TCN) thời đại đồ đồng đá và thời đại đồ,9.622823715209961,10.180521011352539,0.5576972961425781,0.7015758829416356
0015-0003-0002,True,hiên niên kỷ 2 TCN,(thiên niên kỷ 2,10.167830467224121,6.6689276695251465,-3.4989027976989746,0.5000577854343626
0015-0003-0003,True,năm 2200 TCN,–2500,10.176968574523926,-0.9561784863471985,-11.133147060871124,0.1668617106933857
0015-0003-0004,True,Đế quốc Hung Nô,vào Đế quốc Hung,9.763072967529297,11.652532577514648,1.8894596099853516,0.7568282978066975
0015-0003-0005,False,,qua các bằng chứng khảo cổ học tại Mông Cổ trong văn hóa Afanasevo (3500–2500 TCN) thời đại đồ đồng đá và thời đại đồ,10.153579711914062,7.854414939880371,-2.2991647720336914,0.5629082528107179
0015-0003-0006,True,gia công kim,.,9.968289375305176,6.849917411804199,-3.1183719635009766,0.5200880654911776
0015-0003-0007,True,"Norovlin, Tamsagbulag, Bayanzag, và Rashaan Khad",như,10.153228759765625,1.9943196773529053,-8.15890908241272,0.2726007065254628
0015-0004-0001,True,Các cuộc xâm phạm của các dân tộc chăn nuôi gia súc ở phương bắc vào Trung Quốc trong thời nhà Thương và nhà Chu,. Các cuộc xâm phạm của các dân tộc chăn nuôi gia súc ở phương bắc vào Trung Quốc trong thời nhà Thương và nhà,9.475425720214844,11.866498947143555,2.391073226928711,0.7757451422094785
0015-0004-0002,True,Khi sinh họat du mục cưỡi ngựa được đưa đến Mông Cổ,. Khi sinh họat du mục cưỡi ngựa được đưa đến,10.140254974365234,10.093301773071289,-0.04695320129394531,0.6742421256364989
0015-0004-0003,True,miền tây Mông Cổ,tại miền tây,9.767961502075195,11.086053848266602,1.3180923461914062,0.7339978556041321
0015-0004-0004,False,,tại miền tây,9.45246696472168,11.738855361938477,2.286388397216797,0.7718853165420785
0015-0004-0005,True,dãy núi Altai,hiện tại dãy núi Altai của,9.19364070892334,11.42728042602539,2.233639717102051,0.7699227747832508
0015-0004-0006,True,2.500 năm,. Xác một chiến binh Scythia phát hiện tại dãy núi Altai của Mông Cổ được cho là có niên đại khỏang 2.500,10.169966697692871,3.3331503868103027,-6.836816310882568,0.33115866812432854
0015-0004-0007,True,Mongoloid,chủng Europoid (da,9.578861236572266,10.520957946777344,0.9420967102050781,0.7182490292022969
0015-0005-0001,True,Đế quốc Tiên Ti,bằng Đế quốc Tiên,9.944137573242188,11.671524047851562,1.727386474609375,0.7504896646144671
0015-0005-0002,True,phòng thủ trước các cuộc tấn công hủy diệt của Hung Nô,nhằm phòng thủ trước các cuộc tấn công hủy diệt của,9.97520637512207,10.010364532470703,0.03515815734863281,0.6780299331715292
0015-0005-0003,True,xây Trường thành,"phải xây Trường thành. Tướng quân Mông Điềm của Tần phải đem 30 vạn quân canh giữ biên giới phía bắc, nhằm phòng thủ trước các cuộc tấn công hủy",10.175649642944336,2.0796940326690674,-8.095955610275269,0.2752383527139632
0015-0005-0004,False,,là,10.078598022460938,9.80685043334961,-0.2717475891113281,0.6637562540632115
0015-0005-0005,True,Hung Nô,là,10.02492618560791,9.905989646911621,-0.11893653869628906,0.670902674093381
0015-0005-0006,True,Đế quốc Tiên Ti,là,10.12795352935791,9.174518585205078,-0.953434944152832,0.630991156060881
0015-0005-0007,True,"chức vụ hãn, Kurultai (hội đồng tối cao), tả dực và hữu dực, quân đội đế quốc (Keshig) và hệ thống quân sự theo hệ thập phân","là chức vụ hãn, Kurultai (hội đồng tối cao), tả dực và hữu dực, quân đội đế quốc (Keshig) và hệ thống quân sự theo hệ thập",10.123546600341797,7.778194904327393,-2.3453516960144043,0.5605128232214621
0015-0005-0008,False,,"phải xây Trường thành. Tướng quân Mông Điềm của Tần phải đem 30 vạn quân canh giữ biên giới phía bắc, nhằm phòng thủ trước các cuộc tấn công hủy",10.175878524780273,2.569138765335083,-7.60673975944519,0.2962655520065704
0015-0006-0001,True,Người Khiết Đan,. Người Khiết,9.609703063964844,11.768348693847656,2.1586456298828125,0.7671122567141965
0015-0006-0002,True,Đột Quyết,bị Đột,9.501585006713867,11.812581062316895,2.3109960556030273,0.7727968137057888
0015-0006-0003,True,người Tiên Ti,gốc người Tiên,9.864371299743652,11.630351066589355,1.7659797668457031,0.7520089900290983
0015-0006-0004,True,576,vào năm,9.710700035095215,10.957696914672852,1.2469968795776367,0.731063382840495
0015-0006-0005,True,907,vào năm,10.141016006469727,8.036649703979492,-2.1043663024902344,0.5729777300484235
0015-0006-0006,True,Krym tại châu Âu,bao vây Panticapaeum nay thuộc Krym tại châu,10.009472846984863,11.511514663696289,1.5020418167114258,0.7414950009852683
0015-0006-0007,False,,bao vây Panticapaeum nay thuộc Krym tại châu,10.131160736083984,10.504459381103516,0.37329864501953125,0.6933795979571491
0015-0007-0001,False,,"kéo dài từ Ukraina hiện nay đến bán đảo Triều Tiên, và từ Siberia đến vịnh Oman và Việt Nam",10.167060852050781,5.840224266052246,-4.326836585998535,0.45656345840969315
0015-0007-0002,False,,nên Đế quốc,10.146957397460938,7.954836845397949,-2.1921205520629883,0.5684485246627675
0015-0007-0003,True,"từ Ukraina hiện nay đến bán đảo Triều Tiên, và từ Siberia đến vịnh Oman và Việt Nam hiện nay","kéo dài từ Ukraina hiện nay đến bán đảo Triều Tiên, và từ Siberia đến vịnh Oman và Việt Nam",10.157770156860352,7.823769569396973,-2.334000587463379,0.5611018006574195
0015-0007-0004,False,,(22,10.133613586425781,7.820413112640381,-2.3132004737854004,0.5621806129316919
0015-0007-0005,True,trên 100 triệu người,đạt trên 100 triệu,10.097402572631836,9.597515106201172,-0.49988746643066406,0.6529468187340336
0015-0007-0006,True,các bộ lạc Mông Cổ nằm giữa Mãn Châu và dãy núi Altai,thành công các bộ lạc,10.163625717163086,5.8664398193359375,-4.297185897827148,0.45811367673517983
0015-0007-0007,False,,thành công các bộ lạc,10.162708282470703,6.221836566925049,-3.9408717155456543,0.4767976547705851
0015-0007-0008,True,Đế quốc Mông Cổ,nên Đế quốc,10.010948181152344,11.130834579467773,1.1198863983154297,0.7257661707300427
0015-0007-0009,True,22%,(22,10.138508796691895,8.351982116699219,-1.7865266799926758,0.5892748015168813
0015-0007-0010,False,,đạt trên 100 triệu,10.101004600524902,9.358901023864746,-0.7421035766601562,0.6412954688927113
0015-0007-0011,True,Thiết Mộc Chân,nên Đế quốc,10.094923973083496,8.882869720458984,-1.2120542526245117,0.6182175063764017
0015-0008-0001,False,,vào,9.243535041809082,7.2869791984558105,-1.9565558433532715,0.5805786176935234
0015-0008-0002,True,đất tổ của người Mông Cổ và Trung Quốc,bao gồm đất tổ của người Mông Cổ và,10.049802780151367,10.808693885803223,0.7588911056518555,0.7103733101002149
0015-0008-0003,True,Bắc Kinh,tại,10.070737838745117,9.863614082336426,-0.2071237564086914,0.6667878645469024
0015-0008-0004,True,kinh thành Hòa Lâm,diệt kinh thành Hòa,10.072632789611816,10.965336799621582,0.8927040100097656,0.7161385632183295
0015-0008-0005,False,,thời Hốt Tất Liệt thì được gọi là nhà,10.153356552124023,5.277076721191406,-4.876279830932617,0.42802014534735877
0015-0008-0006,False,,tại,10.154796600341797,9.188135147094727,-0.9666614532470703,0.6303421403530943
0015-0008-0007,True,1368,vào,9.2520751953125,7.288700103759766,-1.9633750915527344,0.5802287611762333
0015-0008-0008,True,Bắc Kinh,tại,10.084089279174805,9.831978797912598,-0.25211048126220703,0.66467890474539
0015-0008-0009,True,Đại hãn quốc,thời Hốt Tất,10.056395530700684,11.184627532958984,1.1282320022583008,0.7261159505302998
0015-0009-0001,True,người Ngõa Lạt,và người Ngõa,9.931215286254883,11.270641326904297,1.339426040649414,0.7348744131868847
0015-0009-0002,True,1449,vào,9.892284393310547,6.065437316894531,-3.8268470764160156,0.4827930164748314
0015-0009-0003,True,Bắc Nguyên,là Bắc,10.140457153320312,8.510760307312012,-1.6296968460083008,0.597246871684653
0015-0009-0004,True,1454,Đến đầu thế kỷ,10.137411117553711,7.052208423614502,-3.085202693939209,0.5218318920527463
0015-0009-0005,True,Thổ Mộc bảo,trong sự biến Thổ Mộc,10.067025184631348,10.246461868286133,0.17943668365478516,0.6846289737026668
0015-0009-0006,False,,biến Thổ Mộc,10.080867767333984,9.849587440490723,-0.23128032684326172,0.6656562376146644
0015-0009-0007,True,dòng hậu duệ Thành Cát Tư Hãn và người Ngõa Lạt không phải hậu duệ của ông,giữa dòng hậu duệ Thành Cát Tư Hãn và người Ngõa Lạt không phải hậu duệ của ông (người Mông Cổ,10.15599250793457,4.714174747467041,-5.441817760467529,0.39913457304018374
0015-0010-0001,False,,thành lập thành phố Hohhot nay thuộc Nội,10.01531982421875,7.222952842712402,-2.7923669815063477,0.5371994512249876
0015-0010-0002,True,A Nhĩ Thản Hãn gặp Đạt Lai Lạt Ma vào năm 1578,. sau khi A Nhĩ Thản Hãn gặp Đạt Lai Lạt,10.061286926269531,10.23249626159668,0.17120933532714844,0.6842546326091342
0015-0010-0003,True,Đạt Diên Hãn và phu nhân là Mãn Đô Hải,", Đạt Diên Hãn và phu nhân là Mãn Đô",9.590201377868652,11.290586471557617,1.7003850936889648,0.749422997348237
0015-0010-0004,False,,. sau khi A Nhĩ Thản Hãn gặp Đạt Lai Lạt,10.107866287231445,9.655887603759766,-0.4519786834716797,0.6552303506397776
0015-0010-0005,True,nắm giữ quyền lực thế tục đáng kể,"Mông Cổ hiến đất, tiền và mục",10.089941024780273,10.583479881286621,0.49353885650634766,0.698738406652939
0015-0010-0006,True,Erdene Zuu,lập,9.71619987487793,7.230373382568359,-2.4858264923095703,0.5532103747334418
0015-0010-0007,True,Mãn Đô Hải,là Mãn Đô,10.062345504760742,8.994742393493652,-1.0676031112670898,0.6253736164545313
0015-0010-0008,True,Hohhot,thành phố Hohhot nay thuộc Nội,9.853559494018555,10.727550506591797,0.8739910125732422,0.715336500890595
0015-0011-0001,True,Người Khách Nhĩ Khách cuối cùng quy phục nhà Thanh vào năm 1691,vào,10.144088745117188,2.1469321250915527,-7.997156620025635,0.27940962940993674
0015-0011-0002,False,,nhằm tranh nhau cướp bóc các thành thị của,10.128585815429688,8.077935218811035,-2.0506505966186523,0.5757441498869006
0015-0011-0003,True,tranh nhau cướp bóc các thành thị của Trung Quốc,nhằm tranh nhau cướp bóc các thành thị của,10.015735626220703,10.356428146362305,0.34069252014160156,0.691917291105756
0015-0011-0004,True,60 vạn hoặc hơn,hoặc 60 vạn hoặc,9.95730209350586,10.724925994873047,0.7676239013671875,0.7107516673080821
0015-0011-0005,True,Tân Cương,phạt Dzungaria nay thuộc,10.02251148223877,10.786636352539062,0.764124870300293,0.7106001034441167
0015-0011-0006,True,người Mãn,. Người Khách Nhĩ,9.957107543945312,10.370388984680176,0.4132814407348633,0.6951674334377719
0015-0012-0001,False,,có trên 700 tu viện lớn,10.130502700805664,8.92772102355957,-1.2027816772460938,0.6186784511878934
0015-0012-0002,True,"duy trì quyền cai trị Ngọai Mông thông qua một lọat liên minh và thông hôn, cũng như các phương thức quân sự và kinh tế",thông qua một lọat liên minh và thông,10.138222694396973,8.331180572509766,-1.807042121887207,0.5882283751308024
0015-0012-0003,True,"Thái độ của giới qúy tộc Mông Cổ, cùng với hành động cho vay nặng lãi của các thương nhân Trung Quốc, cùng thu thuế bằng vàng thay vì động vật",". Thái độ của giới qúy tộc Mông Cổ, cùng với hành động cho vay nặng lãi của các thương nhân Trung Quốc, cùng thu thuế bằng vàng thay vì",10.007165908813477,9.313948631286621,-0.6932172775268555,0.6436610537117347
0015-0012-0004,True,21%,;,10.145917892456055,9.289175033569336,-0.8567428588867188,0.6357212569632754
0015-0012-0005,True,tăng cường quyền đại diện song lại ít chịu trách nhiệm hơn đối với thần dân của mình,công tăng cường quyền đại diện song lại ít chịu trách nhiệm hơn đối với thần dân của,10.12369155883789,8.99525260925293,-1.128438949584961,0.6223662835777641
0015-0012-0006,True,700 tu viện,có trên 700 tu viện lớn,10.125739097595215,9.019376754760742,-1.1063623428344727,0.6234587118706484
0015-0013-0001,False,,cách tiêu diệt những người liên,10.021793365478516,11.11876106262207,1.0969676971435547,0.7248041770327005
0015-0013-0002,True,Khorloogiin Choibalsan,", Khorloogiin Choibalsan lên nắm",9.101778030395508,7.389650344848633,-1.712127685546875,0.5930628176587621
0015-0013-0003,False,,theo chủ nghĩa liên,10.001008987426758,10.960443496704102,0.9594345092773438,0.7189875786188377
0015-0013-0004,False,,. Nước Cộng hòa Nhân dân,9.8031005859375,10.71757984161377,0.9144792556762695,0.7170701579878652
0015-0013-0005,True,"ung thư thanh quản, hoặc theo một số nguồn là dưới tay các điệp viên Liên Xô",vì ung thư,10.152969360351562,5.146966934204102,-5.006002426147461,0.42134329229846523
0015-0013-0006,True,Cộng hòa Nhân dân Mông Cổ,"điệp viên Liên Xô, hệ thống chính trị của quốc gia thay đổi. Nước Cộng hòa Nhân dân",10.001270294189453,10.134443283081055,0.13317298889160156,0.6825208903307156
0015-0013-0007,True,chủ nghĩa liên Mông Cổ,theo chủ nghĩa liên,10.006184577941895,11.150842666625977,1.144658088684082,0.726803586161552
0015-0013-0008,True,tiêu diệt những người liên Mông Cổ,cách tiêu diệt những người liên,9.963008880615234,11.172593116760254,1.2095842361450195,0.7295109800813262
0015-0014-0001,False,,. Thanh trừng kiểu,9.967852592468262,10.681842803955078,0.7139902114868164,0.7084233141781451
0015-0014-0002,False,,"rằng ""Nhân dân Mông Cổ không quan trọng, đất mới quan trọng. Đất Mông Cổ lớn hơn Anh, Pháp và",10.115036964416504,7.186371803283691,-2.9286651611328125,0.5300537409575418
0015-0014-0003,False,,đều bị người Nga,10.132781982421875,9.015987396240234,-1.1167945861816406,0.6229426433684844
0015-0014-0004,True,30.000 người,trên 30.000,10.04193115234375,10.331466674804688,0.2895355224609375,0.6896152494068717
0015-0014-0005,True,bị người Nga hành quyết,đều bị người Nga,10.129082679748535,9.046606063842773,-1.0824766159057617,0.6246392494114423
0015-0014-0006,True,Stalin,. Thanh trừng kiểu,9.843522071838379,10.649764060974121,0.8062419891357422,0.7124213148538774
0015-0014-0007,True,"Nhân dân Mông Cổ không quan trọng, đất mới quan trọng","rằng ""Nhân dân Mông Cổ không quan trọng, đất mới quan trọng. Đất Mông Cổ lớn hơn Anh, Pháp và",10.10289192199707,8.321495056152344,-1.7813968658447266,0.5895363309518847
0015-0014-0008,False,,trên 30.000,10.113834381103516,9.542447090148926,-0.5713872909545898,0.6495257333310913
0015-0014-0009,True,đề phòng tái thống nhất liên Mông Cổ,đề phòng tái thống nhất liên,10.085495948791504,9.83203411102295,-0.2534618377685547,0.6646154513695904
0015-0015-0001,True,Liên Xô tham gia Chiến tranh Thái Bình Dương,về Liên Xô tham gia Chiến tranh,10.107431411743164,9.782514572143555,-0.3249168395996094,0.6612518302930842
0015-0015-0002,True,ngày 20 tháng 10 năm 1945,vào ngày 20 tháng 10 năm,9.697534561157227,11.125062942504883,1.4275283813476562,0.7384747437083905
0015-0015-0003,False,,và,10.063142776489258,9.699049949645996,-0.3640928268432617,0.6594007240732486
0015-0015-0004,False,,vào ngày 6 tháng 10 năm,9.93167495727539,11.19012451171875,1.2584495544433594,0.7315374734060202
0015-0015-0005,True,ngày 6 tháng 10 năm 1949,vào ngày 6 tháng 10 năm,9.652597427368164,11.703092575073242,2.050495147705078,0.7630172194229892
0015-0015-0006,True,Hoa Kỳ và Trung Hoa Dân Quốc tại Đài Loan phủ quyết,do Hoa Kỳ và Trung Hoa Dân Quốc tại Đài Loan,10.152332305908203,10.24635124206543,0.09401893615722656,0.6807308972724578
0015-0015-0007,False,,vào ngày 20 tháng 10 năm,9.891858100891113,10.221744537353516,0.32988643646240234,0.6914318113847997
0015-0015-0008,True,Liên Xô,nước Cộng hòa Nhân dân,10.127110481262207,9.650588989257812,-0.47652149200439453,0.6540614255260611
0015-0016-0001,True,Liên Xô,Được,9.684219360351562,9.791152000427246,0.1069326400756836,0.6813218613734214
0015-0016-0002,True,tuyên bố ông nghỉ hưu và thay thế ông bằng Jambyn Batmönkh,quốc hội tuyên bố ông nghỉ,10.123143196105957,9.142732620239258,-0.9804105758666992,0.6296669804784045
0015-0016-0003,False,,. Chính sách ngọai,10.150646209716797,3.521648406982422,-6.628997802734375,0.34092625802856585
0015-0016-0004,True,Liên Xô,với,9.42452335357666,9.952655792236328,0.528132438659668,0.7002702526881863
0015-0016-0005,True,Yumjaagiin Tsedenbal,",",8.939260482788086,7.2857890129089355,-1.6534714698791504,0.5960415338288861
0015-0016-0006,True,năm đến tám lần,đến tám,10.114829063415527,10.35395622253418,0.23912715911865234,0.6873376739660467
0015-0016-0007,False,,quốc hội tuyên bố ông nghỉ,10.128692626953125,9.11264419555664,-1.0160484313964844,0.6279146035327607
0015-0017-0001,False,,với lạm phát cao và thiếu hụt,10.078545570373535,10.409615516662598,0.3310699462890625,0.6914850030163521
0015-0017-0002,True,Diễn đàn Hợp tác Kinh tế châu Á - Thái Bình Dương,của Diễn đàn Hợp tác châu,10.099495887756348,8.312539100646973,-1.786956787109375,0.5892528713960068
0015-0017-0003,True,chính trường và thanh niên Mông Cổ,đến chính trường và thanh niên,10.155364990234375,6.94343376159668,-3.2119312286376953,0.5151668223217454
0015-0017-0004,False,,tại Tổ chức Hợp tác,9.392969131469727,11.696592330932617,2.3036231994628906,0.7725239843284893
0015-0017-0005,True,lạm phát cao và thiếu hụt thực phẩm,với lạm phát cao và thiếu hụt,10.095797538757324,10.350131034851074,0.25433349609375,0.6880256939543857
0015-0017-0006,True,Tổ chức Hợp tác Thượng Hải,tại Tổ chức Hợp tác,9.40687370300293,11.692587852478027,2.2857141494750977,0.7718603053749467
0015-0017-0007,False,,"của Diễn đàn Hợp tác châu Á (ACD), Diễn đàn Hợp tác Kinh tế châu Á - Thái Bình Dương (APEC) và trao cho Mông Cổ vị thế quan sát viên tại Tổ chức Hợp tác",10.110374450683594,8.229585647583008,-1.880788803100586,0.5844602659181678
0015-0017-0008,True,hệ thống đa đảng và kinh tế thị trường,đến hệ thống đa đảng và kinh tế,10.154256820678711,6.495122909545898,-3.6591339111328125,0.49161981241150987
0015-0018-0001,True,chính phủ liên minh với Đảng Dân chủ,với Đảng,10.149127960205078,9.759906768798828,-0.38922119140625,0.6582108126524828
0015-0018-0002,False,,vào năm,10.142148971557617,6.688606262207031,-3.453542709350586,0.5024467076865533
0015-0018-0003,True,Đảng Nhân dân Cách mạng Mông Cổ,2008 Đảng Nhân dân Cách mạng,9.985363960266113,10.751428604125977,0.7660646438598633,0.7106841323984363
0015-0018-0004,True,các cáo buộc gian lận phiếu và các cuộc náo lọan sau đó,với các cáo buộc gian lận phiếu và các cuộc náo lọan sau,10.148370742797852,8.182596206665039,-1.9657745361328125,0.5801056402358225
0015-0018-0005,True,Natsagiin Bagabandi,vào năm,9.807731628417969,10.9185152053833,1.110783576965332,0.7253843378135316
0015-0018-0006,True,2008,vào năm,10.134498596191406,8.213634490966797,-1.9208641052246094,0.5824084271885293
0015-0018-0007,False,,với các cáo buộc gian lận phiếu và các cuộc náo lọan sau,10.155292510986328,7.53790283203125,-2.617389678955078,0.5463502413507918
0015-0019-0001,True,Đảng Nhân dân Mông Cổ,. Đảng Nhân dân,9.857759475708008,11.399177551269531,1.5414180755615234,0.7430818356409692
0015-0019-0002,False,,là Tsakhiagiin Elbegdorj chiến thắng trước tổng thống đương nhiệm Nambaryn Enkhbayar của Đảng Nhân dân,10.036897659301758,4.552929401397705,-5.483968257904053,0.3970069274744488
0015-0019-0003,True,Tsakhiagiin Elbegdorj,là,9.939449310302734,5.852873802185059,-4.086575508117676,0.4691465692962661
0015-0019-0004,True,Đảng Dân chủ,của Đảng,10.053102493286133,9.631972312927246,-0.4211301803588867,0.6566969428517291
0015-0019-0005,True,chịu thất bại lần đầu tiên lịch sử tại kỳ bầu cử địa phương,) chịu thất bại lần đầu tiên lịch sử tại kỳ bầu cử,10.106786727905273,7.881340980529785,-2.2254457473754883,0.5667254857748055
0015-0019-0006,False,,. Đảng Nhân dân,9.941522598266602,10.84329891204834,0.9017763137817383,0.71652692207146
0015-0019-0007,True,năm 2010,' năm,10.122626304626465,5.675164222717285,-4.44746208190918,0.45026581137807803
0015-0019-0008,False,,", Đảng Nhân dân",9.957514762878418,10.545354843139648,0.5878400802612305,0.7029036643836968
0015-0020-0001,True,Tổng thống,.,9.943199157714844,9.708345413208008,-0.23485374450683594,0.6654886766630187
0015-0020-0002,True,Nhân dân,.,10.108122825622559,8.13171672821045,-1.9764060974121094,0.5795599909581828
0015-0020-0003,True,Đảng Nhân dân Mông Cổ và Đảng Dân chủ,là Đảng Nhân dân Mông Cổ và Đảng,10.002741813659668,10.995325088500977,0.9925832748413086,0.720396350033354
0015-0020-0004,True,"một nước cộng hòa dân chủ đại nghị bán tổng thống, theo đó tổng thống được bầu cử trực tiếp",là một nước cộng hòa dân chủ đại nghị bán,10.059545516967773,8.508708953857422,-1.5508365631103516,0.6012364938071766
0015-0020-0005,True,Tổ chức phi chính phủ Freedom House,. Tổ chức phi chính phủ Freedom,9.551138877868652,11.652204513549805,2.1010656356811523,0.7649381896722361
0015-0020-0006,False,,. Tổ chức phi chính phủ Freedom,9.543953895568848,11.638916015625,2.0949621200561523,0.7647069150090906
0015-0020-0007,False,,của,10.117517471313477,7.283634662628174,-2.8338828086853027,0.535024380739526
0015-0021-0001,True,Norovyn Altankhuyag,là,10.047667503356934,3.017636299133301,-7.030031204223633,0.3222058967199984
0015-0021-0002,False,,. Đảng,9.878568649291992,11.13075065612793,1.2521820068359375,0.731278089943141
0015-0021-0003,False,,. Đảng Nhân dân,9.919669151306152,10.79055404663086,0.870884895324707,0.7152032368848134
0015-0021-0004,True,"từ năm 1921 đến năm 1996, và từ năm 2000 đến năm 2004","Mông Cổ từ năm 1921 đến năm 1996, và từ năm 2000 đến năm",10.132500648498535,8.505749702453613,-1.6267509460449219,0.5973961429600265
0015-0021-0005,True,Đảng Dân chủ,. Đảng,9.798734664916992,11.433124542236328,1.634389877319336,0.7468031623099006
0015-0021-0006,False,,là,10.067224502563477,3.48521089553833,-6.5820136070251465,0.34315376312765977
0015-0021-0007,True,Chimediin Saikhanbileg,là,10.003174781799316,4.314486980438232,-5.688687801361084,0.386729850930709
0015-0021-0008,True,Đảng Nhân dân Mông Cổ,. Đảng Nhân dân,9.639774322509766,11.37808895111084,1.7383146286010742,0.7509205097192152
0015-0021-0009,False,,là,10.002820014953613,4.2966227531433105,-5.706197261810303,0.38585538671236125
0015-0022-0001,True,"một người sinh ra tại Mông Cổ, ít nhất 45 tuổi, và đã sống ở Mông Cổ trong năm năm trước khi nhậm chức",ra ba,10.084884643554688,10.007434844970703,-0.07744979858398438,0.6728294619077428
0015-0022-0002,False,,có biểu quyết thuận với hơn hai phần ba số,10.12246322631836,8.055957794189453,-2.0665054321289062,0.574928093324147
0015-0022-0003,True,ba yêu cầu,ra ba,9.92621898651123,10.288753509521484,0.3625345230102539,0.6928972808304094
0015-0022-0004,True,2013,vào năm,9.769208908081055,11.13193130493164,1.362722396850586,0.7358295008610177
0015-0022-0005,False,,ra ba,9.961507797241211,10.106828689575195,0.14532089233398438,0.6830751599221305
0015-0022-0006,False,,vào năm,9.769380569458008,11.087630271911621,1.3182497024536133,0.7340043278090135
0015-0022-0007,True,biểu quyết thuận với hơn hai phần ba số phiếu,có biểu quyết,10.112491607666016,9.518457412719727,-0.5940341949462891,0.6484389021188172
0015-0022-0008,False,,từng hai,9.696714401245117,10.888653755187988,1.191939353942871,0.7287768685119901
0015-0022-0009,True,hai lần,từng hai,9.487663269042969,10.936565399169922,1.4489021301269531,0.739343413722891
0015-0023-0001,True,"Hoa Kỳ, Nga, Bắc Triều Tiên và Hàn Quốc, Nhật Bản, và Cộng hòa Nhân dân Trung Hoa","như Hoa Kỳ, Nga, Bắc Triều Tiên và Hàn Quốc, Nhật Bản, và Cộng hòa Nhân dân",9.982070922851562,9.669455528259277,-0.31261539459228516,0.6618320733483809
0015-0023-0002,True,nhiều lần gửi binh sĩ với số lượng mỗi lần từ 103 tới 180 quân tới Iraq,đã nhiều lần gửi,10.02506160736084,8.983606338500977,-1.0414552688598633,0.6266632446418084
0015-0023-0003,True,hỗ trợ cho MINURCAT,. 200 quân Mông Cổ đang thực hiện nhiệm vụ ở Sierra,10.165853500366211,0.8744859099388123,-9.291367590427399,0.22793004048420945
0015-0023-0004,False,,đã nhiều lần gửi binh sĩ với số lượng mỗi lần từ 103 tới 180 quân tới,10.051426887512207,8.718441009521484,-1.3329858779907227,0.6121867018933174
0015-0023-0005,True,cuộc xâm lược Iraq,ủng hộ cuộc xâm lược Iraq năm,9.960714340209961,11.073813438415527,1.1130990982055664,0.7254814975120563
0015-0023-0006,True,Khỏang 130 lính,. Khỏang 130,9.763358116149902,10.528987884521484,0.765629768371582,0.7106652953068395
0015-0024-0001,True,nhiệt độ trung bình thấp nhất,. Ulan Bator có nhiệt độ trung bình thấp,10.161848068237305,4.3994855880737305,-5.762362480163574,0.3830553538647498
0015-0024-0002,False,,vào mùa,10.158341407775879,2.598221778869629,-7.56011962890625,0.2983172880105032
0015-0024-0003,False,,. Vùng cư cực,10.143237113952637,8.267293930053711,-1.8759431838989258,0.5847081627728389
0015-0024-0004,True,20 tới 35 centimét một năm,ở phía,10.156455039978027,5.166945934295654,-4.989509105682373,0.4221906662508754
0015-0024-0005,False,,và thấp nhất ở phía,10.158061981201172,6.552517414093018,-3.6055445671081543,0.49444160167538614
0015-0024-0006,True,phía nam,ở phía,10.105185508728027,10.067720413208008,-0.03746509552001953,0.6746809903022882
0015-0024-0007,True,Vùng cư cực nam,. Vùng cư cực,9.777193069458008,11.778444290161133,2.001251220703125,0.7611362654284645
0015-0024-0008,True,dài và lạnh,"đông dài và lạnh, mùa hè",10.159198760986328,6.583070755004883,-3.5761280059814453,0.4959907160026346
0015-0025-0001,False,,tới sự mở rộng của sa mạc,10.156327247619629,6.834590911865234,-3.3217363357543945,0.5093873598819046
0015-0025-0002,False,,của lọai đất không có đủ thực vật cho những con marmot nhưng đủ cho,10.130987167358398,6.943277359008789,-3.1877098083496094,0.5164411964250573
0015-0025-0003,True,một vùng đá vô dụng nơi thậm chí cả lạc đà hai bướu cũng không sống nổi,của lọai đất không có đủ thực vật cho những con marmot nhưng đủ cho,10.125570297241211,6.252110481262207,-3.873459815979004,0.4803414437012823
0015-0025-0004,True,một thảo nguyên sa mạc,chỉ một thảo nguyên,9.859830856323242,11.414423942565918,1.5545930862426758,0.74361135386258
0015-0025-0005,True,phân biệt Gobi khỏi sa mạc thực sự,Mông Cổ phân biệt Gobi khỏi sa mạc,10.12984848022461,5.798525810241699,-4.33132266998291,0.45632898629911783
0015-0025-0006,True,không có đủ thực vật cho những con marmot nhưng đủ cho lạc đà,đất không có đủ thực vật cho những con marmot nhưng đủ cho,10.124448776245117,8.254898071289062,-1.8695507049560547,0.5850351297701982
0015-0025-0007,False,,Mông Cổ phân biệt Gobi khỏi sa mạc,10.12685775756836,6.134500980377197,-3.992356777191162,0.4740926803625335
0015-0025-0008,True,dẫn tới sự mở rộng của sa mạc thực sự,tới sự mở rộng của sa mạc,10.15346908569336,8.278427124023438,-1.8750419616699219,0.5847542636434327
0015-0026-0001,True,"ngựa, dê, cừu, bò, lạc đà","là ngựa, dê, cừu, bò,",9.98831558227539,11.611024856567383,1.6227092742919922,0.7463375923331541
0015-0026-0002,True,75,",",10.134808540344238,9.395190238952637,-0.7396183013916016,0.6414158973329384
0015-0026-0003,True,60 triệu con,tổng số,10.141456604003906,7.44460391998291,-2.696852684020996,0.5421980684804111
0015-0026-0004,True,"khỏang trên 2,5 triệu con",có 30 lòai động vật có,10.157322883605957,3.2728207111358643,-6.884502172470093,0.32893740050218984
0015-0026-0005,False,,có 30 lòai động vật có,10.154363632202148,3.902660846710205,-6.251702785491943,0.35900473237348796
0015-0026-0006,True,449 lòai,có,10.138172149658203,8.482353210449219,-1.6558189392089844,0.595922457496619
0015-0027-0001,False,,là,9.946662902832031,9.85827922821045,-0.08838367462158203,0.672322216958438
0015-0027-0002,True,32.2%,"là 35.6% năm 1998, 36.1% năm 2002–2003, 32.2",9.804893493652344,11.48373031616211,1.6788368225097656,0.7485695758397697
0015-0027-0003,True,7.5%,tốc độ 7.5,10.109977722167969,11.443899154663086,1.3339214324951172,0.7346484170066995
0015-0027-0004,True,Trung Quốc,sang,9.934103965759277,9.885581016540527,-0.04852294921875,0.6741694887183246
0015-0027-0005,False,,tốc độ 7.5,10.14682388305664,10.73923110961914,0.5924072265625,0.7031045481690765
0015-0027-0006,True,tỷ lệ thất nghiệp và lạm phát,cả tỷ lệ thất nghiệp và lạm phát đều khá,9.93189811706543,11.441022872924805,1.509124755859375,0.7417809086533773
0015-0027-0007,False,,"là 35.6% năm 1998, 36.1% năm 2002–2003, 32.2",9.809874534606934,11.459308624267578,1.6494340896606445,0.7474019675813736
0015-0027-0008,True,$250 triệu,chi trả $250,10.133017539978027,8.369857788085938,-1.7631597518920898,0.5904656892324243
0015-0028-0001,True,4.1%,mức 4.1,9.592720031738281,11.724998474121094,2.1322784423828125,0.7661184435269979
0015-0028-0002,True,20.4%,chiếm 21.4,10.11298656463623,7.379219055175781,-2.733767509460449,0.5402671300621189
0015-0028-0003,True,"vật liệu xây dựng, khai mỏ (than, đồng, môlípđen, fluorspar, kẽm, tungsten, và vàng), dầu, thực phẩm và đồ uống, chế biến các sản phẩm từ gia súc, và casơmia và sản xuất sợi tự nhiên","gồm vật liệu xây dựng, khai mỏ (than, đồng, môlípđen, fluorspar, kẽm, tungsten, và vàng), dầu, thực phẩm và đồ",10.15249252319336,2.6753625869750977,-7.477129936218262,0.3019897554672992
0015-0028-0004,True,"số lượng công ty Trung Quốc, Nga và Canada có mặt và tiến hành kinh doanh tại Mông Cổ","ở số lượng công ty Trung Quốc, Nga và Canada có mặt và tiến hành kinh doanh tại",10.109060287475586,9.161200523376465,-0.9478597640991211,0.6312645845422248
0015-0028-0005,False,,"ở số lượng công ty Trung Quốc, Nga và Canada có mặt và tiến hành kinh doanh tại",10.147310256958008,5.961782932281494,-4.185527324676514,0.4639585251462328
0015-0029-0001,True,Hàn Quốc và Cộng hòa Nhân dân Trung Hoa,như Hàn Quốc và Cộng hòa Nhân dân,9.481595039367676,11.509403228759766,2.02780818939209,0.762151923786581
0015-0029-0002,True,phát triển phần mềm,vào phát triển,10.117796897888184,9.871322631835938,-0.2464742660522461,0.6649434908569449
0015-0029-0003,True,những nhà điều hành điện thọai di động và ISP lớn nhất ở Mông Cổ,những nhà điều hành điện thọai di động và ISP lớn nhất ở,10.126839637756348,5.311385154724121,-4.815454483032227,0.43116004675311004
0015-0029-0004,True,sự cạnh tranh lớn trên thị trường internet và điện thọai,"tới sự cạnh tranh lớn trên thị trường internet và điện thọai, đặc biệt là điện thọai",10.149628639221191,1.4283127784729004,-8.721315860748291,0.24974988562893632
0015-0029-0005,False,,vào phát triển,10.112201690673828,10.136726379394531,0.024524688720703125,0.6775407133599609
0015-0029-0006,False,,". Một số công ty viễn thông và nhà cung cấp dịch vụ internet đã được thành lập dẫn tới sự cạnh tranh lớn trên thị trường internet và điện thọai, đặc biệt là điện thọai",10.14848518371582,0.6503785848617554,-9.498106598854065,0.2203566801443735
0015-0030-0001,False,,", 27% trong số đó dưới",10.1487398147583,7.273604393005371,-2.8751354217529297,0.532861779939747
0015-0030-0002,False,,đã đặt ra một số vấn đề với nền kinh tế,10.173993110656738,2.896728992462158,-7.27726411819458,0.31093836305317674
0015-0030-0003,True,2.951.786 người,là 2.951.786,9.906487464904785,11.331669807434082,1.4251823425292969,0.7383792824130595
0015-0030-0004,True,1.2%,mức 1.2,10.138699531555176,11.628179550170898,1.4894800186157227,0.7409874285491307
0015-0030-0005,True,Khỏang 59%,", 27",10.127914428710938,8.36260986328125,-1.7653045654296875,0.5903564235173191
0015-0030-0006,False,,là 2.951.786,9.922847747802734,11.239545822143555,1.3166980743408203,0.733940503560054
0015-0030-0007,True,đặt ra một số vấn đề với nền kinh tế Mông Cổ,đã đặt ra một số vấn đề với nền kinh tế,10.172574996948242,3.3098208904266357,-6.8627541065216064,0.3299495119597515
0015-0030-0008,True,Cục Kinh tế và các Vấn đề Xã hội Liên hiệp quốc Phòng dân số,. Cục Kinh tế và các Vấn đề Xã hội Liên hiệp quốc Phòng,9.503628730773926,11.428165435791016,1.9245367050170898,0.7581856741370867
0015-0031-0001,False,,". Người Turk (Kazakh, Tuva, và Chantuu (Uzbek) chiếm 7% dân số Mông Cổ, và số còn lại là người Tungus, Trung Quốc, và người",10.066973686218262,8.029308319091797,-2.037665367126465,0.5764121990451564
0015-0031-0002,True,"Buryat, Durbet Mông Cổ và các nhóm khác ở phía bắc và Dariganga Mông Cổ","là người Tungus, Trung Quốc, và người",10.139169692993164,6.463750839233398,-3.6754188537597656,0.4907624133954673
0015-0031-0003,False,,. 10% còn,10.124217987060547,4.000980854034424,-6.123237133026123,0.36525599037591333
0015-0031-0004,True,"người Tungus, Trung Quốc, và người Nga","là người Tungus, Trung Quốc, và người",9.978191375732422,10.731739044189453,0.7535476684570312,0.710141655780039
0015-0031-0005,True,sự rút lui hỗ trợ kinh tế và sự sụp đổ của Liên bang Xô viết năm 1991,sau sự rút lui hỗ trợ kinh tế và sự sụp đổ của Liên bang Xô viết năm,9.797181129455566,11.60463809967041,1.8074569702148438,0.7536349209104806
0015-0031-0006,True,Người Khalkha,". Người Turk (Kazakh, Tuva, và Chantuu (Uzbek) chiếm 7% dân số Mông Cổ, và số còn lại là người Tungus, Trung Quốc, và người",9.680160522460938,8.196918487548828,-1.4832420349121094,0.6046455251694156
0015-0031-0007,True,85%,chiếm khỏang 85%,10.114530563354492,5.8796706199646,-4.234859943389893,0.4613748563565222
0015-0032-0001,False,,", bởi họ đã từng theo học tại Đông Đức cũ, trong khi một số nói các ngôn ngữ thuộc của các quốc gia Khối Đông Âu",10.173784255981445,3.895487070083618,-6.278297185897827,0.3577165041629997
0015-0032-0002,True,ngôn ngữ ký hiệu Mông Cổ,sử dụng ngôn ngữ,10.03664493560791,10.64633560180664,0.6096906661987305,0.7038640411609156
0015-0032-0003,True,có hàng chục nghìn người Mông Cổ làm việc ở Hàn Quốc,dù tiếng Anh đã dần thay thế tiếng Nga trở thành ngôn ngữ thứ,10.169594764709473,4.5276055335998535,-5.641989231109619,0.38906564998745197
0015-0032-0004,True,tiếng Anh,là tiếng,9.84156608581543,10.941740036010742,1.1001739501953125,0.7249388827506079
0015-0032-0005,True,"tiếng Kazakh và tiếng Tuva, cùng với các ngôn ngữ khác",",",9.732645988464355,7.422901630401611,-2.309744358062744,0.562359810088341
0015-0032-0006,True,họ đã từng theo học tại Đông Đức cũ,", bởi họ đã từng theo học tại Đông Đức cũ, trong khi một số nói các ngôn ngữ thuộc của các quốc gia Khối Đông Âu",10.172149658203125,4.636187553405762,-5.535962104797363,0.39438777952559945
0015-0032-0007,False,,",",9.679759979248047,7.432406425476074,-2.2473535537719727,0.5655918868154979
0015-0033-0001,True,Tengri giáo và Shaman giáo,hình thức Tengri giáo và Shaman,9.622058868408203,11.49701976776123,1.8749608993530273,0.7562657338264915
0015-0033-0002,False,,", bởi những đức tin đó là phổ thông trong số những người du mục trong lịch sử châu",10.15814208984375,1.767651081085205,-8.390491008758545,0.2630349462015831
0015-0033-0003,True,Phật giáo Tây Tạng,cho Phật giáo,9.962408065795898,11.070150375366211,1.1077423095703125,0.7252566932123147
0015-0033-0004,True,những đức tin đó là phổ thông trong số những người du mục trong lịch sử châu Á,", bởi những đức tin đó là phổ thông trong số những người du mục trong lịch sử châu",10.158973693847656,2.6524786949157715,-7.506494998931885,0.30068735792303075
0015-0033-0005,True,tầng lớp tinh hoa của Mông Cổ thời Đế chế Mông Cổ,Trong tầng lớp tinh hoa của Mông Cổ thời Đế chế,9.911683082580566,11.566325187683105,1.654642105102539,0.7476090437965013
0015-0033-0006,True,ba trong bốn vị hãn danh tiếng nhất đều là tín đồ Hồi giáo,", bởi ba trong bốn vị hãn danh tiếng nhất đều là tín đồ",10.150480270385742,4.930004119873047,-5.220476150512695,0.41036819107643013
0015-0033-0007,False,,Trong tầng lớp tinh hoa của Mông Cổ thời Đế chế,10.10773754119873,9.632739067077637,-0.47499847412109375,0.6541340181886904
0015-0034-0001,False,,cộng sản năm,10.119479179382324,10.098814010620117,-0.02066516876220703,0.6754573055364596
0015-0034-0002,True,Sự chấm dứt đàn áp tôn giáo trong thập niên 1990,. Sự chấm dứt đàn áp tôn giáo trong thập niên,9.896673202514648,11.551153182983398,1.65447998046875,0.7476025992452493
0015-0034-0003,True,năm 1989,thời điểm năm,10.139219284057617,8.280698776245117,-1.8585205078125,0.5855991338126237
0015-0034-0004,True,1991,cộng sản năm,9.55242919921875,11.149428367614746,1.596999168395996,0.7453108399367868
0015-0034-0005,False,,. Sự chấm dứt đàn áp tôn giáo trong thập niên,10.11103630065918,9.396777153015137,-0.714259147644043,0.6426436988439787
0015-0034-0006,True,khỏang 40.000,lên khỏang,10.059600830078125,10.065153121948242,0.0055522918701171875,0.6766668734882728
0015-0034-0007,False,,lên khỏang,10.095895767211914,9.61024284362793,-0.4856529235839844,0.6536260373234235
0015-0035-0001,True,ngày Cách mạng Dân chủ Quốc gia và thành lập Nhà nước Đại Mông Cổ,kỷ niệm ngày Cách mạng Dân chủ Quốc gia và thành lập Nhà nước Đại,9.69647216796875,11.394041061401367,1.6975688934326172,0.7493115710551707
0015-0035-0002,True,"Mông Cổ, bắn cung, đua ngựa",", bắn cung, đua",10.023319244384766,10.85321044921875,0.8298912048339844,0.7134409428245705
0015-0035-0003,False,,kỷ niệm ngày Cách mạng Dân chủ Quốc gia và thành lập Nhà nước Đại,9.890851974487305,11.052013397216797,1.1611614227294922,0.7274933694354809
0015-0035-0004,True,ba,", bắn cung, đua ngựa (qua những khỏang cách điền dã dài, chứ không phải đua những quãng ngắn quanh một sân vận động như kiểu phương Tây), và",9.924986839294434,9.658609390258789,-0.26637744903564453,0.6640086949087264
0015-0036-0001,False,,đầu từ năm,10.006165504455566,10.958678245544434,0.9525127410888672,0.7186928690441938
0015-0036-0002,True,voi,"danh hiệu nachin (chim ưng), ở vòng bảy và tám là zaan (voi), và vòng mười và mười một là arslan (sư tử",10.158117294311523,4.735074996948242,-5.423042297363281,0.40008354115382977
0015-0036-0003,True,avarga,danh hiệu avarga (Người,9.99639892578125,8.141117095947266,-1.8552818298339844,0.585764693704578
0015-0036-0004,True,arslan,là arslan (sư tử,10.156682968139648,5.098911285400391,-5.057771682739258,0.41868658334109937
0015-0036-0005,True,năm 2003,đầu từ năm,9.622041702270508,11.291483879089355,1.6694421768188477,0.7481968962291774
0015-0036-0006,True,danh hiệu iarudi và Khartsaga,Các danh hiệu iarudi và Khartsaga (Chim ưng,10.048524856567383,9.468899726867676,-0.579625129699707,0.6491305759936906
0015-0037-0001,False,,đã sử dụng các cấu trúc với 6 và 12 góc với các mái kiểu,10.137091636657715,7.278306484222412,-2.8587851524353027,0.5337190683742298
0015-0037-0002,True,yurt,một yurt (Tiếng Mông Cổ:,9.968443870544434,8.943016052246094,-1.0254278182983398,0.6274528407094564
0015-0037-0003,False,,Theo nghệ sĩ và nhà phê bình nghệ thuật,9.905672073364258,9.206551551818848,-0.6991205215454102,0.6433757677078791
0015-0037-0004,True,hình dạng bậc hai của các đền,tới hình dạng bậc hai của các,10.1647367477417,7.530695915222168,-2.6340408325195312,0.5454806844889863
0015-0037-0005,True,sử dụng các cấu trúc với 6 và 12 góc với các mái kiểu kim tự tháp để thích hợp với hình dáng tròn của yurt,đã sử dụng các cấu trúc với 6 và 12 góc với các mái kiểu,10.096381187438965,8.439557075500488,-1.6568241119384766,0.5958714662476509
0015-0037-0006,True,N. Chultem,"Theo nghệ sĩ và nhà phê bình nghệ thuật Mông Cổ N. Chultem, các yurt và lều",9.974212646484375,8.976418495178223,-0.9977941513061523,0.6288126224240312
0015-0037-0007,True,"đá, gạch, các dầm và những tấm ván","bằng đá, gạch, các dầm và những tấm",9.748476028442383,11.666133880615234,1.9176578521728516,0.7579198908131272
0015-0038-0001,False,,. Đền Maitreya (đã bị dỡ ra năm 1938) là một ví dụ về kiến trúc Tây Tạng-,10.137077331542969,2.4295895099639893,-7.7074878215789795,0.2918597169851875
0015-0038-0002,True,Zanabazar,bởi,9.68309211730957,6.2418365478515625,-3.441255569458008,0.5030938042370641
0015-0038-0003,True,lama Erdene Zuu,tại lama Erdene Zuu được xây dựng theo truyền thống,10.119443893432617,4.86998176574707,-5.249462127685547,0.4088914810493491
0015-0038-0004,True,Tây Tạng-Mông Cổ,kiến trúc Tây Tạng-,10.158557891845703,5.670871734619141,-4.4876861572265625,0.44816921965285605
0015-0038-0005,True,bảo tàng,một,10.154840469360352,6.481190204620361,-3.6736502647399902,0.4908555267181716
0015-0038-0006,True,lama Dashi-Choiling,là,10.109081268310547,2.904752254486084,-7.204329013824463,0.3142398950039821
0015-0039-0001,True,chế độ dân chủ đa đảng,một chế độ dân chủ đa,10.136983871459961,8.29736328125,-1.839620590209961,0.5865650158588354
0015-0039-0002,True,Unen,"thành lập tờ báo Unen (""Sự thật"") tương tự tờ Pravda",10.076408386230469,8.371597290039062,-1.7048110961914062,0.5934347517944456
0015-0039-0003,True,sự tồn tại của truyền thông độc lập,phép sự tồn tại của truyền thông,10.068328857421875,10.570011138916016,0.5016822814941406,0.6990994081470674
0015-0039-0004,False,,phép sự tồn tại của truyền thông,10.082590103149414,10.403936386108398,0.3213462829589844,0.6910478325089647
0015-0039-0005,False,,", những quyền tự do của",9.645963668823242,11.459592819213867,1.813629150390625,0.7538762597165157
0015-0039-0006,False,,"thành lập tờ báo Unen (""Sự thật"") tương tự tờ Pravda",10.094207763671875,7.981303691864014,-2.1129040718078613,0.5725375997758065
0015-0039-0007,True,Đảng Cộng sản,của Đảng,9.422061920166016,11.370255470275879,1.9481935501098633,0.7590982032791369
0015-0039-0008,True,những quyền tự do của truyền thông,", những quyền tự do của",9.497288703918457,11.535204887390137,2.0379161834716797,0.7625377176427676
0015-0040-0001,False,,là tự do,10.13712215423584,9.151346206665039,-0.9857759475708008,0.6294033725637681
0015-0040-0002,False,,"việc chính phủ thảo luận một Đạo luật Tự do Thông tin, và lọai bỏ bất kỳ một sự liên quan nào của truyền thông tới",10.108055114746094,5.313872337341309,-4.794182777404785,0.4322594470490775
0015-0040-0003,True,tự do nhất,là tự do,10.122457504272461,10.134119033813477,0.011661529541015625,0.6769483907373457
0015-0040-0004,True,Những cuộc cải cách thị trường,. Những cuộc cải cách,9.953798294067383,11.231799125671387,1.278000831604004,0.7323455871054433
0015-0040-0005,True,"chính phủ thảo luận một Đạo luật Tự do Thông tin, và lọai bỏ bất kỳ một sự liên quan nào của truyền thông tới chính phủ","việc chính phủ thảo luận một Đạo luật Tự do Thông tin, và lọai bỏ bất kỳ một sự liên quan nào của truyền thông tới",10.09862995147705,5.409908771514893,-4.688721179962158,0.4377197486744475
0015-0040-0006,True,Tổ chức Phóng viên Không Biên giới,", Tổ chức Phóng viên Không",9.824966430664062,11.688432693481445,1.8634662628173828,0.755819104439169
0015-0040-0007,False,,", Tổ chức Phóng viên Không",10.03176212310791,11.227170944213867,1.195408821105957,0.7289213137139038
0016-0001-0001,True,Saint-Laurent,giữa sông Saint-,9.595675468444824,11.743707656860352,2.1480321884155273,0.7667125764356335
0016-0001-0002,True,"nằm ở phía tây-nam của Thành phố Québec - thủ phủ của tỉnh bang - khỏang 200 km, và độ 150 km về phía đông của Ottawa - thủ đô của Canada","ở phía tây-nam của Thành phố Québec - thủ phủ của tỉnh bang - khỏang 200 km, và độ 150 km về phía đông của Ottawa - thủ đô của",10.158790588378906,0.9176340699195862,-9.24115651845932,0.22979683693739583
0016-0001-0003,True,Montréal,là,9.489630699157715,7.090258598327637,-2.399372100830078,0.5577075462337006
0016-0001-0004,True,500 km²,500,10.136392593383789,2.6749625205993652,-7.461430072784424,0.30268738629610203
0016-0002-0001,False,,các,9.64791202545166,6.060482978820801,-3.5874290466308594,0.49539557779041193
0016-0002-0002,True,"Algonquin, Huron và Iroquois",", các dân di cư từ Anh, Ireland, Scotland và những nơi khác ở Âu",9.664762496948242,8.194944381713867,-1.469818115234375,0.6053213431161293
0016-0002-0003,False,,của,9.833211898803711,6.699991226196289,-3.133220672607422,0.519307254820435
0016-0002-0004,False,,. Từ thập niên 1860 đến thập niên,10.135208129882812,8.840707778930664,-1.2945003509521484,0.6141097868877888
0016-0002-0005,True,1535,vào đầu thế kỷ,10.052403450012207,10.398375511169434,0.34597206115722656,0.6921543283588482
0016-0002-0006,True,"Anh, Ireland, Scotland và những nơi khác ở Âu Châu",", các dân di cư từ Anh, Ireland, Scotland và những nơi khác ở Âu",10.076135635375977,10.509565353393555,0.4334297180175781,0.6960661445184968
0016-0002-0007,True,Từ thập niên 1860 đến thập niên 1930,. Từ thập niên 1860 đến thập niên,9.985090255737305,11.159280776977539,1.1741905212402344,0.7280371714072177
0016-0002-0008,True,aul de Chomedey de Maisonneuve và Jeanne Mance,các,9.5955228805542,5.975248336791992,-3.620274543762207,0.4936659402055697
0016-0003-0001,False,,của Giáo hội Công giáo,9.499244689941406,11.773972511291504,2.2747278213500977,0.7714524962442374
0016-0003-0002,True,"Dưới ảnh hưởng của hai nền văn hóa Anh và văn hóa Pháp, cộng thêm vào đó là dân cư nói nhiều thứ tiếng",". Ảnh hưởng của tôn giáo, nhất là của Giáo hội Công giáo",10.169093132019043,1.3274624347686768,-8.841630697250366,0.2450308511893664
0016-0003-0003,True,"hương mại, kỹ nghệ, đầu tư, chính trị, du lịch và nhất là về các họat động văn hóa","về thương mại, kỹ nghệ, đầu tư, chính trị,",10.171024322509766,4.5692291259765625,-5.601795196533203,0.3910801915982988
0016-0003-0004,True,"Dưới ảnh hưởng của hai nền văn hóa Anh và văn hóa Pháp, cộng thêm vào đó là dân cư nói nhiều thứ tiếng",". Dưới ảnh hưởng của hai nền văn hóa Anh và văn hóa Pháp, cộng thêm vào đó là dân cư nói nhiều thứ",10.140564918518066,9.927129745483398,-0.21343517303466797,0.6664923878278732
0016-0003-0005,False,,"về thương mại, kỹ nghệ, đầu tư, chính trị,",10.172908782958984,5.278703689575195,-4.894205093383789,0.42709590784709855
0016-0003-0006,True,Giáo hội Công giáo La Mã,của Giáo hội Công giáo,9.393590927124023,11.809942245483398,2.416351318359375,0.7766701781269418
0016-0003-0007,False,,là dân cư nói nhiều thứ,10.141794204711914,9.656755447387695,-0.48503875732421875,0.6536553289554135
0016-0004-0001,True,tổ chức một đám rước cho vị thánh này,", Montréal tổ chức một đám rước cho vị thánh",10.157052993774414,6.096221923828125,-4.060831069946289,0.4704974900389193
0016-0004-0002,True,"phóng khóang, ít bảo thủ","sống rất phóng khóang, ít",10.15119743347168,8.592498779296875,-1.5586986541748047,0.6008393359106895
0016-0004-0003,True,1967,. Năm,9.927374839782715,11.020289421081543,1.0929145812988281,0.7246338331462778
0016-0004-0004,False,,", Montréal tổ chức một đám",10.151686668395996,6.183350563049316,-3.9683361053466797,0.4753545232785188
0016-0004-0005,True,New York,sau,10.113384246826172,8.479097366333008,-1.634286880493164,0.5970142548046065
0016-0005-0001,True,Liên hoan phim Cannes,sau Liên hoan phim Cannes và Liên hoan phim quốc tế,10.076057434082031,10.98520278930664,0.9091453552246094,0.7168421327720067
0016-0005-0002,True,Liên hoan phim Cannes,đó Liên hoan phim thế giới Montréal (Festival du Film International de Montréal) - đứng thứ ba sau Liên hoan phim Cannes và Liên hoan phim quốc tế,10.025915145874023,9.983851432800293,-0.04206371307373047,0.6744683231873182
0016-0005-0003,False,,sau Liên hoan phim Cannes và Liên hoan phim quốc tế,10.12747859954834,9.819278717041016,-0.3081998825073242,0.6620402286924454
0016-0005-0004,True,tiếng Pháp,nói tiếng,9.938232421875,11.553398132324219,1.6151657104492188,0.7460366178906682
0016-0005-0005,False,,nói tiếng,9.95965576171875,11.440383911132812,1.4807281494140625,0.7406334173109373
0016-0005-0006,True,Montréal có 3 liên hoan phim diễn ra hàng năm,", Montréal có 3 liên hoan phim diễn ra hàng",10.160055160522461,4.897684097290039,-5.262371063232422,0.4082343537322499
0016-0006-0001,True,thứ nhì,đông thứ,9.88250732421875,10.924673080444336,1.042165756225586,0.7224954430473123
0016-0006-0002,True,từ 1975 đến 1985,là từ 1975 đến,9.550902366638184,11.531027793884277,1.9801254272460938,0.7603261971410744
0016-0006-0003,False,,đông thứ,9.916131973266602,10.890312194824219,0.9741802215576172,0.7196147823639011
0016-0006-0004,True,100 người,độ 100,10.120012283325195,10.295032501220703,0.1750202178955078,0.6844280560125504
0016-0006-0005,False,,là từ 1975 đến,9.593461036682129,11.4888277053833,1.8953666687011719,0.7570572445742277
0016-0006-0006,True,Montréal,ở,9.998567581176758,6.892514228820801,-3.106053352355957,0.5207357581387995
0016-0007-0001,True,Bắc Mỹ,cho thị trường,9.638566970825195,10.717086791992188,1.0785198211669922,0.7240283237436369
0016-0007-0002,False,,đặc sản dâu tây,10.117424011230469,10.294840812683105,0.17741680145263672,0.6845370920309044
0016-0007-0003,True,Le Marche des Saveurs du Quebec,và chợ Le Marche des Saveurs du,10.049375534057617,10.713544845581055,0.6641693115234375,0.706250633299146
0016-0007-0004,True,dâu tây Quebec,có đặc sản dâu tây,9.777432441711426,11.438705444335938,1.6612730026245117,0.7478725325342773
0016-0007-0005,True,"phô mai tươi, thịt hun khói, xi-rô, rượu vang, rượu táo và một lượng lớn quà tặng",đặc sản dâu tây,10.125443458557129,10.013608932495117,-0.11183452606201172,0.6712329264070889
0016-0007-0006,False,,đặc sản dâu tây,10.05198860168457,11.269733428955078,1.2177448272705078,0.7298500765974285
0017-0001-0001,True,Tổng thống Hoa Kỳ thứ 32,là Tổng thống Hoa Kỳ thứ,10.135194778442383,5.375279903411865,-4.759914875030518,0.43403193846622645
0017-0001-0002,True,Herbert Hoover,là,9.88519287109375,7.452716827392578,-2.432476043701172,0.5559866269819512
0017-0001-0003,False,,: Phranh-kơ-lin Đê-la-nô Ru-dơ-,10.15035343170166,3.9095120429992676,-6.240841388702393,0.3595314432470178
0017-0001-0004,True,"Là tổng thống Hoa Kỳ duy nhất được bầu hơn hai nhiệm kỳ, ông tạo ra một liên minh bền vững giúp tái tổ chức nền chính trị Hoa Kỳ trong nhiều thập niên",ông tạo ra một liên minh bền vững giúp tái tổ chức nền chính trị Hoa Kỳ trong nhiều,10.166837692260742,1.249997615814209,-8.916840076446533,0.24211171941201412
0017-0001-0005,True,làm cho tinh thần quốc gia sống dậy,ông tạo ra một liên minh,10.162185668945312,5.078963756561279,-5.083221912384033,0.4173822384880171
0017-0001-0006,False,,ông tạo ra một liên minh,10.15998363494873,5.540571212768555,-4.619412422180176,0.44131654738889214
0017-0001-0007,True,Herbert Hoover,Franklin Delano,10.129934310913086,3.814558506011963,-6.315375804901123,0.35592385069906096
0017-0001-0008,True,khuôn mặt trung tâm,là Tổng thống Hoa Kỳ thứ,10.142727851867676,4.630050182342529,-5.5126776695251465,0.3955599738863121
0017-0001-0009,False,,ông tạo ra một liên minh bền vững giúp tái tổ chức nền chính trị Hoa Kỳ trong nhiều thập niên. FDR đánh bại đương kim tổng thống Cộng hòa là Herbert Hoover trong cuộc bầu cử tổng thống vào tháng 11 năm,10.170398712158203,1.3628759384155273,-8.807522773742676,0.24636250526176853
0017-0002-0001,True,ngày 4 tháng 3 năm 1933,đầu từ ngày 4 tháng 3 năm,9.625622749328613,11.63363265991211,2.008009910583496,0.7613950302887857
0017-0002-0002,True,chương trình kinh tế Kinh tế Mới,là chương trình An sinh,10.044902801513672,11.269247055053711,1.224344253540039,0.730124106228358
0017-0002-0003,True,"Phần lớn các quy định kiểm sóat thương nghiệp chấm dứt vào khỏang thời gian từ năm 1975–85, trừ quy định kiểm sóat đối với Phố Wall do Ủy ban Giao dịch và Chứng khóan Hoa Kỳ đảm trách vẫn còn tồn tại đến ngày nay",. Phần lớn các quy định kiểm sóat thương nghiệp chấm dứt vào khỏang thời gian từ năm 1975–,10.154834747314453,1.993617057800293,-8.16121768951416,0.2725042806681716
0017-0002-0004,False,,đã hủy bỏ phần lớn các chương trình trợ cấp khi tình trạng thất nghiệp thực tế chấm dứt trong suốt Chiến tranh thế giới thứ,10.149399757385254,3.692221164703369,-6.457178592681885,0.3491055930202606
0017-0002-0005,False,,đầu từ ngày 4 tháng 3 năm,9.642969131469727,11.645011901855469,2.002042770385742,0.7611665808468255
0017-0002-0006,True,"Liên minh bảo thủ lưỡng đảng hình thành vào năm 1937 đã ngăn cản ông ""đưa người"" vào Tối cao Pháp viện Hoa Kỳ hoặc thông qua quá nhiều luật mới; liên minh này cũng đã hủy bỏ phần lớn các chương trình trợ cấp khi tình trạng thất nghiệp thực tế chấm dứt trong suốt Chiến tranh thế giới thứ hai",. Nền kinh tế cải thiện nhanh chóng từ năm 1933 đến 1937 nhưng lúc đó cũng đang rơi vào một tình trạng khủng hỏang,10.147061347961426,0.3700372576713562,-9.77702409029007,0.2104280652994582
0017-0002-0007,True,FDR đã hướng dẫn Quốc hội Hoa Kỳ thông qua chương trình kinh tế Kinh tế Mới,đã hướng dẫn Quốc hội Hoa Kỳ thông qua chương trình kinh tế Kinh tế,10.14704704284668,4.746670722961426,-5.400376319885254,0.401230146609751
0017-0002-0008,True,"giải cứu khủng hỏang (đặc biệt là tạo ra các việc làm của chính phủ dành cho người thất nghiệp) và cải cách kinh tế (theo ông có nghĩa là lập ra quy định kiểm sóat đối với Phố Wall, ngân hàng và giao thông)",nhằm giải cứu khủng hỏang (đặc biệt là tạo ra các việc làm của chính phủ dành cho người thất nghiệp) và cải cách,10.151918411254883,6.969212532043457,-3.182705879211426,0.516704444632393
0017-0003-0001,True,Roosevelt cung cấp viện trợ cho các quốc gia chiến đấu chống Đức Quốc xã bên cạnh Anh Quốc,Roosevelt cung cấp viện trợ cho các quốc gia chiến đấu chống Đức Quốc xã bên cạnh Anh,10.15048599243164,7.913735389709473,-2.236750602722168,0.5661406130400032
0017-0003-0002,True,Roosevelt,",",10.16586971282959,5.10653018951416,-5.05933952331543,0.41860619718004477
0017-0003-0003,True,FDR đã giang tay hỗ trợ tài chính và ngọai giao mạnh mẽ cho Trung Hoa và Anh Quốc trong lúc vẫn duy trì chính thức tình trạng trung lập,đã giang tay hỗ trợ tài chính và ngọai giao mạnh mẽ cho Trung Hoa và Anh Quốc trong lúc vẫn duy trì chính thức tình trạng,10.166330337524414,3.616279125213623,-6.550051212310791,0.34467305325728886
0017-0003-0004,True,"phải tạo cho nước Mỹ thành ""kho vũ khí dân chủ"" — cung cấp đạn dược vũ khí trong khi các quốc gia khác thực hiện việc chiến đấu",đã giang tay hỗ trợ tài chính và ngọai giao mạnh mẽ cho Trung Hoa và Anh,10.152091979980469,5.496389389038086,-4.655702590942383,0.43943246555575893
0017-0003-0005,True,trông coi việc tổng động viên tòan lực nền kinh tế Hoa Kỳ để hỗ trợ cho những nỗ lực chiến tranh của đồng minh,. Ông trông coi việc tổng động viên tòan lực nền kinh tế,10.147743225097656,3.457606315612793,-6.690136909484863,0.338038170623637
0017-0003-0006,False,,đã giang tay hỗ trợ tài chính và ngọai giao mạnh mẽ cho Trung Hoa và Anh,10.150459289550781,5.44872522354126,-4.7017340660095215,0.4370451587502747
0017-0003-0007,False,,đã giang tay hỗ trợ tài chính và ngọai giao mạnh mẽ cho Trung Hoa và Anh Quốc trong lúc vẫn duy trì chính thức tình trạng,10.16659927368164,3.4230027198791504,-6.74359655380249,0.33552269335422114
0017-0003-0008,True,cho phép tuyên chiến với Nhật Bản sau khi Nhật Bản tấn công Trân Châu Cảng vào ngày 7 tháng 12 năm 1941,phép tuyên chiến với Nhật Bản sau khi Nhật Bản tấn công Trân Châu,10.12182331085205,8.654064178466797,-1.467759132385254,0.6054249656426078
0017-0003-0009,False,,"thông qua Đạo luật Lend-Lease, Roosevelt cung cấp viện trợ cho các quốc gia chiến đấu chống Đức Quốc xã bên cạnh Anh",10.164892196655273,2.5871105194091797,-7.577781677246094,0.29753902631825807
0017-0003-0010,False,,phép tuyên chiến với Nhật Bản sau khi Nhật Bản tấn công Trân Châu,10.112308502197266,8.996868133544922,-1.1154403686523438,0.6230096503943033
0017-0004-0001,True,"Roosevelt đã chi phối nền chính trị Mỹ, không chỉ trong suốt 12 năm làm tổng thống mà còn nhiều thập niên về sau",. Ảnh hưởng ngọai,10.152750015258789,3.4880099296569824,-6.664740085601807,0.33923641450174763
0017-0004-0002,False,,. Ông là nhạc trưởng của việc tái phối trí,10.15468692779541,2.0404751300811768,-8.114211797714233,0.274471821013148
0017-0004-0003,True,là một trong số các tổng thống vĩ đại của Hoa Kỳ,. Roosevelt từ trước đến nay luôn được các học giả đánh giá là một trong số các tổng thống vĩ đại của,10.159525871276855,4.403148174285889,-5.756377696990967,0.3833533508037912
0017-0004-0004,True,Ông là nhạc trưởng của việc tái phối trí cử tri mà sau đó hình thành nên Hệ thống đảng phái lần thứ 5,. Ông là nhạc trưởng của việc tái phối trí,10.156015396118164,2.4994723796844482,-7.656543016433716,0.2940827815201581
0017-0004-0005,True,Liên Hiệp Quốc và Hệ thống Bretton Woods,đến Liên Hiệp Quốc và Hệ thống Bretton,9.511982917785645,11.746610641479492,2.2346277236938477,0.7699596426411827
0017-0004-0006,True,"qui tụ được các công đòan lao động, những cỗ máy thành phố lớn (?), các sắc tộc da trắng, những người nhận trợ cấp xã hội, người Mỹ gốc châu Phi và những người nông dân da trắng ở miền Nam Hoa Kỳ","đã qui tụ được các công đòan lao động, những cỗ máy thành phố lớn (?",10.095587730407715,6.411838054656982,-3.6837496757507324,0.490323817954559
0017-0004-0007,False,,. Roosevelt từ trước đến nay luôn được các học giả đánh giá là một trong số các tổng thống vĩ đại của,10.164738655090332,3.753645181655884,-6.411093473434448,0.35131488441860337
0017-0004-0008,False,,đến Liên Hiệp Quốc và Hệ thống Bretton,9.386886596679688,11.746952056884766,2.360065460205078,0.7746067170059087
0017-0004-0009,False,,. Ảnh hưởng ngọai giao của Roosevelt cũng vang dội trên sân khấu thế giới rất lâu sau khi ông qua đời trong đó phải kể đến Liên Hiệp Quốc và Hệ thống Bretton,10.152231216430664,3.515322208404541,-6.636909008026123,0.3405518772369072
0017-0004-0010,True,"Roosevelt đã chi phối nền chính trị Mỹ, không chỉ trong suốt 12 năm làm tổng thống mà còn nhiều thập niên về sau",. Roosevelt từ trước đến nay luôn được các học giả đánh giá là một trong số các tổng thống vĩ đại của,10.159849166870117,1.4557018280029297,-8.704147338867188,0.25042819642041503
0017-0004-0011,False,,"đã qui tụ được các công đòan lao động, những cỗ máy thành phố lớn (?",10.112966537475586,5.862842082977295,-4.250124454498291,0.46057583056542545
0017-0005-0001,False,,chính phong thái lãnh đạo cương quyết của Theodore và nhiệt tâm,10.077191352844238,11.118680953979492,1.041489601135254,0.7224668831275876
0017-0005-0002,True,Cả hai đều là hậu duệ của một người Hà Lan tên Claes Martensz van Rosenvelt (Roosevelt) đến vùng đất New Amsterdam (nay là Manhattan của thành phố New York) từ Hà Lan trong thập niên 1640,. Eleanor là cháu gái họ năm đời của FDR. Cả hai đều là hậu duệ của một người,10.168197631835938,-1.167549729347229,-11.335747361183167,0.16101234226689956
0017-0005-0003,False,,"đã dạy cho cậu hiểu rằng nghĩa vụ của người tín hữu Cơ Đốc là giúp đỡ người kém may mắn, ông cũng khuyến khích học sinh tham gia tích cực vào các họat động",10.168718338012695,3.6289267539978027,-6.539791584014893,0.34516140675692314
0017-0005-0004,False,,"của hiệu trưởng Endicott Peabody, người đã dạy cho cậu hiểu rằng nghĩa vụ của người tín hữu Cơ Đốc là giúp đỡ người kém",10.121871948242188,4.047999382019043,-6.0738725662231445,0.36767038367887184
0017-0005-0005,True,"dạy cho cậu hiểu rằng nghĩa vụ của người tín hữu Cơ Đốc là giúp đỡ người kém may mắn, ông cũng khuyến khích học sinh tham gia tích cực vào các họat động cộng đồng","đã dạy cho cậu hiểu rằng nghĩa vụ của người tín hữu Cơ Đốc là giúp đỡ người kém may mắn, ông cũng khuyến khích học sinh tham gia tích cực vào các họat động",10.167278289794922,5.018012523651123,-5.149265766143799,0.4140028677613153
0017-0005-0006,True,hiệu trưởng Endicott Peabody,"của hiệu trưởng Endicott Peabody, người đã dạy cho cậu hiểu rằng nghĩa vụ của người tín hữu Cơ Đốc là giúp đỡ người kém",10.128754615783691,4.029018402099609,-6.099736213684082,0.36640457077179384
0017-0005-0007,True,người anh em họ năm đời của Franklin là Theodore Roosevelt đắc cử tổng thống,", người anh em họ năm đời của Franklin là Theodore Roosevelt đắc cử",10.173147201538086,6.868857383728027,-3.3042898178100586,0.5103058444241793
0017-0005-0008,True,chính phong thái lãnh đạo cương quyết của Theodore và nhiệt tâm cải cách,chính phong thái lãnh đạo cương quyết của Theodore và nhiệt tâm,10.055428504943848,11.216264724731445,1.1608362197875977,0.7274797875828719
0017-0005-0009,True,Claes Martensz van Rosenvelt,tên Claes Martensz van Rosenvelt (,10.136734008789062,3.0153276920318604,-7.121406316757202,0.31801647882300876
0017-0006-0001,True,"một chàng trai tuấn tú, tài hoa và giỏi giao tiếp",có sáu người,10.156424522399902,6.01822566986084,-4.1381988525390625,0.46643905349916426
0017-0006-0002,True,người thay mặt người cha đã quá cố của cô dâu,là người thay mặt người cha đã quá cố của,10.045877456665039,6.3320231437683105,-3.7138543128967285,0.4887390185995365
0017-0006-0003,True,sự chống đối quyết liệt của mẹ FDR,trước sự chống đối,10.15118408203125,6.688054084777832,-3.463129997253418,0.5019417917917023
0017-0006-0004,True,Họ có sáu người con,có sáu người,10.1552152633667,0.8122527599334717,-9.342962503433228,0.2260229552050763
0017-0006-0005,True,"Eleanor kín đáo và không thích đời sống xã hội, lúc đầu cô chỉ muốn chăm sóc nhà cửa và nuôi dạy con cái",", Eleanor kín đáo và không thích đời sống",10.151942253112793,3.895472526550293,-6.2564697265625,0.3587736722925612
0017-0006-0006,True,ngôi nhà,cưới dọn đến sống trong ngôi nhà do mẹ của Roosevelt mua,10.161846160888672,0.17758263647556305,-9.984263524413109,0.2032660487413359
0017-0007-0001,False,,"cuộc sống xáo trộn, bị lu mờ vì sự nổi tiếng của ông bố và bà",10.144889831542969,6.2063164710998535,-3.9385733604431152,0.47691844100943903
0017-0007-0002,True,"19 lần kết hôn, 15 lần ly dị và sinh 29 người con",". Năm người con còn lại trải qua cuộc sống xáo trộn, bị lu mờ vì sự nổi tiếng của ông bố và bà",10.15104866027832,3.005181312561035,-7.145867347717285,0.31689991927709066
0017-0007-0003,True,"Cả bốn người con trai đều là sĩ quan quân đội tham gia Chiến tranh thế giới thứ hai, tất cả đều được tặng thưởng huân chương biểu dương sự dũng cảm của họ trên chiến trường",là sĩ quan quân đội tham gia Chiến tranh thế giới thứ,10.160035133361816,6.944336414337158,-3.215698719024658,0.5149685832566244
0017-0007-0004,True,"cuộc sống xáo trộn, bị lu mờ vì sự nổi tiếng của ông bố và bà mẹ","cuộc sống xáo trộn, bị lu mờ vì sự nổi tiếng của ông bố và bà",10.142553329467773,6.469264030456543,-3.6732892990112305,0.4908745310522873
0017-0007-0005,True,James,Còn,10.139501571655273,9.504544258117676,-0.6349573135375977,0.6464710897276764
0017-0008-0001,False,,có những mối quan hệ,10.15410041809082,5.773125648498535,-4.380974769592285,0.45373515801229053
0017-0008-0002,True,Tháng 9 năm 1918,. Tháng 9 năm,9.258901596069336,11.70896053314209,2.450058937072754,0.7778994526274654
0017-0008-0003,True,"Qua trung gian của Louis Howe, một cố vấn của Franklin, hai người hòa giải với nhau, nhưng trong thời gian còn lại của cuộc hôn nhân, Eleanor đến sống một mình trong một ngôi nhà ở Hyde Park tại Valkill",", Eleanor đến sống một mình trong một ngôi nhà ở Hyde Park tại Valkill.",10.165319442749023,0.4486885964870453,-9.716630846261978,0.21254970907277027
0017-0008-0004,True,Lucy Mercer,quan hệ,10.021623611450195,5.9766035079956055,-4.04502010345459,0.4713273746196716
0017-0008-0005,True,những mối quan hệ lãng mạn bên ngòai hôn nhân,có những mối quan hệ,10.15167236328125,6.4723358154296875,-3.6793365478515625,0.49055615549323944
0017-0008-0006,True,Eleanor đến gặp chồng với những bức thư trên tay và yêu cầu ly dị,yêu cầu,10.158110618591309,6.109046936035156,-4.049063682556152,0.47111512033643627
0017-0008-0007,True,Roosevelt còn có những mối quan hệ lãng mạn bên ngòai hôn nhân,", nhờ những bức thư tình tìm thấy trong hành lý của",10.162504196166992,4.600498199462891,-5.562005996704102,0.3930781062550071
0017-0009-0001,True,Chiến thắng vang dội của đảng Dân chủ năm ấy đã đưa Roosevelt đến thủ phủ tiểu bang là Albany,. Chiến thắng vang dội của đảng,10.128787994384766,7.756292819976807,-2.372495174407959,0.5591037354522751
0017-0009-0002,True,nhóm chính trị thuộc đảng Dân chủ luôn đóng vai trò chính kiểm sóat chính trường thành phố New York,"trở thành thủ lĩnh nhóm ""phản lọan"" chống đối bộ máy chính trị ""Tammany Hall"" (nhóm chính trị thuộc đảng Dân chủ luôn đóng vai trò chính kiểm sóat chính trường thành phố",10.137866973876953,4.4443359375,-5.693531036376953,0.3864878948701243
0017-0009-0003,True,chưa có một ứng viên đảng Dân chủ nào,", James A. O'Gorman được",9.944625854492188,7.410734176635742,-2.5338916778564453,0.550706307251732
0017-0009-0004,True,Roosevelt đạt được mục tiêu của mình: đó là chọc giận bộ máy chính trị Tammany Hall bằng cách ngăn chặn người mà nhóm này chọn lựa làm ứng cử viên là William F. Sheehan,là chọc giận bộ máy chính trị Tammany,10.152121543884277,2.988358497619629,-7.163763046264648,0.31608437679522033
0017-0009-0005,True,sự tranh giành của hai phe phái trong 74 ngày,vì sự tranh giành của hai,10.142711639404297,7.188996315002441,-2.9537153244018555,0.5287390060216753
0017-0010-0001,True,chính ông đã sọan bản hiến pháp mà Hoa Kỳ áp đặt cho Haiti năm 1915,"rằng, với tư cách Phụ tá Bộ trưởng Hải quân, chính ông đã sọan bản hiến pháp mà Hoa Kỳ áp đặt cho Haiti năm",10.159629821777344,4.962550163269043,-5.197079658508301,0.41156132180328336
0017-0010-0002,False,,", Roosevelt thất bại trước James W. Gerard, một người được nhóm Tammany Hall ủng hộ, trong cuộc bầu cử sơ bộ của đảng Dân chủ tìm ứng viên cho cuộc chạy đua vào Thượng viện Hoa Kỳ. Trong vai trò trợ",10.153552055358887,1.2049120664596558,-8.948639988899231,0.24088459859959224
0017-0010-0003,False,,trước,9.230447769165039,7.5169782638549805,-1.7134695053100586,0.592994595518162
0017-0010-0004,True,Roosevelt tích cực họat động nhằm mở rộng quân chủng Hải quân và thành lập lực lượng Hải quân Trù bị,đã sọan bản hiến pháp mà Hoa Kỳ áp đặt cho Haiti năm,10.16891098022461,2.7216506004333496,-7.44726037979126,0.303317805592774
0017-0010-0005,True,Roosevelt,tư cách Phụ tá Bộ trưởng,10.012184143066406,8.49759578704834,-1.5145883560180664,0.6030658624018652
0017-0010-0006,True,Hải quân và Thủy quân Lục chiến can thiệp vào các quốc gia vùng Trung Mỹ và Caribbe,Wilson gửi lực lượng Hải quân và Thủy quân Lục,10.150077819824219,9.71456527709961,-0.4355125427246094,0.6560135499494858
0017-0010-0007,False,,"rằng, với tư cách Phụ tá Bộ trưởng Hải quân, chính ông đã sọan bản hiến pháp mà Hoa Kỳ áp đặt cho Haiti năm",10.156164169311523,4.540615558624268,-5.615548610687256,0.39039044308762044
0017-0010-0008,True,James W. Gerard,trước,9.290410995483398,7.346121788024902,-1.944289207458496,0.5812077443405891
0017-0010-0009,True,một người được nhóm Tammany Hall ủng hộ,", Roosevelt",10.15188217163086,6.298741340637207,-3.8531408309936523,0.481410000717006
0017-0011-0001,True,cách đàm phán với giới lãnh đạo Quốc hội và các bộ ngành khác trong chính phủ để vận động thông qua ngân sách,đã thể hiện tài năng lớn trong kỹ năng quản trị cũng như mau chóng học biết cách đàm phán với giới lãnh đạo Quốc hội và các bộ ngành khác trong chính phủ để vận động thông qua,10.161239624023438,4.241273403167725,-5.919966220855713,0.37524009807440295
0017-0011-0002,True,việc xây dựng hàng rào thủy lôi ở Biển Bắc từ Na Uy đến Scotland,việc xây dựng hàng rào thủy lôi ở Biển Bắc từ Na Uy đến,10.130350112915039,9.29559326171875,-0.8347568511962891,0.6367931832201074
0017-0011-0003,False,,để thị sát các căn cứ hải quân của Mỹ tại,10.055098533630371,9.162931442260742,-0.8921670913696289,0.6339913181083886
0017-0011-0004,True,vì vụ tai tiếng tình dục ở Newport xảy ra giữa các thủy thủ Hải quân và dân đồng tình luyến ái địa phương được đăng tải trên Thời báo New York và Nhật báo Providence,vì vụ tai tiếng,10.118379592895508,9.238628387451172,-0.8797512054443359,0.6345980427738973
0017-0011-0005,True,thị sát các căn cứ hải quân của Mỹ,để thị sát các căn cứ hải quân của Mỹ tại,10.100117683410645,8.634160995483398,-1.465956687927246,0.6055156695706768
0017-0011-0006,False,,vì vụ tai tiếng,10.117119789123535,9.143845558166504,-0.9732742309570312,0.6300174789426338
0017-0011-0007,True,Winston Churchill,với Winston,9.716684341430664,11.694023132324219,1.9773387908935547,0.760219203282948
0017-0011-0008,False,,với Winston,9.850055694580078,11.518877029418945,1.6688213348388672,0.748172254917628
0017-0012-0001,True,James M. Cox,là James M.,9.932577133178711,9.347635269165039,-0.5849418640136719,0.6488754311966478
0017-0012-0002,False,,là James M.,9.952377319335938,9.152444839477539,-0.7999324798583984,0.6384882615953104
0017-0012-0003,True,Phó Tổng thống Hoa Kỳ,ứng viên Phó Tổng thống,10.031867980957031,10.43384075164795,0.40197277069091797,0.6946623585822875
0017-0012-0004,True,liên danh tranh cử của Cox-Roosevelt bị liên danh tranh cử của phe Cộng hòa là Warren G. Harding đánh bại thảm hại,bị liên danh tranh cử của phe Cộng hòa là Warren G. Harding đánh bại,10.13496208190918,6.41495418548584,-3.72000789642334,0.48841510213264205
0017-0012-0005,False,,ứng viên Phó Tổng thống,10.012208938598633,10.529121398925781,0.5169124603271484,0.699773906561029
0017-0012-0006,False,,Roosevelt bị liên danh tranh cử của phe Cộng hòa là Warren G. Harding đánh bại,10.126155853271484,3.2006900310516357,-6.925465822219849,0.3270353446018558
0017-0012-0007,True,trở về hành nghề pháp lý tại New York và gia nhập Câu lạc bộ Civitan New York vừa mới được thành lập,là Warren G. Harding đánh bại,10.143534660339355,2.9703500270843506,-7.173184633255005,0.3156554702863414
0017-0013-0001,True,"Roosevelt bị nhiễm bệnh mà theo các bác sĩ của ông tin là bệnh bại liệt, dẫn đến tình trạng bị bại liệt hòan tòan và vĩnh viễn từ thắt lưng trở xuống",", Roosevelt bị nhiễm bệnh mà theo các bác sĩ của ông tin là bệnh",10.141583442687988,9.088787078857422,-1.0527963638305664,0.6261041145528109
0017-0013-0002,False,,thành lập Qũy Quốc gia cho Trẻ em,10.172168731689453,3.001079559326172,-7.171089172363281,0.31575083653106967
0017-0013-0003,True,hình ông được khắc trên đồng tiền kim lọai 10 xu,nên hình ông được khắc trên đồng tiền kim lọai 10,10.17406940460205,5.387320041656494,-4.786749362945557,0.4326437913156544
0017-0013-0004,True,Roosevelt giúp thành lập Qũy Quốc gia cho Trẻ em bại liệt,", Roosevelt giúp thành lập Qũy Quốc gia cho Trẻ em",10.141599655151367,8.372072219848633,-1.7695274353027344,0.5901412669092575
0017-0013-0005,True,Trong năm 1926,Trong năm,10.135519981384277,8.437418937683105,-1.6981010437011719,0.5937757588647675
0017-0013-0006,True,"cố thử nhiều cách trị liệu vật lý, kể cả thủy liệu pháp (hydrotherapy)",kể cả thủy liệu pháp (hydrotherapy,10.173125267028809,4.635918617248535,-5.537206649780273,0.39432516021011704
0017-0013-0007,False,,nên hình ông được khắc trên đồng tiền kim lọai 10,10.174083709716797,5.024390697479248,-5.149693012237549,0.4139810321555484
0017-0014-0001,False,,", Roosevelt tự mình tập bước đi trong những khỏang cách ngắn với sự trợ giúp của một cây",10.148942947387695,4.60228157043457,-5.546661376953125,0.393849558788631
0017-0014-0002,True,Chiếc xe hơi của ông có bộ điều khiển tay được thiết kế đặc biệt,có bộ điều khiển tay được thiết kế,10.155364990234375,7.246850967407227,-2.9085140228271484,0.5311110532792582
0017-0014-0003,True,"Với những thanh sắt kẹp vào hông và chân, Roosevelt tự mình tập bước đi trong những khỏang cách ngắn với sự trợ giúp của một cây gậy",tập bước đi trong những khỏang cách ngắn với sự trợ giúp của một cây,10.1504545211792,6.632798194885254,-3.5176563262939453,0.499070110123333
0017-0014-0004,True,Roosevelt thường xuất hiện trước công chúng trong tư thế đứng thẳng người với một phụ tá hoặc một trong các con trai của ông đứng kế bên,. Roosevelt thường xuất hiện trước công chúng trong tư thế đứng thẳng,10.149496078491211,5.91116189956665,-4.2383341789245605,0.46119297877402515
0017-0014-0005,False,,. Roosevelt thường xuất hiện trước công chúng trong tư thế đứng thẳng người với một phụ tá hoặc một trong các con trai của ông đứng kế,10.151330947875977,1.2861928939819336,-8.865138053894043,0.24411590293482616
0017-0015-0001,True,Smith thất cử tổng thống một cách thảm bại,", Smith đáp lại bằng cách yêu cầu Roosevelt ra tranh cử chức thống đốc tiểu bang New York năm",10.153615951538086,5.531551361083984,-4.622064590454102,0.44117879646796476
0017-0015-0002,True,Smith đáp lại bằng cách yêu cầu Roosevelt ra tranh cử chức thống đốc tiểu bang New York năm 1928,cách yêu cầu Roosevelt ra tranh cử chức thống đốc tiểu bang New York năm,10.156827926635742,6.10753059387207,-4.049297332763672,0.47110285596165724
0017-0015-0003,True,"giúp Alfred E. Smith đắc cử thống đốc tiểu bang New York năm 1922, và thậm chí ông còn là một người ủng hộ tích cực cho Smith chống lại người cháu họ của mình là đảng viên Cộng hòa Theodore Roosevelt, Jr. năm 1924",ông giảm nhẹ thái độ của,10.159433364868164,2.4855756759643555,-7.673857688903809,0.2933261180618033
0017-0015-0004,True,"Roosevelt duy trì liên lạc và hàn gắn rào cản cách biệt với Đảng Dân chủ trong suốt thập niên 1920, đặc biệt là tại New York",Roosevelt duy trì liên lạc và hàn gắn rào cản cách biệt với Đảng,10.148146629333496,7.440915107727051,-2.7072315216064453,0.5416552984408136
0017-0015-0005,False,,đã đọc diễn văn đề cử,10.158899307250977,3.259852409362793,-6.899046897888184,0.32826140225524286
0017-0015-0006,False,,", Smith đáp lại bằng cách yêu cầu Roosevelt ra tranh cử chức thống đốc tiểu bang New York năm",10.156913757324219,2.9550704956054688,-7.20184326171875,0.314352751160774
0017-0015-0007,True,Roosevelt đã đọc diễn văn đề cử Smith,đã đọc diễn văn đề cử,10.129831314086914,8.636059761047363,-1.4937715530395508,0.60411514374167
0017-0016-0001,True,Nhờ hậu thuẫn của tiểu bang đông dân nhất,Nhờ hậu thuẫn của tiểu bang đông dân,9.704237937927246,11.511030197143555,1.8067922592163086,0.7536089205051884
0017-0016-0002,False,,"như trùm báo chí William Randolph Hearst, lãnh tụ cộng đồng Ái Nhĩ Lan Joseph P.",10.012625694274902,6.881119251251221,-3.1315064430236816,0.5193974014670841
0017-0016-0003,True,"có những dấu hiệu cho thấy tổng thống đương nhiệm, Herbert Hoover, sẽ thất bại trong kỳ bầu cử tổng thống năm 1932",Nhờ hậu thuẫn của tiểu bang đông dân,10.11468505859375,6.256444454193115,-3.8582406044006348,0.4811417918845687
0017-0016-0004,False,,Nhờ hậu thuẫn của tiểu bang đông dân,10.119451522827148,9.954763412475586,-0.1646881103515625,0.6687711308290668
0017-0016-0005,False,,này được đề cử vào chức vụ phó tổng thống trong liên danh tranh cử của,10.163921356201172,5.782410144805908,-4.381511211395264,0.4537071477168125
0017-0016-0006,True,vị lãnh đạo này được đề cử vào chức vụ phó tổng thống trong liên danh tranh cử của Roosevelt,này được đề cử vào chức vụ phó tổng thống trong liên danh tranh cử của,10.163899421691895,6.0073041915893555,-4.156595230102539,0.46547467860954606
0017-0016-0007,True,Al Smith được một số đại gia thành phố hậu thuẫn nhưng mất quyền kiểm sóat đảng Dân chủ tại tiểu bang New York vào tay Roosevelt,Nhờ hậu thuẫn của tiểu bang đông dân,10.125603675842285,8.549278259277344,-1.5763254165649414,0.5999484287229797
0017-0016-0008,True,"trùm báo chí William Randolph Hearst, lãnh tụ cộng đồng Ái Nhĩ Lan Joseph P. Kennedy và nhà lãnh đạo tiểu bang California William G","như trùm báo chí William Randolph Hearst, lãnh tụ cộng đồng Ái Nhĩ Lan Joseph P.",9.935003280639648,7.989105701446533,-1.9458975791931152,0.5811252697671138
0017-0017-0001,True,tổng động viên một phạm vi rộng lớn các tầng lớp xã hội,"Dân chủ tổng động viên một phạm vi rộng lớn các tầng lớp xã hội bao gồm người nghèo cũng như các công đòan lao động, sắc dân thiểu số, người thành thị, và người da trắng miền Nam",10.14798641204834,4.514969348907471,-5.633017063140869,0.38951501311889
0017-0017-0002,True,"""Tôi xin cam kết với các bạn, Tôi xin cam kết với bản thân mình một đối sách mới ( a new deal) cho nhân dân Mỹ""",": ""Tôi xin cam kết với các bạn, Tôi xin cam kết với bản thân mình một đối sách mới ( a new deal) cho nhân dân",9.995379447937012,9.430227279663086,-0.5651521682739258,0.6498246869496851
0017-0017-0003,True,Cuộc vận động tranh cử được tiến hành dưới cái bóng của Đại khủng hỏang,tiến hành dưới cái bóng của Đại khủng hỏang và cái liên minh mới mà cuộc vận động tranh cử đã tạo,10.139731407165527,7.585330009460449,-2.554401397705078,0.5496370154218732
0017-0017-0004,True,đã tạo ra một khẩu hiệu mà sau đó được dùng làm tên cho chương trình hành động của chính phủ ông cũng như liên minh mới của ông,dùng làm tên cho chương trình hành động của chính phủ ông cũng như liên minh mới của,10.16666030883789,5.0699357986450195,-5.096724510192871,0.4166906872895044
0017-0018-0001,True,"Hoover chê trách chủ nghĩa bi quan đó như là một sự phủ nhận ""triển vọng của cuộc sống Mỹ... đó là chỉ dẫn đầy tuyệt vọng.""","đó như là một sự phủ nhận ""triển vọng của cuộc sống Mỹ... đó là chỉ dẫn đầy",10.146289825439453,3.8021206855773926,-6.3441691398620605,0.3545345468565828
0017-0018-0002,False,,"chủ trương ""cắt giảm mạnh và ngay tức khắc tất cả chi tiêu",10.108765602111816,9.761896133422852,-0.34686946868896484,0.6602151489961772
0017-0018-0003,True,mang lại thêm tiền thu nhập mới qua đánh thuế,rằng việc bãi bỏ cấm rượu cồn sẽ mang lại thêm tiền thu nhập mới qua đánh,10.156974792480469,6.436861515045166,-3.7201132774353027,0.48840955510004047
0017-0018-0004,True,Roosevelt tố cáo Hoover thất bại phục hồi thịnh vượng hoặc thậm chí thất bại trong việc kìm hãm đà xuống dốc của nền kinh tế,việc kìm hãm đà xuống dốc của nền,10.144709587097168,10.010641098022461,-0.13406848907470703,0.6701984566963722
0017-0018-0005,True,"""Trong các giai đọan phát triển sau đó của cuộc vận động tranh cử, các bài diễn văn tranh cử đọc giống như có nhiều chỗ sai sót mà trong đó cả Roosevelt và Hoover thường đọc các hàng chữ của nhau.""","rằng ""Trong các giai đọan phát triển sau đó của cuộc vận động tranh cử, các bài diễn văn tranh cử đọc giống như có nhiều chỗ",10.157373428344727,1.58782958984375,-8.569543838500977,0.25578862568122496
0017-0018-0006,True,"""cắt giảm mạnh và ngay tức khắc tất cả chi tiêu công cộng"", ""bãi bỏ các cơ quan và các ủy ban vô dụng, kết hợp lại các cơ quan văn phòng và lọai trừ lãng phí quan liêu.""","chủ trương ""cắt giảm mạnh và ngay tức khắc tất cả chi tiêu",10.076669692993164,10.218361854553223,0.1416921615600586,0.6829096469837507
0017-0018-0007,False,,việc kìm hãm đà xuống dốc của nền,10.137451171875,10.274303436279297,0.13685226440429688,0.6826888185260123
0017-0019-0001,True,điều đó có thể sẽ trói buộc ông,để thảo ra một chương trình phối hợp nhằm chấm dứt chiều hướng đi xuống của nền kinh tế và trấn an giới,10.15768051147461,4.892938137054443,-5.264742374420166,0.4081136780961424
0017-0019-0002,True,Anton Cermak,bởi tay súng Giuseppe Zangara (vụ này làm chết Thị trưởng thành phố Chicago là Anton Cermak đang ngồi kế bên,10.1498441696167,6.713068008422852,-3.4367761611938477,0.5033297077418455
0017-0019-0003,False,,nhằm chấm dứt chiều hướng đi xuống của nền kinh tế và trấn an giới,10.160449981689453,4.670475006103516,-5.4899749755859375,0.39670403907593493
0017-0019-0004,True,"Tháng 2 năm 1933, Roosevelt thóat chết trong một vụ có thể là mưu sát bởi tay súng Giuseppe Zangara",. Nền kinh tế lao xuống vực,10.161665916442871,5.092219829559326,-5.069446086883545,0.41808811839249493
0017-0019-0005,False,,. Nền kinh tế lao xuống vực,10.163082122802734,4.441059589385986,-5.722022533416748,0.3850656680224247
0017-0019-0006,False,,bởi tay súng Giuseppe Zangara (vụ này làm chết Thị trưởng thành phố Chicago là Anton Cermak đang ngồi kế bên,10.160934448242188,5.912274360656738,-4.248660087585449,0.46065247460688563
0017-0019-0007,False,,", Roosevelt từ chối lời thỉnh cầu họp bàn với Hoover để thảo ra một chương trình phối hợp nhằm chấm dứt chiều hướng đi xuống của nền kinh tế và trấn an giới",10.161117553710938,5.191958427429199,-4.969159126281738,0.4232368140528525
0017-0019-0008,True,Nền kinh tế lao xuống vực thẳm cho đến khi hệ thống ngân hàng bắt đầu ngưng họat động hòan tòan trên tòan quốc,khi hệ thống ngân hàng bắt đầu ngưng họat động hòan tòan trên tòan,10.15284538269043,4.666683197021484,-5.486162185668945,0.39689628962706913
0017-0019-0009,True,Roosevelt từ chối lời thỉnh cầu họp bàn với Hoover để thảo ra một chương trình phối hợp nhằm chấm dứt chiều hướng đi xuống của nền kinh tế và trấn an giới đầu tư,", Roosevelt từ chối lời thỉnh cầu họp bàn với Hoover để thảo ra một chương trình phối hợp nhằm chấm dứt chiều hướng đi xuống của nền kinh tế và trấn an giới",10.143258094787598,6.3749494552612305,-3.768308639526367,0.4858729745680238
0017-0020-0001,True,Hai triệu người trở thành vô gia cư,. Một phần tư lực lượng lao động mất việc làm. Nông dân đang khốn đốn vì nông phẩm hạ giá 60%. Sản xuất công nghiệp chỉ còn hơn một nửa so với cùng kỳ năm 1929. Hai triệu người trở thành vô gia,10.16951847076416,2.730947971343994,-7.438570499420166,0.30370479079386287
0017-0020-0002,False,,. Sản xuất công nghiệp chỉ còn hơn một nửa so với cùng kỳ năm 1929. Hai triệu người trở thành vô gia,10.168407440185547,5.253191947937012,-4.915215492248535,0.42601324690046066
0017-0020-0003,True,Một phần tư lực lượng lao động mất việc làm. Nông dân đang khốn đốn vì nông phẩm hạ giá 60%. Sản xuất công nghiệp chỉ còn hơn một nửa so với cùng kỳ năm 1929. Hai triệu người trở thành vô gia cư. Vì thiếu việc làm nên các tổ chức tội phạm và giới sống ngòai pháp luật ngày càng gia tăng,", nước Mỹ đang ở thời điểm tồi tệ nhất của cuộc khủng hỏang lớn nhất trong",10.138370513916016,7.548476219177246,-2.5898942947387695,0.5477854845132426
0017-0020-0004,False,,", nước Mỹ đang ở thời điểm tồi tệ nhất của cuộc khủng hỏang lớn nhất trong",10.167105674743652,3.6704437732696533,-6.496661901473999,0.34721792633780424
0017-0020-0005,True,Hitler được bổ nhiệm làm Thủ tướng Đức,khi Hitler được bổ nhiệm làm Thủ tướng,10.155651092529297,6.087578773498535,-4.068072319030762,0.470117466185847
0017-0020-0006,True,"Chiều ngày 4 tháng 3, tất cả ngân hàng tại 32 trên 48 tiểu bang cũng như Đặc khu Columbia đều đóng cửa",", nước Mỹ đang ở thời điểm tồi tệ nhất của cuộc khủng hỏang lớn nhất trong",10.16623306274414,4.587296485900879,-5.578936576843262,0.39222753810652006
0017-0020-0007,True,các tổ chức tội phạm và giới sống ngòai pháp luật ngày càng gia tăng,làm nên các tổ chức tội phạm và giới sống ngòai pháp luật ngày càng,10.1727294921875,1.9460923671722412,-8.226637125015259,0.2697807273196699
0017-0021-0001,True,là vấn đề cấp bách vì có đến hàng chục triệu người thất nghiệp,"là ""cứu nguy, hồi phục và",10.107362747192383,7.189730167388916,-2.917632579803467,0.5306326447225949
0017-0021-0002,True,30 lần nói chuyện buổi tối trên sóng phát thanh,Trong 30 lần nói chuyện buổi tối trên sóng,10.159661293029785,4.0233306884765625,-6.136330604553223,0.36461672560284236
0017-0021-0003,True,"có nghĩa là sửa chữa dài hạn những gì sai trái, đặc biệt là với hệ thống ngân hàng và tài chính","nghĩa là sửa chữa dài hạn những gì sai trái, đặc biệt là với hệ thống ngân hàng và",10.153255462646484,4.498805999755859,-5.654449462890625,0.3884419029083416
0017-0021-0004,True,có nghĩa là thúc đẩy nền kinh tế quay trở về trạng thái bình thường,"là ""cứu nguy, hồi phục và",10.148313522338867,5.261936187744141,-4.886377334594727,0.4274994496694976
0017-0021-0005,False,,Trong 30 lần nói chuyện buổi tối trên sóng,10.157989501953125,4.679863929748535,-5.47812557220459,0.3973016203262858
0017-0021-0006,False,,"là ""cứu nguy, hồi phục và",10.094934463500977,8.111211776733398,-1.9837226867675781,0.5791843646906184
0017-0021-0007,True,"cứu nguy, hồi phục và cải cách","là ""cứu nguy, hồi phục và cải cách",10.121895790100098,6.894679069519043,-3.2272167205810547,0.5143624962632446
0017-0022-0001,False,,do khủng hỏang niềm,9.944474220275879,11.446355819702148,1.5018815994262695,0.7414885313209535
0017-0022-0002,True,thiết kế các chương trình hành động,"như George Norris, Robert F. Wagner và Hugo Black cũng như nhóm cố vấn chuyên môn được tuyển chọn từ giới trí thức khoa bảng để thiết kế các chương trình",10.147729873657227,6.3028364181518555,-3.844893455505371,0.48184377180014315
0017-0022-0003,True,do khủng hỏang niềm tin vì người dân cảm thấy e ngại khi quyết định chi tiêu hoặc đầu tư,do khủng hỏang niềm,9.833951950073242,11.696537971496582,1.8625860214233398,0.7557848794277184
0017-0022-0004,False,,"như George Norris, Robert F. Wagner và Hugo Black cũng như nhóm cố vấn chuyên môn được tuyển chọn từ giới trí thức khoa bảng để thiết kế các chương trình",10.142492294311523,6.523919105529785,-3.6185731887817383,0.49375552986603954
0017-0022-0005,True,"dựa vào những thượng nghị sĩ như George Norris, Robert F. Wagner và Hugo Black cũng như nhóm cố vấn chuyên môn được tuyển chọn từ giới trí thức khoa bảng","vào những thượng nghị sĩ như George Norris, Robert F. Wagner và Hugo Black cũng như nhóm cố vấn chuyên môn được tuyển chọn từ giới trí thức",9.81852912902832,11.170621871948242,1.3520927429199219,0.7353939874534877
0017-0022-0006,False,,"vào những thượng nghị sĩ như George Norris, Robert F. Wagner và Hugo Black cũng như nhóm cố vấn chuyên môn được tuyển chọn từ giới trí thức",9.76848316192627,11.154882431030273,1.386399269104004,0.7367979259984909
0017-0022-0007,True,"ông đệ trình Quốc hội con số kỷ lục các dự luật, và tất cả đều được thông qua",", ông đệ trình Quốc hội con số kỷ lục các dự luật, và tất cả đều được",10.157306671142578,4.585785388946533,-5.571521282196045,0.3925999917372959
0017-0022-0008,True,cứu trợ khẩn cấp,: cứu trợ,10.142572402954102,9.267232894897461,-0.8753395080566406,0.634813525580245
0017-0023-0001,True,khi nước Mỹ đang trong tình trạng hốt hỏang vì sự sụp đổ của hệ thống ngân hàng,vì sự sụp đổ của hệ thống,10.094863891601562,9.945440292358398,-0.14942359924316406,0.6694830722410364
0017-0023-0002,True,ngày 4 tháng 3 năm 1933,vào ngày 4 tháng 3 năm,8.978519439697266,11.73675537109375,2.7582359313964844,0.788913566677033
0017-0023-0003,True,"Quốc hội Hoa Kỳ thông qua Đạo luật Ngân hàng Khẩn cấp (Emergency Banking Act) tuyên bố một ""ngày lễ ngân hàng"" và thông báo một chương trình cho phép các ngân hàng mở cửa lại",thông qua Đạo luật Ngân hàng Khẩn cấp (Emergency Banking Act,10.142066955566406,6.764676094055176,-3.3773908615112305,0.506456993822264
0017-0023-0004,False,,về phục hồi,10.106719017028809,10.328733444213867,0.2220144271850586,0.6865624099075675
0017-0023-0005,True,"""Điều duy nhất mà chúng ta nên sợ hãi là nỗi sợ của chính mình""",": ""Điều duy nhất mà chúng ta nên sợ hãi là nỗi sợ của chính",10.151963233947754,5.912416458129883,-4.239546775817871,0.461129501284479
0017-0023-0006,False,,": ""Điều duy nhất mà chúng ta nên sợ hãi là nỗi sợ của chính",10.15074634552002,5.8866682052612305,-4.264078140258789,0.45984559747393366
0017-0024-0001,False,,"cách cắt giảm ngân sách liên bang, bao gồm việc cắt giảm 40% phúc lợi dành cho cựu chiến binh và cắt giảm tổng thể chi tiêu",10.151021957397461,3.775010108947754,-6.376011848449707,0.3530009612435733
0017-0024-0002,True,sức ép của các cựu chiến binh,vì sức ép của các,10.09244155883789,9.84776782989502,-0.2446737289428711,0.6650279933194443
0017-0024-0003,True,"cắt giảm ngân sách liên bang, bao gồm việc cắt giảm 40% phúc lợi dành cho cựu chiến binh và cắt giảm tổng thể chi tiêu quân sự","cách cắt giảm ngân sách liên bang, bao gồm việc cắt giảm 40% phúc lợi dành cho cựu chiến binh và cắt giảm tổng thể chi tiêu",10.128064155578613,8.591178894042969,-1.5368852615356445,0.601940923443446
0017-0024-0004,True,giảm chi tiêu,"cách cắt giảm ngân sách liên bang, bao gồm việc cắt giảm 40% phúc lợi dành cho cựu chiến binh và cắt giảm tổng thể chi tiêu",10.15694808959961,3.5830135345458984,-6.573934555053711,0.3435374883921393
0017-0024-0005,True,thành công trong nỗ lực cắt giảm tiền lương chính phủ và ngân sách dành cho lục quân và hải quân,"cách cắt giảm ngân sách liên bang, bao gồm việc cắt giảm 40% phúc lợi dành cho cựu chiến binh và cắt giảm tổng thể chi tiêu",10.14975357055664,4.263632774353027,-5.886120796203613,0.37691310860964516
0017-0024-0006,False,,vì sức ép của các,10.08448600769043,9.982088088989258,-0.10239791870117188,0.6716714784773216
0017-0024-0007,True,Ông cắt khỏi danh sách hưu bổng khỏang 500.000 cựu chiến binh và quả phụ cũng như cắt giảm phúc lợi đối với những người còn lại,. Roosevelt vẫn giữ vững lập trường của,10.155462265014648,2.211392879486084,-7.9440693855285645,0.28166688002326845
0017-0025-0001,False,,cho,10.162535667419434,3.4893524646759033,-6.67318320274353,0.3388378315078055
0017-0025-0002,True,gồm có việc thành lập ra Cơ quan Quản trị Tiến trình Xây dựng Công chánh (Works Progress Administration),có việc thành lập ra Cơ quan Quản trị Tiến trình Xây dựng Công,10.170999526977539,4.679824352264404,-5.491175174713135,0.39664352858624546
0017-0025-0003,True,"hứa hẹn nền an ninh kinh tế cho người già, người nghèo và người bệnh","hứa hẹn nền an ninh kinh tế cho người già, người nghèo và",10.156710624694824,8.111133575439453,-2.045577049255371,0.5760052010058808
0017-0025-0004,True,Đạo luật Wagner,ra Đạo luật,10.120122909545898,11.270059585571289,1.1499366760253906,0.7270243316669915
0017-0025-0005,True,"quyền liên bang của công nhân được quyền thành lập công đòan, quyền thương thuyết tập thể và quyền tham gia đình công","trở thành Đạo luật Quan hệ Lao động Quốc gia. Đạo luật này thiết lập quyền liên bang của công nhân được quyền thành lập công đòan, quyền thương thuyết tập thể và quyền tham gia đình",10.163640975952148,6.852339267730713,-3.3113017082214355,0.509936706401861
0017-0025-0006,True,thiết lập ban cứu nguy quốc gia để thuê mướn 2 triệu gia trưởng trên tòan quốc,này thiết lập ban cứu nguy quốc gia để thuê mướn 2 triệu gia trưởng trên tòan,10.170636177062988,4.238966464996338,-5.93166971206665,0.37466227390886514
0017-0025-0007,False,,có việc thành lập ra Cơ quan Quản trị Tiến trình Xây dựng Công,10.171823501586914,5.309891700744629,-4.861931800842285,0.4287603009924099
0017-0026-0001,True,cộng đồng thương mại,với cộng đồng,10.03668212890625,10.201038360595703,0.16435623168945312,0.6839426365090574
0017-0026-0002,True,thành lập Liên đòan Tự do Mỹ,cách thành lập Liên đòan Tự do Mỹ (American Liberty League,10.149652481079102,8.643758773803711,-1.5058937072753906,0.603504236417137
0017-0026-0003,False,,cách thành lập Liên đòan Tự do Mỹ (American Liberty League,10.15157699584961,8.280464172363281,-1.8711128234863281,0.5849552363384306
0017-0026-0004,False,,vào Đạo luật,10.107599258422852,10.972663879394531,0.8650646209716797,0.7149534243655823
0017-0026-0005,True,nhờ vào Đạo luật Wagner,vào Đạo luật,10.101655960083008,11.1343355178833,1.032679557800293,0.7220945928486325
0017-0026-0006,False,,". Các đảng viên Dân chủ bảo thủ, do Al Smith lãnh đạo, đánh trả bằng cách thành lập Liên đòan Tự do Mỹ (American Liberty",10.157577514648438,-0.9684046506881714,-11.125982165336609,0.16707164995503987
0017-0026-0007,False,,",",9.878366470336914,6.141194820404053,-3.7371716499328613,0.48751167720515537
0017-0026-0008,True,các công đòan,",",9.957948684692383,5.653399467468262,-4.304549217224121,0.45772862556416
0017-0026-0009,False,,với cộng đồng,10.066350936889648,9.768855094909668,-0.29749584197998047,0.6625445762873278
0017-0026-0010,True,Họ tấn công Roosevelt một cách điên cuồng và so sánh ông với Marx và Lênin,". Các đảng viên Dân chủ bảo thủ, do Al Smith lãnh đạo, đánh trả bằng cách thành lập Liên đòan Tự do Mỹ (American Liberty League). Họ tấn công Roosevelt một cách điên cuồng và so sánh ông với Marx và",10.157536506652832,0.33724120259284973,-9.820295304059982,0.20891750442542362
0017-0027-0001,True,"Roosevelt đã quân bình ngân sách ""thường lệ""","đã quân bình ngân sách ""thường lệ",10.159038543701172,3.059434652328491,-7.099603891372681,0.31901344947233556
0017-0027-0002,False,,"đã quân bình ngân sách ""thường lệ",10.162210464477539,1.66974675655365,-8.49246370792389,0.25889195372020984
0017-0027-0003,True,"nợ quốc gia tính theo phần trăm tổng sản lượng quốc gia tăng gấp đôi dưới thời Hoover từ 16% lên đến 33,6% tổng sản lượng quốc gia năm 1932",", nợ quốc gia tính theo phần trăm tổng sản lượng quốc gia tăng gấp",10.154867172241211,6.0191473960876465,-4.1357197761535645,0.46656903098019886
0017-0027-0004,True,"tăng từ 8,0% tổng sản lượng quốc gia dưới thời Tổng thống Hoover năm 1932 lên 10,2% tổng sản lượng quốc gia năm 1936","chính phủ tăng từ 8,0% tổng sản lượng quốc gia dưới thời Tổng thống Hoover năm 1932 lên 10,2% tổng sản lượng quốc gia năm",10.1638765335083,4.608273506164551,-5.55560302734375,0.3933999516675877
0017-0028-0001,False,,là 34% cao hơn so với năm 1932 và 58% cao,10.16895866394043,4.682692527770996,-5.486266136169434,0.39689104775631
0017-0028-0002,True,Chi tiêu thâm thủng,là đề nghị của John Maynard Keynes từ Vương quốc,10.165122985839844,4.643546104431152,-5.521576881408691,0.395111823665454
0017-0028-0003,True,Thất nghiệp giảm đáng kể,". Thất nghiệp giảm đáng kể trong nhiệm kỳ đầu của Roosevelt từ 25% khi ông nhậm chức xuống còn 14,3% năm",10.12342643737793,7.674982070922852,-2.448444366455078,0.5551560253964398
0017-0028-0004,False,,". Thất nghiệp giảm đáng kể trong nhiệm kỳ đầu của Roosevelt từ 25% khi ông nhậm chức xuống còn 14,3% năm",10.135831832885742,7.440303802490234,-2.695528030395508,0.5422673351757109
0017-0028-0005,True,những người thất nghiệp trước đây được tuyển mộ quân dịch,", sự phục hồi kinh tế đã",10.175451278686523,2.3677961826324463,-7.807655096054077,0.2875176987709352
0017-0028-0006,True,Tổng sản lượng quốc gia năm 1936 là 34% cao hơn so với năm 1932 và 58% cao hơn trong năm 1940,là 34% cao hơn so với năm 1932 và 58% cao,10.169441223144531,4.631762504577637,-5.5376787185668945,0.3943014089635352
0017-0028-0007,True,"nền kinh tế phát triển 58% từ năm 1932 đến năm 1940 trong khỏang thời gian 8 năm hòa bình, và rồi phát triển 56% từ 1940 đến 1945 trong khỏang thời gian 5 năm chiến tranh",đã,10.174684524536133,4.8128204345703125,-5.36186408996582,0.40318084257484593
0017-0029-0001,False,,"là 17,2",10.067218780517578,5.248294353485107,-4.818924427032471,0.43098077128677964
0017-0029-0002,True,"5,3%","là 5,3",9.968446731567383,10.540170669555664,0.5717239379882812,0.7021941769254026
0017-0029-0003,False,,kinh tế phát triển,10.123470306396484,9.612438201904297,-0.5110321044921875,0.6524146035610698
0017-0029-0004,False,,"là 5,3",10.030730247497559,10.256542205810547,0.22581195831298828,0.6867345409790007
0017-0029-0005,True,"khỏang 18,31 triệu","là 13%. Tổng số thất nghiệp trong suốt nhiệm kỳ của ông nới rộng khỏang 18,31 triệu việc làm bị",10.137954711914062,2.8389759063720703,-7.298978805541992,0.30995909536453553
0017-0029-0006,True,13%,"là 17,2",10.115091323852539,5.969555854797363,-4.145535469055176,0.4660544229176302
0017-0029-0007,True,Nền kinh tế phát triển nhanh,kinh tế phát triển,10.10873794555664,9.903301239013672,-0.20543670654296875,0.666866823673349
0017-0029-0008,False,,"18,31 triệu việc làm bị",10.084949493408203,3.1466383934020996,-6.9383111000061035,0.3264400682574881
0017-0029-0009,True,sự phát triển này được theo sau là tình trạng thất nghiệp liên tục ở mức độ cao,là tình trạng thất nghiệp liên tục ở mức độ,9.695281982421875,10.899445533752441,1.2041635513305664,0.7292855867375151
0017-0030-0001,True,nhằm gây qũy cho chương trình mới là An sinh Xã hội năm 1937,nhằm gây qũy cho chương trình mới là An sinh Xã hội năm,10.056392669677734,8.748778343200684,-1.3076143264770508,0.6134548906854779
0017-0030-0002,True,dưới sức ép tài chính do Đại suy thóai gây ra,", dưới sức ép tài chính do Đại suy thóai gây",10.171051025390625,7.120841979980469,-3.0502090454101562,0.5236710552093811
0017-0030-0003,True,Quốc hội mở rộng thu thuế đối với hầu hết những ai đi làm đều phải trả thuế thu nhập liên bang,", Quốc hội mở rộng thu thuế đối với hầu hết những ai đi làm đều phải trả thuế thu nhập",10.132916450500488,7.443028450012207,-2.6898880004882812,0.5425622363907269
0017-0030-0004,True,nhằm tăng tỉ lệ thuế cận biên lên đến 100% đối với những ai có tiền lương vượt trên 25.000 đô la (sau thuế),nhằm tăng tỉ lệ thuế cận biên lên đến 100% đối với những ai có tiền lương vượt trên 25.000,10.066374778747559,8.440781593322754,-1.6255931854248047,0.5974548027449106
0017-0030-0005,True,tăng tỉ lệ thuế thu nhập thậm chí cao hơn đối với cá nhân (lên đến một tỉ lệ thuế cận biên là 91%) và đại công ty,Việc Roosevelt đề nghị thu các lọai thuế mới đối với tiền tiết kiệm của các,10.158087730407715,8.828887939453125,-1.3291997909545898,0.6123760452037048
0017-0030-0006,False,,", Quốc hội mở rộng thu thuế đối với hầu hết những ai đi làm đều phải trả thuế thu nhập",10.149118423461914,5.77004337310791,-4.379075050354004,0.4538343541593979
0017-0031-0001,True,thực hiện chính sách kinh tế riêng của Hoa Kỳ,. Thông điệp gây xôn xao của Roosevelt gởi đến hội nghị tiền tệ thế giới năm,10.08243179321289,10.104771614074707,0.022339820861816406,0.6774401447121864
0017-0031-0002,True,Việc không ký vào hiệp ước tham gia Hội Quốc Liên năm 1919,Việc không ký vào hiệp ước tham gia Hội Quốc Liên năm,10.079270362854004,10.549261093139648,0.46999073028564453,0.697693123641026
0017-0031-0003,False,,thực sự kết thúc tất cả những nỗ lực lớn của các cường quốc nhằm hợp tác trong công cuộc kết thúc cuộc khủng hỏang,10.129993438720703,6.197531700134277,-3.932461738586426,0.47723964025200916
0017-0031-0004,True,kết thúc tất cả những nỗ lực lớn của các cường quốc nhằm hợp tác trong công cuộc kết thúc cuộc khủng hỏang thế giới,thực sự kết thúc tất cả những nỗ lực lớn của các cường quốc nhằm hợp tác trong công cuộc kết thúc cuộc khủng hỏang,10.126655578613281,6.7957444190979,-3.330911159515381,0.5089043188335854
0017-0031-0005,True,không tham gia vào các tổ chức thế giới,Việc không ký vào hiệp ước tham gia Hội Quốc Liên năm,10.114662170410156,9.050244331359863,-1.064417839050293,0.6255308117638951
0017-0031-0006,False,,. Thông điệp gây xôn xao của Roosevelt gởi đến hội nghị tiền tệ,10.096994400024414,9.680702209472656,-0.4162921905517578,0.6569266792929542
0017-0031-0007,False,,Việc không ký vào hiệp ước tham gia Hội Quốc Liên năm,10.122014999389648,8.754695892333984,-1.367319107055664,0.610468146440068
0017-0032-0001,False,,", Roosevelt ký văn kiện Hội nghị Montevideo về quyền lợi và nghĩa vụ của các quốc gia, từ bỏ quyền can thiệp đơn phương vào công việc nội bộ của các quốc gia châu Mỹ La",10.154430389404297,6.2847208976745605,-3.8697094917297363,0.480538656614202
0017-0032-0002,True,Các hiệp ước mới được ký kết với Cuba và Panama đã kết thúc tình trạng của họ là quốc gia được Hoa Kỳ bảo hộ,đối với châu Mỹ La,10.147821426391602,8.196322441101074,-1.9514989852905273,0.5808380038024552
0017-0032-0003,True,Roosevelt ký văn kiện Hội nghị Montevideo về quyền lợi và nghĩa vụ của các quốc gia,", Roosevelt ký văn kiện Hội nghị Montevideo về quyền lợi và nghĩa vụ của các quốc gia, từ bỏ quyền can thiệp đơn phương vào công việc nội bộ của các quốc gia châu Mỹ La",10.116918563842773,9.48553466796875,-0.6313838958740234,0.6466431186955843
0017-0032-0004,True,khu vực này đã từng được xem như là một vùng ảnh hưởng của Hoa Kỳ,là một vùng ảnh hưởng của,10.137446403503418,7.999337196350098,-2.1381092071533203,0.5712375831159433
0017-0032-0005,False,,. Đây là một sự tái định lượng chính sách của Hoa Kỳ đối với châu Mỹ La,10.152576446533203,3.104090929031372,-7.048485517501831,0.3213574585559497
0017-0032-0006,True,từ bỏ quyền can thiệp đơn phương vào công việc nội bộ của các quốc gia châu Mỹ La Tinh,", từ bỏ quyền can thiệp đơn phương vào công việc nội bộ của các quốc gia châu Mỹ La",9.722119331359863,11.315801620483398,1.5936822891235352,0.7451781788165204
0017-0032-0007,False,,"""Chính sách lân bang tốt"". Đây là một sự tái định lượng chính sách của Hoa Kỳ đối với châu Mỹ La",10.137182235717773,8.049727439880371,-2.0874547958374023,0.5738491928923343
0017-0032-0008,True,Sáng kiến chính về chính sách ngọai giao trong nhiệm kỳ đầu tiên của Roosevelt,"về chính sách ngọai giao trong nhiệm kỳ đầu tiên của Roosevelt là ""Chính sách lân bang tốt"". Đây là một sự tái định lượng chính sách của Hoa Kỳ đối với châu Mỹ La",10.142375946044922,5.267847061157227,-4.874528884887695,0.42811045223990535
0017-0032-0009,False,,", từ bỏ quyền can thiệp đơn phương vào công việc nội bộ của các quốc gia châu Mỹ La",9.963648796081543,10.996973037719727,1.0333242416381836,0.7221218459817781
0017-0033-0001,True,hậu thuẫn cho đảng Dân chủ cho đến thập niên 1960,", phần lớn không thay đổi sự hậu thuẫn cho đảng",10.153091430664062,3.0952701568603516,-7.057821273803711,0.3209286949259931
0017-0033-0002,False,,", phần lớn không thay đổi sự hậu thuẫn cho đảng",10.153451919555664,2.034193277359009,-8.119258642196655,0.27426015093361833
0017-0033-0003,True,"Roosevelt và Garner chiến thắng với tỉ lệ 60,8% phiếu bầu phổ thông và chiến thắng gần như ở tất cả các tiểu bang, trừ Maine và Vermont",", Roosevelt vận động tranh cử dựa vào các chương trình New Deal của",10.140327453613281,4.591730117797852,-5.54859733581543,0.39375219896644653
0017-0033-0004,True,chấp nhận phần lớn chương trình New Deal nhưng phản bác rằng nó không có lợi cho doanh nghiệp và quá nhiều lãng phí,"ông chống lại đối thủ Alf Landon, Thống đốc tiểu bang Kansas, là người chấp nhận phần lớn chương trình New Deal nhưng phản bác rằng nó không có lợi cho doanh nghiệp và quá nhiều",10.160356521606445,2.4698238372802734,-7.690532684326172,0.2925984864980684
0017-0033-0005,False,,", Roosevelt vận động tranh cử dựa vào các chương trình New Deal của",10.154070854187012,1.2158706188201904,-8.938200235366821,0.2412869876311021
0017-0033-0006,True,các chương trình New Deal,vào các chương trình New Deal của,9.724955558776855,9.907806396484375,0.18285083770751953,0.6847842460644862
0017-0033-0007,True,"Roosevelt được hậu thuẫn bởi một liên minh cử tri gồm các đảng viên Dân chủ truyền thống trên tòan quốc, các nông gia nhỏ, cư dân miền Nam Hoa Kỳ, người công giáo La Mã, các cỗ máy thành phố lớn, các liên đòan lao động, người Mỹ gốc châu Phi ở miền bắc, người Do Thái, giới trí thức và người theo chủ nghĩa tự do chính trị",bởi một liên minh,10.160125732421875,2.5255730152130127,-7.634552717208862,0.2950454126080944
0017-0034-0001,True,"giúp tạo ra đỉnh điểm 3,3 triệu việc làm do WPA quản lý vào năm 1938","giúp tạo ra đỉnh điểm 3,3 triệu việc làm do WPA quản lý vào năm",10.151019096374512,6.45684814453125,-3.6941709518432617,0.48977518676143217
0017-0034-0002,True,"Hoa Kỳ có được một Cơ quan đặc trách Gia cư Hoa Kỳ, một Đạo luật Điều chỉnh Nông nghiệp thứ hai và Đạo luật Tiêu chuẩn Lao động Công bằng năm 1938 cho ra đời lương tối thiểu",", có rất ít quy trình lập pháp lớn được",10.13348388671875,7.592188835144043,-2.541295051574707,0.5503203795353627
0017-0034-0003,False,,"giúp tạo ra đỉnh điểm 3,3 triệu việc làm do WPA quản lý vào năm",10.161406517028809,5.446294784545898,-4.71511173248291,0.4363519012624623
0017-0034-0004,True,"Roosevelt đưa ra một chương trình kích cầu cấp tiến, xin Quốc hội chi 5 tỷ đô la cho công chánh và giải cứu Cơ quan Quản trị Tiến trình Xây dựng Công chánh (WPA)",", Roosevelt đưa ra một chương trình kích cầu cấp tiến, xin Quốc hội chi 5 tỷ đô la cho công chánh và giải cứu Cơ quan Quản trị Tiến trình Xây dựng Công",10.159300804138184,4.002882480621338,-6.156418323516846,0.36363690793602454
0017-0035-0001,True,bổ nhiệm 5 thẩm phán tối cao pháp viện mới,"khi đề nghị một luật mới cho phép ông bổ nhiệm 5 thẩm phán tối cao pháp viện mới Kế họach ""lấp đầy tòa",10.007308959960938,10.456975936889648,0.44966697692871094,0.6967893178113708
0017-0035-0002,True,Tối cao Pháp viện Hoa Kỳ,viện,10.165184020996094,6.396290302276611,-3.7688937187194824,0.4858421853442985
0017-0035-0003,True,dường như làm đảo lộn tam quyền phân lập và trao cho tổng thống cả quyền kiểm sóat ngành tư pháp,vì nó dường như làm đảo lộn tam quyền phân lập và trao cho tổng thống cả quyền kiểm sóat ngành,10.168911933898926,4.906299591064453,-5.262612342834473,0.4082220745471547
0017-0035-0004,True,tối cao pháp viện đồng thanh phán quyết rằng Đạo luật Phục hồi Quốc gia (NRA) là một sự ủy thác quyền lực một cách vi hiến của ngành lập pháp trao cho tổng thống,", tối cao pháp viện đồng thanh phán quyết rằng Đạo luật Phục hồi Quốc gia (NRA) là một sự ủy thác quyền lực một cách vi hiến của ngành lập pháp trao cho",10.170122146606445,0.10474888980388641,-10.065373256802559,0.20051286079404423
0017-0036-0001,True,Vì quyết tâm vượt qua sự chống đối của các đảng viên Dân chủ bảo thủ,Vì quyết tâm vượt qua sự chống đối của các đảng viên Dân chủ bảo thủ (đa số từ miền Nam Hoa Kỳ,10.07594108581543,5.690552234649658,-4.3853888511657715,0.45350468557861556
0017-0036-0002,True,Vì quyết tâm vượt qua sự chống đối của các đảng viên Dân chủ bảo thủ,", tích cực vận động cho các ứng viên có thái độ ủng hộ hơn dành cho chương trình cải cách New Deal. Những người mà ông nhắm mục tiêu triệt hạ đã tố cáo ông là tìm cách thâu tóm đảng",10.100823402404785,2.7511143684387207,-7.3497090339660645,0.30767795278966337
0017-0036-0003,True,tìm cách thâu tóm đảng Dân chủ và dùng chiêu thức thuyết phục cử tri rằng họ độc lập để được tái đắc cử,là tìm cách thâu tóm đảng Dân chủ và dùng chiêu thức thuyết phục cử tri rằng họ độc lập để được tái,10.140214920043945,6.104877471923828,-4.035337448120117,0.47183567551711436
0017-0036-0004,True,"Roosevelt bị thất bại chua cay, chỉ đánh gục được một mục tiêu, đó là một đảng viên Dân chủ bảo thủ từ Thành phố New York",Vì quyết tâm vượt qua sự chống đối của các đảng viên Dân chủ,10.144298553466797,0.9854063987731934,-9.158892154693604,0.23287846534003803
0017-0036-0005,False,,", tích cực vận động cho các ứng viên có thái độ ủng hộ",10.14139175415039,1.7882261276245117,-8.353165626525879,0.26456203399201567
0017-0036-0006,False,,Vì quyết tâm vượt qua sự chống đối của các đảng viên Dân chủ bảo thủ (đa số từ miền Nam Hoa Kỳ,10.11429214477539,5.017216682434082,-5.097075462341309,0.4166727172264714
0017-0036-0007,True,Roosevelt tự dấn thân vào các cuộc bầu cử sơ bộ đảng Dân chủ năm 1938,", Roosevelt tự dấn thân vào các cuộc bầu cử sơ bộ đảng Dân chủ năm",10.120859146118164,5.0742597579956055,-5.046599388122559,0.4192595328596691
0017-0036-0008,False,,", Roosevelt tự dấn thân vào các cuộc bầu cử sơ bộ đảng Dân chủ năm",10.13640308380127,3.5018863677978516,-6.634516716003418,0.3406650663517279
0017-0037-0001,True,Luật lương tối thiểu năm 1938,. Luật lương tối thiểu năm,9.470088958740234,11.437999725341797,1.9679107666015625,0.7598569686530489
0017-0037-0002,True,lập ra một liên minh Bảo thủ,", đảng Cộng hòa dưới sự lãnh đạo của Thượng nghị sĩ Robert Taft lập ra một liên minh Bảo thủ cùng với các đảng viên Dân chủ miền Nam",10.146678924560547,5.565339088439941,-4.5813398361206055,0.4432949842397086
0017-0037-0003,True,Sự ra đời của liên minh bảo thủ này gần như kết thúc khả năng của Roosevelt đưa các đề nghị của mình lên quốc hội để được thông qua thành luật,Roosevelt đưa các đề nghị của mình lên quốc hội để được thông qua thành,10.133743286132812,6.808502197265625,-3.3252410888671875,0.5092028417779282
0017-0037-0004,False,,", đảng Cộng hòa dưới sự lãnh đạo của Thượng nghị sĩ Robert Taft lập ra một liên minh Bảo thủ cùng với các đảng viên Dân chủ miền Nam",10.148475646972656,5.291235446929932,-4.857240200042725,0.4290023906356939
0017-0037-0005,True,các đảng viên Dân chủ ủng hộ New Deal,số các đảng viên,10.1216459274292,6.1831183433532715,-3.9385275840759277,0.47692084673792956
0017-0037-0006,True,mất 6 ghế thượng viện và 71 ghế hạ viện,Dân chủ mất 6 ghế thượng viện và 71 ghế,10.111541748046875,8.868138313293457,-1.243403434753418,0.6166575487255801
0017-0037-0007,False,,số các đảng viên,10.116377830505371,6.807112693786621,-3.30926513671875,0.5100439219867471
0017-0038-0001,True,Roosevelt chống đối đạo luật,", ra lệnh cấm vận chuyển vũ khí từ Mỹ đến các nước",10.157501220703125,4.000621318817139,-6.156879901885986,0.363614406807789
0017-0038-0002,True,dựa trên lập luận rằng đạo luật đang trừng phạt nạn nhân của sự xâm lược,song sự ủng hộ của công chúng dành cho đạo luật quá,10.132059097290039,8.090595245361328,-2.041463851928711,0.5762168077555163
0017-0038-0003,True,bùng nổ một cuộc thế chiến mới,lên nỗi e sợ bùng nổ một cuộc thế chiến,10.103023529052734,8.617956161499023,-1.485067367553711,0.6045535991068482
0017-0038-0004,False,,", ra lệnh cấm vận chuyển vũ khí từ Mỹ đến các nước",10.160470008850098,1.6661900281906128,-8.494279980659485,0.25881854752032024
0017-0038-0005,True,ra lệnh cấm vận chuyển vũ khí từ Mỹ đến các nước tham chiến,", ra lệnh cấm vận chuyển vũ khí từ Mỹ đến các nước",10.139612197875977,7.123064041137695,-3.0165481567382812,0.5254395674651687
0017-0038-0006,True,sự ủng hộ của công chúng dành cho đạo luật quá lớn,song sự ủng hộ của công chúng dành cho đạo luật quá,9.455491065979004,11.750627517700195,2.2951364517211914,0.7722096498048271
0017-0039-0001,True,một cuộc đảo chính bất thành nổ ra do phong trào phát xít Integralista tại Brasil thực hiện,", một cuộc đảo chính",9.85904312133789,11.145922660827637,1.286879539489746,0.7327120610363289
0017-0039-0002,True,Sự việc Brasil tố cáo Đức hậu thuẫn cho cuộc đảo chính Integralista,Sự việc Brasil tố cáo Đức hậu thuẫn cho cuộc đảo chính Integralista có một ảnh hưởng khích động đối với chính phủ Roosevelt vì nó gây hoang mang rằng tham vọng của người Đức không chỉ giới hạn trong khu vực châu Âu mà trên tòan,9.83707332611084,6.2735066413879395,-3.5635666847229004,0.49665223668452074
0017-0039-0003,True,có một ảnh hưởng khích động đối với chính phủ Roosevelt,ảnh hưởng khích,10.12457275390625,6.903030872344971,-3.2215418815612793,0.5146611164871604
0017-0039-0004,True,"cho rằng Đại sứ Đức, Tiến sĩ Karl Ritter, có nhúng tay vào cuộc đảo chính này và tuyên bố rằng ông ta là persona non grata",nó gây hoang mang rằng tham vọng của người Đức không chỉ giới hạn trong khu vực châu Âu mà trên tòan,10.049102783203125,5.831186294555664,-4.217916488647461,0.46226199928861117
0017-0039-0005,False,,", một cuộc đảo chính",10.020792961120605,10.314169883728027,0.2933769226074219,0.6897884389982253
0017-0039-0006,True,"chế độ Đức Quốc xã: một chế độ khó ưa, tuy nhiên trên cơ bản không phải là vấn đề đáng lo đối với Mỹ",: một chế độ khó,10.154745101928711,4.812003135681152,-5.342741966247559,0.40415054674352047
0017-0040-0001,True,nếu chiến tranh bùng nổ vì Tiệp Khắc thì Hoa Kỳ sẽ tham chiến bên cạnh phe Đồng minh,"rằng ""Pháp và Hoa Kỳ đòan kết với nhau trong chiến tranh và hòa",10.155035018920898,8.993367195129395,-1.161667823791504,0.6207196593306362
0017-0040-0002,True,giữ lập trường trung lập,sẽ tham chiến bên cạnh phe,10.138997077941895,7.780613899230957,-2.3583831787109375,0.5598364457435864
0017-0040-0003,False,,"rằng ""Pháp và Hoa Kỳ đòan kết với nhau trong chiến tranh và hòa",10.148818016052246,2.7798447608947754,-7.368973255157471,0.30681416267131006
0017-0040-0004,True,Phần đông ý kiến cho rằng bức điện tín mang ý nghĩa chúc mừng trong khi nhóm thiểu số thì phản bác lời giải nghĩa đó,rằng bức điện tín mang ý nghĩa,10.145212173461914,1.260932445526123,-8.884279727935791,0.24337258539450465
0017-0040-0005,False,,"rằng ""Pháp và Hoa Kỳ đòan kết với nhau trong chiến tranh và hòa",10.148372650146484,8.76534366607666,-1.3830289840698242,0.6096808671177429
0017-0040-0006,True,"""Pháp và Hoa Kỳ đòan kết với nhau trong chiến tranh và hòa bình""","rằng ""Pháp và Hoa Kỳ đòan kết với nhau trong chiến tranh và hòa",10.087736129760742,9.717031478881836,-0.37070465087890625,0.6590878263106701
0017-0040-0007,True,bác bỏ,. Roosevelt,10.150848388671875,2.8319973945617676,-7.318850994110107,0.30906440950599356
0017-0040-0008,False,,sẽ tham chiến bên cạnh phe,10.139768600463867,8.43797492980957,-1.7017936706542969,0.5935881095162628
0017-0041-0001,True,dấy lên một làn sóng lớn của chủ nghĩa biệt lập chống lại Roosevelt,này dấy lên một làn sóng lớn của chủ nghĩa biệt lập chống lại,10.166641235351562,4.943656921386719,-5.222984313964844,0.41024034673289084
0017-0041-0002,False,,", cấm cho các quốc gia vỡ nợ tiền mượn trong thời Chiến tranh thế giới thứ nhất mượn thêm",10.020013809204102,10.487726211547852,0.46771240234375,0.6975918814413353
0017-0041-0003,True,cấm cho các quốc gia vỡ nợ tiền mượn trong thời Chiến tranh thế giới thứ nhất mượn thêm tiền,", cấm cho các quốc gia vỡ nợ tiền mượn trong thời Chiến tranh thế giới thứ nhất mượn thêm",9.994154930114746,10.568072319030762,0.5739173889160156,0.7022907974553794
0017-0041-0004,True,để xem có cách nào khắc phục được các luật lệ trung lập của Mỹ và cho phép Pháp mua các phi cơ Mỹ để lấp khỏang trống sản xuất trong ngành công nghiệp chế tạo phi cơ Pháp,để xem có cách nào khắc phục được các luật lệ trung lập của Mỹ và cho phép Pháp mua các phi cơ Mỹ để lấp khỏang trống sản xuất trong ngành công nghiệp chế tạo phi cơ,10.098991394042969,6.240284442901611,-3.8587069511413574,0.4811172661750996
0017-0041-0005,True,đặt mua 1.000 phi cơ chiến đấu Mỹ cho Không quân Pháp,và ngay lập tức đặt mua 1.000 phi cơ chiến đấu Mỹ cho Không quân,10.123533248901367,9.858979225158691,-0.2645540237426758,0.664094389631851
0017-0041-0006,False,,"rằng ""Nếu tôi có ba hoặc bốn ngàn phi cơ thì Hội nghị München đã không bao giờ xảy",10.078903198242188,9.4671630859375,-0.6117401123046875,0.6475881167849706
0017-0041-0007,True,"""Nếu tôi có ba hoặc bốn ngàn phi cơ thì Hội nghị München đã không bao giờ xảy ra","rằng ""Nếu tôi có ba hoặc bốn ngàn phi cơ thì Hội nghị München đã không bao giờ xảy",10.073129653930664,9.542749404907227,-0.5303802490234375,0.651489723395335
0017-0041-0008,False,,này dấy lên một làn sóng lớn của chủ nghĩa biệt lập chống lại Roosevelt và dẫn đến việc Ủy ban Quân vụ Thượng viện Hoa Kỳ tiến hành điều tra các cuộc hội đàm Pháp-,10.17049789428711,4.530709266662598,-5.639788627624512,0.3891758478633109
0017-0042-0001,False,,"Quốc trở nên suy yếu, dễ bị",10.13947582244873,5.650210380554199,-4.489265441894531,0.44808693998330074
0017-0042-0002,True,"""Ủy ban Phòng vệ Mỹ bằng cách Trợ giúp Đồng minh""","được ""Ủy ban Phòng vệ Mỹ bằng cách Trợ giúp",9.989297866821289,11.198081970214844,1.2087841033935547,0.7294777178034764
0017-0042-0003,True,"Anh Quốc trở nên suy yếu, dễ bị xâm chiếm","Quốc trở nên suy yếu, dễ bị",10.139215469360352,6.2720489501953125,-3.867166519165039,0.48067238371282567
0017-0042-0004,True,"FDR bổ nhiệm hai lãnh tụ theo chủ nghĩa can thiệp thuộc Đảng Cộng hòa, Henry L. Stimson và Frank Knox, làm bộ trưởng chiến tranh và bộ trưởng hải quân theo thứ tự vừa kể",", FDR bổ nhiệm hai lãnh tụ theo chủ nghĩa can thiệp thuộc Đảng Cộng hòa, Henry L. Stimson và Frank Knox, làm bộ trưởng chiến tranh và bộ trưởng",10.127339363098145,7.593071937561035,-2.5342674255371094,0.5506867215070138
0017-0042-0005,True,"Đức xâm chiếm Đan Mạch và Na Uy, theo sau là xâm chiếm Hà Lan, Bỉ, Luxembourg, và Pháp vào tháng 5",", Đức xâm chiếm Đan Mạch và Na Uy, theo sau là xâm chiếm Hà Lan, Bỉ, Luxembourg, và",10.128995895385742,7.495849132537842,-2.6331467628479004,0.5455273817091272
0017-0042-0006,True,"Cả hai đảng ủng hộ các chương trình của ông nhanh chóng xây dựng các lực lượng quân sự Mỹ, nhưng những người theo chủ nghĩa biệt lập cảnh báo rằng Roosevelt sẽ đưa quốc gia lâm vào một cuộc chiến không cần thiết với Đức",", Roosevelt tận dụng ngay sự chuyển đổi",10.116914749145508,4.9154133796691895,-5.201501369476318,0.411335751473838
0017-0043-0001,True,Harry Hopkins,đến Harry,9.051794052124023,11.527836799621582,2.4760427474975586,0.7788437447705205
0017-0043-0002,True,"Nước Mỹ phải là ""Kho thuốc đạn dân chủ""",". Nước Mỹ phải là ""Kho thuốc đạn dân chủ",10.142826080322266,8.889887809753418,-1.2529382705688477,0.6161826101073822
0017-0043-0003,True,kết thúc chủ nghĩa thuộc địa của châu Âu,cho nên việc kết thúc chủ nghĩa thuộc địa của châu,10.150087356567383,3.858917236328125,-6.291170120239258,0.3570936775636464
0017-0043-0004,False,,đến Harry,9.013565063476562,11.520662307739258,2.5070972442626953,0.779968537894096
0017-0043-0005,True,các nguồn tài chính của Anh Quốc đã cạn kiệt,vì các nguồn tài chính của Anh Quốc đã,10.140048027038574,9.924802780151367,-0.21524524688720703,0.6664076228461822
0017-0043-0006,True,ký hiệp ước trao 50 chiếc khu trục hạm cho Anh Quốc để đổi lấy quyền sử dụng các căn cứ hải quân của Anh Quốc tại các đảo thuộc Anh Quốc trong vùng biển Caribe và Newfoundland,việc ký hiệp ước trao 50 chiếc khu trục hạm cho Anh,9.87590217590332,10.330642700195312,0.4547405242919922,0.6970150835255423
0017-0043-0007,False,,cho nên việc kết thúc chủ nghĩa thuộc địa của châu,10.151237487792969,3.608295440673828,-6.542942047119141,0.34501141136509517
0017-0044-0001,True,"Các đại biểu kinh ngạc; rồi bỗng dưng loa phóng thanh la to ""Chúng tôi cần Roosevelt... Thế giới cần Roosevelt!"" Các đại biểu như cuồng dại và ông được đề cử với tỉ lệ 946 - 147",như cuồng,10.1686429977417,9.311442375183105,-0.8572006225585938,0.6356989243658953
0017-0044-0002,True,giám đốc điều hành chiến dịch vận động tranh cử của Roosevelt,là giám đốc điều hành chiến dịch vận động tranh cử của,10.153968811035156,7.09409236907959,-3.0598764419555664,0.5231630273505605
0017-0044-0003,True,từ khi tổng thống George Washington từ chối ra tranh cử nhiệm kỳ thứ ba vào năm 1796,khi ông bị đảng bắt buộc ra,10.155143737792969,8.642314910888672,-1.5128288269042969,0.6031545891823387
0017-0044-0004,False,,là giám đốc điều hành chiến dịch vận động tranh cử của,10.155738830566406,6.7963104248046875,-3.3594284057617188,0.50740282542825
0017-0044-0005,False,,là Henry A.,9.995180130004883,10.72816276550293,0.7329826354980469,0.7092490765972461
0017-0044-0006,True,Bộ trưởng Ngọai giao Cordell Hull và hai là James Farley,"là James Farley, bộ trưởng bưu điện và chủ tịch Đảng",10.090887069702148,10.058713912963867,-0.03217315673828125,0.6749256316056683
0017-0044-0007,True,mỗi tổng thống chỉ được phục vụ hai nhiệm kỳ,rõ mỗi tổng thống chỉ được phục vụ hai,10.167495727539062,7.287586212158203,-2.8799095153808594,0.5326114245834019
0017-0045-0001,False,,",",9.939138412475586,5.365850448608398,-4.5732879638671875,0.44371363141378795
0017-0045-0002,True,Roosevelt nhấn mạnh ý định của ông là sẽ làm mọi việc như có thể để giữ Hoa Kỳ ngòai cuộc chiến,sẽ làm mọi việc như,10.089346885681152,5.819059371948242,-4.27028751373291,0.45952069985552835
0017-0045-0003,True,"tỉ lệ 55% phiếu bầu phổ thông, thắng 38 trong số 48 tiểu bang",", Roosevelt nhấn mạnh ý định của ông là sẽ làm mọi việc như có thể để giữ Hoa Kỳ ngòai cuộc chiến. Ông thắng bầu cử tổng thống năm 1940 với tỉ lệ 55% phiếu bầu phổ thông, thắng 38 trong số 48",10.141681671142578,2.60208797454834,-7.539593696594238,0.2992232124800417
0017-0045-0004,True,John Nance Garner,",",9.87486743927002,7.407613754272461,-2.4672536849975586,0.5541772526773915
0017-0045-0005,False,,của Henry A.,9.382635116577148,11.677922248840332,2.2952871322631836,0.7722152334219883
0017-0045-0006,True,Wendell Willkie,của Henry A.,10.013320922851562,4.574810981750488,-5.438509941101074,0.39930170539184107
0017-0046-0001,True,"Hoa Kỳ một mặt nới rộng và tái vũ trang Lục quân Hoa Kỳ và Hải quân Hoa Kỳ, một mặt trở thành ""kho thuốc súng của dân chủ"" bằng cách trợ giúp Anh Quốc, Pháp, Trung Hoa và (sau tháng 6 năm 1941) Liên Xô","Hoa Kỳ một mặt nới rộng và tái vũ trang Lục quân Hoa Kỳ và Hải quân Hoa Kỳ, một mặt trở thành ""kho thuốc súng của",10.166068077087402,2.8799495697021484,-7.286118507385254,0.310538851451058
0017-0046-0002,False,,một cách,10.168092727661133,2.1239945888519287,-8.044098138809204,0.27742294558211406
0017-0046-0003,True,Chiến tranh thế giới thứ hai tại châu Âu và tại Thái Bình Dương,bởi Chiến tranh thế giới thứ hai tại châu Âu và tại,9.870975494384766,11.072994232177734,1.2020187377929688,0.729196372287018
0017-0046-0004,True,vì đang phải đối mặt với sự phản đối mạnh mẽ của chủ nghĩa biệt lập từ các lãnh tụ Quốc hội chống đối tái vũ trang như Thượng nghị sĩ William Borah và Thượng nghị sĩ Robert Taft,vì đang phải đối mặt với sự phản đối mạnh mẽ của chủ nghĩa biệt lập từ các lãnh tụ Quốc hội chống đối tái,10.15907096862793,4.3555145263671875,-5.803556442260742,0.3810066003085015
0017-0047-0001,False,,. Vì khan hiếm nhân công lao động tại các khu vực trung tâm sản xuất chính trên tòan,10.076037406921387,9.580589294433594,-0.49544811248779297,0.653158714915184
0017-0047-0002,True,kích thích sự phát triển kinh tế,quân sự kích thích sự phát triển,10.104671478271484,7.808897018432617,-2.295774459838867,0.5630839731564008
0017-0047-0003,True,Mặt trận trong nước có sự thay đổi xã hội rất năng động,nước có sự thay đổi xã hội rất,10.151931762695312,8.707927703857422,-1.4440040588378906,0.606619800823702
0017-0047-0004,True,có những dòng di dân lớn gồm những người Mỹ gốc châu Phi từ các nông trại ở miền Nam cũng như các nông gia nhỏ và các công nhân từ các vùng nông thôn và thị trấn nhỏ khắp nơi trên tòan quốc,nên có những dòng di dân lớn gồm những người Mỹ gốc châu Phi từ các nông trại ở miền Nam cũng như các nông gia nhỏ và các công nhân từ các vùng nông thôn và thị trấn nhỏ khắp nơi trên tòan,10.152774810791016,6.168255805969238,-3.9845190048217773,0.4745043750443197
0017-0047-0005,True,Vì khan hiếm nhân công lao động tại các khu vực trung tâm sản xuất chính trên tòan quốc,. Vì khan hiếm nhân công lao động tại các khu vực trung tâm sản xuất chính trên tòan,10.046574592590332,10.210409164428711,0.1638345718383789,0.6839188805018402
0017-0047-0006,False,,kích thích sự phát triển,10.135069847106934,5.9544267654418945,-4.180643081665039,0.4642144323725163
0017-0047-0007,False,,", thất nghiệp rơi xuống dưới 1 triệu",10.15726089477539,5.568071365356445,-4.589189529418945,0.4428869266267969
0017-0047-0008,False,,nước có sự thay đổi xã hội rất,10.154417991638184,8.413737297058105,-1.7406806945800781,0.5916103265344108
0017-0047-0009,True,thất nghiệp rơi xuống dưới 1 triệu người,", thất nghiệp rơi xuống dưới 1 triệu",10.157817840576172,5.385164737701416,-4.772653102874756,0.43337285994881874
0017-0048-0001,False,,để phác thảo ra Hiến chương,10.115286827087402,9.551431655883789,-0.5638551712036133,0.6498868589172284
0017-0048-0002,True,dự tính gia tăng viện trợ cho các quốc gia Đồng minh và cần đến 10 triệu binh sĩ phục vụ,dự tính gia tăng viện trợ cho các quốc gia,10.168668746948242,3.1674137115478516,-7.001255035400391,0.32353122332598044
0017-0048-0003,True,bắt đầu lập kế họach cho sự tham chiến hòan tòan của Hoa Kỳ,bắt đầu lập kế họach cho sự tham chiến hòan tòan của,10.106595039367676,9.60446548461914,-0.5021295547485352,0.6528397778743266
0017-0048-0004,True,"chính sách ""tất cả là viện trợ, không tham chiến.""","chính sách ""tất cả là viện trợ, không",10.124988555908203,10.797094345092773,0.6721057891845703,0.7065973744742385
0017-0048-0005,True,"cung cấp cho tổng thống ước tính cần thiết về con số tổng động viên nhân lực, công nghiệp và tiếp vận để đánh bại ""kẻ thù tiềm năng"" của Hoa Kỳ","ra dưới sự chỉ đạo của Albert Wedemeyer cung cấp cho tổng thống ước tính cần thiết về con số tổng động viên nhân lực, công nghiệp và tiếp vận để đánh bại ""kẻ thù tiềm năng"" của",10.155781745910645,5.565830230712891,-4.589951515197754,0.44284731973519403
0017-0048-0006,True,phác thảo ra Hiến chương Đại Tây Dương,để phác thảo ra Hiến chương,10.125297546386719,9.351385116577148,-0.7739124298095703,0.6397525450927622
0017-0048-0007,False,,bắt đầu lập kế họach cho sự tham chiến hòan tòan của,10.113537788391113,9.3110933303833,-0.8024444580078125,0.6383661056348953
0017-0049-0001,True,vì lỗi của bộ máy hành chính,vì lỗi của bộ máy,10.159547805786133,7.578824996948242,-2.5807228088378906,0.5482640552692186
0017-0049-0002,False,,vì lỗi của bộ máy,10.16082763671875,7.305436611175537,-2.855391025543213,0.533897006751652
0017-0049-0003,False,,đi theo thứ tự nhận,10.161921501159668,6.62150764465332,-3.5404138565063477,0.497871570124704
0017-0049-0004,True,cảnh báo cho lục quân và hải quân tại Hawaii để họ giăng sẵn bẫy đối phó với một cuộc tấn công của người Nhật,để cảnh báo cho lục quân và hải quân tại Hawaii để họ giăng sẵn bẫy đối phó với một cuộc tấn công của người,10.153471946716309,4.911850929260254,-5.241621017456055,0.40929079066817
0017-0049-0005,True,"do chủ ý của các vị tướng lãnh ở thủ đô Washington vì họ cho rằng nếu thông điệp được đánh dấu ""khẩn cấp"" và được gởi đến các vị tư lệnh tại Hawaii thì có thể gây sự chú ý của các điệp viên Nhật Bản ở Tây Duyên hải",đi theo thứ tự nhận,10.164318084716797,3.5220947265625,-6.642223358154297,0.3403004987080171
0017-0049-0006,True,"Thông điệp được gửi qua dịch vụ điện tín ""Western Union Telegram"" đến Tây Duyên hải Hoa Kỳ và sau đó qua dịch vụ vô tuyến ""RCA Radio"" đến thành phố Honolulu với nội dung đã được mã hóa",đi theo thứ tự nhận,10.162187576293945,6.168237209320068,-3.993950366973877,0.47400897815991333
0017-0049-0007,True,"thông điệp này không được đánh dấu ""khẩn cấp"" nào vì thế nó được gửi đi theo thứ tự nhận được như các thông điệp khác",là do chủ ý của các vị tướng lãnh ở thủ đô,10.164928436279297,2.800320625305176,-7.364607810974121,0.3070097867561889
0017-0050-0001,True,tránh đợt bom nổ đầu tiên,Thì ra việc liên lạc điện tín giữa dịch vụ RCA ở Honolulu và Đồn Shafter đã không thực hiện được vào giờ đặc biệt,10.135923385620117,6.7692975997924805,-3.3666257858276367,0.5070238459516737
0017-0050-0002,True,Đại tá French,",",8.870691299438477,7.85125732421875,-1.0194339752197266,0.6277479544534429
0017-0050-0003,False,,bằng,10.122888565063477,5.79697322845459,-4.325915336608887,0.4566116113183432
0017-0050-0004,True,"Thông điệp được lưu trữ tại trung tâm truyền tin Lục quân lúc 12:01 trưa (6:31 sáng, giờ Hawaii); được chuyển tải bằng điện tín đến dịch vụ Western Union xong vào lúc 12:17 trưa (6:47 sáng, Hawaii); được dịch vụ RCA Honolulu nhận được vào lúc 1:03 trưa (7:33 sáng, Hawaii); được phòng truyền tin, Đồn Shafter tại Hawaii nhận được vào khỏang 5:15 chiều (11:45 sáng, Hawaii) sau vụ tấn công","rằng cách nhanh nhất để gửi nó đến Hawaii là bằng các phương tiện dịch vụ thương mại; có nghĩa là dùng dịch vụ điện tín ""Western Union"" đến San Francisco, và từ đó dùng sóng vô tuyến thương mại đến",10.162956237792969,4.288209915161133,-5.874746322631836,0.37747602089928467
0017-0050-0005,True,giao bằng xe đạp,nên thông điệp được giao bằng,10.125335693359375,9.97278881072998,-0.15254688262939453,0.6693374643936991
0017-0050-0006,False,,nên thông điệp được giao bằng,10.124683380126953,9.978586196899414,-0.14609718322753906,0.6696381144480483
0017-0050-0007,False,,rằng cách nhanh nhất để gửi nó đến Hawaii là bằng các phương tiện dịch vụ,10.164511680603027,3.3368053436279297,-6.827706336975098,0.3315838831902059
0017-0050-0008,True,bằng các phương tiện dịch vụ thương mại,bằng,10.12222957611084,6.0243096351623535,-4.097919940948486,0.4685514207208106
0017-0050-0009,False,,Thì ra việc liên lạc điện tín giữa dịch vụ RCA ở Honolulu và Đồn Shafter đã không thực hiện được vào giờ đặc biệt,10.135517120361328,6.222557067871094,-3.9129600524902344,0.47826468537956945
0017-0051-0001,False,,":""Ngày hôm qua, 7 tháng 12 năm 1941 — một ngày mà đáng ghê tởm (vì hành động bất ngờ và tàn bạo của Nhật) — Hoa Kỳ bị lực lượng hải quân và không lực Đế quốc Nhật Bản cố ý và bất ngờ",10.170673370361328,1.754662036895752,-8.416011333465576,0.26199410558058006
0017-0051-0002,True,Thái độ phản chiến tại Hoa Kỳ biến mất trong đêm và Hoa Kỳ đòan kết đằng sau Roosevelt,", Nhật Bản tấn công Hạm đội Thái Bình Dương của Hoa Kỳ tại Trân Châu Cảng, phá hủy hoặc làm hư hại 16 chiến hạm trong đó phần lớn là các thiết giáp hạm của hạm đội, giết chết gần 3000 binh sĩ và nhân viên dân sự",10.163895606994629,3.327584743499756,-6.836310863494873,0.3311822530580305
0017-0051-0003,False,,. Thái độ phản chiến tại Hoa Kỳ biến mất trong đêm và Hoa Kỳ đòan kết đằng sau,10.165040969848633,1.4713034629821777,-8.693737506866455,0.2508400752186001
0017-0051-0004,True,"""Ngày hôm qua, 7 tháng 12 năm 1941 — một ngày mà đáng ghê tởm (vì hành động bất ngờ và tàn bạo của Nhật) — Hoa Kỳ bị lực lượng hải quân và không lực Đế quốc Nhật Bản cố ý và bất ngờ tấn công.""",":""Ngày hôm qua, 7 tháng 12 năm 1941 — một ngày mà đáng ghê tởm (vì hành động bất ngờ và tàn bạo của Nhật) — Hoa Kỳ bị lực lượng hải quân và không lực Đế quốc Nhật Bản cố ý và bất ngờ",10.173398971557617,2.4797067642211914,-7.693692207336426,0.29246073660080885
0017-0051-0005,True,vì hành động bất ngờ và tàn bạo của Nhật,— Hoa Kỳ bị lực lượng hải quân và không lực Đế quốc Nhật Bản cố ý và bất ngờ,10.165313720703125,4.8621110916137695,-5.3032026290893555,0.40615799853389084
0017-0051-0006,True,"phá hủy hoặc làm hư hại 16 chiến hạm trong đó phần lớn là các thiết giáp hạm của hạm đội, giết chết gần 3000 binh sĩ và nhân viên dân sự Mỹ",", phá hủy hoặc làm hư hại 16 chiến hạm trong đó phần lớn là các thiết giáp hạm của hạm đội, giết chết gần 3000 binh sĩ và nhân viên dân sự",10.162453651428223,5.044600486755371,-5.117853164672852,0.415609217277078
0017-0051-0007,True,"Trong những tuần sau đó, người Nhật chiếm Philippines và các thuộc địa của Hà Lan và Anh Quốc ở Đông Nam Á, chiếm được Singapore vào tháng 2 năm 1942 và tiến công qua Miến Điện đến biên giới Ấn Độ thuộc Anh vào tháng 5, cắt đứt đường tiếp tế trên bộ đến Trung Hoa Dân Quốc",", Nhật Bản tấn công Hạm đội Thái Bình Dương của Hoa Kỳ tại Trân Châu",10.167215347290039,4.04278039932251,-6.124434947967529,0.36519748947132386
0017-0052-0001,True,Roosevelt đã quyết định rằng việc đánh bại Đức Quốc xã là ưu tiên hàng đầu của Hoa Kỳ,rằng việc đánh bại Đức Quốc,10.155033111572266,3.1397294998168945,-7.015303611755371,0.32288384096398076
0017-0052-0002,False,,": ngăn chặn sự tiến công của Đức vào Liên Xô và Bắc Phi, mở một cuộc xâm nhập vào Tây Âu với mục tiêu đè bẹp Đức Quốc xã giữa hai mặt trận, và cứu Trung Hoa rồi đánh bại",10.109572410583496,9.321357727050781,-0.7882146835327148,0.6390578541026036
0017-0052-0003,False,,"chiến lược ""châu Âu trước tiên",10.097220420837402,10.01357650756836,-0.08364391326904297,0.672542153729408
0017-0052-0004,False,,"và họach định ra một liên minh không chính thức rộng lớn hơn giữa Hoa Kỳ, Anh Quốc, Trung Hoa và",10.140875816345215,6.508514404296875,-3.63236141204834,0.49302948400316365
0017-0052-0005,True,"chiến lược ""châu Âu trước tiên""","chiến lược ""châu Âu trước tiên",10.084232330322266,10.114446640014648,0.030214309692382812,0.6778025273365407
0017-0052-0006,True,"ngăn chặn sự tiến công của Đức vào Liên Xô và Bắc Phi, mở một cuộc xâm nhập vào Tây Âu với mục tiêu đè bẹp Đức Quốc xã giữa hai mặt trận, và cứu Trung Hoa rồi đánh bại Nhật Bản",": ngăn chặn sự tiến công của Đức vào Liên Xô và Bắc Phi, mở một cuộc xâm nhập vào Tây Âu với mục tiêu đè bẹp Đức Quốc xã giữa hai mặt trận, và cứu Trung Hoa rồi đánh bại",10.095083236694336,9.887913703918457,-0.2071695327758789,0.6667857219415511
0017-0052-0007,True,"họach định ra một liên minh không chính thức rộng lớn hơn giữa Hoa Kỳ, Anh Quốc, Trung Hoa và Liên Xô","và họach định ra một liên minh không chính thức rộng lớn hơn giữa Hoa Kỳ, Anh Quốc, Trung Hoa và",10.135652542114258,6.839067459106445,-3.2965850830078125,0.5107114439733529
0017-0053-0001,True,"gởi $50 tỷ đô-la hàng viện trợ theo Đạo luật Lend Lease, chủ yếu đến Anh Quốc sau đó là Liên Xô, Trung Hoa và các lực lượng Đồng minh khác",gởi $50 tỷ,10.163930892944336,3.191072463989258,-6.972858428955078,0.32484185143795563
0017-0053-0002,True,"Roosevelt, Churchill, và Joseph Stalin","(Roosevelt, Churchill, và Joseph Stalin) cùng với Đặc cấp Thượng tướng Tưởng Giới",10.13235092163086,8.240456581115723,-1.8918943405151367,0.5838919570665249
0017-0053-0003,True,bằng một lọat các hội nghị cấp cao cũng như liên lạc qua các kênh quân sự và ngọai giao,bằng một lọat các hội nghị cấp cao cũng như liên lạc qua các kênh quân sự và ngọai,10.150285720825195,6.661271572113037,-3.489014148712158,0.5005785823702664
0017-0053-0004,False,,chiến lược bằng một lọat các hội nghị cấp cao cũng như liên lạc qua các kênh quân sự và ngọai,10.159085273742676,3.863816738128662,-6.295268535614014,0.3568954865829203
0017-0053-0005,True,"quân Mỹ và Anh Quốc tập trung lực lượng tại phía Tây, quân Liên Xô chiến đấu ở mặt trận phía Đông, và quân Trung Hoa, Anh Quốc, Mỹ chiến đấu tại vùng Thái Bình Dương",chiến lược bằng một lọat các hội nghị cấp cao cũng như liên lạc qua các kênh quân sự và ngọai,10.162638664245605,3.102640151977539,-7.059998512268066,0.32082874420836427
0017-0053-0006,True,cùng với Đặc cấp Thượng tướng Tưởng Giới Thạch,với Đặc cấp Thượng tướng Tưởng Giới,9.858980178833008,11.652313232421875,1.7933330535888672,0.7530820617307401
0017-0053-0007,False,,với Đặc cấp Thượng tướng Tưởng Giới,9.986303329467773,11.218534469604492,1.2322311401367188,0.7304513654726855
0017-0054-0001,True,Quân Đồng Minh gặp một số thất bại khi quân Đức phản kích đánh Ardennes và Alsace tháng 12 năm 1944 – tháng 1 năm 1945,Đức phản kích đánh Ardennes và Alsace tháng 12 năm 1944 – tháng 1 năm,10.156991958618164,7.276798248291016,-2.8801937103271484,0.5325965207689636
0017-0054-0002,True,"Đồng minh tiến hành xâm chiếm Maroc và Algérie thuộc Pháp (Chiến dịch Torch) vào tháng 11 năm 1942, xâm chiếm Sicilia (Chiến dịch Husky) vào tháng 7 năm 1943, và xâm chiếm lục địa Ý (Chiến dịch Avalanche) vào tháng 9 năm 1943",. Một số trận đánh đẫm máu nhất trong cuộc chiến đã xảy ra theo sau cuộc tiến công ngang qua,10.162115097045898,0.6486972570419312,-9.513417840003967,0.21980303395905038
0017-0054-0003,True,Dwight D. Eisenhower,chọn Dwight D. Eisenhower chứ không phải George,9.16899299621582,11.24163818359375,2.0726451873779297,0.763859940458352
0017-0054-0004,False,,đã cày nát tất cả các thành phố chính của Đức và cắt đứt các nguồn tiếp tế,10.036389350891113,9.002458572387695,-1.033930778503418,0.6270340247678476
0017-0054-0005,True,Roosevelt qua đời,. Roosevelt qua đời ngày 12 tháng 4 năm,9.759086608886719,10.916919708251953,1.1578330993652344,0.727354344547323
0017-0054-0006,True,cày nát tất cả các thành phố chính của Đức và cắt đứt các nguồn tiếp tế dầu,đã cày nát tất cả các thành phố chính của Đức và cắt đứt các nguồn tiếp tế,9.934772491455078,9.872373580932617,-0.06239891052246094,0.6735270429876058
0017-0055-0001,True,"giành lấy các căn cứ mà từ đó không lực chiến lược có thể được đưa vào phục vụ để oanh tạc đất Nhật Bản, và từ đó có thể tiến công xâm chiếm Nhật Bản sau này","là giành lấy các căn cứ mà từ đó không lực chiến lược có thể được đưa vào phục vụ để oanh tạc đất Nhật Bản, và từ đó có thể tiến công xâm chiếm Nhật Bản",9.99069595336914,10.105745315551758,0.11504936218261719,0.6816930051682146
0017-0055-0002,False,,"là giành lấy các căn cứ mà từ đó không lực chiến lược có thể được đưa vào phục vụ để oanh tạc đất Nhật Bản, và từ đó có thể tiến công xâm chiếm Nhật Bản",10.044599533081055,9.528374671936035,-0.5162248611450195,0.6521664918837179
0017-0055-0003,False,,đã lên đến phạm vi cực,10.151594161987305,1.3985562324523926,-8.753037929534912,0.24849980727024285
0017-0055-0004,True,"bắt đầu có tiến bộ tuy đắt giá và chậm chạp bằng chiến thuật được gọi là ""nhảy đảo"" trong vùng Thái Bình Dương",Mỹ bắt đầu có tiến bộ tuy đắt giá và,10.139568328857422,6.6629638671875,-3.476604461669922,0.5012321507279576
0017-0055-0005,True,Hải quân Hoa Kỳ đã ghi được một chiến thắng mang tính định đọat trong Trận Midway,đã lên đến phạm vi cực,10.149093627929688,3.230794906616211,-6.918298721313477,0.327367725059061
0017-0055-0006,True,phải tận lực hơn trong việc chống Nhật Bản,là phải tận lực hơn trong việc chống,10.07341194152832,9.055008888244629,-1.0184030532836914,0.6277987034891799
0017-0055-0007,True,đánh bại Đức,"là giành lấy các căn cứ mà từ đó không lực chiến lược có thể được đưa vào phục vụ để oanh tạc đất Nhật Bản, và từ đó có thể tiến công xâm chiếm Nhật Bản",10.128814697265625,6.517890453338623,-3.610924243927002,0.4941583115714594
0017-0056-0001,True,"""Tôi thì có một linh cảm rằng Stalin không phải là hạng người như thế.... Tôi nghĩ rằng nếu tôi cho ông ta mọi thứ mà tôi có thể cho và không đòi hỏi ông ta cho lại cái gì, theo nghĩa vụ qúy phái, ông ta sẽ không tìm cách thôn tính bất cứ mọi thứ và sẽ làm việc với tôi vì một thế giới dân chủ và hòa bình.""",thì Roosevelt đáp lời bằng một lời tuyên bố tóm tắt lý lẽ quan hệ của ông đối với,10.151629447937012,0.9392621517181396,-9.212367296218872,0.2308720187061235
0017-0056-0002,False,,lúc Churchill xem Stalin là một bạo chúa khi ông cảnh báo về một mối thống trị tiềm năng độc tài của Stalin đối với châu,10.151315689086914,1.9131866693496704,-8.238129019737244,0.2693040710391152
0017-0056-0003,False,,thì Roosevelt đáp lời bằng một lời tuyên bố tóm tắt lý lẽ quan hệ của ông đối với,10.149378776550293,1.3500747680664062,-8.799304008483887,0.2466841126405378
0017-0056-0004,False,,về kế họach xâm chiếm nước Pháp năm,10.143972396850586,8.114158630371094,-2.029813766479492,0.5768160038567879
0017-0056-0005,True,Churchill xem Stalin là một bạo chúa khi ông cảnh báo về một mối thống trị tiềm năng độc tài của Stalin đối với châu Âu,xem Stalin là một bạo chúa khi ông cảnh báo về một mối thống trị tiềm năng độc tài của Stalin đối với châu,10.151220321655273,3.0249710083007812,-7.126249313354492,0.31779524645385276
0017-0056-0006,True,Stalin ủng hộ kế họach của Roosevelt về việc thành lập Liên Hiệp Quốc và hứa tham chiến chống Nhật Bản 90 ngày sau khi Đức bị đánh bại,thì Roosevelt đáp lời bằng một lời tuyên bố tóm tắt lý lẽ quan hệ của ông đối với,10.153207778930664,1.3493016958236694,-8.803906083106995,0.24650399470912393
0017-0056-0007,True,Roosevelt họp mặt với Churchill và lãnh tụ Trung Quốc Quốc dân đảng Tưởng Giới Thạch,với Churchill và lãnh tụ Trung Quốc Quốc dân đảng Tưởng Giới,9.810417175292969,11.815863609313965,2.005446434020996,0.7612969070579915
0017-0056-0008,False,,thì Roosevelt đáp lời bằng một lời tuyên bố tóm tắt lý lẽ quan hệ của ông đối với,10.150253295898438,2.4170799255371094,-7.733173370361328,0.29074263753536683
0017-0056-0009,False,,với Churchill và lãnh tụ Trung Quốc Quốc dân đảng Tưởng Giới,9.828317642211914,11.81238079071045,1.9840631484985352,0.7604773315512795
0017-0056-0010,True,kế họach xâm chiếm nước Pháp năm 1944,về kế họach xâm chiếm nước Pháp năm,10.08519172668457,9.513044357299805,-0.5721473693847656,0.6494892820355402
0017-0057-0001,False,,", mặc dù sức khỏe sa sút",10.15025520324707,8.628808975219727,-1.5214462280273438,0.602719979707474
0017-0057-0002,True,sa sút trầm trọng,", mặc dù sức khỏe sa sút",10.14899730682373,8.729970932006836,-1.4190263748168945,0.6078747563287953
0017-0057-0003,True,vì đã thất bại trong việc ngăn chặn sự thành lập Khối Đông Âu,đã thất bại trong việc ngăn chặn sự thành lập Khối,10.08755111694336,8.645834922790527,-1.441716194152832,0.6067348090096055
0017-0057-0004,True,"""chúng ta phải thừa nhận rõ ràng rằng chương trinh của Liên Xô là thiết lập chủ nghĩa tòan trị, chấm dứt tự do cá nhân và dân chủ như chúng ta đã biết.""","rằng ""chúng ta phải thừa nhận rõ ràng rằng chương trinh của Liên Xô là thiết lập chủ nghĩa tòan trị, chấm dứt tự do cá nhân và dân chủ như chúng ta đã",10.16994571685791,3.3186049461364746,-6.8513407707214355,0.3304812976842059
0017-0057-0005,False,,", mặc dù sức khỏe sa sút",10.16794204711914,-0.21854472160339355,-10.386486768722534,0.1898878095147295
0017-0057-0006,True,quân đội Đồng minh tiến vào Đức và lực lượng Xô Viết kiểm sóat được Ba Lan,", mặc dù sức khỏe sa sút",10.167316436767578,-0.28984153270721436,-10.457157969474792,0.1876081608892011
0017-0058-0001,True,"""Không cần biết Roosevelt có được tái đắc cử hay không thì ông cũng sẽ chết vì chảy máu vỏ não trong vòng 6 tháng""",": ""Không cần biết Roosevelt có được tái đắc cử hay không thì ông cũng sẽ chết vì chảy máu vỏ não trong vòng 6",10.167876243591309,4.438013553619385,-5.729862689971924,0.384674649430874
0017-0058-0002,True,"bệnh cao máu, phổi thủng, xơ vữa động mạch và các bệnh về tim mạch",. Trạng thái căng thẳng của bệnh bại liệt và sự gắng sức chịu đựng của ông trong suốt trên 20 năm cộng thêm những năm làm việc căng thẳng và cả đời hút,10.109833717346191,10.378634452819824,0.2688007354736328,0.6886795041357112
0017-0058-0003,True,từ năm 1940,từ năm,10.126466751098633,9.38530445098877,-0.7411623001098633,0.6413410822217398
0017-0058-0004,False,,. Trạng thái căng thẳng của bệnh bại liệt và sự gắng sức chịu đựng của ông trong suốt trên 20 năm cộng thêm những năm làm việc căng thẳng và cả đời hút,10.156051635742188,7.372233867645264,-2.783817768096924,0.5376471831236291
0017-0058-0005,True,có tin lan truyền rằng ông cũng bị mổ để lấy khối u ác tính phía trên mắt trái,. Trạng thái căng thẳng của bệnh bại liệt và sự gắng sức chịu đựng của ông trong suốt trên 20 năm cộng thêm những năm làm việc căng thẳng và cả đời hút,10.155243873596191,7.465626239776611,-2.68961763381958,0.5425763723517825
0017-0058-0006,True,Trạng thái căng thẳng của bệnh bại liệt và sự gắng sức chịu đựng của ông trong suốt trên 20 năm cộng thêm những năm làm việc căng thẳng và cả đời hút thuốc,. Trạng thái căng thẳng của bệnh bại liệt và sự gắng sức chịu đựng của ông trong suốt trên 20 năm cộng thêm những năm làm việc căng thẳng và cả đời hút,9.73593521118164,11.821603775024414,2.0856685638427734,0.764354460744632
0017-0058-0007,False,,"có bệnh cao máu, phổi thủng, xơ vữa động mạch và các bệnh về",10.115546226501465,10.274285316467285,0.1587390899658203,0.6836867855031283
0017-0059-0001,True,một mực muốn bỏ Phó Tổng thống Henry A. Wallace,Dân chủ cứ một mực muốn bỏ Phó Tổng thống Henry A.,10.10165023803711,9.584039688110352,-0.5176105499267578,0.6521002692340807
0017-0059-0002,True,Harry S. Truman,là Harry S.,10.000495910644531,11.054083824157715,1.0535879135131836,0.7229776265796931
0017-0059-0003,False,,",",10.143643379211426,2.1086602210998535,-8.034983158111572,0.2778080331380806
0017-0059-0004,True,vì ông được cho là thân Liên Xô,Wallace vì ông được cho là thân,10.106534957885742,7.028232097625732,-3.0783028602600098,0.5221945754327346
0017-0059-0005,True,Thomas E. Dewey,",",10.137953758239746,2.52732515335083,-7.610628604888916,0.29609477483714036
0017-0059-0006,False,,Wallace vì ông được cho là thân,10.108972549438477,7.097702980041504,-3.0112695693969727,0.5257168428687005
0017-0059-0007,True,liên danh Roosevelt và Truman thắng 53% phiếu bầu phổ thông và thắng tại 36 tiểu bang,Truman thắng 53% phiếu bầu phổ thông và thắng tại 36,10.112951278686523,9.647195816040039,-0.4657554626464844,0.6545744201868314
0017-0060-0001,True,gặp Quốc vương Ai Cập là Farouk I và Hòang đế Ethiopia là Haile Selassie,chiếc tuần dương hạm USS Quincy đang họat động trên Hồ Great Bitter gần Kênh đào,10.169530868530273,0.6278272867202759,-9.541703581809998,0.2187828666914504
0017-0060-0002,False,,đi,10.109601020812988,9.627021789550781,-0.48257923126220703,0.6537726202625258
0017-0060-0003,True,mang ý nghĩa trọng đại trong quan hệ ngọai giao giữa Hoa Kỳ và Ả Rập Xê Út thậm chí cho đến ngày nay,họp mang ý nghĩa trọng đại trong quan hệ ngọai giao giữa Hoa Kỳ và Ả Rập Xê,10.177818298339844,2.7579450607299805,-7.419873237609863,0.304538376155754
0017-0060-0004,False,,": ""Bệnh tình của ông rất là",10.1766357421875,2.999093770980835,-7.177541971206665,0.31545721374913827
0017-0060-0005,False,,họp mang ý nghĩa trọng đại trong quan hệ ngọai giao giữa Hoa Kỳ và Ả Rập Xê,10.178638458251953,2.9612183570861816,-7.2174201011657715,0.3136459062561573
0017-0060-0006,True,Ai Cập,đi,10.083224296569824,9.841178894042969,-0.24204540252685547,0.665151326438316
0017-0060-0007,True,"""Bệnh tình của ông rất là nặng. Ông có tất cả triệu chứng của bệnh xơ cứng mạch máu não trong thời kỳ cuối, vì vậy tôi cho rằng ông chỉ còn sống vài tháng""",": ""Bệnh tình của ông rất là",10.174944877624512,2.888532876968384,-7.286412000656128,0.3105256138140687
0017-0060-0008,True,"Roosevelt hội ý với các đại sứ Mỹ đặc trách Anh Quốc, Pháp và Ý",và Thủ tướng Anh Quốc Winston,9.862457275390625,11.360551834106445,1.4980945587158203,0.7413355777755675
0017-0060-0009,False,,và Thủ tướng Anh Quốc Winston,9.86093521118164,11.383122444152832,1.5221872329711914,0.7423076435358107
0017-0061-0001,True,"""phải nêu rõ mục tiêu kết thúc một hệ thống hành động đơn phương, những liên minh biệt lập, những khu vực ảnh hưởng, những cán cân quyền lực, và tất cả những mưu mô khác đã được thử nghiệm hàng thế kỷ qua – và luôn bị thất bại. Chúng ta đề nghị thay thế tất cả những thứ này bằng một tổ chức tòan cầu mà ở đó tất cả các quốc gia yêu chuộng hòa bình cuối cùng có cơ hội tham gia vào.""",", ""phải nêu rõ mục tiêu kết thúc một hệ thống hành động đơn phương, những liên minh biệt lập, những khu vực ảnh hưởng, những cán cân quyền lực, và tất cả những mưu mô khác đã được thử nghiệm hàng thế kỷ qua – và luôn bị",10.171521186828613,0.8901001214981079,-9.281421065330505,0.22829899155029032
0017-0061-0002,True,Ông phải ngồi để đọc diễn văn,. Ông phải ngồi để đọc diễn văn trong,10.161304473876953,6.638827800750732,-3.5224766731262207,0.4988162420936434
0017-0061-0003,False,,. Ông phải ngồi để đọc diễn văn trong,10.160317420959473,7.4858551025390625,-2.67446231842041,0.5433686487455621
0017-0061-0004,True,hòan tòan tỉnh táo,phải,10.123544692993164,9.780383110046387,-0.34316158294677734,0.6603903566752777
0017-0061-0005,True,nhiều người đã phải giật mình khi nhận thấy ông trông rất già và ốm yếu,thấy ông trông rất già và,10.166857719421387,7.247037887573242,-2.9198198318481445,0.530517881307185
0017-0062-0001,True,Stalin tố cáo Đồng minh phương Tây đang mưu toan tìm kiếm hòa bình riêng với Hitler phía sau lưng vị lãnh tụ này,Tây đang mưu toan tìm kiếm hòa bình riêng với,10.11182975769043,9.937564849853516,-0.17426490783691406,0.6683240712328946
0017-0062-0002,False,,"Stalin phá vỡ những thỏa thuận thực thi của vị lãnh tụ Liên Xô tại Hội nghị Yalta về Ba Lan, Đức, tù binh, và các vấn đề",10.13692569732666,6.787163734436035,-3.349761962890625,0.5079118004328791
0017-0062-0003,True,"phá vỡ những thỏa thuận thực thi của vị lãnh tụ Liên Xô tại Hội nghị Yalta về Ba Lan, Đức, tù binh, và các vấn đề khác","Stalin phá vỡ những thỏa thuận thực thi của vị lãnh tụ Liên Xô tại Hội nghị Yalta về Ba Lan, Đức, tù binh, và các vấn đề",10.118246078491211,7.149630069732666,-2.968616008758545,0.5279567668678463
0017-0062-0004,True,"Roosevelt trả lời rằng: ""Tôi không thể nào mà không có một cảm giác tức giận đối với những người chỉ điểm cho ông, bất cứ họ là ai, vì đã diễn đạt lại sai một cách đê hèn như thế về những hành động của tôi hay hành động của những thuộc cấp đáng tin của tôi.""",Tây đang mưu toan tìm kiếm hòa bình riêng với Hitler phía sau lưng vị lãnh tụ,10.130107879638672,6.140756607055664,-3.989351272583008,0.47425054637485614
0017-0063-0001,True,để nghỉ ngơi,", Roosevelt đến Warm Springs để nghỉ ngơi trước khi ông xuất hiện tại hội nghị thành lập",10.167440414428711,3.5085158348083496,-6.658924579620361,0.33951108576724254
0017-0063-0002,False,,", Roosevelt đến Warm Springs để nghỉ ngơi trước khi ông xuất hiện tại hội nghị thành lập",10.167930603027344,3.116600513458252,-7.051330089569092,0.32122678383876835
0017-0063-0003,True,"Giống như sau này Allen Drury có nói, ""như thế là kết thúc một thời đại, vì thế bắt đầu một thời đại mới.""","bị chứng chảy máu não (đột quy). Lúc 3:35 chiều cùng ngày, Roosevelt qua đời. Giống như sau này Allen Drury có nói, ""như thế là kết thúc một thời đại, vì thế bắt đầu một thời đại",10.162036895751953,3.572495222091675,-6.589541673660278,0.3427963919712919
0017-0063-0004,False,,", ""Tôi hơi bị đau phía sau",10.149320602416992,8.354756355285645,-1.7945642471313477,0.5888649268769689
0017-0063-0005,False,,"bị chứng chảy máu não (đột quy). Lúc 3:35 chiều cùng ngày, Roosevelt qua đời. Giống như sau này Allen Drury có nói, ""như thế là kết thúc một thời đại, vì thế bắt đầu một thời đại",10.161012649536133,3.5024194717407227,-6.65859317779541,0.3395267414106038
0017-0063-0006,True,"""Con người sẽ qùy gối để cảm ơn Thượng đế một trăm năm kể từ bây giờ vì Franklin D. Roosevelt đã ở trong Nhà Trắng""",", ""Con người sẽ qùy gối để cảm ơn Thượng đế một trăm năm kể từ",10.165164947509766,4.019623756408691,-6.145541191101074,0.3641673214179028
0017-0063-0007,False,,", ""Con người sẽ qùy gối để cảm ơn Thượng đế một trăm năm kể từ",10.16602897644043,3.853243589401245,-6.312785387039185,0.3560489600977151
0017-0063-0008,True,bị đau phía sau đầu,", ""Tôi hơi bị đau phía sau",10.11007308959961,9.910462379455566,-0.19961071014404297,0.6671394262057098
0017-0063-0009,True,chứng chảy máu não (đột quy),bị chứng chảy máu não (đột quy,9.835196495056152,11.297981262207031,1.462784767150879,0.7399066288955368
0017-0064-0001,True,Anna đã sắp xếp các cuộc gặp gỡ cho Roosevelt gặp Mercer và rằng Mercer đã ở bên cạnh ông lúc ông mất,rằng Anna đã sắp xếp các cuộc gặp gỡ cho Roosevelt gặp Mercer và rằng Mercer đã ở bên cạnh ông lúc ông,10.098146438598633,6.689955711364746,-3.4081907272338867,0.5048350913512054
0017-0064-0002,True,"con gái ông, Anna Roosevelt Boettiger phải dọn vào ở gần bên ông để hỗ trợ",phải dọn vào ở gần bên ông để,10.160191535949707,3.6032567024230957,-6.556934833526611,0.3443455798036992
0017-0064-0003,True,người tình cũ,. Anna cũng sắp xếp cho cha của bà gặp mặt người tình cũ của,10.144353866577148,6.97361946105957,-3.170734405517578,0.5173342056206367
0017-0064-0004,False,,"và con gái ông, Anna Roosevelt Boettiger phải dọn vào ở gần bên",10.157154083251953,2.419177293777466,-7.737976789474487,0.2905340142707843
0017-0064-0005,False,,rằng Anna đã sắp xếp các cuộc gặp gỡ cho Roosevelt gặp Mercer và rằng Mercer đã ở bên cạnh ông lúc ông,10.108339309692383,6.5612335205078125,-3.5471057891845703,0.4975191392135519
0017-0065-0001,True,một cỗ quan tài có quấn quốc kỳ Mỹ,về thị trấn Hyde,9.97566032409668,10.850037574768066,0.8743772506713867,0.715353069319765
0017-0065-0002,False,,về thị trấn Hyde,9.998006820678711,11.187515258789062,1.1895084381103516,0.7286756327938039
0017-0065-0003,False,,về thị trấn Hyde,9.970436096191406,10.48532485961914,0.5148887634277344,0.6996843329062913
0017-0065-0004,True,"Roosevelt được đưa về thị trấn Hyde Park bằng xe lửa, được bốn binh sĩ của Lục quân, Hải quân, Thủy quân lục chiến và Tuần duyên canh giữ",về thị trấn Hyde,9.755120277404785,11.625885963439941,1.8707656860351562,0.7561027910654975
0017-0065-0005,True,"Roosevelt được chôn cất trong vườn hồng của ngôi nhà gia đình Roosevelt (nay được gọi là Home of Franklin D. Roosevelt National Historic Site, tạm dịch là Di tích Lịch sử Quốc gia Nhà của Franklin D. Roosevelt) ở thị trấn Hyde Park ngày 15 tháng 4",về thị trấn Hyde,9.9476900100708,10.19758415222168,0.2498941421508789,0.6878249182004447
0017-0065-0006,True,bên cạnh ông,về thị trấn Hyde,9.997885704040527,10.184579849243164,0.18669414520263672,0.684958986526597
0017-0066-0001,False,,trở nên,10.160734176635742,4.379648685455322,-5.78108549118042,0.3821236578134458
0017-0066-0002,False,,đã gây sốc và,10.081164360046387,7.502586364746094,-2.578577995300293,0.5483759594088615
0017-0066-0003,True,nghĩ rằng năm 1945 sẽ là năm phát xít Đức lấy lại thế thượng phong,trở nên,10.137502670288086,9.766910552978516,-0.3705921173095703,0.65909315300679
0017-0066-0004,False,,trên 12,10.100743293762207,10.954008102416992,0.8532648086547852,0.7144465594399748
0017-0066-0005,True,gây sốc và thương tiếc khắp tòan quốc Hoa Kỳ,đã gây sốc và,9.985647201538086,9.168771743774414,-0.8168754577636719,0.6376639887430628
0017-0066-0006,True,dẫn dắt Hoa Kỳ vượt qua một số các cuộc khủng hỏang lớn nhất của Hoa Kỳ cho đến khi Đức Quốc xã gần như bị đánh bại và sự bại trận của Nhật Bản cũng đang trong tầm nhìn thấy được,. Ông đã dẫn dắt Hoa Kỳ vượt qua một số các cuộc khủng hỏang lớn nhất của,10.150361061096191,5.075806617736816,-5.074554443359375,0.4178263244527042
0017-0066-0007,True,12 năm,trên 12,10.074286460876465,11.25601863861084,1.181732177734375,0.7283516304658693
0017-0066-0008,False,,trở nên,10.133718490600586,9.697794914245605,-0.43592357635498047,0.6559940097481256
0017-0066-0009,True,"Bộ trưởng Bộ Tuyên truyền Đức Quốc xã là Paul Joseph Göbbels trở nên vui sướng, ông ta nghĩ rằng năm 1945 sẽ là năm phát xít Đức lấy lại thế thượng phong",trở nên,10.15707778930664,6.639952659606934,-3.517125129699707,0.49909808611557377
0017-0067-0001,True,Hội Quốc gia vì Tiến bộ của Người da màu,với Hội Quốc gia vì Tiến bộ của Người,9.857236862182617,9.918269157409668,0.06103229522705078,0.6792187080247809
0017-0067-0002,False,,"trường hợp đối phó với sự hung bạo của cảnh sát, các vụ hợp tác hành quyết nạn nhân, và các vụ vi phạm quyền đầu",10.158798217773438,4.48697566986084,-5.671822547912598,0.38757283315047864
0017-0067-0003,True,gởi một thông điệp mãnh liệt đến những kẻ theo chủ nghĩa da trắng ưu việt (white supremacist) ở miền Nam Hoa Kỳ và các đồng minh chính trị của bọn họ ở thủ đô Washington,"trường hợp đối phó với sự hung bạo của cảnh sát, các vụ hợp tác hành quyết nạn nhân, và các vụ vi phạm quyền đầu",10.154897689819336,5.567336082458496,-4.58756160736084,0.44297154603550787
0017-0067-0004,True,các hành động này đã gởi một thông điệp mãnh liệt đến những kẻ theo chủ nghĩa da trắng ưu việt (white supremacist) ở miền Nam Hoa Kỳ và các đồng minh chính trị của bọn họ ở thủ đô Washington,"trường hợp đối phó với sự hung bạo của cảnh sát, các vụ hợp tác hành quyết nạn nhân, và các vụ vi phạm quyền đầu",10.159137725830078,6.458916187286377,-3.700221538543701,0.48945666303386615
0017-0067-0005,True,các bước dài tiến triển trong thời kỳ này đã là nền tảng cho phong trào nhân quyền của người Mỹ gốc châu Phi,đã là nền tảng cho phong trào nhân quyền của người Mỹ gốc châu,10.1373929977417,6.144656658172607,-3.992736339569092,0.47407274397853105
0017-0067-0006,False,,với Hội Quốc gia vì Tiến bộ của Người,9.828180313110352,10.024788856506348,0.1966085433959961,0.6854095145297304
0017-0068-0001,True,khỏang 600.000,", khỏang 600.000 thường trú",9.696991920471191,10.479097366333008,0.7821054458618164,0.7113784483085316
0017-0068-0002,True,bị giới hạn việc đi lại,", khỏang 600.000 thường trú nhân gốc Ý (công dân Ý không có quốc tịch Mỹ) bị giới hạn việc",10.109733581542969,8.617500305175781,-1.4922332763671875,0.6041926434512341
0017-0068-0003,False,,", khỏang 600.000 thường trú",9.874313354492188,10.288044929504395,0.41373157501220703,0.6951875279049208
0017-0068-0004,False,,"đối với mọi người bị xếp lọai là những người thuộc quốc gia thù địch, bao gồm những người có hai quốc tịch đang sống trong những vùng được cho là có nguy cơ cao mà bao trùm phần lớn các thành phố tại Tây Duyên hải",10.028475761413574,7.450649261474609,-2.577826499938965,0.5484151669947168
0017-0068-0005,False,,", khỏang 600.000 thường trú nhân gốc Ý (công dân Ý không có quốc tịch Mỹ) bị giới hạn việc",10.11251449584961,8.482539176940918,-1.6299753189086914,0.5972327602916421
0017-0068-0006,False,,Những công dân thuộc quốc gia thù địch đang sống tại Hoa Kỳ và những người có tổ tiên,10.12908935546875,9.827590942382812,-0.3014984130859375,0.6623560283702171
0017-0068-0007,True,mọi người bị xếp lọai là những người thuộc quốc gia thù địch,"đối với mọi người bị xếp lọai là những người thuộc quốc gia thù địch, bao gồm những người có hai quốc tịch đang sống trong những vùng được cho là có nguy cơ cao mà bao trùm phần lớn các thành phố tại Tây Duyên hải",10.00744915008545,7.664785861968994,-2.342663288116455,0.5606523326929717
0017-0068-0008,True,công dân Ý không có quốc tịch Mỹ,(công dân Ý không có quốc tịch,10.13914966583252,4.804096221923828,-5.335053443908691,0.4045406518141786
0017-0068-0009,True,Những công dân thuộc quốc gia thù địch đang sống tại Hoa Kỳ và những người có tổ tiên Nhật Bản,Những công dân thuộc quốc gia thù địch đang sống tại Hoa Kỳ và những người có tổ tiên,10.12641716003418,10.004070281982422,-0.12234687805175781,0.6707440290720585
0017-0068-0010,False,,(công dân Ý không có quốc tịch,10.141322135925293,0.9463709592819214,-9.194951176643372,0.231524159744454
0017-0069-0001,True,các chính sách và lập trường,"có sự củng cố quyền lực của ông vì thời gian dài làm tổng thống, sự phục vụ của ông qua hai cuộc khủng hỏang lớn, và sự ủng hộ lớn lao của công chúng dành cho",10.032620429992676,9.827186584472656,-0.20543384552001953,0.666866957570076
0017-0069-0002,False,,. Việc mở rộng nhanh chóng các chương trình của,10.114862442016602,5.849216461181641,-4.265645980834961,0.4597635589656502
0017-0069-0003,True,công cụ trong việc tái định nghĩa chủ nghĩa tự do cho các thế hệ kế tục,là công cụ trong việc tái định nghĩa chủ nghĩa tự do cho các thế hệ,10.13956069946289,6.947171211242676,-3.192389488220215,0.5161949981604074
0017-0069-0004,True,tái định nghĩa vai trò của chính phủ tại Hoa Kỳ,đã tái định nghĩa vai trò của chính phủ tại,10.070058822631836,5.085641860961914,-4.984416961669922,0.42245237710443834
0017-0069-0005,False,,việc tái định nghĩa chủ nghĩa tự do cho các thế hệ,10.139314651489258,5.340281009674072,-4.7990336418151855,0.4320086773200529
0017-0070-0001,False,,để ghi công sự đóng góp ủng hộ xuất sắc mà người được tặng thưởng dành cho giới trẻ trên cấp bậc,10.149873733520508,5.428344249725342,-4.721529483795166,0.4360194086253519
0017-0070-0002,True,chủ tịch,trở thành chủ tịch Qũy hội Hướng đạo Thành phố,10.118236541748047,8.21444320678711,-1.9037933349609375,0.5832827966968924
0017-0070-0003,True,chủ tịch vinh dự của Hội Nam Hướng đạo Mỹ,", Roosevelt là chủ tịch",10.076929092407227,9.715649604797363,-0.3612794876098633,0.6595338203384343
0017-0070-0004,True,ghi công sự đóng góp ủng hộ xuất sắc mà người được tặng thưởng dành cho giới trẻ trên cấp bậc quốc gia,để ghi công sự đóng góp ủng hộ xuất sắc mà người được tặng thưởng dành cho giới trẻ trên cấp bậc,10.123958587646484,7.66581916809082,-2.458139419555664,0.554651580882262
0017-0070-0005,True,Giải Trâu Bạc,là Giải Trâu,10.160372734069824,3.847177028656006,-6.313195705413818,0.356029141642585
0017-0070-0006,False,,để phục vụ các hướng đạo sinh của Thành phố,10.150763511657715,6.12406063079834,-4.026702880859375,0.4722890052562262
0017-0070-0007,False,,là Giải Trâu,10.162385940551758,2.9351282119750977,-7.22725772857666,0.3131999399615314
0017-0070-0008,True,phục vụ các hướng đạo sinh của Thành phố New York,để phục vụ các hướng đạo sinh của Thành phố,10.138725280761719,6.812930107116699,-3.3257951736450195,0.5091736701135071
0017-0071-0001,True,"chính Roosevelt đã đích thân chấp thuận các mẫu tem mới của Hoa Kỳ, tổng cộng khỏang 200 mẫu tem","đã đích thân chấp thuận các mẫu tem mới của Hoa Kỳ, tổng cộng khỏang 200 mẫu",10.147500038146973,7.5332231521606445,-2.614276885986328,0.5465127664764188
0017-0071-0002,True,Bộ trưởng Bưu điện Hoa Kỳ,làm Bộ trưởng Bưu điện,9.813247680664062,11.250061988830566,1.436814308166504,0.7388523711205288
0017-0071-0003,False,,đã gia tăng con số phát hành tem kỷ niệm hàng năm và tạo ra nhiều bộ tem,10.142446517944336,6.077112674713135,-4.065333843231201,0.47026117851863497
0017-0071-0004,True,giúp phổ biến nó thành một sở thích,tin các họat động sưu tầm tem của,10.15468978881836,2.319669008255005,-7.8350207805633545,0.28633818292945723
0017-0071-0005,False,,thích sưu tầm,10.07876968383789,10.124507904052734,0.04573822021484375,0.6785163087997744
0017-0071-0006,True,Farley đã gia tăng con số phát hành tem kỷ niệm hàng năm và tạo ra nhiều bộ tem khác,đã gia tăng con số phát hành tem kỷ niệm hàng năm và tạo ra nhiều bộ tem,10.057674407958984,10.672367095947266,0.6146926879882812,0.7040836368666848
0017-0071-0007,False,,làm Bộ trưởng Bưu điện,9.787290573120117,11.288841247558594,1.5015506744384766,0.7414751680494641
0017-0071-0008,True,sưu tầm tem,thích sưu tầm,10.022665977478027,10.69088077545166,0.6682147979736328,0.7064274087070441
0018-0001-0001,False,,quốc gia không giáp,10.145766258239746,5.553008079528809,-4.5927581787109375,0.4427014397969229
0018-0001-0002,True,Kenya và Tanzania,. Phía Nam,10.024894714355469,11.338043212890625,1.3131484985351562,0.7337944595663384
0018-0001-0003,False,,. Phía Nam,10.152095794677734,5.784542083740234,-4.3675537109375,0.4544360331349365
0018-0001-0004,True,phía Nam,. Phía Nam,9.963335037231445,11.451028823852539,1.4876937866210938,0.7409152013801111
0018-0001-0005,True,/juːˈɡændə/ yew-GAN-də hoặc /juːˈɡɑːndə/ yew-GAHN-də,: U-gan-,10.13514232635498,7.612491607666016,-2.522650718688965,0.5512921661898965
0018-0001-0006,True,"Giáp Kenya về phía Đông, phía Tây giáp với CHDC Congo, Tây Nam giáp Rwanda, phía Bắc giáp Nam Sudan và phía Nam giáp Tanzania",quốc gia không giáp,10.13701057434082,6.42783260345459,-3.7091779708862305,0.4889851813731354
0018-0001-0007,True,khí hậu xích đạo,là khí hậu,10.141063690185547,10.052641868591309,-0.08842182159423828,0.6723204465364097
0018-0001-0008,False,,lưu vực sông,10.154701232910156,9.499093055725098,-0.6556081771850586,0.6454761882716574
0018-0001-0009,True,sông Nin,lưu vực sông,10.14957046508789,9.936296463012695,-0.2132740020751953,0.6664999348729944
0018-0002-0001,False,,đầu từ cuối những năm,10.126311302185059,9.54766845703125,-0.5786428451538086,0.6491777055296339
0018-0002-0002,False,,từ,10.120340347290039,3.9461886882781982,-6.174151659011841,0.36277286893221705
0018-0002-0003,True,năm 1962,vào ngày 9 tháng 10 năm,10.160795211791992,6.6127028465271,-3.5480923652648926,0.49746718134358564
0018-0002-0004,True,"nội chiến, huynh đệ tương tàng",", Uganda rơi vào nhưng cuộc nội chiến, huynh đệ tương tàng, gần đây nhất là một cuộc nội chiến kéo dài giữa chính phủ và Quân kháng chiến của",10.158807754516602,4.304862976074219,-5.853944778442383,0.3785063245590609
0018-0002-0005,True,Uganda giành được độc lập từ Anh,. Uganda giành được độc lập từ,10.019638061523438,10.873329162597656,0.8536911010742188,0.7144648803928617
0018-0002-0006,True,cuối những năm 1800,đầu từ cuối những năm,10.126632690429688,9.740413665771484,-0.3862190246582031,0.658353080362123
0018-0002-0007,True,hàng chục ngàn thương vong,ra hàng chục ngàn thương vong và di dời hơn một triệu,10.136327743530273,8.94234848022461,-1.193979263305664,0.6191158263347424
0018-0002-0008,True,từ vương quốc Buganda,từ,9.999645233154297,6.025579929351807,-3.9740653038024902,0.47505353046624926
0018-0002-0009,False,,một cuộc nội chiến kéo dài giữa chính phủ và Quân kháng chiến của,10.167731285095215,2.441378116607666,-7.726353168487549,0.29103900600123245
0018-0002-0010,False,,ra hàng chục ngàn thương vong và di dời hơn một triệu,10.167927742004395,5.056816101074219,-5.111111640930176,0.4159541943581946
0018-0003-0001,False,,". Obote bị lật đổ sau cuộc đảo chính quân sự, đất nước rơi vào chế độ cai trị độc tài và",10.16207218170166,5.145902156829834,-5.016170024871826,0.420821144068077
0018-0003-0002,False,,năm,10.143613815307617,8.096948623657227,-2.0466651916503906,0.5759492159783891
0018-0003-0003,True,giành quyền kiểm sóat Chính phủ từ năm 1966,. Với sự giúp đỡ của một sĩ quan quân đội,10.157599449157715,3.4509530067443848,-6.70664644241333,0.3372603487781724
0018-0003-0004,True,"rơi vào tình trạng vô tổ chức về mặt chính trị, kinh tế bị tàn phá, nạn cướp bóc gia tăng",cũng bị lật dổ do sự can thiệp của quân đội,10.15615463256836,2.568932294845581,-7.587222337722778,0.2971235127558185
0018-0003-0005,True,chế độ cai trị độc tài và khát máu,". Obote bị lật đổ sau cuộc đảo chính quân sự, đất nước rơi vào chế độ cai trị độc tài và",10.160894393920898,4.860998630523682,-5.299895763397217,0.40632603460500755
0018-0003-0006,True,năm 1962,độc lập năm,10.081523895263672,10.222570419311523,0.14104652404785156,0.6828801934435892
0018-0003-0007,True,"Đất nước rơi vào tình trạng vô tổ chức về mặt chính trị, kinh tế bị tàn phá, nạn cướp bóc gia tăng do không ai kiểm sóat các phần tử quân sự",". Đất nước rơi vào tình trạng vô tổ chức về mặt chính trị, kinh tế bị tàn phá, nạn cướp bóc gia tăng do không ai kiểm sóat các phần tử",10.15365982055664,1.7035974264144897,-8.45006239414215,0.26060948442420073
0018-0004-0001,False,,hướng ôn hòa với tất cả các,10.15622615814209,2.7567849159240723,-7.399441242218018,0.30545077034605844
0018-0004-0002,False,,nước phương Tây và,10.120173454284668,10.936124801635742,0.8159513473510742,0.7128401923038166
0018-0004-0003,True,các nước phương Tây và Mỹ,việc các nước phương Tây và,9.971456527709961,11.520416259765625,1.548959732055664,0.7433850306763591
0018-0004-0004,False,,". Tổng thống Museveni lên án Mỹ, Anh và các nước công nghiệp phát triển bóc lột sức lực và tài nguyên của các nước nghèo, nhất là các nước châu",10.104694366455078,6.610235691070557,-3.4944586753845215,0.5002918402692129
0018-0004-0005,True,quan hệ theo hướng ôn hòa,hướng ôn hòa với tất cả các,10.155265808105469,4.7241411209106445,-5.431124687194824,0.39967494061141123
0018-0004-0006,True,"tuyên bố đi theo đường lối trung lập, không liên kết, ủng hộ các phong trào giải phóng dân tộc",Mỹ muốn áp dụng chế độ đa đảng ở nước,10.156540870666504,6.366317272186279,-3.7902235984802246,0.4847197964081008
0018-0004-0007,True,sức lực và tài nguyên,"bóc lột sức lực và tài nguyên của các nước nghèo, nhất là các nước châu",10.153614044189453,8.903675079345703,-1.24993896484375,0.6163320321237611
0018-0004-0008,True,Tổng thống Museveni,". Tổng thống Museveni lên án Mỹ, Anh và các nước công nghiệp phát triển bóc lột sức lực và tài nguyên của các nước nghèo, nhất là các nước châu",10.089338302612305,6.623157501220703,-3.4661808013916016,0.5017811198737132
0018-0005-0001,True,"xây dựng cơ sở hạ tầng, tập trung cải thiện sản xuất và xuất khẩu, giảm mức lạm phát","thông qua cải cách tiền tệ, nâng giá các mặt hàng xuất khẩu, cải thiện tiền lương công chức",10.15009593963623,5.030929088592529,-5.119166851043701,0.4155420029674219
0018-0005-0002,False,,"thông qua cải cách tiền tệ, nâng giá các mặt hàng xuất khẩu, cải thiện tiền lương công chức",10.148311614990234,4.202792167663574,-5.94551944732666,0.3739789468233759
0018-0005-0003,False,,", việc duy trì mức tăng trưởng khả quan đang gặp những thách đố lớn do Uganda tham gia vào cuộc chiến ở Cộng hòa Dân chủ Congo, tình trạng tham nhũng gia tăng và chậm trễ trong quyết định cải cách kinh tế của",10.100257873535156,9.21541690826416,-0.8848409652709961,0.6343493740342195
0018-0005-0004,True,sự giúp đỡ của nước ngòai và các tổ chức quốc tế,với sự giúp đỡ của nước ngòai và các tổ chức,10.137582778930664,0.7872488498687744,-9.35033392906189,0.22575141198683635
0018-0005-0005,True,do Uganda tham gia vào cuộc chiến ở Cộng hòa Dân chủ Congo,"do Uganda tham gia vào cuộc chiến ở Cộng hòa Dân chủ Congo, tình trạng tham nhũng gia tăng và chậm trễ trong quyết định cải cách kinh tế của",10.134696960449219,6.9199724197387695,-3.214724540710449,0.5150198433499354
0018-0005-0006,True,"cải cách tiền tệ, nâng giá các mặt hàng xuất khẩu, cải thiện tiền lương công chức nhà nước","thông qua cải cách tiền tệ, nâng giá các mặt hàng xuất khẩu, cải thiện tiền lương công chức",10.140453338623047,5.6203813552856445,-4.520071983337402,0.44648251376434966
0018-0005-0007,True,duy trì mức tăng trưởng khả quan,", việc duy trì mức tăng trưởng khả quan đang gặp những thách đố lớn do Uganda tham gia vào cuộc chiến ở Cộng hòa Dân chủ Congo, tình trạng tham nhũng gia tăng và chậm trễ trong quyết định cải cách kinh tế của",10.106792449951172,9.022076606750488,-1.0847158432006836,0.6245286396384728
0018-0006-0001,False,,đến xuất khẩu của,10.121952056884766,9.219834327697754,-0.9021177291870117,0.633504755058694
0018-0006-0002,True,"cải cách chính sách tiền tệ, tăng giá các sản phẩm xăng dầu và cải thiện lương công chức nhà nước","mục đích kiểm sóat lạm phát, thúc đẩy xuất khẩu và tăng nguồn thu từ",10.147022247314453,3.995161533355713,-6.15186071395874,0.36385911535417864
0018-0006-0003,True,sự bất ổn định ở Nam Sudan,Tuy nhiên sự bất ổn định ở,10.032535552978516,11.510181427001953,1.4776458740234375,0.740508665092774
0018-0006-0004,True,Nông nghiệp,.,10.149541854858398,9.902477264404297,-0.24706459045410156,0.6649157835632736
0018-0006-0005,True,một địa điểm quan trọng của các trại tị nạn cho người dân Sudan,là một địa điểm quan trọng của các trại tị nạn cho người dân,10.142868041992188,3.7360315322875977,-6.40683650970459,0.3515192839906533
0018-0006-0006,False,,"như cải cách chính sách tiền tệ, tăng giá các sản phẩm xăng dầu và cải thiện lương công chức",10.148459434509277,5.687513828277588,-4.4609456062316895,0.4495628116330279
0018-0006-0007,True,xuất khẩu,đến,10.129186630249023,8.717409133911133,-1.4117774963378906,0.608238696314419
0018-0006-0008,False,,.,10.141550064086914,8.753745079040527,-1.3878049850463867,0.6094414107606468
0018-0006-0009,True,từ dầu và thuế,. Doanh thu từ dầu và,9.690174102783203,11.822826385498047,2.1326522827148438,0.7661325546185754
0018-0007-0001,True,"chăn nuôi gia súc, và đánh bắt cá",.,10.165956497192383,4.112627029418945,-6.0533294677734375,0.3686771018114388
0018-0007-0002,True,Nông nghiệp,.,10.118739128112793,9.792452812194824,-0.32628631591796875,0.6611872038523363
0018-0007-0003,True,tổng sản phẩm quốc nội,", tổng sản phẩm",10.137601852416992,6.862486839294434,-3.2751150131225586,0.5118416145359609
0018-0007-0004,False,,", tổng sản phẩm quốc nội của Uganda đạt 17,12 tỷ USD, trong đó mức tăng trưởng",10.153883934020996,6.202047348022461,-3.951836585998535,0.47622145179778574
0018-0007-0005,True,"cà phê, chè, ngô, chuối, đường, bông, thuốc lá, khoai tây, hoa, các sản phẩm từ hoa, thịt dê, bò, đậu","là cà phê, chè, ngô, chuối, đường, bông, thuốc lá, khoai tây,",10.168209075927734,6.696359157562256,-3.4718499183654785,0.5014825524273663
0018-0007-0006,False,,là khỏang 500 USD/,10.06859302520752,7.590351104736328,-2.4782419204711914,0.5536052674435963
0018-0007-0007,True,500 USD,là khỏang 500 USD/,10.086186408996582,7.550263404846191,-2.5359230041503906,0.5506004230552232
0018-0007-0008,True,Nông nghiệp,.,9.976625442504883,9.863351821899414,-0.11327362060546875,0.6711660204014875
0018-0007-0009,False,,"là cà phê, chè, ngô, chuối, đường, bông, thuốc lá, khoai tây,",10.167363166809082,5.816597938537598,-4.350765228271484,0.4553130159626122
0019-0001-0001,True,thứ hai,lớn thứ,10.026908874511719,11.058328628540039,1.0314197540283203,0.7220413316106675
0019-0001-0002,True,"bang Chihuahua, Coahuila, Nuevo León, và Tamaulipas","bang Chihuahua, Coahuila, Nuevo León, và Tamaulipas của",9.812435150146484,10.143778800964355,0.3313436508178711,0.6914973036617694
0019-0001-0003,True,Texas,và,10.057491302490234,9.787647247314453,-0.26984405517578125,0.6638457465563045
0019-0001-0004,True,"26,1 triệu","với 26,1 triệu",10.11443042755127,8.96994400024414,-1.144486427307129,0.621571416430995
0019-0001-0005,True,Oklahoma,", Oklahoma ở phía bắc, Arkansas ở phía đông bắc, và",10.068939208984375,9.572367668151855,-0.49657154083251953,0.6531050979416941
0019-0002-0001,True,Texas,tại,10.132933616638184,9.241302490234375,-0.8916311264038086,0.6340175178009445
0019-0002-0002,True,Đại Houston,. Dallas–Fort Worth và Đại,9.386634826660156,11.765539169311523,2.378904342651367,0.775298859337951
0019-0002-0003,True,Texas nguyên là một nước cộng hòa độc lập và nhắc nhở đến cuộc đấu tranh giành độc lập của Texas từ México,là Lone Star State (bang ngôi sao cô độc) nhằm biểu thị Texas nguyên là một nước cộng hòa độc lập và nhắc nhở đến cuộc đấu tranh giành độc lập của Texas từ,9.911388397216797,8.897662162780762,-1.0137262344360352,0.6280288931405753
0019-0002-0004,True,bằng hữu,nghĩa là ',9.923210144042969,8.801701545715332,-1.1215085983276367,0.6227093562096365
0019-0002-0005,True,lớn thứ hai,còn,10.150430679321289,8.017910957336426,-2.1325197219848633,0.5715259600223914
0019-0003-0001,True,Đứt đọan Balcones,"như Đứt đọan Balcones, Texas có các cảnh quan đa dạng tương tự như Nam và Tây Nam",10.139076232910156,4.567015171051025,-5.572061061859131,0.3925728755915923
0019-0003-0002,True,dưới 10 phần trăm,song chỉ dưới 10,10.14832592010498,8.06611442565918,-2.082211494445801,0.5741192913531327
0019-0003-0003,True,"thảo nguyên, rừng, và bờ biển","là thảo nguyên, rừng, và bờ",10.142274856567383,9.370073318481445,-0.7722015380859375,0.6398356076418622
0019-0003-0004,True,"biến đổi từ đầm lầy ven biển và rừng thông, đến các đồng bằng gợn sóng và gò đồi gồ ghề, và cuối cùng là hoang mạc và các dãy núi của vùng Big Bend","từ đầm lầy ven biển và rừng thông, đến các đồng bằng gợn sóng và gò đồi",10.140460014343262,9.174729347229004,-0.9657306671142578,0.6303878288379234
0019-0003-0005,True,Nam và Tây Nam Hoa Kỳ,như Nam và Tây Nam,10.149393081665039,2.6498303413391113,-7.499562740325928,0.3009945282939317
0019-0004-0001,True,bắt nguồn từ việc lãnh thổ này từng nằm dưới quyền quản lý của một vài quốc gia,) bắt nguồn từ việc lãnh thổ này từng nằm dưới quyền quản lý của một vài,10.119054794311523,5.308624267578125,-4.810430526733398,0.4314196425900801
0019-0004-0002,True,Tây Ban Nha,.,9.902925491333008,9.886102676391602,-0.01682281494140625,0.6756347232839601
0019-0004-0003,True,bang thứ 28,bang thứ,10.134547233581543,9.188460350036621,-0.9460868835449219,0.6313515158319808
0019-0004-0004,True,"thóat ly khỏi Hợp chúng quốc vào đầu năm 1861, và gia nhập vào Liên minh miền Nam",và gia nhập vào Liên minh miền,10.146965026855469,7.881959438323975,-2.265005588531494,0.5646779988019353
0019-0004-0005,True,năm 1836,vào năm,9.845134735107422,10.967456817626953,1.1223220825195312,0.7258682835047932
0019-0005-0001,True,bò,là,10.084466934204102,9.692743301391602,-0.3917236328125,0.6580922043395316
0019-0005-0002,True,người ta liên hệ Texas với hình ảnh của những chàng cao bồi,kinh tế trở nên thịnh vượng sau,10.163864135742188,3.9234156608581543,-6.240448474884033,0.3595505035021303
0019-0005-0003,True,một nền kinh tế đa dạng hóa và công nghiệp công nghệ cao,một nền kinh tế đa dạng hóa và công nghiệp,9.869564056396484,11.603938102722168,1.7343740463256836,0.7507652086493355
0019-0005-0004,True,California,với,10.001093864440918,9.92136287689209,-0.07973098754882812,0.6727236661678994
0019-0005-0005,True,"nông nghiệp, hóa dầu, năng lượng, máy tính và điện tử, hàng không vũ trụ, và khoa học y sinh","như nông nghiệp, hóa dầu, năng lượng, máy tính và điện tử, hàng không vũ trụ, và khoa học y",10.121156692504883,10.247602462768555,0.12644577026367188,0.6822137261364064
0019-0006-0001,True,"các tiểu bang Chihuahua, Coahuila, Nuevo León, và Tamaulipas","tiểu bang Chihuahua, Coahuila, Nuevo León, và Tamaulipas của",9.813566207885742,9.38162612915039,-0.43194007873535156,0.6561833597144642
0019-0006-0002,True,sông Rio Grande,", sông Rio",10.13871955871582,9.063079833984375,-1.0756397247314453,0.6249768867204134
0019-0006-0003,True,sông Sabine,. Ở phía,10.108531951904297,7.662117004394531,-2.4464149475097656,0.5552616039964301
0019-0006-0004,True,kinh độ 103°T,theo kinh độ 103°,10.144426345825195,6.206820487976074,-3.937605857849121,0.47696928731118576
0019-0006-0005,True,mũi cực tây của bang,ở mũi cực,9.932924270629883,10.81302261352539,0.8800983428955078,0.7155984186095781
0019-0007-0001,True,11 vùng,"có 10 vùng khí hậu, 14 vùng đất đai và 11 vùng",10.03713607788086,10.577181816101074,0.5400457382202148,0.7007967556216294
0019-0007-0002,True,"Đồng bằng Ven biển vịnh México, Đất thấp nội địa, Đại Bình nguyên, Bồn địa và Núi",": Đồng bằng Ven biển vịnh México, Đất thấp nội địa, Đại Bình nguyên, Bồn địa và",10.158180236816406,8.045126914978027,-2.113053321838379,0.5725299047688328
0019-0007-0003,True,các rừng thông dày,các rừng thông,10.134278297424316,10.267587661743164,0.13330936431884766,0.6825271155781052
0019-0007-0004,True,từ Vùng Cán xoong của tiểu bang và Llano Estacado cho đến Vùng Đồi Texas gần Austin,từ Vùng Cán xoong của tiểu bang và Llano Estacado cho đến Vùng Đồi Texas gần,9.975761413574219,10.984357833862305,1.008596420288086,0.7210753339245465
0019-0007-0005,True,Viễn Tây Texas,". Vùng ""Viễn Tây Texas"" hay ""Trans-Pecos"" là vùng Bồn địa và",10.087888717651367,9.458860397338867,-0.6290283203125,0.6467564983967546
0019-0008-0001,True,có diện tích rộng lớn và có vị trí nằm tại nơi giao nhau của nhiều vùng khí hậu,có vị trí nằm tại nơi giao nhau của nhiều vùng,10.133734703063965,6.224269390106201,-3.9094653129577637,0.4784483950238803
0019-0008-0002,True,vùng Ven biển vịnh México,khi vùng Ven biển vịnh,9.405025482177734,11.828890800476074,2.42386531829834,0.7769446235255101
0019-0008-0003,True,220 mm,"là 8,7 inch (220 mm",10.135133743286133,6.106195449829102,-4.028938293457031,0.47217163780796806
0019-0008-0004,True,khu vực ở Đông Nam Texas,ở Đông Nam,10.104644775390625,11.494657516479492,1.3900127410888672,0.736945522397061
0019-0008-0005,True,El Paso,"là El Paso có lượng mưa trung bình năm là 8,7 inch (220 mm), trong khi các khu vực ở Đông Nam",9.818628311157227,8.963569641113281,-0.8550586700439453,0.6358034172786104
0019-0009-0001,True,Alonso Álvarez de Pineda,do,9.570013999938965,7.412350654602051,-2.157663345336914,0.5702283518915705
0019-0009-0002,True,bản đồ Duyên hải Vịnh México,là một bản đồ Duyên hải Vịnh,10.122795104980469,10.012478828430176,-0.11031627655029297,0.671303504934957
0019-0009-0003,True,một lọai bệnh đường ruột,vì một lọai bệnh đường,10.115233421325684,10.268486976623535,0.15325355529785156,0.6834368215983345
0019-0009-0004,True,người Tây Ban Nha,", nhà thám hiểm bị đắm tàu người Tây Ban Nha Álvar Núñez Cabeza de Vaca và đội quân của ông trở thành những người",10.030277252197266,6.693760871887207,-3.3365163803100586,0.5086092039197065
0019-0009-0005,True,năm 1519,vào,9.915427207946777,5.506042003631592,-4.4093852043151855,0.452252115187524
0019-0010-0001,True,Francisco Vasquez de Coronado,"với ""Hai lọai người đi quanh các bình nguyên này cùng những con",10.114086151123047,3.2162983417510986,-6.897787809371948,0.3283198930918936
0019-0010-0002,True,một được gọi là Querechos và dân tộc kia là Teyas,"với """,9.851991653442383,10.020339965820312,0.1683483123779297,0.6841244011338985
0019-0010-0003,True,da,"""",10.140737533569336,7.373946189880371,-2.766791343688965,0.5385386945138343
0019-0010-0004,True,"họ ăn thịt, thậm chí đôi khi là ăn sống, họ thậm chí cũng uống máu khi khát","ăn thịt, thậm chí đôi khi là ăn",10.158093452453613,7.6412200927734375,-2.516873359680176,0.5515932166740395
0019-0010-0005,True,rất cường tráng,"""Hai lọai người đi quanh các bình nguyên này cùng những con",9.928743362426758,10.09164810180664,0.1629047393798828,0.6838765342319463
0019-0011-0001,True,nhà cầm quyền Tây Ban Nha lo ngại rằng Pháp tạo ra mối đe dọa cạnh tranh,", nhà cầm quyền Tây Ban Nha lo ngại rằng Pháp tạo ra mối đe dọa",10.147638320922852,5.472058296203613,-4.675580024719238,0.4384012218898652
0019-0011-0002,True,người da đỏ kháng cự,. Khi người Pháp bắt đầu định cư tại,10.160039901733398,1.1620357036590576,-8.99800419807434,0.23898811933374778
0019-0011-0003,True,bắt đầu định cư tại Louisiana,"Khi người Pháp bắt đầu định cư tại Louisiana, chủ yếu ở phần phía nam của tiểu bang",10.147713661193848,4.216763496398926,-5.930950164794922,0.37469778907427076
0019-0011-0004,True,"thành lập San Antonio, khu định cư dân sự đầu tiên của người Tây Ban Nha tại khu vực",thành lập,10.166963577270508,1.585594654083252,-8.581368923187256,0.25531470124186145
0019-0011-0005,True,năm 1716,vào,10.09457778930664,3.5568430423736572,-6.537734746932983,0.34525935061071616
0019-0012-0001,True,Do các bộ lạc da đỏ có thái độ thù địch và khỏang cách xa từ các thuộc địa lân cận của Tây Ban Nha,Do các bộ lạc da đỏ có thái độ thù địch và khỏang cách xa từ các thuộc địa lân cận của,10.12051773071289,10.514511108398438,0.3939933776855469,0.694305695904004
0019-0012-0002,True,"Comanche, Tonkawa, và Hasinai",bao gồm,10.118236541748047,0.9026224613189697,-9.215614080429077,0.23075058617464148
0019-0012-0003,True,Lipan Apache và Karankawa,các bộ lạc Lipan,9.84200382232666,6.89841890335083,-2.94358491897583,0.5292707401517694
0019-0012-0004,True,Lipan Apache,với người Lipan,9.614712715148926,11.795705795288086,2.18099308013916,0.7679522554048116
0019-0013-0001,True,thỏa thuận cũng bao gồm cả Texas,rằng thỏa thuận cũng bao gồm cả,10.1470947265625,7.337684631347656,-2.8094100952148438,0.536306705920674
0019-0013-0002,True,sông Sabine,tại,8.854493141174316,7.775588035583496,-1.0789051055908203,0.6248156422534219
0019-0013-0003,True,México,của,10.146732330322266,8.638805389404297,-1.5079269409179688,0.6034017380197562
0019-0013-0004,True,Coahuila và Tejas,mua,10.127370834350586,4.114012718200684,-6.013358116149902,0.3706391792797532
0019-0013-0005,True,Năm 1821,. Năm,9.801953315734863,11.001279830932617,1.199326515197754,0.7290843619629159
0019-0014-0001,True,năm 1832,vào năm,9.312562942504883,11.346609115600586,2.034046173095703,0.7623900610966866
0019-0014-0002,True,Liên bang chủ nghĩa,về phe Liên bang,9.945459365844727,11.008508682250977,1.06304931640625,0.7233766457754695
0019-0014-0003,True,đuổi tòan bộ binh sĩ México ra khỏi Đông Texas,và đuổi tòan bộ binh sĩ México ra khỏi Đông,10.167274475097656,0.9207231402397156,-9.24655133485794,0.22959574980201114
0019-0014-0004,True,"thảo luận về yêu cầu được trở thành một tiểu bang riêng, cùng các vấn đề khác",về yêu cầu được trở thành một tiểu bang,10.135988235473633,7.515674591064453,-2.6203136444091797,0.5461975662862829
0019-0014-0005,True,năm 1833,Hội nghị năm,10.065322875976562,10.085211753845215,0.019888877868652344,0.677327309174846
0019-0015-0001,True,phe liên bang chủ nghĩa và phe trung ương tập quyền chủ nghĩa,giữa phe liên bang chủ nghĩa và phe trung ương tập quyền,9.580998420715332,11.610021591186523,2.0290231704711914,0.7621983190058573
0019-0015-0002,True,Ủy ban Tương ứng và An tòan,của,10.065425872802734,5.420173645019531,-4.645252227783203,0.4399748420599416
0019-0015-0003,True,trận Gonzales,tại trận,9.975458145141602,5.2034592628479,-4.771998882293701,0.4334067037346254
0019-0015-0004,True,hai tháng,vòng hai,10.10113525390625,10.980436325073242,0.8793010711669922,0.7155642352192163
0019-0015-0005,True,Texas lâm vào tình trạng không có sự quản lý tòan bộ,tình trạng không có sự quản lý tòan,10.130633354187012,11.241064071655273,1.1104307174682617,0.7253695298877344
0019-0016-0001,True,Antonio Lopez de Santa Anna,México Antonio Lopez de Santa,10.073055267333984,10.780208587646484,0.7071533203125,0.7081257187267865
0019-0016-0002,True,cuộc tàn sát Goliad,trong,10.107426643371582,3.286787986755371,-6.820638656616211,0.3319139620630084
0019-0016-0003,True,trận Alamo,trong,10.014866828918457,4.591368675231934,-5.423498153686523,0.40006049189609866
0019-0016-0004,True,Tin tức về các thất bại gây ra tâm trạng hoang mang trong những người định cư tại Texas,ra tâm trạng hoang mang trong những người định cư tại,10.13420295715332,6.3569207191467285,-3.777282238006592,0.4854007596008615
0019-0016-0005,True,13 ngày,kéo dài 13,10.138229370117188,9.766629219055176,-0.3716001510620117,0.659045437017248
0019-0017-0001,True,ngày 2 tháng 3,vào ngày 2 tháng,9.816656112670898,11.639732360839844,1.8230762481689453,0.7542453427925345
0019-0017-0002,True,Hội nghị 1836,cho Hội nghị,9.79221248626709,11.394052505493164,1.6018400192260742,0.7455043718520181
0019-0017-0003,True,những người định cư khác tại Texas trong Runaway Scrape,với những người định cư,10.140790939331055,5.206614971160889,-4.934175968170166,0.42503682621845623
0019-0017-0004,True,Sam Houston,của Sam,10.048652648925781,11.525754928588867,1.477102279663086,0.7404866595758871
0019-0017-0005,True,Hiệp ước Velasco,các,9.806938171386719,6.4487080574035645,-3.3582301139831543,0.507465920905423
0019-0018-0001,True,Mirabeau B. Lamar,"do Mirabeau B. Lamar lãnh đạo, chủ trương Texas tiếp tục độc lập, trục xuất người da đỏ, và mở rộng nước Cộng hòa về phía Thái Bình Dương. Các đối thủ của họ do Sam",9.370859146118164,10.252151489257812,0.8812923431396484,0.7156496072867765
0019-0018-0002,True,phía Thái Bình Dương,phía,10.118820190429688,9.490373611450195,-0.6284465789794922,0.6467844965095094
0019-0018-0003,True,Sam Houston,"do Mirabeau B. Lamar lãnh đạo, chủ trương Texas tiếp tục độc lập, trục xuất người da đỏ, và mở rộng nước Cộng hòa về phía Thái Bình Dương. Các đối thủ của họ do Sam",9.409503936767578,11.039962768554688,1.6304588317871094,0.7466465402566153
0019-0018-0004,True,sáp nhập Texas và Hợp chúng quốc Hoa Kỳ và cùng tồn tại hòa bình với người da đỏ,chủ trương sáp nhập Texas và Hợp chúng quốc Hoa Kỳ và cùng tồn tại hòa bình với người da,10.120086669921875,7.714455604553223,-2.4056310653686523,0.5573822768469134
0019-0018-0005,True,Chiến tranh Lưu trữ Texas,là Chiến tranh Lưu trữ,9.909736633300781,11.553242683410645,1.6435060501098633,0.7471661256062121
0019-0019-0001,True,tiến hành một số nỗ lực nhằm thượng lượng về việc sáp nhập vào Hợp chúng quốc Hoa Kỳ,đã tiến hành một số nỗ lực nhằm thượng lượng về việc sáp nhập vào Hợp chúng quốc,10.091493606567383,8.499422073364258,-1.592071533203125,0.5991520151667906
0019-0019-0002,True,"Sự phản đối bên trong nước cộng hòa đến từ phe dân tộc chủ nghĩa, cùng với phe phản đối phế nô mạnh mẽ tại Hoa Kỳ",". Sự phản đối bên trong nước cộng hòa đến từ phe dân tộc chủ nghĩa, cùng với phe phản đối phế nô mạnh mẽ tại",10.053984642028809,9.434549331665039,-0.6194353103637695,0.647218063121635
0019-0019-0003,True,nhân vật bành trướng chủ nghĩa James K. Polk giành chiến thắng trong cuộc bầu cử Tổng thống Hoa Kỳ,khi nhân vật bành trướng chủ nghĩa James K. Polk giành chiến thắng trong cuộc bầu cử Tổng thống Hoa Kỳ năm,10.029881477355957,10.070002555847168,0.04012107849121094,0.6782581315409703
0019-0019-0004,True,ngày 29 tháng 12 năm 1845,Vào ngày 29 tháng 12 năm,9.966068267822266,11.336179733276367,1.3701114654541016,0.7361319716162247
0019-0019-0005,True,một tiểu bang cấu thành của Liên bang,là một tiểu bang cấu thành của,10.141926765441895,8.412712097167969,-1.7292146682739258,0.592193796888757
0019-0020-0001,True,đọan tuyệt quan hệ ngọai giao với Hoa Kỳ,", México đọan tuyệt quan hệ ngọai giao với",10.159637451171875,5.340991973876953,-4.818645477294922,0.43099518262201514
0019-0020-0002,True,sông Nueces,đến Rio,9.527791976928711,11.72143268585205,2.19364070892334,0.7684267181791723
0019-0020-0003,True,Hoa Kỳ có sức mạnh quân sự và ý chí chính trị,có sức mạnh quân sự và ý chí,10.143097877502441,11.025609970092773,0.882512092590332,0.7157018941392553
0019-0020-0004,True,tiến về phía nam đến Rio Grande,Taylor tiến về phía nam đến Rio,10.052035331726074,11.271051406860352,1.2190160751342773,0.7299028765671537
0019-0020-0005,True,Texas,: bao vây Fort,10.12237548828125,5.73826265335083,-4.38411283493042,0.453571308168664
0019-0021-0001,True,cuộc bầu cử tổng thống,sau cuộc bầu cử tổng thống năm,9.619046211242676,11.035183906555176,1.4161376953125,0.7380110414438565
0019-0021-0002,True,Năm tiểu bang,. Năm tiểu bang,9.474069595336914,11.199135780334473,1.7250661849975586,0.7503981226376378
0019-0021-0003,True,thông qua một Sắc lệnh Ly khai khỏi Hợp chúng quốc Hoa Kỳ,một Sắc lệnh Ly khai khỏi Hợp chúng quốc,10.139760971069336,8.147436141967773,-1.9923248291015625,0.578742622183472
0019-0021-0004,True,Liên minh miền Nam Hoa Kỳ,vào Liên minh miền Nam,10.054140090942383,10.986385345458984,0.9322452545166016,0.7178288552340285
0019-0021-0005,True,ngày 23 tháng 2 năm 1861,vào ngày 23 tháng 2 năm,9.8833646774292,10.97909164428711,1.0957269668579102,0.7247520387057517
0019-0022-0001,True,đóng góp một lượng lớn binh lính và khí tài cho phần còn lại của Liên minh quốc,việc là một tiểu bang,10.13897705078125,8.085063934326172,-2.053913116455078,0.575576259901135
0019-0022-0002,True,cảng chính của tiểu bang là Galveston,là,9.476280212402344,7.824672222137451,-1.6516079902648926,0.596136051534445
0019-0022-0003,True,Liên bang chiếm được sông Mississippi,vào giữa năm,9.815204620361328,11.207805633544922,1.3926010131835938,0.7370512106119038
0019-0022-0004,True,Palmito Ranch ở gần Brownsville,"tại Palmito Ranch ở gần Brownsville,",9.763760566711426,10.17298698425293,0.4092264175415039,0.6949863794163756
0019-0023-0001,True,Đại khủng hỏang và Dust Bowl,"và Dust Bowl giáng một đòn kép vào nền kinh tế của bang, vốn đã được cải thiện đáng kể từ sau Nội chiến. Những người di cư bị bỏ rơi ở những khu vực tồi tệ nhất của",10.107647895812988,4.064608573913574,-6.043039321899414,0.3691818030667669
0019-0023-0002,True,những khu vực tồi tệ nhất của Texas,ở những khu vực tồi tệ nhất của,9.303080558776855,11.620128631591797,2.3170480728149414,0.7730205932989054
0019-0023-0003,True,miền Bắc Hoa Kỳ hay California,ở những khu vực tồi tệ nhất của,10.110153198242188,10.772054672241211,0.6619014739990234,0.706151508532075
0019-0023-0004,True,người da trắng không nói tiếng Tây Ban Nha,(người da trắng không nói tiếng,10.14498233795166,6.345440864562988,-3.799541473388672,0.48422953287493986
0019-0023-0005,True,74%,có 74,10.112947463989258,9.534942626953125,-0.5780048370361328,0.6492083152909451
0019-0024-0001,True,"xây dựng các căn cứ quân sự, các nhà máy vũ khí, các trại giam giữ tù binh chiến tranh và viện quân y","việc xây dựng các căn cứ quân sự, các nhà máy vũ khí, các trại giam giữ tù binh chiến tranh và viện",10.045230865478516,10.272302627563477,0.22707176208496094,0.6867916328727068
0019-0024-0002,True,750.000 thanh niên,; 750.000,9.229421615600586,10.798906326293945,1.5694847106933594,0.7442090031509414
0019-0024-0003,True,mức lương cao hơn,và hàng trăm nghìn nông dân nghèo rời đi để tìm kiếm các công việc phục vụ chiến tranh với mức lương cao,10.143689155578613,4.8881659507751465,-5.255523204803467,0.4085829021840599
0019-0024-0004,True,thứ 11,xếp hạng thứ,10.097293853759766,9.974610328674316,-0.12268352508544922,0.6707283665321243
0019-0024-0005,True,"3,1 phần trăm","ra 3,1",10.004164695739746,11.301830291748047,1.2976655960083008,0.733156832882261
0019-0025-0001,True,công chúng,trước,10.143583297729492,7.726641654968262,-2.4169416427612305,0.5567943577397285
0019-0025-0002,True,Bob Bullock,là,9.499557495117188,6.884255409240723,-2.615302085876465,0.5464592398398607
0019-0025-0003,True,Bộ trưởng đất đai,"có Thống đốc, Phó thống đốc, Bộ trưởng tài chính công (Comptroller of Public Accounts), Bộ trưởng",10.080038070678711,8.343246459960938,-1.7367916107177734,0.5918082589170107
0019-0025-0004,True,ba thành viên,với ba,9.89086627960205,10.718998908996582,0.8281326293945312,0.7133651969167192
0019-0025-0005,True,Texas có một hệ thống gồm nhiều nhánh hành pháp,có một hệ thống gồm nhiều nhánh,10.151837348937988,9.3616361618042,-0.7902011871337891,0.6389613192666885
0019-0026-0001,True,Cơ quan tư pháp,Cơ quan,10.122215270996094,7.500900745391846,-2.621314525604248,0.5461453032056587
0019-0026-0002,True,hai tòa án,có,10.108236312866211,8.281505584716797,-1.826730728149414,0.5872233721268706
0019-0026-0003,True,"Tòa Thượng thẩm Texas với các trường hợp dân sự, và Tòa Chống án Tội phạm Texas",": Tòa Thượng thẩm Texas với các trường hợp dân sự, và Tòa Chống án Tội phạm",10.030179977416992,10.638570785522461,0.6083908081054688,0.70380696013437
0019-0026-0004,True,khi hình phạt này được phục hồi trong vụ án Gregg v. Georgia,từ khi hình phạt này được phục hồi trong vụ án Gregg v.,10.041074752807617,9.856087684631348,-0.18498706817626953,0.6678231839689519
0019-0026-0005,True,Thống đốc,;,9.844849586486816,9.820259094238281,-0.024590492248535156,0.6752760046819637
0019-0027-0001,True,Sư đòan biệt động Texas (Texas Ranger Division),của Cơ quan Công an,10.076719284057617,9.250560760498047,-0.8261585235595703,0.6372120253276289
0019-0027-0002,True,"cảnh sát chống bạo động và trinh thám, bảo vệ thống đốc, truy nã đối tượng phạm tội, và họat động như một lực lượng bán quân sự của nước cộng hòa và bang","của cảnh sát chống bạo động và trinh thám, bảo vệ thống đốc, truy nã đối tượng phạm tội, và họat động như một lực lượng bán quân sự của nước cộng hòa và",10.156951904296875,4.145456314086914,-6.011495590209961,0.3707307100386581
0019-0027-0003,True,năm 1835,vào năm,9.838552474975586,10.740129470825195,0.9015769958496094,0.7165183933031031
0019-0027-0004,True,"các vụ phạm tội khác nhau, từ giết người đến tham nhũng chính trị",từ giết người đến tham nhũng,10.153850555419922,10.030075073242188,-0.12377548217773438,0.6706775604991208
0019-0027-0005,True,Stephen F. Austin,do Stephen F.,9.701055526733398,11.704598426818848,2.003542900085449,0.7612240267995817
0019-0028-0001,True,bảo thủ tài chính và xã hội,về bảo thủ tài chính và,10.077054977416992,10.341062545776367,0.264007568359375,0.6884629722686175
0019-0028-0002,True,"60,1% số phiếu","với 60,1% số",9.920050621032715,11.476524353027344,1.556473731994629,0.743686880742595
0019-0028-0003,True,John McCain,. John,9.551441192626953,11.739625930786133,2.1881847381591797,0.7682221262154904
0019-0028-0004,True,các khu vực nông thôn và ngọai ô,khi hầu hết các khu vực nông thôn và ngọai,9.956144332885742,11.240659713745117,1.284515380859375,0.7326145101295063
0019-0028-0005,True,"Austin, Dallas, Houston, và San Antonio",". Austin, Dallas, Houston, và",9.733973503112793,11.668185234069824,1.9342117309570312,0.7585591588024604
0019-0029-0001,True,Đảng Cộng hòa,do Đảng,10.100058555603027,7.751674175262451,-2.348384380340576,0.5603554367464806
0019-0029-0002,True,24 đơn vị,số 36,10.020004272460938,9.633625030517578,-0.3863792419433594,0.6583454886499082
0019-0029-0003,True,năm 1994,Từ năm,9.814958572387695,11.412001609802246,1.5970430374145508,0.7453125942070368
0019-0029-0004,True,"chủ yếu từ một số nhóm thiểu số ở Đông Texas và Nam Texas cũng như cử tri thành thị, đặc biệt là Beaumont, El Paso, Austin, San Antonio, Dallas, và Houston",từ một số nhóm thiểu số ở Đông Texas và Nam Texas cũng như cử tri,10.123350143432617,8.971996307373047,-1.1513538360595703,0.6212310585235359
0019-0029-0005,True,36 đơn vị,số 36,10.009206771850586,10.502914428710938,0.49370765686035156,0.6987458921446434
0019-0030-0001,True,"Người Đức, người Ireland, và người Anh",là người,10.110889434814453,9.039305686950684,-1.0715837478637695,0.6251771322020732
0019-0030-0002,True,"2,7 triệu người","với 2,7 triệu",10.161611557006836,5.3583526611328125,-4.803258895874023,0.43179027746135135
0019-0030-0003,True,"2,0%",và 472.000 người Mỹ gốc,10.116144180297852,9.023628234863281,-1.0925159454345703,0.6241432412315312
0019-0030-0004,True,27%,Có khỏang 600.000 người Mỹ gốc Pháp và 472.000 người Mỹ gốc,10.151350021362305,6.202263832092285,-3.9490861892700195,0.47636597901546557
0019-0030-0005,True,khỏang 600.000 người,và 472.000 người Mỹ gốc,10.108075141906738,9.528644561767578,-0.5794305801391602,0.6491399106182546
0019-0031-0001,True,người gốc Âu không có nguồn gốc Mỹ Latinh và Iberia,Người gốc Mỹ Latinh hoặc,10.095634460449219,8.880614280700684,-1.2150201797485352,0.6180700235280602
0019-0031-0002,True,36%,chiếm 36,9.958266258239746,10.92302131652832,0.9647550582885742,0.7192139848562477
0019-0031-0003,True,gần 38.000 người,và gần 38.000,9.925487518310547,11.440479278564453,1.5149917602539062,0.7420175781360601
0019-0031-0004,True,"Costa Rica, Venezuela, và Argentina","người Costa Rica, Venezuela, và",10.084123611450195,9.41660213470459,-0.6675214767456055,0.6449016648650642
0019-0031-0005,True,"7,3 triệu người",", 7,3 triệu",9.500600814819336,11.541238784790039,2.040637969970703,0.762641526953051
0019-0032-0001,True,"Houston, San Antonio, và Dallas",": Houston, San Antonio, và",10.076309204101562,10.234119415283203,0.15781021118164062,0.6836444659727187
0019-0032-0002,True,sáu thành phố,", sáu",9.6322021484375,10.634498596191406,1.0022964477539062,0.7208083253161326
0019-0032-0003,True,20 thành phố lớn nhất Hoa Kỳ,". Austin, Fort Worth, và El Paso nằm trong số 20 thành phố lớn nhất",10.151933670043945,4.079646110534668,-6.072287559509277,0.3677480162785007
0019-0032-0004,True,"Dallas–Fort Worth–Arlington, Houston–Sugar Land–Baytown, San Antonio–New Braunfels, và Austin–Round Rock–San Marcos",": Houston, San Antonio, và",10.127911567687988,4.093245506286621,-6.034666061401367,0.3695926980916968
0019-0032-0005,True,Houston,đô thị Dallas–Fort Worth và,9.643616676330566,11.613104820251465,1.9694881439208984,0.7599175992149567
0019-0033-0001,True,Ba xa lộ,—I-,10.011297225952148,10.74296760559082,0.7316703796386719,0.7091920660528386
0019-0033-0002,True,San Antonio đến Houston,(San Antonio đến,10.106066703796387,9.151971817016602,-0.9540948867797852,0.6309587843388594
0019-0033-0003,True,60.000 dặm vuông Anh,diện tích 60.000 dặm vuông Anh (160.000,9.816619873046875,10.997783660888672,1.1811637878417969,0.7283279386643281
0019-0033-0004,True,gần 75%,hay gần 75,10.077787399291992,10.980963706970215,0.9031763076782227,0.716586823117117
0019-0033-0005,True,Georgia,là,9.974377632141113,9.897103309631348,-0.07727432250976562,0.672837599313823
0019-0034-0001,True,các thế kỷ XVIII và XIX,trong các thế kỷ XVIII và,10.009147644042969,11.294193267822266,1.2850456237792969,0.732636391202298
0019-0034-0002,True,một nồi nung chảy các văn hóa từ khắp thế giới,biến Texas thành một nồi nung chảy các văn hóa từ khắp,10.175270080566406,3.2061901092529297,-6.969079971313477,0.32501645144081814
0019-0034-0003,True,hình ảnh cao bồi thể hiện trong phim Viễn Tây và nhạc đồng quê miền tây,hình ảnh,9.846445083618164,9.747604370117188,-0.09884071350097656,0.671836716585844
0019-0034-0004,True,"miền Nam, miền Tây, và miền Tây Nam","của miền Nam, miền Tây, và miền",9.755569458007812,11.643433570861816,1.887864112854004,0.7567664341513506
0019-0035-0001,True,có các công ty thường trực chuyên nghiệp về mọi lọai hình nghệ thuật biểu diễn chính,Hoa Kỳ có các công ty thường trực chuyên nghiệp về mọi lọai hình nghệ thuật biểu diễn,10.151815414428711,2.415576934814453,-7.736238479614258,0.2906095027597658
0019-0035-0002,True,"Nhà hát Lớn Houston, Dàn nhạc giao hưởng Houston, đòan ba-lê Houston, và Sân khấu Alley",:,10.080635070800781,5.429265975952148,-4.651369094848633,0.43965735762505165
0019-0035-0003,True,giữa khu trung tâm Houston,giữa khu trung tâm,9.997933387756348,10.978753089904785,0.9808197021484375,0.7198969112183338
0019-0035-0004,True,số ghế sân khấu trong một khu vực trung tâm tập trung,"về số ghế sân khấu trong một khu vực trung tâm tập trung, í.948 ghế cho biểu diễn trực tiếp và 1.480 ghế xem",9.849642753601074,10.845870971679688,0.9962282180786133,0.7205509905396508
0019-0035-0005,True,1.480 ghế,và 1.480,10.077859878540039,10.416357040405273,0.3384971618652344,0.691818695599527
0019-0036-0001,True,$7.275,chi $7.,9.81332778930664,11.445802688598633,1.6324748992919922,0.7467268730989375
0019-0036-0002,True,"14,9",chi $7.,10.164605140686035,4.835519313812256,-5.329085826873779,0.4048435237009801
0019-0036-0003,True,quyền đánh thuế cư dân của họ và trưng thu các tài sản thuộc sở hữu cá nhân,quyền đánh thuế cư dân của họ và trưng thu các tài sản thuộc sở hữu,10.142513275146484,8.345133781433105,-1.797379493713379,0.5887213345618458
0019-0036-0004,True,chuyển thuế tài sản từ các khu vực trường học thịnh vượng sang các khu vực trường học nghèo hơn,một hệ thống tái phân bổ thuế gây tranh,10.155879020690918,9.282197952270508,-0.8736810684204102,0.6348945156420583
0019-0036-0005,True,trên 1.000 khu vực,có trên 1.000 khu vực,10.009695053100586,10.312957763671875,0.30326271057128906,0.6902338952608611
0019-0037-0001,True,thứ nhì,xếp hạng thứ,9.91482925415039,10.891214370727539,0.9763851165771484,0.7197084933404514
0019-0037-0002,True,thứ 11 và 12,đứng thứ 11 và,9.938716888427734,10.484447479248047,0.5457305908203125,0.7010478082540287
0019-0037-0003,True,"California, và Tokyo",", California, và",10.162637710571289,8.09498119354248,-2.0676565170288086,0.5748688304316055
0019-0037-0004,True,"6,2%","là 6,2",10.047484397888184,11.410553932189941,1.3630695343017578,0.7358437158706519
0019-0037-0005,True,năm 2009,vào năm,9.432256698608398,11.233207702636719,1.8009510040283203,0.7533803583322923
0019-0038-0001,True,Texas,.,10.104581832885742,9.238363265991211,-0.8662185668945312,0.6352588531238108
0019-0038-0002,True,cừu và dê,sản lượng cừu và,10.145980834960938,5.715097904205322,-4.430882930755615,0.4511304819523139
0019-0038-0003,True,"sản xuất xi măng, đá dăm, vôi, muối, cát và sỏi","về sản xuất xi măng, đá dăm, vôi, muối, cát và",9.93741226196289,11.623026847839355,1.6856145858764648,0.7488382178219818
0019-0038-0004,True,dẫn đầu,. Texas dẫn đầu tòan,10.118965148925781,8.110051155090332,-2.008913993835449,0.5778903697317949
0019-0038-0005,True,Bò nhà,. Bò,9.618009567260742,11.681953430175781,2.063943862915039,0.7635291367136776
0019-0039-0001,True,phong điện,sản lượng phong,10.095178604125977,9.92076301574707,-0.17441558837890625,0.6683170348053946
0019-0039-0002,True,"781,5 megawatt (MW)","công suất 781,5 megawatt (MW",10.102886199951172,10.343405723571777,0.24051952362060547,0.6874007067435474
0019-0039-0003,True,một lượng sinh khối khổng lồ để sử dụng trong ngành năng lượng sinh học,có thể cung cấp cho Texas một lượng sinh khối khổng lồ để sử dụng trong ngành năng lượng,10.12837028503418,6.97609806060791,-3.1522722244262695,0.5183053025102237
0019-0039-0004,True,năng lượng tái tạo thương mại hóa,có sản lượng phong điện lớn nhất tại,10.13823127746582,5.808154106140137,-4.330077171325684,0.4563940822744433
0019-0039-0005,True,điện mặt trời,phát triển điện,9.941730499267578,11.184520721435547,1.2427902221679688,0.7308891128170988
0019-0040-0001,True,năm 1948,vào năm,9.220298767089844,11.269824981689453,2.0495262145996094,0.7629803080750365
0019-0040-0002,True,Sân bay quốc tế Dallas-Forth Worth (DFW),là Sân bay quốc tế Dallas-Forth,9.717184066772461,11.336240768432617,1.6190567016601562,0.7461918907535159
0019-0040-0003,True,khỏang 1.150 hải cảng,Có khỏang 1.150,10.130620956420898,7.595577239990234,-2.535043716430664,0.5506462570595698
0019-0040-0004,True,số tấn hàng hóa,về,10.144859313964844,1.1316628456115723,-9.013196468353271,0.23840652645475124
0019-0040-0005,True,Cảng Houston,. Cảng,9.485160827636719,11.272342681884766,1.7871818542480469,0.7528410219058822
0019-0041-0001,True,"Houston Rockets, San Antonio Spurs, và Dallas Mavericks","(Houston Rockets, San Antonio Spurs, và Dallas Mavericks), và một đội tuyển NHL (Dallas Stars",10.152759552001953,2.8502185344696045,-7.302541017532349,0.30979861248973234
0019-0041-0002,True,hai đội tuyển,có,9.736467361450195,9.866642951965332,0.13017559051513672,0.6823840490035589
0019-0041-0003,True,"có các đội tuyển thể thao tham gia tòan bộ giải đấu chuyên nghiệp ""Big Four",Worth là một trong 12 khu vực đô thị tại,10.159002304077148,-1.017850637435913,-11.176852941513062,0.16558564745871515
0019-0041-0004,True,một đội tuyển WNBA (San Antonio) và hai đội tuyển MLS (Houston Dynamo VÀ FC Dallas,có một đội tuyển WNBA (San Antonio) và hai đội tuyển MLS (Houston Dynamo VÀ FC Dallas,10.141762733459473,6.6690144538879395,-3.472748279571533,0.5014352395929917
0019-0042-0001,True,bóng bầu dục Mỹ,là bóng bầu dục,9.62882137298584,11.622236251831055,1.9934148788452148,0.7608360003428316
0019-0042-0002,True,10 trường,có 10,9.472042083740234,10.664870262145996,1.1928281784057617,0.7288138777689271
0019-0042-0003,True,"Baylor Bears, Texas Longhorns, TCU Horned Frogs, và Texas Tech Red Raiders",là,9.726648330688477,7.913430213928223,-1.813218116760254,0.5879132008478223
0019-0042-0004,True,Texas A&M Aggies rời khỏi Big 12 và tham gia Southeastern Conference vào năm 2012,. Texas A&M Aggies rời khỏi Big 12 và tham gia Southeastern Conference vào năm,9.941184997558594,10.355691909790039,0.4145069122314453,0.6952221380290265
0019-0042-0005,True,Mountain West Conference,"tham gia Southeastern Conference vào năm 2012, khiến Big 12 mời TCU tham gia; TCU trước đó tham gia Mountain",10.04926872253418,4.435641765594482,-5.613626956939697,0.3904867898249691
