question_id,question,gold_answer,predicted_answer,has_gold_answer,predicted_no_answer,em,f1,reader_confidence,no_answer_score,best_span_score,score_margin,error_type
0001-0001-0001,Paris đạt được thành quả gì sau khỏang 4 thế kỷ tính từ ngày Cách mạng Pháp diễn ra?,"trở thành một trong những trung tâm văn hóa của thế giới, thủ đô của nghệ thuật và giải trí",,True,True,0,0.0,1.0,4.980307102203369,3.7822365760803223,-4.980307102203369,ANSWERABLE_PREDICTED_EMPTY
0001-0001-0002,Vị trí địa lý của Pháp có gì đặc biệt?,,,False,True,1,1.0,1.0,5.631185054779053,3.0139718055725098,-5.631185054779053,CORRECT_NO_ANSWER
0001-0001-0003,Kinh tế xung quanh kinh đô ánh sáng mạnh về gì?,giáo dục và nghệ thuật,,True,True,0,0.0,1.0,6.894315719604492,1.910177230834961,-6.894315719604492,ANSWERABLE_PREDICTED_EMPTY
0001-0001-0004,Cuộc cách mạng Pháp diễn ra ở đâu?,Paris,,True,True,0,0.0,1.0,3.6348185539245605,5.029312610626221,-3.6348185539245605,ANSWERABLE_PREDICTED_EMPTY
0001-0001-0005,Kinh đô ánh sáng nổi tiếng về lĩnh vực gì?,nghệ thuật và giải trí,,True,True,0,0.0,1.0,7.2558406591415405,1.5670086145401,-7.2558406591415405,ANSWERABLE_PREDICTED_EMPTY
0001-0001-0006,Paris là một thành phố quan trọng của nước Pháp bắt đầu từ thời gian nào?,thế kỷ 10,,True,True,0,0.0,1.0,6.6924214363098145,2.1212592124938965,-6.6924214363098145,ANSWERABLE_PREDICTED_EMPTY
0001-0001-0007,Vị trí địa lý của Paris có gì đặc biệt?,nằm ở điểm gặp nhau của các hành trình thương mại đường bộ và đường sông,,True,True,0,0.0,1.0,5.929280757904053,2.7496533393859863,-5.929280757904053,ANSWERABLE_PREDICTED_EMPTY
0001-0002-0001,Điều gì đã nói lên Paris là thành phố lý tưởng để khách du lịch?,Kinh đô ánh sáng,,True,True,0,0.0,1.0,5.342870712280273,3.556629180908203,-5.342870712280273,ANSWERABLE_PREDICTED_EMPTY
0001-0002-0002,Người ta đến với Paris vì điều gì?,"Sự nhộn nhịp, các công trình kiến trúc và không khí nghệ sĩ",,True,True,0,0.0,1.0,5.92202091217041,3.0426406860351562,-5.92202091217041,ANSWERABLE_PREDICTED_EMPTY
0001-0002-0003,Điều gì đã nói lên New York là thành phố lý tưởng để khách du lịch?,,,False,True,1,1.0,1.0,5.161084413528442,3.7731597423553467,-5.161084413528442,CORRECT_NO_ANSWER
0001-0002-0004,Điều gì đã khiến tòan cầu trở thành nơi trung chuyển trên Paris?,,"Paris trở thành một trong những trung tâm trung chuyển lớn nhất trên thế giới và được coi như một trong bốn ""thành phố tòan cầu"" cùng với New York, Luân Đôn và Tokyo",False,False,0,0.0,1.0,-0.5604867935180664,8.584643363952637,0.5604867935180664,UNANSWERABLE_FALSE_POSITIVE
0001-0002-0005,Kinh đô ánh sáng nổi tiếng như thế nào trong lĩnh vực thời trang mua sắm?,Thành phố còn được xem như kinh đô của thời trang cao cấp với nhiều khu phố xa xỉ cùng các trung tâm thương mại lớn,Paris,True,False,0,0.0,1.0,1.289719581604004,7.276172637939453,-1.289719581604004,WRONG_SPAN
0001-0002-0006,Điều gì đã khiến Paris trở thành nơi trung chuyển trên tòan cầu?,"Là nơi đặt trụ sở chính của các tổ chức quốc tế như OECD, UNESCO... cộng với những họat động đa dạng về tài chính, kinh doanh, chính trị và du lịch","những họat động đa dạng về tài chính, kinh doanh, chính trị và du lịch",True,False,0,0.6382978723404256,1.0,-0.8505387306213379,8.821501731872559,0.8505387306213379,SPAN_TOO_SHORT
0001-0002-0007,"Trụ sở chính của UNESCO được đặt tại thành phố nào trong số bốn ""thành phố tòan cầu""?",Paris,"New York, Luân Đôn và Tokyo",True,False,0,0.0,1.0,-0.5095100402832031,8.599172592163086,0.5095100402832031,WRONG_SPAN
0001-0002-0008,"Ngòai Paris, còn có thành phố nào được đánh giá là thành phố tòan cầu?","New York, Luân Đôn và Tokyo","Paris trở thành một trong những trung tâm trung chuyển lớn nhất trên thế giới và được coi như một trong bốn ""thành phố tòan cầu"" cùng với New York, Luân Đôn và Tokyo",True,False,0,0.3,1.0,-0.3054971694946289,8.468650817871094,0.3054971694946289,SPAN_TOO_LONG
0001-0003-0001,"Trước thế kỷ 17, tại Paris các nơi công cộng thiếu ánh đèn buổi tuối thường có hiện tượng gì?",nhiều tệ nạn,,True,True,0,0.0,1.0,3.993903160095215,4.686053276062012,-3.993903160095215,ANSWERABLE_PREDICTED_EMPTY
0001-0003-0002,Kinh đô ánh sáng dịch từ tiếng Pháp sang tiếng Anh chính xác là gì?,The City of Lights,Thành phố ánh sáng,True,False,0,0.0,1.0,1.4829802513122559,6.7884907722473145,-1.4829802513122559,WRONG_SPAN
0001-0003-0003,Tên gọi The City of Lights bắt nguồn từ sự việc gì?,"cuối thế kỷ 17, trung tướng cảnh sát đầu tiên của Paris Gabriel Nicolas de La Reynie ra lệnh thắp sáng những khu vực công cộng nhiều tệ nạn của thành phố","nghĩa đen của nó: cuối thế kỷ 17, trung tướng cảnh sát đầu tiên của Paris Gabriel Nicolas de La Reynie ra lệnh thắp sáng những khu vực công cộng nhiều tệ nạn của thành phố",True,False,0,0.9411764705882353,1.0,1.439906120300293,6.589852333068848,-1.439906120300293,SPAN_TOO_LONG
0001-0003-0004,Tên gọi Pháp bắt nguồn từ sự việc gì?,,,False,True,1,1.0,1.0,4.487096786499023,3.900714874267578,-4.487096786499023,CORRECT_NO_ANSWER
0001-0003-0005,Người dân trên thế giới thường gọi Paris với tên khác là gì?,Kinh đô ánh sáng,,True,True,0,0.0,1.0,4.899282932281494,3.7828545570373535,-4.899282932281494,ANSWERABLE_PREDICTED_EMPTY
0001-0004-0001,Làm sao để chuyển tên thành phố thủ đô nước Pháp thành danh từ dùng để chỉ người dân của thành phố này?,thêm hai chữ a và d,"Từ ""parisien"" trong tiếng Pháp là tính từ của Paris",True,False,0,0.0,1.0,-0.2539701461791992,8.896220207214355,0.2539701461791992,WRONG_SPAN
0001-0004-0002,Hai thành phố nào được gọi là thành phố của tình yêu?,"Venezia, Paris",,True,True,0,0.0,1.0,4.523374557495117,4.273318290710449,-4.523374557495117,ANSWERABLE_PREDICTED_EMPTY
0001-0004-0003,Thành phố nào được gọi là thành phố của Hai tình yêu?,,,False,True,1,1.0,1.0,2.603360652923584,6.097904682159424,-2.603360652923584,CORRECT_NO_ANSWER
0001-0005-0001,Nguồn gốc tên gọi Paname bắt nguồn từ đâu?,những chiếc mũ panama,,True,True,0,0.0,1.0,4.115467071533203,4.555332183837891,-4.115467071533203,ANSWERABLE_PREDICTED_EMPTY
0001-0005-0002,Nguồn gốc tên gọi Mỹ bắt nguồn từ đâu?,,,False,True,1,1.0,1.0,4.753951072692871,3.9552392959594727,-4.753951072692871,CORRECT_NO_ANSWER
0001-0005-0003,"Ngọai trừ cái tên Paname, Paris còn có tên gọi khác là gì?",Pantruche,,True,True,0,0.0,1.0,1.8915915489196777,6.685202121734619,-1.8915915489196777,ANSWERABLE_PREDICTED_EMPTY
0001-0006-0001,Con sông nào nằm phía nam Paris?,,,False,True,1,1.0,1.0,3.998249053955078,4.738130569458008,-3.998249053955078,CORRECT_NO_ANSWER
0001-0006-0002,Công trình nào nằm trên đỉnh Montmartre?,nhà thờ Saint-Pierre,đồi Montmartre,True,False,0,0.0,1.0,1.3514175415039062,7.325767517089844,-1.3514175415039062,WRONG_SPAN
0001-0006-0003,Hai nằm giữa Paris trên dòng sông Sen có tên là gì?,Île de la Cité ở phía tây và Île Saint-Louis ở phía đông,,True,True,0,0.0,1.0,3.687851905822754,5.02690315246582,-3.687851905822754,ANSWERABLE_PREDICTED_EMPTY
0001-0006-0004,Con sông nào nằm trong lòng Paris?,Seine,,True,True,0,0.0,1.0,3.90234375,4.826379776000977,-3.90234375,ANSWERABLE_PREDICTED_EMPTY
0001-0006-0005,Hai đảo nằm giữa Seine trên dòng sông Paris có tên là gì?,,Île de la Cité ở phía tây và Île Saint-Louis ở phía đông,False,False,0,0.0,1.0,0.1907367706298828,8.332256317138672,-0.1907367706298828,UNANSWERABLE_FALSE_POSITIVE
0001-0006-0006,Montparnasse nằm ở phía nào của Paris?,phía nam,Montparnasse cao 66 m; Butte aux Cailles 63 m; đồi Sainte-Geneviève 61 m,True,False,0,0.0,1.0,-0.49921131134033203,8.788677215576172,0.49921131134033203,WRONG_SPAN
0001-0006-0007,Công trình nào nằm dưới đỉnh Montmartre?,,đồi Montmartre,False,False,0,0.0,1.0,1.4989023208618164,7.1768903732299805,-1.4989023208618164,UNANSWERABLE_FALSE_POSITIVE
0001-0007-0001,Cách giới hạn nội ô Paris được thay đổi thế nào sau khỏang 150 năm tính từ ngày bức tường thành Thiers được sử dụng cho việc này?,phân định với ngọai ô bằng các đại lộ vành đai dài 35 km,nội ô Paris,True,False,0,0.11764705882352941,1.0,0.29386138916015625,8.318130493164062,-0.29386138916015625,SPAN_TOO_SHORT
0001-0007-0002,"Năm 1844, ngọai ô và nội ô Paris được sát nhập bằng gì?",,các đại lộ vành đai dài 35 km,False,False,0,0.0,1.0,-1.1912670135498047,8.951324462890625,1.1912670135498047,UNANSWERABLE_FALSE_POSITIVE
0001-0007-0003,"Ngày nay, muốn từ nội ô sang ngọai ô Paris, ta thường phải băng qua đâu?",các đại lộ vành đai,,True,True,0,0.0,1.0,1.8363513946533203,6.933852195739746,-1.8363513946533203,ANSWERABLE_PREDICTED_EMPTY
0001-0007-0004,Rừng Vincennes nằm ở đâu của Paris?,Quận 12 ở phía Đông,rừng Vincennes rộng 995 hecta thuộc Quận 12 ở phía Đông,True,False,0,0.625,1.0,0.5034694671630859,7.936699867248535,-0.5034694671630859,SPAN_TOO_LONG
0001-0007-0005,"Năm 1844, ngọai ô và nội ô Paris được ngăn cách bằng gì?",bức tường thành Thiers,bức tường thành Thiers,True,False,1,1.0,1.0,-2.6732468605041504,10.322905540466309,2.6732468605041504,CORRECT
0001-0007-0006,Rừng Paris nằm ở đâu của Vincennes?,,rừng Vincennes,False,False,0,0.0,1.0,1.2438745498657227,7.3208465576171875,-1.2438745498657227,UNANSWERABLE_FALSE_POSITIVE
0001-0008-0001,Bồn Paris là nơi khởi nguồn của nhiều thuyết địa chất nổi tiếng nào?,cổ sinh vật học và giải phẫu so sánh của Georges Cuvier,,True,True,0,0.0,1.0,3.884380340576172,4.855867385864258,-3.884380340576172,ANSWERABLE_PREDICTED_EMPTY
0001-0008-0002,Đâu được xem là nguyên nhân khởi nguồn cho sự hình thành lưu vực sông Seine?,sự tạo thành của dãy Alps,bồn Paris,True,False,0,0.0,1.0,1.714940071105957,6.8325042724609375,-1.714940071105957,WRONG_SPAN
0001-0008-0003,Vì sao các cửa bồn Paris mở khóa lại?,,,False,True,1,1.0,1.0,3.7372007369995117,5.016182899475098,-3.7372007369995117,CORRECT_NO_ANSWER
0001-0008-0004,Sự kiện nào đánh dấu sự hình thành của lưu vực sông Paris và sông Seine?,,bồn Paris,False,False,0,0.0,1.0,-1.228804588317871,9.106571197509766,1.228804588317871,UNANSWERABLE_FALSE_POSITIVE
0001-0008-0005,Bản đồ địa chất được bắt đầu vẽ ở đâu?,Bồn Paris,Bồn Paris,True,False,1,1.0,1.0,1.3735074996948242,7.273768424987793,-1.3735074996948242,CORRECT
0001-0008-0006,Bồn Paris nằm trên bồn những núi nào từ thời Paleozoic?,"khối núi Vosges, khối núi Massif central, khối núi Armorica",,True,True,0,0.0,1.0,3.1252779960632324,5.443877696990967,-3.1252779960632324,ANSWERABLE_PREDICTED_EMPTY
0001-0008-0007,Bồn Paleozoic nằm trên bồn những núi nào từ thời Paris?,,,False,True,1,1.0,1.0,2.056044101715088,6.527562618255615,-2.056044101715088,CORRECT_NO_ANSWER
0001-0008-0008,Bản đồ Đại Tây Dương được bắt đầu vẽ ở đâu?,,,False,True,1,1.0,1.0,2.013373851776123,6.662159442901611,-2.013373851776123,CORRECT_NO_ANSWER
0001-0008-0009,Sự kiện nào đánh dấu sự hình thành của lưu vực sông Loire và sông Seine?,"bồn Paris bị đóng lại, chỉ còn mở ra phía biển Manche và Đại Tây Dương",bồn Paris,True,False,0,0.2222222222222222,1.0,-2.728426456451416,9.802022933959961,2.728426456451416,SPAN_TOO_SHORT
0001-0008-0010,Vì sao các cửa bồn Paris bị khóa lại?,báo trước cho sự hình thành lưu vực sông Loire và sông Seine,,True,True,0,0.0,1.0,3.8158559799194336,4.945069313049316,-3.8158559799194336,ANSWERABLE_PREDICTED_EMPTY
0001-0009-0001,"Ở Paris, CaSO4.2H2O được khai thác nhiều ở đâu?",Montmartre và Bagneux,,True,True,0,0.0,1.0,4.067602634429932,4.773261547088623,-4.067602634429932,ANSWERABLE_PREDICTED_EMPTY
0001-0009-0002,Việc khai thác cát bên sông Sen đã dừng từ lúc nào?,,,False,True,1,1.0,1.0,5.358569622039795,3.540463924407959,-5.358569622039795,CORRECT_NO_ANSWER
0001-0009-0003,Việc khai thác CaCO3 đã từ lâu được di dời từ sông Sen đến đâu?,Oise,,True,True,0,0.0,1.0,4.684786319732666,4.227843761444092,-4.684786319732666,ANSWERABLE_PREDICTED_EMPTY
0001-0009-0004,Sau thế kỷ 15 đá vôi được khai thác nhiều ở đâu trong Paris?,Oise,"Đá vôi được khai thác cho tới thế kỷ 14 ở tả ngạn sông Seine, từ quảng trường Italie tới phố Vaugirard. Ngày nay sự khai thác chuyển về Oise",True,False,0,0.06451612903225806,1.0,1.712986946105957,6.811615943908691,-1.712986946105957,SPAN_TOO_LONG
0001-0009-0005,"Ở Hầm mộ Paris, CaSO4.2H2O được khai thác nhiều ở đâu?",,"đá vôi, thạch cao và đá vôi silic",False,False,0,0.0,1.0,1.6793065071105957,6.835557460784912,-1.6793065071105957,UNANSWERABLE_FALSE_POSITIVE
0001-0009-0006,Việc khai thác đá vôi bên sông Sen đã dừng từ lúc nào?,thế kỷ 14,,True,True,0,0.0,1.0,4.765830993652344,4.101130485534668,-4.765830993652344,ANSWERABLE_PREDICTED_EMPTY
0001-0009-0007,Việc lọai bỏ cặn CaCO3 đã từ lâu được di dời từ sông Sen đến đâu?,,,False,True,1,1.0,1.0,4.983644723892212,3.9530293941497803,-4.983644723892212,CORRECT_NO_ANSWER
0001-0009-0008,Tầng Lutetia được cô đọng bởi gì?,thạch cao và đá vôi,tầng Lutetia với các lớp đọng giàu thạch cao và đá vôi,True,False,0,0.5882352941176471,1.0,0.29765796661376953,8.093864440917969,-0.29765796661376953,SPAN_TOO_LONG
0001-0009-0009,Thành phần bên trong lòng đất Paris chủ yếu là gì?,"đá vôi, thạch cao và đá vôi silic","đá vôi, thạch cao và đá vôi silic",True,False,1,1.0,1.0,0.9983749389648438,7.461637496948242,-0.9983749389648438,CORRECT
0001-0010-0001,Nơi nào nằm trên kênh Seine nối liền bồn Villette và thượng lưu sông Saint-Martin?,,Kênh Saint-Martin,False,False,0,0.0,1.0,-2.6253604888916016,10.091297149658203,2.6253604888916016,UNANSWERABLE_FALSE_POSITIVE
0001-0010-0002,Điểm cuối của kênh Saint-Denis ở đâu?,sông Seine ở phần hạ lưu,Kênh Saint-Martin,True,False,0,0.0,1.0,1.184647560119629,7.354557991027832,-1.184647560119629,WRONG_SPAN
0001-0010-0003,Nơi nào nằm trên kênh Saint-Martin nối liền bồn Villette và thượng lưu sông Seine?,phố Faubourg-du-Temple ở quảng trường Bastille,Saint-Denis,True,False,0,0.0,1.0,-1.267531394958496,9.030500411987305,1.267531394958496,WRONG_SPAN
0001-0010-0004,"Trừ dòng sông Seine, dòng chảy nào qua Paris có phần lộ thiên?",Saint-Martin,"Sông Bièvre phía nam, ngày nay ngầm hòan tòan dưới đất. Kênh Saint-Martin",True,False,0,0.25,1.0,1.6186561584472656,6.736106872558594,-1.6186561584472656,SPAN_TOO_LONG
0001-0010-0005,"Dựa theo bản đồ sông Sen, Paris có hình dạng gì?",,,False,True,1,1.0,1.0,4.068550109863281,4.706577301025391,-4.068550109863281,CORRECT_NO_ANSWER
0001-0010-0006,"Dựa theo bản đồ Paris, sông Sen có hình dạng gì?",cánh cung,,True,True,0,0.0,1.0,3.3126511573791504,5.488118648529053,-3.3126511573791504,ANSWERABLE_PREDICTED_EMPTY
0001-0011-0001,Khí hậu châu Âu có đặc điểm gì?,,,False,True,1,1.0,1.0,2.942493438720703,5.582406997680664,-2.942493438720703,CORRECT_NO_ANSWER
0001-0011-0002,Thời điểm nào nhiệt độ Paris đạt mức cao nhất?,ngày 28 tháng 6 năm 1948,,True,True,0,0.0,1.0,3.1332130432128906,5.488173484802246,-3.1332130432128906,ANSWERABLE_PREDICTED_EMPTY
0001-0011-0003,Nguyên nhân chủ yếu nào tạo nên khí hậu của châu Âu?,,,False,True,1,1.0,1.0,2.6954870223999023,5.918808937072754,-2.6954870223999023,CORRECT_NO_ANSWER
0001-0011-0004,Khí hậu Paris có đặc điểm gì?,"mùa hè mát, trung bình 18°C; mùa đông không quá lạnh, trung bình 6 °C; các mùa đều mưa nhiều và thời tiết thất thường",,True,True,0,0.0,1.0,2.3216538429260254,6.1959357261657715,-2.3216538429260254,ANSWERABLE_PREDICTED_EMPTY
0001-0011-0005,Thời điểm nào nhiệt độ châu Âu đạt mức cao nhất?,,,False,True,1,1.0,1.0,3.9382786750793457,4.688333034515381,-3.9382786750793457,CORRECT_NO_ANSWER
0001-0011-0006,Nguyên nhân chủ yếu nào tạo nên khí hậu của Paris?,đại dương,khí hậu Paris cũng đôi khi đột biến,True,False,0,0.0,1.0,1.5968289375305176,6.919602870941162,-1.5968289375305176,WRONG_SPAN
0001-0012-0001,Ai là người đã chọn Paris làm thủ đô cho nước Pháp?,Clovis I,,True,True,0,0.0,1.0,5.183406114578247,3.5260121822357178,-5.183406114578247,ANSWERABLE_PREDICTED_EMPTY
0001-0012-0002,Paris trở thành nơi thịnh vượng nhất châu Âu vào thời kì nào?,thế kỷ 17,,True,True,0,0.0,1.0,4.9264984130859375,3.719625473022461,-4.9264984130859375,ANSWERABLE_PREDICTED_EMPTY
0001-0012-0003,Châu Âu trở thành nơi thịnh vượng nhất Paris vào thời kì nào?,,,False,True,1,1.0,1.0,5.071159362792969,3.6122913360595703,-5.071159362792969,CORRECT_NO_ANSWER
0001-0012-0004,Paris bị Đế quốc Roma chiếm đóng vào thời điểm nào?,thế kỷ 1,,True,True,0,0.0,1.0,5.307924032211304,3.3986895084381104,-5.307924032211304,ANSWERABLE_PREDICTED_EMPTY
0001-0012-0005,Cuộc cách mạng Pháp lần đầu tiên diễn ra ở đâu?,Paris,,True,True,0,0.0,1.0,2.843292236328125,5.769990921020508,-2.843292236328125,ANSWERABLE_PREDICTED_EMPTY
0001-0012-0006,Ai là những người dân đầu tiên sống ở Paris?,người Parisii,,True,True,0,0.0,1.0,6.167433738708496,2.5599584579467773,-6.167433738708496,ANSWERABLE_PREDICTED_EMPTY
0001-0013-0001,Con người lần đầu xuất hiện ở Paris vào lúc nào?,40.000 năm,,True,True,0,0.0,1.0,5.669942378997803,3.073366641998291,-5.669942378997803,ANSWERABLE_PREDICTED_EMPTY
0001-0013-0002,Dựa vào đâu cho thấy con người đã sống ở Sông Sen 4000 năm trước?,,,False,True,1,1.0,1.0,4.794840097427368,3.8536689281463623,-4.794840097427368,CORRECT_NO_ANSWER
0001-0013-0003,Con người bắt đầu tập trung cư trú nhiều bên Sen vào lúc nào?,khỏang năm 4.000 đến 3.800 trước Công Nguyên,,True,True,0,0.0,1.0,5.982431888580322,2.779902935028076,-5.982431888580322,ANSWERABLE_PREDICTED_EMPTY
0001-0013-0004,Con người Paris lần đầu xuất hiện vào lúc nào?,,,False,True,1,1.0,1.0,5.769842863082886,2.998244524002075,-5.769842863082886,CORRECT_NO_ANSWER
0001-0013-0005,Dựa vào đâu cho thấy con người đã sống ở Sông Sen 40000 năm trước?,những công cụ đá được tìm thấy ở bờ sông Seine,,True,True,0,0.0,1.0,5.40984582901001,3.2846951484680176,-5.40984582901001,ANSWERABLE_PREDICTED_EMPTY
0001-0014-0001,Lutetia có hình dáng như thế nào vào những thế kỷ đầu sau Công nguyên?,Hippodamos,Lutetia được đổi tên thành Paris,True,False,0,0.0,1.0,1.2670469284057617,7.575131416320801,-1.2670469284057617,WRONG_SPAN
0001-0014-0002,Roma có tên gì sau khi bị xâm chiếm bởi đế chế Paris?,,Lutetia được đổi tên thành Paris,False,False,0,0.0,1.0,0.20918560028076172,8.498165130615234,-0.20918560028076172,UNANSWERABLE_FALSE_POSITIVE
0001-0014-0003,Ai đã kêu gọi người dân Mông Cổ không bỏ xứ trong cuộc tấn công của người Paris?,,,False,True,1,1.0,1.0,2.0106725692749023,6.748684883117676,-2.0106725692749023,CORRECT_NO_ANSWER
0001-0014-0004,Ai đã kêu gọi người dân Paris không bỏ xứ trong cuộc tấn công của người Mông Cổ?,Thánh Geneviève,Thánh Geneviève,True,False,1,1.0,1.0,0.5513973236083984,8.059062957763672,-0.5513973236083984,CORRECT
0001-0014-0005,Ai đã mang Kito giáo vào Paris?,Thánh Denis,Lutetia được đổi tên thành Paris,True,False,0,0.0,1.0,1.039341926574707,7.675179481506348,-1.039341926574707,WRONG_SPAN
0001-0014-0006,Paris có tên gì sau khi bị xâm chiếm bởi đế chế Roma?,Lutetia,Lutetia được đổi tên thành Paris,True,False,0,0.2857142857142857,1.0,-0.4452505111694336,8.9924955368042,0.4452505111694336,SPAN_TOO_LONG
0001-0015-0001,Cuộc chiến tranh Paris và người Viking đã chấm dứt như thế nào?,hòa ước Saint-Clair-sur-Epte năm 911,,True,True,0,0.0,1.0,2.721134662628174,5.967648983001709,-2.721134662628174,ANSWERABLE_PREDICTED_EMPTY
0001-0015-0002,Những chiến binh Paris đã tấn công Viking lần đầu vào lúc nào?,,,False,True,1,1.0,1.0,2.4113168716430664,6.103263854980469,-2.4113168716430664,CORRECT_NO_ANSWER
0001-0015-0003,Cuộc chiến tranh Attila và người Viking đã chấm dứt như thế nào?,,,False,True,1,1.0,1.0,3.548452377319336,5.137580871582031,-3.548452377319336,CORRECT_NO_ANSWER
0001-0015-0004,Ai đã cai trị Attila sau khi giải phóng khỏi Paris?,,Clovis I,False,False,0,0.0,1.0,1.7861590385437012,6.790106296539307,-1.7861590385437012,UNANSWERABLE_FALSE_POSITIVE
0001-0015-0005,Những chiến binh Viking đã tấn công Paris lần đầu vào lúc nào?,Năm 845,Năm 845,True,False,1,1.0,1.0,1.541614055633545,6.887238025665283,-1.541614055633545,CORRECT
0001-0015-0006,Ai là người cai trị Paris sau thời Childéric I?,Clovis I,Clovis I,True,False,1,1.0,1.0,1.0258455276489258,7.556639671325684,-1.0258455276489258,CORRECT
0001-0015-0007,Ai đã cai trị Paris sau khi giải phóng khỏi Attila?,Childéric I,,True,True,0,0.0,1.0,1.8701395988464355,6.71525239944458,-1.8701395988464355,ANSWERABLE_PREDICTED_EMPTY
0001-0016-0001,Paris đã trở lại làm thủ đô từ vua nào lên ngôi?,Louis VI,"vua Louis VI, rồi Philippe Auguste",True,False,0,0.5,1.0,0.9786443710327148,7.645733833312988,-0.9786443710327148,SPAN_TOO_LONG
0001-0016-0002,Paris đã phát triển lớn mạnh hơn Orléans vào lúc nào?,thế kỷ 11,,True,True,0,0.0,1.0,4.8206000328063965,4.042938709259033,-4.8206000328063965,ANSWERABLE_PREDICTED_EMPTY
0001-0016-0003,Capet đã chọn nơi nào để tập trung?,,,False,True,1,1.0,1.0,4.4555182456970215,4.432251453399658,-4.4555182456970215,CORRECT_NO_ANSWER
0001-0016-0004,Capet đã chọn nơi nào để đóng đô?,Orléans,,True,True,0,0.0,1.0,4.782188892364502,4.107369899749756,-4.782188892364502,ANSWERABLE_PREDICTED_EMPTY
0001-0017-0001,Thành phố nào tập trung đông người nhất lục địa già vào thế kỷ XIV?,Paris,,True,True,0,0.0,1.0,3.735727310180664,5.0296478271484375,-3.735727310180664,ANSWERABLE_PREDICTED_EMPTY
0001-0017-0002,Bên bờ phải sông Sen đã phát triển mạnh về họat động gì vào thế kỉ XII?,thương mại và tài chính,,True,True,0,0.0,1.0,4.797295093536377,4.116052150726318,-4.797295093536377,ANSWERABLE_PREDICTED_EMPTY
0001-0017-0003,Paris đã thành đầu não chính trị và tôn giáo sau công trình gì?,nhà thờ Đức Bà,nhà thờ Đức Bà,True,False,1,1.0,1.0,-0.310943603515625,8.538080215454102,0.310943603515625,CORRECT
0001-0017-0004,Bên bờ trái sông Sen đã phát triển mạnh về họat động gì vào thế kỉ II?,,,False,True,1,1.0,1.0,4.648771286010742,4.2633209228515625,-4.648771286010742,CORRECT_NO_ANSWER
0001-0017-0005,Vì sao vua Charles V cho xây dựng bức tường thành từcầu Pont Royal tới cửa ô Saint-Denis?,nạn dịch hạch đen,nạn dịch hạch đen,True,False,1,1.0,1.0,0.7245402336120605,7.907530307769775,-0.7245402336120605,CORRECT
0001-0017-0006,Bên bờ trái sông Sen đã phát triển mạnh về họat động gì vào thế kỉ XII?,giáo dục,,True,True,0,0.0,1.0,4.677531719207764,4.235846996307373,-4.677531719207764,ANSWERABLE_PREDICTED_EMPTY
0001-0018-0001,Ai đã nắm giữ Pháp trong chiến tranh Paris-Anh thế kỷ XIV?,,,False,True,1,1.0,1.0,5.431764125823975,3.280947208404541,-5.431764125823975,CORRECT_NO_ANSWER
0001-0018-0002,Ai đã nắm giữ Paris trong chiến tranh Pháp-Anh thế kỷ XIV?,người Anh,,True,True,0,0.0,1.0,4.064244270324707,4.614398956298828,-4.064244270324707,ANSWERABLE_PREDICTED_EMPTY
0001-0018-0003,Trong chiến tranh trăm năm ai đã nổi dậy gây nên biến động lịch sử?,quan thái thú Étienne Marcel,,True,True,0,0.0,1.0,5.303582191467285,3.3992719650268555,-5.303582191467285,ANSWERABLE_PREDICTED_EMPTY
0001-0018-0004,Vì sao vua di chuyển đến Hôtel Saint-Pol?,dễ dàng thóat khi có binh biến,các vị vua không còn ở trong trung tâm thành,True,False,0,0.0,1.0,0.4647555351257324,7.872559070587158,-0.4647555351257324,WRONG_SPAN
0001-0019-0001,Vua Henry IV tên thật là gì?,Henri de Navarre,vua Henri III,True,False,0,0.3333333333333333,1.0,1.7836236953735352,6.9986419677734375,-1.7836236953735352,PARTIAL_SPAN
0001-0019-0002,Thế lực nào đã xung đột với vua Henry III?,Giáo hội Pháp,,True,True,0,0.0,1.0,4.800166130065918,4.065176963806152,-4.800166130065918,ANSWERABLE_PREDICTED_EMPTY
0001-0019-0003,Henry IV đã không thể quay lại Paris cho đến năm nào?,1594,,True,True,0,0.0,1.0,5.05643892288208,3.689025402069092,-5.05643892288208,ANSWERABLE_PREDICTED_EMPTY
0001-0019-0004,"Trong ngày lễ Thánh Barthelemy, có bao nhiêu tín đồ Tin Lành bị Kito giáo giết?",2 ngàn tới 10 ngàn,,True,True,0,0.0,1.0,5.581709384918213,3.332174777984619,-5.581709384918213,ANSWERABLE_PREDICTED_EMPTY
0001-0019-0005,Từ 1562 tới 1598 có mấy cuộc xung đột tôn giáo lớn xảy ra ở Paris?,8,8 cuộc xung đột liên tiếp,True,False,0,0.2857142857142857,1.0,-1.2566862106323242,9.557315826416016,1.2566862106323242,SPAN_TOO_LONG
0001-0019-0006,Từ 1572 tới 1598 có mấy cuộc xung đột tôn giáo lớn xảy ra ở Paris?,,8 cuộc xung đột liên tiếp,False,False,0,0.0,1.0,0.06257247924804688,8.447978973388672,-0.06257247924804688,UNANSWERABLE_FALSE_POSITIVE
0001-0019-0007,"Trong ngày lễ Tin Lành, có bao nhiêu tín đồ Thánh Barthelemy bị Kito giáo giết?",,,False,True,1,1.0,1.0,5.572972059249878,3.3392326831817627,-5.572972059249878,CORRECT_NO_ANSWER
0001-0019-0008,Vua Henry tên thật là gì?,,,False,True,1,1.0,1.0,2.05869722366333,6.7591071128845215,-2.05869722366333,CORRECT_NO_ANSWER
0001-0020-0001,Cung điện Tuileries nằm ở đâu?,Palais-Royal,vị vua trẻ Louis XV sống tại cung điện Tuileries,True,False,0,0.0,1.0,-0.19971895217895508,7.923135280609131,0.19971895217895508,WRONG_SPAN
0001-0020-0002,Ai đã thay Louis XIV điều hành Paris?,Jean-Baptiste,,True,True,0,0.0,1.0,5.547049522399902,2.948563575744629,-5.547049522399902,ANSWERABLE_PREDICTED_EMPTY
0001-0020-0003,Vị vua đầu tiên nào đã chuyển từ cung điện ở Paris sang ở Versailles?,Louis XIII,,True,True,0,0.0,1.0,2.7883338928222656,5.637105941772461,-2.7883338928222656,ANSWERABLE_PREDICTED_EMPTY
0001-0020-0004,Cung điện Paris nằm ở đâu?,,,False,True,1,1.0,1.0,4.141131401062012,4.432287216186523,-4.141131401062012,CORRECT_NO_ANSWER
0001-0021-0001,Cực Nam của Paris lúc thế kỷ XVIII là gì?,,,False,True,1,1.0,1.0,6.460507392883301,2.3903188705444336,-6.460507392883301,CORRECT_NO_ANSWER
0001-0021-0002,Cực Tây của Paris lúc thế kỷ XVIII là gì?,vườn Luxembourg,,True,True,0,0.0,1.0,6.629098892211914,2.202777862548828,-6.629098892211914,ANSWERABLE_PREDICTED_EMPTY
0001-0021-0003,Nhà thờ Sainte-Geneviève nằm ở đâu?,Paris,Điện Panthéon,True,False,0,0.0,1.0,-4.105966567993164,10.34620475769043,4.105966567993164,WRONG_SPAN
0001-0021-0004,Vì sao dù đã chuyển đến Versailles nhưng Louis XV đã cho kiến thiết nhiều công trình kiến trúc ở Paris?,Louis XV vẫn yêu thích thành phố,quảng trường Louis XV,True,False,0,0.36363636363636365,1.0,-0.6796989440917969,8.35409164428711,0.6796989440917969,SPAN_TOO_SHORT
0001-0022-0001,Vì sao nhà vua phải bỏ cung điện owrVersailles để về Paris?,những người nổi dậy tới Versailles,,True,True,0,0.0,1.0,2.518616199493408,6.08854341506958,-2.518616199493408,ANSWERABLE_PREDICTED_EMPTY
0001-0022-0002,Ai là người có mức tài sản cao nhất Paris thời gian sau khi bỏ chế độ phong kiến?,,,False,True,1,1.0,1.0,6.0814337730407715,2.656881809234619,-6.0814337730407715,CORRECT_NO_ANSWER
0001-0022-0003,Versailles dùng để làm gì sau khi nhà vua bị đuổi khỏi đó?,Quốc hội lập hiến,,True,True,0,0.0,1.0,2.9909515380859375,5.608562469482422,-2.9909515380859375,ANSWERABLE_PREDICTED_EMPTY
0001-0022-0004,Ai là người có quyền lực cao nhất Paris thời gian sau khi bỏ chế độ phong kiến?,Quốc hội,,True,True,0,0.0,1.0,6.1449456214904785,2.571998119354248,-6.1449456214904785,ANSWERABLE_PREDICTED_EMPTY
0001-0023-0001,Vì sao Louis trở thành vị vua không ngai?,Đa số vẫn ủng hộ chế độ quân chủ,,True,True,0,0.0,1.0,3.913830280303955,4.942201137542725,-3.913830280303955,ANSWERABLE_PREDICTED_EMPTY
0001-0023-0002,Pháp chính thức không theo chế độ quân chủ vào lúc nào?,Ngày 21 tháng 9 năm 1792,,True,True,0,0.0,1.0,2.8915023803710938,5.937334060668945,-2.8915023803710938,ANSWERABLE_PREDICTED_EMPTY
0001-0023-0003,Sự kiện nào đánh dấu mốc chấm dứt cho chế độ quân chủ lập hiến ở Pháp?,Louis XVI bị hành quyết,,True,True,0,0.0,1.0,2.839087963104248,5.68627405166626,-2.839087963104248,ANSWERABLE_PREDICTED_EMPTY
0001-0023-0004,Mục đích của ngày lễ Fédération là gì?,mừng một năm ngày phá ngục Bastille,,True,True,0,0.0,1.0,4.364502906799316,4.574589729309082,-4.364502906799316,ANSWERABLE_PREDICTED_EMPTY
0001-0023-0005,Vì sao Pháp xảy ra chiến tranh với Áo vào thập niên cuối thế kỷ XVIII?,Tình hình chính trị rối lọan,,True,True,0,0.0,1.0,3.2805614471435547,5.586786270141602,-3.2805614471435547,ANSWERABLE_PREDICTED_EMPTY
0001-0023-0006,Pháp chính thức theo chế độ quân chủ vào lúc nào?,,Cộng hòa,False,False,0,0.0,1.0,1.7574710845947266,7.074729919433594,-1.7574710845947266,UNANSWERABLE_FALSE_POSITIVE
0001-0024-0001,Đường sắt đầu tiên của Pháp là cầu nối hai nơi nào?,Paris với Saint-Germain-en-Laye,"tuyến đường sắt đầu tiên của Pháp hòan thành, nối Paris với Saint-Germain-en-Laye",True,False,0,0.5454545454545454,1.0,1.2709779739379883,7.2507123947143555,-1.2709779739379883,SPAN_TOO_LONG
0001-0024-0002,Những nhà văn nào đã phản ánh lên tình hình xã hội Pháp thời đó?,"Balzac, Victor Hugo hay Eugène Sue",,True,True,0,0.0,1.0,4.471590042114258,4.3160400390625,-4.471590042114258,ANSWERABLE_PREDICTED_EMPTY
0001-0024-0003,Cái gì là bước đệm mở ra thời đường sắt ở Pháp?,"Các nhà ga Saint-Lazare, Gare du Nord, các tuyến đường sắt Paris-Orléans, Paris-Rouen được xây dựng",,True,True,0,0.0,1.0,2.0313034057617188,6.600643157958984,-2.0313034057617188,ANSWERABLE_PREDICTED_EMPTY
0001-0024-0004,Những nhà văn nào đã phản ánh lên tình hình xã hội Pháp thời nay?,,,False,True,1,1.0,1.0,3.98464298248291,4.7878522872924805,-3.98464298248291,CORRECT_NO_ANSWER
0001-0024-0005,Cái gì là bước đệm mở ra thời đường bộ ở Pháp?,,,False,True,1,1.0,1.0,3.2199807167053223,5.545321941375732,-3.2199807167053223,CORRECT_NO_ANSWER
0001-0025-0001,Paris có sự lột xác mạnh mẽ từ phong cách mới sang diện mạo cổ xưa vào lúc nào?,,,False,True,1,1.0,1.0,3.8893470764160156,4.744743347167969,-3.8893470764160156,CORRECT_NO_ANSWER
0001-0025-0002,Paris từ 12 quận tăng thêm 8 quận vào lúc nào?,Ngày 1 tháng năm 1860,Paris trở thành 20 quận,True,False,0,0.0,1.0,1.3489341735839844,6.909795761108398,-1.3489341735839844,WRONG_SPAN
0001-0025-0003,Ai là người đã lên kế họach tái kiến thiết Paris?,Napoléon III cùng Nam tước Haussmann,,True,True,0,0.0,1.0,3.248689651489258,5.371562957763672,-3.248689651489258,ANSWERABLE_PREDICTED_EMPTY
0001-0025-0004,Paris có sự lột xác mạnh mẽ từ phong cách cổ xưa sang diện mạo mới vào lúc nào?,thời Napoléon III,,True,True,0,0.0,1.0,3.950418472290039,4.6820878982543945,-3.950418472290039,ANSWERABLE_PREDICTED_EMPTY
0001-0026-0001,Thời kỳ thịnh vượng của Belle Époque được biểu hiện qua sự kiện gì?,Hai cuộc triển lãm thế giới vào năm 1889 và 1900,,True,True,0,0.0,1.0,4.8451032638549805,4.083184242248535,-4.8451032638549805,ANSWERABLE_PREDICTED_EMPTY
0001-0026-0002,Paris trở thành trung tâm văn hóa thế giới vào thời gian nào?,Belle Époque,,True,True,0,0.0,1.0,2.4620466232299805,6.353940963745117,-2.4620466232299805,ANSWERABLE_PREDICTED_EMPTY
0001-0026-0003,Tàu điện ngầm đầu tiên của Pháp nối liền những nơi nào?,"Grand Palais, Petit Palais và cầu Alexandre-III","Tuyến tàu điện ngầm đầu tiên cùng Grand Palais, Petit Palais và cầu Alexandre-III",True,False,0,0.6956521739130436,1.0,-1.0985641479492188,9.620052337646484,1.0985641479492188,SPAN_TOO_LONG
0001-0026-0004,Tàu điện ngầm thứ hai của Pháp nối liền những nơi nào?,,"Tuyến tàu điện ngầm đầu tiên cùng Grand Palais, Petit Palais và cầu Alexandre-III",False,False,0,0.0,1.0,0.7536220550537109,8.097970962524414,-0.7536220550537109,UNANSWERABLE_FALSE_POSITIVE
0001-0026-0005,Công trình nổi tiếng nào được xây dựng để đánh dấu 100 năm cách mạng Pháp?,Tháp Eiffel,"Tháp Eiffel xây dựng nhân triển lãm năm 1889, kỷ niệm 100 năm Cách mạng Pháp. Tuyến tàu điện ngầm đầu tiên cùng Grand Palais, Petit Palais và cầu Alexandre-III",True,False,0,0.12121212121212122,1.0,-1.677215576171875,9.254349708557129,1.677215576171875,SPAN_TOO_LONG
0001-0026-0006,Thế giới trở thành trung tâm văn hóa Paris vào thời gian nào?,,"Paris trở thành trung tâm văn hóa của thế giới. Thành phố sản sinh ra nhiều nghệ sĩ lớn cùng rất nhiều các nhà văn, họa sĩ nổi tiếng của Pháp và khắp nơi trên thế giới tới Paris",False,False,0,0.0,1.0,1.137183666229248,7.642824649810791,-1.137183666229248,UNANSWERABLE_FALSE_POSITIVE
0001-0026-0007,Công trình nào dựng lên nhiều sau sự xuất hiện của điện ảnh?,175 rạp chiếu phim,175 rạp chiếu phim được mở ở Paris,True,False,0,0.6666666666666666,1.0,-0.0957794189453125,8.771799087524414,0.0957794189453125,SPAN_TOO_LONG
0001-0026-0008,Công trình nổi tiếng nào được xây dựng để đánh dấu 175 năm cách mạng Pháp?,,Tháp Eiffel,False,False,0,0.0,1.0,-0.6080379486083984,8.948541641235352,0.6080379486083984,UNANSWERABLE_FALSE_POSITIVE
0001-0027-0001,Biện pháp nào dùng để giải quyết việc thiếu nhà ở của người dân?,chung cư bình dân được lập nên,,True,True,0,0.0,1.0,3.5474209785461426,5.196963787078857,-3.5474209785461426,ANSWERABLE_PREDICTED_EMPTY
0001-0027-0002,Trận lũ lớn nhất thế kỷ XX đã gây tổn thất cho Paris như thế nào?,ba tỷ franc,,True,True,0,0.0,1.0,4.881346225738525,3.877265453338623,-4.881346225738525,ANSWERABLE_PREDICTED_EMPTY
0001-0027-0003,Paris đã đối mặt với những khó khăn gì sau thế chiến I?,chịu các cuộc ném bom và nã pháo của quân đội Đức,,True,True,0,0.0,1.0,3.684865951538086,4.9799909591674805,-3.684865951538086,ANSWERABLE_PREDICTED_EMPTY
0001-0028-0001,Cuộc biểu tình của sinh viên đại học Nanterre xảy ra dưới thời tổng thống nào?,Charles de Gaulle,tổng thống Charles de Gaulle,True,False,0,0.7499999999999999,1.0,0.9919948577880859,7.300176620483398,-0.9919948577880859,SPAN_TOO_LONG
0001-0028-0002,Hình ảnh các nước trên thế giới đối với Paris như thế nào sau thế chiến II?,,,False,True,1,1.0,1.0,6.750154733657837,2.090501546859741,-6.750154733657837,CORRECT_NO_ANSWER
0001-0028-0003,Hình ảnh Paris đối với các nước trên thế giới như thế nào sau thế chiến II?,một biểu tượng của sự hòa giải,,True,True,0,0.0,1.0,6.816557168960571,2.0228326320648193,-6.816557168960571,ANSWERABLE_PREDICTED_EMPTY
0001-0028-0004,Cuộc biểu tình của sinh viên đại học Algérie xảy ra dưới thời tổng thống nào?,,tổng thống Charles de Gaulle,False,False,0,0.0,1.0,1.1589818000793457,7.16692590713501,-1.1589818000793457,UNANSWERABLE_FALSE_POSITIVE
0001-0028-0005,"Trong thời gian Charles de Gaulle làm tổng thống, có vấn đề nổi bật gì xảy ra?","Ngày 17 tháng 10 năm 1961, một cuộc biểu tình cho nền độc lập của Algérie bị cảnh sát đàn áp, ước tính 32 tới 325 người chết. Từ ngày 22 tháng 3 năm 1968, một phong trào sinh viên, bắt đầu từ Đại học Nanterre lan dần tới khu phố La Tinh trở thành một vụ bạo lọan",,True,True,0,0.0,1.0,5.457753658294678,3.3544774055480957,-5.457753658294678,ANSWERABLE_PREDICTED_EMPTY
0001-0028-0006,"Trong thời gian Charles làm tổng thống, có vấn đề nổi bật gì xảy ra?",,,False,True,1,1.0,1.0,5.834434270858765,3.001140832901001,-5.834434270858765,CORRECT_NO_ANSWER
0001-0029-0001,Cuộc diễu hành tòan quốc ở Pháp kéo dài 1 ngày trong tháng 2 năm 2015 diễn ra với mục đích gì?,,,False,True,1,1.0,1.0,4.311895370483398,4.403785705566406,-4.311895370483398,CORRECT_NO_ANSWER
0001-0029-0002,Đối tượng nào đã ra tay với tờ báo Charlie Hebdo vào năm 2015?,hai kẻ Hồi giáo cực đoan,,True,True,0,0.0,1.0,4.889721870422363,3.8831710815429688,-4.889721870422363,ANSWERABLE_PREDICTED_EMPTY
0001-0029-0003,Cuộc diễu hành tòan quốc ở Pháp kéo dài 2 ngày trong tháng 1 năm 2015 diễn ra với mục đích gì?,"tưởng niệm các nạn nhân của vụ tấn công Charlie Hebdo, vụ nổ súng tại Montrouge, và cuộc khủng hỏang con tin Porte de Vincennes, đồng thời lên tiếng ủng hộ cho tự do ngôn luận, tự do báo chí và chống chủ nghĩa khủng bố",,True,True,0,0.0,1.0,3.7918572425842285,4.8417439460754395,-3.7918572425842285,ANSWERABLE_PREDICTED_EMPTY
0001-0029-0004,Cuộc diễu hành lớn nhất ở Pháp sau thế chiến II diễn ra vào thời gian nào?,ngày 10 và 11 tháng 1 năm 2015,,True,True,0,0.0,1.0,5.602682113647461,3.1364011764526367,-5.602682113647461,ANSWERABLE_PREDICTED_EMPTY
0001-0030-0001,Đặc điểm của các ngành kinh doanh ở Paris là gì?,"đa dạng, không đặc trưng",,True,True,0,0.0,1.0,4.192135810852051,4.6261091232299805,-4.192135810852051,ANSWERABLE_PREDICTED_EMPTY
0001-0030-0002,Đặc điểm nổi bật của kinh tế Los Angeles là gì?,ngành công nghiệp giải trí,,True,True,0,0.0,1.0,4.247678279876709,4.653141498565674,-4.247678279876709,ANSWERABLE_PREDICTED_EMPTY
0001-0030-0003,Những mặt hàng nào đem lại lợi nhuận lớn nhất của công nghiệp Paris?,"sản xuất hàng tiêu dùng, xây dựng, xe hơi, năng lượng",,True,True,0,0.0,1.0,4.749846458435059,3.9905786514282227,-4.749846458435059,ANSWERABLE_PREDICTED_EMPTY
0001-0030-0004,Cơ cấu nguồn dân lực ở Paris tập trung vào lĩnh vực nào nhiều nhất?,dịch vụ,,True,True,0,0.0,1.0,4.105029582977295,4.61632776260376,-4.105029582977295,ANSWERABLE_PREDICTED_EMPTY
0001-0030-0005,Đặc điểm của các ngành kinh doanh ở France là gì?,,,False,True,1,1.0,1.0,4.118167877197266,4.691408157348633,-4.118167877197266,CORRECT_NO_ANSWER
0001-0030-0006,Cơ cấu nguồn dân lực ở Los Angeles tập trung vào lĩnh vực nào nhiều nhất?,,,False,True,1,1.0,1.0,4.529021263122559,4.283382415771484,-4.529021263122559,CORRECT_NO_ANSWER
0001-0031-0001,Nguồn thu nhập của dân lao động chênh lệch như thế nào ở Pháp?,10% những nhân công hưởng lương cao nhất nhận được gấp bốn lần 10% hưởng lương thấp nhất,,True,True,0,0.0,1.0,4.371065139770508,4.484682083129883,-4.371065139770508,ANSWERABLE_PREDICTED_EMPTY
0001-0031-0002,Mức lương trung bình của người lao động ở Pháp năm 2002 là bao nhiêu?,"13,1 euro một giờ",mức lương trung bình ở Paris là 19 euro một giờ,True,False,0,0.37499999999999994,1.0,-1.7077064514160156,9.919740676879883,1.7077064514160156,SPAN_TOO_LONG
0001-0031-0003,Mức lương trung bình của người lao động ở Pháp năm 2004 là bao nhiêu?,,,False,True,1,1.0,1.0,1.8038063049316406,6.984678268432617,-1.8038063049316406,CORRECT_NO_ANSWER
0001-0031-0004,Nguồn dân lao động sống ở đâu nhiều nhất tại Paris?,Nội ô Paris,,True,True,0,0.0,1.0,6.133185386657715,2.7688417434692383,-6.133185386657715,ANSWERABLE_PREDICTED_EMPTY
0001-0031-0005,Nguồn dân không lao động sống ở đâu nhiều nhất tại Paris?,,,False,True,1,1.0,1.0,6.181347608566284,2.737483263015747,-6.181347608566284,CORRECT_NO_ANSWER
0001-0031-0006,Sự chênh lệch thu nhập giữa nam và nữ ở Quận 8 và Quận 20 như thế nào?,"6%, trong khi ở các tỉnh lên đến 10 %","13,3 euro",True,False,0,0.0,1.0,1.4870109558105469,6.98403263092041,-1.4870109558105469,WRONG_SPAN
0001-0031-0007,Nguồn thu nhập của dân thất nghiệp chênh lệch như thế nào ở Pháp?,,,False,True,1,1.0,1.0,4.212709426879883,4.640926361083984,-4.212709426879883,CORRECT_NO_ANSWER
0001-0032-0001,Những công ty lớn tập trung ở tháp Gan nhiều đến mức nào?,,,False,True,1,1.0,1.0,4.2701005935668945,4.354090690612793,-4.2701005935668945,CORRECT_NO_ANSWER
0001-0032-0002,Những công ty lớn tập trung ở La Défense nhiều đến mức nào?,"1.500 công ty, trong đó có 14 trong 20 công ty hàng đầu của Pháp và 15 trong 50 công ty hàng đầu của thế giới",,True,True,0,0.0,1.0,2.665864944458008,5.858572959899902,-2.665864944458008,ANSWERABLE_PREDICTED_EMPTY
0001-0032-0003,Có những vấn đề bất cập nào tồn tại ở La Défense?,giá bất động sản quá cao và diện tích các văn phòng rất giới hạn,,True,True,0,0.0,1.0,5.79863166809082,2.8677234649658203,-5.79863166809082,ANSWERABLE_PREDICTED_EMPTY
0001-0032-0004,Những công trình lớn nào nổi tiếng ở La Défense?,"tháp Areva, tháp EDF, tháp Gan",,True,True,0,0.0,1.0,5.211639642715454,3.385300397872925,-5.211639642715454,ANSWERABLE_PREDICTED_EMPTY
0001-0032-0005,Vì sao ngành bất động sản ở La Défense phát triển rất mạnh?,"các nhà chọc trời như tháp Areva, tháp EDF, tháp Gan... có tới 3 triệu m² văn phòng và tập trung 150.000 nhân viên",,True,True,0,0.0,1.0,3.2919368743896484,5.313846588134766,-3.2919368743896484,ANSWERABLE_PREDICTED_EMPTY
0001-0033-0001,Các khách sạn tập trung ở đâu là chủ yếu tại Pháp?,Paris,,True,True,0,0.0,1.0,2.6982011795043945,5.8762969970703125,-2.6982011795043945,ANSWERABLE_PREDICTED_EMPTY
0001-0033-0002,Ngành du lịch có vị thế như thế nào trong cơ cấu kinh tế Paris?,"chiếm 12,8% nhân công của thành phố, tức 147.000 người",,True,True,0,0.0,1.0,3.2141761779785156,5.387194633483887,-3.2141761779785156,ANSWERABLE_PREDICTED_EMPTY
0001-0033-0003,Giá của khách sạn tầm trung hạ rẻ như thế nào ở France?,,,False,True,1,1.0,1.0,2.4870967864990234,5.905317306518555,-2.4870967864990234,CORRECT_NO_ANSWER
0001-0033-0004,Ngành kinh tế có vị thế như thế nào trong cơ cấu du lịch Paris?,,,False,True,1,1.0,1.0,3.2646336555480957,5.36707067489624,-3.2646336555480957,CORRECT_NO_ANSWER
0001-0033-0005,Giá của khách sạn tầm trung hạ rẻ như thế nào ở Paris?,"giá các khách sạn 2 sao của Paris lại thấp, đứng thứ 17 trên tổng số 20 đô thị lớn của thế giới",,True,True,0,0.0,1.0,3.3300867080688477,5.193507194519043,-3.3300867080688477,ANSWERABLE_PREDICTED_EMPTY
0001-0034-0001,Những hình ảnh xấu nào của Paris trong mắt du khách?,một trong những thành phố đắt nhất và bị cho là kém hiếu khách,,True,True,0,0.0,1.0,4.773503303527832,3.818911552429199,-4.773503303527832,ANSWERABLE_PREDICTED_EMPTY
0001-0034-0002,Vì sao nói Paris không hiếu khách?,đứng thứ 52 về chất lượng đón tiếp,,True,True,0,0.0,1.0,4.552976846694946,3.9212453365325928,-4.552976846694946,ANSWERABLE_PREDICTED_EMPTY
0001-0034-0003,Thành phố nào đứng nhất về vẻ đẹp theo khảo sát của Global Market Insite?,Paris,Paris,True,False,1,1.0,1.0,0.24783563613891602,7.699373722076416,-0.24783563613891602,CORRECT
0001-0035-0001,GDP đầu người của Paris năm 2001 là bao nhiêu?,27.400 euro,,True,True,0,0.0,1.0,5.735482931137085,3.0071756839752197,-5.735482931137085,ANSWERABLE_PREDICTED_EMPTY
0001-0035-0002,Giá của các khu nhà ở tăng lên chứng tỏ điều gì?,những dân cư nghèo và trung bình dần được thay thế bằng một tầng lớp mới khá giả hơn,,True,True,0,0.0,1.0,4.92246675491333,3.9003682136535645,-4.92246675491333,ANSWERABLE_PREDICTED_EMPTY
0001-0035-0003,GDP đầu người của Paris năm 2006 là bao nhiêu?,,,False,True,1,1.0,1.0,5.745732069015503,3.0358097553253174,-5.745732069015503,CORRECT_NO_ANSWER
0001-0035-0004,Người dân cả nước phải chịu thuế ở mức nào so với Paris?,,,False,True,1,1.0,1.0,2.5990591049194336,6.020176887512207,-2.5990591049194336,CORRECT_NO_ANSWER
0001-0035-0005,Người dân Paris phải chịu thuế ở mức nào so với cả nước?,đứng thứ 12 nước Pháp về tỷ lệ phải đóng thuế tài sản,,True,True,0,0.0,1.0,3.15031099319458,5.515469074249268,-3.15031099319458,ANSWERABLE_PREDICTED_EMPTY
0001-0036-0001,Các tầng lớp xã hội chênh lệch như thế nào ở Quận 7?,,,False,True,1,1.0,1.0,2.9450950622558594,5.743503570556641,-2.9450950622558594,CORRECT_NO_ANSWER
0001-0036-0002,Người lao động quận mấy ở Paris có tiền lương cao nhất?,Quận 7,Quận 7,True,False,1,1.0,1.0,0.8279094696044922,7.5767316818237305,-0.8279094696044922,CORRECT
0001-0036-0003,Người lao động quận mấy ở ngọai thành Paris có tiền lương cao nhất?,,Quận 7,False,False,0,0.0,1.0,0.43785762786865234,8.007311820983887,-0.43785762786865234,UNANSWERABLE_FALSE_POSITIVE
0001-0036-0004,Các tầng lớp xã hội chênh lệch như thế nào ở Paris?,những người dân phía tây thường giàu có hơn phía đông,,True,True,0,0.0,1.0,2.553863525390625,6.174385070800781,-2.553863525390625,ANSWERABLE_PREDICTED_EMPTY
0001-0036-0005,Tỉ lệ người nghèo trở xuống ở Quận 7 là bao nhiêu?,7%,,True,True,0,0.0,1.0,3.2844057083129883,5.342171669006348,-3.2844057083129883,ANSWERABLE_PREDICTED_EMPTY
0001-0037-0001,Sự khác biệt dòng máu được thể hiện ở Paris như thế nào?,"32,6% các gia đình Paris có gốc ngòai Liên minh châu Âu ở mức nghèo",,True,True,0,0.0,1.0,5.1008477210998535,3.8510022163391113,-5.1008477210998535,ANSWERABLE_PREDICTED_EMPTY
0001-0037-0002,Người nghèo khổ ở Paris thường tập trung sống ở đâu?,"Các Quận 18, 19 và 20",,True,True,0,0.0,1.0,5.3585052490234375,3.5755615234375,-5.3585052490234375,ANSWERABLE_PREDICTED_EMPTY
0001-0037-0003,Sự khác biệt dòng máu được thể hiện ở Sahara như thế nào?,,,False,True,1,1.0,1.0,6.576174259185791,2.386913776397705,-6.576174259185791,CORRECT_NO_ANSWER
0001-0037-0004,Người nghèo khổ ở châu Âu thường tập trung sống ở đâu?,,,False,True,1,1.0,1.0,5.257390975952148,3.6575775146484375,-5.257390975952148,CORRECT_NO_ANSWER
0001-0037-0005,Người người di cư từ châu Phi đến thường sống ở nơi nào?,"Các Quận 18, 19 và 20",,True,True,0,0.0,1.0,5.378343105316162,3.6039395332336426,-5.378343105316162,ANSWERABLE_PREDICTED_EMPTY
0001-0038-0001,Tỉ lệ các cặp hôn nhân chia tay của Paris ở mức nào?,27%,,True,True,0,0.0,1.0,1.8174018859863281,6.436549186706543,-1.8174018859863281,ANSWERABLE_PREDICTED_EMPTY
0001-0038-0002,Tỉ lệ các cặp hôn nhân tái hôn của Paris ở mức nào?,,,False,True,1,1.0,1.0,1.9361000061035156,6.449146270751953,-1.9361000061035156,CORRECT_NO_ANSWER
0001-0038-0003,Dẫn chứng nào cho thấy sự tan vỡ của các cặp hôn nhân ở Paris thấp?,,,False,True,1,1.0,1.0,2.8578476905822754,5.592385768890381,-2.8578476905822754,CORRECT_NO_ANSWER
0001-0038-0004,Dẫn chứng nào cho thấy sự tan vỡ của các cặp hôn nhân ở Paris cao?,Tỷ lệ số gia đình chỉ có bố hoặc mẹ của Paris cũng cao hơn trung bình nước Pháp,,True,True,0,0.0,1.0,2.7075839042663574,5.760025501251221,-2.7075839042663574,ANSWERABLE_PREDICTED_EMPTY
0001-0038-0005,Vì sao các gia đình ở Paris thường chỉ có 3 thành viên?,"bởi giá bất động sản cao, các gia đình thường sống trong một diện tích nhỏ hẹp",,True,True,0,0.0,1.0,2.521845817565918,6.076268196105957,-2.521845817565918,ANSWERABLE_PREDICTED_EMPTY
0001-0039-0001,Tình trạng nào cho thấy thành phần kết hôn hoặc không sinh con ở Paris cao?,,,False,True,1,1.0,1.0,4.806638240814209,3.962136745452881,-4.806638240814209,CORRECT_NO_ANSWER
0001-0039-0002,Vì sao các hộ có xu hướng di chuyển ra ngọai ô?,các căn hộ không có diện tích rộng và giá bất động sản quá cao,Với lý do các căn hộ không có diện tích rộng và giá bất động sản quá cao,True,False,0,0.9090909090909091,1.0,-1.432457447052002,8.982086181640625,1.432457447052002,SPAN_TOO_LONG
0001-0039-0003,Tình trạng nào cho thấy thành phần không kết hôn hoặc không sinh con ở Paris cao?,"Hơn một nửa - 58,1% vào năm 1999 - số căn hộ của Paris chỉ gồm một hoặc hai phòng",,True,True,0,0.0,1.0,4.7387847900390625,4.01890754699707,-4.7387847900390625,ANSWERABLE_PREDICTED_EMPTY
0001-0039-0004,Người dân Paris phải đối mặt với những khó khăn thường nhật gì?,"dân số quá đông, tâm lý stress của đô thị, ô nhiễm, giá cả đắt đỏ, kém an ninh",,True,True,0,0.0,1.0,2.390117645263672,6.277021408081055,-2.390117645263672,ANSWERABLE_PREDICTED_EMPTY
0001-0039-0005,Người dân Paris không phải đối mặt với những khó khăn thường nhật gì?,,,False,True,1,1.0,1.0,2.174020290374756,6.455420017242432,-2.174020290374756,CORRECT_NO_ANSWER
0001-0039-0006,Vì sao các hộ có xu hướng di chuyển vào ngọai ô?,,các căn hộ không có diện tích rộng và giá bất động sản quá cao,False,False,0,0.0,1.0,-0.8469009399414062,8.812265396118164,0.8469009399414062,UNANSWERABLE_FALSE_POSITIVE
0001-0040-0001,Tỉ lệ dân di cư Pháp cho đến năm 2011 là bao nhiêu?,,"23,1% dân số của thành phố sinh ngòai lãnh thổ chính quốc Pháp",False,False,0,0.0,1.0,1.0966110229492188,7.4095611572265625,-1.0966110229492188,UNANSWERABLE_FALSE_POSITIVE
0001-0040-0002,Những người dân di cư đến Mỹ thường là người ở đâu nhiều nhất?,,,False,True,1,1.0,1.0,5.069438219070435,3.7291457653045654,-5.069438219070435,CORRECT_NO_ANSWER
0001-0040-0003,Những người dân di cư đến Pháp thường là người ở đâu nhiều nhất?,Trung Quốc và châu Phi,,True,True,0,0.0,1.0,5.048145294189453,3.724559783935547,-5.048145294189453,ANSWERABLE_PREDICTED_EMPTY
0001-0040-0004,Sự việc gì chứng tỏ nhân dân Pháp đến từ nhiều nơi và đa tôn giáo?,"Theo cuộc điều tra năm 2011, có 23,1% dân số của thành phố sinh ngòai lãnh thổ chính quốc Pháp",,True,True,0,0.0,1.0,4.477854251861572,4.2544169425964355,-4.477854251861572,ANSWERABLE_PREDICTED_EMPTY
0001-0040-0005,Tỉ lệ dân di cư đến Pháp cho đến năm 2011 là bao nhiêu?,"23,1%","23,1% dân số của thành phố sinh ngòai lãnh thổ chính quốc Pháp",True,False,0,0.25,1.0,1.1656875610351562,7.368102073669434,-1.1656875610351562,SPAN_TOO_LONG
0001-0041-0001,Biển người đổ về Paris lần đầu tiên năm 1820 vì lý do gì?,chạy trốn cuộc khủng hỏang nông nghiệp,"các nông dân Đức tới, chạy trốn cuộc khủng hỏang nông nghiệp",True,False,0,0.7368421052631579,1.0,-0.061881065368652344,8.713871955871582,0.061881065368652344,SPAN_TOO_LONG
0001-0041-0002,Biển người đổ về Paris lần đầu tiên năm 1917 vì lý do gì?,,,False,True,1,1.0,1.0,3.365427017211914,5.573558807373047,-3.365427017211914,CORRECT_NO_ANSWER
0001-0042-0001,Dòng họ cựu Tổng thống Pháp Nicolas Sarkozy là người nước nào?,Hungary,Cựu Tổng thống Pháp Nicolas Sarkozy tuy sinh ở Paris nhưng là người gốc Hungary,True,False,0,0.125,1.0,1.2959527969360352,6.666106224060059,-1.2959527969360352,SPAN_TOO_LONG
0001-0042-0002,Dòng họ cựu Tổng thống Pháp Nicolas là người nước nào?,,Cựu Tổng thống Pháp Nicolas Sarkozy tuy sinh ở Paris nhưng là người gốc Hungary,False,False,0,0.0,1.0,1.444819450378418,7.0301103591918945,-1.444819450378418,UNANSWERABLE_FALSE_POSITIVE
0001-0042-0003,Chính phủ Pháp đã ghi nhớ những đóng góp to lớn của Marie qua hình thức nào?,,,False,True,1,1.0,1.0,5.161686897277832,3.5664987564086914,-5.161686897277832,CORRECT_NO_ANSWER
0001-0042-0004,Chính phủ Pháp đã ghi nhớ những đóng góp to lớn của Marie Curie qua hình thức nào?,sau khi mất được đưa vào điện Panthéon và in trên tờ 500 franc của Pháp,,True,True,0,0.0,1.0,3.398092269897461,5.273377418518066,-3.398092269897461,ANSWERABLE_PREDICTED_EMPTY
0001-0042-0005,Nhà văn Marcel Proust có dòng họ ở đâu di cư đến Paris?,Do Thái,,True,True,0,0.0,1.0,3.5395421981811523,4.949099540710449,-3.5395421981811523,ANSWERABLE_PREDICTED_EMPTY
0001-0043-0001,Dân số thủ đô Đức năm 2006 là bao nhiêu?,,,False,True,1,1.0,1.0,3.840475082397461,4.672551155090332,-3.840475082397461,CORRECT_NO_ANSWER
0001-0043-0002,Tỉ lệ người vô gia cư so với Pháp như thế nào?,,,False,True,1,1.0,1.0,3.299990653991699,5.28544807434082,-3.299990653991699,CORRECT_NO_ANSWER
0001-0043-0003,Có bao nhiêu người dân không nơi nương tựa ở Paris năm 2005?,8.000 người,,True,True,0,0.0,1.0,4.625489711761475,3.980675220489502,-4.625489711761475,ANSWERABLE_PREDICTED_EMPTY
0001-0043-0004,Tỉ lệ người vô gia cư so với Luân Đôn như thế nào?,50.000 người vô gia cư trên tổng số 7 triệu dân,50.000 người vô gia cư,True,False,0,0.6666666666666666,1.0,0.6205024719238281,7.38387393951416,-0.6205024719238281,SPAN_TOO_SHORT
0001-0043-0005,Dân số thủ đô Đức năm 2005 là bao nhiêu?,"3,5 triệu dân",,True,True,0,0.0,1.0,5.160181045532227,3.417170524597168,-5.160181045532227,ANSWERABLE_PREDICTED_EMPTY
0001-0044-0001,Tình trạng vô gia cư đã dẫn đến hệ quả gì?,"gặp các vấn đề về sức khỏe, cả thể chất lẫn tâm lý",,True,True,0,0.0,1.0,5.469290256500244,3.4166579246520996,-5.469290256500244,ANSWERABLE_PREDICTED_EMPTY
0001-0044-0002,Tình trạng hôn nhân của phần lớn người không nơi nương tựa ở Paris như thế nào?,"17% người vô gia cư là nữ giới, và cứ 3 nữ vô gia cư thì một người kèm theo con nhỏ, có thể cùng bố đưa trẻ hoặc không",,True,True,0,0.0,1.0,4.991010665893555,3.8784427642822266,-4.991010665893555,ANSWERABLE_PREDICTED_EMPTY
0001-0044-0003,Nam giới vô gia cư ở độ tuổi trung niên ở Paris là bao nhiêu?,31 tới 50 tuổi,,True,True,0,0.0,1.0,2.107973575592041,6.503750324249268,-2.107973575592041,ANSWERABLE_PREDICTED_EMPTY
0001-0044-0004,Tình trạng hôn nhân của phần lớn người có nơi nương tựa ở Paris như thế nào?,,,False,True,1,1.0,1.0,4.794236183166504,4.069453239440918,-4.794236183166504,CORRECT_NO_ANSWER
0001-0045-0001,Trường đại học Paris lúc mới xây dựng tọa lạc ở đâu?,Sainte-Geneviève,,True,True,0,0.0,1.0,5.450374364852905,3.29101300239563,-5.450374364852905,ANSWERABLE_PREDICTED_EMPTY
0001-0045-0002,Trường đại học Paris lúc mới hiện đại tọa lạc ở đâu?,,,False,True,1,1.0,1.0,5.684246301651001,3.0145251750946045,-5.684246301651001,CORRECT_NO_ANSWER
0001-0045-0003,Thế mạnh giáo dục đã có từ lâu đời của châu Âu là gì?,,,False,True,1,1.0,1.0,6.0448157787323,2.682297945022583,-6.0448157787323,CORRECT_NO_ANSWER
0001-0045-0004,Thế mạnh giáo dục đã có từ lâu đời của Paris là gì?,thần học và triết học,,True,True,0,0.0,1.0,6.154963254928589,2.565140962600708,-6.154963254928589,ANSWERABLE_PREDICTED_EMPTY
0001-0045-0005,Hiện nay đại học Paris được hợp nhất bởi những khoa thành viên nào?,"khoa luật, y, dược, văn, thần học và khoa học",,True,True,0,0.0,1.0,1.846949577331543,6.612021446228027,-1.846949577331543,ANSWERABLE_PREDICTED_EMPTY
0001-0045-0006,Hiện nay đại học Paris không được hợp nhất bởi những khoa thành viên nào?,,,False,True,1,1.0,1.0,4.3612871170043945,4.294771194458008,-4.3612871170043945,CORRECT_NO_ANSWER
0001-0046-0001,Đại học Paris XI tọa lạc ở đâu?,Cao nguyên nhỏ Saclay,Cao nguyên nhỏ Saclay,True,False,1,1.0,1.0,1.4743461608886719,7.066631317138672,-1.4743461608886719,CORRECT
0001-0046-0002,Vì sao Đại hoc Paris phân tách thành các trường riêng biệt?,cuộc nổi lọan của sinh viên năm 1968,,True,True,0,0.0,1.0,5.27549147605896,3.6411173343658447,-5.27549147605896,ANSWERABLE_PREDICTED_EMPTY
0001-0046-0003,Vì sao các trường Đại học di chuyển ra khỏi nội thành?,tìm những khu vực rộng hơn ngòai ngọai thành,,True,True,0,0.0,1.0,5.0420355796813965,3.8143181800842285,-5.0420355796813965,ANSWERABLE_PREDICTED_EMPTY
0001-0047-0001,Hiện nay có những trường Đại học nào ở ngọai thành Paris?,,,False,True,1,1.0,1.0,3.6004514694213867,5.117964744567871,-3.6004514694213867,CORRECT_NO_ANSWER
0001-0047-0002,Hiện nay có những trường Đại học nào ở nội thành Paris?,Các trường đại học Paris từ I đến VII,,True,True,0,0.0,1.0,3.3269519805908203,5.335329055786133,-3.3269519805908203,ANSWERABLE_PREDICTED_EMPTY
0001-0047-0003,Co những trường Đại học nào tập trung ở khu phố La Tinh?,"Sorbonne và Trường Sư phạm (École normale supérieure), Trường Mỏ (École des Mines) cùng Collège de France","Sorbonne và Trường Sư phạm (École normale supérieure), Trường Mỏ (École des Mines) cùng Collège de France...",True,False,1,1.0,1.0,-2.1617050170898438,10.171319961547852,2.1617050170898438,CORRECT
0001-0047-0004,Từ Paris I đến Paris VII có mấy trường mạnh về thiết kế nghệ thuật?,Bốn,,True,True,0,0.0,1.0,2.4831695556640625,6.121469497680664,-2.4831695556640625,ANSWERABLE_PREDICTED_EMPTY
0001-0048-0001,Số lượng sinh viên tập trung ở vùng Île-de-France lớn cỡ nào?,"600.000 sinh viên, chiếm hơn một phần tư số sinh viên ở Pháp",,True,True,0,0.0,1.0,2.8588242530822754,5.745532512664795,-2.8588242530822754,ANSWERABLE_PREDICTED_EMPTY
0001-0048-0002,Tổ chức quản lý đời sống sinh viên ở Paris gọi là gì?,CROUS,CROUS,True,False,1,1.0,1.0,-1.255786418914795,9.233436584472656,1.255786418914795,CORRECT
0001-0048-0003,Ký túc xá cho sinh viên lớn nhất Paris gọi là gì?,Cité internationale universitaire,Cư xá đại học lớn nhất Paris là Cité internationale universitaire,True,False,0,0.42857142857142855,1.0,-0.09686756134033203,8.48924732208252,0.09686756134033203,SPAN_TOO_LONG
0001-0049-0001,Hệ thống giao thông của Paris được thiết kế như thế nào?,"Thành phố được bao bọc bởi một hệ thống các đại lộ vành đai và từ các cửa ô của Paris, các đường quốc lộ, xa lộ tỏa đi khắp vùng và tới các tỉnh",,True,True,0,0.0,1.0,4.56373405456543,3.827723503112793,-4.56373405456543,ANSWERABLE_PREDICTED_EMPTY
0001-0049-0002,Các con đường lớn của Paris được cải tạo bởi ai?,Haussmann,,True,True,0,0.0,1.0,4.568150281906128,3.8316214084625244,-4.568150281906128,ANSWERABLE_PREDICTED_EMPTY
0001-0049-0003,Tình trạng của người điều khiển giao thông đường bộ ở Paris như thế nào?,khá khó khăn,,True,True,0,0.0,1.0,5.07080078125,3.463719367980957,-5.07080078125,ANSWERABLE_PREDICTED_EMPTY
0001-0049-0004,Hệ thống giao thông của thế giới được thiết kế như thế nào?,,,False,True,1,1.0,1.0,4.922062873840332,3.5037317276000977,-4.922062873840332,CORRECT_NO_ANSWER
0001-0049-0005,Tình trạng của người điều khiển giao thông đường sắt ở Paris như thế nào?,,,False,True,1,1.0,1.0,5.414334774017334,3.177062511444092,-5.414334774017334,CORRECT_NO_ANSWER
0001-0050-0001,Có những làn đường nào người đi xe ô tô có thể chạy ở Paris?,,,False,True,1,1.0,1.0,3.4779481887817383,5.123289108276367,-3.4779481887817383,CORRECT_NO_ANSWER
0001-0050-0002,Có những làn đường nào người đi xe đạp có thể chạy ở Paris?,"Cùng với các làn đường được phép chạy chung với xe búyt, ở nhiều phố những người đi xe đạp còn có làn đường riêng, tổng cộng dài 371 km",,True,True,0,0.0,1.0,2.5464468002319336,5.9033098220825195,-2.5464468002319336,ANSWERABLE_PREDICTED_EMPTY
0001-0050-0003,Hệ thống dịch vụ xe đạp nào lớn nhất châu Âu?,Vélib',hệ thống dịch vụ xe đạp tự do,True,False,0,0.0,1.0,-0.7976512908935547,8.34561538696289,0.7976512908935547,WRONG_SPAN
0001-0050-0004,Cơ quan lãnh đạo của Paris có biện pháp gì làm giảm tắt nghẽn giao thông?,khuyến khích giao thông công cộng và xe đạp,,True,True,0,0.0,1.0,6.813518047332764,1.8494229316711426,-6.813518047332764,ANSWERABLE_PREDICTED_EMPTY
0001-0050-0005,Cơ quan lãnh đạo của Paris có biện pháp gì làm giảm tai nạn giao thông?,,,False,True,1,1.0,1.0,6.762861728668213,1.897141933441162,-6.762861728668213,CORRECT_NO_ANSWER
0001-0051-0001,Paris có những sân bay lớn nào?,Charles-de-Gaulle ở phía đông bắc và Orly ở phía nam,,True,True,0,0.0,1.0,1.8628807067871094,6.826803207397461,-1.8628807067871094,ANSWERABLE_PREDICTED_EMPTY
0001-0051-0002,Thành phố nào có số lượng khách và hàng hóa trung chuyển lớn thứ năm châu Âu?,,"Paris là thành phố châu Âu có lượng hành khách trung chuyển lớn nhất, 82,5 triệu và 2,24 triệu tấn hàng hóa trong 2006",False,False,0,0.0,1.0,-0.4623394012451172,8.466917037963867,0.4623394012451172,UNANSWERABLE_FALSE_POSITIVE
0001-0051-0003,"Trước Charles-de-Gaulle, Paris có sân bay lớn nào?",Orly,Charles-de-Gaulle ở phía đông bắc và Orly ở phía nam,True,False,0,0.15384615384615385,1.0,0.22931194305419922,8.12844181060791,-0.22931194305419922,SPAN_TOO_LONG
0001-0051-0004,Từ Charles-de-Gaulle có thể đến sân bay Paris bằng đường nào?,,,False,True,1,1.0,1.0,2.6123733520507812,6.147727966308594,-2.6123733520507812,CORRECT_NO_ANSWER
0001-0051-0005,Từ Paris có thể đến sân bay Charles-de-Gaulle bằng đường nào?,"đường cao tốc, xe búyt và tuyến RER B",,True,True,0,0.0,1.0,2.077472686767578,6.653284072875977,-2.077472686767578,ANSWERABLE_PREDICTED_EMPTY
0001-0051-0006,Sân bay nào có số lượng phi cơ ra vào nhiều nhất châu Âu năm 2006?,Charles-de-Gaulle,Charles-de-Gaulle,True,False,1,1.0,1.0,0.3226318359375,8.207588195800781,-0.3226318359375,CORRECT
0001-0051-0007,Thành phố nào có số lượng khách và hàng hóa trung chuyển lớn thứ hai châu Âu?,Paris,"Paris là thành phố châu Âu có lượng hành khách trung chuyển lớn nhất, 82,5 triệu và 2,24 triệu tấn hàng hóa trong 2006",True,False,0,0.07407407407407407,1.0,-0.2086009979248047,8.307899475097656,0.2086009979248047,SPAN_TOO_LONG
0001-0052-0001,"Ngòai họat động bóng đá, các sân vận động còn dùng để làm gì?","Ngòai các họat động thể thao, nó còn là nơi tổ chức nhiều buổi hòa nhạc lớn",nó còn là nơi tổ chức nhiều buổi hòa nhạc lớn,True,False,0,0.7857142857142858,1.0,0.16904926300048828,8.262850761413574,-0.16904926300048828,SPAN_TOO_SHORT
0001-0052-0002,"Ngòai họat động Công viên, các sân vận động còn dùng để làm gì?",,nó còn là nơi tổ chức nhiều buổi hòa nhạc lớn,False,False,0,0.0,1.0,0.4020042419433594,8.039216995239258,-0.4020042419433594,UNANSWERABLE_FALSE_POSITIVE
0001-0052-0003,Sân nhà bóng đá của Pháp có tên gì?,,,False,True,1,1.0,1.0,1.9603452682495117,6.8200578689575195,-1.9603452682495117,CORRECT_NO_ANSWER
0001-0052-0004,Sân nhà bóng đá của PSG có tên gì?,Công viên các hòang tử (Parc des Princes),,True,True,0,0.0,1.0,2.9688329696655273,5.854920387268066,-2.9688329696655273,ANSWERABLE_PREDICTED_EMPTY
0001-0052-0005,Pháp đã cho tu sửa sân vận động gì để phục vụ cho World Cup 1998?,,Sân Stade Charléty,False,False,0,0.0,1.0,0.7371540069580078,7.966666221618652,-0.7371540069580078,UNANSWERABLE_FALSE_POSITIVE
0001-0052-0006,Pháp đã cho xây sân vận động gì để phục vụ cho World Cup 1998?,Stade de France,Sân Stade de France,True,False,0,0.8571428571428571,1.0,0.5022802352905273,8.16209888458252,-0.5022802352905273,SPAN_TOO_LONG
0001-0053-0001,Có bao nhiêu công trình giao thông bắc ngang nội thành trong sông Seine?,,,False,True,1,1.0,1.0,3.8934335708618164,4.56510066986084,-3.8934335708618164,CORRECT_NO_ANSWER
0001-0053-0002,Cách điều phối Paris hiện nay được học theo ai?,nam tước Haussmann,,True,True,0,0.0,1.0,4.071444988250732,4.5312581062316895,-4.071444988250732,ANSWERABLE_PREDICTED_EMPTY
0001-0053-0003,Có bao nhiêu công trình giao thông bắc ngang sông Seine trong nội thành?,37 cây cầu,,True,True,0,0.0,1.0,3.811110019683838,4.704722881317139,-3.811110019683838,ANSWERABLE_PREDICTED_EMPTY
0001-0053-0004,Quốc lộ Saint-Germain được ai quy họach?,Haussmann,nam tước Haussmann,True,False,0,0.5,1.0,-1.1631107330322266,9.295759201049805,1.1631107330322266,SPAN_TOO_LONG
0001-0053-0005,Quốc lộ Châtelet được ai quy họach?,,Trung tâm của thành phố Paris,False,False,0,0.0,1.0,-0.6883773803710938,8.624929428100586,0.6883773803710938,UNANSWERABLE_FALSE_POSITIVE
0001-0054-0001,Grand Palais và Petit Palais ngăn cách với nhau bởi gì?,đại lộ Winston-Churchill,,True,True,0,0.0,1.0,2.1661877632141113,6.583798885345459,-2.1661877632141113,ANSWERABLE_PREDICTED_EMPTY
0001-0054-0002,Nơi nào đứng ngắm tháp Eiffel là đẹp nhất?,"sân giữa của Palais de Chaillot, cạnh quảng trường Trocadéro",,True,True,0,0.0,1.0,2.0025634765625,6.734691619873047,-2.0025634765625,ANSWERABLE_PREDICTED_EMPTY
0001-0054-0003,Điểm nổi bật trong cảnh quan thành phố Paris là gì?,"các công trình quan trọng, cả cổ và hiện đại",,True,True,0,0.0,1.0,2.2618255615234375,6.404082298278809,-2.2618255615234375,ANSWERABLE_PREDICTED_EMPTY
0001-0054-0004,Điểm ít nổi bật trong cảnh quan thành phố Paris là gì?,,,False,True,1,1.0,1.0,2.6039133071899414,6.105713844299316,-2.6039133071899414,CORRECT_NO_ANSWER
0001-0055-0001,Kim tự tháp Axe historique có nằm trên tuyến Louvre không?,,"Kim tự tháp kính Louvre không nằm trên đường thẳng này, mà được xây lệnh sang một bên",False,False,0,0.0,1.0,1.1369009017944336,7.228245735168457,-1.1369009017944336,UNANSWERABLE_FALSE_POSITIVE
0001-0055-0002,Điểm cuối của Axe historique lúc dài nhất là nơi nào?,khu đô thị hiện đại La Défense,,True,True,0,0.0,1.0,3.10845947265625,5.539074897766113,-3.10845947265625,ANSWERABLE_PREDICTED_EMPTY
0001-0055-0003,Kim tự tháp Louvre có nằm trên tuyến Axe historique không?,"Kim tự tháp kính Louvre không nằm trên đường thẳng này, mà được xây lệnh sang một bên","Kim tự tháp kính Louvre không nằm trên đường thẳng này, mà được xây lệnh sang một bên",True,False,1,1.0,1.0,0.7322578430175781,7.434942245483398,-0.7322578430175781,CORRECT
0001-0055-0004,Tuyến trọng tâm trong thiết kế đô thị Paris là gì?,Axe historique,Axe historique,True,False,1,1.0,1.0,-1.2721309661865234,9.671491622924805,1.2721309661865234,CORRECT
0001-0055-0005,Điểm cuối của Axe lúc dài nhất là nơi nào?,,,False,True,1,1.0,1.0,2.191169261932373,6.509786128997803,-2.191169261932373,CORRECT_NO_ANSWER
0001-0056-0001,Cần những điều kiện gì để xây những tòa cao tầng ở Paris?,những tòa nhà mới có độ cao trên 37 mét phải có giấy phép đặc biệt,,True,True,0,0.0,1.0,3.477224349975586,4.994373321533203,-3.477224349975586,ANSWERABLE_PREDICTED_EMPTY
0001-0056-0002,Các tòa nhà được thiết kế ở Paris phải theo luật gì để phá hỏng cảnh quan?,,,False,True,1,1.0,1.0,3.3193016052246094,5.020750045776367,-3.3193016052246094,CORRECT_NO_ANSWER
0001-0056-0003,Các tòa nhà được thiết kế ở Paris phải theo luật gì để không phá hỏng cảnh quan?,"màu sắc, kiểu cửa sổ",,True,True,0,0.0,1.0,3.7960309982299805,4.593707084655762,-3.7960309982299805,ANSWERABLE_PREDICTED_EMPTY
0001-0056-0004,Công trình nào cao nhất Tây Âu?,Tour Generali,Tháp Montparnasse,True,False,0,0.0,1.0,0.7092080116271973,7.6277995109558105,-0.7092080116271973,WRONG_SPAN
0001-0057-0001,Con đường nổi tiếng với gì?,,,False,True,1,1.0,1.0,5.802136182785034,3.0530569553375244,-5.802136182785034,CORRECT_NO_ANSWER
0001-0057-0002,Con đường Montaigne nổi tiếng với gì?,có nhiều cửa hiệu thời trang cao cấp và khách sạn sang trọng Plaza Athénée,,True,True,0,0.0,1.0,2.8564209938049316,5.902686595916748,-2.8564209938049316,ANSWERABLE_PREDICTED_EMPTY
0001-0057-0003,Sinh viên thường tập trung đông đúc ở khu vực nào trong phố La Tinh?,Đại lộ Saint-Michel,Đại lộ Saint-Michel,True,False,1,1.0,1.0,-1.4669628143310547,9.61912727355957,1.4669628143310547,CORRECT
0001-0058-0001,Quảng trường nào là nơi lý tưởng để chiêm ngưỡng tháp Eiffel?,Trocadéro,Vendôme,True,False,0,0.0,1.0,0.10755157470703125,8.456110000610352,-0.10755157470703125,WRONG_SPAN
0001-0058-0002,Quảng trường lớn nhất ở Hoa Kỳ tên gì?,,Vendôme,False,False,0,0.0,1.0,0.30274486541748047,8.429604530334473,-0.30274486541748047,UNANSWERABLE_FALSE_POSITIVE
0001-0058-0003,Quảng trường lớn nhất ở Pháp tên gì?,Quinconces ở Bordeaux,quảng trường lớn nhất là Concorde,True,False,0,0.0,1.0,-0.18479442596435547,8.687456130981445,0.18479442596435547,WRONG_SPAN
0001-0058-0004,Quảng trường nào là nơi lý tưởng để không chiêm ngưỡng tháp Eiffel?,,Vendôme,False,False,0,0.0,1.0,0.20483970642089844,8.361011505126953,-0.20483970642089844,UNANSWERABLE_FALSE_POSITIVE
0001-0058-0005,Đại sứ quán Pháp ở Hoa Kỳ tọa lạc kế quảng trường gì?,,Vendôme,False,False,0,0.0,1.0,0.16546249389648438,8.513933181762695,-0.16546249389648438,UNANSWERABLE_FALSE_POSITIVE
0001-0058-0006,Đại sứ quán Hoa Kỳ ở Pháp tọa lạc kế quảng trường gì?,Concorde,Vendôme,True,False,0,0.0,1.0,0.11198234558105469,8.534424781799316,-0.11198234558105469,WRONG_SPAN
0001-0058-0007,Xung quanh quảng trường Vendome có những nơi nào quan trọng?,"Bộ Tư pháp, khách sạn Ritz",Vendôme,True,False,0,0.0,1.0,1.3982667922973633,7.409234046936035,-1.3982667922973633,WRONG_SPAN
0001-0059-0001,Conciergerie được thiết kế theo phong cách gì?,,Sainte-Chapelle,False,False,0,0.0,1.0,-1.2440905570983887,9.173008918762207,1.2440905570983887,UNANSWERABLE_FALSE_POSITIVE
0001-0059-0002,Nhà thờ Đức Bà được mệnh danh là gì?,tâm của Paris,,True,True,0,0.0,1.0,2.7816591262817383,5.783514976501465,-2.7816591262817383,ANSWERABLE_PREDICTED_EMPTY
0001-0059-0003,Chiếc cầu nào được xem là lâu đời nhất Paris?,Cầu Pont Neuf,"Sainte-Chapelle, xây dựng gần Conciergerie, được xem như một kiệt tác của kiến trúc Gothic. Cầu Pont Neuf",True,False,0,0.2727272727272727,1.0,0.2512474060058594,8.135835647583008,-0.2512474060058594,SPAN_TOO_LONG
0001-0059-0004,Nhà thờ Đức Bà tọa lạc ở đâu?,đảo Île de la Cité,,True,True,0,0.0,1.0,2.900332450866699,5.709395408630371,-2.900332450866699,ANSWERABLE_PREDICTED_EMPTY
0001-0059-0005,Nhà thờ tọa lạc ở đâu?,,,False,True,1,1.0,1.0,3.0646142959594727,5.612797737121582,-3.0646142959594727,CORRECT_NO_ANSWER
0001-0059-0006,Sainte-Chapelle được thiết kế theo phong cách gì?,kiến trúc Gothic,"xây dựng gần Conciergerie, được xem như một kiệt tác của kiến trúc Gothic",True,False,0,0.35294117647058826,1.0,0.009441375732421875,7.615222930908203,-0.009441375732421875,SPAN_TOO_LONG
0001-0060-0001,Trung tâm Pompidou được thiết kế theo phong cách nào?,Kiến trúc đương đại,"Kiến trúc đương đại của Paris được hiện diện bởi Trung tâm Pompidou, xây từ những năm 1970, là nơi có bảo tàng Nghệ thuật hiện đại và một thư viện quan trọng mở cửa cho công chúng",True,False,0,0.1904761904761905,1.0,0.22149372100830078,8.385683059692383,-0.22149372100830078,SPAN_TOO_LONG
0001-0060-0002,Kim tự tháp kính Ả Rập được thiết kế bởi ai?,,Viện thế giới Ả Rập,False,False,0,0.0,1.0,1.4908909797668457,7.337841510772705,-1.4908909797668457,UNANSWERABLE_FALSE_POSITIVE
0001-0060-0003,Các công trình trên các quốc lộ ở Paris được xây dựng những người nổi tiếng nào?,,,False,True,1,1.0,1.0,3.3378543853759766,5.515508651733398,-3.3378543853759766,CORRECT_NO_ANSWER
0001-0060-0004,Kim tự tháp kính Louvre được thiết kế bởi ai?,kiến trúc sư Ieoh Ming Pei,kiến trúc sư Ieoh Ming Pei,True,False,1,1.0,1.0,-0.5074386596679688,8.978328704833984,0.5074386596679688,CORRECT
0001-0060-0005,Bảo tàng Branly là nơi lưu trữ những gì?,"nghệ thuật và văn minh châu Phi, Á, Đại Dương và Mỹ","bảo tàng Branly về nghệ thuật và văn minh châu Phi, Á, Đại Dương và Mỹ",True,False,0,0.8571428571428571,1.0,-0.2084789276123047,8.599184036254883,0.2084789276123047,SPAN_TOO_LONG
0001-0060-0006,Trung tâm thư viện được thiết kế theo phong cách nào?,,,False,True,1,1.0,1.0,2.3967199325561523,6.464630126953125,-2.3967199325561523,CORRECT_NO_ANSWER
0001-0060-0007,Các công trình trên các quốc lộ ở Paris được xây dựng bởi những người nổi tiếng nào?,"Guimard, Plumet hay Lavirotte với phong cách Tân nghệ thuật, kế đó Mallet-Stevens, Roux-Spitz, Dudok, Henri Sauvage, Le Corbusier, Auguste Perret",,True,True,0,0.0,1.0,3.721085548400879,5.131874084472656,-3.721085548400879,ANSWERABLE_PREDICTED_EMPTY
0001-0061-0001,Những khu rừng nào nằm ở phía Đông và Tây trong nội thành Paris?,Rừng Boulogne và rừng Vincennes,,True,True,0,0.0,1.0,2.38875675201416,6.236464500427246,-2.38875675201416,ANSWERABLE_PREDICTED_EMPTY
0001-0061-0002,Việc cần làm trong lúc dân số thành phố tăng nhanh là gì?,tạo ra các không gian xanh,,True,True,0,0.0,1.0,4.408979415893555,4.436985969543457,-4.408979415893555,ANSWERABLE_PREDICTED_EMPTY
0001-0061-0003,Những khu phố nào nằm ở phía Đông và Tây trong nội thành Paris?,,,False,True,1,1.0,1.0,5.420740842819214,3.334019899368286,-5.420740842819214,CORRECT_NO_ANSWER
0001-0061-0004,Các không gian ở Paris được thiết kế bởi những ai?,,,False,True,1,1.0,1.0,5.724133014678955,3.0053954124450684,-5.724133014678955,CORRECT_NO_ANSWER
0001-0061-0005,Các không gian xanh ở Paris được thiết kế bởi những ai?,kỹ sư Jean-Charles Alphand và họa sĩ phong cảnh Jean-Pierre Barillet-Deschamps,,True,True,0,0.0,1.0,4.9121503829956055,3.782748222351074,-4.9121503829956055,ANSWERABLE_PREDICTED_EMPTY
0001-0062-0001,Hai bên tuyến đường sắt Petite Ceinture có những công trình gì?,những khu vườn gia đình hoặc giáo dục,những khu vườn gia đình hoặc giáo dục,True,False,1,1.0,1.0,-0.24998950958251953,8.730795860290527,0.24998950958251953,CORRECT
0001-0062-0002,Hai bên tuyến đường sắt Belleville có những công trình gì?,,,False,True,1,1.0,1.0,1.9782600402832031,6.746918678283691,-1.9782600402832031,CORRECT_NO_ANSWER
0001-0062-0003,La Villette được tái thiết kế bởi ai?,Bernard Tschumi,,True,True,0,0.0,1.0,3.4489293098449707,5.1619486808776855,-3.4489293098449707,ANSWERABLE_PREDICTED_EMPTY
0001-0062-0004,Công viên xanh lớn nhất nội thành Paris được cải tạo từ nơi nào?,khu vực lò mổ cũ,,True,True,0,0.0,1.0,5.192646503448486,3.4787917137145996,-5.192646503448486,ANSWERABLE_PREDICTED_EMPTY
0001-0063-0001,Đồi Montmartre được biết đến là nơi như thế nào?,trung tâm của hội họa đầu thế kỷ 20,,True,True,0,0.0,1.0,2.009864330291748,6.888050556182861,-2.009864330291748,ANSWERABLE_PREDICTED_EMPTY
0001-0063-0002,Đồi được biết đến là nơi như thế nào?,,,False,True,1,1.0,1.0,3.135526657104492,5.916233062744141,-3.135526657104492,CORRECT_NO_ANSWER
0001-0063-0003,Các trường Đại học cổ xưa ở Paris thường tọa lạc ở đâu?,Quận La Tinh,,True,True,0,0.0,1.0,2.9633994102478027,6.042637348175049,-2.9633994102478027,ANSWERABLE_PREDICTED_EMPTY
0001-0063-0004,Quận Paris được biết đến là nơi như thế nào?,,,False,True,1,1.0,1.0,2.9426565170288086,6.0772504806518555,-2.9426565170288086,CORRECT_NO_ANSWER
0001-0063-0005,Các trường Đại học lớn nhất ở Paris thường tọa lạc ở đâu?,,,False,True,1,1.0,1.0,3.1704912185668945,5.845463752746582,-3.1704912185668945,CORRECT_NO_ANSWER
0001-0063-0006,Khu phố người Hoa lớn nhất Châu Âu nằm ở đâu?,Paris,,True,True,0,0.0,1.0,2.555666923522949,6.448172569274902,-2.555666923522949,ANSWERABLE_PREDICTED_EMPTY
0001-0063-0007,Quận La Tinh được biết đến là nơi như thế nào?,khu phố sinh viên,,True,True,0,0.0,1.0,2.304065704345703,6.622733116149902,-2.304065704345703,ANSWERABLE_PREDICTED_EMPTY
0001-0064-0001,Paris có những viện bảo tàng nào chỉ lưu trữ tác phẩm của một danh nhân văn hóa?,"bảo tàng Picasso, Không gian Dalí, bảo tàng Rodin, bảo tàng Eugène Delacroix",,True,True,0,0.0,1.0,2.223613739013672,6.329221725463867,-2.223613739013672,ANSWERABLE_PREDICTED_EMPTY
0001-0064-0002,Viện bảo tàng nào hấp dẫn nhiều khách du lịch nhất trên thế giới?,Louvre,viện bảo tàng Louvre,True,False,0,0.4,1.0,1.102829933166504,7.307465553283691,-1.102829933166504,SPAN_TOO_LONG
0001-0064-0003,Paris có những viện bảo tàng nào chỉ lưu trữ danh nhân của một tác phẩm văn hóa?,,,False,True,1,1.0,1.0,2.18660831451416,6.324399948120117,-2.18660831451416,CORRECT_NO_ANSWER
0001-0064-0004,Bảo tàng Branly có gì để hấp dẫn nghệ sĩ?,,"Bảo tàng Quai Branly (Musée du quai Branly) về nghệ thuật và văn minh châu Phi, châu Á, châu Đại Dương, châu Mỹ",False,False,0,0.0,1.0,-0.40079402923583984,8.353825569152832,0.40079402923583984,UNANSWERABLE_FALSE_POSITIVE
0001-0064-0005,Lâu đài Versaillers ngày xưa được dùng để làm gì?,cung điện của các vị vua,lâu đài Versailles,True,False,0,0.0,1.0,1.7786617279052734,6.843542098999023,-1.7786617279052734,WRONG_SPAN
0001-0064-0006,Bức tranh Mona Lisa nằm ở đâu?,viện bảo tàng Louvre,,True,True,0,0.0,1.0,3.3642215728759766,5.2844438552856445,-3.3642215728759766,ANSWERABLE_PREDICTED_EMPTY
0001-0064-0007,Bảo tàng Branly có gì để hấp dẫn du khách?,"nghệ thuật và văn minh châu Phi, châu Á, châu Đại Dương, châu Mỹ","Bảo tàng Quai Branly (Musée du quai Branly) về nghệ thuật và văn minh châu Phi, châu Á, châu Đại Dương, châu Mỹ",True,False,0,0.7567567567567568,1.0,-0.3712158203125,8.256966590881348,0.3712158203125,SPAN_TOO_LONG
0001-0065-0001,Richelieu trở thành thư viện quốc gia từ lúc nào?,triều vua François Đệ nhất,""" François-Mitterrand """,True,False,0,0.28571428571428575,1.0,1.5751876831054688,6.958468437194824,-1.5751876831054688,SPAN_TOO_SHORT
0001-0065-0002,Sự khác biệt giữa 2 thư viện quốc gia Pháp là gì?,""" Richelieu "" là thư viện cổ, nhỏ hơn, nằm ở trung tâm, còn "" François-Mitterrand "" là một công trình kiến trúc hiện đại gồm bốn tòa nhà cao tầng ở khu Paris Rive Gauche",,True,True,0,0.0,1.0,1.8157463073730469,6.757343292236328,-1.8157463073730469,ANSWERABLE_PREDICTED_EMPTY
0001-0065-0003,Hai thư viện Richelieu và François-Mitterrand có giá trị gì?,lưu trữ tư liệu quan trọng bậc nhất thế giới với khỏang 30 triệu cuốn sách gồm nhiều phiên bản gốc giá trị,""" Richelieu """,True,False,0,0.0,1.0,1.2746515274047852,7.096488952636719,-1.2746515274047852,WRONG_SPAN
0001-0066-0001,Người dân có thể mượn sách từ những nơi nào?,55 thư viện phổ thông và khỏang 10 thư viện chuyên đề,,True,True,0,0.0,1.0,2.9917774200439453,5.527080535888672,-2.9917774200439453,ANSWERABLE_PREDICTED_EMPTY
0001-0066-0002,Pháp có thể mượn sách từ những nơi nào?,,,False,True,1,1.0,1.0,2.4645066261291504,5.999694347381592,-2.4645066261291504,CORRECT_NO_ANSWER
0001-0066-0003,Trong lịch sử thư viện Paris có những gì?,,,False,True,1,1.0,1.0,3.200866222381592,5.389155864715576,-3.200866222381592,CORRECT_NO_ANSWER
0001-0066-0004,Trong thư viện lịch sử Paris có những gì?,"một triệu cuốn sách, ảnh, bản đồ liên quan tới lịch sử thành phố",,True,True,0,0.0,1.0,2.9129505157470703,5.553457260131836,-2.9129505157470703,ANSWERABLE_PREDICTED_EMPTY
0001-0066-0005,Thư viện Paris co quy định như thế nào về mượn tài liệu?,"Những sách, tạp chí, truyện tranh... được mượn tự do, còn các đĩa nhạc, video thì cần trả một số tiền trung bình hàng năm",,True,True,0,0.0,1.0,2.344539165496826,6.229574680328369,-2.344539165496826,ANSWERABLE_PREDICTED_EMPTY
0001-0067-0001,Philharmonie de Paris bắt đầu đi vào họat động vào thời gian nào?,tháng 1 năm 2015,"phòng hòa nhạc giao hưởng hiện đại của Paris, mở cửa vào tháng 1 năm 2015",True,False,0,0.4,1.0,-1.2055768966674805,9.734111785888672,1.2055768966674805,SPAN_TOO_LONG
0001-0067-0002,Đặc trưng của phòng thể thao là gì?,,,False,True,1,1.0,1.0,2.8056726455688477,6.258058547973633,-2.8056726455688477,CORRECT_NO_ANSWER
0001-0067-0003,Các ca sĩ nổi tiếng của Pháp bắt đầu sự nghiệp từ những nơi nào ở Paris?,"Bobino, Olympia, La Cigale hoặc Le Splendid",,True,True,0,0.0,1.0,3.332576274871826,5.633017063140869,-3.332576274871826,ANSWERABLE_PREDICTED_EMPTY
0001-0067-0004,Paris bắt đầu đi vào họat động vào thời gian nào?,,,False,True,1,1.0,1.0,5.43510103225708,3.6474204063415527,-5.43510103225708,CORRECT_NO_ANSWER
0001-0067-0005,Đặc trưng của phòng New Morning là gì?,"một trong những phòng hòa nhạc luôn dành cho jazz, nhưng cũng có các thể lọai nhạc khác",phòng hòa nhạc luôn dành cho jazz,True,False,0,0.56,1.0,-1.4825730323791504,9.450422286987305,1.4825730323791504,SPAN_TOO_SHORT
0001-0068-0001,Các quán và phòng hòa nhạc nào đã xuất hiện ở Paris vào thế kỷ 19?,quán Moulin de la galette và cà phê hòa nhạc Élysée Montmartre cùng Château-Rouge,quán Moulin de la galette và cà phê hòa nhạc Élysée Montmartre cùng Château-Rouge,True,False,1,1.0,1.0,-1.3926563262939453,9.777191162109375,1.3926563262939453,CORRECT
0001-0068-0002,Batofar được thiết kế như thế nào?,một chiếc thuyền được cải tạo thành hộp đêm,một chiếc thuyền được cải tạo thành hộp đêm,True,False,1,1.0,1.0,-1.1041288375854492,8.445178031921387,1.1041288375854492,CORRECT
0001-0068-0003,The Pulp được thiết kế như thế nào?,,"Các sàn với nhạc điện tử như Le Rex, Batofar - một chiếc thuyền được cải tạo thành hộp đêm",False,False,0,0.0,1.0,1.2798857688903809,7.117586612701416,-1.2798857688903809,UNANSWERABLE_FALSE_POSITIVE
0001-0068-0004,Các quán và phòng hòa nhạc nào đã xuất hiện ở Paris vào thế kỷ nay?,,quán Moulin de la galette và cà phê hòa nhạc Élysée Montmartre cùng Château-Rouge,False,False,0,0.0,1.0,1.275975227355957,7.404480934143066,-1.275975227355957,UNANSWERABLE_FALSE_POSITIVE
0001-0068-0005,Những nơi giải trí cho giới trẻ nôỉ tiếng ở Paris?,"hộp đêm Queen, vũ trường L'Étoile, Le Cab",,True,True,0,0.0,1.0,3.3723063468933105,5.354776859283447,-3.3723063468933105,ANSWERABLE_PREDICTED_EMPTY
0001-0069-0001,Rạp phim lớn nhất Paris tên gì?,Le Grand Rex,,True,True,0,0.0,1.0,3.399482250213623,5.31997537612915,-3.399482250213623,ANSWERABLE_PREDICTED_EMPTY
0001-0069-0002,Quy mô của phần lớn các rạp chiếu phim ở Paris như thế nào?,nhỏ hơn 1.000 chỗ,,True,True,0,0.0,1.0,4.563591480255127,4.140418529510498,-4.563591480255127,ANSWERABLE_PREDICTED_EMPTY
0001-0069-0003,Vị thế của phim Hollywood như thế nào tại châu Âu?,chiếm một thị phần lớn tại các rạp,phim Hollywood chiếm một thị phần lớn tại các rạp của Paris,True,False,0,0.8,1.0,1.2068052291870117,7.458320617675781,-1.2068052291870117,SPAN_TOO_LONG
0001-0069-0004,Quy mô của phần lớn các rạp chiếu phim ở Hollywood như thế nào?,,,False,True,1,1.0,1.0,3.530276298522949,5.178606986999512,-3.530276298522949,CORRECT_NO_ANSWER
0001-0069-0005,Các rạp phim lớn ở Paris đa số thuộc tập đòan nào?,"UGC, Gaumont","UGC, Gaumont",True,False,1,1.0,1.0,-3.0855484008789062,10.386430740356445,3.0855484008789062,CORRECT
0001-0070-0001,Nhờ vào đâu mà hình thức cà phê thềm phát triển?,quy họach lại thành phố cùng sự xuất hiện các đại lộ lớn với vỉa hè,Những quán cà phê vườn,True,False,0,0.0,1.0,0.9215917587280273,7.511514663696289,-0.9215917587280273,WRONG_SPAN
0001-0070-0002,Khu vực nào tập trung nhiều du khách ở Paris?,"Montmartre, Champs-Élysées",,True,True,0,0.0,1.0,2.6288599967956543,5.954489231109619,-2.6288599967956543,ANSWERABLE_PREDICTED_EMPTY
0001-0070-0003,Quán cafe xuất hiện thứ hai ở Paris nằm ở đâu?,quán Café Procope,,True,True,0,0.0,1.0,2.5804548263549805,5.943181037902832,-2.5804548263549805,ANSWERABLE_PREDICTED_EMPTY
0001-0070-0004,Khu vực nào tập trung nhiều du khách ở Palais-Royal?,,,False,True,1,1.0,1.0,3.4704551696777344,5.160839080810547,-3.4704551696777344,CORRECT_NO_ANSWER
0001-0070-0005,Nhờ vào đâu mà hình thức cà phê Régence phát triển?,,,False,True,1,1.0,1.0,2.607950210571289,5.992086410522461,-2.607950210571289,CORRECT_NO_ANSWER
0001-0071-0001,Ai đã thành lập La Taverne Anglaise vào thế kỷ 18?,Antoine Beauvilliers,,True,True,0,0.0,1.0,2.7581944465637207,5.6610426902771,-2.7581944465637207,ANSWERABLE_PREDICTED_EMPTY
0001-0071-0002,Mô hình của các khu vườn ở Paris hiện nay là dựa vào đâu?,,,False,True,1,1.0,1.0,2.524731159210205,5.927903652191162,-2.524731159210205,CORRECT_NO_ANSWER
0001-0071-0003,Mô hình của các nhà hàng ở Paris hiện nay là dựa vào đâu?,La Taverne Anglaise,La Taverne Anglaise,True,False,1,1.0,1.0,1.04962158203125,7.219574928283691,-1.04962158203125,CORRECT
0001-0071-0004,Các nhà hàng ở Paris từ lâu đã nổi tiếng về điều gì?,"món ăn ngon, thức ăn được chuẩn bị rất tỉ mỉ và trình bày rất khéo léo",,True,True,0,0.0,1.0,3.4809322357177734,5.092777252197266,-3.4809322357177734,ANSWERABLE_PREDICTED_EMPTY
0001-0072-0001,Những nước nào trên thế giới có sự hiện diện của ẩm thực Paris?,,,False,True,1,1.0,1.0,3.003490447998047,5.630396842956543,-3.003490447998047,CORRECT_NO_ANSWER
0001-0072-0002,Ẩm thực Paris có sự hiện diện của những nước nào trên thế giới?,"Ý, Ấn Độ, Trung Quốc, Việt Nam, Thái Lan",,True,True,0,0.0,1.0,3.1260929107666016,5.501688003540039,-3.1260929107666016,ANSWERABLE_PREDICTED_EMPTY
0001-0072-0003,Điều kiện gián tiếp giúp ẩm thực Paris trở nên phong phú là gì?,Nhờ giao thông đường sắt vào giữa thế kỷ 19 và cách mạng công nghiệp,,True,True,0,0.0,1.0,2.0802221298217773,6.497950553894043,-2.0802221298217773,ANSWERABLE_PREDICTED_EMPTY
0001-0072-0004,Điều kiện gián tiếp giúp ẩm thực Việt Nam trở nên phong phú là gì?,,,False,True,1,1.0,1.0,3.1388206481933594,5.523111343383789,-3.1388206481933594,CORRECT_NO_ANSWER
0001-0072-0005,Nhà hàng Maxim's nổi tiếng về điều gì?,nhà hàng được trang trí theo phong cách Tân nghệ thuật,Maxim's - nhà hàng được trang trí theo phong cách Tân nghệ thuật,True,False,0,0.9166666666666666,1.0,-0.07232379913330078,8.080056190490723,0.07232379913330078,SPAN_TOO_LONG
0001-0073-0001,Khách sạn đại diện cho quảng trường nào của Crillon?,,khách sạn Ritz trên quảng trường Vendôme mở cửa năm 1898 và khách sạn Crillon trên quảng trường Concorde,False,False,0,0.0,1.0,0.3583230972290039,7.7384185791015625,-0.3583230972290039,UNANSWERABLE_FALSE_POSITIVE
0001-0073-0002,Khách sạn Paris bắt đầu họat động vào thời gian nào?,,,False,True,1,1.0,1.0,6.209466934204102,2.517820358276367,-6.209466934204102,CORRECT_NO_ANSWER
0001-0073-0003,Vì sao có nhiều khách sạn xuất hiện ở Paris vào cuối thế kỷ 20?,,,False,True,1,1.0,1.0,4.3339972496032715,4.257872104644775,-4.3339972496032715,CORRECT_NO_ANSWER
0001-0073-0004,Khách sạn Crillon đại diện cho quảng trường nào?,Concorde,quảng trường Concorde,True,False,0,0.5,1.0,0.3316960334777832,7.3257646560668945,-0.3316960334777832,SPAN_TOO_LONG
0001-0073-0005,Vì sao có nhiều khách sạn xuất hiện ở Paris vào đầu thế kỷ 20?,những cuộc Triển lãm thế giới được tổ chức ở đây đã kéo theo một số lượng lớn du khách từ khắp nơi tới thành phố,,True,True,0,0.0,1.0,4.615586280822754,4.000118255615234,-4.615586280822754,ANSWERABLE_PREDICTED_EMPTY
0001-0073-0006,Khách sạn Vendôme bắt đầu họat động vào thời gian nào?,năm 1898,khách sạn Ritz,True,False,0,0.0,1.0,1.042008399963379,7.425605773925781,-1.042008399963379,WRONG_SPAN
0001-0074-0001,Có sự kiện gì xảy ra vào ngày Quốc khánh trên Quốc lộ Champs-Élysées?,chặng đích của cuộc đua xe đạp Tour de France,"duyệt binh truyền thống tại đại lộ Champs-Élysées. Cũng vào cuối tháng này, Champs-Élysées là chặng đích của cuộc đua xe đạp Tour de France",True,False,0,0.5405405405405406,1.0,0.06333351135253906,8.266767501831055,-0.06333351135253906,SPAN_TOO_LONG
0001-0074-0002,Sự kiện Paris-Plage là gì?,thay đổi một phần bờ sông Seine thành bãi biển nhân tạo với cát và các ghế vải gập,"thành phố tổ chức Paris-Plage, thay đổi một phần bờ sông Seine thành bãi biển nhân tạo với cát và các ghế vải gập",True,False,0,0.8636363636363636,1.0,0.063385009765625,8.304718971252441,-0.063385009765625,SPAN_TOO_LONG
0001-0074-0003,FAIC tổ chức vào tháng mấy hằng năm?,Tháng mười,,True,True,0,0.0,1.0,2.5404443740844727,6.188360214233398,-2.5404443740844727,ANSWERABLE_PREDICTED_EMPTY
0001-0074-0004,Tour de France kết thúc vào tháng mấy hằng năm?,bảy,,True,True,0,0.0,1.0,2.3030576705932617,6.394743919372559,-2.3030576705932617,ANSWERABLE_PREDICTED_EMPTY
0001-0075-0001,Sự khác biệt của 20 phút và Le Parisien so với Mestro là gì?,,Métro là hai nhật báo miễn phí,False,False,0,0.0,1.0,-0.48083019256591797,8.225631713867188,0.48083019256591797,UNANSWERABLE_FALSE_POSITIVE
0001-0075-0002,Hai hãng nhật báo văn hóa ở Paris đã ngưng họat động tên gì?,Zurban và Le Pariscope,,True,True,0,0.0,1.0,2.2081594467163086,6.296023368835449,-2.2081594467163086,ANSWERABLE_PREDICTED_EMPTY
0001-0075-0003,Đa số các hãng báo của Pháp nằm ở đâu?,Paris,,True,True,0,0.0,1.0,3.1528611183166504,5.519893169403076,-3.1528611183166504,ANSWERABLE_PREDICTED_EMPTY
0001-0075-0004,Sự khác biệt của 20 phút và Mestro so với Le Parisien là gì?,không có nguồn gốc ở Paris,Le Parisien là nhật báo chính của Paris. 20 phút và Métro là hai nhật báo miễn phí,True,False,0,0.08333333333333333,1.0,-0.39876747131347656,8.199355125427246,0.39876747131347656,SPAN_TOO_LONG
0001-0075-0005,Hai hãng nhật báo văn hóa ở Pháp đã ngưng họat động tên gì?,,,False,True,1,1.0,1.0,2.4020767211914062,6.149480819702148,-2.4020767211914062,CORRECT_NO_ANSWER
0001-0075-0006,Đa số các hãng báo của thành phố nằm ở đâu?,,,False,True,1,1.0,1.0,4.216042518615723,4.503893852233887,-4.216042518615723,CORRECT_NO_ANSWER
0001-0076-0001,Pablo Picasso sống trong thế kỷ thứ mấy?,thế kỷ 20,,True,True,0,0.0,1.0,2.5670576095581055,6.117707252502441,-2.5670576095581055,ANSWERABLE_PREDICTED_EMPTY
0001-0076-0002,Paris trở thành trái tim của Thời kỳ ánh sáng dựa vào ai?,"Rousseau, Voltaire",,True,True,0,0.0,1.0,5.072216272354126,3.7037675380706787,-5.072216272354126,ANSWERABLE_PREDICTED_EMPTY
0001-0076-0003,"Cuối thế kỷ 19, Paris có vị thế thế nào trong làng hội họa?",thủ đô của hội họa,"thành phố trở thành thủ đô của hội họa, với các trường phái Ấn tượng, Hậu ấn tượng",True,False,0,0.4347826086956522,1.0,-1.7662534713745117,9.139701843261719,1.7662534713745117,SPAN_TOO_LONG
0001-0077-0001,Sự kiện gì đánh dấu sự khởi đầu của điện ảnh Paris?,"Ngày 28 tháng 12 năm 1895, buổi chiếu phim đầu tiên của anh em Auguste và Louis Lumière tổ chức tại Salon Indien nằm dưới tầng hầm quán cà phê Grand Café",buổi chiếu phim đầu tiên của anh em Auguste và Louis Lumière tổ chức tại Salon Indien nằm dưới tầng hầm quán cà phê Grand Café ở Paris,True,False,0,0.8666666666666666,1.0,-1.018692970275879,9.237491607666016,1.018692970275879,SPAN_TOO_SHORT
0001-0077-0002,Có những danh họa nào sống ở Paris vào thế kỷ 19?,"Vincent van Gogh, Paul Cézanne, Auguste Rodin, Alfred Sisley, Paul Gauguin, Auguste Renoir, Camille Pissarro",,True,True,0,0.0,1.0,3.5411386489868164,5.159022331237793,-3.5411386489868164,ANSWERABLE_PREDICTED_EMPTY
0001-0077-0003,Tác phẩm nào đánh dấu sự trí thức cho trường phái ấn tượng?,,bức tranh Ấn tượng mặt trời mọc,False,False,0,0.0,1.0,-0.29518985748291016,8.875131607055664,0.29518985748291016,UNANSWERABLE_FALSE_POSITIVE
0001-0077-0004,Sự kiện gì đánh dấu sự tiến bộ của điện ảnh Paris?,,buổi chiếu phim đầu tiên của anh em Auguste và Louis Lumière tổ chức tại Salon Indien nằm dưới tầng hầm quán cà phê Grand Café ở Paris,False,False,0,0.0,1.0,-0.06386280059814453,8.53657054901123,0.06386280059814453,UNANSWERABLE_FALSE_POSITIVE
0001-0077-0005,Tác phẩm nào đánh dấu sự khởi đầu cho trường phái ấn tượng?,bức tranh Ấn tượng mặt trời mọc,bức tranh Ấn tượng mặt trời mọc,True,False,1,1.0,1.0,-1.5241222381591797,9.939455032348633,1.5241222381591797,CORRECT
0001-0077-0006,Có những danh họa nào sống ở Paris vào thế kỷ 12?,,,False,True,1,1.0,1.0,1.876622200012207,6.82850456237793,-1.876622200012207,CORRECT_NO_ANSWER
0001-0078-0001,Ai là người đi tiên phong trong trường phái sáng tạo?,,,False,True,1,1.0,1.0,4.851524829864502,3.9236321449279785,-4.851524829864502,CORRECT_NO_ANSWER
0001-0078-0002,Giai đọan tiểu thuyết bắt đầu bùng nổ mạnh mẽ ở Paris là lúc nào?,đầu thế kỷ 20,,True,True,0,0.0,1.0,2.6157054901123047,6.172065734863281,-2.6157054901123047,ANSWERABLE_PREDICTED_EMPTY
0001-0078-0003,Ai là người đi tiên phong trong trường phái lập thể?,Georges Braque và Pablo Picasso,,True,True,0,0.0,1.0,4.807070732116699,3.981869697570801,-4.807070732116699,ANSWERABLE_PREDICTED_EMPTY
0001-0078-0004,"Ai là người viết tác phẩm ""Đi tim thời gian đã mất""?",Marcel Proust,Marcel Proust,True,False,1,1.0,1.0,1.5766267776489258,7.13215446472168,-1.5766267776489258,CORRECT
0001-0078-0005,Giai đọan tiểu thuyết bắt đầu bùng nổ mạnh mẽ ở Anh là lúc nào?,,,False,True,1,1.0,1.0,3.3990559577941895,5.4393744468688965,-3.3990559577941895,CORRECT_NO_ANSWER
0001-0079-0001,"Nước nào có nền nghệ thuật,kiến truc,âm nhạc phát triển nhất châu Âu sau thế kỷ 18?",nước Pháp,nước Pháp,True,False,1,1.0,1.0,0.9132037162780762,7.398108959197998,-0.9132037162780762,CORRECT
0001-0079-0002,Người may trang phục ở đâu có tay nghề tốt nhất?,Pháp,,True,True,0,0.0,1.0,4.029928684234619,4.5970330238342285,-4.029928684234619,ANSWERABLE_PREDICTED_EMPTY
0001-0079-0003,Trang phục truyền thống châu Âu lan truyền đến những nơi khác bằng cách gì?,,,False,True,1,1.0,1.0,2.6804113388061523,5.814665794372559,-2.6804113388061523,CORRECT_NO_ANSWER
0001-0079-0004,Trang phục truyền thống Pháp lan truyền đến những nơi khác bằng cách gì?,Những du khách tới Paris và mang về các bộ quần áo rồi lại được những nhà may địa phương bắt chước,,True,True,0,0.0,1.0,3.1906309127807617,5.371885299682617,-3.1906309127807617,ANSWERABLE_PREDICTED_EMPTY
0001-0079-0005,"Nước nào có nền nghệ thuật, kiến trúc, âm nhạc phát triển nhất thế kỷ 18 sau châu Âu?",,nước Pháp,False,False,0,0.0,1.0,0.8262596130371094,7.456060409545898,-0.8262596130371094,UNANSWERABLE_FALSE_POSITIVE
0001-0079-0006,Người may trang phục ở đâu có tay nghề bắt chước?,,,False,True,1,1.0,1.0,3.5943446159362793,4.847448825836182,-3.5943446159362793,CORRECT_NO_ANSWER
0001-0080-0001,Thời trang Paris có vị thế thế nào đối với phái mạnh?,,,False,True,1,1.0,1.0,6.064916133880615,2.7613415718078613,-6.064916133880615,CORRECT_NO_ANSWER
0001-0080-0002,"Sau thế chiến II, có những nhà thiết kế thời trang nào của Paris nổi tiếng trên thế giới?","Yves Saint Laurent, Pierre Cardin, Givenchy",,True,True,0,0.0,1.0,5.96165657043457,2.9037609100341797,-5.96165657043457,ANSWERABLE_PREDICTED_EMPTY
0001-0080-0003,Thời trang Paris có vị thế thế nào đối với phái đẹp?,chuẩn mực cho tất cả phụ nữ ở các thành phố lớn trên thế giới,,True,True,0,0.0,1.0,5.594330549240112,3.217606782913208,-5.594330549240112,ANSWERABLE_PREDICTED_EMPTY
0001-0080-0004,Người sáng lập nên Paris ở Haute couture đến từ nước nào?,,,False,True,1,1.0,1.0,3.4831762313842773,5.231390953063965,-3.4831762313842773,CORRECT_NO_ANSWER
0001-0080-0005,Người sáng lập nên Haute couture ở Paris đến từ nước nào?,Anh,,True,True,0,0.0,1.0,3.158616065979004,5.578719139099121,-3.158616065979004,ANSWERABLE_PREDICTED_EMPTY
0001-0081-0001,Hiện nay Paris co những mạng lưới thương mại lớn nào?,"Galeries Lafayette, Printemps, Le Bon Marché, La Samaritaine và BHV","Paris có tất cả năm hệ thống đại cửa hàng: Galeries Lafayette, Printemps, Le Bon Marché, La Samaritaine và BHV.",True,False,0,0.6666666666666666,1.0,0.6999912261962891,7.91849422454834,-0.6999912261962891,SPAN_TOO_LONG
0001-0081-0002,Sự mọc lên của các trung tâm thương mại ở Paris được xem như là gì vào thế kỷ 19?,một ý tưởng cách mạng,các cửa hàng hiện đại,True,False,0,0.0,1.0,-0.6126308441162109,8.943977355957031,0.6126308441162109,WRONG_SPAN
0001-0081-0003,Người đi đầu phát triển trung tâm thương mại ở Paris là ai?,Le Bon Marché,"Paris có tất cả năm hệ thống đại cửa hàng: Galeries Lafayette, Printemps, Le Bon Marché, La Samaritaine và BHV.",True,False,0,0.2608695652173913,1.0,1.7607192993164062,6.965274810791016,-1.7607192993164062,SPAN_TOO_LONG
0001-0081-0004,Người đi đầu tiểu thuyết trung tâm thương mại ở Paris là ai?,,,False,True,1,1.0,1.0,1.8478236198425293,6.832244396209717,-1.8478236198425293,CORRECT_NO_ANSWER
0001-0082-0001,"Vì sao ""Tấn trò đời""là một công trình to lớn, đồ sộ?","Gồm hơn 100 tác phẩm, gồm cả tiểu thuyết, truyện ngắn, tiểu luận","Tấn trò đời (La Comédie Humaine). Gồm hơn 100 tác phẩm, gồm cả tiểu thuyết, truyện ngắn, tiểu luận... Tấn trò đời với vô số các nhân vật ở Paris",True,False,0,0.6046511627906976,1.0,1.4606456756591797,7.254075050354004,-1.4606456756591797,SPAN_TOO_LONG
0001-0082-0002,Tác giả của công trình thành phố là ai?,,,False,True,1,1.0,1.0,2.3533849716186523,6.415644645690918,-2.3533849716186523,CORRECT_NO_ANSWER
0001-0082-0003,"Vì sao ""Le Testament"" là một công trình to lớn, đồ sộ?",,Tấn trò đời,False,False,0,0.0,1.0,1.2977166175842285,7.492922306060791,-1.2977166175842285,UNANSWERABLE_FALSE_POSITIVE
0001-0082-0004,"""Tấn trò đời"" ra đời trong thời kỳ nào?",nền Quân chủ tháng bảy,"Tấn trò đời (La Comédie Humaine). Gồm hơn 100 tác phẩm, gồm cả tiểu thuyết, truyện ngắn, tiểu luận... Tấn trò đời với vô số các nhân vật ở Paris",True,False,0,0.0,1.0,0.9462862014770508,7.575803756713867,-0.9462862014770508,WRONG_SPAN
0001-0082-0005,"Tác giả của công trình ""Tấn trò đời"" là ai?",Honoré de Balzac,"Tấn trò đời (La Comédie Humaine). Gồm hơn 100 tác phẩm, gồm cả tiểu thuyết, truyện ngắn, tiểu luận... Tấn trò đời với vô số các nhân vật ở Paris",True,False,0,0.0,1.0,1.402693748474121,7.216291427612305,-1.402693748474121,WRONG_SPAN
0001-0083-0001,"Nội dung ""Những người khốn khổ"" nói về gì?","miêu tả cuộc sống nhiều mặt của thành phố, khiến Paris trở thành cổ điển",,True,True,0,0.0,1.0,3.2068891525268555,5.387017250061035,-3.2068891525268555,ANSWERABLE_PREDICTED_EMPTY
0001-0083-0002,Nội dung tiểu thuyết nói về gì?,,,False,True,1,1.0,1.0,3.769906997680664,4.872209548950195,-3.769906997680664,CORRECT_NO_ANSWER
0001-0083-0003,"""Bí mật thành Paris"" viết về giai cấp nào trong xã hội?",tầng lớn dưới đáy xã hội,tầng lớn dưới đáy xã hội,True,False,1,1.0,1.0,-0.8421630859375,9.058860778808594,0.8421630859375,CORRECT
0001-0083-0004,"""Tấn trò đời"" nói về giai cấp nào trong xã hội?",các tầng lớp cao,,True,True,0,0.0,1.0,3.7797231674194336,4.906994819641113,-3.7797231674194336,ANSWERABLE_PREDICTED_EMPTY
0001-0083-0005,"""Nhà thờ Đức Bà Paris"" viết về giai cấp nào trong xã hội?",,Nhà thờ Đức Bà Paris,False,False,0,0.0,1.0,1.6738691329956055,6.852341651916504,-1.6738691329956055,UNANSWERABLE_FALSE_POSITIVE
0001-0084-0001,"Ai đã sọan kịch cho tác phẩm ""Bóng ma trong nhà hát""?",Andrew Lloyd Webber,tiểu thuyết Bóng ma trong nhà hát (Le Fantôme de l'Opéra) của Gaston Leroux,True,False,0,0.0,1.0,1.2091846466064453,7.649569511413574,-1.2091846466064453,WRONG_SPAN
0001-0084-0002,"Hình ảnh Paris xuất hiện trong tác phẩm ""Zazie dans le métro"" như thế nào?","một thành phố hoang đường, đôi khi khôi hài và nực cười","Paris thành một thành phố hoang đường, đôi khi khôi hài và nực cười",True,False,0,0.923076923076923,1.0,-1.0555849075317383,9.367134094238281,1.0555849075317383,SPAN_TOO_LONG
0001-0084-0003,Những quy họach của Haussmann xuất hiện trong những tác phẩm nào?,"Le Ventre de Paris, Nana, Au Bonheur des Dames",,True,True,0,0.0,1.0,3.781095504760742,5.086907386779785,-3.781095504760742,ANSWERABLE_PREDICTED_EMPTY
0001-0085-0001,Cuộc sống hằng ngày của Paris bắt dầu hấp dẫn cac danh họa vào lúc nào?,thế kỷ 19,đời sống thường nhật của Paris,True,False,0,0.0,1.0,1.502150535583496,7.1866254806518555,-1.502150535583496,WRONG_SPAN
0001-0086-0001,Hector Guimard là nghệ sĩ theo trường phái nào?,Tân nghệ thuật,Tân nghệ thuật,True,False,1,1.0,1.0,1.2310118675231934,7.454041004180908,-1.2310118675231934,CORRECT
0001-0086-0002,Hình xuất hiện của nghệ thuật đương đại ở đâu tại Paris?,Palais-Royal với các cây cột của nhà điêu khắc Daniel Buren hay ở Trung tâm Pompidou với đài phun nước Stravinski của Jean Tinguely và Niki de Saint Phalle,,True,True,0,0.0,1.0,2.219114303588867,6.460882186889648,-2.219114303588867,ANSWERABLE_PREDICTED_EMPTY
0001-0086-0003,Ai là tác giả của tác phẩm điêu khắc đương đại vào thế kỷ 19?,,,False,True,1,1.0,1.0,2.467273712158203,6.368618011474609,-2.467273712158203,CORRECT_NO_ANSWER
0001-0086-0004,Jean-Baptiste Carpeaux là nghệ sĩ theo trường phái nào?,,đài phun nước tại Đài thiên văn,False,False,0,0.0,1.0,0.8936214447021484,7.669373512268066,-0.8936214447021484,UNANSWERABLE_FALSE_POSITIVE
0001-0086-0005,Ai là tác giả của tác phẩm điêu khắc đài phun nước vào thế kỷ 19?,Jean-Baptiste Carpeaux,"François Rude với bức phù điêu La Marseillaise trên Khải Hòan Môn, hay Jean-Baptiste Carpeaux với đài phun nước tại Đài thiên văn",True,False,0,0.2222222222222222,1.0,0.7432565689086914,7.983736038208008,-0.7432565689086914,SPAN_TOO_LONG
0001-0087-0001,Nền âm nhạc Ý bắt đầu phát triển từ lúc nào?,,,False,True,1,1.0,1.0,6.981800556182861,1.8519577980041504,-6.981800556182861,CORRECT_NO_ANSWER
0001-0087-0002,Nền âm nhạc Paris bắt đầu phát triển từ lúc nào?,thời Phục Hưng,,True,True,0,0.0,1.0,6.356522560119629,2.4374265670776367,-6.356522560119629,ANSWERABLE_PREDICTED_EMPTY
0001-0087-0003,Các bài hát dễ lan truyền hơn nhờ phát minh ra thứ gì?,công nghệ in ấn,,True,True,0,0.0,1.0,7.692168831825256,1.19723641872406,-7.692168831825256,ANSWERABLE_PREDICTED_EMPTY
0001-0087-0004,Bài hát Carmagnole đóng vai trò gì trong lịch sử Pháp?,biểu tượng cho những người cách mạng vào năm 1792,,True,True,0,0.0,1.0,2.5286660194396973,6.075555324554443,-2.5286660194396973,ANSWERABLE_PREDICTED_EMPTY
0001-0088-0001,Nữ ca sĩ nào nổi tiếng nhất trong nền lịch sử âm nhạc Pháp?,""" la divine "" Sarah Bernhardt",""" la divine "" Sarah Bernhardt",True,False,1,1.0,1.0,-0.9115715026855469,9.478986740112305,0.9115715026855469,CORRECT
0001-0088-0002,Thể lọai nhạc xuất hiện trong nước ngòai là gì?,,,False,True,1,1.0,1.0,4.934641599655151,3.9562857151031494,-4.934641599655151,CORRECT_NO_ANSWER
0001-0088-0003,Ai đã nâng tầm mạnh mẽ cho âm nhạc ba lê Nga?,,,False,True,1,1.0,1.0,3.830216407775879,4.898125648498535,-3.830216407775879,CORRECT_NO_ANSWER
0001-0088-0004,Nữ ca sĩ nào nổi tiếng nhất trong nền lịch sử âm nhạc Hoa Kỳ?,,""" la divine "" Sarah Bernhardt",False,False,0,0.0,1.0,-0.3681936264038086,9.06177043914795,0.3681936264038086,UNANSWERABLE_FALSE_POSITIVE
0001-0088-0005,Thể lọai nhạc xuất hiện trong Carnaval Paris là gì?,Âm nhạc cho khiêu vũ,,True,True,0,0.0,1.0,5.297973871231079,3.550318479537964,-5.297973871231079,ANSWERABLE_PREDICTED_EMPTY
0001-0088-0006,Ai đã nâng tầm mạnh mẽ cho âm nhạc ba lê Pháp?,"Paul Dukas, Camille Saint-Saëns hay Georges Bizet",,True,True,0,0.0,1.0,2.0212535858154297,6.585878372192383,-2.0212535858154297,ANSWERABLE_PREDICTED_EMPTY
0001-0089-0001,Nội dung của bộ phim Le Dernier Messtro là gì?,gợi lại những hiện thực về thời gian thành phố bị Đức Quốc xã chiếm đóng năm 1943,,True,True,0,0.0,1.0,2.245884895324707,6.611010551452637,-2.245884895324707,ANSWERABLE_PREDICTED_EMPTY
0001-0089-0002,Câu thọai kinh điển trong La Traversée de Paris là gì?,,Paris huyền thọai và vĩnh hằng,False,False,0,0.0,1.0,-0.5786724090576172,9.048835754394531,0.5786724090576172,UNANSWERABLE_FALSE_POSITIVE
0001-0089-0003,Cảnh quay nổi tiếng trong Le Fabuleux Destin d'Amélie Poulain ở đâu?,Montmartre,Hôtel du Nord,True,False,0,0.0,1.0,-0.5744476318359375,8.845525741577148,0.5744476318359375,WRONG_SPAN
0001-0089-0004,Câu thọai kinh điển trong Hootel du Nord là gì?,""" Atmosphère, atmosphère, est-ce que j'ai une gueule d'atmosphère? ""","Atmosphère, atmosphère, est-ce que j'ai une gueule d'atmosphère? """,True,False,1,1.0,1.0,-1.0294532775878906,9.483072280883789,1.0294532775878906,CORRECT
0001-0089-0005,Nội dung của bộ phim Hôtel du Nord là gì?,,"Atmosphère, atmosphère, est-ce que j'ai une gueule d'atmosphère? """,False,False,0,0.0,1.0,1.624495029449463,7.106387615203857,-1.624495029449463,UNANSWERABLE_FALSE_POSITIVE
0001-0090-0001,"Nội dung của ""An American in Paris"" là gì?","một họa sĩ trẻ ở Paris, đã thành công rực rỡ, đạt giải Oscar cho phim hay nhất","bộ phim ca nhạc An American in Paris, nói về một họa sĩ trẻ ở Paris",True,False,0,0.411764705882353,1.0,-0.15146160125732422,8.637283325195312,0.15146160125732422,SPAN_TOO_SHORT
0001-0091-0001,Hình ảnh tháp Eiffel đổ xuất hiện ở đâu?,các phim khoa học viễn tưởng,,True,True,0,0.0,1.0,4.921285152435303,3.8767457008361816,-4.921285152435303,ANSWERABLE_PREDICTED_EMPTY
0001-0091-0002,Bóng ma trong nhà hát nói về Paris trong thời kỳ nào?,thời Belle Époque,Bóng ma trong nhà hát,True,False,0,0.0,1.0,0.22832965850830078,8.507153511047363,-0.22832965850830078,WRONG_SPAN
0001-0091-0003,Chú chuột đầu bếp là bộ phim do nước nào sản xuất?,Mỹ,Chú chuột đầu bếp,True,False,0,0.0,1.0,0.8787970542907715,7.70635461807251,-0.8787970542907715,WRONG_SPAN
0001-0091-0004,Ca sĩ Satine trong phim Moulin Rouge! do ai thủ vai?,Nicole Kidman,Nicole Kidman vào vai cô ca sĩ Satine của quán Moulin Rouge yêu chàng nhà văn Christian,True,False,0,0.21052631578947367,1.0,-0.8670444488525391,9.054845809936523,0.8670444488525391,SPAN_TOO_LONG
0001-0091-0005,Hình ảnh sân khấu đổ xuất hiện ở đâu?,,,False,True,1,1.0,1.0,5.063953876495361,3.7991786003112793,-5.063953876495361,CORRECT_NO_ANSWER
0002-0001-0001,Vào ngày nào thì James Cook đã trông thấy Nouvelle-Calédonie?,ngày 4 tháng 9 năm 1774,ngày 4 tháng 9 năm 1774,True,False,1,1.0,1.0,-1.4910335540771484,9.254854202270508,1.4910335540771484,CORRECT
0002-0001-0002,Nguyên nhân mà sau năm 1840 thì Nouvelle-Calédonie trở nên thường xuyên được tiếp xúc hơn là gì?,do mối quan tâm đến gỗ đàn hương từ Nouvelle-Calédonie,mối quan tâm đến gỗ đàn hương từ Nouvelle-Calédonie,True,False,0,0.9523809523809523,1.0,-4.2106781005859375,9.524598121643066,4.2106781005859375,SPAN_TOO_SHORT
0002-0001-0003,Vào năm nào thì những người châu Âu đầu tiên đã đến thăm quần đảo Loyauté?,năm 1796,năm 1796,True,False,1,1.0,1.0,-2.021763801574707,9.711761474609375,2.021763801574707,CORRECT
0002-0001-0004,Nouvelle-Calédonie được trông thấy lần đầu bởi người châu Âu nào?,James Cook,Nhà thám hiểm người Anh James Cook,True,False,0,0.4444444444444445,1.0,-2.331423759460449,9.897356033325195,2.331423759460449,SPAN_TOO_LONG
0002-0001-0005,Vào ngày nào thì James Cook đã bắt giữ Nouvelle-Calédonie?,,ngày 4 tháng 9 năm 1774 trong hành trình thứ nhì của ông,False,False,0,0.0,1.0,0.9074153900146484,7.432559967041016,-0.9074153900146484,UNANSWERABLE_FALSE_POSITIVE
0002-0001-0006,Trước khi ông Jean-Francois de Galaup phát hiện ra Nouvelle-Calédonie thì ai đã tìm thấy nó?,James Cook,Nhà thám hiểm người Anh James Cook là người châu Âu đầu tiên trông thấy Nouvelle-Calédonie,True,False,0,0.21052631578947367,1.0,0.5996341705322266,7.692840576171875,-0.5996341705322266,SPAN_TOO_LONG
0002-0001-0007,Lý do mà James Cook đặt tên cho hòn đảo được ông khám phá ra vào ngày 4 tháng 9 năm 1774 là gì?,phần đông bắc của đảo khiến ông nhớ đến Scotland,Nouvelle-Calédonie,True,False,0,0.0,1.0,-2.7920331954956055,10.27862548828125,2.7920331954956055,WRONG_SPAN
0002-0002-0001,Trong 4.200 tù nhân chính trị được đưa đến Nouvelle- Calédonie từ năm 1873 đến 1876 thì thì có bao nhiêu người định cư tại thuộc địa?,40,40 trong số này định cư tại thuộc địa,True,False,0,0.19999999999999998,1.0,-3.986011505126953,9.65613079071045,3.986011505126953,SPAN_TOO_LONG
0002-0002-0002,Khu vực nào bị ông Febvrier Despointes chiếm giữ và là nơi giam cầm khỏang 22.000 tù nhân?,Nouvelle-Calédonie,Nouvelle-Calédonie,True,False,1,1.0,1.0,-2.1728744506835938,10.37877082824707,2.1728744506835938,CORRECT
0002-0002-0003,Những đợt ân xá của năm nào đã giúp cho phần lớn các tù binh chính trị được giải đến Nouvelle-Calédonie được trở về Pháp?,năm 1879 và 1880,Từ năm 1873 đến năm 1876,True,False,0,0.2,1.0,-1.8746404647827148,8.097657203674316,1.8746404647827148,SPAN_TOO_LONG
0002-0002-0004,Ai đã tuân theo lệnh của Hòang đế Napoléon III để giành quyền chiếm hữu đối với Nouvelle-Calédonie và Port-de-France?,Đô đốc Febvrier Despointes,Đô đốc Febvrier Despointes,True,False,1,1.0,1.0,-3.243417739868164,10.437261581420898,3.243417739868164,CORRECT
0002-0002-0005,Trong giai đọan nào thì Nouvelle-Calédonie đã tiếp nhận 4.200 tù nhân chính trị?,Từ năm 1873 đến năm 1876,Từ năm 1873 đến năm 1876,True,False,1,1.0,1.0,-2.1476621627807617,8.509649276733398,2.1476621627807617,CORRECT
0002-0002-0006,Nouvelle-Calédonie đã tử hình số lượng tù binh là bao nhiêu trong suốt khỏang thời gian từ thập niên 1860 đến 1897?,,22.000 tù nhân hình sự và chính trị bị đưa sang Nouvelle-Calédonie,False,False,0,0.0,1.0,-3.1078720092773438,9.888901710510254,3.1078720092773438,UNANSWERABLE_FALSE_POSITIVE
0002-0002-0007,Nouvelle-Calédonie đã tiếp nhận số lượng tù binh là bao nhiêu trong suốt khỏang thời gian từ thập niên 1860 đến 1897?,khỏan 22.000 tù nhân,22.000 tù nhân hình sự và chính trị bị đưa sang Nouvelle-Calédonie,True,False,0,0.4210526315789473,1.0,-2.818814754486084,9.718648910522461,2.818814754486084,SPAN_TOO_LONG
0002-0003-0001,Vào năm 1878 thì số lượng người Kanak là bao nhiêu?,,Dân số người Kanak giảm từ 60.000,False,False,0,0.0,1.0,0.33335399627685547,7.493500709533691,-0.33335399627685547,UNANSWERABLE_FALSE_POSITIVE
0002-0003-0002,Trong cuộc phản ứng chiến tranh của Atal thì đã có bao nhiêu người Pháp thiệt mạng?,,,False,True,1,1.0,1.0,2.57595157623291,5.968686103820801,-2.57595157623291,CORRECT_NO_ANSWER
0002-0003-0003,Ai là người đã lãnh đạo tạo ra phản ứng bạo lực vào năm 1878?,tù trưởng cấp cao Atal của La Foa,tù trưởng cấp cao Atal của La Foa thống nhất nhiều bộ lạc tại miền trung và phát động chiến tranh du kích,True,False,0,0.5161290322580645,1.0,-0.5892210006713867,8.670256614685059,0.5892210006713867,SPAN_TOO_LONG
0002-0003-0004,Trong cuộc phản ứng bạo lực của Atal thì đã có bao nhiêu người Pháp thiệt mạng?,200 người,200 người Pháp và 1.000 người Kanak thiệt mạng,True,False,0,0.33333333333333337,1.0,1.6297359466552734,6.731009483337402,-1.6297359466552734,SPAN_TOO_LONG
0002-0003-0005,Trong công việc buôn bán thì những người bản địa bị đối xử như thế nào?,,,False,True,1,1.0,1.0,6.479714393615723,2.311190605163574,-6.479714393615723,CORRECT_NO_ANSWER
0002-0003-0006,Những bệnh mới nào được du nhập bởi người châu Âu?,đậu mùa và sởi,Người châu Âu mang đến các bệnh mới như đậu mùa và sởi,True,False,0,0.47058823529411764,1.0,-2.064030647277832,9.336132049560547,2.064030647277832,SPAN_TOO_LONG
0002-0003-0007,Vào năm 1921 thì số lượng người Kanak là bao nhiêu?,27.100,Dân số người Kanak giảm từ 60.000 vào năm 1878 xuống còn 27.100,True,False,0,0.23529411764705882,1.0,-2.763917922973633,9.06351089477539,2.763917922973633,SPAN_TOO_LONG
0002-0003-0008,Việc gì dẫn đến số lượng người dân Kanak giảm đi phân nửa?,Người châu Âu mang đến các bệnh mới như đậu mùa và sởi,,True,True,0,0.0,1.0,3.7802963256835938,4.844970703125,-3.7802963256835938,ANSWERABLE_PREDICTED_EMPTY
0002-0003-0009,Trong công việc khai mỏ thì những người bản địa bị đối xử như thế nào?,bị hạn chế trong các khu vực riêng,,True,True,0,0.0,1.0,2.901885509490967,5.784988880157471,-2.901885509490967,ANSWERABLE_PREDICTED_EMPTY
0002-0004-0001,Trận chiến nào thì quân của Nhật Bản đã bị đẩy lui bởi hạm đội vào tháng 5 năm 1942?,trận chiến biển Coral,trận chiến biển Coral,True,False,1,1.0,1.0,-3.1697239875793457,10.24766731262207,3.1697239875793457,CORRECT
0002-0004-0002,Số lượng người dân ở nước Nouvelle-Calédonie vào năm 1942 là bao nhiêu?,đến 50.000,,True,True,0,0.0,1.0,6.228298187255859,2.589296340942383,-6.228298187255859,ANSWERABLE_PREDICTED_EMPTY
0002-0004-0003,Năm 1942 thì Nouméa trở thành một nơi như thế nào?,đại bản quan của lực lượng hải quân và lục quân của Hoa Kỳ tại Nam Thái Bình Dương,,True,True,0,0.0,1.0,4.689484596252441,4.1021623611450195,-4.689484596252441,ANSWERABLE_PREDICTED_EMPTY
0002-0004-0004,Điều gì đã xảy ra ngay sau khi Pháp đầu hàng trước lực lượng Đức?,,,False,True,1,1.0,1.0,7.063604712486267,1.8349472284317017,-7.063604712486267,CORRECT_NO_ANSWER
0002-0004-0005,Điều gì đã xảy ra ngay sau khi Pháp thất thủ trước lực lượng Đức?,Hội đồng tòan thể Nouvelle-Calédonie nhất trí ủng hộ chính phủ Pháp quốc Tự do,,True,True,0,0.0,1.0,5.25313401222229,3.6372125148773193,-5.25313401222229,ANSWERABLE_PREDICTED_EMPTY
0002-0004-0006,Nơi nào mà vào tháng 9 thì vị thống độc thân Vichy buộc phải đi đến?,Đông Dương,Đông Dương,True,False,1,1.0,1.0,1.5783491134643555,7.160479545593262,-1.5783491134643555,CORRECT
0002-0004-0007,Binh sĩ Hoa Kỳ tại quần đảo có quân số là bao nhiêu?,50.000,,True,True,0,0.0,1.0,3.0603065490722656,5.562822341918945,-3.0603065490722656,ANSWERABLE_PREDICTED_EMPTY
0002-0005-0001,Tất cả những đạo luật được Nouvelle-Calédonie thông qua trong năm 1876-1988 đều tạo nên điều gì?,bất mãn và hỗn lọan nghiêm trọng,gây nên bất mãn và hỗn lọan nghiêm trọng,True,False,0,0.8750000000000001,1.0,-3.8244919776916504,10.444581985473633,3.8244919776916504,SPAN_TOO_LONG
0002-0005-0002,Số lượng đạo luật đã được Nouvelle-Calédonie lên kế họach trong khỏang thời gian năm 1976 đến năm 1988 là bao nhiêu?,,"năm đạo luật, đều gây nên bất mãn và hỗn lọan nghiêm trọng",False,False,0,0.0,1.0,-2.008803367614746,9.476068496704102,2.008803367614746,UNANSWERABLE_FALSE_POSITIVE
0002-0005-0003,Sự bất mãn và hỗn lọan do các đạo luật mà Nouvelle-Calédonie thông qua đạt đến đỉnh cao ở sự kiện nào?,cuộc bắt cóc con tin đẫm máu tại Ouvéa,vào năm 1988 khi xảy ra cuộc bắt cóc con tin đẫm máu tại Ouvéa,True,False,0,0.7499999999999999,1.0,-1.1399002075195312,8.366802215576172,1.1399002075195312,SPAN_TOO_LONG
0002-0005-0004,Tại sao hiệp định Matignon ra đời?,"Nouvelle-Calédonie thông qua năm đạo luật, đều gây nên bất mãn và hỗn lọan nghiêm trọng",,True,True,0,0.0,1.0,4.089472770690918,4.667092323303223,-4.089472770690918,ANSWERABLE_PREDICTED_EMPTY
0002-0005-0005,Sự bất mãn và hỗn lọan do các dịch vụ mà Nouvelle-Calédonie thông qua đạt đến đỉnh cao ở sự kiện nào?,,"Từ năm 1976 đến năm 1988, Nouvelle-Calédonie thông qua năm đạo luật",False,False,0,0.0,1.0,0.11373710632324219,7.472443580627441,-0.11373710632324219,UNANSWERABLE_FALSE_POSITIVE
0002-0005-0006,Số lượng đạo luật đã được Nouvelle-Calédonie thông qua trong khỏang thời gian năm 1976 đến năm 1988 là bao nhiêu?,năm đạo luật,"năm đạo luật, đều gây nên bất mãn và hỗn lọan nghiêm trọng",True,False,0,0.375,1.0,-2.856975555419922,9.917441368103027,2.856975555419922,SPAN_TOO_LONG
0002-0005-0007,Ngày 26 tháng 6 năm 1988 đã ký các hiệp định Matignon với mục đích gì?,đảm bảo một thập niên ổn định,đảm bảo một thập niên ổn định,True,False,1,1.0,1.0,-2.6009931564331055,9.539851188659668,2.6009931564331055,CORRECT
0002-0005-0008,Tất cả những đạo luật được Nouvelle-Calédonie lên kế họach trong năm 1876-1988 đều tạo nên điều gì?,,bất mãn và hỗn lọan nghiêm trọng,False,False,0,0.0,1.0,-2.17189359664917,9.940303802490234,2.17189359664917,UNANSWERABLE_FALSE_POSITIVE
0002-0005-0009,20 năm chuyển đổi được đưa ra trong Hiệp định Nouméa là sự chuyển đổi nào?,chuyển giao thẩm quyền cho chính quyền địa phương,dần chuyển giao thẩm quyền cho chính quyền địa phương,True,False,0,0.9473684210526316,1.0,-2.0647010803222656,8.938863754272461,2.0647010803222656,SPAN_TOO_LONG
0002-0005-0010,Ngày 26 tháng 6 năm 1998 đã ký các hiệp định Matignon với mục đích gì?,,đảm bảo một thập niên ổn định,False,False,0,0.0,1.0,-1.9049010276794434,8.976768493652344,1.9049010276794434,UNANSWERABLE_FALSE_POSITIVE
0002-0006-0001,Cấp chính quyền nhỏ hơn thị tộc được gọi là gì?,,"tù trưởng thị tộc, và gồm có 341 bộ lạc có người đứng đầu là tù trưởng bộ lạc",False,False,0,0.0,1.0,1.3942699432373047,7.088266372680664,-1.3942699432373047,UNANSWERABLE_FALSE_POSITIVE
0002-0006-0002,Cấp chính quyền nhỏ hơn bộ lạc được gọi là gì?,tù bang tục lệ,,True,True,0,0.0,1.0,2.6417155265808105,5.848165988922119,-2.6417155265808105,ANSWERABLE_PREDICTED_EMPTY
0002-0006-0003,Trong mỗi dân tộc sẽ có bao nhiêu bộ lạc?,,,False,True,1,1.0,1.0,2.5733909606933594,5.907688140869141,-2.5733909606933594,CORRECT_NO_ANSWER
0002-0006-0004,Những quyền nào là quyền của Thượng viện Tục lệ?,có quyền hạ về đề xuất luật liên quan đến bản sắc Kanak,"Thượng viện Tục lệ là hội nghị của một số hội đồng truyền thống của người Kanak, và có quyền hạ về đề xuất luật liên quan đến bản sắc Kanak",True,False,0,0.5909090909090909,1.0,1.7781429290771484,6.707036018371582,-1.7781429290771484,SPAN_TOO_LONG
0002-0006-0005,Quyền lực tục lệ của xã hội Kanak bị Pháp kiềm hãm khi liên quan đến điều gì?,hình sự,,True,True,0,0.0,1.0,3.1741929054260254,5.071073055267334,-3.1741929054260254,ANSWERABLE_PREDICTED_EMPTY
0002-0006-0006,Những vấn đề nào thì chính quyền Pháp sẽ hạn chế đi quyền hạn của hệ thống tục lệ?,các vấn đề hình sự,hình sự,True,False,0,0.5714285714285715,1.0,0.700171947479248,7.213831424713135,-0.700171947479248,SPAN_TOO_SHORT
0002-0006-0007,Những người đứng đầu thị tộc thì được gọi là gì?,trưởng thị tộc,"tù trưởng thị tộc, và gồm có 341 bộ lạc có người đứng đầu là tù trưởng bộ lạc",True,False,0,0.2727272727272727,1.0,-0.9961891174316406,9.077945709228516,0.9961891174316406,SPAN_TOO_LONG
0002-0006-0008,Trong mỗi thị tộc sẽ có bao nhiêu bộ lạc?,341 bộ lạc,341 bộ lạc có người đứng đầu là tù trưởng bộ lạc,True,False,0,0.4,1.0,0.9209070205688477,7.346535682678223,-0.9209070205688477,SPAN_TOO_LONG
0002-0007-0001,Trên đảo có bao nhiêu nhân viên quân sự được triển khai?,,,False,True,1,1.0,1.0,4.228311061859131,4.563416004180908,-4.228311061859131,CORRECT_NO_ANSWER
0002-0007-0002,Đa số các quan chức Nouvelle-Calédonie được triển khai tại những nơi nào?,,"Koumac, Nandaï, Tontouta, Plum, và Nouméa",False,False,0,0.0,1.0,1.0690956115722656,7.449945449829102,-1.0690956115722656,UNANSWERABLE_FALSE_POSITIVE
0002-0007-0003,Lực lượng hải quân của lực lượng không quân Nouvelle-Calédonie gồm có những gì?,,"một trung đòan của lực lượng hải quân lục chiến, lực lượng hải quân gồm hai tàu tuần tra lớp P400, một tàu đổ bộ lớp BATRAL, và một tàu tuần tra của Hiến binh Hàng hải",False,False,0,0.0,1.0,1.576131820678711,6.731752395629883,-1.576131820678711,UNANSWERABLE_FALSE_POSITIVE
0002-0007-0004,Đa số lực lượng vũ trang Nouvelle-Calédonie được triển khai tại những nơi nào?,"Koumac, Nandaï, Tontouta, Plum, và Nouméa","Koumac, Nandaï, Tontouta, Plum, và Nouméa",True,False,1,1.0,1.0,-1.440206527709961,9.4343900680542,1.440206527709961,CORRECT
0002-0007-0005,Trên đảo có bao nhiêu nhân viên hiển binh được triển khai?,760 nhân viên,,True,True,0,0.0,1.0,2.4322242736816406,5.992027282714844,-2.4322242736816406,ANSWERABLE_PREDICTED_EMPTY
0002-0007-0006,Lực lượng hải quân của lực lượng vũ trang Nouvelle-Calédonie gồm có những gì?,"hai tàu tuần tra lớp P400, một tàu đổ bộ lớp BATRAL, và một tàu tuần tra của Hiến binh Hàng hải","một trung đòan của lực lượng hải quân lục chiến, lực lượng hải quân gồm hai tàu tuần tra lớp P400, một tàu đổ bộ lớp BATRAL, và một tàu tuần tra của Hiến binh Hàng hải",True,False,0,0.7457627118644068,1.0,1.2757244110107422,6.933281898498535,-1.2757244110107422,SPAN_TOO_LONG
0002-0007-0007,Số lượng máy bay trực thăng Puma của không quân là bao nhiêu?,bốn máy bay,ba máy bay chuyên chở Casa,True,False,0,0.4444444444444444,1.0,-3.4652462005615234,9.48194694519043,3.4652462005615234,SPAN_TOO_LONG
0002-0007-0008,Lực lượng vũ trang của Nouvelle-Calédonie đóng quân ở Tontouta thuộc lọai lực lượng quân sự nào của nước này?,Không quân,Lực lượng vũ trang Nouvelle-Calédonie FANC,True,False,0,0.0,1.0,-1.217027187347412,8.793964385986328,1.217027187347412,WRONG_SPAN
0002-0007-0009,Quân số của lực lượng vũ trang Nouvelle-Calédonie là bao nhiêu?,2.000 binh sĩ,khỏang 2.000 binh sĩ,True,False,0,0.888888888888889,1.0,-0.7217512130737305,8.20835018157959,0.7217512130737305,SPAN_TOO_LONG
0002-0008-0001,Một hiệu kỳ Kanak đã được Nouvelle-Calédonie lên kế họach vào thời điểm nào?,,"Nouvelle-Calédonie thông qua một hiệu kỳ Kanak, cùng tồn tại với cờ tam tài Pháp trong vai trò hiệu kỳ chính thức của lãnh thổ",False,False,0,0.0,1.0,-2.0323286056518555,9.512642860412598,2.0323286056518555,UNANSWERABLE_FALSE_POSITIVE
0002-0008-0002,Cùng với lá cờ tam tài Pháp lá cờ còn lại ở Nouvelle-Calédonie có tên là gì?,hiệu kỳ Kanak,Nouvelle-Calédonie thông qua một hiệu kỳ Kanak,True,False,0,0.5454545454545454,1.0,0.037642478942871094,8.23221492767334,-0.037642478942871094,SPAN_TOO_LONG
0002-0008-0003,Nhờ việc có hai hiệu kỳ mà Nouvelle-Calédonie được đưa vào danh sách nào?,số ít quốc gia và lãnh thổ có hai hiệu kỳ chính thức,Nouvelle-Calédonie nằm trong số ít quốc gia và lãnh thổ có hai hiệu kỳ chính thức,True,False,0,0.8666666666666666,1.0,-1.5271973609924316,8.598345756530762,1.5271973609924316,SPAN_TOO_LONG
0002-0008-0004,Song với hiệu kỳ Kanak được thông qua tháng 7 năm 2010 thì tại Nouvelle-Calédonie còn tồn tại hiệu kỳ nào khác?,cờ tam tài Pháp,"hiệu kỳ Kanak, cùng tồn tại với cờ tam tài Pháp",True,False,0,0.5333333333333333,1.0,-3.1512389183044434,9.16821002960205,3.1512389183044434,SPAN_TOO_LONG
0002-0008-0005,Một hiệu kỳ Kanak đã được Nouvelle-Calédonie thông qua vào thời điểm nào?,tháng 7 năm 2010,"Nouvelle-Calédonie thông qua một hiệu kỳ Kanak, cùng tồn tại với cờ tam tài Pháp trong vai trò hiệu kỳ chính thức của lãnh thổ",True,False,0,0.0,1.0,-2.032205581665039,9.122001647949219,2.032205581665039,WRONG_SPAN
0002-0009-0001,Tại nơi nào đã ghi nhận được lượng mưa lên đến 3.000 mm?,Galarino,Galarino,True,False,1,1.0,1.0,-2.359969139099121,10.54171371459961,2.359969139099121,CORRECT
0002-0009-0002,Gió do bão và áp thấp gây ra trong khỏang thời gian từ tháng 12 đến tháng 4 có thể đạt vận tốc gió là bao nhiêu?,100 km/h,"gió có tốc độ lên đến 100 km/h, giật 250 km/h",True,False,0,0.375,1.0,-1.0032520294189453,9.249002456665039,1.0032520294189453,SPAN_TOO_LONG
0002-0009-0003,Khỏang nhiệt độ tại New Calesdonia trong khỏang thời gian từ tháng 11 đến tháng 3 là bao nhiêu?,từ 27 °C đến 30 °C,mùa nóng ẩm,True,False,0,0.0,1.0,-0.37656402587890625,9.092855453491211,0.37656402587890625,WRONG_SPAN
0002-0009-0004,Nguyên nhân giúp cho New Calesdonia có nhiệt đới ôn hòa là gì?,ảnh hưởng từ đại dương và gió mậu dịch làm giảm độ ẩm,Khí hậu nhiệt đới tại đây ôn hòa cao độ nhờ ảnh hưởng từ đại dương và gió mậu dịch làm giảm độ ẩm vốn có thể lên đến gần 80%,True,False,0,0.5909090909090909,1.0,-1.5692358016967773,9.356447219848633,1.5692358016967773,SPAN_TOO_LONG
0002-0009-0005,Khi New Calesdonia có thang nhiệt độ trong khỏang 20 °C đến 23 °C cũng là lúc tại đây đang trải qua mùa nào trong năm?,mùa mát khô,mùa mát khô,True,False,1,1.0,1.0,-1.7658700942993164,9.754926681518555,1.7658700942993164,CORRECT
0002-0009-0006,Theo thống kê dữ liệu thì khu vực New Calesdonia ghi nhận nhiệt độ cao nhất là bao nhiêu?,"39,1 °C",,True,True,0,0.0,1.0,3.7778844833374023,5.062539100646973,-3.7778844833374023,ANSWERABLE_PREDICTED_EMPTY
0002-0009-0007,Khỏang dân số tại New Calesdonia trong khỏang thời gian từ tháng 11 đến tháng 3 là bao nhiêu?,,mùa nóng ẩm,False,False,0,0.0,1.0,0.8731741905212402,7.987114429473877,-0.8731741905212402,UNANSWERABLE_FALSE_POSITIVE
0002-0010-0001,Lòai thực vật hạt kín Parasitaxus usta được tìm thấy ở đâu?,Nouvelle-Calédonie,lòai thực vật hạt kín ký sinh,True,False,0,0.0,1.0,-0.5579280853271484,8.5031156539917,0.5579280853271484,WRONG_SPAN
0002-0010-0002,Đã có bao nhiêu lòai Araucaria được tìm thấy tại Nouvelle-Calédonie?,35 lòai,13 lòai đặc hữu của Nouvelle-Calédonie,True,False,0,0.22222222222222224,1.0,-4.519476890563965,10.381410598754883,4.519476890563965,SPAN_TOO_LONG
0002-0010-0003,Tổ tiên của động thực vật tại Nouvelle-Calédonie đã bị cô lập kể từ khi nào?,hàng chục triệu năm trước,các lòai tổ tiên bị cô lập tại khu vực,True,False,0,0.0,1.0,-1.0023698806762695,8.80776596069336,1.0023698806762695,WRONG_SPAN
0002-0010-0004,Amborella trichopoda là lòai thực vật như thế nào?,lòai thực vật có hoa phân kỳ sớm nhất của thế giới,"lòai thực vật có hoa phân kỳ sớm nhất của thế giới, đó là Amborella trichopoda, ở tại hoặc gần cơ sở tổ tiên chung của tòan bộ các thực vật có hoa",True,False,0,0.5333333333333333,1.0,-0.6507472991943359,8.79256820678711,0.6507472991943359,SPAN_TOO_LONG
0002-0010-0005,Có bao nhiêu lòai thực vật hạt trần đặc hữu trong số các lòai thực vật hạt trần tại Nouvelle-Calédonie?,43 lòai,13 lòai đặc hữu của Nouvelle-Calédonie,True,False,0,0.22222222222222224,1.0,-1.5501232147216797,8.597232818603516,1.5501232147216797,SPAN_TOO_LONG
0002-0010-0006,Nouvelle-Calédonie có bao nhiêu lòai thực vật hạt trần bản địa?,13 lòai,44 lòai thực vật hạt trần bản địa,True,False,0,0.2,1.0,-2.469482421875,9.254554748535156,2.469482421875,SPAN_TOO_LONG
0002-0011-0001,Nouvelle-Calédonie nằm trong ứng viên năm địa điểm như thế nào?,,các lòai gỗ sồi phương nam (Nothofagus) bản địa,False,False,0,0.0,1.0,-0.05810546875,8.63010311126709,0.05810546875,UNANSWERABLE_FALSE_POSITIVE
0002-0011-0002,Vì sao những địa hình mỏ lại là nơi trú ẩn của nhiều lòai thực vật bản địa?,có độc và hàm lượng khóang không phù hợp với hầu hết thực vật ngọai lai,Đất gồm đá siêu mafic (địa hình mỏ) là nơi trú ẩn cho nhiều lòai thực vật bản địa do tại đó có độc và hàm lượng khóang không phù hợp với hầu hết thực vật ngọai lai,True,False,0,0.5925925925925926,1.0,-2.8192782402038574,9.978511810302734,2.8192782402038574,SPAN_TOO_LONG
0002-0011-0003,Trên lọai đất nào thì lòai dương xỉ Cyathea intermedia mọc phổ biến?,đất có tính a xít,đất có tính a xít,True,False,1,1.0,1.0,-2.6695213317871094,10.141413688659668,2.6695213317871094,CORRECT
0002-0011-0004,Nouvelle-Calédonie nằm trong danh sách năm địa điểm như thế nào?,có các lòai gỗ sồi phương nam (Nothofagus) bản địa,các lòai gỗ sồi phương nam (Nothofagus) bản địa,True,False,0,0.9473684210526316,1.0,0.8974723815917969,7.913946151733398,-0.8974723815917969,SPAN_TOO_SHORT
0002-0011-0005,Cyathea intermedia là lòai dương xỉ như thế nào?,Lòai dương xỉ lớn nhất thế giới,Cyathea novae-caledoniae,True,False,0,0.0,1.0,0.23679161071777344,8.412346839904785,-0.23679161071777344,WRONG_SPAN
0002-0011-0006,Tại những nơi có lọai đất nào thì Nouvelle-Calédonie có kiểu rừng cây bụi riêng?,các vùng đất có chứa kim lọai,các vùng đất có chứa kim lọai,True,False,1,1.0,1.0,-2.8286056518554688,8.686759948730469,2.8286056518554688,CORRECT
0002-0012-0001,Tỉnh Quần đảo Loyauté có số dân là bao nhiêu vào năm 2007?,,17.436,False,False,0,0.0,1.0,0.4144463539123535,7.795043468475342,-0.4144463539123535,UNANSWERABLE_FALSE_POSITIVE
0002-0012-0002,Trong giai đọan 1996-2009 thì Nouvelle-Calédonie duy trì mức tăng trưởng dân số là bao nhiêu?,"1,7%",Tăng trưởng dân số ở mức cao tại tỉnh Nam,True,False,0,0.0,1.0,0.3301115036010742,7.975658416748047,-0.3301115036010742,WRONG_SPAN
0002-0012-0003,Di cư thuần chiếm tỷ tệ bao nhiêu trong tăng trưởng dân số tại Nouvelle-Calédonie?,15%,"Tăng trưởng tự nhiên chiếm 85% tăng trưởng dân số, 15% còn lại là nhờ di cư thuần",True,False,0,0.10526315789473684,1.0,-2.6151437759399414,9.691840171813965,2.6151437759399414,SPAN_TOO_LONG
0002-0012-0004,Nhiệt độ của Nouvelle-Calédonie là bao nhiêu vào năm 2014?,,dân số Nouvelle-Calédonie đạt 268.767,False,False,0,0.0,1.0,-0.9827384948730469,8.944141387939453,0.9827384948730469,UNANSWERABLE_FALSE_POSITIVE
0002-0012-0005,Vào năm 2007 thì tỷ suất sinh trên một nữ giới là bao nhiêu?,"2,2 trẻ","Tổng tỷ suất sinh giảm từ 3,2 trẻ trên một nữ giới vào năm 1990 xuống 2,2 trẻ",True,False,0,0.2608695652173913,1.0,-1.6998915672302246,9.644938468933105,1.6998915672302246,SPAN_TOO_LONG
0002-0012-0006,Dân số của Nouvelle-Calédonie là bao nhiêu vào năm 2014?,268.767,268.767,True,False,1,1.0,1.0,-2.7129087448120117,9.653814315795898,2.7129087448120117,CORRECT
0002-0012-0007,Vào năm 2007 thì tỷ suất sinh trên một nam giới là bao nhiêu?,,"Tổng tỷ suất sinh giảm từ 3,2 trẻ trên một nữ giới vào năm 1990 xuống 2,2 trẻ",False,False,0,0.0,1.0,-0.8384027481079102,9.146577835083008,0.8384027481079102,UNANSWERABLE_FALSE_POSITIVE
0002-0012-0008,Tỉnh Quần đảo Loyauté có số dân là bao nhiêu vào năm 2014?,17.436 người,17.436,True,False,0,0.8,1.0,-1.0222892761230469,8.184772491455078,1.0222892761230469,SPAN_TOO_SHORT
0002-0013-0001,27% dân số là tỷ lệ dân số là người Kanak tại khu vực nào?,tỉnh Nam,"tỉnh Quần đảo Loyauté, 74% dân số tỉnh Bắc và 27% dân số tỉnh Nam",True,False,0,0.23529411764705882,1.0,0.44298648834228516,7.804139137268066,-0.44298648834228516,SPAN_TOO_LONG
0002-0013-0002,Tỉnh Quần đảo Loyauté có tỷ lệ dân số là người Kanak chiếm bao nhiêu?,94%,"94% dân số tỉnh Quần đảo Loyauté, 74% dân số tỉnh Bắc và 27% dân số tỉnh Nam",True,False,0,0.10526315789473684,1.0,-1.8399219512939453,9.299834251403809,1.8399219512939453,SPAN_TOO_LONG
0002-0013-0003,Người bản đại tại Nouvelle-Calédonie thuộc nhóm người nào?,Melanesia,Người Kanak thuộc nhóm Melanesia,True,False,0,0.33333333333333337,1.0,-2.5158681869506836,9.382614135742188,2.5158681869506836,SPAN_TOO_LONG
0002-0013-0004,Cách để nhận dạng bộ tộc là đất liền hay biển là dựa vào cách nào?,,"thị tộc ""đất liền"" hay ""biển""",False,False,0,0.0,1.0,0.24087047576904297,8.145587921142578,-0.24087047576904297,UNANSWERABLE_FALSE_POSITIVE
0002-0013-0005,Cách để nhận dạng thị tộc là đất liền hay biển là dựa vào cách nào?,tùy theo vị trí quê hương và phạm vi chiếm đóng của tổ tiên họ,"thị tộc ""đất liền"" hay ""biển""",True,False,0,0.0,1.0,-0.31717681884765625,8.347776412963867,0.31717681884765625,WRONG_SPAN
0002-0013-0006,Xu hướng của người Kanak là như thế nào?,vị thế kinh tế-xã hội thấp hơn so với người gốc Âu và những người định cư khác,,True,True,0,0.0,1.0,3.0532469749450684,5.557203769683838,-3.0532469749450684,ANSWERABLE_PREDICTED_EMPTY
0002-0014-0001,Điều tra năm 2009 cho biết tại Nouvelle-Calédonie có bao nhiêu người gốc Âu được di cư tại đây?,,"32.354 người sinh tại quần đảo, 33.551 người sinh tại các nơi khác của Pháp, và 5.816 người sinh tại nước ngòai",False,False,0,0.0,1.0,-5.7677507400512695,10.677081108093262,5.7677507400512695,UNANSWERABLE_FALSE_POSITIVE
0002-0014-0002,Điều tra năm 2009 cho biết tại Nouvelle-Calédonie có bao nhiêu người gốc Âu được sinh tại đây?,32.354 người,"32.354 người sinh tại quần đảo, 33.551 người sinh tại các nơi khác của Pháp, và 5.816 người sinh tại nước ngòai",True,False,0,0.21428571428571425,1.0,-6.514158725738525,10.58055305480957,6.514158725738525,SPAN_TOO_LONG
0002-0014-0003,Lần đầu tiên mà người gốc Âu đến sinh sống tại Nouvelle-Calédonie là khi nào?,Pháp lập một thuộc địa hình sự trên quần đảo,là khi Pháp lập một thuộc địa hình sự trên quần đảo,True,False,0,0.9090909090909091,1.0,-2.550495147705078,9.535173416137695,2.550495147705078,SPAN_TOO_LONG
0002-0014-0004,Những người Caldoche là những người như thế nào?,người sinh tại Nouvelle-Calédonie có quan hệ tổ tiên từ những người Pháp định cư ban đầu,"32.354 người sinh tại quần đảo, 33.551 người sinh tại các nơi khác của Pháp, và 5.816 người sinh tại nước ngòai",True,False,0,0.23255813953488372,1.0,-1.3631739616394043,9.210799217224121,1.3631739616394043,SPAN_TOO_LONG
0002-0014-0005,Sau khi hòan thành bản án thì các tù nhân sẽ được làm gì?,họ được cấp đất để định cư,họ được cấp đất để định cư,True,False,1,1.0,1.0,-1.7822294235229492,9.468246459960938,1.7822294235229492,CORRECT
0002-0014-0006,Nơi nào là nơi buôn bán xuất khẩu chủ yếu của những người Caldoche tại Nouvelle-Calédonie?,,"32.354 người sinh tại quần đảo, 33.551 người sinh tại các nơi khác của Pháp, và 5.816 người sinh tại nước ngòai",False,False,0,0.0,1.0,-0.5998048782348633,8.97067642211914,0.5998048782348633,UNANSWERABLE_FALSE_POSITIVE
0002-0014-0007,Nơi nào là nơi sinh sống chủ yếu của những người Caldoche tại Nouvelle-Calédonie?,các khu vực nông thôn thuộc duyên hải phía tây đảo chính,"32.354 người sinh tại quần đảo, 33.551 người sinh tại các nơi khác của Pháp, và 5.816 người sinh tại nước ngòai",True,False,0,0.10810810810810811,1.0,-1.9868369102478027,9.850894927978516,1.9868369102478027,SPAN_TOO_LONG
0002-0014-0008,Những chính trị gia Caldoche là những người như thế nào?,,"32.354 người sinh tại quần đảo, 33.551 người sinh tại các nơi khác của Pháp, và 5.816 người sinh tại nước ngòai",False,False,0,0.0,1.0,-0.4657611846923828,8.757762908935547,0.4657611846923828,UNANSWERABLE_FALSE_POSITIVE
0002-0015-0001,Nhờ vào di dân mà các cộng đồng ngôn ngữ nào khác cũng được hình thành?,tiếng Wallis và tiếng Java,tiếng Wallis và tiếng Java,True,False,1,1.0,1.0,0.8723382949829102,7.588512420654297,-0.8723382949829102,CORRECT
0002-0015-0002,Tỷ lệ dân số đã tường trình rằng họ không có kiến thức về tiếng Pháp trong cuộc khảo sát năm 2009 là bao nhiêu?,"1,1%","97,3% dân số từ 15 tuổi trở lên tường trình rằng họ có thể nói, đọc và viết tiếng Pháp, trong khi chỉ 1,1% tường trình rằng họ không có kiến thức về tiếng Pháp",True,False,0,0.10256410256410257,1.0,-4.5504255294799805,9.872729301452637,4.5504255294799805,SPAN_TOO_LONG
0002-0015-0003,Kể từ khi nào thì tiếng Pháp đã bắt đầu được truyền bá?,các khu định cư của người Pháp hình thành,"các khu định cư của người Pháp hình thành, và tiếng Pháp nay còn thâm chí được nói trong các làng hẻo lánh nhất",True,False,0,0.5454545454545454,1.0,0.38455963134765625,8.152021408081055,-0.38455963134765625,SPAN_TOO_LONG
0002-0015-0004,Những nguyên nhân dẫn đến sự không đồng đều trong sự thông thạo tiếng Pháp trong tòan thể dân số là gì?,"thiếu tiếp cận phổ thông đối với giáo dục công lập trước năm 1953, song cũng là do nhập cư và đa dạng dân tộc","thiếu tiếp cận phổ thông đối với giáo dục công lập trước năm 1953, song cũng là do nhập cư và đa dạng dân tộc",True,False,1,1.0,1.0,-0.9098939895629883,8.887702941894531,0.9098939895629883,CORRECT
0002-0015-0005,Điều tra năm 2009 đã chỉ ra rằng tỷ lệ dân số từ 15 tuổi trở lên có khả năng sử dụng tiếng Pháp là bao nhiêu?,"97,3%","97,3% dân số từ 15 tuổi trở lên tường trình rằng họ có thể nói, đọc và viết tiếng Pháp",True,False,0,0.17391304347826084,1.0,-2.5589232444763184,9.777453422546387,2.5589232444763184,SPAN_TOO_LONG
0002-0015-0006,Điều tra năm 1953 đã chỉ ra rằng tỷ lệ dân số từ 15 tuổi trở lên có khả năng sử dụng tiếng Pháp là bao nhiêu?,,"97,3% dân số từ 15 tuổi trở lên tường trình rằng họ có thể nói, đọc và viết tiếng Pháp",False,False,0,0.0,1.0,0.08568382263183594,8.132362365722656,-0.08568382263183594,UNANSWERABLE_FALSE_POSITIVE
0002-0016-0001,28 ngôn ngữ Kanak thuộc ngữ hệ nào?,Nam Đảo,ngữ hệ Nam Đảo,True,False,0,0.6666666666666666,1.0,-3.4314889907836914,10.146862030029297,3.4314889907836914,SPAN_TOO_LONG
0002-0016-0002,Ngôn ngữ Paicî được sử dụng tại khu vực nào?,phía bắc của Grande Terre,phần phía bắc của Grande Terre,True,False,0,0.9090909090909091,1.0,-3.0072154998779297,10.087667465209961,3.0072154998779297,SPAN_TOO_LONG
0002-0016-0003,Tại Lifou thì ngôn ngữ nào được sử dụng phổ biến?,Drehu,Drehu,True,False,1,1.0,1.0,-1.7874794006347656,9.885980606079102,1.7874794006347656,CORRECT
0002-0016-0004,Kể từ cấp học nào thì mọi người được dạy các ngôn ngữ Kanak?,mầm non,Các ngôn ngữ Kanak được dạy từ mầm non,True,False,0,0.3636363636363636,1.0,1.441760540008545,7.0172200202941895,-1.441760540008545,SPAN_TOO_LONG
0002-0016-0005,"Có 58,7% dân số đã tường trình như thế nào về ngôn ngữ bản địa trong điều tra năm 2009?",họ không có kiến thức gì về chúng,"35,8% dân số từ 15 trở lên tường trình rằng họ có thể nói (không nhất thiết là đọc và viết) một ngôn ngữ bản địa, trong khi 58,7% tường trình rằng họ không có kiến thức gì về chúng",True,False,0,0.32,1.0,-1.8460769653320312,9.153687477111816,1.8460769653320312,SPAN_TOO_LONG
0002-0017-0001,Những giáo hội Tin Lành nào có số lượng tín đồ lớn nhất tại Nouvelle-Calédonie và Quần đảo Loyauté?,Giáo hội Phúc Âm Tự do và Giáo hội Phúc Âm,Giáo hội Phúc Âm Tự do và Giáo hội Phúc Âm,True,False,1,1.0,1.0,-6.644194602966309,10.758966445922852,6.644194602966309,CORRECT
0002-0017-0002,Những giáo hội Tin Lành nào có số lượng quan chức lớn nhất tại Nouvelle-Calédonie và Quần đảo Loyauté?,,Giáo hội Phúc Âm Tự do và Giáo hội Phúc Âm,False,False,0,0.0,1.0,-6.1303324699401855,10.713974952697754,6.1303324699401855,UNANSWERABLE_FALSE_POSITIVE
0002-0017-0003,Hầu như đa số những người nào là tín đồ của Công giáo La Mã?,"gười gốc Âu, Ouvéa, Việt và một nửa cộng đồng thiểu số Melanesia và Polynesia",Giáo hội Phúc Âm Tự do và Giáo hội Phúc Âm,True,False,0,0.07692307692307691,1.0,-0.5057106018066406,8.817852020263672,0.5057106018066406,SPAN_TOO_SHORT
0002-0017-0004,Tại Nouvelle-Calédonie thì ưu thế về tôn giáo thuộc về tôn giáo nào?,Cơ Đốc giáo,Cơ Đốc giáo,True,False,1,1.0,1.0,-4.3639116287231445,10.446235656738281,4.3639116287231445,CORRECT
0002-0017-0005,Thông qua cách nào mà Công giáo La Mã có thể đến với Nouvelle-Calédonie?,những người thực dân Pháp đưa đến,"Công giáo La Mã được những người thực dân Pháp đưa đến. Trên quần đảo cũng có một số giáo hội Tin Lành, trong đó Giáo hội Phúc Âm Tự do và Giáo hội Phúc Âm",True,False,0,0.32558139534883723,1.0,-2.2070627212524414,9.919057846069336,2.2070627212524414,SPAN_TOO_LONG
0002-0017-0006,Những tín đồ của các giáo hội Tin Lành là những người nào?,người Melanesia,Giáo hội Phúc Âm Tự do và Giáo hội Phúc Âm,True,False,0,0.0,1.0,-2.3902950286865234,10.086736679077148,2.3902950286865234,WRONG_SPAN
0002-0018-0001,Với 1.000 CFP chúng ta có thể đổi được bao nhiêu euro?,"8,38 euro","8,38 euro",True,False,1,1.0,1.0,-2.5429439544677734,9.254999160766602,2.5429439544677734,CORRECT
0002-0018-0002,Năm 2011 thì nền kinh tế tại Nouvelle-Calédonie có GDP là bao nhiêu?,"9,89 tỷ USD","9,89 tỷ USD",True,False,1,1.0,1.0,-2.121713638305664,8.426860809326172,2.121713638305664,CORRECT
0002-0018-0003,Tuy GDP của Nouvelle-Calédonie song nó tồn tại một bất cập như thế nào?,"bất bình đẳng đáng kể về phân phối thu nhập, và mất cân bằng cấu trúc kéo dài giữa tỉnh Nam chi phối về kinh tế với tỉnh Bắc và Quần đảo Loyauté kém phát triển",New Zealand,True,False,0,0.0,1.0,1.1695828437805176,7.209386348724365,-1.1695828437805176,WRONG_SPAN
0002-0018-0004,Đơn vị tiền tệ được sử dụng tại Nouvelle-Calédonie là gì?,franc CFP,franc CFP,True,False,1,1.0,1.0,-3.4847817420959473,9.495229721069336,3.4847817420959473,CORRECT
0002-0018-0005,Nền kinh tế của Nouvelle-Calédonie được xem là một nề kinh tế như thế nào?,một trong các nền kinh tế lớn nhất tại Nam Thái Bình Dương,,True,True,0,0.0,1.0,1.8385448455810547,6.666587829589844,-1.8385448455810547,ANSWERABLE_PREDICTED_EMPTY
0002-0019-0001,Lý do mà Nouvelle-Calédonie đạt được những tăng trưởng kinh tế cao là gì?,,,False,True,1,1.0,1.0,3.718502998352051,5.085135459899902,-3.718502998352051,CORRECT_NO_ANSWER
0002-0019-0002,Năm 2011 thì tăng trưởng GDP là bao nhiêu?,"3,11 tỷ USD","Tăng trưởng GDP thực là 3,8% vào năm 2010 và 3,2% vào năm 2011",True,False,0,0.1,1.0,0.8041963577270508,7.673169136047363,-0.8041963577270508,SPAN_TOO_LONG
0002-0019-0003,Giá trị của việc xuất khẩu nguyên liệu và dịch vụ của Nouvelle-Calédonie vào năm 2011 là bao nhiêu?,,"2,11 tỷ USD",False,False,0,0.0,1.0,-2.136594772338867,9.523639678955078,2.136594772338867,UNANSWERABLE_FALSE_POSITIVE
0002-0019-0004,Lý do mà Nouvelle-Calédonie đạt được những tăng trưởng GDP cao là gì?,"giá niken trên thế giới tăng lên và nhu cầu nội địa gia tăng khiến số việc làm tăng, cũng như dầu tư kinh doanh mạnh",,True,True,0,0.0,1.0,2.633769989013672,6.118037223815918,-2.633769989013672,ANSWERABLE_PREDICTED_EMPTY
0002-0019-0005,Hơn 20% lượng hàng hóa và dịch vụ được Nouvelle-Calédonie nhập khẩu đến từ đâu?,chính quốc Pháp và các tỉnh hải ngọai,"2,11 tỷ USD, 75,6% trong đó là sản phẩm khóang sản và hợp kim (chủ yếu là quặng niken và fero-nicken)",True,False,0,0.0625,1.0,-0.07012271881103516,8.241077423095703,0.07012271881103516,SPAN_TOO_LONG
0002-0019-0006,Năm 2011 thì lượng nhập siêu hàng hóa và dịch vụ của Nouvelle-Calédonie là bao nhiêu?,"3,11 tỷ USD","2,11 tỷ USD",True,False,0,0.75,1.0,-2.4313573837280273,9.66458511352539,2.4313573837280273,PARTIAL_SPAN
0002-0019-0007,Giá trị của việc xuất khẩu hàng hóa và dịch vụ của Nouvelle-Calédonie vào năm 2011 là bao nhiêu?,"2,11 tỷ USD","2,11 tỷ USD",True,False,1,1.0,1.0,-3.299746513366699,9.969099044799805,3.299746513366699,CORRECT
0002-0020-0001,Tại Quần đảo Cool thì lượng khách du lịch mỗi năm là bao nhiêu?,400.000,,True,True,0,0.0,1.0,4.46897029876709,4.515973091125488,-4.46897029876709,ANSWERABLE_PREDICTED_EMPTY
0002-0020-0002,Trong lượng hàng hóa nhập khẩu thì thực phẩm đã chiếm tỷ lệ bao nhiêu?,20%,,True,True,0,0.0,1.0,2.6558094024658203,6.238180160522461,-2.6558094024658203,ANSWERABLE_PREDICTED_EMPTY
0002-0020-0003,Diện tích của vùng đặc quyền kinh tế tại Nouvelle-Calédonie là bao nhiêu?,"1,4 triệu km²","Vùng đặc quyền kinh tế của Nouvelle-Calédonie rộng 1,4 triệu km²",True,False,0,0.47058823529411764,1.0,-1.7747259140014648,9.62899398803711,1.7747259140014648,SPAN_TOO_LONG
0002-0020-0004,Diện tích của vùng đặc quyền quân sự tại Nouvelle-Calédonie là bao nhiêu?,,"Vùng đặc quyền kinh tế của Nouvelle-Calédonie rộng 1,4 triệu km²",False,False,0,0.0,1.0,-0.49973392486572266,8.923569679260254,0.49973392486572266,UNANSWERABLE_FALSE_POSITIVE
0002-0020-0005,Trong GDP của Nouvelle-Calédonie thì hỗ trợ tài chính của Pháp đã chiếm tỷ lệ bao nhiêu?,hơn 15%,"Hỗ trợ tài chính từ Pháp có quy mô đáng kể, chiếm hơn 15% GDP",True,False,0,0.23529411764705882,1.0,-0.5737271308898926,8.196538925170898,0.5737271308898926,SPAN_TOO_LONG
0002-0020-0006,Những mặt hàng mà Nouvelle-Calédonie là một trong những nhà cung cấp lớn?,khoai lang; khoai môn; chuối táo quạ; dừa,khoai lang; khoai môn; chuối táo quạ; dừa,True,False,1,1.0,1.0,-4.83147668838501,10.322319030761719,4.83147668838501,CORRECT
0002-0020-0007,Tại Quần đảo Cool thì lượng dân nhập cư mỗi năm là bao nhiêu?,,,False,True,1,1.0,1.0,5.812138557434082,3.201199531555176,-5.812138557434082,CORRECT_NO_ANSWER
0002-0020-0008,Trong GDP của Nouvelle-Calédonie thì hỗ trợ quân sự của Pháp đã chiếm tỷ lệ bao nhiêu?,,,False,True,1,1.0,1.0,3.42037296295166,5.385895729064941,-3.42037296295166,CORRECT_NO_ANSWER
0002-0021-0001,Lọai hình âm nhạc Kaneka được khởi nguồn vào lúc nào?,thập niên 1980,reggae và khởi nguồn trong thập niên 1980,True,False,0,0.5454545454545454,1.0,-0.7121143341064453,8.545171737670898,0.7121143341064453,SPAN_TOO_LONG
0002-0021-0002,Điều gì đã được phản ánh thông qua khắc gỗ mà đặc biệt là gỗ houp?,"đức tin của xã hội bộ lạc truyền thống, và bao gồm các vật tổ, mặt nạ, khung cửa, hoặc flèche faîtière",đức tin của xã hội bộ lạc truyền thống,True,False,0,0.5806451612903226,1.0,1.4701786041259766,7.274779319763184,-1.4701786041259766,SPAN_TOO_SHORT
0002-0021-0003,Mwâ Ka được tạo ra nhằm kỷ niệm sự kiện gì?,Pháp sáp nhập Nouvelle-Calédonie,cọc vật tổ cao 12m kỷ niệm việc Pháp sáp nhập Nouvelle-Calédonie,True,False,0,0.5555555555555556,1.0,-0.7489843368530273,8.41666316986084,0.7489843368530273,SPAN_TOO_LONG
0002-0021-0004,Nữ giới ở các bộ lạc có lọai hình thủ công phổ biến là gì?,Đan rổ,Đan rổ,True,False,1,1.0,1.0,-3.7638511657714844,10.491168975830078,3.7638511657714844,CORRECT
0002-0021-0005,Ai là người đã tạo nên thiết kế của Trung tâm Văn hóa Jean-Marie Tjibaou?,Renzo Piano,kiến trúc sư người Ý Renzo Piano,True,False,0,0.4444444444444445,1.0,-2.429997444152832,9.531089782714844,2.429997444152832,SPAN_TOO_LONG
0002-0021-0006,Houp được tạo ra nhằm kỷ niệm sự kiện gì?,,,False,True,1,1.0,1.0,2.5687036514282227,6.3963470458984375,-2.5687036514282227,CORRECT_NO_ANSWER
0002-0021-0007,Lọai hình văn hóa Kaneka được khởi nguồn vào lúc nào?,,Văn hóa Jean-Marie Tjibaou,False,False,0,0.0,1.0,0.0060710906982421875,8.44387149810791,-0.0060710906982421875,UNANSWERABLE_FALSE_POSITIVE
0002-0022-0001,Radio Djiido và Radio Rythmes Bleus có mục tiêu chính là ai?,các nhóm người Kanak,các nhóm người Kanak,True,False,1,1.0,1.0,-3.9784202575683594,11.028596878051758,3.9784202575683594,CORRECT
0002-0022-0002,Có những đài phát thanh nào tại quần đảo?,"RFO radio Nouvelle-Calédonie, Océane FM, NRJ, Radio Djiido, và Radio Rythmes Bleus",RFO,True,False,0,0.14285714285714288,1.0,-1.1948127746582031,9.2741060256958,1.1948127746582031,SPAN_TOO_SHORT
0002-0022-0003,Les Nouvelles Calédoniennes và Radio Rythmes Bleus có mục tiêu chính là ai?,,các nhóm người Kanak,False,False,0,0.0,1.0,-4.039133071899414,10.989173889160156,4.039133071899414,UNANSWERABLE_FALSE_POSITIVE
0002-0022-0004,Truyền hình analogue đã chấm dứt việc phát sóng kể từ khi nào?,tháng 9 năm 2011,hòan thành chuyển đổi truyền hình số tại New Nouvelle-Calédonie,True,False,0,0.0,1.0,0.8279008865356445,8.00861930847168,-0.8279008865356445,WRONG_SPAN
0002-0022-0005,Cùng với việc vận hành Réseau Outre-Mer 1re thì Hãng buôn bán công cộng France Télévision còn truyền phát các kênh nào?,,"France 2, France 3, France 4, France 5, France Ô, France 24 và Arte",False,False,0,0.0,1.0,-4.215688705444336,10.480052947998047,4.215688705444336,UNANSWERABLE_FALSE_POSITIVE
0002-0022-0006,Cùng với việc vận hành Réseau Outre-Mer 1re thì Hãng truyền thông công cộng France Télévision còn truyền phát các kênh nào?,"France 2, France 3, France 4, France 5, France Ô, France 24 và Arte","France 2, France 3, France 4, France 5, France Ô, France 24 và Arte",True,False,1,1.0,1.0,-3.9847140312194824,10.288046836853027,3.9847140312194824,CORRECT
0002-0022-0007,Truyền hình analogue đã chấm dứt hợp đồng kể từ khi nào?,,,False,True,1,1.0,1.0,2.1475400924682617,6.748244285583496,-2.1475400924682617,CORRECT_NO_ANSWER
0002-0022-0008,Réseau Outre-Mer 1re là kênh truyền hình địa phương được điều khiển bởi tổ chức nào?,Hãng truyền thông công cộng France Télévision,Hãng truyền thông công cộng France Télévision,True,False,1,1.0,1.0,-5.915421962738037,11.067679405212402,5.915421962738037,CORRECT
0002-0023-0001,Năm 2008 đã xảy ra sự kiện gì đối với thể thao của Nouvelle-Calédonie?,Đội tuyển bóng ném Nouvelle-Calédonie từng vô địch châu Đại Dương,Đội tuyển bóng ném Nouvelle-Calédonie từng vô địch châu Đại Dương,True,False,1,1.0,1.0,-0.056163787841796875,8.395652770996094,0.056163787841796875,CORRECT
0002-0023-0002,Tại Nouvelle-Calesdonie đã từng tổ chức sự kiện thể thao nào được xem là sôi động nhất?,,một vòng của giải vô địch đua xe châu Á Thái Bình Dương FIA (APRC),False,False,0,0.0,1.0,-1.0960540771484375,9.457541465759277,1.0960540771484375,UNANSWERABLE_FALSE_POSITIVE
0002-0023-0003,Năm nào là năm đầu tiên mà đội tuyển bóng đá của Nouvelle-Calédonie được bắt đầu thi đấu?,năm 1950,Đội tuyển bóng đá Nouvelle-Calédonie bắt đầu thi đấu vào năm 1950,True,False,0,0.2666666666666667,1.0,-1.0828380584716797,8.306089401245117,1.0828380584716797,SPAN_TOO_LONG
0002-0023-0004,Tại Nouvelle-Calesdonie đã từng tổ chức sự kiện thể thao nào được xem là lớn nhất?,một vòng của giải vô địch đua xe châu Á Thái Bình Dương FIA,một vòng của giải vô địch đua xe châu Á Thái Bình Dương FIA (APRC),True,False,0,0.9655172413793104,1.0,-2.5769739151000977,10.254880905151367,2.5769739151000977,SPAN_TOO_LONG
0002-0023-0005,Kể từ năm nào thì đôi bóng của Nouvelle-Calédonie được lên kế họach vào FIFA?,,"Đội tuyển bóng đá Nouvelle-Calédonie bắt đầu thi đấu vào năm 1950, và được nhận vào FIFA vào năm 2004",False,False,0,0.0,1.0,-2.3556928634643555,9.443376541137695,2.3556928634643555,UNANSWERABLE_FALSE_POSITIVE
0002-0023-0006,Vị thế của Nouvelle-Calédonie trước khi được gia nhập FIFA là gì?,quan sát viên của Liên đòan bóng đá châu Đại Dương,Đội tuyển bóng đá Nouvelle-Calédonie,True,False,0,0.23529411764705885,1.0,-1.0075430870056152,8.741323471069336,1.0075430870056152,SPAN_TOO_SHORT
0002-0023-0007,Kể từ năm nào thì đội bóng của Nouvelle-Calédonie được nhận vào FIFA?,năm 2004,"Đội tuyển bóng đá Nouvelle-Calédonie bắt đầu thi đấu vào năm 1950, và được nhận vào FIFA vào năm 2004",True,False,0,0.17391304347826084,1.0,-2.4806108474731445,9.00436782836914,2.4806108474731445,SPAN_TOO_LONG
0002-0023-0008,Vị thế của Nouvelle-Calédonie trước khi được gia nhập FIA là gì?,,Nouvelle-Calédonie có vị thế quan sát viên của Liên đòan bóng đá châu Đại Dương,False,False,0,0.0,1.0,0.8107609748840332,7.540675640106201,-0.8107609748840332,UNANSWERABLE_FALSE_POSITIVE
0003-0001-0001,Đất nước nào không có diện tích lớn thứ hai thế giới nhưng có đường biên giới dài nhất thế giới?,Hoa Kỳ,Canada,True,False,0,0.0,1.0,0.08963823318481445,7.5489420890808105,-0.08963823318481445,WRONG_SPAN
0003-0001-0002,Đường biên giới nào đứng thứ nhất về giá trị kinh tế trên thế giới?,,Canada,False,False,0,0.0,1.0,1.0731287002563477,7.196351051330566,-1.0731287002563477,UNANSWERABLE_FALSE_POSITIVE
0003-0001-0003,Dân số của quốc gia nào lớn thứ hai thế giới?,,Canada,False,False,0,0.0,1.0,0.09983444213867188,7.587746620178223,-0.09983444213867188,UNANSWERABLE_FALSE_POSITIVE
0003-0001-0004,Đường biên giới nào đứng thứ nhất về độ dài trên thế giới?,Biên giới chung của Canada với Hoa Kỳ,Canada,True,False,0,0.2222222222222222,1.0,0.8483476638793945,7.247391700744629,-0.8483476638793945,SPAN_TOO_SHORT
0003-0001-0005,Lãnh thổ của quốc gia nào lớn thứ hai thế giới?,Canada,Canada,True,False,1,1.0,1.0,-0.08645820617675781,7.604756832122803,0.08645820617675781,CORRECT
0003-0001-0006,Lãnh thổ của Canada như thế nào?,"Lãnh thổ Canada gồm mười tỉnh bang và ba vùng lãnh thổ liên bang, trải dài từ Đại Tây Dương ở phía đông sang Thái Bình Dương ở phía tây, và giáp Bắc Băng Dương ở phía bắc",Canada,True,False,0,0.05128205128205127,1.0,1.055582046508789,7.2529191970825195,-1.055582046508789,SPAN_TOO_SHORT
0003-0001-0007,Canada nằm về phía nào của Châu Mỹ nào?,cực bắc,Canada,True,False,0,0.0,1.0,1.2949190139770508,7.097330093383789,-1.2949190139770508,WRONG_SPAN
0003-0002-0001,Hai quốc gia nào đã bắt đầu xâm lược các quốc gia ở vùng duyên hải Thái Bình Dương từ cuối thế kỷ XV?,,,False,True,1,1.0,1.0,4.019288539886475,4.6907734870910645,-4.019288539886475,CORRECT_NO_ANSWER
0003-0002-0002,Khi nào thì cac quốc gia phương tây thành lập cac thuộc địa ở Canada?,từ cuối thế kỷ XV,,True,True,0,0.0,1.0,4.06744909286499,4.5476975440979,-4.06744909286499,ANSWERABLE_PREDICTED_EMPTY
0003-0002-0003,Hai quốc gia nào đã bắt đầu xâm lược các quốc gia ở vùng duyên hải Đại Tây Dương từ cuối thế kỷ XV?,người Anh và người Pháp,người Anh và người Pháp,True,False,1,1.0,1.0,0.8450198173522949,7.596874713897705,-0.8450198173522949,CORRECT
0003-0002-0004,Khi nào thì các quốc gia phương tây thành lập các dân tộc ở Canada?,,,False,True,1,1.0,1.0,5.1364336013793945,3.538275718688965,-5.1364336013793945,CORRECT_NO_ANSWER
0003-0002-0005,Canada được trao tình trạng độc lập hòan tòan trên mọi mặt vào năm bao nhiêu?,năm 1982,Quy chế Westminster 1931,True,False,0,0.0,1.0,-1.0664162635803223,7.789267539978027,1.0664162635803223,WRONG_SPAN
0003-0002-0006,Khi chưa bị xâm lược Canada chịu sự chi phối của quốc gia nào?,,,False,True,1,1.0,1.0,5.526447057723999,3.2408716678619385,-5.526447057723999,CORRECT_NO_ANSWER
0003-0002-0007,Khi nào thì mối quan hệ giữa Canada và Anh Quốc bị hủy bỏ hòan tòan?,năm 1982,,True,True,0,0.0,1.0,2.803821563720703,5.738887786865234,-2.803821563720703,ANSWERABLE_PREDICTED_EMPTY
0003-0002-0008,Khi mới thành lập Canada chịu sự chi phối của quốc gia nào?,Anh,,True,True,0,0.0,1.0,5.276060581207275,3.4609646797180176,-5.276060581207275,ANSWERABLE_PREDICTED_EMPTY
0003-0002-0009,Khi nào thì quốc gia Canada được thành lập?,ngày 1 tháng 7 năm 1867,,True,True,0,0.0,1.0,4.899196624755859,3.769796371459961,-4.899196624755859,ANSWERABLE_PREDICTED_EMPTY
0003-0003-0001,Lọai ngôn ngữ nào phổ biến ở Canada?,tiếng Anh và tiếng Pháp,,True,True,0,0.0,1.0,3.8009791374206543,4.743366718292236,-3.8009791374206543,ANSWERABLE_PREDICTED_EMPTY
0003-0003-0002,Ai là người đảm nhiệm chức vụ nguyên thủ quốc gia của Canada?,Nữ hòang Elizabeth II,Nữ hòang Elizabeth II,True,False,1,1.0,1.0,0.5412192344665527,7.659905910491943,-0.5412192344665527,CORRECT
0003-0003-0003,Dân số của Canada phát triển nhanh chóng nhờ có điều kiện gì?,,,False,True,1,1.0,1.0,2.744236946105957,5.771069526672363,-2.744236946105957,CORRECT_NO_ANSWER
0003-0003-0004,Thể chế chính trị của Canada là gì?,nền dân chủ đại nghị liên bang và một quốc gia quân chủ lập hiến,Canada là một nền dân chủ đại nghị liên bang và một quốc gia quân chủ lập hiến,True,False,0,0.9090909090909091,1.0,1.477893352508545,6.9097161293029785,-1.477893352508545,SPAN_TOO_LONG
0003-0003-0005,Kinh tế của Canada phát triển nhanh chóng nhờ có điều kiện gì?,nguồn tài nguyên tự nhiên phong phú và hệ thống thương mại phát triển cao,,True,True,0,0.0,1.0,2.640873908996582,5.760903358459473,-2.640873908996582,ANSWERABLE_PREDICTED_EMPTY
0003-0003-0006,"Bên cạnh tiếng Anh, ngôn ngữ nào được sử dụng chính thức tại cấp liên bang tại Canada?",tiếng Pháp,Canada là quốc gia song ngữ chính thức (tiếng Anh và tiếng Pháp,True,False,0,0.2666666666666667,1.0,-1.0633735656738281,7.503177642822266,1.0633735656738281,SPAN_TOO_LONG
0003-0003-0007,Thể chế ngọai giao của Canada là gì?,,,False,True,1,1.0,1.0,2.6520752906799316,5.930175304412842,-2.6520752906799316,CORRECT_NO_ANSWER
0003-0003-0008,Vì sao văn hóa của Canada đa dạng nhất thế giới?,Do tiếp nhận người nhập cư quy mô lớn từ nhiều quốc gia,Canada có quan hệ lâu dài và phức tạp với Hoa Kỳ,True,False,0,0.0,1.0,0.8909125328063965,7.168853282928467,-0.8909125328063965,WRONG_SPAN
0003-0004-0001,Chí số phát triển con người của Canada đứng thứ mấy trên thế giới?,thứ 11,chỉ số phát triển con người cao thứ 11,True,False,0,0.3636363636363636,1.0,-0.9022688865661621,8.54446792602539,0.9022688865661621,SPAN_TOO_LONG
0003-0004-0002,Quốc gia nào có mật độ dân số đứng thứ tám trên thế giới?,,Canada,False,False,0,0.0,1.0,1.2399330139160156,7.005141258239746,-1.2399330139160156,UNANSWERABLE_FALSE_POSITIVE
0003-0004-0003,Quốc gia nào có thu nhập bình quần đầu người đứng thứ tám trên thế giới?,Canada,Canada,True,False,1,1.0,1.0,-0.010294914245605469,7.454787254333496,0.010294914245605469,CORRECT
0003-0004-0004,Canada có mối quan hệ gì với tổ chức NATO?,Canada là một thành viên của Tổ chức Hiệp ước Bắc Đại Tây Dương (NATO),Tổ chức Hiệp ước Bắc Đại Tây Dương (NATO),True,False,0,0.7499999999999999,1.0,0.9921026229858398,7.233159065246582,-0.9921026229858398,SPAN_TOO_SHORT
0003-0004-0005,Kể tên các tổ chức quốc tế mà Canada tham gia?,"G8, G20","G8, G20, Hiệp định Thương mại Tự do Bắc Mỹ, Diễn đàn Hợp tác Kinh tế châu Á - Thái Bình Dương",True,False,0,0.17391304347826084,1.0,0.6545572280883789,7.631932258605957,-0.6545572280883789,SPAN_TOO_LONG
0003-0004-0006,Nước thành viên của NATO có thể được tham gia vào các tổ chức nào?,"G8, G20, Hiệp định Thương mại Tự do Bắc Mỹ, Diễn đàn Hợp tác Kinh tế châu Á - Thái Bình Dương",Canada,True,False,0,0.0,1.0,1.361891746520996,6.417997360229492,-1.361891746520996,WRONG_SPAN
0003-0005-0001,Tại sao người Iroquois Saint Lawrence lại dùng từ kanata khi gặp Cartier?,để chỉ đường,Canada,True,False,0,0.0,1.0,0.5261745452880859,7.696650505065918,-0.5261745452880859,WRONG_SPAN
0003-0005-0002,Người đảm nhiệm chức vụ tù trưởng của làng Stadacona là ai?,Donnacona,Donnacona,True,False,1,1.0,1.0,-5.1508259773254395,10.917003631591797,5.1508259773254395,CORRECT
0003-0005-0003,Ý nghĩa của từ Stadacona là gì?,,,False,True,1,1.0,1.0,3.4675960540771484,5.174535751342773,-3.4675960540771484,CORRECT_NO_ANSWER
0003-0005-0004,Nguồn gốc của cuộc nội chiến Canada là từ đâu?,,,False,True,1,1.0,1.0,3.423778533935547,5.202312469482422,-3.423778533935547,CORRECT_NO_ANSWER
0003-0005-0005,Người đảm nhiệm chức vụ giám sát viên của làng Stadacona là ai?,,,False,True,1,1.0,1.0,2.383896827697754,6.316593170166016,-2.383896827697754,CORRECT_NO_ANSWER
0003-0005-0006,Từ katana đã được các nhà thám hiểm vùng Québec dùng làm gì?,,,False,True,1,1.0,1.0,3.23822021484375,5.477398872375488,-3.23822021484375,CORRECT_NO_ANSWER
0003-0005-0007,Ý nghĩa của từ Canada là gì?,"""làng"" hay ""khu định cư""",,True,True,0,0.0,1.0,4.414906024932861,4.137970447540283,-4.414906024932861,ANSWERABLE_PREDICTED_EMPTY
0003-0005-0008,Từ katana đã được thổ dân vùng Québec dùng làm gì?,chỉ đường cho nhà thám hiểm người Pháp Jacques Cartier đến làng Stadacona,,True,True,0,0.0,1.0,3.0917105674743652,5.6151814460754395,-3.0917105674743652,ANSWERABLE_PREDICTED_EMPTY
0003-0005-0009,Nguồn gốc của tên gọi Canada là từ đâu?,Tên gọi Canada bắt nguồn từ kanata trong ngôn ngữ của người Iroquois Saint Lawrence,,True,True,0,0.0,1.0,3.3073511123657227,5.093548774719238,-3.3073511123657227,ANSWERABLE_PREDICTED_EMPTY
0003-0006-0001,"Để ngăn chặn sự phản kháng của Mười ba thuộc địa, Tân Pháp đã làm gì?",,,False,True,1,1.0,1.0,2.3677806854248047,6.081145286560059,-2.3677806854248047,CORRECT_NO_ANSWER
0003-0006-0002,Tỉnh Ontario nằm về phía nào của Canada?,,,False,True,1,1.0,1.0,5.039787530899048,3.555837392807007,-5.039787530899048,CORRECT_NO_ANSWER
0003-0006-0003,Khi nào thì Canada được thống nhất thành một tỉnh?,năm 1841,,True,True,0,0.0,1.0,3.6133127212524414,4.880938529968262,-3.6133127212524414,ANSWERABLE_PREDICTED_EMPTY
0003-0006-0004,"Trong thế kỉ XVII, Canada thuộc quyền quản lý của quốc gia nào?",Pháp,phần lãnh thổ nằm dọc theo sông Saint-Laurent thuộc Tân Pháp,True,False,0,0.15384615384615385,1.0,0.6656527519226074,7.568727970123291,-0.6656527519226074,SPAN_TOO_LONG
0003-0006-0005,Thượng Canada năm 1791 nằm ở phía nào của Ontario hiện nay?,phía bắc,khu vực này là Thượng Canada và khu vực có truyền thống nói tiếng Pháp là Hạ Canada,True,False,0,0.0,1.0,-2.2142434120178223,8.653976440429688,2.2142434120178223,WRONG_SPAN
0003-0006-0006,"Để trừng trị sự phản kháng của Mười ba thuộc địa, Tân Pháp đã làm gì?",Anh Quốc mở rộng trên quy mô rất lớn lãnh thổ Canada theo Đạo luật Quebec 1774,,True,True,0,0.0,1.0,2.715148448944092,5.754090785980225,-2.715148448944092,ANSWERABLE_PREDICTED_EMPTY
0003-0006-0007,Tỉnh Ontario nằm về phía nào của Ngũ Đại Hồ?,phía bắc,phần lớn Ontario,True,False,0,0.0,1.0,1.6659445762634277,6.538223743438721,-1.6659445762634277,WRONG_SPAN
0003-0007-0001,Nêu đặc trưng xã hội của người nhập cư vào Canada?,,,False,True,1,1.0,1.0,3.8274331092834473,4.797618389129639,-3.8274331092834473,CORRECT_NO_ANSWER
0003-0007-0002,Lòai người xuất hiện sớm nhất ở nơi nào trong lãnh thổ của Canada?,bắc bộ khu vực Yukon,,True,True,0,0.0,1.0,1.835296630859375,6.6783857345581055,-1.835296630859375,ANSWERABLE_PREDICTED_EMPTY
0003-0007-0003,Khi nào thì lòai người xuất hiện ở tại Ontario?,7500 TCN,,True,True,0,0.0,1.0,4.3420796394348145,4.304702281951904,-4.3420796394348145,ANSWERABLE_PREDICTED_EMPTY
0003-0007-0004,Khi nào thì sự sống xuất hiện ở tại Ontario?,,,False,True,1,1.0,1.0,1.8816347122192383,6.7409162521362305,-1.8816347122192383,CORRECT_NO_ANSWER
0003-0007-0005,Nêu đặc trưng xã hội của người bản địa Canada?,"Các đặc trưng của các xã hội Thổ dân Canada gồm có các khu định cư thường xuyên, nông nghiệp, kết cấu phân tầng xã hội phức tạp, và các mạng lưới mậu dịch",,True,True,0,0.0,1.0,2.3592376708984375,6.1047258377075195,-2.3592376708984375,ANSWERABLE_PREDICTED_EMPTY
0003-0007-0006,Những người đầu tiên di cư tới Canada nhờ con đường nào?,đường cầu lục địa Bering,,True,True,0,0.0,1.0,3.9200143814086914,4.764950752258301,-3.9200143814086914,ANSWERABLE_PREDICTED_EMPTY
0003-0007-0007,Lòai người tại nam bộ Ontario di chuyển qua Canada theo con đường nào?,đường cầu lục địa Bering,Beringia theo đường cầu lục địa Bering,True,False,0,0.8333333333333333,1.0,-0.32325077056884766,8.685647010803223,0.32325077056884766,SPAN_TOO_LONG
0003-0007-0008,Kể tên một vài nơi xuất hiện con người sớm nhất ở Beringia?,,,False,True,1,1.0,1.0,2.719088554382324,5.948601722717285,-2.719088554382324,CORRECT_NO_ANSWER
0003-0007-0009,Kể tên một vài nơi xuất hiện con người sớm nhất ở Canada?,Các di chỉ khảo cổ học người Da đỏ cổ đại (Paleo-Indian) tại bình nguyên Old Crow và các động Bluefish,,True,True,0,0.0,1.0,2.8959031105041504,5.744425296783447,-2.8959031105041504,ANSWERABLE_PREDICTED_EMPTY
0003-0008-0001,Vì sao dân số thổ dân Canada giảm mạng?,Do hậu quả từ quá trình thực dân hóa của người châu Âu,,True,True,0,0.0,1.0,3.176468849182129,5.644255638122559,-3.176468849182129,ANSWERABLE_PREDICTED_EMPTY
0003-0008-0002,Kể tên các dân tộc thổ dân Canada còn tồn tại đến ngày nay?,"Các dân tộc Trước tiên (First Nations), Inuit, và Métis","Các dân tộc Trước tiên (First Nations), Inuit, và Métis",True,False,1,1.0,1.0,1.6988062858581543,7.1846489906311035,-1.6988062858581543,CORRECT
0003-0008-0003,Ảnh hưởng của việc thực dân hóa của người châu Âu là gì?,"các dân tộc Thổ dân Canada phải chịu tổn thất do các dịch bệnh truyền nhiễm mới được đưa đến bùng phát lặp lại nhiều lần, như dịch cúm, dịch sởi, dịch đầu mùa (do Thổ dân không có miễn dịch tự nhiên), kết quả là dân số của họ giảm từ 40-80% trong các thế kỷ sau khi người châu Âu đến","các dân tộc Thổ dân Canada phải chịu tổn thất do các dịch bệnh truyền nhiễm mới được đưa đến bùng phát lặp lại nhiều lần, như dịch cúm, dịch sởi, dịch đầu mùa",True,False,0,0.6938775510204082,1.0,-0.9423542022705078,9.327049255371094,0.9423542022705078,SPAN_TOO_SHORT
0003-0008-0004,Ảnh hưởng của việc chấp nhận sự nhập cư của người châu Âu là gì?,,,False,True,1,1.0,1.0,4.339785099029541,4.557662487030029,-4.339785099029541,CORRECT_NO_ANSWER
0003-0008-0005,Vì sao kinh tế thổ dân Canada giảm mạnh?,,,False,True,1,1.0,1.0,3.719174385070801,5.1295881271362305,-3.719174385070801,CORRECT_NO_ANSWER
0003-0008-0006,"Tại sao trước khi người châu Ân đến, số người Thổ dân Canada lớn gấp đôi?","phải chịu tổn thất do các dịch bệnh truyền nhiễm mới được đưa đến bùng phát lặp lại nhiều lần, như dịch cúm, dịch sởi, dịch đầu mùa",,True,True,0,0.0,1.0,3.6462135314941406,5.24678897857666,-3.6462135314941406,ANSWERABLE_PREDICTED_EMPTY
0003-0008-0007,Kể tên các dân tộc nhập cư của Canada còn tồn tại đến ngày nay?,,,False,True,1,1.0,1.0,1.8282785415649414,7.040865898132324,-1.8282785415649414,CORRECT_NO_ANSWER
0003-0008-0008,"Khi người châu Âu đặt chân vào Canada, thì dân số của người bản địa là bao nhiêu?",200.000 đến hai triệu,,True,True,0,0.0,1.0,3.1795921325683594,5.664882659912109,-3.1795921325683594,ANSWERABLE_PREDICTED_EMPTY
0003-0009-0001,Khi nào thì Pháp đánh dấu quyền sở hữu sông St.Lawrence?,ngày 24 tháng 7,Pháp quốc quốc vương vạn tuế,True,False,0,0.0,1.0,0.5619502067565918,7.718166828155518,-0.5619502067565918,WRONG_SPAN
0003-0009-0002,Quốc tịch của Lawrence là gì?,,,False,True,1,1.0,1.0,5.611459016799927,3.4305427074432373,-5.611459016799927,CORRECT_NO_ANSWER
0003-0009-0003,Ai là người đầu tiên phát hiện vùng duyên hải Đại Tây Dương của Canada?,John Cabot,thủy thủ người Ý John Cabot khám phá ra vùng duyên hải Đại Tây Dương của Canada cho Vương quốc Anh,True,False,0,0.17391304347826084,1.0,0.1971454620361328,8.579172134399414,-0.1971454620361328,SPAN_TOO_LONG
0003-0009-0004,"Sau khỏang 500 năm tính từ nỗ lực đầu tiên thuộc địa hóa Canada của người Âu, nỗ lực tiếp theo do ai thực hiện?",thủy thủ người Ý John Cabot,người Norse định cư trong một thời gian ngắn tại L'Anse aux Meadows thuộc Newfoundland,True,False,0,0.09090909090909091,1.0,-0.3224754333496094,8.801689147949219,0.3224754333496094,SPAN_TOO_LONG
0003-0009-0005,Người đánh dấu quyền sở lãnh thổ của Pháp lên sông St.Lawrence là ai?,Jacques Cartier,Pháp quốc quốc vương vạn tuế,True,False,0,0.0,1.0,0.23597145080566406,8.00535774230957,-0.23597145080566406,WRONG_SPAN
0003-0009-0006,Quốc tịch của John Cabot là gì?,Ý,,True,True,0,0.0,1.0,5.470891237258911,3.5888450145721436,-5.470891237258911,ANSWERABLE_PREDICTED_EMPTY
0003-0009-0007,Người đánh dấu quyền sở lãnh thổ của Canada lên sông St.Lawrence là ai?,,Pháp quốc quốc vương vạn tuế,False,False,0,0.0,1.0,1.212550163269043,7.184420585632324,-1.212550163269043,UNANSWERABLE_FALSE_POSITIVE
0003-0009-0008,Khi nào thì người châu Âu bắt đầu âm mưu chia cắt Canada?,,,False,True,1,1.0,1.0,3.1290359497070312,5.83228874206543,-3.1290359497070312,CORRECT_NO_ANSWER
0003-0009-0009,Khi nào thì người châu Âu bắt đầu âm mưu thực địa hóa Canada?,khi người Norse định cư trong một thời gian ngắn tại L'Anse aux Meadows thuộc Newfoundland vào khỏang năm 1000 CN,người Norse định cư trong một thời gian ngắn tại L'Anse aux Meadows thuộc Newfoundland vào khỏang năm 1000 CN,True,False,0,0.9767441860465117,1.0,0.7374963760375977,7.9465532302856445,-0.7374963760375977,SPAN_TOO_SHORT
0003-0010-0001,Các nhà truyền giáo Cơ Đốc tại Ngũ Đại Hồ là người nước nào?,Pháp,"các thương nhân da lông thú và các nhà truyền giáo Cơ Đốc thăm dò Ngũ Đại Hồ, vịnh Hudson, và lưu vực sông Mississippi đến Louisiana",True,False,0,0.0,1.0,1.2352943420410156,7.426239013671875,-1.2352943420410156,WRONG_SPAN
0003-0010-0002,Nơi định cư đầu tiên của người Pháp ở Canada là ở đâu?,Port Royal,,True,True,0,0.0,1.0,3.2499189376831055,5.508502006530762,-3.2499189376831055,ANSWERABLE_PREDICTED_EMPTY
0003-0010-0003,Ngành kinh tế nào ở Bắc Mỹ đã gây ra cuộc chiến Hải ly?,da lông thú,tranh chấp quyền kiểm sóat đối với mậu dịch da lông thú,True,False,0,0.4,1.0,1.5977578163146973,7.219974040985107,-1.5977578163146973,SPAN_TOO_LONG
0003-0010-0004,H.Gilbert là người của quốc gia nào?,Anh,,True,True,0,0.0,1.0,5.472693920135498,3.4472765922546387,-5.472693920135498,ANSWERABLE_PREDICTED_EMPTY
0003-0010-0005,Nơi xâm lược đầu tiên của người Pháp ở Canada là ở đâu?,,,False,True,1,1.0,1.0,3.1891627311706543,5.676095485687256,-3.1891627311706543,CORRECT_NO_ANSWER
0003-0010-0006,Ai là người mở đầu cho công cuộc đánh dấu lãnh thổ thuộc địa của Anh Quốc?,Humphrey Gilbert,,True,True,0,0.0,1.0,4.619434356689453,4.2687225341796875,-4.619434356689453,ANSWERABLE_PREDICTED_EMPTY
0003-0011-0001,Tiền đề tạo nên Mặt trận Bắc Mỹ là gì?,bốn cuộc chiến bùng nổ tại Bắc Mỹ thuộc địa hóa,,True,True,0,0.0,1.0,3.1971187591552734,5.658129692077637,-3.1971187591552734,ANSWERABLE_PREDICTED_EMPTY
0003-0011-0002,"Năm 1610, những khu vực nào đã trở thành thuộc địa?",Cupids và Ferryland trên đảo Newfoundland,Mười ba thuộc địa ở phía nam,True,False,0,0.0,1.0,1.337000846862793,7.360891342163086,-1.337000846862793,WRONG_SPAN
0003-0011-0003,Có bao nhiêu trận chiến tranh nổ ra tại Bắc Mỹ trong khỏang thời gian từ 1689-1763?,bốn,,True,True,0,0.0,1.0,1.8858938217163086,6.7169952392578125,-1.8858938217163086,ANSWERABLE_PREDICTED_EMPTY
0003-0011-0004,"Năm 1610, những quốc gia nào đã trở thành quốc thuộc địa?",,,False,True,1,1.0,1.0,2.5080909729003906,6.367980003356934,-2.5080909729003906,CORRECT_NO_ANSWER
0003-0011-0005,Khi nào người Anh bắt đầu mở rộng thuộc địa?,năm 1610,,True,True,0,0.0,1.0,5.616702318191528,3.1973979473114014,-5.616702318191528,ANSWERABLE_PREDICTED_EMPTY
0003-0012-0001,Anh Quốc đã làm gì để phòng chống xâm lược xảy ra ở Québec?,,,False,True,1,1.0,1.0,2.128631114959717,5.974289417266846,-2.128631114959717,CORRECT_NO_ANSWER
0003-0012-0002,Anh Quốc đã làm gì để phòng chống xung đột xảy ra ở Québec?,"Anh Quốc thông qua đạo luật Québec vào năm 1774, mở rộng lãnh thổ của Québec đến Ngũ Đại Hồ và thung lũng sông Ohio","đạo luật Québec vào năm 1774, mở rộng lãnh thổ của Québec đến Ngũ Đại Hồ và thung lũng sông Ohio",True,False,0,0.9130434782608696,1.0,-0.9364595413208008,7.648373603820801,0.9364595413208008,SPAN_TOO_SHORT
0003-0012-0003,Việc làm gì của Anh Quốc đã gây nên sự phẫn nộ của nhân dân thế giới?,,,False,True,1,1.0,1.0,5.5677170753479,3.2512965202331543,-5.5677170753479,CORRECT_NO_ANSWER
0003-0012-0004,Nội dung của Tuyên ngôn Vương thất 1763 là gì?,"tạo nên tỉnh Quebec từ Tân Pháp, và sáp nhập đảo Cape Breton vào Nova Scotia",,True,True,0,0.0,1.0,5.961660385131836,2.8266353607177734,-5.961660385131836,ANSWERABLE_PREDICTED_EMPTY
0003-0012-0005,Việc làm gì của Anh Quốc đã gây nên sự phẫn nộ của nhân dân Canada?,"Anh Quốc cũng tái lập ngôn ngữ Pháp, đức tin Công giáo La Mã, và dân luật Pháp",,True,True,0,0.0,1.0,5.275144577026367,3.4994430541992188,-5.275144577026367,ANSWERABLE_PREDICTED_EMPTY
0003-0012-0006,Khi nào đảo Prince Edward trở thành một khu vực thuộc địa riêng biệt?,năm 1769,Đảo St. John's (nay là đảo Prince Edward,True,False,0,0.0,1.0,-1.6776494979858398,9.379144668579102,1.6776494979858398,WRONG_SPAN
0003-0013-0001,Ngôn ngữ nào phổ biến ở Ontario?,Anh ngữ,Hạ Canada (sau là Québec) Pháp ngữ,True,False,0,0.22222222222222224,1.0,1.7545371055603027,6.9070000648498535,-1.7545371055603027,SPAN_TOO_LONG
0003-0013-0002,Nội dung của lời Đạo luật Paris 1783 là gì?,,,False,True,1,1.0,1.0,3.4694318771362305,5.2575483322143555,-3.4694318771362305,CORRECT_NO_ANSWER
0003-0013-0003,Ngôn ngữ nào phổ biến ở Québec?,Pháp ngữ,Hạ Canada (sau là Québec) Pháp ngữ,True,False,0,0.4444444444444445,1.0,1.3633756637573242,7.287890434265137,-1.3633756637573242,SPAN_TOO_LONG
0003-0013-0004,Nội dung của hiệp định Paris 1783 là gì?,Anh Quốc công nhận tình trạng độc lập của Hoa Kỳ và nhượng lại các lãnh thổ ở phía nam của Ngũ Đại Hồ cho Hoa Kỳ,,True,True,0,0.0,1.0,3.9259033203125,4.744683265686035,-3.9259033203125,ANSWERABLE_PREDICTED_EMPTY
0003-0013-0005,Ngôn ngữ nào phổ biến ở Nova Scotia?,,,False,True,1,1.0,1.0,3.0184450149536133,5.7466230392456055,-3.0184450149536133,CORRECT_NO_ANSWER
0003-0013-0006,Vì sao tỉnh Québec được chia thành hai vùng thượng và hạ?,Nhằm hòa giải những người nói tiếng Anh trung thành tại Quebec,,True,True,0,0.0,1.0,4.871419429779053,4.076107501983643,-4.871419429779053,ANSWERABLE_PREDICTED_EMPTY
0003-0013-0007,Khi nào thì tỉnh Québec được chia làm hai vùng?,1791,,True,True,0,0.0,1.0,4.879086017608643,3.9878296852111816,-4.879086017608643,ANSWERABLE_PREDICTED_EMPTY
0003-0014-0001,Người ta thống kê được số người di cư từ châu Âu sang Canada trong khỏang thời gian từ 1825 đến 1846 là bao nhiêu?,626.628 người,626.628 người nhập cư châu Âu được ghi chép là đã đặt chân lên các cảng tại Canada,True,False,0,0.2727272727272727,1.0,-2.197875499725342,9.392290115356445,2.197875499725342,SPAN_TOO_LONG
0003-0014-0002,Hai quốc gia nào tham gia vào cuộc chiến tranh năm 1812?,Hoa Kỳ và Anh Quốc,,True,True,0,0.0,1.0,1.8154010772705078,6.964216232299805,-1.8154010772705078,ANSWERABLE_PREDICTED_EMPTY
0003-0014-0003,Vì sao lại có rất nhiều người Ireland di cư sang Canada?,chạy trốn Nạn đói lớn Ireland cũng như ngững người Scot nói tiếng Gael phải dời đi theo Thanh trừ Cao địa,,True,True,0,0.0,1.0,4.156833171844482,4.585279941558838,-4.156833171844482,ANSWERABLE_PREDICTED_EMPTY
0003-0014-0004,Vì sao lại có rất nhiều người Ireland thiệt mạng ở Canada?,,,False,True,1,1.0,1.0,4.516482353210449,4.189326286315918,-4.516482353210449,CORRECT_NO_ANSWER
0003-0014-0005,Hai quốc gia nào tham gia vào bàn đàm phán năm 1812?,,,False,True,1,1.0,1.0,5.468553781509399,3.362342596054077,-5.468553781509399,CORRECT_NO_ANSWER
0003-0014-0006,Người ta thống kê được số người di cư từ châu Âu sang Hoa Kỳ trong khỏang thời gian từ 1825 đến 1846 là bao nhiêu?,,626.628 người nhập cư châu Âu được ghi chép là đã đặt chân lên các cảng tại Canada,False,False,0,0.0,1.0,-1.8370122909545898,9.43575382232666,1.8370122909545898,UNANSWERABLE_FALSE_POSITIVE
0003-0014-0007,Khi nào thì xuất hiện hiện tượng đông đảo người dân di cư từ đảo Ireland vào Canada?,năm 1815,,True,True,0,0.0,1.0,2.1915721893310547,6.446836471557617,-2.1915721893310547,ANSWERABLE_PREDICTED_EMPTY
0003-0015-0001,Bản hiệp ước nào đã kết thúc cuộc chiến tranh giành biên giới Oregon?,Hiệp định Oregon,Hiệp định Oregon,True,False,1,1.0,1.0,1.1440238952636719,6.9715423583984375,-1.1440238952636719,CORRECT
0003-0015-0002,Tiền đề cho công cuộc hình thành hai thuộc địa đảo Vancouver và British Columbia là gì?,Anh Quốc và Hoa Kỳ ký kết Hiệp định Oregon vào năm 1846,,True,True,0,0.0,1.0,2.143772602081299,6.607548236846924,-2.143772602081299,ANSWERABLE_PREDICTED_EMPTY
0003-0015-0003,Bản hiệp ước nào đã kết thúc cuộc chiến tranh chống lại Oregon?,,,False,True,1,1.0,1.0,2.8295416831970215,5.72141695022583,-2.8295416831970215,CORRECT_NO_ANSWER
0003-0015-0004,Nguyên nhân của việc kết thúc các cuộc chiến nổi dậy ở Canada năm 1837 là gì?,,,False,True,1,1.0,1.0,3.1932945251464844,5.728533744812012,-3.1932945251464844,CORRECT_NO_ANSWER
0003-0015-0005,Nguyên nhân của việc bùng nổ các cuộc chiến nổi dậy ở Canada năm 1837 là gì?,Nguyện vọng của người Canada về việc có chính phủ chịu trách nhiệm,,True,True,0,0.0,1.0,3.2188100814819336,5.694972038269043,-3.2188100814819336,ANSWERABLE_PREDICTED_EMPTY
0003-0015-0006,Khi nào hai vùng thượng và hạ của Canada được thống nhất lại thành một?,1840,Thượng và Hạ Canada,True,False,0,0.0,1.0,1.7621822357177734,7.034282684326172,-1.7621822357177734,WRONG_SPAN
0003-0015-0007,Kết cục của các cuộc tranh chấp biên giới của nhân dân Canada là gì?,,,False,True,1,1.0,1.0,5.152067184448242,3.7156982421875,-5.152067184448242,CORRECT_NO_ANSWER
0003-0015-0008,Kết cục của các chiến đấu phản kháng của nhân dân Canada là gì?,nhanh chóng thất bại,,True,True,0,0.0,1.0,5.548717975616455,3.340649127960205,-5.548717975616455,ANSWERABLE_PREDICTED_EMPTY
0003-0016-0001,Khi nào liên minh Canada ra đời?,ngày 1 tháng 7 năm 1867,,True,True,0,0.0,1.0,4.544640064239502,4.039945125579834,-4.544640064239502,ANSWERABLE_PREDICTED_EMPTY
0003-0016-0002,Địa phận lãnh thổ của Canada sơ khai gồm có các tỉnh nào?,"Ontario, Québec, Nova Scotia, và New Brunswick",,True,True,0,0.0,1.0,2.3094143867492676,6.2223124504089355,-2.3094143867492676,ANSWERABLE_PREDICTED_EMPTY
0003-0016-0003,Khi nào thì liên minh Canada nhận được tham gia của đảo Prince Edward?,1873,,True,True,0,0.0,1.0,2.9298391342163086,5.4642839431762695,-2.9298391342163086,ANSWERABLE_PREDICTED_EMPTY
0003-0016-0004,Vì sao tỉnh Manitoba xuất hiện?,sự bất bình của người Métis bùng phát,Nổi dậy Red River,True,False,0,0.0,1.0,0.8833246231079102,7.344296455383301,-0.8833246231079102,WRONG_SPAN
0003-0016-0005,Khi nào thì liên minh Canada nhận được sự bất bình của đảo Prince Edward?,,Nổi dậy Red River và hình thành tỉnh Manitoba,False,False,0,0.0,1.0,0.43782901763916016,7.7041215896606445,-0.43782901763916016,UNANSWERABLE_FALSE_POSITIVE
0003-0017-0001,Khi nào thì Lãnh thổ Yukon được mở rộng?,,,False,True,1,1.0,1.0,3.3565263748168945,4.685547828674316,-3.3565263748168945,CORRECT_NO_ANSWER
0003-0017-0002,Thủ tướng John A.Macdonald đã ban hành chính sách về vấn đề gì để bảo đảm các ngành công nghiệp chế tạo phát triển?,chính sách quốc gia về thuế quan,chính sách quốc gia về thuế quan,True,False,1,1.0,1.0,-1.4548516273498535,8.29201602935791,1.4548516273498535,CORRECT
0003-0017-0003,Chính phủ đã làm gì để hỗ trợ cho việc nhập cư ở phía Tây?,,,False,True,1,1.0,1.0,3.3418445587158203,4.728436470031738,-3.3418445587158203,CORRECT_NO_ANSWER
0003-0017-0004,Khi nào thì Lãnh thổ Yukon được thiết lập?,Năm 1898,,True,True,0,0.0,1.0,2.2736263275146484,5.620108604431152,-2.2736263275146484,ANSWERABLE_PREDICTED_EMPTY
0003-0017-0005,Chính phủ đã làm gì để hỗ trợ cho việc khai hoang ở phía Tây?,"chính phủ tài trợ việc xây dựng ba tuyến đường sắt xuyên lục địa, mở cửa các thảo nguyên cho họat động định cư theo Đạo luật Thổ địa Lãnh thổ tự trị",,True,True,0,0.0,1.0,3.152202606201172,4.9331865310668945,-3.152202606201172,ANSWERABLE_PREDICTED_EMPTY
0003-0017-0006,Ngành kỹ thuật nào của Canada chưa phát triển?,công nghiệp chế tạo,,True,True,0,0.0,1.0,6.812181711196899,1.83408522605896,-6.812181711196899,ANSWERABLE_PREDICTED_EMPTY
0003-0018-0001,Quân đòan nào có vai trò quan trọng trong cuộc chiến Vimy?,Quân đòan Canada,Quân đòan Canada,True,False,1,1.0,1.0,-2.9053492546081543,10.133989334106445,2.9053492546081543,CORRECT
0003-0018-0002,Quốc gia nào đã đẩy Canada vào cuộc chiến tranh thế giới lần thứ nhất?,Anh Quốc,Anh Quốc,True,False,1,1.0,1.0,0.6888103485107422,8.027976036071777,-0.6888103485107422,CORRECT
0003-0018-0003,Vì sao Canada bị động tham gia vào cuộc chiến tranh thế giới lần thứ nhất khi Anh Quốc tuyên chiến?,Anh Quốc vẫn duy trì quyền kiểm sóat trên lĩnh vực đối ngọai của Canada theo Đạo luật Liên minh,việc cường quốc này tuyên chiến vào năm 1914 tự động đưa Canada vào Chiến tranh thế giới thứ nhất,True,False,0,0.10000000000000002,1.0,1.1080889701843262,7.5635151863098145,-1.1080889701843262,PARTIAL_SPAN
0003-0018-0004,Quốc gia nào đã đẩy Canada vào cuộc khủng hỏang kinh tế thế giới lần thứ nhất?,,,False,True,1,1.0,1.0,2.3834118843078613,6.368821620941162,-2.3834118843078613,CORRECT_NO_ANSWER
0003-0018-0005,Cuộc chiến tranh lần thứ nhất đã đem đến thiệt hại như thế nào cho Canada?,"Trong số xấp xỉ 625.000 người Canada phục vụ trong Chiến tranh thế giới thứ nhất, có khỏang 60.000 bị giết và 173.000 bị thương",,True,True,0,0.0,1.0,4.689084053039551,4.156495094299316,-4.689084053039551,ANSWERABLE_PREDICTED_EMPTY
0003-0018-0006,"Ngòai việc tranh chấp các trường dạy ngôn ngữ Anh, thì chính phủ đã làm thêm việc gì mà gây ra sự bất mãn của cho cộng đồng người Canada Pháp ngữ?",hủ tướng Bảo thủ Robert Borden cho tiến hành nghĩa vụ quân sự cưỡng bách bất chấp sự phản đối dữ dội của người Québec Pháp ngữ,,True,True,0,0.0,1.0,2.6824092864990234,6.1559600830078125,-2.6824092864990234,ANSWERABLE_PREDICTED_EMPTY
0003-0018-0007,"Ngòai việc tranh chấp các trường dạy ngôn ngữ Anh, thì chính phủ đã làm thêm việc gì mà dẫn đến cuộc nổi dậy của cộng đồng người Canada Pháp ngữ?",,,False,True,1,1.0,1.0,2.4316511154174805,6.374241828918457,-2.4316511154174805,CORRECT_NO_ANSWER
0003-0019-0001,Ai là người đảm nhiệm chức vụ thủ tướng của chính phủ Tự do?,William Lyon Mackenzie King,,True,True,0,0.0,1.0,2.269162178039551,6.430668830871582,-2.269162178039551,ANSWERABLE_PREDICTED_EMPTY
0003-0019-0002,Đại khủng hỏang vào đầu thập kỷ 1930 đã gây ảnh gì đến Canada?,"kinh tế bị suy thóai, khiến tòan quốc gặp cảnh gian khổ",tòan quốc gặp cảnh gian khổ,True,False,0,0.6666666666666666,1.0,-2.1450328826904297,9.992776870727539,2.1450328826904297,SPAN_TOO_SHORT
0003-0019-0003,Kể tên một số trận chiến có ý nghĩa quan trọng mà quân đội Canada tham gia?,"Trận Dieppe năm 1942, Đồng Minh xâm chiếm Ý, đổ bộ Normandie, trận Normandie, và trận Scheldt vào năm 1944",,True,True,0,0.0,1.0,4.347771644592285,4.473560333251953,-4.347771644592285,ANSWERABLE_PREDICTED_EMPTY
0003-0019-0004,Chiến tranh lạnh vào đầu thập kỷ 1930 đã gây ảnh gì đến Canada?,,tòan quốc gặp cảnh gian khổ,False,False,0,0.0,1.0,-0.576420783996582,9.232545852661133,0.576420783996582,UNANSWERABLE_FALSE_POSITIVE
0003-0019-0005,Kể tên một số trận chiến có ý nghĩa quan trọng mà quân đội Canada đã thất bại?,,,False,True,1,1.0,1.0,4.96728253364563,3.895470380783081,-4.96728253364563,CORRECT_NO_ANSWER
0003-0019-0006,Nhờ mặt hàng nào mà kinh tế của Canada phát triển nhanh chóng trong chiến tranh?,trang thiết bị quân sự,"các ngành công nghiệp của quốc gia sản xuất các trang thiết bị quân sự cho Canada, Anh Quốc, Trung Quốc và Liên Xô",True,False,0,0.3448275862068966,1.0,-0.4135017395019531,9.024247169494629,0.4135017395019531,SPAN_TOO_LONG
0003-0019-0007,Khi nào thì quân đội Canada đặt chân vào Anh Quốc?,tháng 12 năm 1939,,True,True,0,0.0,1.0,2.167652130126953,6.440762519836426,-2.167652130126953,ANSWERABLE_PREDICTED_EMPTY
0003-0020-0001,Sự kiện gì diễn ra vào năm 1969 ở Canada?,thi hành song ngữ chính thức (tiếng Anh và tiếng Pháp),,True,True,0,0.0,1.0,5.434543609619141,3.3780317306518555,-5.434543609619141,ANSWERABLE_PREDICTED_EMPTY
0003-0020-0002,Việc làm gì đã thể hiện một bản sắc văn hóa mới xuất hiện ở Canada?,chấp thuận quốc kỳ lá phong hiện nay vào năm 1965,,True,True,0,0.0,1.0,2.241931915283203,6.315365791320801,-2.241931915283203,ANSWERABLE_PREDICTED_EMPTY
0003-0020-0003,Sự kiện gì tăn trưởng vào năm 1969 ở Canada?,,,False,True,1,1.0,1.0,4.524924278259277,4.268739700317383,-4.524924278259277,CORRECT_NO_ANSWER
0003-0020-0004,Hệ quả của việc Canada kết hợp các chính sách kế tiếp nhau là gì?,hình thành một bản sắc Canada mới,,True,True,0,0.0,1.0,4.713171482086182,4.008113384246826,-4.713171482086182,ANSWERABLE_PREDICTED_EMPTY
0003-0020-0005,Việc làm gì đã thể hiện một lọai hình kinh tế mới xuất hiện ở Canada?,,,False,True,1,1.0,1.0,6.585466384887695,2.256338119506836,-6.585466384887695,CORRECT_NO_ANSWER
0003-0020-0006,Khi nào thì Canada trở thành một quốc gia đa nguyên văn hóa?,năm 1971,lập thể chế đa nguyên văn hóa chính thức vào năm 1971,True,False,0,0.2857142857142857,1.0,0.2468276023864746,7.963170528411865,-0.2468276023864746,SPAN_TOO_LONG
0003-0021-0001,Kẻ chủ mưu của cuộc Khủng hỏang Tháng mười là tổ chức nào?,Mặt trận giải phóng Québec (FLQ),Mặt trận giải phóng Québec (FLQ) cấp tiến,True,False,0,0.8571428571428571,1.0,-2.0592451095581055,9.755796432495117,2.0592451095581055,SPAN_TOO_LONG
0003-0021-0002,Kẻ chủ mưu của cuộc đàm phán từ Liên minh là tổ chức nào?,,,False,True,1,1.0,1.0,4.098917007446289,4.686437606811523,-4.098917007446289,CORRECT_NO_ANSWER
0003-0021-0003,Vị trí của ĐẢng Cải cách Canada là ở đâu?,Tây bộ Canada,Tây bộ Canada,True,False,1,1.0,1.0,1.7690200805664062,6.997159004211426,-1.7690200805664062,CORRECT
0003-0021-0004,Tiền đề của hiến pháp dân tộc chủ nghĩa hiện đại là gì?,,,False,True,1,1.0,1.0,3.4761319160461426,5.340882778167725,-3.4761319160461426,CORRECT_NO_ANSWER
0003-0021-0005,Vị trí của Đảng Tuyển cử Canada là ở đâu?,,,False,True,1,1.0,1.0,4.08981990814209,4.753539085388184,-4.08981990814209,CORRECT_NO_ANSWER
0003-0021-0006,Tiền đề của phong trào dân tộc chủ nghĩa hiện đại là gì?,Cách mạng Yên tĩnh,,True,True,0,0.0,1.0,3.898554801940918,4.964241981506348,-3.898554801940918,ANSWERABLE_PREDICTED_EMPTY
0003-0021-0007,Công cuộc hòa giải với người theo chủ nghĩa dân tộc Québec có kết quả như thế nào?,thất bại,Các nỗ lực nhằm hòa giải với chủ nghĩa dân tộc Québec bằng hiến pháp,True,False,0,0.0,1.0,1.6491279602050781,6.902063369750977,-1.6491279602050781,WRONG_SPAN
0003-0022-0001,Sự kiện nào mở đầu cho quá trình xung đột giữa người Thổ dân và chính quyền Canada?,Khủng hỏang Oka năm 1990,Khủng hỏang Oka năm 1990,True,False,1,1.0,1.0,-0.6578311920166016,9.452709197998047,0.6578311920166016,CORRECT
0003-0022-0002,Quân đội Canada đã thực hiện những nhiệm vụ gì trong Chiến tranh Vùng Vịnh năm 1990?,gìn giữ hòa bình trong thập kỷ 1990,"họat động trong một số sứ mệnh gìn giữ hòa bình trong thập kỷ 1990, bao gồm sứ mệnh UNPROFOR tại Nam Tư cũ",True,False,0,0.5,1.0,0.8722085952758789,7.780024528503418,-0.8722085952758789,SPAN_TOO_LONG
0003-0022-0003,Kể tên các cuộc cải cách quy mô lớn làm xáo trộn xã hội Canada vào cuối thập niên 1980?,,,False,True,1,1.0,1.0,2.9640660285949707,5.907385349273682,-2.9640660285949707,CORRECT_NO_ANSWER
0003-0022-0004,Kể tên các cuộc khủng hòang quy mô lớn làm xáo trộn xã hội Canada vào cuối thập niên 1980?,"Chúng gồm có Chuyến bay 182 của Air India phát nổ vào năm 1985, vụ mưu sát hàng lọat lớn nhất trong lịch sử Canada; Thảm sát trường Bách khoa École vào năm 1989, một vụ xả súng đại học với mục tiêu là các nữ sinh; và Khủng hỏang Oka năm 1990","Chuyến bay 182 của Air India phát nổ vào năm 1985, vụ mưu sát hàng lọat lớn nhất trong lịch sử Canada",True,False,0,0.5866666666666668,1.0,1.3106107711791992,7.369523048400879,-1.3106107711791992,SPAN_TOO_SHORT
0003-0022-0005,Sự kiện nào được mệnh danh là vụ mưu sát hàng lọat có quy mô lớn nhất lịch sử Canada?,Chuyến bay 182 của Air India phát nổ vào năm 1985,Chuyến bay 182 của Air India phát nổ vào năm 1985,True,False,1,1.0,1.0,-3.3075265884399414,10.689981460571289,3.3075265884399414,CORRECT
0003-0022-0006,Sự kiện nào được mệnh danh là vụ xung đột hàng lọat có quy mô lớn nhất lịch sử Canada?,,Chuyến bay 182 của Air India phát nổ vào năm 1985,False,False,0,0.0,1.0,-2.2301807403564453,10.442109107971191,2.2301807403564453,UNANSWERABLE_FALSE_POSITIVE
0003-0022-0007,Bộ Ngọai giao Canada đã thực hiện những nhiệm vụ gì trong Chiến tranh Vùng Vịnh năm 1990?,,"họat động trong một số sứ mệnh gìn giữ hòa bình trong thập kỷ 1990, bao gồm sứ mệnh UNPROFOR tại Nam Tư cũ",False,False,0,0.0,1.0,1.4079718589782715,7.355255603790283,-1.4079718589782715,UNANSWERABLE_FALSE_POSITIVE
0003-0023-0001,Địa phận lãnh thổ nào của Pháp gần với phía nam của Canada nhất?,Saint Pierre và Miquelon,Saint Pierre và Miquelon,True,False,1,1.0,1.0,1.661992073059082,7.005827903747559,-1.661992073059082,CORRECT
0003-0023-0002,Địa phận lãnh thổ nào của Hoa Kỳ gần với phía nam của Canada nhất?,,,False,True,1,1.0,1.0,4.466836452484131,4.390987873077393,-4.466836452484131,CORRECT_NO_ANSWER
0003-0023-0003,Canada tiếp giáp với các quốc gia nào bằng biên giới trên cạn?,Hoa Kỳ liền kề ở phía nam và bang Alaska của Hoa Kỳ ở phía tây bắc,,True,True,0,0.0,1.0,4.377693176269531,4.438228607177734,-4.377693176269531,ANSWERABLE_PREDICTED_EMPTY
0003-0023-0004,Quốc gia nào có mật độ dân số lớn nhất thế giới?,,,False,True,1,1.0,1.0,3.472580909729004,5.372988700866699,-3.472580909729004,CORRECT_NO_ANSWER
0003-0023-0005,Quốc gia nào có lãnh thổ rộng nhất thế giới?,Nga,,True,True,0,0.0,1.0,2.85654878616333,5.891981601715088,-2.85654878616333,ANSWERABLE_PREDICTED_EMPTY
0003-0023-0006,Địa phận lãnh thổ nào của Đan Mạch gần với phía đông bắc của Canada nhất?,Greenland,Greenland thuộc Vương quốc Đan Mạch,True,False,0,0.2857142857142857,1.0,1.6572842597961426,7.0983500480651855,-1.6572842597961426,SPAN_TOO_LONG
0003-0023-0007,Canada tiếp giáp với các quốc gia nào bằng biên giới trên biển?,,,False,True,1,1.0,1.0,4.293695449829102,4.510245323181152,-4.293695449829102,CORRECT_NO_ANSWER
0003-0023-0008,Canada tiếp giáp với các vùng đại dương nào?,"Đại Tây Dương ở phía đông đến Thái Bình Dương ở phía tây, phía bắc là Bắc Băng Dương",,True,True,0,0.0,1.0,4.738131523132324,4.09719181060791,-4.738131523132324,ANSWERABLE_PREDICTED_EMPTY
0003-0023-0009,Hoa Kỳ tiếp giáp với các vùng đại dương nào?,,,False,True,1,1.0,1.0,4.578880310058594,4.3006591796875,-4.578880310058594,CORRECT_NO_ANSWER
0003-0024-0001,Nơi nào là khu vực có người sinh sống gần xích đạo nhất trên thế giới?,,,False,True,1,1.0,1.0,3.9354820251464844,4.716731071472168,-3.9354820251464844,CORRECT_NO_ANSWER
0003-0024-0002,Nơi nào là khu vực có người sinh sống gần cực bắc nhất trên thế giới?,trạm Alert,,True,True,0,0.0,1.0,4.180837154388428,4.453515529632568,-4.180837154388428,ANSWERABLE_PREDICTED_EMPTY
0003-0024-0003,Hai quốc gia nào đứng thứ nhất trên thế về độ dài đường biên giới trên bộ?,Canada-Hoa Kỳ,,True,True,0,0.0,1.0,3.1624460220336914,5.530341148376465,-3.1624460220336914,ANSWERABLE_PREDICTED_EMPTY
0003-0024-0004,Bờ biển Alert có vị trí địa lý như thế nào?,,,False,True,1,1.0,1.0,3.9815235137939453,4.790430068969727,-3.9815235137939453,CORRECT_NO_ANSWER
0003-0024-0005,Khi nào Canada tuyên bố quản lý khu vực ở khỏang 60°T và 141°T?,năm 1925,phần thuộc vùng Bắc Cực,True,False,0,0.0,1.0,-0.3069171905517578,8.349494934082031,0.3069171905517578,WRONG_SPAN
0003-0024-0006,Trạm Alert có vị trí địa lý như thế nào?,"mũi phía bắc của đảo Ellesmere – vĩ độ 82,5°B – cách Bắc Cực 817 kilômét (508 mi)","trạm Alert của Quân đội Canada, nằm ở mũi phía bắc của đảo Ellesmere – vĩ độ 82,5°B – cách Bắc Cực 817 kilômét (508 mi)",True,False,0,0.8095238095238095,1.0,0.7924489974975586,7.471162796020508,-0.7924489974975586,SPAN_TOO_LONG
0003-0025-0001,Nơi xuất hiện của các dòng sông nước ngọt bị đóng băng là ở đâu?,Dãy núi Rocky của Canada và Dãy núi Coast,,True,True,0,0.0,1.0,2.96567440032959,5.860228538513184,-2.96567440032959,ANSWERABLE_PREDICTED_EMPTY
0003-0025-0002,Vụ Tseax Cone phun trào núi lửa đã gây thiệt hại như thế nào?,sát hại 2.000 người Nisga'a và hủy diệt làng của họ tại thung lũng sông Nass ở bắc bộ British Columbia,sát hại 2.000 người Nisga'a và hủy diệt làng của họ tại thung lũng sông Nass ở bắc bộ British Columbia,True,False,1,1.0,1.0,-0.2201080322265625,8.672811508178711,0.2201080322265625,CORRECT
0003-0025-0003,Điểm nổi bật của sông ở Canada là gì?,,,False,True,1,1.0,1.0,3.4184770584106445,5.363490104675293,-3.4184770584106445,CORRECT_NO_ANSWER
0003-0025-0004,Điểm nổi bật của hồ nước ở Canada là gì?,"Canada có khỏang 31.700 hồ lớn hơn 3 kilômét vuông (300 ha), nhiều hơn bất kỳ quốc gia nào khác, và chứa nhiều nước ngọt của thế giới",,True,True,0,0.0,1.0,3.982043743133545,4.799825191497803,-3.982043743133545,ANSWERABLE_PREDICTED_EMPTY
0003-0025-0005,Những khu vực nào có người dân tập trung sinh sống đông đúc nhất của Canada?,"hành lang Thành phố Québec – Windsor, nằm tại Nam bộ Québec và Nam bộ Ontario dọc theo Ngũ Đại Hồ và sông St. Lawrence",,True,True,0,0.0,1.0,2.3568177223205566,6.354526996612549,-2.3568177223205566,ANSWERABLE_PREDICTED_EMPTY
0003-0025-0006,Canada có bao nhiêu khu rừng?,tám,,True,True,0,0.0,1.0,4.090845584869385,4.684463024139404,-4.090845584869385,ANSWERABLE_PREDICTED_EMPTY
0003-0025-0007,Nơi xuất hiện của các dòng sông nước ngọt bị sạt lở là ở đâu?,,,False,True,1,1.0,1.0,3.6025028228759766,5.245818138122559,-3.6025028228759766,CORRECT_NO_ANSWER
0003-0025-0008,Những khu vực nào có người dân nhập cư tập trung sinh sống đông đúc nhất của Canada?,,,False,True,1,1.0,1.0,3.695744037628174,5.100782871246338,-3.695744037628174,CORRECT_NO_ANSWER
0003-0026-0001,Nhiệt độ có thể xuất hiện ở Canada vào mùa thu là bao nhiêu độ?,,,False,True,1,1.0,1.0,4.709411144256592,4.228301525115967,-4.709411144256592,CORRECT_NO_ANSWER
0003-0026-0002,Nhiệt độ có thể xuất hiện ở Canada vào mùa đông là bao nhiêu độ?,dưới −40 °C (−40 °F),,True,True,0,0.0,1.0,4.2009382247924805,4.660148620605469,-4.2009382247924805,ANSWERABLE_PREDICTED_EMPTY
0003-0026-0003,Nơi nào của Canada có khí hậu tốt nhất vào vào mùa đông?,British Columbia Duyên hải,,True,True,0,0.0,1.0,2.5979270935058594,6.208073616027832,-2.5979270935058594,ANSWERABLE_PREDICTED_EMPTY
0003-0026-0004,Thời tiết của Columbia lạnh giá nhất vào mùa nào?,,,False,True,1,1.0,1.0,4.601813793182373,4.291323184967041,-4.601813793182373,CORRECT_NO_ANSWER
0003-0026-0005,Nhiệt độ trung bình thường ngày của các khu vực khí hậu lục địa của Canada là bao nhiêu?,gần −15 °C (5 °F),,True,True,0,0.0,1.0,2.4587864875793457,6.30016565322876,-2.4587864875793457,ANSWERABLE_PREDICTED_EMPTY
0003-0026-0006,Thời tiết của Canada lạnh giá nhất vào mùa nào?,Mùa đông,,True,True,0,0.0,1.0,4.561495780944824,4.351224899291992,-4.561495780944824,ANSWERABLE_PREDICTED_EMPTY
0003-0027-0001,Ngân hàng nào đảm nhiệm vai trò ngân hàng đứng đầu của nước Canada?,,,False,True,1,1.0,1.0,3.416659355163574,5.401562690734863,-3.416659355163574,CORRECT_NO_ANSWER
0003-0027-0002,Canada tham gia vào những tổ chức kinh tế nào?,Tổ chức Hợp tác và Phát triển kinh tế (OECD) và G8,,True,True,0,0.0,1.0,3.875929355621338,5.010100841522217,-3.875929355621338,ANSWERABLE_PREDICTED_EMPTY
0003-0027-0003,Sàn giao dịch hàng hóa nào có quy mô đứng thứ bảy trên thế giới?,,Sở giao dịch chứng khóan Toronto,False,False,0,0.0,1.0,-0.7715940475463867,9.445904731750488,0.7715940475463867,UNANSWERABLE_FALSE_POSITIVE
0003-0027-0004,Ngân hàng nào đảm nhiệm vai trò ngân hàng trung ương của nước Canada?,Ngân hàng Canada,,True,True,0,0.0,1.0,3.4609546661376953,5.353799819946289,-3.4609546661376953,ANSWERABLE_PREDICTED_EMPTY
0003-0027-0005,Thu nhập kinh tế của Canada như thế nào trong năm 2008?,"Năm 2008, lượng hàng hóa nhập khẩu của Canada có giá trị trên 442,9 tỷ CAD, trong đó 280,8 tỷ CAD bắt nguồn từ Hoa Kỳ, 11,7 tỷ CAD bắt nguồn từ Nhật Bản, và 11,3 tỷ CAD bắt nguồn từ Anh Quốc",,True,True,0,0.0,1.0,3.390233039855957,5.444003105163574,-3.390233039855957,ANSWERABLE_PREDICTED_EMPTY
0003-0027-0006,Sàn giao dịch chứng khóan nào có quy mô đứng thứ bảy trên thế giới?,Sở giao dịch chứng khóan Toronto,Sở giao dịch chứng khóan Toronto,True,False,1,1.0,1.0,-2.605116844177246,10.337005615234375,2.605116844177246,CORRECT
0003-0028-0001,Ngành công nghiệp nào chiếm tỉ số lớn trong việc cung cấp các mặt hàng cho người dân Canada?,,,False,True,1,1.0,1.0,3.005458354949951,5.669579029083252,-3.005458354949951,CORRECT_NO_ANSWER
0003-0028-0002,Ngành nào là ông vua không ngai trong nền kinh tế của Canada?,ngành công nghiệp dịch vụ,,True,True,0,0.0,1.0,2.6386666297912598,5.999012470245361,-2.6386666297912598,ANSWERABLE_PREDICTED_EMPTY
0003-0028-0003,Ngành công nghiệp nào chiếm tỉ số lớn trong việc cung cấp việc làm cho người dân Canada?,ngành công nghiệp dịch vụ,các ngành đốn gỗ và dầu mỏ,True,False,0,0.16666666666666666,1.0,1.792783260345459,6.730806827545166,-1.792783260345459,SPAN_TOO_LONG
0003-0028-0004,Tiền đề cho sự chuyển hóa của nền kinh tế vào đầu thập kỷ XX là gì?,"sự phát triển của các ngành chế tạo, khai mỏ, và các lĩnh vực dịch vụ",,True,True,0,0.0,1.0,3.9700093269348145,4.753744602203369,-3.9700093269348145,ANSWERABLE_PREDICTED_EMPTY
0003-0028-0005,"Từ thế kỷ XX, kinh tế của Canada có sự thay đổi gì?","Kể từ đầu thế kỷ XX, sự phát triển của các ngành chế tạo, khai mỏ, và các lĩnh vực dịch vụ đã chuyển đổi Canada từ một nền kinh tế nông thôn mức độ lớn sang nền kinh tế đô thị hóa, công nghiệp",,True,True,0,0.0,1.0,3.7412471771240234,4.878576278686523,-3.7412471771240234,ANSWERABLE_PREDICTED_EMPTY
0003-0029-0001,Nguồn sống của người dân ở bắc bộ Canada là gì?,dựa vào các mỏ khóang sản lân cận hoặc các nguồn gỗ,,True,True,0,0.0,1.0,5.81831169128418,2.980731964111328,-5.81831169128418,ANSWERABLE_PREDICTED_EMPTY
0003-0029-0002,Hãy nêu những hiểu biết của về tình hình xuất khẩu sản phẩm nông nghiệp của Canada?,"Canada cũng là một trong các quốc gia lớn nhất về cung cấp nông sản trên thế giới; Các thảo nguyên Canada là một trong những nơi sản xuất có tầm quan trọng tòan cầu nhất về lúa mì, cải dầu, và các lọai hạt khác",,True,True,0,0.0,1.0,4.668510913848877,4.113746166229248,-4.668510913848877,ANSWERABLE_PREDICTED_EMPTY
0003-0029-0003,Hai lọai kim lọai nào được xuất khẩu nhiều nhất ở Canada?,thiếc và urani,,True,True,0,0.0,1.0,4.010560035705566,4.777083396911621,-4.010560035705566,ANSWERABLE_PREDICTED_EMPTY
0003-0029-0004,Vì sao nói Canada là một trong những nơi có trữ lượng dầu khí lớn nhất thế giới?,Các mỏ cát dầu Athabasca và các tài sản khác khiến Canada sở hữu 13% trữ lượng dầu tòan cầu,,True,True,0,0.0,1.0,5.152747392654419,3.7144992351531982,-5.152747392654419,ANSWERABLE_PREDICTED_EMPTY
0003-0029-0005,Hai lọai kim lọai nào được xuất khẩu nhiều nhất ở Venezuela?,,,False,True,1,1.0,1.0,5.329481840133667,3.504004716873169,-5.329481840133667,CORRECT_NO_ANSWER
0003-0030-0001,Tiền đề của sự kết hợp của NEP và FIRA là gì?,,,False,True,1,1.0,1.0,2.4986214637756348,6.1193766593933105,-2.4986214637756348,CORRECT_NO_ANSWER
0003-0030-0002,Mối quan hệ hợp tác kinh tế giữa hai quốc gia Hoa Kỳ và Canada đã có sự thay đổi gì vào năm 1988?,Hiệp định Thương mại tự do Canada – Hoa Kỳ (FTA) năm 1988 đã lọai trừ thuế quan giữa hai quốc gia,,True,True,0,0.0,1.0,4.233436584472656,4.54083251953125,-4.233436584472656,ANSWERABLE_PREDICTED_EMPTY
0003-0030-0003,Tổ chức nào do Pierre Trudeau tạo ra còn tồn tại đến hôm nay?,Cơ quan Đánh giá đầu tư nước ngòai (FIRA),,True,True,0,0.0,1.0,3.391098976135254,5.430349349975586,-3.391098976135254,ANSWERABLE_PREDICTED_EMPTY
0003-0030-0004,Khi nào thì mối quan hệ hội nhập kinh tế giữa México và Hoa Kỳ được tăng cường?,,,False,True,1,1.0,1.0,3.979465961456299,4.7385382652282715,-3.979465961456299,CORRECT_NO_ANSWER
0003-0030-0005,Khi nào thì mối quan hệ hội nhập kinh tế giữa Canada và Hoa Kỳ được tăng cường?,sau Chiến tranh thế giới thứ hai,,True,True,0,0.0,1.0,2.4798221588134766,6.219250679016113,-2.4798221588134766,ANSWERABLE_PREDICTED_EMPTY
0003-0030-0006,Tiền đề của sự ra đờig của NEP và FIRA là gì?,các mối quan tâm về sự độc lập năng lượng và sở hữu ngọai quốc trong lĩnh vực chế tạo,Chương trình Năng lượng quốc gia (NEP) và Cơ quan Đánh giá đầu tư nước ngòai (FIRA),True,False,0,0.27027027027027023,1.0,1.3432998657226562,7.157800674438477,-1.3432998657226562,SPAN_TOO_SHORT
0003-0030-0007,Mục đích của việc đổi tên |Cơ quan đÁnh giá đầu tư nước ngòai là gì?,khuyến khích đầu tư nước ngòai,Cơ quan Đánh giá đầu tư nước ngòai (FIRA,True,False,0,0.5333333333333333,1.0,-0.8450016975402832,7.749682426452637,0.8450016975402832,SPAN_TOO_LONG
0003-0030-0008,Mục đích của việc lọai bỏ Cơ quan đánh giá đầu tư nước ngòai là gì?,,"Chương trình Năng lượng quốc gia (NEP) và Cơ quan Đánh giá đầu tư nước ngòai (FIRA). Trong thập niên 1980, Thủ tướng Brian Mulroney thuộc Đảng Cấp tiến Bảo thủ đã bãi bỏ NEP",False,False,0,0.0,1.0,0.5292425155639648,7.574969291687012,-0.5292425155639648,UNANSWERABLE_FALSE_POSITIVE
0003-0031-0001,Canada đã thiết kế và sản xuất cho ISS những sản phẩm nào?,"các tay máy robot Canadarm, Canadarm2 và Dextre",Canada cũng sản xuất thành công và sử dụng rộng rãi tên lửa thám không Black Brant,True,False,0,0.07999999999999999,1.0,1.7005548477172852,6.742871284484863,-1.7005548477172852,SPAN_TOO_LONG
0003-0031-0002,Vị trí của Canada trong lĩnh vực người máy không gian là gì?,một nước tiên phong,,True,True,0,0.0,1.0,2.871257781982422,5.704740524291992,-2.871257781982422,ANSWERABLE_PREDICTED_EMPTY
0003-0031-0003,"Các danh hiệu vệ tinh nào được thiết lập tại Canada, trong khỏang thập niên 1960?","Radarsat-1 và 2, ISIS và MOST",,True,True,0,0.0,1.0,1.843557357788086,6.685443878173828,-1.843557357788086,ANSWERABLE_PREDICTED_EMPTY
0003-0031-0004,Canada tham gia tổ chức sản xuất nào?,,,False,True,1,1.0,1.0,3.5132389068603516,5.231788635253906,-3.5132389068603516,CORRECT_NO_ANSWER
0003-0031-0005,Canada tham tổ chức về lĩnh vực không gian vũ trụ nào?,ISS,,True,True,0,0.0,1.0,4.754716634750366,3.8982832431793213,-4.754716634750366,ANSWERABLE_PREDICTED_EMPTY
0003-0031-0006,"Các nhãn hiệu vệ tinh nào được thiết lập tại NASA, trong khỏang thập niên 1960?",,"Radarsat-1 và 2, ISIS và MOST.",False,False,0,0.0,1.0,-0.8286657333374023,8.901323318481445,0.8286657333374023,UNANSWERABLE_FALSE_POSITIVE
0003-0032-0001,Khi một người đảm nhiệm chức vụ thủ tướng thì họ sẽ bị hạn chế gì?,,,False,True,1,1.0,1.0,3.3877315521240234,5.447406768798828,-3.3877315521240234,CORRECT_NO_ANSWER
0003-0032-0002,Tổ chức nào có trách nhiệm quản lý các quân chủ và phó quân chủ?,Nội các,Tòan quyền,True,False,0,0.0,1.0,0.48891544342041016,8.177589416503906,-0.48891544342041016,WRONG_SPAN
0003-0032-0003,Ai là người quyết định thủ tướng của Nội các?,,,False,True,1,1.0,1.0,2.1772003173828125,6.5231828689575195,-2.1772003173828125,CORRECT_NO_ANSWER
0003-0032-0004,Khi nào thì các quân chủ có thể tự động thực hiện chính sách mà không cần thông qua Nội các?,Trong các tình thế khủng hỏang nhất định,,True,True,0,0.0,1.0,2.4117026329040527,6.317314624786377,-2.4117026329040527,ANSWERABLE_PREDICTED_EMPTY
0003-0032-0005,Khi một người đảm nhiệm chức vụ quân chủ thì họ sẽ bị hạn chế gì?,hạn chế trong việc tham gia trực tiếp vào các lĩnh vực cai trị,,True,True,0,0.0,1.0,2.3970203399658203,6.355294227600098,-2.3970203399658203,ANSWERABLE_PREDICTED_EMPTY
0003-0032-0006,Ai là người quyết định thành viên của Nội các?,Thủ tướng Canada,,True,True,0,0.0,1.0,3.14939546585083,5.614724636077881,-3.14939546585083,ANSWERABLE_PREDICTED_EMPTY
0003-0033-0001,Đại diện của các tổ chức nào trở thành người lãnh đạo nghị viện liên bang vào năm 2011?,,"Đảng Bảo thủ (đảng cầm quyèn), Đảng Tân Dân chủ (đối lập chính thức), Đảng Tự do, Khối Người Québec, và Đảng Xanh",False,False,0,0.0,1.0,0.4770851135253906,7.770071029663086,-0.4770851135253906,UNANSWERABLE_FALSE_POSITIVE
0003-0033-0002,Cơ chế tuyển cử các nghị sĩ là gì?,bầu theo đa số giản đơn trong một khu vực tuyển cử,,True,True,0,0.0,1.0,3.528310775756836,4.9154558181762695,-3.528310775756836,ANSWERABLE_PREDICTED_EMPTY
0003-0033-0003,Giới hạn về độ tuổi của các nghị viện là bao nhiêu tuổi?,75,,True,True,0,0.0,1.0,3.1529135704040527,5.366465091705322,-3.1529135704040527,ANSWERABLE_PREDICTED_EMPTY
0003-0033-0004,Điều kiện để tổ chức một cuộc tổng tuyển cử là gì?,"Tổng tuyển cử phải do tòan quyền yêu cầu, theo cố vấn của thủ tướng trong vòng bốn năm tính từ cuộc bầu cử trước đó, hoặc nếu chính phủ thất bại trong một cuộc bỏ phiếu tín nhiệm tại nghị viện",,True,True,0,0.0,1.0,3.8834619522094727,4.6507720947265625,-3.8834619522094727,ANSWERABLE_PREDICTED_EMPTY
0003-0033-0005,Đại diện của các tổ chức nào trở thành nghị viện liên bang vào năm 2011?,"Đảng Bảo thủ (đảng cầm quyèn), Đảng Tân Dân chủ (đối lập chính thức), Đảng Tự do, Khối Người Québec, và Đảng Xanh","Đảng Bảo thủ (đảng cầm quyèn), Đảng Tân Dân chủ (đối lập chính thức), Đảng Tự do, Khối Người Québec, và Đảng Xanh",True,False,1,1.0,1.0,0.21962690353393555,7.961302280426025,-0.21962690353393555,CORRECT
0003-0034-0001,Văn bản nào có quyền hành pháp luật cao nhất Canada?,Hiến pháp Canada,,True,True,0,0.0,1.0,3.2304558753967285,5.442284107208252,-3.2304558753967285,ANSWERABLE_PREDICTED_EMPTY
0003-0034-0002,Ý nghĩa của đạo luật Hiến pháp 1867 là gì?,khẳng định sự cai trị dựa trên tiền lệ nghị viện và phân chia quyền lực giữa các chính phủ liên bang và cấp tỉnh,,True,True,0,0.0,1.0,2.076803207397461,6.363856315612793,-2.076803207397461,ANSWERABLE_PREDICTED_EMPTY
0003-0034-0003,Nhiệm vụ của Hiến chương Canada về Quyền lợi và Tự do là gì?,Hiến chương đảm bảo các quyền lợi và quyền tự do mà theo thường lệ không thể bị chà đạp bởi bất kỳ chính phủ nào,tu chính hiến pháp,True,False,0,0.13333333333333336,1.0,1.2329611778259277,7.239002704620361,-1.2329611778259277,SPAN_TOO_SHORT
0003-0034-0004,Thứ gì đã cắt đứt mối quan hệ giữa Canada và Anh Quốc?,Quy chế Westminster 1931 trao đầy đủ quyền tự trị và Đạo luật Hiến pháp 1982,,True,True,0,0.0,1.0,3.3075027465820312,5.453364372253418,-3.3075027465820312,ANSWERABLE_PREDICTED_EMPTY
0003-0035-0001,Các hiệp ước nào về vấn đề nhập cư giữa người châu Âu và thổ dân Canada được Đảng Canada chú ý nhất?,,một lọat 11 hiệp định được gọi là Các hiệp định Được đánh số,False,False,0,0.0,1.0,-0.5844507217407227,8.7783203125,0.5844507217407227,UNANSWERABLE_FALSE_POSITIVE
0003-0035-0002,Các hiệp ước nào về vấn đề quan hệ giữa người châu Âu và thổ dân Canada được Đảng Canada chú ý nhất?,Các hiệp định Được đánh số,một lọat 11 hiệp định được gọi là Các hiệp định Được đánh số,True,False,0,0.6,1.0,-1.337998390197754,9.164093971252441,1.337998390197754,SPAN_TOO_LONG
0003-0035-0003,Để duy trì trật tự giữa người châu Âu và thổ dân Canada thứ gì đã được tạo ra?,"Đạo luật người Da đỏ (Indian Act), các hiệp định khác nhau và các án lệ pháp",Đạo luật người Da đỏ,True,False,0,0.45454545454545453,1.0,0.08713340759277344,8.612325668334961,-0.08713340759277344,SPAN_TOO_SHORT
0003-0035-0004,Dân nhập cư Canada nhận được quyền lợi gì qua các bản hiệp ước?,,,False,True,1,1.0,1.0,2.9221982955932617,5.777924537658691,-2.9221982955932617,CORRECT_NO_ANSWER
0003-0035-0005,Thổ dân Canada nhận được quyền lợi gì qua các bản hiệp ước?,"Các quyền lợi này có thể bao gồm cung cấp các dịch vụ như y tế, và miễn thuế",,True,True,0,0.0,1.0,2.062458038330078,6.545080184936523,-2.062458038330078,ANSWERABLE_PREDICTED_EMPTY
0003-0035-0006,Mối quan hệ giữa người dân châu Âu di cư sang Canada và thổ dân Canada diễn ra như thế nào?,tương đối hòa bình,,True,True,0,0.0,1.0,3.726931095123291,5.089450359344482,-3.726931095123291,ANSWERABLE_PREDICTED_EMPTY
0003-0036-0001,Các thành viên của tổ chức Tối cao pháp viện do ai đề cử?,cố vấn của thủ tướng và bộ trưởng tư pháp,Chín thành viên của Tối cao pháp viện do tòan quyền,True,False,0,0.1904761904761905,1.0,-0.2491464614868164,8.05474853515625,0.2491464614868164,SPAN_TOO_LONG
0003-0036-0002,"Từ cuối năm 2017, người đảm nhiệm chánh án tối cao của pháp viện Canada là ai?",Chánh án Richard Wagner,"Tối cao pháp viện Canada là tòa án cao nhất và nơi phân xử cuối cùng, từ ngày 18 tháng 12 năm 2017 đứng đầu tòa là Chánh án Richard Wagner",True,False,0,0.2285714285714286,1.0,-0.44304752349853516,8.504629135131836,0.44304752349853516,SPAN_TOO_LONG
0003-0036-0003,Nhiệm vụ của cơ quan tư pháp của Canada là gì?,giải thích các pháp luật và có quyền phủ định các đạo luật của nghị viện nếu chúng vi hiến,Tối cao pháp viện Canada,True,False,0,0.16000000000000003,1.0,1.2315378189086914,7.1658430099487305,-1.2315378189086914,SPAN_TOO_SHORT
0003-0036-0004,"Từ cuối năm 2017, người đảm nhiệm luật sư tối cao của pháp viện Canada là ai?",,Tối cao pháp viện Canada,False,False,0,0.0,1.0,1.4655823707580566,6.9777398109436035,-1.4655823707580566,UNANSWERABLE_FALSE_POSITIVE
0003-0036-0005,Tổ chức Nội các có quyền hạn đề đề cử chức vụ giám sát viên cho các tòa án quy mô như thế nào?,,Tối cao pháp viện Canada,False,False,0,0.0,1.0,0.8126697540283203,7.600406646728516,-0.8126697540283203,UNANSWERABLE_FALSE_POSITIVE
0003-0036-0006,Tổ chức Nội các có quyền hạn đề đề cử chức vụ thẩm phán cho các tòa án quy mô như thế nào?,Nội các liên bang cũng bổ nhiệm các thẩm phán cho các tòa cấp cao có quyền hạn cấp tỉnh và lãnh thổ,Tối cao pháp viện Canada,True,False,0,0.07142857142857142,1.0,0.27219343185424805,7.892366886138916,-0.27219343185424805,SPAN_TOO_SHORT
0003-0037-0001,Canada và Hoa Kỳ có cuộc đàm phán diễn ra như thế nào?,,,False,True,1,1.0,1.0,4.814195156097412,3.7121834754943848,-4.814195156097412,CORRECT_NO_ANSWER
0003-0037-0002,Canada và Hoa Kỳ có mối quan hệ diễn ra như thế nào?,"Canada và Hoa Kỳ chia sẻ đường biên giới không được bảo vệ dài nhất thế giới, hợp tác trong các chiến dịch và tập luyện quân sự, và là đối tác thương mại lớn nhất của nhau",,True,True,0,0.0,1.0,3.8549365997314453,4.569488525390625,-3.8549365997314453,ANSWERABLE_PREDICTED_EMPTY
0003-0037-0003,Vì sao Canada và Anh Quốc không phải hai quốc gia đối địch với nhau?,,,False,True,1,1.0,1.0,4.153814315795898,4.384452819824219,-4.153814315795898,CORRECT_NO_ANSWER
0003-0037-0004,Vì sao Canada và Hà Lan không phải hai quốc gia đối địch với nhau?,Canada từng góp phần giải phóng Hà Lan trong Chiến tranh thế giới thứ hai,,True,True,0,0.0,1.0,3.006467342376709,5.347900867462158,-3.006467342376709,ANSWERABLE_PREDICTED_EMPTY
0003-0037-0005,Canada giữ vững mối quan hệ với Anh Quốc với vị thế gì?,tư cách viên của minh trong Thịnh vượng chung các quốc gia và Cộng đồng Pháp ngữ,,True,True,0,0.0,1.0,3.5323843955993652,4.786430835723877,-3.5323843955993652,ANSWERABLE_PREDICTED_EMPTY
0003-0037-0006,Sự việc gì đã chứng minh Canada giữ vững được độc lập trong chính sách đối ngọai?,duy trì quan hệ đầy đủ với Cuba và từ chối chính thức tham gia trong Cuộc xâm chiếm Iraq năm 2003,"Canada tuy vậy vẫn có một chính sách đối ngọai độc lập, đáng chú ý nhất là việc duy trì quan hệ đầy đủ với Cuba và từ chối chính thức tham gia trong Cuộc xâm chiếm Iraq năm 2003",True,False,0,0.7096774193548387,1.0,-1.5174798965454102,8.909988403320312,1.5174798965454102,SPAN_TOO_LONG
0003-0038-0001,"Trong Chiến tranh thế giới thứ hai, Canada là đồng minh của nước nào?",Anh Quốc,,True,True,0,0.0,1.0,5.041295528411865,3.6862587928771973,-5.041295528411865,ANSWERABLE_PREDICTED_EMPTY
0003-0038-0002,Vì sao Canada tham gi vào chiến sự Boer?,Canada gắn bó chặt chẽ với Đế quốc Anh và Thịnh vượng chung,,True,True,0,0.0,1.0,6.09137487411499,2.6861157417297363,-6.09137487411499,ANSWERABLE_PREDICTED_EMPTY
0003-0038-0003,Canada đã kề vai sát chiến với Anh Quốc trong các trận chiến tranh nào?,"Chiến tranh Boer lần thứ hai, Chiến tranh thế giới thứ nhất và Chiến tranh thế giới thứ hai","Chiến tranh Boer lần thứ hai, Chiến tranh thế giới thứ nhất và Chiến tranh thế giới thứ hai",True,False,1,1.0,1.0,1.5134077072143555,7.200900077819824,-1.5134077072143555,CORRECT
0003-0038-0004,"Sau khi tham chiến các trận chiến tranh với Anh Quốc, Canada đã có thay đổi về chrur trương gì?","Canada chủ trương đa phương hóa, tiến hành các nỗ lực nhằm giải quyết các vấn đề tòan cầu bằng cách cộng tác với các quốc gia khác",,True,True,0,0.0,1.0,5.10771369934082,3.6786251068115234,-5.10771369934082,ANSWERABLE_PREDICTED_EMPTY
0003-0038-0005,Canada đã lên án hành vi của Anh Quốc trong các trận chiến tranh nào?,,"Chiến tranh Boer lần thứ hai, Chiến tranh thế giới thứ nhất và Chiến tranh thế giới thứ hai",False,False,0,0.0,1.0,1.6434106826782227,7.0716352462768555,-1.6434106826782227,UNANSWERABLE_FALSE_POSITIVE
0003-0038-0006,"Sau khi tham chiến các trận chiến tranh với Hà Lan, Canada đã có thay đổi về chủ trương gì?",,,False,True,1,1.0,1.0,4.739290952682495,3.99676251411438,-4.739290952682495,CORRECT_NO_ANSWER
0003-0039-0001,Ai là người đầu tiên thực hiện một hành động giữ gìn hòa bình thế giới của Liên Hiệp Quốc?,Lester B. Pearson,Lực lượng gìn giữ hòa bình Liên Hiệp Quốc,True,False,0,0.0,1.0,0.8775396347045898,7.558372497558594,-0.8775396347045898,WRONG_SPAN
0003-0039-0002,Để giảm thiệt hại do cơn Khủng hỏang Kênh đào Suez gây ra chính quyền Canada đã làm gì?,làm giảm căng thẳng bằng đề xuất triển khai Lực lượng gìn giữ hòa bình Liên Hiệp Quốc,Lực lượng gìn giữ hòa bình Liên Hiệp Quốc,True,False,0,0.6666666666666666,1.0,-0.35391712188720703,9.010122299194336,0.35391712188720703,SPAN_TOO_SHORT
0003-0039-0003,Sự việc gì gây ra thiệt hại lớn cho cho Canada vào năm 1956?,Khủng hỏang Kênh đào Suez,"Khủng hỏang Kênh đào Suez năm 1956, Thủ tướng tương lai Lester B. Pearson làm giảm căng thẳng bằng đề xuất triển khai Lực lượng gìn giữ hòa bình Liên Hiệp Quốc",True,False,0,0.2702702702702703,1.0,1.5112404823303223,7.17802095413208,-1.5112404823303223,SPAN_TOO_LONG
0003-0039-0004,Điều khó khăn của Canada khi tham gia vào các sứ mệnh nỗ lực bảo vệ quyền trẻ em là gì?,,,False,True,1,1.0,1.0,2.8349180221557617,6.0005598068237305,-2.8349180221557617,CORRECT_NO_ANSWER
0003-0039-0005,Điều khó khăn của Canada khi tham gia vào các sứ mệnh nỗ lự giữ gìn hòa bình là gì?,Canada thỉnh thỏang phải đối mặt với các tranh luận về sự dính líu của họ đến các quốc gia khác,"Canada thỉnh thỏang phải đối mặt với các tranh luận về sự dính líu của họ đến các quốc gia khác, đáng chú ý là trong Vụ việc Somalia",True,False,0,0.8400000000000001,1.0,1.7436208724975586,6.806645393371582,-1.7436208724975586,SPAN_TOO_LONG
0003-0039-0006,Sự việc gì gây ra mối nguy hiểm lớn cho cho Canada vào năm 1956?,,"Khủng hỏang Kênh đào Suez năm 1956, Thủ tướng tương lai Lester B. Pearson làm giảm căng thẳng bằng đề xuất triển khai Lực lượng gìn giữ hòa bình Liên Hiệp Quốc",False,False,0,0.0,1.0,0.5782127380371094,8.029359817504883,-0.5782127380371094,UNANSWERABLE_FALSE_POSITIVE
0003-0039-0007,Để giảm thiệt hại do việc xây dựng Kênh đào Suez gây ra chính quyền Canada đã làm gì?,,,False,True,1,1.0,1.0,2.3671226501464844,6.495323181152344,-2.3671226501464844,CORRECT_NO_ANSWER
0003-0040-0001,Các thành viên ban đầu tự nguyện tham gia và dự án nghiên cứu vắc xin là quốc gia nào?,,,False,True,1,1.0,1.0,2.859816074371338,5.866775035858154,-2.859816074371338,CORRECT_NO_ANSWER
0003-0040-0002,Sự việc gì đã gây ảnh hưởng xất tới việc thông báo Bắc Cực thuộc quyền sở hữu của Canada?,Nga tiến hành chiếm thám hiểm dưới nước đến Bắc Cực,Nga tiến hành chiếm thám hiểm dưới nước đến Bắc Cực,True,False,1,1.0,1.0,1.7754826545715332,6.7715277671813965,-1.7754826545715332,CORRECT
0003-0040-0003,Kinh phí mà tất cả các quốc gia tham gia dự án tiêm viêm xắc đóng góp vào lúc ban đầu là bao nhiêu?,"1,5 tỷ đô la Mỹ",,True,True,0,0.0,1.0,6.9585607051849365,1.8755533695220947,-6.9585607051849365,ANSWERABLE_PREDICTED_EMPTY
0003-0040-0004,Khi nào dự án tiêm vắc-xin miễn phí cho các nước đang phát triển được triển khai?,tháng 2 năm 2007,"Canada, Ý, Anh Quốc, Na Uy, và Nga",True,False,0,0.0,1.0,0.5895156860351562,7.837093353271484,-0.5895156860351562,WRONG_SPAN
0003-0040-0005,Các thành viên ban đầu tự nguyện tham gia và dự án tiêm vắc xin là quốc gia nào?,"Canada, Ý, Anh Quốc, Na Uy, và Nga",,True,True,0,0.0,1.0,3.0172581672668457,5.722038745880127,-3.0172581672668457,ANSWERABLE_PREDICTED_EMPTY
0003-0041-0001,Chính quyền của tỉnh hay liên bang có khỏang tiền thu vào cao hơn?,Tổng thu nhập của các tỉnh nhiều hơn của chính phủ liên bang,,True,True,0,0.0,1.0,2.808394432067871,5.678542137145996,-2.808394432067871,ANSWERABLE_PREDICTED_EMPTY
0003-0041-0002,Mục đích của việc chính quyền thực hiện thanh tóan cân bằng là gì?,bảo đảm các tiêu chuẩn thống nhất hợp lý về các dịch vụ và thuế được thi hành giữa các tỉnh giàu hơn và nghèo hơn,các tiêu chuẩn thống nhất hợp lý về các dịch vụ và thuế được thi hành giữa các tỉnh giàu hơn và nghèo hơn,True,False,0,0.9600000000000001,1.0,-0.6500768661499023,8.719137191772461,0.6500768661499023,SPAN_TOO_SHORT
0003-0041-0003,Bộ máy chính quyền cấp tỉnh hay cấp lãnh thổ có quyền hành tự trị lớn hơn?,Các tỉnh có quyền tự trị lớn hơn các lãnh thổ,Các tỉnh,True,False,0,0.3076923076923077,1.0,1.5757999420166016,6.789226531982422,-1.5757999420166016,SPAN_TOO_SHORT
0003-0041-0004,Lãnh thổ Canada được phân chia về mặt hành chính như thế nào?,Canada là một liên bang gồm có mười tỉnh và ba lãnh thổ,,True,True,0,0.0,1.0,3.2921390533447266,5.225367546081543,-3.2921390533447266,ANSWERABLE_PREDICTED_EMPTY
0003-0041-0005,Bộ máy chính quyền cấp tỉnh hay cấp lãnh thổ có khả năng kinh tế lớn hơn?,,,False,True,1,1.0,1.0,3.638845920562744,4.935245990753174,-3.638845920562744,CORRECT_NO_ANSWER
0003-0041-0006,Lãnh thổ Canada được phân chia về địa hình như thế nào?,,,False,True,1,1.0,1.0,3.4983606338500977,5.040620803833008,-3.4983606338500977,CORRECT_NO_ANSWER
0003-0042-0001,Dân số của Canada đang phát triển theo xu thế nào?,dân số già hơn,Canada đang trải qua biến đổi nhân khẩu học theo hướng dân số già hơn,True,False,0,0.4210526315789474,1.0,1.5935049057006836,6.876437187194824,-1.5935049057006836,SPAN_TOO_LONG
0003-0042-0002,Dân số sống ở các đô thị chiếm bao nhiêu phần trăm?,80%,,True,True,0,0.0,1.0,1.981623649597168,6.244084358215332,-1.981623649597168,ANSWERABLE_PREDICTED_EMPTY
0003-0042-0003,Theo điều tra dân số Canada thì tuổi thọ trung bình người dân là bao nhiêu tuổi theo năm 2013?,81,81,True,False,1,1.0,1.0,0.17010879516601562,7.715330123901367,-0.17010879516601562,CORRECT
0003-0042-0004,Đa số người dân Mỹ sống cách biên giới Canada bao xa?,,,False,True,1,1.0,1.0,2.501894474029541,5.965575695037842,-2.501894474029541,CORRECT_NO_ANSWER
0003-0042-0005,Theo điều tra dân số Hoa Kỳ thì tuổi thọ trung bình người dân là bao nhiêu tuổi theo năm 2013?,,81,False,False,0,0.0,1.0,0.7245311737060547,7.41986083984375,-0.7245311737060547,UNANSWERABLE_FALSE_POSITIVE
0003-0042-0006,Đa số người dân Canada sống cách biên giới Hoa Kỳ bao xa?,dưới 150 kilômét (93 mi),Khỏang bốn phần năm dân số Canada sống cách với biên giới Hoa Kỳ dưới 150 kilômét (93 mi),True,False,0,0.4166666666666667,1.0,0.06667137145996094,7.971462249755859,-0.06667137145996094,SPAN_TOO_LONG
0003-0042-0007,Dân số của Hoa Kỳ đang phát triển theo xu thế nào?,,,False,True,1,1.0,1.0,2.766448497772217,5.857691287994385,-2.766448497772217,CORRECT_NO_ANSWER
0003-0042-0008,Các khu vực có đông người lao động sinh sống nhất là những nơi nào?,,,False,True,1,1.0,1.0,4.064213275909424,4.666508197784424,-4.064213275909424,CORRECT_NO_ANSWER
0003-0042-0009,Các khu vực có đông người dân sinh sống nhất là những nơi nào?,"hành lang thành phố Québec –Windsor, Lower Mainland tại British Columbia, và hành lang Calgary–Edmonton tại Alberta",,True,True,0,0.0,1.0,4.307158470153809,4.332230567932129,-4.307158470153809,ANSWERABLE_PREDICTED_EMPTY
0003-0043-0001,Tổng số dân của các dân tộc thiểu số hữu hình Canada đã phát triển như thế nào trong khỏang năm 2011-2016?,"tăng trưởng 18,4%","dân số dân tộc thiểu số hữu hình tăng trưởng 18,4%. Năm 1961, dưới 2% dân số Canada (khỏang 300.000 người) có thể được phân lọai thuộc một nhóm dân tộc thiểu số hữu hình, và dưới 1% là thổ dân",True,False,0,0.1702127659574468,1.0,-0.7078762054443359,9.169916152954102,0.7078762054443359,SPAN_TOO_LONG
0003-0043-0002,Tốc độ tăng trưởng kinh tế của thổ dân Canada gấp mấy lần so với tốc độ tăng trưởng bình quân của Canada?,,,False,True,1,1.0,1.0,3.60317325592041,5.3308210372924805,-3.60317325592041,CORRECT_NO_ANSWER
0003-0043-0003,Số người dân có đặc tính thổ dân chiếm bao nhiêu phần trăm dân số?,4%,,True,True,0,0.0,1.0,3.8223628997802734,4.973834991455078,-3.8223628997802734,ANSWERABLE_PREDICTED_EMPTY
0003-0043-0004,Các quốc gia nào có số dân di cư đến Canada nhiều nhất?,Nam Á,,True,True,0,0.0,1.0,4.4428229331970215,4.518251895904541,-4.4428229331970215,ANSWERABLE_PREDICTED_EMPTY
0003-0043-0005,Số người dân nhập cư chiếm bao nhiêu phần trăm dân số?,,,False,True,1,1.0,1.0,4.844629764556885,4.057793140411377,-4.844629764556885,CORRECT_NO_ANSWER
0003-0043-0006,Tổng sản lượng nông nghiệp của các dân tộc thiểu số hữu hình Canada đã phát triển như thế nào trong khỏang năm 2011-2016?,,"dân số dân tộc thiểu số hữu hình tăng trưởng 18,4%. Năm 1961, dưới 2% dân số Canada (khỏang 300.000 người) có thể được phân lọai thuộc một nhóm dân tộc thiểu số hữu hình, và dưới 1% là thổ dân",False,False,0,0.0,1.0,1.3184523582458496,7.518845081329346,-1.3184523582458496,UNANSWERABLE_FALSE_POSITIVE
0003-0043-0007,Tốc độ tăng trưởng dân số của thổ dân Canada gấp mấy lần so với tốc độ tăng trưởng bình quân của Canada?,gần gấp hai lần,,True,True,0,0.0,1.0,2.64724063873291,6.242913246154785,-2.64724063873291,ANSWERABLE_PREDICTED_EMPTY
0003-0044-0001,Số người dân tị nạn đi đến Canada chiếm bao nhiêu phần trăm số dân tị nạn trên thế giới?,hơn 10%,,True,True,0,0.0,1.0,5.365233898162842,3.238158702850342,-5.365233898162842,ANSWERABLE_PREDICTED_EMPTY
0003-0044-0002,Người di cư tới Canada chủ yêu tập trung sinh sông ở khu vực nào?,"Toronto, Montreal và Vancouver",,True,True,0,0.0,1.0,6.06819486618042,2.59163236618042,-6.06819486618042,ANSWERABLE_PREDICTED_EMPTY
0003-0044-0003,Quốc gia nào đứng hàng đầu thế giới về tỷ lệ nhập cư?,Canada,Canada,True,False,1,1.0,1.0,1.2034082412719727,7.100693702697754,-1.2034082412719727,CORRECT
0003-0044-0004,Vì sao tỷ lệ nhập cư bình quân trên người của Canada thuộc top đầu thế giới?,chính sách kinh tế và đòan tụ gia đình,"Canada là một trong những quốc gia có tỷ lệ nhập cư bình quân trên người cao nhất thế giới, được thúc đẩy từ chính sách kinh tế và đòan tụ gia đình",True,False,0,0.42857142857142855,1.0,-0.7165288925170898,8.85472297668457,0.7165288925170898,SPAN_TOO_LONG
0003-0045-0001,Số dân chúng tham gia giáo Rôma chiếm bao nhiêu phần trăm dân số?,"38,7%",,True,True,0,0.0,1.0,3.1733579635620117,5.41988468170166,-3.1733579635620117,ANSWERABLE_PREDICTED_EMPTY
0003-0045-0002,Số lượng người thổ địa Canada tham gia vào tôn giáo năm 2011 đã thay đổi như thế nào so với năm 2001?,,,False,True,1,1.0,1.0,3.705038547515869,4.986600399017334,-3.705038547515869,CORRECT_NO_ANSWER
0003-0045-0003,Tôn giáo thịnh hành nhất ở Canada là tôn giáo nào?,Kitô giáo,,True,True,0,0.0,1.0,1.8738608360290527,6.54404878616333,-1.8738608360290527,ANSWERABLE_PREDICTED_EMPTY
0003-0045-0004,"Canada là một quốc gia như thế nào về vấn đề tín ngưỡng, tôn giáo?","Canada là quốc gia đa tôn giáo, bao gồm nhiều tín ngưỡng và phong tục",,True,True,0,0.0,1.0,2.518545150756836,6.174745559692383,-2.518545150756836,ANSWERABLE_PREDICTED_EMPTY
0003-0045-0005,Tôn giáo thịnh hành nhất ở Hoa Kỳ là tôn giáo nào?,,,False,True,1,1.0,1.0,3.3338637351989746,5.214603900909424,-3.3338637351989746,CORRECT_NO_ANSWER
0003-0045-0006,Số lượng người dân Canada tham gia vào tôn giáo năm 2011 đã thay đổi như thế nào so với năm 2001?,"Năm 2011, khỏang 23,9% cư dân Canada coi rằng mình không tôn giáo, so với 16,5% vào năm 2001",,True,True,0,0.0,1.0,2.4693565368652344,6.1570329666137695,-2.4693565368652344,ANSWERABLE_PREDICTED_EMPTY
0003-0046-0001,"Theo chương trình khảo sát học sinh quốc tế, năng lực của học sinh Canada như thế nào?",,,False,True,1,1.0,1.0,4.016534805297852,4.669422149658203,-4.016534805297852,CORRECT_NO_ANSWER
0003-0046-0002,Trẻ nhỏ ở Canada bắt đầu trưởng thành từ mấy tuổi?,,,False,True,1,1.0,1.0,6.0374228954315186,2.7786619663238525,-6.0374228954315186,CORRECT_NO_ANSWER
0003-0046-0003,"Theo chương trình đánh giá học sinh quốc tế, năng lực của học sinh Canada như thế nào?","học sinh Canada biểu hiện tốt hơn mức trung bình của OECD, đặc biệt là trong tóan học, khoa học, và đọc",,True,True,0,0.0,1.0,2.7920846939086914,5.823117256164551,-2.7920846939086914,ANSWERABLE_PREDICTED_EMPTY
0003-0046-0004,Trẻ nhỏ ở Canada bắt đầu đi học từ mấy tuổi?,5–7,,True,True,0,0.0,1.0,5.964670896530151,2.8647682666778564,-5.964670896530151,ANSWERABLE_PREDICTED_EMPTY
0003-0046-0005,Nhà truyền hình nào đã khẳng định Canada có một nền giáo dục chất lượng tốt?,Chương trình đánh giá học sinh quốc tế (PISA),,True,True,0,0.0,1.0,5.348208427429199,3.4281978607177734,-5.348208427429199,ANSWERABLE_PREDICTED_EMPTY
0003-0046-0006,Việc gì góp phần vào việc đưa con số người biết chữ của người dân Canada lên 99%?,Độ tuổi bắt buộc đến trường có phạm vi từ 5–7 đến 16–18 tuổi,Độ tuổi bắt buộc đến trường có phạm vi từ 5–7 đến 16–18 tuổi,True,False,1,1.0,1.0,-0.8736467361450195,9.452072143554688,0.8736467361450195,CORRECT
0003-0047-0001,Ngôn ngữ nào phổ biến nhất ở Canada?,tiếng Anh và tiếng Pháp,Tiếng Anh và tiếng Pháp,True,False,1,1.0,1.0,-1.215764045715332,9.057480812072754,1.215764045715332,CORRECT
0003-0047-0002,Tiếng Anh và tiếng Pháp có quyền lực như thế nào trên xã hội?,ngang nhau,Tiếng Anh và tiếng Pháp,True,False,0,0.0,1.0,-0.8563632965087891,8.778083801269531,0.8563632965087891,WRONG_SPAN
0003-0047-0003,Nội dung của điều luật thứ 16 của Hiến chương Canada là gì?,Canada có hai ngôn ngữ chính thức là tiếng Anh và tiếng Pháp,Tiếng Anh và tiếng Pháp,True,False,0,0.5555555555555556,1.0,0.8839235305786133,7.459113121032715,-0.8839235305786133,SPAN_TOO_SHORT
0003-0047-0004,"Để đảm bảo cho việc nghiên cứu các ngôn ngữ thiểu số, chính quyền đã làm gì?",,Tiếng Anh và tiếng Pháp,False,False,0,0.0,1.0,1.2965388298034668,6.807225704193115,-1.2965388298034668,UNANSWERABLE_FALSE_POSITIVE
0003-0047-0005,"Để đám bảo cho việc sử dụng các ngôn ngữ thiểu số, chính quyền đã làm gì?",các ngôn ngữ thiểu số có địa vị chính thức được đảm bảo có trường học sử dụng chúng tại tất cả các tỉnh và lãnh thổ,Tiếng Anh và tiếng Pháp,True,False,0,0.0625,1.0,1.263193130493164,6.768766403198242,-1.263193130493164,SPAN_TOO_SHORT
0003-0048-0001,Tỉnh nào có số người sử dụng ngôn ngữ Anh và ngôn ngữ Pháp cân bằng với nhau?,New Brunswick,,True,True,0,0.0,1.0,3.139676570892334,5.613983631134033,-3.139676570892334,ANSWERABLE_PREDICTED_EMPTY
0003-0048-0002,Tỉnh nào có số người sử dụng ngôn ngữ Anh và ngôn ngữ Pháp chênh lệch lớn nhất?,,,False,True,1,1.0,1.0,3.1600780487060547,5.581723213195801,-3.1600780487060547,CORRECT_NO_ANSWER
0003-0048-0003,Tỉnh nào có số người sử dụng tiếng anh đứng thứ hai Canada?,Ontario,New Brunswick,True,False,0,0.0,1.0,1.6685857772827148,7.132284164428711,-1.6685857772827148,WRONG_SPAN
0003-0048-0004,Tỉnh nào có số người sử dụng tiếng anh nhiều nhất Canada?,Québec,,True,True,0,0.0,1.0,2.5842714309692383,6.222260475158691,-2.5842714309692383,ANSWERABLE_PREDICTED_EMPTY
0003-0048-0005,Ngôn ngữ chính thức của Québec được quy định ở văn bản nào?,Hiến chương Pháp ngữ 1977,tiếng Pháp,True,False,0,0.28571428571428575,1.0,-0.6363811492919922,8.86678409576416,0.6363811492919922,SPAN_TOO_SHORT
0003-0049-0001,Canada có tất cả các lọai ngôn ngữ của dân bản địa nào?,"11 nhóm ngôn ngữ Thổ dân, bao gồm hơn 65 phương ngôn riêng biệt",tiếng Pháp,True,False,0,0.0,1.0,1.5987367630004883,7.005036354064941,-1.5987367630004883,WRONG_SPAN
0003-0049-0002,Đa số các ngôn ngữ bản địa của Canada không đạt điều kiện gì để có thể trở thành ngôn ngữ chính thức?,có số người nói thành thạo đủ lớn để được xem là có thể sinh tồn trường kỳ,,True,True,0,0.0,1.0,2.198927402496338,6.475467205047607,-2.198927402496338,ANSWERABLE_PREDICTED_EMPTY
0003-0049-0003,"Sự khác biệt giữa ba tỉnh Manitoba, Ontario, Québec và các tỉnh khác về ngôn ngữ như thế nào??","Các tỉnh khác không có ngôn ngữ chính thức như vậy, song tiếng Pháp được sử dụng như một ngôn ngữ trong giảng dạy, trong tòa án, và cho các dịch vụ chính quyền khác, cùng với tiếng Anh","Manitoba, Ontario, và Québec cho phép nói cả tiếng Anh và tiếng Pháp",True,False,0,0.23076923076923075,1.0,-1.201869010925293,9.118592262268066,1.201869010925293,SPAN_TOO_SHORT
0003-0049-0004,Khu vực nào của Canada công nhận các ngôn ngữ thổ dân?,Các Lãnh thổ Tây Bắc,,True,True,0,0.0,1.0,2.3358731269836426,6.286641597747803,-2.3358731269836426,ANSWERABLE_PREDICTED_EMPTY
0003-0049-0005,Canada có tất cả các lọai hình văn hóa của dân bản địa nào?,,,False,True,1,1.0,1.0,2.778801918029785,6.009882926940918,-2.778801918029785,CORRECT_NO_ANSWER
0003-0049-0006,"Sự khác biệt giữa ba tỉnh Manitoba, Ontario, Québec và các tỉnh khác về lãnh thổ như thế nào?",,"Manitoba, Ontario, và Québec cho phép nói cả tiếng Anh và tiếng Pháp",False,False,0,0.0,1.0,-0.8410320281982422,8.980962753295898,0.8410320281982422,UNANSWERABLE_FALSE_POSITIVE
0003-0049-0007,Đa số các ngôn ngữ nước ngòai của Canada không đạt điều kiện gì để có thể trở thành ngôn ngữ chính thức?,,tiếng Pháp,False,False,0,0.0,1.0,1.3667430877685547,7.303571701049805,-1.3667430877685547,UNANSWERABLE_FALSE_POSITIVE
0003-0050-0001,Các nhà bình luận văn học đã nhận xét về văn hóa của Québec như thế nào?,nhiều nhà bình luận nói tiếng Pháp nói về một văn hóa Québec khác biệt với văn hóa Canada Anh ngữ,,True,True,0,0.0,1.0,2.426196575164795,6.466213703155518,-2.426196575164795,ANSWERABLE_PREDICTED_EMPTY
0003-0050-0002,Các nhà bình luận văn học đã nhận xét về trình độ dân cư của Québec như thế nào?,,,False,True,1,1.0,1.0,3.817512035369873,5.171777248382568,-3.817512035369873,CORRECT_NO_ANSWER
0003-0050-0003,Tỉnh nào của Canada có thành phần dân cư là sắc mạnh hóa mạnh?,,Québec,False,False,0,0.0,1.0,-3.202521800994873,10.316923141479492,3.202521800994873,UNANSWERABLE_FALSE_POSITIVE
0003-0050-0004,Chính phủ Canada đã thực hiện những chính sách nào có giá trị văn hóa và chính trị to lớn?,"tài trợ công khai chăm sóc sức khỏe, áp thuế cao hơn để tái phân phối của cải, xóa bỏ tử hình, những nôc lự mạnh mẽ nhằm lọai trừ nghèo khổ, kiểm sóat súng nghiêm ngặt, và hợp pháp hóa hôn nhân đồng tính",hợp pháp hóa hôn nhân đồng tính,True,False,0,0.2692307692307693,1.0,1.164930820465088,7.184875011444092,-1.164930820465088,SPAN_TOO_SHORT
0003-0050-0005,Chính phủ Canada đã thực hiện những chính sách nào có giá trị cải cách to lớn?,,,False,True,1,1.0,1.0,3.5577855110168457,5.336258411407471,-3.5577855110168457,CORRECT_NO_ANSWER
0003-0050-0006,Tỉnh nào của Canada có bản sắc văn hóa là sắc mạnh hóa mạnh?,Québec,Québec,True,False,1,1.0,1.0,-4.118002414703369,10.506402015686035,4.118002414703369,CORRECT
0003-0050-0007,Văn hóa của Canada được thành lập nên từ những cơ sở nào?,"những ảnh hưởng của các dân tộc thành phần, và các chính sách nhằm thúc đẩy đa nguyên văn hóa được bảo vệ theo hiến pháp",,True,True,0,0.0,1.0,3.438488006591797,5.466379165649414,-3.438488006591797,ANSWERABLE_PREDICTED_EMPTY
0003-0050-0008,Tôn giáo của Canada được thành lập nên từ những cơ sở nào?,,,False,True,1,1.0,1.0,5.769621849060059,3.2404661178588867,-5.769621849060059,CORRECT_NO_ANSWER
0003-0051-0001,Các quốc gia nào đã ảnh đến sự phát triển văn hóa của Canada?,"Anh Quốc, Pháp, và thổ dân",,True,True,0,0.0,1.0,4.307523727416992,4.622507095336914,-4.307523727416992,ANSWERABLE_PREDICTED_EMPTY
0003-0051-0002,Chính phủ đã làm gì mà việc đó thể hiện chính phủ ủng hộ việc phát triển một Canada có nền kinh tế vượt trội?,,,False,True,1,1.0,1.0,5.070128440856934,3.8537473678588867,-5.070128440856934,CORRECT_NO_ANSWER
0003-0051-0003,Chính phủ đã làm gì mà việc đó thể hiện chính phủ ủng hộ việc phát triển một Canada có văn hóa đặc trưng?,"Việc duy trì một văn hóa Canada riêng biệt được chính phủ ủng hộ thông qua các chương trình, các đạo luật, và các thể chế như Công ty Phát thanh-Truyền hình Canada (CBC), Cục Điện ảnh Quốc gia Canada (NFB), và Ủy ban Phát thanh-Truyền hình và Viễn thông Canada (CRTC)",,True,True,0,0.0,1.0,3.0838918685913086,5.696437835693359,-3.0838918685913086,ANSWERABLE_PREDICTED_EMPTY
0003-0051-0004,Dân bản địa Canada ảnh hướng đến văn hóa Canada bằng thứ gì?,"ngôn ngữ, nghệ thuật và âm nhạc",,True,True,0,0.0,1.0,3.675248622894287,5.165746212005615,-3.675248622894287,ANSWERABLE_PREDICTED_EMPTY
0003-0052-0001,Nội dung của những bức tranh do Emily Carr vẽ là gì?,phong cảnh và chân dung về những người bản địa tại vùng Duyên hải Tây Bắc Thái Bình Dương,,True,True,0,0.0,1.0,2.845248222351074,5.884011268615723,-2.845248222351074,ANSWERABLE_PREDICTED_EMPTY
0003-0052-0002,Chủ trường trong phong cách hội họa của các họa sĩ thuộc nhóm Group of Seven là gì?,dân tộc chủ nghĩa và duy tâm chủ nghĩa,dân tộc chủ nghĩa và duy tâm chủ nghĩa,True,False,1,1.0,1.0,0.9796566963195801,7.334873676300049,-0.9796566963195801,CORRECT
0003-0052-0003,Tom Thomson đã dành bao nhiêu thời gian cho sự nghiệp cải cách của mình?,,hội họa phong cảnh Canada,False,False,0,0.0,1.0,0.86279296875,7.821091651916504,-0.86279296875,UNANSWERABLE_FALSE_POSITIVE
0003-0052-0004,Khi nào nhà hội họa nổi tiếng nhất của hội họa hiện đại Canada qua đời?,,,False,True,1,1.0,1.0,1.9369697570800781,6.632244110107422,-1.9369697570800781,CORRECT_NO_ANSWER
0003-0052-0005,Những nhà tác giả nào rất nổi tiếng trong lĩnh vực nghệ thuật thị giác Canada?,Tom Thomson – họa sĩ nổi tiếng nhất của quốc gia – hay Group of Seven,,True,True,0,0.0,1.0,3.873495101928711,4.891977310180664,-3.873495101928711,ANSWERABLE_PREDICTED_EMPTY
0003-0052-0006,Tom Thomson đã dành bao nhiêu thời gian của đời cho sự nghiệp hội họa của mình?,kéo dài một thập kỷ,Sự nghiệp hội họa phong cảnh Canada,True,False,0,0.0,1.0,1.1333293914794922,7.403521537780762,-1.1333293914794922,WRONG_SPAN
0003-0052-0007,Khi nào nhà hội họa nổi tiếng nhất của hội họa phong cảnh Canada qua đời?,một thập kỷ,Sự nghiệp hội họa phong cảnh Canada của Tom Thomson kéo dài một thập kỷ cho đến khi ông mất vào năm 1917,True,False,0,0.23076923076923078,1.0,1.1040229797363281,7.344734191894531,-1.1040229797363281,SPAN_TOO_LONG
0003-0053-0001,Tác phẩm âm nhạc nào mở đầu cho thể lọai yêu nước Canada?,The Bold Canadian,Âm nhạc ái quốc,True,False,0,0.0,1.0,1.3975262641906738,7.26117467880249,-1.3975262641906738,WRONG_SPAN
0003-0053-0002,Những ca sĩ nào của Canada có sự nghiệp đạt đến độ cao thế giới?,"Nelly Furtado, Avril Lavigne, Michael Bublé, Drake, The Weeknd và Justin Bieber",,True,True,0,0.0,1.0,2.3871755599975586,6.41787052154541,-2.3871755599975586,ANSWERABLE_PREDICTED_EMPTY
0003-0053-0003,Tuổi đời của âm nhạc có nội dung nói về sự nghiệp cách mạng của Canada là bao nhiêu?,,,False,True,1,1.0,1.0,3.8623757362365723,4.8942484855651855,-3.8623757362365723,CORRECT_NO_ANSWER
0003-0053-0004,Cơ quan nào của chính quyền Canada có trách nhiệm quản lý về âm nhạc phát sóng trong nước?,Ủy ban Phát thanh-Truyền hình và Viễn thông Canada,Ủy ban Phát thanh-Truyền hình và Viễn thông Canada,True,False,1,1.0,1.0,-4.485963821411133,10.669023513793945,4.485963821411133,CORRECT
0003-0053-0005,Ngành công nghiệp âm nhạc của Canada đã đạt được thành tựu đáng chú ý nào?,"Ngành công nghiệp âm nhạc của Canada sản sinh ra những nhà sọan nhạc, nhạc sĩ, ban nhạc nổi tiếng ở tầm quốc tế",,True,True,0,0.0,1.0,2.265536308288574,6.5429487228393555,-2.265536308288574,ANSWERABLE_PREDICTED_EMPTY
0003-0053-0006,Cơ quan nào của chính quyền Canada có trách nhiệm quản lý về phát sóng thể thao trong nước?,,Ủy ban Phát thanh-Truyền hình và Viễn thông Canada,False,False,0,0.0,1.0,-1.2981891632080078,9.89571762084961,1.2981891632080078,UNANSWERABLE_FALSE_POSITIVE
0003-0053-0007,Tuổi đời của âm nhạc có nội dung nói về tình yêu nước của Canada là bao nhiêu?,trên 200 năm,,True,True,0,0.0,1.0,3.5362024307250977,5.194645881652832,-3.5362024307250977,ANSWERABLE_PREDICTED_EMPTY
0003-0053-0008,Tác phẩm âm nhạc nào mở đầu cho thể lọai tình yêu ở Canada?,,Âm nhạc ái quốc,False,False,0,0.0,1.0,0.9383106231689453,7.69722843170166,-0.9383106231689453,UNANSWERABLE_FALSE_POSITIVE
0003-0053-0009,Ngành công nghiệp nặng của Canada đã đạt được thành tựu đáng chú ý nào?,,,False,True,1,1.0,1.0,4.567803859710693,4.2685675621032715,-4.567803859710693,CORRECT_NO_ANSWER
0003-0054-0001,Những môn thể thao nào ở Canada được rất nhiều người dân theo dõi?,bi đá trên băng và bóng đá Canada,khúc côn cầu trên băng và bóng vợt,True,False,0,0.5,1.0,-0.2654838562011719,8.906030654907227,0.2654838562011719,PARTIAL_SPAN
0003-0054-0002,Khi nào thì Canada được tham gia World Cup?,,Giải khúc côn cầu Quốc gia (NHL),False,False,0,0.0,1.0,0.22080135345458984,7.989140510559082,-0.22080135345458984,UNANSWERABLE_FALSE_POSITIVE
0003-0054-0003,Nền thể thao của Canada đã đạt được những thành tựu đáng tự hào nào?,"Canada tham gia vào hầu như mọi kỳ Thế vận hội kể từ lần đầu tham gia vào năm 1900, và từng tổ chức một số sự kiện thể thao quốc tế cao cấp, bao gồm Thế vận hội Mùa hè 1976 tại Montréal, Thế vận hội Mùa đông 1988 tại Calgary, Thế vận hội Mùa đông 2010 tại Vancouver và Giải vô địch bóng chày thế giới 1994 và Giải vô địch bóng đá U-20 thế giới 2007",,True,True,0,0.0,1.0,2.061619758605957,6.703853607177734,-2.061619758605957,ANSWERABLE_PREDICTED_EMPTY
0003-0054-0004,Khi nào thì các môn thể thao có tổ chức xuất hiện tại Canada?,thập niên 1770,khúc côn cầu trên băng và bóng vợt,True,False,0,0.0,1.0,-1.6637687683105469,10.068741798400879,1.6637687683105469,WRONG_SPAN
0003-0054-0005,Khi nào thì Canada trở thành chủ nhà của World Cup?,năm 2026,Giải khúc côn cầu Quốc gia (NHL). Các môn thể thao đông khán giả khác tại Canada gồm có bi đá trên băng và bóng đá Canada,True,False,0,0.0,1.0,1.5519323348999023,6.94902229309082,-1.5519323348999023,WRONG_SPAN
0003-0054-0006,Khi nào thì các hội nghiên cứu có tổ chức xuất hiện tại Canada?,,khúc côn cầu trên băng và bóng vợt,False,False,0,0.0,1.0,1.5283527374267578,7.209189414978027,-1.5283527374267578,UNANSWERABLE_FALSE_POSITIVE
0003-0054-0007,Những môn thể thao nào trở thành các môn thể thao chính thức đầu tiên của Canada?,khúc côn cầu trên băng và bóng vợt,khúc côn cầu trên băng và bóng vợt,True,False,1,1.0,1.0,-2.5914134979248047,10.735994338989258,2.5914134979248047,CORRECT
0004-0001-0001,Án phạt của Liên Hợp Quốc dành cho hành vi xâm lược vô căn cứ của Iraq là gì?,trừng phạt kinh tế,,True,True,0,0.0,1.0,4.012171268463135,4.628528118133545,-4.012171268463135,ANSWERABLE_PREDICTED_EMPTY
0004-0001-0002,Cuộc chiến tranh Vùng Vịnh chủ yếu tập trận ở những nơi nào?,,,False,True,1,1.0,1.0,5.00950288772583,3.7270827293395996,-5.00950288772583,CORRECT_NO_ANSWER
0004-0001-0003,Hành động bắn tên lửa vào Iraq của Israel có gây ra chiến tranh với quốc gia này hay không?,,,False,True,1,1.0,1.0,2.4330015182495117,6.11822509765625,-2.4330015182495117,CORRECT_NO_ANSWER
0004-0001-0004,Hành động bắn tên lửa vào Israel của Iraq có gây ra chiến tranh với quốc gia này hay không?,Cuộc chiến không mở rộng ra ngòai vùng biên giới Iraq/Kuwait/Ả Rập Xê Út,,True,True,0,0.0,1.0,2.784367561340332,5.781342506408691,-2.784367561340332,ANSWERABLE_PREDICTED_EMPTY
0004-0001-0005,Cuộc chiến tranh Vùng Vịnh chủ yếu diễn ra ở những nơi nào?,"Iraq, Kuwait và những vùng giáp biên giới Ả Rập Xê Út",,True,True,0,0.0,1.0,4.467885971069336,4.209085464477539,-4.467885971069336,ANSWERABLE_PREDICTED_EMPTY
0004-0001-0006,Nguyên nhân nào dẫn đến Liên hiệp quốc trừng phạt kinh tế Iraq?,việc Iraq xâm chiếm Kuwait ngày 2 tháng 8 năm 1990,,True,True,0,0.0,1.0,2.6388936042785645,5.891383647918701,-2.6388936042785645,ANSWERABLE_PREDICTED_EMPTY
0004-0001-0007,Iraq viện cớ gì để tấn công Kuwait?,"Iraq cho rằng (nhưng không chứng minh được) Kuwait đã ""khoan nghiêng"" giếng dầu của họ vào biên giới Iraq",,True,True,0,0.0,1.0,3.630891799926758,4.896026611328125,-3.630891799926758,ANSWERABLE_PREDICTED_EMPTY
0004-0001-0008,Nguyên nhân trực tiếp khiến cho chiến tranh Vùng Vịnh xảy ra là gì?,Iraq xâm chiếm Kuwait ngày 2 tháng 8 năm 1990,,True,True,0,0.0,1.0,6.090781927108765,2.638683557510376,-6.090781927108765,ANSWERABLE_PREDICTED_EMPTY
0004-0002-0001,Người Mỹ thường dùng cái tên nào để nói về cuộc chiến Vùng Vịnh?,"Chiến dịch ""Lá chắn sa mạc"" (Desert Shield)","""Chiến tranh Vùng Vịnh"" và ""Chiến tranh vịnh Ba Tư""",True,False,0,0.11111111111111112,1.0,0.9798531532287598,7.762515544891357,-0.9798531532287598,SPAN_TOO_LONG
0004-0002-0002,Chiến dịch Iraq tự do diễn ra khi nào?,ngày 22 tháng 3 năm 2003,"cuộc xung đột năm 1991 hiện nay thường được gọi là ""Chiến tranh Vùng Vịnh lần thứ nhất",True,False,0,0.08333333333333333,1.0,-1.1913185119628906,9.119101524353027,1.1913185119628906,SPAN_TOO_LONG
0004-0002-0003,"Ngòai ""chiến tranh Vùng Vịnh"", thuật ngữ nào cũng được sử dụng để nói về cuộc chiến này?",Chiến tranh vịnh Ba Tư,"""Chiến tranh Vùng Vịnh"" và ""Chiến tranh vịnh Ba Tư""",True,False,0,0.6666666666666666,1.0,-1.6403617858886719,9.910379409790039,1.6403617858886719,SPAN_TOO_LONG
0004-0002-0004,"Chiến dịch mang tên ""Bão táp sa mạc"" được dịch sang tiếng Anh là gì?",Desert Storm,"Chiến dịch ""Lá chắn sa mạc"" (Desert Shield) và ""Bão táp sa mạc"" (Desert Storm) và ở Anh là Chiến dịch Granby",True,False,0,0.16666666666666669,1.0,-1.9723997116088867,9.848767280578613,1.9723997116088867,SPAN_TOO_LONG
0004-0002-0005,"Đối với người Iraq, cuộc chiến Um M'aārak có nghĩa là gì?",Cuộc chiến của mọi cuộc chiến,"Cuộc chiến của mọi cuộc chiến""",True,False,1,1.0,1.0,-2.4556398391723633,10.337566375732422,2.4556398391723633,CORRECT
0004-0002-0006,Người Mỹ thường dùng cái tên nào để nói về cuộc chiến Iraq?,,,False,True,1,1.0,1.0,2.365276336669922,6.418647766113281,-2.365276336669922,CORRECT_NO_ANSWER
0004-0002-0007,Tên gọi khác của Chiến tranh giải phóng Kuwait tại các nước Ả Rập?,Harb Tahrir al-Kuwait,"Harb Tahrir al-Kuwait hay ""Chiến tranh giải phóng Kuwait""",True,False,0,0.5714285714285715,1.0,0.9861736297607422,7.639220237731934,-0.9861736297607422,SPAN_TOO_LONG
0004-0002-0008,"Chiến dịch mang tên ""Bão táp sa mạc"" được dịch sang tiếng Ba Tư là gì?",,"Chiến dịch ""Lá chắn sa mạc"" (Desert Shield) và ""Bão táp sa mạc"" (Desert Storm) và ở Anh là Chiến dịch Granby",False,False,0,0.0,1.0,-1.5664701461791992,9.675829887390137,1.5664701461791992,UNANSWERABLE_FALSE_POSITIVE
0004-0003-0001,Hiệp ước Anh-Ottoman nhận định vị trí của Kuwait như thế nào?,"""caza tự trị"" bên trong Iraq của Đế chế Ottoman",,True,True,0,0.0,1.0,4.775264263153076,3.7043213844299316,-4.775264263153076,ANSWERABLE_PREDICTED_EMPTY
0004-0003-0002,Các Tiểu Vương quốc Ả Rập nằm dưới sự xâm lược của Anh là những nước nào?,Anh,Kuwait và Iraq,True,False,0,0.0,1.0,1.2959609031677246,7.154449939727783,-1.2959609031677246,WRONG_SPAN
0004-0003-0003,Nước nào đã giúp Iraq ngăn chặn ý định thâu tóm nước này của Kuwait?,,,False,True,1,1.0,1.0,5.168095111846924,3.1641879081726074,-5.168095111846924,CORRECT_NO_ANSWER
0004-0003-0004,Hiệp định Anh-Ottoman được chỉnh sửa vào năm bao nhiêu?,,,False,True,1,1.0,1.0,1.883011817932129,6.5033979415893555,-1.883011817932129,CORRECT_NO_ANSWER
0004-0003-0005,Quyền độc lập của Kuwait không được sự chấp thuận của thế lực nào?,những quan chức Iraq,,True,True,0,0.0,1.0,3.202855110168457,5.183209419250488,-3.202855110168457,ANSWERABLE_PREDICTED_EMPTY
0004-0003-0006,Hiệp định Anh-Ottoman được ký kết vào năm bao nhiêu?,năm 1913,1913,True,False,0,0.6666666666666666,1.0,1.3266892433166504,6.851396083831787,-1.3266892433166504,SPAN_TOO_SHORT
0004-0003-0007,Nước nào đã giúp Kuwait ngăn chặn ý định thâu tóm nước này của Iraq?,Anh,,True,True,0,0.0,1.0,5.0607171058654785,3.261441707611084,-5.0607171058654785,ANSWERABLE_PREDICTED_EMPTY
0004-0003-0008,Sau sự kiện nào thì Kuwait được xem là một quốc gia dưới sự thống trị của Anh?,chiến tranh thế giới thứ nhất,,True,True,0,0.0,1.0,3.1723947525024414,5.302573204040527,-3.1723947525024414,ANSWERABLE_PREDICTED_EMPTY
0004-0004-0001,Tổng thống Iraq Saddam Hussein dùng lý do gì để giải thích cho ý định sáp nhập Kuwait?,"xác nhận việc Kuwait từng là một phần của lãnh thổ Iraq và đã bị chủ nghĩa thực dân tách ra một cách không công bằng, và Iraq sáp nhập Kuwait để bù ""phí tổn kinh tế"" khi họ phải bảo vệ Kuwait trước Iran cũng như việc Kuwait đã khoan nghiêng vào các giếng dầu của họ",để xác nhận việc Kuwait từng là một phần của lãnh thổ Iraq và đã bị chủ nghĩa thực dân tách ra một cách không công bằng,True,False,0,0.6352941176470588,1.0,-0.9793119430541992,8.196910858154297,0.9793119430541992,SPAN_TOO_SHORT
0004-0004-0002,"Trước khi thành lập quốc gia riêng, Kuwait là một bộ phận của nước nào?",Iraq,,True,True,0,0.0,1.0,5.103813886642456,3.6898272037506104,-5.103813886642456,ANSWERABLE_PREDICTED_EMPTY
0004-0004-0003,Iraq đã viện lý do gì để thương lượng với Kuwait và Ả Rập Xê Út về việc xóa nợ chiến tranh?,Iraq là nước đệm chống lại Iran bảo vệ cho tòan bộ các nước Ả Rập,Iraq là nước đệm chống lại Iran bảo vệ cho tòan bộ các nước Ả Rập,True,False,1,1.0,1.0,-3.9182281494140625,10.494131088256836,3.9182281494140625,CORRECT
0004-0004-0004,Lý do thứ hai mà tổng thống Iraq Saddam Hussein đưa ra để biện hộ cho chiến tranh là già?,"Iraq sáp nhập Kuwait để bù ""phí tổn kinh tế"" khi họ phải bảo vệ Kuwait trước Iran cũng như việc Kuwait đã khoan nghiêng vào các giếng dầu của họ",Kuwait từng là một phần của lãnh thổ Iraq và đã bị chủ nghĩa thực dân tách ra một cách không công bằng,True,False,0,0.14814814814814814,1.0,-4.990370273590088,9.657203674316406,4.990370273590088,SPAN_TOO_SHORT
0004-0004-0005,Iraq dự định sẽ thi hành chính sách gì để có thể trả khỏan nợ 14 tỷ dollar cho Kuwait?,làm tăng giá dầu mỏ thông qua việc cắt giảm sản lượng khai thác của OPEC,Iraq hy vọng sẽ trả được những khỏan nợ đó khi làm tăng giá dầu mỏ thông qua việc cắt giảm sản lượng khai thác của OPEC,True,False,0,0.7441860465116279,1.0,-1.1216888427734375,9.128986358642578,1.1216888427734375,SPAN_TOO_LONG
0004-0004-0006,Tổng thống Kuwait Saddam Hussein dùng lý do gì để giải thích cho ý định sáp nhập Iraq?,,để xác nhận việc Kuwait từng là một phần của lãnh thổ Iraq và đã bị chủ nghĩa thực dân tách ra một cách không công bằng,False,False,0,0.0,1.0,0.557706356048584,7.184585094451904,-0.557706356048584,UNANSWERABLE_FALSE_POSITIVE
0004-0004-0007,"Trước khi thành lập quốc gia riêng, Iraq là một bộ phận của nước nào?",,,False,True,1,1.0,1.0,5.366512060165405,3.4434854984283447,-5.366512060165405,CORRECT_NO_ANSWER
0004-0004-0008,Lý do lớn nhất cho việc Kuwait đứng về phía Iraq trong Chiến tranh Iran-Iraq là gì?,để được Iraq bảo vệ khỏi những người Shi'ite ở Iran,,True,True,0,0.0,1.0,2.4916868209838867,5.8572893142700195,-2.4916868209838867,ANSWERABLE_PREDICTED_EMPTY
0004-0004-0009,Kuwait dự định sẽ thi hành chính sách gì để có thể trả khỏan nợ 14 tỷ dollar cho Iraq?,,Iraq hy vọng sẽ trả được những khỏan nợ đó khi làm tăng giá dầu mỏ,False,False,0,0.0,1.0,-0.697321891784668,8.715699195861816,0.697321891784668,UNANSWERABLE_FALSE_POSITIVE
0004-0005-0001,"Ngòai Israel, quốc gia nào cũng là mục tiêu đấu tranh của chính khách Saddam?",Hoa Kỳ,,True,True,0,0.0,1.0,2.822143077850342,5.892744541168213,-2.822143077850342,ANSWERABLE_PREDICTED_EMPTY
0004-0005-0002,"Ngòai chính khách Saddam, quốc gia nào cũng là mục tiêu đấu tranh của Israel?",,,False,True,1,1.0,1.0,2.9322385787963867,5.757570266723633,-2.9322385787963867,CORRECT_NO_ANSWER
0004-0005-0003,Iraq ngòai việc chống Anh và Mỹ thì Iraq còn muốn đấu tranh với quốc gia nào?,Israel,,True,True,0,0.0,1.0,4.71533203125,4.088991165161133,-4.71533203125,ANSWERABLE_PREDICTED_EMPTY
0004-0005-0004,Thế lực nào đã phân tách Iraq ra khỏi Kuwait?,,,False,True,1,1.0,1.0,3.82456636428833,4.976078510284424,-3.82456636428833,CORRECT_NO_ANSWER
0004-0005-0005,Phong trào Intifada đầu não ở quốc gia nào?,,Phong trào Intifada lần thứ nhất của người Palestine,False,False,0,0.0,1.0,1.0484557151794434,7.405084133148193,-1.0484557151794434,UNANSWERABLE_FALSE_POSITIVE
0004-0005-0006,"Kuwait, Ả Rập Xê Út và Ai Cập là những quốc gia nằm trong khu vực nào?",phụ thuộc vào các nước đồng minh phương Tây,hầu hết các nước Ả Rập,True,False,0,0.26666666666666666,1.0,0.3825206756591797,8.246018409729004,-0.3825206756591797,SPAN_TOO_SHORT
0004-0005-0007,Phong trào Intifada đầu tiên ở quốc gia nào?,Palestine,Phong trào Intifada lần thứ nhất của người Palestine,True,False,0,0.19999999999999998,1.0,0.10661888122558594,8.25942325592041,-0.10661888122558594,SPAN_TOO_LONG
0004-0005-0008,Thế lực nào đã phân tách Kuwait ra khỏi Iraq?,chủ nghĩa thực dân Anh,,True,True,0,0.0,1.0,2.892246723175049,5.881816387176514,-2.892246723175049,ANSWERABLE_PREDICTED_EMPTY
0004-0005-0009,Quá trình sáp nhập Kuwait vào Iraq được Hussein nhìn nhập như thế nào?,một cách để khôi phục Đế chế Babylon theo cách khoa trương của những người Ả Rập theo chủ nghĩa quốc gia,,True,True,0,0.0,1.0,2.6128273010253906,6.079608917236328,-2.6128273010253906,ANSWERABLE_PREDICTED_EMPTY
0004-0006-0001,Iraq có tên trong danh sách các nước khủng bố của Mỹ vào thời gian nào?,ngày 29 tháng 12 năm 1979,,True,True,0,0.0,1.0,2.358025550842285,6.219346046447754,-2.358025550842285,ANSWERABLE_PREDICTED_EMPTY
0004-0006-0002,Ai buộc tội Iraq hỗ trợ cho nhiều cho nhiềm nhóm chiến binh và đưa Iraq vào danh sách các quốc gia khủng bố?,Hoa Kỳ,Iraq hỗ trợ cho nhiều nhóm chiến binh Ả Rập và Palestine như Abu Nidal,True,False,0,0.0,1.0,-1.4203596115112305,9.798406600952148,1.4203596115112305,WRONG_SPAN
0004-0006-0003,"Trong Chiến tranh Mỹ, Iran và Iraq mong phe nào sẽ chiến thắng?",,,False,True,1,1.0,1.0,2.640298843383789,6.088924407958984,-2.640298843383789,CORRECT_NO_ANSWER
0004-0006-0004,Mỹ có tên trong danh sách các nước khủng bố của Iraq vào thời gian nào?,,,False,True,1,1.0,1.0,2.669417381286621,5.941971778869629,-2.669417381286621,CORRECT_NO_ANSWER
0004-0006-0005,Vì lý do nào mà Iraq bị Mỹ nghi ngờ ủng hộ chủ nghĩa khủng bố?,Iraq hỗ trợ cho nhiều nhóm chiến binh Ả Rập và Palestine,,True,True,0,0.0,1.0,2.583026885986328,6.066318511962891,-2.583026885986328,ANSWERABLE_PREDICTED_EMPTY
0004-0006-0006,Cuộc bê bối con tin Iran diễn ra trong bao lâu?,444 ngày,,True,True,0,0.0,1.0,2.8728790283203125,5.921248435974121,-2.8728790283203125,ANSWERABLE_PREDICTED_EMPTY
0004-0006-0007,Vì sao Iraq được Hoa Kỳ xóa tên khỏi danh sách các nước ủng hộ khủng bố?,Trong một nỗ lực nhằm mở ra khả năng về những quan hệ có thể có với Iraq,Iraq hỗ trợ cho nhiều nhóm chiến binh Ả Rập và Palestine như Abu Nidal,True,False,0,0.0606060606060606,1.0,-0.9813957214355469,9.255742073059082,0.9813957214355469,SPAN_TOO_SHORT
0004-0006-0008,"Trong Chiến tranh Iran-Iraq, Mỹ mong phe nào sẽ chiến thắng?",Iraq,,True,True,0,0.0,1.0,2.8476781845092773,5.848780632019043,-2.8476781845092773,ANSWERABLE_PREDICTED_EMPTY
0004-0007-0001,"Sau khi có Iran có được chiến thắng mới, họ đã bắt đầu việc kinh doanh vũ khí với quốc gia nào?",Trung Quốc,,True,True,0,0.0,1.0,3.110389232635498,5.496248722076416,-3.110389232635498,ANSWERABLE_PREDICTED_EMPTY
0004-0007-0002,Ai là người được chính quyền Reagan điều sang Iraq nhằm xây dựng quan hệ?,Donald Rumsfeld,"Abu Nidal tiếp tục họat động với sự hỗ trợ chính thức của Baghdad. Khi nhóm này bị trục xuất sang Syria vào tháng 11 năm 1983, chính quyền Reagan đã cử Donald Rumsfeld",True,False,0,0.1111111111111111,1.0,-0.33129215240478516,8.56796932220459,0.33129215240478516,SPAN_TOO_LONG
0004-0007-0003,Tổ chức Abu Nidal bị đuổi sang Iraq vào thời gian nào?,,,False,True,1,1.0,1.0,2.127673625946045,6.5364508628845215,-2.127673625946045,CORRECT_NO_ANSWER
0004-0007-0004,Tổ chức Abu Nidal bị đuổi sang Syria vào thời gian nào?,tháng 11 năm 1983,nhóm này bị trục xuất sang Syria,True,False,0,0.0,1.0,1.419741153717041,6.956386089324951,-1.419741153717041,WRONG_SPAN
0004-0007-0005,Lượng dầu khí của Iran chủ yếu được nhập từ đâu?,,,False,True,1,1.0,1.0,4.5064873695373535,4.4041666984558105,-4.5064873695373535,CORRECT_NO_ANSWER
0004-0007-0006,"Ngòai Pháp, Ai Cập và Liên Xô, Iraq đã mua bán vũ khí với nước nào?",Trung Quốc,Abu Nidal tiếp tục họat động với sự hỗ trợ chính thức của Baghdad,True,False,0,0.0,1.0,-1.0049924850463867,8.945892333984375,1.0049924850463867,WRONG_SPAN
0004-0007-0007,Lượng vũ khí của Iran chủ yếu được nhập từ đâu?,"Liên Xô, Pháp, Ai Cập",,True,True,0,0.0,1.0,4.291742324829102,4.575165748596191,-4.291742324829102,ANSWERABLE_PREDICTED_EMPTY
0004-0007-0008,"Sau khi có Iran có được chiến thắng mới, họ đã bắt đầu việc kinh doanh dầu khí với quốc gia nào?",,,False,True,1,1.0,1.0,4.019222259521484,4.842227935791016,-4.019222259521484,CORRECT_NO_ANSWER
0004-0008-0001,Nguyên nhân nào giúp cho Mỹ được nhận viện trợ từ Iraq?,,,False,True,1,1.0,1.0,4.169623374938965,4.530207633972168,-4.169623374938965,CORRECT_NO_ANSWER
0004-0008-0002,Nguyên nhân nào dẫn đến Mỹ phải phê chuẩn bán vũ khí cho Iraq?,Vì sợ rằng nước Iran cách mạng sẽ đánh bại Iraq và xuất khẩu Cách mạng Hồi giáo của mình sang các nước Trung Đông khác,,True,True,0,0.0,1.0,3.0905656814575195,5.5406599044799805,-3.0905656814575195,ANSWERABLE_PREDICTED_EMPTY
0004-0008-0003,SIPRI là tên viết tắt của tổ chức nào?,Viện hòa bình quốc tế Stockholm,,True,True,0,0.0,1.0,3.138461112976074,5.463595390319824,-3.138461112976074,ANSWERABLE_PREDICTED_EMPTY
0004-0008-0004,Nguyên nhân nào giúp cho Iraq được nhận viện trợ từ Mỹ?,Vì sợ rằng nước Iran cách mạng sẽ đánh bại Iraq và xuất khẩu Cách mạng Hồi giáo của mình sang các nước Trung Đông khác,,True,True,0,0.0,1.0,4.237661838531494,4.44819974899292,-4.237661838531494,ANSWERABLE_PREDICTED_EMPTY
0004-0008-0005,Số tiền buôn bán vũ khí cho Iraq được Hoa Kỳ chấp thuận trong giai đọan 1983-1990 là bao nhiêu?,khỏang 200 triệu đô la Mỹ,việc bán khỏang 200 triệu đô la Mỹ vũ khí cho Iraq,True,False,0,0.6666666666666666,1.0,-0.7311935424804688,8.391698837280273,0.7311935424804688,SPAN_TOO_LONG
0004-0008-0006,Lọai phi cơ mà Iraq mua từ Mỹ là gì?,máy bay trực thăng,,True,True,0,0.0,1.0,5.095221757888794,3.702610731124878,-5.095221757888794,ANSWERABLE_PREDICTED_EMPTY
0004-0009-0001,Don Riegle nắm giữ chức vụ gì trong chính quyền Iraq?,,,False,True,1,1.0,1.0,3.194304943084717,5.543468952178955,-3.194304943084717,CORRECT_NO_ANSWER
0004-0009-0002,Don Riegle nắm giữ chức vụ trong chính quyền Hoa Kỳ?,Chủ tịch Ủy ban thượng nghị viện,,True,True,0,0.0,1.0,3.399290084838867,5.405618667602539,-3.399290084838867,ANSWERABLE_PREDICTED_EMPTY
0004-0009-0003,Iraq sử dụng vũ khí sinh học hay sinh học trong chiến tranh?,vũ khí hóa học,không một tác nhân sinh học nào trong bản báo cáo trên có liên quan tới các vũ khí hóa học,True,False,0,0.32,1.0,0.8858547210693359,7.272946357727051,-0.8858547210693359,SPAN_TOO_LONG
0004-0009-0004,Vi khuẩn anthrax là nguyên nhân gây ra căn bệnh gì?,bệnh than,khuẩn bệnh than,True,False,0,0.8,1.0,0.4649620056152344,8.403032302856445,-0.4649620056152344,SPAN_TOO_LONG
0004-0009-0005,"Theo Ủy ban tài chính Thượng nghị viện, tổ chức nào đã đồng ý cho Iraq mua các chất sinh học từ Mỹ?",Bộ Thương mại Hoa Kỳ,"Bộ Thương mại Hoa Kỳ đã phê chuẩn, cho mục đích nghiên cứu, việc bán các tác nhân sinh học đa tác dụng cho Iraq hồi giữa thập niên 1980, gồm cả khuẩn bệnh than (anthrax)",True,False,0,0.24390243902439027,1.0,0.7789859771728516,7.902544021606445,-0.7789859771728516,SPAN_TOO_LONG
0004-0009-0006,"Theo Ủy ban tài chính Thượng nghị viện, tổ chức nào đã đồng ý cho Mỹ mua các chất sinh học từ Iraq?",,"Bộ Thương mại Hoa Kỳ đã phê chuẩn, cho mục đích nghiên cứu, việc bán các tác nhân sinh học đa tác dụng cho Iraq hồi giữa thập niên 1980, gồm cả khuẩn bệnh than (anthrax)",False,False,0,0.0,1.0,0.5116653442382812,8.139430046081543,-0.5116653442382812,UNANSWERABLE_FALSE_POSITIVE
0004-0009-0007,"Ngòai anthrax, những lọai vi khuẩn chiếm thành phần lớn trong kế họach vũ khí sinh học của Iraq là gì?","Clostridium botulinum, Histoplasma capsulatum, Brucella melitensis và Clostridium perfringens",khuẩn bệnh than,True,False,0,0.0,1.0,-2.9857301712036133,10.68215560913086,2.9857301712036133,WRONG_SPAN
0004-0009-0008,Iraq bị Mỹ cáo buộc sử dụng vũ khí sinh học từ khi nào?,năm 1983,"Clostridium botulinum, Histoplasma capsulatum, Brucella melitensis và Clostridium perfringens",True,False,0,0.0,1.0,1.5662117004394531,7.057521820068359,-1.5662117004394531,WRONG_SPAN
0004-0010-0001,Iraq chủ yếu nhận hỗ trợ của Mỹ trong lĩnh vực nào?,kinh tế,,True,True,0,0.0,1.0,3.5056185722351074,5.179203510284424,-3.5056185722351074,ANSWERABLE_PREDICTED_EMPTY
0004-0010-0002,Commodity Credit Corporation đã viện trợ cho Iraq bao nhiêu tiền trong giai đọan 1983-1990?,5 tỷ dollar,5 tỷ dollar tín dụng,True,False,0,0.7499999999999999,1.0,0.5083770751953125,7.805072784423828,-0.5083770751953125,SPAN_TOO_LONG
0004-0010-0003,Nguyên nhân khiến cho tình trạng nợ nần của Iraq ngày càng nghiêm trọng là gì?,Cuộc chiến của Iraq với Iran và sự suy sụp trong sản xuất và buôn bán dầu mỏ của họ,,True,True,0,0.0,1.0,4.143784046173096,4.602352619171143,-4.143784046173096,ANSWERABLE_PREDICTED_EMPTY
0004-0010-0004,Số tiền Iraq nhận được từ Ngân hàng xuất nhập khẩu Hoa Kỳ năm 1985 được sử dụng trong việc gì?,xây dựng đường ống dẫn dầu qua Jordan,xây dựng đường ống dẫn dầu qua Jordan,True,False,1,1.0,1.0,0.5412335395812988,7.8252272605896,-0.5412335395812988,CORRECT
0004-0010-0005,Mỹ chủ yếu nhận hỗ trợ của Iraq trong lĩnh vực nào?,,,False,True,1,1.0,1.0,3.548074722290039,5.159580230712891,-3.548074722290039,CORRECT_NO_ANSWER
0004-0010-0006,Số tiền được Mỹ tài trợ ít nhất vào năm nào?,năm 1983,,True,True,0,0.0,1.0,5.719070911407471,3.0223441123962402,-5.719070911407471,ANSWERABLE_PREDICTED_EMPTY
0004-0010-0007,Số tiền hằng năm Iraq phải trả nợ cho Hoa Kỳ là bao nhiêu?,"400 triệu đô la một năm năm 1983 và tăng tới hơn 1 tỷ một năm năm 1988 và 1989, cuối cùng kết thúc với khỏan tiền 500 triệu năm 1990",,True,True,0,0.0,1.0,5.2800939083099365,3.490429162979126,-5.2800939083099365,ANSWERABLE_PREDICTED_EMPTY
0004-0010-0008,Iraq đã viện trợ cho Commodity Credit Corporation bao nhiêu tiền trong giai đọan 1983-1990?,,5 tỷ dollar tín dụng,False,False,0,0.0,1.0,-0.08911705017089844,8.345749855041504,0.08911705017089844,UNANSWERABLE_FALSE_POSITIVE
0004-0011-0001,Vị chính khách đã thông hành quyết sách số 26 về an ninh quốc gia là ai?,Tổng thống George H. W. Bush,Tổng thống George H. W. Bush,True,False,1,1.0,1.0,1.3406949043273926,6.386172771453857,-1.3406949043273926,CORRECT
0004-0011-0002,Sự kiện nào đã gây ảnh hưởng đến nền kinh tế của Iraq và Hoa Kỳ?,,,False,True,1,1.0,1.0,2.5847411155700684,5.91717004776001,-2.5847411155700684,CORRECT_NO_ANSWER
0004-0011-0003,Trong điều lệnh mật số 26 nhận định rằng điều quan trong nhất trong anh ninh Hoa Kỳ là gì?,Việc tiếp cận tới nguồn dầu mỏ ở Vịnh Péc xích và an ninh của các quốc gia đồng minh chủ chốt trong vùng,,True,True,0,0.0,1.0,2.7397284507751465,5.7084784507751465,-2.7397284507751465,ANSWERABLE_PREDICTED_EMPTY
0004-0011-0004,Tổng thống George H. W. Bush đã ban hành điều lệnh mật số 26 vào thời gian nào?,Ngày 2 tháng 10 năm 1989,"Ngày 2 tháng 10 năm 1989, Tổng thống George H. W. Bush ký một chỉ thị mật số 26 về an ninh quốc gia",True,False,0,0.4,1.0,0.9433622360229492,6.801637649536133,-0.9433622360229492,SPAN_TOO_LONG
0004-0011-0005,"Qua bản sắc lệnh số 26, Iraq có nhìn nhận gì về việc bình thường hóa quan hệ với Mỹ?",phục vụ cho những lợi ích lâu dài và thúc đẩy sự ổn định ở cả Vịnh Péc xích và Trung Đông,,True,True,0,0.0,1.0,1.8320221900939941,6.3630900382995605,-1.8320221900939941,ANSWERABLE_PREDICTED_EMPTY
0004-0011-0006,Sự kiện nào đã gây ảnh hưởng đến mối quan hệ của Iraq và Hoa Kỳ?,Iraq tấn công xâm chiến Kuwait,Iraq tấn công xâm chiến Kuwait,True,False,1,1.0,1.0,0.9996562004089355,7.321944713592529,-0.9996562004089355,CORRECT
0004-0011-0007,"Qua bản sắc lệnh số 26, Mỹ có nhìn nhận gì về việc bình thường hóa quan hệ với Iraq?",,,False,True,1,1.0,1.0,2.7668371200561523,5.490532875061035,-2.7668371200561523,CORRECT_NO_ANSWER
0004-0012-0001,Vị chính sách nào đang trong nhiệm kỳ Tổng thống của Iraq trong năm 1990?,Saddam Hussein,,True,True,0,0.0,1.0,5.8166344165802,2.875696897506714,-5.8166344165802,ANSWERABLE_PREDICTED_EMPTY
0004-0012-0002,Ai là người được mời trong buổi gặp mặt ngòai dự kiến của Tổng thống Iraq Saddam Hussein hồi tháng 7 năm 1990?,Đại sứ Hoa Kỳ April Glaspie,,True,True,0,0.0,1.0,3.612489700317383,5.0885467529296875,-3.612489700317383,ANSWERABLE_PREDICTED_EMPTY
0004-0012-0003,Có mấy bản thảo được viết về buổi tập kích bất ngờ của Đại sứ Hoa Kỳ và Tổng thống Iraq vào tháng 7 năm 1990?,,,False,True,1,1.0,1.0,3.6855340003967285,4.9985833168029785,-3.6855340003967285,CORRECT_NO_ANSWER
0004-0012-0004,"Trong những tài liệu về cuộc gặp mặt, những nội dung nào là của Tổng thống Hoa Kỳ?",,,False,True,1,1.0,1.0,4.803121328353882,3.953481912612915,-4.803121328353882,CORRECT_NO_ANSWER
0004-0012-0005,"Trong những tài liệu về cuộc gặp mặt, những nội dung nào là của Tổng thống Saddam?","những bất bình của mình đối với Kuwait, trong khi hứa hẹn rằng ông sẽ không xâm chiếm Kuwait trước khi tiếp diễn những cuộc đàm phán thẳng thắn khác",,True,True,0,0.0,1.0,4.790380001068115,3.8990883827209473,-4.790380001068115,ANSWERABLE_PREDICTED_EMPTY
0004-0012-0006,Cuộc hẹn bất ngờ giữa Saddam Hussein và April Glaspie vào tháng 7 năm 1990 được tổ chức tại đâu?,vùng biên giới với Kuwait,Quân đội Iraq tập trung tới vùng biên giới với Kuwait và triệu tập Đại sứ Hoa Kỳ April Glaspie tới một cuộc gặp bất ngờ với Tổng thống Iraq Saddam Hussein,True,False,0,0.2702702702702703,1.0,0.5230808258056641,7.52439022064209,-0.5230808258056641,SPAN_TOO_LONG
0004-0012-0007,Vị chính sách nào đang trong nhiệm kỳ Tổng thống của Hoa kỳ trong năm 1990?,,,False,True,1,1.0,1.0,6.258347034454346,2.4973044395446777,-6.258347034454346,CORRECT_NO_ANSWER
0004-0012-0008,Cuộc chiến bất ngờ giữa Saddam Hussein và April Glaspie vào tháng 7 năm 1990 được tổ chức tại đâu?,,Quân đội Iraq tập trung tới vùng biên giới với Kuwait và triệu tập Đại sứ Hoa Kỳ April Glaspie tới một cuộc gặp bất ngờ với Tổng thống Iraq Saddam Hussein,False,False,0,0.0,1.0,1.3206591606140137,6.943167209625244,-1.3206591606140137,UNANSWERABLE_FALSE_POSITIVE
0004-0012-0009,Ai là người mời được Tổng thống Iraq Saddam Hussein trong buổi gặp mặt ngòai dự kiến hồi tháng 7 năm 1990?,,,False,True,1,1.0,1.0,3.2564845085144043,5.456840991973877,-3.2564845085144043,CORRECT_NO_ANSWER
0004-0012-0010,Có mấy bản thảo được viết về buổi gặp mặt bất ngờ của Đại sứ Hoa Kỳ và Tổng thống Iraq vào tháng 7 năm 1990?,Hai,,True,True,0,0.0,1.0,3.19394588470459,5.430670738220215,-3.19394588470459,ANSWERABLE_PREDICTED_EMPTY
0004-0013-0001,Vì sao các bản thảo của Glaspie chỉ có ý nghĩa như là một ví dụ?,Nhiều người tin rằng những trù tính của Saddam đã bị ảnh hưởng bởi việc nhận thức được rằng Hoa Kỳ không quan tâm tới vấn đề,bản ghi chép của Glaspie chỉ đơn giản là một thứ làm ví dụ và rằng có thể ông ta (Saddam) cũng cảm thấy thế một phần vì Hoa Kỳ ủng hộ sự thống nhất nước Đức,True,False,0,0.15625,1.0,1.6877875328063965,7.00438928604126,-1.6877875328063965,SPAN_TOO_LONG
0004-0013-0002,"Từ nguồn thông tin của Mỹ, các vấn đề của Glaspie có tạo điều kiện cho Tổng thống Saddam bất chấp thái độ của Liên Đòan Ả Rập không?",không,"Glaspie đã giải quyết mọi vấn đề ""theo chỉ đạo"" (phù hợp với tính trung lập chính thức của Hoa Kỳ về vấn đề Iraq-Kuwait)",True,False,0,0.0,1.0,-4.622469902038574,10.977682113647461,4.622469902038574,WRONG_SPAN
0004-0013-0003,"Mỹ cho thấy mọi vấn đề được Glaspie thực hiện ""theo chỉ đạo"" nghĩa là như thế nào?",phù hợp với tính trung lập chính thức của Hoa Kỳ về vấn đề Iraq-Kuwait,"Glaspie đã giải quyết mọi vấn đề ""theo chỉ đạo"" (phù hợp với tính trung lập chính thức của Hoa Kỳ về vấn đề Iraq-Kuwait",True,False,0,0.761904761904762,1.0,-2.125972270965576,9.765535354614258,2.125972270965576,SPAN_TOO_LONG
0004-0013-0004,"Từ nguồn thông tin của Tổng thống Saddam, các vấn đề của Glaspie có tạo điều kiện cho Mỹ bất chấp thái độ của Liên Đòan Ả Rập không?",,"Glaspie đã giải quyết mọi vấn đề ""theo chỉ đạo"" (phù hợp với tính trung lập chính thức của Hoa Kỳ về vấn đề Iraq-Kuwait)",False,False,0,0.0,1.0,-3.998164653778076,10.756584167480469,3.998164653778076,UNANSWERABLE_FALSE_POSITIVE
0004-0013-0005,"Glaspie cho thấy mọi vấn đề được Mỹ thực hiện ""theo chỉ đạo"" nghĩa là như thế nào?",,"Glaspie đã giải quyết mọi vấn đề ""theo chỉ đạo"" (phù hợp với tính trung lập chính thức của Hoa Kỳ về vấn đề Iraq-Kuwait",False,False,0,0.0,1.0,-1.510331630706787,9.485589981079102,1.510331630706787,UNANSWERABLE_FALSE_POSITIVE
0004-0014-0001,Người đứng đầu tổ chức an ninh Kuwait là ai?,Thiếu tướng Fahd Ahmed Al-Fahd,,True,True,0,0.0,1.0,2.018716812133789,6.645378112792969,-2.018716812133789,ANSWERABLE_PREDICTED_EMPTY
0004-0014-0002,CIA và Kuwait nhận định tính xác thực của thông tin trong văn bản như thế nào?,chỉ là một sự giả mạo,bản ghi nhớ chỉ là một sự giả mạo,True,False,0,0.8,1.0,0.4837346076965332,7.769568920135498,-0.4837346076965332,SPAN_TOO_LONG
0004-0014-0003,"Theo như thông tin của The Washington Post, ai là người đã ngất khi thấy văn bản về cuộc gặp giữa William Webster và Fahd Ahmed Al-Fahd?",Bộ trưởng Ngọai giao Kuwait,Bộ trưởng Ngọai giao Kuwait,True,False,1,1.0,1.0,-0.7784042358398438,8.784175872802734,0.7784042358398438,CORRECT
0004-0014-0004,Những thông tin trong văn bản được Iraq nhận định là những chứng cứ cho sự việc nào?,một âm mưu của CIA và Kuwait nhằm làm mất ổn định kinh tế và chính trị Iraq,,True,True,0,0.0,1.0,3.5442380905151367,5.066545486450195,-3.5442380905151367,ANSWERABLE_PREDICTED_EMPTY
0004-0014-0005,Buổi gặp mặt giữa William Webster và Fahd Ahmed Al-Fahd diễn ra vào năm bao nhiêu?,năm 1989,"Tháng 11 năm 1989, giám đốc CIA William Webster gặp gỡ lãnh đạo cơ quan an ninh Kuwait",True,False,0,0.19999999999999998,1.0,-1.0927581787109375,8.838937759399414,1.0927581787109375,SPAN_TOO_LONG
0004-0014-0006,Những thông tin trong văn bản được Ả Rập nhận định là những chứng cứ cho sự việc nào?,,,False,True,1,1.0,1.0,5.795804262161255,2.9845893383026123,-5.795804262161255,CORRECT_NO_ANSWER
0004-0014-0007,Buổi tập kích giữa William Webster và Fahd Ahmed Al-Fahd diễn ra vào năm bao nhiêu?,,"Tháng 11 năm 1989, giám đốc CIA William Webster gặp gỡ lãnh đạo cơ quan an ninh Kuwait",False,False,0,0.0,1.0,-0.4804368019104004,8.458880424499512,0.4804368019104004,UNANSWERABLE_FALSE_POSITIVE
0004-0015-0001,Cung điện Emir rơi vào tay Kuwait vào ngày tháng năm nào?,,,False,True,1,1.0,1.0,3.650975227355957,5.1146650314331055,-3.650975227355957,CORRECT_NO_ANSWER
0004-0015-0002,Cung điện Emir rơi vào tay Iraq vào ngày tháng năm nào?,ngày 2 tháng 8 năm 1990,,True,True,0,0.0,1.0,3.780031681060791,4.998225688934326,-3.780031681060791,ANSWERABLE_PREDICTED_EMPTY
0004-0015-0003,Lực lượng của Iraq trong cuộc vượt biên giới Kuwait ngày 2 tháng 8 năm 1990 gồm những bộ phận nào?,bộ binh và xe bọc thép,"quân đội Iraq vượt biên giới Kuwait với bộ binh và xe bọc thép, chiếm các vị trí chiến lược trên tòan bộ Kuwait, gồm cả cung điện Emir",True,False,0,0.34285714285714286,1.0,0.6863522529602051,7.95370626449585,-0.6863522529602051,SPAN_TOO_LONG
0004-0015-0004,Ai là người đứng đầu của chính quyền bù nhìn do Iraq lập ra tại Kuwai?,Alaa Hussein Ali,Anh (Em) của Emir,True,False,0,0.0,1.0,1.14992094039917,7.233109951019287,-1.14992094039917,WRONG_SPAN
0004-0015-0005,"Trong cuộc công kích của Iraq, lực lượng không quân của Kuwait đã kịp tẩu thóat đến nơi nào?",Ả Rập Xê Út,Cung Emir,True,False,0,0.0,1.0,0.573521614074707,8.121992111206055,-0.573521614074707,WRONG_SPAN
0004-0015-0006,Ai là người đứng đầu của chính quyền bù nhìn do Kuwait lập ra tại Iraq?,,Anh (Em) của Emir,False,False,0,0.0,1.0,1.4887580871582031,7.060857772827148,-1.4887580871582031,UNANSWERABLE_FALSE_POSITIVE
0004-0015-0007,Cuộc chiến lớn nhất trong suốt giai đọan tấn công Kuwait của Iraq xảy ra tại địa điểm nào?,Cung Emir,Cung Emir,True,False,1,1.0,1.0,0.39516448974609375,8.30363655090332,-0.39516448974609375,CORRECT
0004-0016-0001,"Ngòai lên án và yêu cầu Iraq rút quân, nội dung nào cũng được nêu ra trong nghị quyết của Liên đòan Ả Rập?","kêu gọi tìm ra một giải pháp cho cuộc xung đột từ bên trong Liên đòan Ả Rập, và cảnh báo chống lại sự can thiệp từ bên ngòai",Nghị quyết của Liên đòan Ả Rập cũng kêu gọi tìm ra một giải pháp cho cuộc xung đột từ bên trong Liên đòan Ả Rập,True,False,0,0.6545454545454545,1.0,-2.443574905395508,9.587543487548828,2.443574905395508,SPAN_TOO_SHORT
0004-0016-0002,Hội đồng Bảo an Liên Hiệp Quốc quyết định trừng trị Iraq bằng kinh tế qua nghị quyết số bao nhiêu?,661,Hội đồng Bảo an thông qua Nghị quyết 661,True,False,0,0.19999999999999998,1.0,-0.29164981842041016,7.068143844604492,0.29164981842041016,SPAN_TOO_LONG
0004-0016-0003,Nghị quyết phản bác cuộc tấn công của Iraq và yêu cầu rút quân được Liên đòan Ả Rập ban hành vào thời gian nào?,Ngày 3 tháng 8,"Ngày 3 tháng 8, Liên đòan Ả Rập thông qua nghị quyết của riêng mình lên án cuộc xâm lược và đòi Iraq rút quân",True,False,0,0.2758620689655173,1.0,1.7637968063354492,6.588065147399902,-1.7637968063354492,SPAN_TOO_LONG
0004-0016-0004,Nghị quyết phản bác cuộc tấn công của Liên đòan Ả Rập và yêu cầu rút quân được Iraq ban hành vào thời gian nào?,,"Ngày 3 tháng 8, Liên đòan Ả Rập thông qua nghị quyết của riêng mình lên án cuộc xâm lược và đòi Iraq rút quân",False,False,0,0.0,1.0,-0.21572494506835938,7.933534622192383,0.21572494506835938,UNANSWERABLE_FALSE_POSITIVE
0004-0016-0005,Quốc gia đã cùng với Kuwait đề nghị Liên Hợp Quốc bàn bạc về cuộc xâm chiếm của Iraq là gì?,Hoa Kỳ,Liên đòan Ả Rập,True,False,0,0.0,1.0,0.19513320922851562,8.291040420532227,-0.19513320922851562,WRONG_SPAN
0004-0016-0006,Nội dung chính trong Nghị định số 66 của Hội đồng Bảo an Liên Hiệp Quốc là gì?,,,False,True,1,1.0,1.0,4.218642711639404,4.554295063018799,-4.218642711639404,CORRECT_NO_ANSWER
0004-0016-0007,Quốc gia đã cùng với Iraq đề nghị Liên Hợp Quốc bàn bạc về cuộc xâm chiếm của Kuwait là gì?,,Liên đòan Ả Rập,False,False,0,0.0,1.0,0.8473095893859863,7.758714199066162,-0.8473095893859863,UNANSWERABLE_FALSE_POSITIVE
0004-0016-0008,Nội dung chính trong Nghị định số 660 của Hội đồng Bảo an Liên Hiệp Quốc là gì?,lên án cuộc xâm lược và yêu cầu Iraq rút quân,,True,True,0,0.0,1.0,3.9384942054748535,4.750558376312256,-3.9384942054748535,ANSWERABLE_PREDICTED_EMPTY
0004-0016-0009,"Ngòai lên án và yêu cầu Liên đòan Ả Rập rút quân, nội dung nào cũng được nêu ra trong nghị quyết của Iraq?",,"Nghị quyết của Liên đòan Ả Rập cũng kêu gọi tìm ra một giải pháp cho cuộc xung đột từ bên trong Liên đòan Ả Rập, và cảnh báo chống lại sự can thiệp từ bên ngòai",False,False,0,0.0,1.0,-1.6891059875488281,8.899727821350098,1.6891059875488281,UNANSWERABLE_FALSE_POSITIVE
0004-0017-0001,Quốc gia đứng đầu thế giới về sản lượng dầu hỏa là gì?,Riyadh,,True,True,0,0.0,1.0,5.352883815765381,3.6344943046569824,-5.352883815765381,ANSWERABLE_PREDICTED_EMPTY
0004-0017-0002,Thành phố nào là thủ đô của Ả Rập Xê Út?,Riyadh,Riyadh,True,False,1,1.0,1.0,1.2770204544067383,7.434515953063965,-1.2770204544067383,CORRECT
0004-0017-0003,Lý do thực sự mà các nước phương Tây ngăn chặn cuộc xâm chiếm của Iraq là gì?,ngăn Iraq xâm lược Ả Rập Xê Út,Quyết định của phương Tây nhằm đẩy lùi cuộc xâm lược của Iraq thực chất có mục đích chính là để ngăn Iraq xâm lược Ả Rập Xê Út,True,False,0,0.4324324324324324,1.0,0.2399129867553711,8.370997428894043,-0.2399129867553711,SPAN_TOO_LONG
0004-0017-0004,Quốc gia đứng đầu thế giới về sản lượng hỏa lực là gì?,,,False,True,1,1.0,1.0,5.115508556365967,3.8551583290100098,-5.115508556365967,CORRECT_NO_ANSWER
0004-0017-0005,Thành phố nào là thủ đô của Iraq?,,,False,True,1,1.0,1.0,2.8354134559631348,5.9925761222839355,-2.8354134559631348,CORRECT_NO_ANSWER
0004-0017-0006,"Để tới được giếng dầu, quân đội Iraq sẽ phải vượt qua khu vực có điều kiện thiên nhiên như thế nào?",một sa mạc rộng lớn với điều kiện khí hậu khắc nghiệt,Hama,True,False,0,0.0,1.0,1.7689075469970703,6.861320495605469,-1.7689075469970703,WRONG_SPAN
0004-0017-0007,Địa điểm nào được xem như nguồn tài nguyên qúy giá nhất Ả Rập Xê Út?,các giếng dầu ở Hama,Hama,True,False,0,0.33333333333333337,1.0,0.5392203330993652,7.3494110107421875,-0.5392203330993652,SPAN_TOO_SHORT
0004-0017-0008,Lý do thực sự mà Iraq ngăn chặn cuộc xâm chiếm của các nước phương Tây là gì?,,ngăn Iraq xâm lược Ả Rập Xê Út,False,False,0,0.0,1.0,0.8539247512817383,7.800576210021973,-0.8539247512817383,UNANSWERABLE_FALSE_POSITIVE
0004-0018-0001,"Sau khi chiến thắng Kuwait, Xát-đam có nhận định gì về chính phủ Ả Rập Xê Út?",kẻ trông coi bất hợp pháp của những thành phố linh thiêng như Mecca và Medina,,True,True,0,0.0,1.0,2.1143336296081543,6.5830464363098145,-2.1143336296081543,ANSWERABLE_PREDICTED_EMPTY
0004-0018-0002,Vì sao chính phủ Iraq lo sợ về số tiền nợ trong thời Chiến tranh Iran-Iraq?,vì Iraq nợ Ả Rập Xê Út tới khỏang 26 tỷ đô la Mỹ,Iraq nợ Ả Rập Xê Út tới khỏang 26 tỷ đô la Mỹ,True,False,0,0.962962962962963,1.0,-2.609471321105957,10.20600700378418,2.609471321105957,SPAN_TOO_SHORT
0004-0018-0003,Vì sao chính phủ Mỹ lo sợ về số tiền nợ trong thời Chiến tranh Iran-Iraq?,,Iraq nợ Ả Rập Xê Út tới khỏang 26 tỷ đô la Mỹ,False,False,0,0.0,1.0,-2.4475278854370117,10.187833786010742,2.4475278854370117,UNANSWERABLE_FALSE_POSITIVE
0004-0018-0004,Mục đích của Xát-đam khi viết dòng chữ Allahu Akbar lên cờ Iraq và đi cầu nguyện ở Kuwait là gì?,lôi kéo sự ủng hộ từ Nhóm huynh đệ Hồi giáo và chia rẽ nhóm Hồi giáo Mu-gia-hít-đin với Ả Rập Xê Út,lôi kéo sự ủng hộ từ Nhóm huynh đệ Hồi giáo và chia rẽ nhóm Hồi giáo Mu-gia-hít-đin với Ả Rập Xê Út,True,False,1,1.0,1.0,-0.46529483795166016,8.983766555786133,0.46529483795166016,CORRECT
0004-0018-0005,Allahu Akbar có nghĩa là gì?,Thánh Ala vĩ đại,Thánh Ala vĩ đại,True,False,1,1.0,1.0,-1.3220100402832031,9.70760726928711,1.3220100402832031,CORRECT
0004-0018-0006,"Sau thắng lợi trước Kuwait, Xát-đam đã sử dụng hình thức nào để phán xét chính quyền Ả Rập Xê Út?",dùng những lời phát biểu,,True,True,0,0.0,1.0,1.9816699028015137,6.700250148773193,-1.9816699028015137,ANSWERABLE_PREDICTED_EMPTY
0004-0019-0001,"Bên cạnh USS Missouri, chiến hạm nào được Iraq thiết lập để tích cực tham chiến?",,Hoa Kỳ cũng gửi những thiết giáp hạm USS Missouri và USS Wisconsin,False,False,0,0.0,1.0,0.8618874549865723,7.312317371368408,-0.8618874549865723,UNANSWERABLE_FALSE_POSITIVE
0004-0019-0002,"Bên cạnh USS Missouri, chiến hạm nào được Mỹ thiết lập để tích cực tham chiến?",USS Wisconsin,Hoa Kỳ cũng gửi những thiết giáp hạm USS Missouri và USS Wisconsin,True,False,0,0.2666666666666667,1.0,0.9725947380065918,7.2547993659973145,-0.9725947380065918,SPAN_TOO_LONG
0004-0019-0003,Những hạm đội tàu chiến nào được Ả Rập Xê Út triệu tập?,,,False,True,1,1.0,1.0,3.7784786224365234,4.899806976318359,-3.7784786224365234,CORRECT_NO_ANSWER
0004-0019-0004,Không quân Mỹ lập tức huy động phi cơ đi tuần trên không phận Ả Rập Xê Út để làm gì?,ngăn chặn đà tiến của quân đội Iraq,,True,True,0,0.0,1.0,2.142982006072998,6.199924945831299,-2.142982006072998,ANSWERABLE_PREDICTED_EMPTY
0004-0019-0005,Ả Rập Xê Út đã sử dụng bao nhiêu phi cơ F-15 để tuần tra trên bầu trời Hoa Kỳ?,,"48 chiếc F-15 thuộc Không lực Hoa Kỳ từ 1st Fighter Wing tại Căn cứ không quân Langley, Virginia, đã hạ cánh xuống Ả Rập Xê Út",False,False,0,0.0,1.0,-0.3577437400817871,8.181570053100586,0.3577437400817871,UNANSWERABLE_FALSE_POSITIVE
0004-0019-0006,Hoa Kỳ đã sử dụng bao nhiêu phi cơ F-15 để tuần tra trên bầu trời Ả Rập Xê Út?,48,"48 chiếc F-15 thuộc Không lực Hoa Kỳ từ 1st Fighter Wing tại Căn cứ không quân Langley, Virginia, đã hạ cánh xuống Ả Rập Xê Út",True,False,0,0.0689655172413793,1.0,-1.407144546508789,8.742740631103516,1.407144546508789,SPAN_TOO_LONG
0004-0019-0007,Những hạm đội tàu chiến nào được Hải quân Mỹ triệu tập?,USS Dwight D. Eisenhower và USS Independence,,True,True,0,0.0,1.0,4.653073310852051,4.068018913269043,-4.653073310852051,ANSWERABLE_PREDICTED_EMPTY
0004-0019-0008,Số lượng quân lính mà Hoa Kỳ đã triệu tập lên đến con số bao nhiêu?,500.000 quân,,True,True,0,0.0,1.0,5.56216025352478,3.1885454654693604,-5.56216025352478,ANSWERABLE_PREDICTED_EMPTY
0004-0019-0009,Không quân Ả Rập Xê Út lập tức huy động phi cơ đi tuần trên không phận Mỹ để làm gì?,,,False,True,1,1.0,1.0,3.6742234230041504,4.916909694671631,-3.6742234230041504,CORRECT_NO_ANSWER
0004-0020-0001,Lý do khiến cho một số nước đồng minh không muốn tham gia chiến dịch là gì?,"cảm thấy rằng cuộc chiến là công việc nội bộ của Ả Rập, hay lo ngại sự tăng cường ảnh hưởng của Mỹ ở Kuwait",,True,True,0,0.0,1.0,2.7578649520874023,6.069260597229004,-2.7578649520874023,ANSWERABLE_PREDICTED_EMPTY
0004-0020-0002,Vì lý do gì mà nhiều lực lượng đã đồng ý tham gia chống Mỹ cùng Iraq?,,,False,True,1,1.0,1.0,3.6290645599365234,5.135530471801758,-3.6290645599365234,CORRECT_NO_ANSWER
0004-0020-0003,Vì lý do gì mà nhiều lực lượng đã đồng ý tham gia chống Iraq cùng Mỹ?,"chứng khiến sự hiếu chiến của Iraq đối với các nước Ả Rập khác, và khi được hứa hẹn viện trợ kinh tế cũng như giảm nợ",,True,True,0,0.0,1.0,3.7140064239501953,5.038585662841797,-3.7140064239501953,ANSWERABLE_PREDICTED_EMPTY
0004-0020-0004,Trong lực lượng chống Iraq của Mỹ thì quân đội nước này chiếm bao nhiêu phần trăm?,74,,True,True,0,0.0,1.0,2.348141670227051,6.399151802062988,-2.348141670227051,ANSWERABLE_PREDICTED_EMPTY
0004-0020-0005,"Ngòai Mỹ, những nước nào có tham gia xây dựng quân đội trong chiến dịch chống Iraq của nước này?","Afghanistan, Argentina, Úc, Bahrain, Bangladesh, Canada, Tiệp Khắc, Đan Mạch, Ai Cập, Pháp, Đức, Hy Lạp, Hungary, Honduras, Ý, Kuwait, Maroc, Hà Lan, New Zealand, Niger, Na Uy, Oman, Pakistan, Ba Lan, Bồ Đào Nha, Qatar, Ả Rập Xê Út, Sénégal, Hàn Quốc, Tây Ban Nha, Syria, Thổ Nhĩ Kỳ, Các Tiểu vương quốc Ả Rập Thống nhất, Anh",,True,True,0,0.0,1.0,2.9768409729003906,5.769306182861328,-2.9768409729003906,ANSWERABLE_PREDICTED_EMPTY
0004-0020-0006,Lực lượng quân đội chống Iraq của Mỹ được huy động từ bao nhiêu quốc gia?,34,,True,True,0,0.0,1.0,4.013387680053711,4.729432106018066,-4.013387680053711,ANSWERABLE_PREDICTED_EMPTY
0004-0021-0001,Lọai vũ khí đáng lo ngại mà Việt Nam có khả năng sử dụng là gì?,,,False,True,1,1.0,1.0,4.531582355499268,4.3014655113220215,-4.531582355499268,CORRECT_NO_ANSWER
0004-0021-0002,Nhiều người dân Mỹ sử dụng khẩu hiệu gì để biểu tình chống đối chính phủ?,Không đổi máu lấy dầu,"khẩu hiệu ""Không đổi máu lấy dầu""",True,False,0,0.8333333333333333,1.0,-1.7028207778930664,9.912627220153809,1.7028207778930664,SPAN_TOO_LONG
0004-0021-0003,Lọai vũ khí đáng lo ngại mà Iraq có khả năng sử dụng là gì?,vũ khí hạt nhân hay vũ khí hủy diệt hàng lọat,"lịch sử vi phạm nhân quyền của Iraq dưới chế độ Tổng thống Saddam Hussein, nguy cơ Iraq có thể phát triển vũ khí hạt nhân hay vũ khí hủy diệt hàng lọat",True,False,0,0.5,1.0,1.4457612037658691,7.118985652923584,-1.4457612037658691,SPAN_TOO_LONG
0004-0021-0004,"Để biện hộ cho sự can thiệp vào cuộc chiến, Mỹ đã viện cớ có mối quan hệ quan trọng với quốc gia nào?",Ả Rập Xê Út,Ả Rập Xê Út,True,False,1,1.0,1.0,-0.13496780395507812,8.484441757202148,0.13496780395507812,CORRECT
0004-0021-0005,"Câu nói ""naked aggression will not stand"" có nghĩa là gì?",sự gây hấn lộ liễu sẽ không có chỗ đứng,"sự gây hấn lộ liễu sẽ không có chỗ đứng""",True,False,1,1.0,1.0,-1.4475479125976562,9.58106803894043,1.4475479125976562,CORRECT
0004-0021-0006,"Ngòai lý do có hợp tác lâu dài với Ả Rập Xê Út, còn lý do nào khác mà Mỹ đưa ra để biện hộ cho sự can hệ trong cuộc chiến?",lịch sử vi phạm nhân quyền của Iraq dưới chế độ Tổng thống Saddam Hussein,Lý lẽ đầu tiên là tầm quan trọng của mối quan hệ liên minh lâu dài với Ả Rập Xê Út,True,False,0,0.05555555555555555,1.0,-2.2937469482421875,9.347318649291992,2.2937469482421875,SPAN_TOO_LONG
0004-0021-0007,"Câu nói ""Không đổi dầu lấy máu"" có nghĩa là gì?",,,False,True,1,1.0,1.0,3.521819591522217,5.17218542098999,-3.521819591522217,CORRECT_NO_ANSWER
0004-0022-0001,"Trước hiện trạng Kuwait bị Mỹ xâm lược, Iraq đã thành lập tổ chức nào để phản đối việc này?",,tổ chức các công dân cho một nước Kuwait tự do,False,False,0,0.0,1.0,-0.39728736877441406,8.920101165771484,0.39728736877441406,UNANSWERABLE_FALSE_POSITIVE
0004-0022-0002,Số tiền dùng để phá công ty Hill and Knowlton do ai tài trợ?,,Nó thuê công ty quan hệ công chúng Hill and Knowlton,False,False,0,0.0,1.0,1.2619905471801758,7.2576704025268555,-1.2619905471801758,UNANSWERABLE_FALSE_POSITIVE
0004-0022-0003,Ai là người đã vạch trần luận điệu sai trái về binh lính Iraq của công ty Hill and Knowlton?,một thành viên của Gia đình hòang gia Kuwait,,True,True,0,0.0,1.0,3.2346882820129395,5.391677379608154,-3.2346882820129395,ANSWERABLE_PREDICTED_EMPTY
0004-0022-0004,Hình ảnh xấu về lính Iraq do công ty Hill and Knowlton vẽ ra như thế nào?,binh sĩ Iraq là đã lôi những đứa trẻ ra khỏi lồng ấp trong các bệnh viện Kuwait và để chúng chết dưới sàn,,True,True,0,0.0,1.0,4.830649375915527,3.9275550842285156,-4.830649375915527,ANSWERABLE_PREDICTED_EMPTY
0004-0022-0005,Số tiền dùng để thuê công ty Hill and Knowlton do ai tài trợ?,chính phủ Kuwait,11 triệu dollar do chính phủ Kuwait cung cấp,True,False,0,0.5,1.0,-2.0703001022338867,9.704004287719727,2.0703001022338867,SPAN_TOO_LONG
0004-0022-0006,"Trước hiện trạng Kuwait bị Iraq xâm lược, Mỹ đã thành lập tổ chức nào để phản đối việc này?",tổ chức các công dân cho một nước Kuwait tự do,tổ chức các công dân cho một nước Kuwait tự do,True,False,1,1.0,1.0,-0.41394901275634766,8.931330680847168,0.41394901275634766,CORRECT
0004-0022-0007,Công ty quan hệ công chúng Hill and Knowlton bị thiệt hại với số tiền bao nhiêu?,,,False,True,1,1.0,1.0,3.085153102874756,5.642375469207764,-3.085153102874756,CORRECT_NO_ANSWER
0004-0022-0008,Ai là người đã vạch trần luận điệu sai trái về binh lính Kuwait của công ty Hill and Knowlton?,,,False,True,1,1.0,1.0,2.6840291023254395,5.9059367179870605,-2.6840291023254395,CORRECT_NO_ANSWER
0004-0022-0009,Công ty quan hệ công chúng Hill and Knowlton được thuê với số tiền bao nhiêu?,11 triệu dollar,11 triệu dollar do chính phủ Kuwait cung cấp,True,False,0,0.5,1.0,-3.6800198554992676,10.072532653808594,3.6800198554992676,SPAN_TOO_LONG
0004-0023-0001,Iraq không đồng ý với thỏa thuận của Những quốc gia nào?,,,False,True,1,1.0,1.0,2.76308536529541,5.962311744689941,-2.76308536529541,CORRECT_NO_ANSWER
0004-0023-0002,Nguyên nhân sâu xa khiến cho một số lượng lớn người Palestine bị trục xuất khỏi Kuwait là gì?,Tổ chức Giải phóng Palestine dưới quyền lãnh đạo của Yasser Arafat hòan tòan ủng hộ Saddam Hussein,,True,True,0,0.0,1.0,3.957827568054199,4.815332412719727,-3.957827568054199,ANSWERABLE_PREDICTED_EMPTY
0004-0023-0003,"Để đổi lại sự không can thiệp của Israel vào cuộc chiến, Mỹ đã có thỏa thuận gì với nước này?",tăng cường viện trợ,,True,True,0,0.0,1.0,2.315707206726074,6.368560791015625,-2.315707206726074,ANSWERABLE_PREDICTED_EMPTY
0004-0023-0004,"Để đổi lại sự không can thiệp của Mỹ vào cuộc chiến, Israel đã có thỏa thuận gì với nước này?",,,False,True,1,1.0,1.0,3.5884127616882324,5.148243427276611,-3.5884127616882324,CORRECT_NO_ANSWER
0004-0023-0005,"Đáp lại yêu cầu rút quân của Mỹ, Iraq đưa ra điều kiện gì?","rút quân khỏi Kuwait phải được ""gắn liền với"" sự rút quân đồng thời của quân đội Syria ra khỏi Liban và quân đội Israel ra khỏi Bờ Tây, Dải Gaza, Cao nguyên Golan, và Nam Liban",việc rút quân không điều kiện ra khỏi Kuwait,True,False,0,0.2173913043478261,1.0,1.0309925079345703,7.510774612426758,-1.0309925079345703,SPAN_TOO_SHORT
0004-0023-0006,Những quốc gia nào không đồng ý với thỏa thuận của Iraq?,"Syria, Israel và liên minh chống Iraq","Maroc và Jordan đã bị thuyết phục bởi đề xuất này, nhưng Syria, Israel và liên minh chống Iraq",True,False,0,0.5384615384615384,1.0,1.6891565322875977,6.94954776763916,-1.6891565322875977,SPAN_TOO_LONG
0004-0023-0007,Điều kiện của Hoa Kỳ để hòa bình hóa quan hệ với Iraq là gì?,là việc rút quân không điều kiện ra khỏi Kuwait,việc rút quân không điều kiện ra khỏi Kuwait,True,False,0,0.9473684210526316,1.0,-0.7057437896728516,9.081550598144531,0.7057437896728516,SPAN_TOO_SHORT
0004-0023-0008,Nguyên nhân sâu xa khiến cho một số lượng lớn người Kuwait bị trục xuất khỏi Palestine là gì?,,,False,True,1,1.0,1.0,5.110428333282471,3.6810812950134277,-5.110428333282471,CORRECT_NO_ANSWER
0004-0024-0001,"Kể từ ngày hạn chót của Liên Hợp Quốc, chiến dịch bão táp sa mạc được khởi động sau bao lâu?",Một ngày,"liên minh tung ra một cuộc tấn công không quân ồ ạt với mật danh ""Chiến dịch bão táp sa mạc",True,False,0,0.08695652173913042,1.0,-0.643794059753418,7.939345359802246,0.643794059753418,SPAN_TOO_LONG
0004-0024-0002,Chiến dịch bão táp sa mạc cải thiện từ khi nào?,,,False,True,1,1.0,1.0,2.613436222076416,5.670621395111084,-2.613436222076416,CORRECT_NO_ANSWER
0004-0024-0003,"Kể từ ngày hạn chót của Liên Hợp Quốc, chiến dịch bão táp sa mạc được đẩy mạnh sau bao lâu?",,"liên minh tung ra một cuộc tấn công không quân ồ ạt với mật danh ""Chiến dịch bão táp sa mạc",False,False,0,0.0,1.0,-1.037668228149414,8.007190704345703,1.037668228149414,UNANSWERABLE_FALSE_POSITIVE
0004-0024-0004,Tiếng nói được đài phát thanh Bagdad truyền đi sau đợt công kích đầu tiên là của ai?,Saddam Hussein,giọng nói được xác định là của Saddam Hussein,True,False,0,0.3636363636363636,1.0,-0.3154010772705078,7.662379741668701,0.3154010772705078,SPAN_TOO_LONG
0004-0024-0005,Đâu là một dẫn chứng cho sự dồn dập của chiến dịch bão táp sa mạc?,Năm tiếng đồng hồ sau những cuộc tấn công đầu tiên,,True,True,0,0.0,1.0,3.705385684967041,4.895823955535889,-3.705385684967041,ANSWERABLE_PREDICTED_EMPTY
0004-0024-0006,Thông điệp của Saddam được phát thanh qua đài quốc gia Bagdad là gì?,"Cuộc chiến vĩ đại, cuộc chiến của mọi cuộc chiến đã bắt đầu. Bình minh thắng lợi đã rất gần khi cuộc thử thách cuối cùng đã đến",,True,True,0,0.0,1.0,3.131649971008301,5.257590293884277,-3.131649971008301,ANSWERABLE_PREDICTED_EMPTY
0004-0024-0007,Thông điệp của Liên Hiệp Quốc được phát thanh qua đài quốc gia Bagdad là gì?,,Chiến dịch bão táp sa mạc,False,False,0,0.0,1.0,1.321502685546875,6.797454833984375,-1.321502685546875,UNANSWERABLE_FALSE_POSITIVE
0004-0024-0008,Chiến dịch bão táp sa mạc xảy ra từ khi nào?,ngày 17 tháng 1 năm 1991,,True,True,0,0.0,1.0,2.1438941955566406,5.999767303466797,-2.1438941955566406,ANSWERABLE_PREDICTED_EMPTY
0004-0025-0001,"Sau ngày khởi đầu chiến tranh, phe đồng minh đã có những tổn thất gì?",,,False,True,1,1.0,1.0,3.686856269836426,5.058350563049316,-3.686856269836426,CORRECT_NO_ANSWER
0004-0025-0002,Thiết bị gì khiến cho phần lớn máy bay tàng hình trừ phi cơ khó đưa vào cuộc chiến?,,,False,True,1,1.0,1.0,3.498934745788574,5.198451995849609,-3.498934745788574,CORRECT_NO_ANSWER
0004-0025-0003,Quân liên minh đặt mục tiêu quan trọng nhất là gì?,phá hủy các cơ sở không quân và phòng không của Iraq,phá hủy các cơ sở không quân và phòng không của Iraq,True,False,1,1.0,1.0,-1.0207767486572266,9.365396499633789,1.0207767486572266,CORRECT
0004-0025-0004,Phần lớn những cuộc không kích bắt đầu từ đâu?,liên minh ở Vịnh Péc-xích,,True,True,0,0.0,1.0,2.8017072677612305,5.8222150802612305,-2.8017072677612305,ANSWERABLE_PREDICTED_EMPTY
0004-0025-0005,"Sau ngày khởi đầu chiến tranh, phe liên minh đã có những tổn thất gì?",thiệt hại một máy bay,,True,True,0,0.0,1.0,3.461052894592285,5.283529281616211,-3.461052894592285,ANSWERABLE_PREDICTED_EMPTY
0004-0025-0006,Thiết bị gì khiến cho phần lớn phi cơ trừ máy bay tàng hình khó đưa vào cuộc chiến?,hệ thống tên lửa đất đối không SAM,,True,True,0,0.0,1.0,3.1691031455993652,5.503946781158447,-3.1691031455993652,ANSWERABLE_PREDICTED_EMPTY
0004-0025-0007,Chiến dịch bão táp sa mạc xuất hiện nhiều nhất những lọai hỏa lực nào?,"các vũ khí dẫn đường chính xác (hay ""bom thông minh""), bom bầy, BLU-82 ""daisy cutters"" và tên lửa hành trình",,True,True,0,0.0,1.0,4.940078258514404,3.8885560035705566,-4.940078258514404,ANSWERABLE_PREDICTED_EMPTY
0004-0026-0001,Sự kiện tràn dầu trên máy bay lớn nhất lịch sử do ai gây ra?,,Iraq bắt đầu đổ gần 1 triệu tấn dầu thô xuống vịnh,False,False,0,0.0,1.0,1.1207246780395508,7.130486488342285,-1.1207246780395508,UNANSWERABLE_FALSE_POSITIVE
0004-0026-0002,Sự kiện tràn dầu trên biển lớn nhất lịch sử do ai gây ra?,Iraq,Iraq bắt đầu đổ gần 1 triệu tấn dầu thô xuống vịnh,True,False,0,0.15384615384615385,1.0,1.4846997261047363,6.839030742645264,-1.4846997261047363,SPAN_TOO_LONG
0004-0026-0003,"Sau khi thất thế trước phi đội Iraq, liên minh đã phải tẩu thóat đến nơi nào?",,,False,True,1,1.0,1.0,6.819968223571777,1.8328275680541992,-6.819968223571777,CORRECT_NO_ANSWER
0004-0026-0004,Iraq đã tiêu diệt được bao nhiêu chiếc MiG của Lực lượng không chiến của phe liên minh?,,,False,True,1,1.0,1.0,2.8217458724975586,5.550055503845215,-2.8217458724975586,CORRECT_NO_ANSWER
0004-0026-0005,"Theo kế họach của quân liên minh, mục tiêu cần chú trọng để nhanh chóng hạ bệ Iraq là gì?",các sở chỉ huy và thông tin,,True,True,0,0.0,1.0,4.789361953735352,3.7365779876708984,-4.789361953735352,ANSWERABLE_PREDICTED_EMPTY
0004-0026-0006,Lực lượng không chiến của phe liên minh đã tiêu diệt được bao nhiêu chiếc MiG của Iraq?,38,,True,True,0,0.0,1.0,1.8223209381103516,6.38723087310791,-1.8223209381103516,ANSWERABLE_PREDICTED_EMPTY
0004-0026-0007,Có bao nhiêu chiến cơ trong phi đội Iran khi tẩu thóat sang Iraq?,,,False,True,1,1.0,1.0,5.82112717628479,2.7060868740081787,-5.82112717628479,CORRECT_NO_ANSWER
0004-0026-0008,"Sau khi thất thế trước liên minh, phi đội Iraq đã phải tẩu thóat đến nơi nào?",Iran,,True,True,0,0.0,1.0,6.700444579124451,1.941353440284729,-6.700444579124451,ANSWERABLE_PREDICTED_EMPTY
0004-0026-0009,Có bao nhiêu chiến cơ trong phi đội Iraq khi tẩu thóat sang Iran?,khỏang 115 tới 140,,True,True,0,0.0,1.0,4.773164749145508,3.5968141555786133,-4.773164749145508,ANSWERABLE_PREDICTED_EMPTY
0004-0027-0001,Sản lượng điện còn lại sau cuộc chiến là bao nhiêu?,4% so với trước chiến tranh,,True,True,0,0.0,1.0,3.1482787132263184,5.739713191986084,-3.1482787132263184,ANSWERABLE_PREDICTED_EMPTY
0004-0027-0002,Những địa điểm bị đặt mục tiêu trong giai đọan thứ ba của cuộc chiến là gì?,"các bệ phóng tên lửa Scud, các địa điểm vũ khí hủy diệt hàng lọat, những cơ sở nghiên cứu vũ khí và các lực lượng hải quân","các bệ phóng tên lửa Scud, các địa điểm vũ khí hủy diệt hàng lọat, những cơ sở nghiên cứu vũ khí và các lực lượng hải quân",True,False,1,1.0,1.0,0.03369140625,8.630325317382812,-0.03369140625,CORRECT
0004-0027-0003,Sản lượng bom còn lại sau cuộc chiến là bao nhiêu?,,,False,True,1,1.0,1.0,5.112922191619873,3.7217888832092285,-5.112922191619873,CORRECT_NO_ANSWER
0004-0027-0004,"Trong các giai đọan của cuộc đào tẩu, giai đọan nào xảy ra ác liệt nhất?",,Giai đọan thứ ba và là lớn nhất của chiến dịch không quân,False,False,0,0.0,1.0,1.445385456085205,7.5282416343688965,-1.445385456085205,UNANSWERABLE_FALSE_POSITIVE
0004-0027-0005,Nguyên nhân nào khiến cho lực lượng triệt phá hỏa tiễn Scud gặp nhiều bất lợi?,nằm trên các xe tải và do đó rất khó tìm kiếm để tiêu diệt,,True,True,0,0.0,1.0,4.657123565673828,4.081708908081055,-4.657123565673828,ANSWERABLE_PREDICTED_EMPTY
0004-0027-0006,Những địa điểm bị thiệt thòi trong giai đọan thứ ba của cuộc chiến là gì?,,"các bệ phóng tên lửa Scud, các địa điểm vũ khí hủy diệt hàng lọat, những cơ sở nghiên cứu vũ khí và các lực lượng hải quân",False,False,0,0.0,1.0,0.4459991455078125,8.34193229675293,-0.4459991455078125,UNANSWERABLE_FALSE_POSITIVE
0004-0027-0007,"Trong các giai đọan của cuộc chiến, giai đọan nào xảy ra ác liệt nhất?",Giai đọan thứ ba,Giai đọan thứ ba và là lớn nhất của chiến dịch không quân nhắm tới các mục tiêu quân sự trên khắp Iraq và Kuwait,True,False,0,0.2758620689655173,1.0,1.5073928833007812,7.464286804199219,-1.5073928833007812,SPAN_TOO_LONG
0004-0027-0008,Quân liên minh huy động bao nhiêu quân lực trên không để làm nhiệm vụ tiêu diệt các bệ phóng Scud?,Khỏang một phần ba,"Khỏang một phần ba không lực liên quân được dành riêng để tấn công các bệ phóng tên lửa Scud, nằm trên các xe tải",True,False,0,0.2758620689655173,1.0,1.3810005187988281,7.379831314086914,-1.3810005187988281,SPAN_TOO_LONG
0004-0028-0001,Lọai công trình nào được liên minh đề phòng khỏi bị phá hủy?,cơ sở dân sự thuần túy,liên quân tránh gây thiệt hại tới những cơ sở dân sự thuần túy,True,False,0,0.6,1.0,1.396113395690918,7.078158378601074,-1.396113395690918,SPAN_TOO_LONG
0004-0028-0002,"Theo thông tin về phía Hoa Kỳ, lô cốt Amiriyah được xây dựng nhằm mục đích gì?",chỉ huy quân sự,,True,True,0,0.0,1.0,4.661460876464844,4.045200347900391,-4.661460876464844,ANSWERABLE_PREDICTED_EMPTY
0004-0028-0003,Lọai công trình nào được liên minh nghiên cứu để khỏi bị phá hủy?,,,False,True,1,1.0,1.0,3.4596071243286133,5.216098785400391,-3.4596071243286133,CORRECT_NO_ANSWER
0004-0028-0004,Người trước đây đứng đầu chương trình vũ khí nguyên tử của Iraq hiện làm chức vụ gì cho Saddam?,Kẻ chế tạo bom,Kẻ chế tạo bom của Saddam,True,False,0,0.8,1.0,0.18673992156982422,8.46224594116211,-0.18673992156982422,SPAN_TOO_LONG
0004-0028-0005,Liên quân nhận định rằng Amiriyah là công trình được sử dụng để làm gì?,,,False,True,1,1.0,1.0,5.2982401847839355,3.4175658226013184,-5.2982401847839355,CORRECT_NO_ANSWER
0004-0028-0006,Lô cốt Amiriyah bị tàn phá bởi lọai vũ khí nào?,bom thông minh điều khiển bằng tia laser,hai quả bom thông minh điều khiển bằng tia laser,True,False,0,0.888888888888889,1.0,-0.8827304840087891,9.01174545288086,0.8827304840087891,SPAN_TOO_LONG
0004-0028-0007,Iraq nhận định rằng Amiriyah là công trình được sử dụng để làm gì?,nơi tránh bom của thường dân,,True,True,0,0.0,1.0,5.015283107757568,3.667532444000244,-5.015283107757568,ANSWERABLE_PREDICTED_EMPTY
0004-0029-0001,Lô cốt Amiriyah được trang bị những gì để tạo các lọai sát thương thông thường?,,"Lô cốt có vô tuyến, vòi nước uống, máy phát điện riêng",False,False,0,0.0,1.0,0.8269953727722168,7.509763240814209,-0.8269953727722168,UNANSWERABLE_FALSE_POSITIVE
0004-0029-0002,Lô cốt Amiriyah được trang bị những gì để chống các lọai sát thương thông thường?,"vô tuyến, vòi nước uống, máy phát điện riêng","Lô cốt có vô tuyến, vòi nước uống, máy phát điện riêng",True,False,0,0.8571428571428571,1.0,-1.1877522468566895,9.168325424194336,1.1877522468566895,SPAN_TOO_LONG
0004-0029-0003,Manh mối đầu tiên dẫn đến nghi ngờ về một căn cứ quân sự trong Amiriyah là gì?,vài chiếc limousine đen chạy ra chạy vào qua cánh cổng ngầm ở phía sau,,True,True,0,0.0,1.0,2.51348876953125,5.963920593261719,-2.51348876953125,ANSWERABLE_PREDICTED_EMPTY
0004-0029-0004,Lô cốt Amiriyah bị tố cáo là vũ khí bí mật của ai?,,,False,True,1,1.0,1.0,2.2858190536499023,6.1571502685546875,-2.2858190536499023,CORRECT_NO_ANSWER
0004-0029-0005,Lô cốt Amiriyah bị tố cáo là căn cứ bí mật của ai?,Xát-đam,Xát-đam,True,False,1,1.0,1.0,1.6961216926574707,6.59962797164917,-1.6961216926574707,CORRECT
0004-0030-0001,Nguyên nhân nào khiến cho cuộc tấn công thành phố Khafji của Iraq thất bại?,các lực lượng Ả Rập Xê Út được các lính thủy đánh bộ và không quân Mỹ yểm trợ hai ngày sau đó,,True,True,0,0.0,1.0,1.8427696228027344,6.870322227478027,-1.8427696228027344,ANSWERABLE_PREDICTED_EMPTY
0004-0030-0002,Vì sao Israel chỉ nhận sát thương không đáng kể từ tên lửa Scud?,"vì khi tăng tầm bắn, tên lửa Scud bị giảm đi rất nhiều về độ chính xác và khả năng sát thương",,True,True,0,0.0,1.0,2.931446075439453,5.827541351318359,-2.931446075439453,ANSWERABLE_PREDICTED_EMPTY
0004-0030-0003,Giả sử chiến dịch chiếm đóng Khafji sau đó tiến đánh phía Đông Ả Rập Xê Út của Iraq thành công thì Iraq sẽ có những lợi thế gì?,Iraq không chỉ kiểm sóat được phần lớn những nguồn cung cấp dầu ở Trung Đông mà sau đó còn đe dọa được lực lượng quân Mỹ triển khai dọc theo các đường chiến tuyến,,True,True,0,0.0,1.0,2.2225379943847656,6.458721160888672,-2.2225379943847656,ANSWERABLE_PREDICTED_EMPTY
0004-0030-0004,Cuộc công kích bằng tên lửa Scud ngày 25 tháng 2 đã khiến cho Mỹ nhận những thiệt hại gì?,28 người Mỹ đã thiệt mạng,28 người Mỹ đã thiệt mạng khi một tên lửa Scud phá hủy doanh trại của họ tại Dhahran,True,False,0,0.4799999999999999,1.0,-0.26932525634765625,8.592536926269531,0.26932525634765625,SPAN_TOO_LONG
0004-0030-0005,Giả sử chiến dịch chiếm đóng Ả Rập Xê Út sau đó tiến đánh phía Đông Khafji của Iraq thành công thì Iraq sẽ có những lợi thế gì?,,,False,True,1,1.0,1.0,2.4303131103515625,6.249721527099609,-2.4303131103515625,CORRECT_NO_ANSWER
0004-0030-0006,Mục đích mà Iraq nhắm đến khi oanh tạc tên lửa vào các cơ sở của quân liên minh tại Ả Rập Xê Út và Israel là gì?,buộc Israel tham gia cuộc chiến và các nước Ả Rập khác rút lui khỏi nó,Israel tham gia cuộc chiến và các nước Ả Rập khác rút lui khỏi nó,True,False,0,0.967741935483871,1.0,-1.5057640075683594,9.76137924194336,1.5057640075683594,SPAN_TOO_SHORT
0004-0030-0007,Vì sao Mỹ chỉ nhận sát thương không đáng kể từ tên lửa Scud?,,,False,True,1,1.0,1.0,2.803433895111084,5.9741692543029785,-2.803433895111084,CORRECT_NO_ANSWER
0004-0031-0001,Hiệu quả mang lại từ việc giảm bớt khỏang cách viện trợ và phạm vị bảo vệ là gì?,giúp tăng cường tập trung quân đội và giảm bớt khỏang cách tiếp tế,,True,True,0,0.0,1.0,2.3440470695495605,6.260328769683838,-2.3440470695495605,ANSWERABLE_PREDICTED_EMPTY
0004-0031-0002,"Thay vì triệu tập lực lượng để đối phó Serbia, chiến thuật gì đã được áp dụng?",,,False,True,1,1.0,1.0,3.918607711791992,4.893979072570801,-3.918607711791992,CORRECT_NO_ANSWER
0004-0031-0003,Chiến thuật gì được các thành phố sử dụng vì sự hiệu quả của nó?,,,False,True,1,1.0,1.0,3.764939785003662,5.087784290313721,-3.764939785003662,CORRECT_NO_ANSWER
0004-0031-0004,Quân Taliban đã sử dụng chiến lược gì trong Chiến tranh Afghanistan?,quân Taliban rút lui khỏi những vùng đất rộng lớn về giữ những cứ điểm mạnh của họ,,True,True,0,0.0,1.0,1.8514251708984375,6.6164140701293945,-1.8514251708984375,ANSWERABLE_PREDICTED_EMPTY
0004-0031-0005,Quân Serbia đã sử dụng chiến lược gì trong Chiến tranh Afghanistan?,,,False,True,1,1.0,1.0,3.3366289138793945,5.3709917068481445,-3.3366289138793945,CORRECT_NO_ANSWER
0004-0031-0006,"Thay vì triệu tập lực lượng để đối phó Mỹ, chiến thuật gì đã được áp dụng?",phân tán các sư đòan ra,,True,True,0,0.0,1.0,3.8097434043884277,4.984145641326904,-3.8097434043884277,ANSWERABLE_PREDICTED_EMPTY
0004-0031-0007,Hiệu quả mang lại từ việc giảm bớt viện trợ và phạm vi khỏang cách bảo vệ là gì?,,,False,True,1,1.0,1.0,2.7829465866088867,5.843245506286621,-2.7829465866088867,CORRECT_NO_ANSWER
0004-0031-0008,Chiến thuật gì được các bên xung đột sử dụng vì sự hiệu quả của nó?,Chiến dịch không quân,,True,True,0,0.0,1.0,1.827125072479248,6.932365894317627,-1.827125072479248,ANSWERABLE_PREDICTED_EMPTY
0004-0032-0001,Mục tiêu được nhắm đến khi quân liên minh tiến sâu vào trong lãnh thổ Anh là gì?,,,False,True,1,1.0,1.0,3.666882038116455,5.263772487640381,-3.666882038116455,CORRECT_NO_ANSWER
0004-0032-0002,"Bên cạnh Sư đòan Pháp, quân Mỹ còn có sự bảo trợ từ lực lượng nào?",Sư đòan thiết giáp số 1 Hòang gia Anh,,True,True,0,0.0,1.0,2.2136669158935547,6.6640214920043945,-2.2136669158935547,ANSWERABLE_PREDICTED_EMPTY
0004-0032-0003,Phương tiện chiến đấu nào được Iraq sử dụng trong cuộc tấn công vào Quân đòan VII Mỹ?,,xe bọc thép,False,False,0,0.0,1.0,0.16344642639160156,8.406094551086426,-0.16344642639160156,UNANSWERABLE_FALSE_POSITIVE
0004-0032-0004,Mỹ cử lực lượng nào trong quân đội để tiến công vào Irag bằng xe thiết giáp?,Quân đòan VII,,True,True,0,0.0,1.0,2.504879951477051,6.291092872619629,-2.504879951477051,ANSWERABLE_PREDICTED_EMPTY
0004-0032-0005,"Trong cuộc tấn công Vệ binh cộng hòa Iraq của quân đòan Mỹ, phe nào đã thất bại?",Vệ binh cộng hòa,,True,True,0,0.0,1.0,2.380549430847168,6.348183631896973,-2.380549430847168,ANSWERABLE_PREDICTED_EMPTY
0004-0032-0006,"Trong cuộc tấn công quân đòan Mỹ của Vệ binh cộng hòa Iraq, phe nào đã thất bại?",,,False,True,1,1.0,1.0,2.071378707885742,6.707149505615234,-2.071378707885742,CORRECT_NO_ANSWER
0004-0032-0007,Irag cử lực lượng nào trong quân đội để tiến công vào Mỹ bằng xe thiết giáp?,,,False,True,1,1.0,1.0,3.26480770111084,5.592062950134277,-3.26480770111084,CORRECT_NO_ANSWER
0004-0032-0008,"Bên cạnh Sư đòan Pháp, quân Iraq còn có sự bảo trợ từ lực lượng nào?",,Sư đòan bọc thép hạng nhẹ số 6 của Pháp,False,False,0,0.0,1.0,1.6927862167358398,7.141040802001953,-1.6927862167358398,UNANSWERABLE_FALSE_POSITIVE
0004-0032-0009,Phương tiện chiến đấu nào được Quân đòan VII Mỹ sử dụng trong cuộc tiến công vào Iraq?,xe bọc thép,xe bọc thép,True,False,1,1.0,1.0,-0.8125743865966797,9.189919471740723,0.8125743865966797,CORRECT
0004-0032-0010,Mục tiêu được nhắm đến khi quân liên minh tiến sâu vào trong lãnh thổ Iraq là gì?,lực lượng Vệ binh cộng hòa Iraq,,True,True,0,0.0,1.0,2.2303714752197266,6.5869140625,-2.2303714752197266,ANSWERABLE_PREDICTED_EMPTY
0004-0033-0001,Phe liên minh có trang bị gì hiện đại hơn Lực lượng Iraq?,,,False,True,1,1.0,1.0,5.120105028152466,3.6589362621307373,-5.120105028152466,CORRECT_NO_ANSWER
0004-0033-0002,Việc thiếu lực lượng để bố trí khắp biên giới Kuwait khiến cho Iraq phải nghĩ đến giải pháp gì?,triển khai quân và thu hẹp mặt trận chỉ ở phía nam Thành phố Kuwait và mở rộng tới vùng ngọai ô Basra,,True,True,0,0.0,1.0,3.0988850593566895,5.5350775718688965,-3.0988850593566895,ANSWERABLE_PREDICTED_EMPTY
0004-0033-0003,"Ngòai khỏang cách vận chuyển xa, Iraq sẽ phải đối mặt với nguy hiểm gì khi tổ chức quân đội dọc biên giới Kuwait?",bị tấn công ồ ạt vào sườn,việc mở rộng nó ra càng khiến nguy cơ bị tấn công ồ ạt vào sườn,True,False,0,0.6086956521739131,1.0,0.3576045036315918,7.767650127410889,-0.3576045036315918,SPAN_TOO_LONG
0004-0033-0004,Mục đích thực sự của Iraq khi trang xe để kéo pháo là gì?,làm chậm sự di chuyển của quân địch và giao chiến dọc theo các giới tuyến không dễ dàng bị chọc thủng hay đánh ngang sườn,Iraq muốn làm chậm sự di chuyển của quân địch và giao chiến dọc theo các giới tuyến không dễ dàng bị chọc thủng hay đánh ngang sườn,True,False,0,0.962962962962963,1.0,0.9285764694213867,7.5847978591918945,-0.9285764694213867,SPAN_TOO_LONG
0004-0033-0005,Lực lượng Iraq có trang bị gì hiện đại hơn phe liên minh?,số lượng và chất lượng pháo binh,,True,True,0,0.0,1.0,5.0501837730407715,3.744493007659912,-5.0501837730407715,ANSWERABLE_PREDICTED_EMPTY
0004-0033-0006,Việc huy động nhiều quân lính bố trí quanh biên giới Kuwait đã làm cho Iraq gặp khó khăn gì trong vận chuyển?,tăng khỏang cách tiếp tế,,True,True,0,0.0,1.0,3.5761899948120117,5.088929176330566,-3.5761899948120117,ANSWERABLE_PREDICTED_EMPTY
0004-0033-0007,Mục đích thực sự của Kuwait khi trang xe để kéo pháo là gì?,,,False,True,1,1.0,1.0,4.514010429382324,4.200516700744629,-4.514010429382324,CORRECT_NO_ANSWER
0004-0034-0001,Các chiến xa M1 Abrams có khả năng gì tân tiến hơn Iraq?,chiến đấu và tiêu diệt một cách hiệu quả các xe tăng Iraq từ khỏang cách xa gấp ba lần khỏang cách có thể tác chiến của xe tăng Iraq,,True,True,0,0.0,1.0,3.069368362426758,5.571083068847656,-3.069368362426758,ANSWERABLE_PREDICTED_EMPTY
0004-0034-0002,Chiến lược chiến tranh đô thị của quân đội Iraq là phương thức chiến đấu như thế nào?,chiến đấu bên trong Thành phố Kuwait,chiến đấu bên trong Thành phố Kuwait,True,False,1,1.0,1.0,1.3151912689208984,7.025413513183594,-1.3151912689208984,CORRECT
0004-0034-0003,Quân Iraq sử dụng chiến thuật giao chiến trong thành phố vì họ có thể tận dụng được điều gì mà liên minh không có?,"Các ranh giới của địa lý đô thị, và sự hiểu biết",,True,True,0,0.0,1.0,2.1272263526916504,6.129083156585693,-2.1272263526916504,ANSWERABLE_PREDICTED_EMPTY
0004-0034-0004,Lực lượng đồng minh có sử dụng lọai trang bị gì gây khó khăn lớn cho Iraq trong các chiến dịch trên bộ?,ống nhòm hồng ngọai và lọai đạn năng lượng động lực từ các xe M1 Abrams,ống nhòm hồng ngọai và lọai đạn năng lượng động lực từ các xe M1 Abrams,True,False,1,1.0,1.0,1.3660306930541992,7.074623107910156,-1.3660306930541992,CORRECT
0004-0034-0005,Vì sao các ưu thế trong chiến thuật quân sự của liên minh không được phát huy tốt khi chiến đấu nội thành?,,,False,True,1,1.0,1.0,1.8006505966186523,6.570839881896973,-1.8006505966186523,CORRECT_NO_ANSWER
0004-0034-0006,Iraq có sử dụng lọai trang bị gì gây khó khăn lớn cho Lực lượng đồng minh trong các chiến dịch trên bộ?,,ống nhòm hồng ngọai và lọai đạn năng lượng động lực từ các xe M1 Abrams,False,False,0,0.0,1.0,1.0904083251953125,7.313336372375488,-1.0904083251953125,UNANSWERABLE_FALSE_POSITIVE
0004-0034-0007,Iraq có khả năng gì tân tiến hơn Các chiến xa M1 Abrams?,,,False,True,1,1.0,1.0,1.9351186752319336,6.541011810302734,-1.9351186752319336,CORRECT_NO_ANSWER
0004-0034-0008,Vì sao các ưu thế trong công nghệ quân sự của liên minh không được phát huy tốt khi chiến đấu nội thành?,có thể gây ra những thương vong đáng kể đối với các lực lượng tấn công,Chiến tranh trong thành phố,True,False,0,0.0,1.0,-0.38690185546875,8.62309455871582,0.38690185546875,WRONG_SPAN
0004-0035-0001,Một cuộc khởi nghĩa của người Kurd có thể được phát động ở phía Bắc nhờ vào sự hỗ trợ của ai?,Hoa Kỳ,,True,True,0,0.0,1.0,5.448035478591919,3.392418622970581,-5.448035478591919,ANSWERABLE_PREDICTED_EMPTY
0004-0035-0002,Phe liên minh đã tổ chức hội nghị hòa bình tại nơi nào?,vùng lãnh thổ Iraq bị chiếm đóng,vùng lãnh thổ Iraq bị chiếm đóng,True,False,1,1.0,1.0,1.3907127380371094,7.371411323547363,-1.3907127380371094,CORRECT
0004-0035-0003,Vì sao máy bay trực thăng vũ trang được Iraq sử dụng để di chuyển quan chức nhà nước?,do những thiệt hại đã phải hứng chịu của hệ thống vận chuyển công cộng,"Iraq được phép sử dụng các máy bay trực thăng vũ trang trong phía biên giới lãnh thổ nước mình, bề ngòai là để vận chuyển các quan chức chính phủ do những thiệt hại đã phải hứng chịu của hệ thống vận chuyển công cộng",True,False,0,0.4918032786885246,1.0,-1.3359451293945312,9.753049850463867,1.3359451293945312,SPAN_TOO_LONG
0004-0035-0004,Cuộc nổi dậy của người Kurd đã bị lực lượng nào dập tắt?,các tướng lĩnh Iraq còn trung thành,,True,True,0,0.0,1.0,4.102690696716309,4.715628623962402,-4.102690696716309,ANSWERABLE_PREDICTED_EMPTY
0004-0035-0005,Vì sao máy bay trực thăng vũ trang được Iraq sử dụng để tấn công quan chức nhà nước?,,"Iraq được phép sử dụng các máy bay trực thăng vũ trang trong phía biên giới lãnh thổ nước mình, bề ngòai là để vận chuyển các quan chức chính phủ do những thiệt hại đã phải hứng chịu của hệ thống vận chuyển công cộng",False,False,0,0.0,1.0,-0.48450374603271484,9.131932258605957,0.48450374603271484,UNANSWERABLE_FALSE_POSITIVE
0004-0035-0006,Vì sao trong những người bị trục xuất khỏi Kuwait đa phần là người Palestine?,vì sự ủng hộ và hợp tác của họ với Saddam Hussein,vì sự ủng hộ và hợp tác của họ với Saddam Hussein,True,False,1,1.0,1.0,0.6051216125488281,6.702706336975098,-0.6051216125488281,CORRECT
0004-0035-0007,Vì sao trong những người bị trục xuất khỏi Palestine đa phần là người Kuwait?,,Saddam Hussein,False,False,0,0.0,1.0,1.4519925117492676,6.503243446350098,-1.4519925117492676,UNANSWERABLE_FALSE_POSITIVE
0004-0035-0008,Một cuộc khởi nghĩa của người Kurd có thể được phát hiện ở phía Bắc nhờ vào sự hỗ trợ của ai?,,,False,True,1,1.0,1.0,6.0656890869140625,2.7821998596191406,-6.0656890869140625,CORRECT_NO_ANSWER
0004-0036-0001,Số tiền Đức và Nhật Bản đóng góp cho Hoa Kỳ để phục vụ chiến tranh là bao nhiêu?,$16 tỷ,,True,True,0,0.0,1.0,1.9065923690795898,6.697844505310059,-1.9065923690795898,ANSWERABLE_PREDICTED_EMPTY
0004-0036-0002,Vì sao Đức và Nhật Bản chỉ hỗ trợ tiền bạc mà không điều động quân lích cho quân liên minh?,vì các điều khỏan trong các hiệp ước chấm dứt Chiến tranh thế giới thứ hai,"Kuwait, Ả Rập Xê Út và các nước Vùng Vịnh khác; $16 tỷ bởi Đức và Nhật Bản (hai nước này không gửi lực lượng chiến đấu",True,False,0,0.13953488372093023,1.0,1.6294946670532227,7.092609405517578,-1.6294946670532227,SPAN_TOO_LONG
0004-0036-0003,Số tiền Đức và Hoa Kỳ đóng góp cho Nhật Bản để phục vụ chiến tranh là bao nhiêu?,,,False,True,1,1.0,1.0,1.9093852043151855,6.726471424102783,-1.9093852043151855,CORRECT_NO_ANSWER
0004-0036-0004,Theo tính tóan của Hạ viện thì số tiền mà Mỹ chi tiêu cho chiến tranh là bao nhiêu?,"$61,1 tỷ","Chi phí chiến tranh của Hoa Kỳ do Hạ viện tính tóan là $61,1 tỷ",True,False,0,0.3157894736842105,1.0,-2.557142734527588,8.739778518676758,2.557142734527588,SPAN_TOO_LONG
0004-0036-0005,Ả Rập Xê Út đã tài trợ bằng cách nào cho quân liên minh tương đương với một phần tư lượng đóng góp của họ?,các dịch vụ cung cấp cho lực lượng liên quân như thực phẩm và vận chuyển,,True,True,0,0.0,1.0,3.879568099975586,4.999963760375977,-3.879568099975586,ANSWERABLE_PREDICTED_EMPTY
0004-0036-0006,Quân liên minh đã tài trợ bằng cách nào cho Ả Rập Xê Út tương đương với một phần tư lượng đóng góp của họ?,,,False,True,1,1.0,1.0,3.663999080657959,5.205812931060791,-3.663999080657959,CORRECT_NO_ANSWER
0004-0036-0007,Thông tin về việc giá bán dâm được Ả Rập Xê Út cung cấp cho liên minh có đúng hay không?,không,Nhiều lý lẽ cho rằng Ả Rập Xê Út còn cung cấp cả gái mại dâm,True,False,0,0.0,1.0,1.5462875366210938,7.073856353759766,-1.5462875366210938,WRONG_SPAN
0004-0037-0001,"Tòa báo TIME đã phát hành tờ ""CHIẾN TRANH VÙNG VỊNH"" vào thời gian nào?",ngày 28 tháng 1 năm 1991,một số đặc biệt ngày 28 tháng 1 năm 1991,True,False,0,0.7499999999999999,1.0,-0.8583164215087891,8.89205551147461,0.8583164215087891,SPAN_TOO_LONG
0004-0037-0002,Hãng thông tấn được nhiều người Mỹ theo dõi nhất là gì?,CNN,CNN,True,False,1,1.0,1.0,0.45793724060058594,7.523198127746582,-0.45793724060058594,CORRECT
0004-0037-0003,Phóng viên Gary Shepard làm nội gián cho đài thông tấn nào?,,ABC News,False,False,0,0.0,1.0,0.9582705497741699,7.642693042755127,-0.9582705497741699,UNANSWERABLE_FALSE_POSITIVE
0004-0037-0004,Những phóng viên nào nổi tiếng ở Mỹ về các thông tin trong cuộc chiến?,"Peter Jennings của ABC, Dan Rather của CBS và Tom Brokaw",,True,True,0,0.0,1.0,2.9076194763183594,6.013866424560547,-2.9076194763183594,ANSWERABLE_PREDICTED_EMPTY
0004-0037-0005,"Tòa báo CNN đã phát hành tờ ""CHIẾN TRANH VÙNG VỊNH"" vào thời gian nào?",,một số đặc biệt ngày 28 tháng 1 năm 1991,False,False,0,0.0,1.0,-0.05112934112548828,8.55427074432373,0.05112934112548828,UNANSWERABLE_FALSE_POSITIVE
0004-0037-0006,Phóng viên Gary Shepard làm việc cho đài thông tấn nào?,ABC News,ABC News,True,False,1,1.0,1.0,1.0012578964233398,7.604413032531738,-1.0012578964233398,CORRECT
0004-0037-0007,Nguồn tin mà phóng viên Allen Pizzey sử dụng trên đài CBS được lấy từ đâu?,Baghdad,"bản tin của phóng viên Allen Pizzey, cũng đưa tin từ Baghdad",True,False,0,0.15384615384615385,1.0,1.34832763671875,7.315492630004883,-1.34832763671875,SPAN_TOO_LONG
0004-0038-0001,Lầu Năm Góc đã công bố tài liệu gì mà nội dung của nó nói rõ về sự tự do báo chí của Hoa Kỳ?,Annex Foxtrot,Annex Foxtrot,True,False,1,1.0,1.0,-1.9541234970092773,10.059101104736328,1.9541234970092773,CORRECT
0004-0038-0002,Mục đích thực sự của những khắt khe trong việc kiểm tra phóng viên trên mặt trận là gì?,ngăn chặn tiết lộ các thông tin gây rắc rối về chính trị,,True,True,0,0.0,1.0,5.069194793701172,3.560619354248047,-5.069194793701172,ANSWERABLE_PREDICTED_EMPTY
0004-0038-0003,Những nguồn tin về cuộc chiến được các hãng báo chí thu thập chủ yếu từ đâu?,những cuộc họp báo ngắn của quân đội,,True,True,0,0.0,1.0,5.695755481719971,3.0266852378845215,-5.695755481719971,ANSWERABLE_PREDICTED_EMPTY
0004-0038-0004,Quá trình tác nghiệp tại mặt trận của các binh sĩ phải trải qua những khâu kiểm tra nào?,,,False,True,1,1.0,1.0,3.9011502265930176,4.7584662437438965,-3.9011502265930176,CORRECT_NO_ANSWER
0004-0038-0005,Quá trình tác nghiệp tại mặt trận của các phóng viên phải trải qua những khâu kiểm tra nào?,"luôn được tiến hành với sự hiện diện của các sĩ quan, và sau đó đều phải được sự cho phép của quân đội và bộ phận kiểm duyệt",,True,True,0,0.0,1.0,4.9422783851623535,3.7873358726501465,-4.9422783851623535,ANSWERABLE_PREDICTED_EMPTY
0004-0038-0006,Lầu Năm Góc đã công bố tài liệu gì mà nội dung của nó nói rõ về sự tự do báo chí của Việt Nam?,,Annex Foxtrot,False,False,0,0.0,1.0,-1.5968084335327148,9.886675834655762,1.5968084335327148,UNANSWERABLE_FALSE_POSITIVE
0004-0038-0007,Mục đích thực sự của những khắt khe trong việc kiểm tra nhân viên trên mặt trận là gì?,,,False,True,1,1.0,1.0,5.249871253967285,3.427928924560547,-5.249871253967285,CORRECT_NO_ANSWER
0004-0038-0008,Những lỗ hổng trong chính sách báo chí từ Chiến tranh Việt Nam của Mỹ đã gây ra mâu thuẫn gì?,sự chống đối từ bên trong nước Mỹ,,True,True,0,0.0,1.0,3.409332275390625,5.162691116333008,-3.409332275390625,ANSWERABLE_PREDICTED_EMPTY
0004-0038-0009,Những nguồn tin về Lầu Năm Góc được các hãng báo chí thu thập chủ yếu từ đâu?,,,False,True,1,1.0,1.0,3.2013444900512695,5.438332557678223,-3.2013444900512695,CORRECT_NO_ANSWER
0004-0039-0001,Đâu là một hãng thông tấn của Mỹ sử dụng hệ thống truyền hình cáp?,CNN,,True,True,0,0.0,1.0,4.974478244781494,3.7849326133728027,-4.974478244781494,ANSWERABLE_PREDICTED_EMPTY
0004-0039-0002,"Giữa đòan phóng viên CBS và liên quân, đâu là tổ chức đến Việt Nam sau?",,"Một đòan phóng viên của kênh CBS News (David Green và Andy Thompson), được trang bị thiết bị truyền thông tin vệ tinh đã tới mặt trận",False,False,0,0.0,1.0,1.5092802047729492,6.887896537780762,-1.5092802047729492,UNANSWERABLE_FALSE_POSITIVE
0004-0039-0003,Đâu là một hãng thông tấn của Ả Rập sử dụng hệ thống truyền hình cáp?,,,False,True,1,1.0,1.0,4.7996437549591064,3.9508140087127686,-4.7996437549591064,CORRECT_NO_ANSWER
0004-0039-0004,Nhóm phóng viên của CBS News đã mang theo thiết bị gì để có thể tường thuật trực tiếp trận chiến?,thiết bị truyền thông tin vệ tinh,,True,True,0,0.0,1.0,2.714721202850342,5.827280521392822,-2.714721202850342,ANSWERABLE_PREDICTED_EMPTY
0004-0039-0005,Ai là người dẫn đầu đòan phóng sự của đài CBS đến làm việc ngay tại mặt trận?,David Green và Andy Thompson,"Một đòan phóng viên của kênh CBS News (David Green và Andy Thompson), được trang bị thiết bị truyền thông tin vệ tinh đã tới mặt trận",True,False,0,0.3125,1.0,1.061223030090332,7.180676460266113,-1.061223030090332,SPAN_TOO_LONG
0004-0039-0006,Địa điểm nào được số lượng lớn nhà báo Mỹ lựa chọn ngay trong khi cuộc chiến đang diễn ra?,Baghdad,,True,True,0,0.0,1.0,3.4839859008789062,5.058538436889648,-3.4839859008789062,ANSWERABLE_PREDICTED_EMPTY
0004-0039-0007,"Giữa đòan phóng viên CBS và liên quân, đâu là tổ chức đến Kuwait sau?",liên quân,"Một đòan phóng viên của kênh CBS News (David Green và Andy Thompson), được trang bị thiết bị truyền thông tin vệ tinh đã tới mặt trận",True,False,0,0.0,1.0,0.11299657821655273,7.735082149505615,-0.11299657821655273,WRONG_SPAN
0004-0040-0001,Chính quyền Saddam tan rã khi nào?,năm 2003,,True,True,0,0.0,1.0,3.7611637115478516,5.187771797180176,-3.7611637115478516,ANSWERABLE_PREDICTED_EMPTY
0004-0040-0002,"Để bảo vệ người dân ở phía Nam và phía Bắc, chính sách gì đã được thi hành?",các vùng cấm bay đã được thiết lập,các vùng cấm bay đã được thiết lập để bảo vệ người Shi'ite ở miền Nam và người Kurd ở miền Bắc,True,False,0,0.5161290322580645,1.0,0.40987396240234375,8.228649139404297,-0.40987396240234375,SPAN_TOO_LONG
0004-0040-0003,"Cùng với Pháp, những quốc gia nào cũng tham gia thiết lập các vùng cấm phương tiện trên không?",Mỹ và Anh,"Mỹ và Anh kiểm sóat, mặc dù Pháp cũng có tham gia ít nhiều",True,False,0,0.35294117647058826,1.0,-0.34778499603271484,8.684887886047363,0.34778499603271484,SPAN_TOO_LONG
0004-0040-0004,"Sau chiến dịch Kiểm sóat miền Bắc, cộng đồng dân cư nào đã có cơ hội phát triển xã hội?",người Kurd,người Shi'ite,True,False,0,0.4,1.0,0.17089462280273438,8.194324493408203,-0.17089462280273438,SPAN_TOO_LONG
0004-0040-0005,Chiến dịch Tấn công máy bay bắt đầu từ năm bao nhiêu?,,,False,True,1,1.0,1.0,1.8859825134277344,6.976572036743164,-1.8859825134277344,CORRECT_NO_ANSWER
0004-0040-0006,Chiến dịch Tấn công sa mạc bắt đầu từ năm bao nhiêu?,năm 1996,"Chiến dịch Tấn công sa mạc, kéo dài trong nhiều tuần từ tháng 9 năm 1996, và Chiến dịch Con cáo sa mạc, tháng 12 năm 1998",True,False,0,0.13793103448275862,1.0,0.7710905075073242,7.733664512634277,-0.7710905075073242,SPAN_TOO_LONG
0004-0041-0001,Nguyên nhân do đâu mà nguồn nước sông Tigris bị nhiễm bẩn nặng nề?,Việc phá hủy các nhà máy xử lý nước khiến nước thải bị đổ trực tiếp xuống sông,,True,True,0,0.0,1.0,5.062124490737915,3.6482465267181396,-5.062124490737915,ANSWERABLE_PREDICTED_EMPTY
0004-0041-0002,Phương Tây đã dùng tiền viện trợ của Chính phủ Saddam để làm gì?,,,False,True,1,1.0,1.0,4.211375713348389,4.51953649520874,-4.211375713348389,CORRECT_NO_ANSWER
0004-0041-0003,Chiến tranh đã gây ra tổn thất lớn gì cho cơ cấu xây dựng của Iraq?,Cơ sở hạ tầng bị tàn phá nặng nề trên diện rộng,,True,True,0,0.0,1.0,3.499929428100586,5.246232986450195,-3.499929428100586,ANSWERABLE_PREDICTED_EMPTY
0004-0041-0004,"Sau cuộc chiến, sản lượng điện của Iraq được sản xuất như thế nào so với trước đây?",chỉ đạt một phần tư mức trước cuộc chiến,lượng điện sản xuất ra vẫn chỉ đạt một phần tư mức trước cuộc chiến,True,False,0,0.7499999999999999,1.0,0.48331642150878906,8.001296997070312,-0.48331642150878906,SPAN_TOO_LONG
0004-0041-0005,Chính phủ Saddam đã dùng tiền viện trợ của phương Tây để làm gì?,duy trì quyền kiểm sóat quân sự của mình,,True,True,0,0.0,1.0,4.044360160827637,4.641634941101074,-4.044360160827637,ANSWERABLE_PREDICTED_EMPTY
0004-0041-0006,Chất độc hại trong nước sông Tigris đã gây ảnh hưởng như thế nào đến đời sống người dân?,dẫn tới sự phát sinh dịch bệnh trên diện rộng,,True,True,0,0.0,1.0,4.583206653594971,4.174485683441162,-4.583206653594971,ANSWERABLE_PREDICTED_EMPTY
0004-0041-0007,Chiến tranh đã gây ra tổn thất lớn gì cho cơ cấu xây dựng của phương Tây?,,,False,True,1,1.0,1.0,6.015666484832764,2.8013157844543457,-6.015666484832764,CORRECT_NO_ANSWER
0004-0042-0001,"Theo số liệu của UNICEF, số lượng người Iraq thiệt mạng mỗi năm tăng thêm bao nhiêu vì lệnh trừng phạt kinh tế?",90.000,con số tử vong ở nước này tăng thêm 90.000 người mỗi năm,True,False,0,0.25,1.0,1.0815544128417969,6.605650901794434,-1.0815544128417969,SPAN_TOO_LONG
0004-0042-0002,"Theo số liệu của UNICEF, số lượng người trên thế giới thiệt mạng mỗi năm tăng thêm bao nhiêu vì lệnh trừng phạt kinh tế?",,,False,True,1,1.0,1.0,2.0715293884277344,5.958564758300781,-2.0715293884277344,CORRECT_NO_ANSWER
0004-0042-0003,Vì sao Iraq vẫn bị trừng phạt kinh tế dù chiến tranh đã kết thúc?,lý do từ những cuộc thanh sát vũ khí mà Iraq chưa bao giờ hợp tác đầy đủ,,True,True,0,0.0,1.0,3.2625083923339844,5.1973724365234375,-3.2625083923339844,ANSWERABLE_PREDICTED_EMPTY
0004-0042-0004,Điều gì đã làm cho hình ảnh của Mỹ xấu đi trong mắt người Ả Rập?,Nhiều người cho rằng các biện pháp trừng phạt Iraq và sự hiện diện quân sự của Mỹ ở Ả Rập Xê Út,các biện pháp trừng phạt Iraq và sự hiện diện quân sự của Mỹ ở Ả Rập Xê Út,True,False,0,0.9047619047619047,1.0,-1.8364925384521484,9.74014663696289,1.8364925384521484,SPAN_TOO_SHORT
0004-0042-0005,Giữa Mỹ và Liên Hợp Quốc đã tổ chức sự kiện gì để trao đổi hàng hóa?,,,False,True,1,1.0,1.0,2.5330162048339844,6.026966094970703,-2.5330162048339844,CORRECT_NO_ANSWER
0004-0042-0006,Giữa Iraq và Liên Hợp Quốc đã tổ chức sự kiện gì để trao đổi hàng hóa?,chương trình Đổi dầu lấy lương thực,Iraq được Liên Hiệp Quốc cho phép nhập khẩu một số hàng hóa theo chương trình Đổi dầu lấy lương thực,True,False,0,0.5,1.0,1.7316904067993164,6.787930488586426,-1.7316904067993164,SPAN_TOO_LONG
0004-0042-0007,Điều gì đã làm cho hình ảnh của Ả Rập xấu đi trong mắt người Mỹ?,,các biện pháp trừng phạt Iraq và sự hiện diện quân sự của Mỹ ở Ả Rập Xê Út,False,False,0,0.0,1.0,0.8578252792358398,7.621527671813965,-0.8578252792358398,UNANSWERABLE_FALSE_POSITIVE
0004-0043-0001,Một số người của tổ chức UNSCOM đã liên lạc với lực lượng tình báo để báo cáo việc gì?,cung cấp các thông tin về các địa điểm tàng trữ vũ khí,,True,True,0,0.0,1.0,6.776427745819092,2.096102237701416,-6.776427745819092,ANSWERABLE_PREDICTED_EMPTY
0004-0043-0002,Tổ chức UNMOVIC đã được cử vào vị trí của đội thanh tra khi nào?,Năm 1999,đội thanh sát,True,False,0,0.0,1.0,1.6824941635131836,6.848902702331543,-1.6824941635131836,WRONG_SPAN
0004-0043-0003,Vì sao tất cả những nhân viên Mỹ trong đòan thanh tra vũ khí bị Iraq trục xuất năm 1997?,cáo buộc rằng Hoa Kỳ đã lợi dụng họ làm gián điệp,Hoa Kỳ đã lợi dụng họ làm gián điệp; các thành viên của UNSCOM thường có những cuộc tiếp xúc với các cơ quan tình báo để cung cấp các thông tin về các địa điểm tàng trữ vũ khí,True,False,0,0.3461538461538462,1.0,0.6924262046813965,7.882835865020752,-0.6924262046813965,SPAN_TOO_LONG
0004-0043-0004,Quốc gia nào đã tham gia cùng với Mỹ trong cuộc xâm chiếm Iraq năm 2003?,Anh,Anh lãnh đạo,True,False,0,0.5,1.0,0.686802864074707,7.684638023376465,-0.686802864074707,SPAN_TOO_LONG
0004-0043-0005,Scott Ritter đã đưa ra lý do gì để cáo buộc chính phủ Clinton về sự cản trở cuộc thanh tra?,họ không muốn đối đầu thực sự với Iraq,chính quyền Clinton đang cản trở các cuộc thanh sát vì họ không muốn đối đầu thực sự với Iraq,True,False,0,0.6206896551724138,1.0,1.2234687805175781,7.3546142578125,-1.2234687805175781,SPAN_TOO_LONG
0004-0043-0006,Một số người của lực lượng tình báo đã liên lạc với tổ chức UNSCOM để báo cáo việc gì?,,,False,True,1,1.0,1.0,6.856991291046143,2.009382724761963,-6.856991291046143,CORRECT_NO_ANSWER
0004-0043-0007,Quốc gia nào đã tham gia cùng với Iraq trong cuộc xâm chiếm Mỹ năm 2003?,,,False,True,1,1.0,1.0,2.0195870399475098,6.598231792449951,-2.0195870399475098,CORRECT_NO_ANSWER
0004-0044-0001,Đâu là một trong những quốc gia công nhận sự tồn tại của chính phủ Israel?,,,False,True,1,1.0,1.0,3.2267508506774902,5.686581134796143,-3.2267508506774902,CORRECT_NO_ANSWER
0004-0044-0002,Israel cho rằng cuộc chiến Vùng Vịnh đã gây ra một hậu quả nghiêm trọng là gì?,,sự hồi sinh rõ rệt của chủ nghĩa Hồi giáo cực đoan,False,False,0,0.0,1.0,1.087674617767334,7.707324504852295,-1.087674617767334,UNANSWERABLE_FALSE_POSITIVE
0004-0044-0003,"Để xoa dịu các thành phần cực đoan trong nước, chính phủ Ả Rập Xê Út đã thực hiện điều gì?",chi thêm tiền cho những nhóm ủng hộ chính phủ,,True,True,0,0.0,1.0,3.8242015838623047,5.099313735961914,-3.8242015838623047,ANSWERABLE_PREDICTED_EMPTY
0004-0044-0004,Đâu là một trong những quốc gia công nhận sự tồn tại của chính phủ Taliban?,Ả Rập Xê Út,"chính quyền Ả Rập Xê Út trở thành người bảo trợ hàng đầu cho Taliban trong cuộc nội chiến ở nước này, và là một trong những quốc gia duy nhất chính thức công nhận chính phủ đó",True,False,0,0.1904761904761905,1.0,1.7315669059753418,7.003067493438721,-1.7315669059753418,SPAN_TOO_LONG
0004-0044-0005,"Trong giai đọan suy yếu uy tín trong nước của chính phủ Ả Rập Xê Út, tần suất họat động của các nhóm Hồi giáo cực đoan có xu hướng như thế nào?",tăng lên dữ dội,Họat động của các nhóm Hồi giáo chống lại chính quyền Ả Rập Xê Út tăng lên dữ dội,True,False,0,0.34782608695652173,1.0,-0.42130565643310547,8.872085571289062,0.42130565643310547,SPAN_TOO_LONG
0004-0044-0006,"Không chỉ việc Saddam bị lật đổ, vấn đề gì đã làm mất lòng tin của nhân dân đối với chính phủ Ả Rập Xê Út?",liên minh giữa Ả Rập Xê Út và Hoa Kỳ,,True,True,0,0.0,1.0,3.815196990966797,5.018281936645508,-3.815196990966797,ANSWERABLE_PREDICTED_EMPTY
0004-0044-0007,Gilles Kepel cho rằng cuộc chiến Vùng Vịnh đã gây ra một hậu quả nghiêm trọng là gì?,sự hồi sinh rõ rệt của chủ nghĩa Hồi giáo cực đoan,sự hồi sinh rõ rệt của chủ nghĩa Hồi giáo cực đoan,True,False,1,1.0,1.0,-1.513620376586914,9.813009262084961,1.513620376586914,CORRECT
0004-0045-0001,"Theo Sở Cựu chiến binh Hoa Kỳ, những tác động xấu đến trẻ sơ sinh trong các gia đình chiến sĩ là gì?",số lượng trẻ sinh ra trong các gia đình binh lính với các khiếm khuyết tương tự nhau hay những bệnh tật nghiêm trọng lên tới 67%,,True,True,0,0.0,1.0,1.996504783630371,6.5204925537109375,-1.996504783630371,ANSWERABLE_PREDICTED_EMPTY
0004-0045-0002,Một lý do dẫn đến tình trạng nhiễm độc về vấn đề sinh sản trong các lính Mỹ là gì?,"tiếp xúc với các vật liệu phóng xạ, khói dầu, và các lọai vắc xin bệnh than sản xuất quá nhanh",,True,True,0,0.0,1.0,2.6235389709472656,6.082771301269531,-2.6235389709472656,ANSWERABLE_PREDICTED_EMPTY
0004-0045-0003,Căn bệnh mà các binh sĩ liên minh gặp phải sau khi trở về từ chiến trận là gì?,Hội chứng Vùng Vịnh,Hội chứng Vùng Vịnh,True,False,1,1.0,1.0,-1.1784238815307617,9.31042766571045,1.1784238815307617,CORRECT
0004-0045-0004,Theo như Văn phòng Giải trình Chính phủ báo cáo thì có bao nhiêu chất độc ảnh hưởng đến sinh nở đã tiếp xúc với các binh lính?,21,"21 lọai ""chất độc liên quan tới sinh sản"" tiềm tàng",True,False,0,0.16666666666666669,1.0,-1.5438060760498047,9.616544723510742,1.5438060760498047,SPAN_TOO_LONG
0004-0046-0001,Vì sao đòan nghiên cứu bệnh dịch của Tổ chức sức khỏe thế giới không được tiến hành công việc tại miền Nam Iraq?,Saddam đã từ chối,,True,True,0,0.0,1.0,2.7024569511413574,5.401895046234131,-2.7024569511413574,ANSWERABLE_PREDICTED_EMPTY
0004-0046-0002,Nguyên nhân chủ yếu làm phát sinh bệnh bạch cầu ở Iraq là gì?,liên quân sử dụng urani nghèo,,True,True,0,0.0,1.0,6.113770246505737,2.5206186771392822,-6.113770246505737,ANSWERABLE_PREDICTED_EMPTY
0004-0046-0003,Quân liên minh bị các bác sĩ Iraq cáo buộc về việc sử dụng urani nghèo có những tác động xấu nào trong người dân?,"gây ra hàng lọat vụ khuyết tật ở trẻ sơ sinh và ung thư trong dân chúng Iraq, đặc biệt là bệnh bạch cầu","việc liên quân sử dụng urani nghèo đã gây ra hàng lọat vụ khuyết tật ở trẻ sơ sinh và ung thư trong dân chúng Iraq, đặc biệt là bệnh bạch cầu",True,False,0,0.8571428571428571,1.0,1.5807619094848633,6.526331901550293,-1.5807619094848633,SPAN_TOO_LONG
0004-0046-0004,Nguyên nhân do đâu mà việc liên minh sử dụng urani nghèo không được kiểm chứng rõ ràng bởi Iraq?,vì những biện pháp trừng phạt đã khiến họ không thể có được các thiết bị thử nghiệm cần thiết,,True,True,0,0.0,1.0,4.087688446044922,4.321615219116211,-4.087688446044922,ANSWERABLE_PREDICTED_EMPTY
0004-0046-0005,Nguyên nhân chủ yếu làm phát sinh bệnh bạch cầu ở Iran là gì?,,,False,True,1,1.0,1.0,6.23748517036438,2.461275815963745,-6.23748517036438,CORRECT_NO_ANSWER
0004-0047-0001,"Giữa bệnh bạch cầu và ung thư phổi, căn bệnh nào dễ xảy ra hơn khi con người hít phải lượng lớn phóng xạ urani nghèo?",ung thư phổi,,True,True,0,0.0,1.0,2.3744449615478516,6.244150161743164,-2.3744449615478516,ANSWERABLE_PREDICTED_EMPTY
0004-0047-0002,Mức độ phóng xạ của urani nghèo được tổ chức WHO nhận định là gì?,yếu,"bởi vì urani nghèo chỉ là phóng xạ yếu, cần phải hít vào những khối lượng rất lớn bụi (ở mức độ gam) để có thể tăng nguy cơ ung thư phổi",True,False,0,0.06060606060606061,1.0,1.7562098503112793,6.821854114532471,-1.7562098503112793,SPAN_TOO_LONG
0004-0047-0003,"Giữa bệnh bạch cầu và ung thư phổi, căn bệnh nào dễ chữa trị hơn khi con người hít phải lượng lớn phóng xạ urani nghèo?",,,False,True,1,1.0,1.0,2.803786277770996,5.854024887084961,-2.803786277770996,CORRECT_NO_ANSWER
0004-0047-0004,WHO thông báo rằng nếu sự hô hấp xảy ra đủ lâu trong môi trường urani nghèo có thể dẫn đến tình trạng gì?,tăng nguy cơ ung thư phổi ở mức độ có thể nhận thấy trong một nhóm nguy cơ,,True,True,0,0.0,1.0,3.294705867767334,5.5340704917907715,-3.294705867767334,ANSWERABLE_PREDICTED_EMPTY
0004-0047-0005,"Theo tổ chức y tế thế giới, những tác động liên tiếp và phát triển của sức khỏe trên con người do urani nghèo gây ra có được ghi nhận không?",,"không có những tác động liên tục hay tiến triển đã được báo cáo ở người"" vì lý do chịu tác động của urani nghèo",False,False,0,0.0,1.0,1.4075756072998047,7.178410530090332,-1.4075756072998047,UNANSWERABLE_FALSE_POSITIVE
0004-0047-0006,Những chiến trận bị nhiễm urani nghèo đã được Tổ chức sức khỏe thế giới tiếp cận bằng cách nào?,nhờ một phái đòan năm 2001 tới Kosovo,,True,True,0,0.0,1.0,1.8394737243652344,6.6070356369018555,-1.8394737243652344,ANSWERABLE_PREDICTED_EMPTY
0004-0047-0007,"Theo tổ chức y tế thế giới, những tác động liên tiếp và phát triển của bệnh dịch trên con người do urani nghèo gây ra có được ghi nhận không?",không,,True,True,0,0.0,1.0,2.6896162033081055,6.079474449157715,-2.6896162033081055,ANSWERABLE_PREDICTED_EMPTY
0004-0047-0008,Mức độ phóng xạ của urani nghèo được thế giới nhận định là gì?,,,False,True,1,1.0,1.0,2.2932419776916504,6.415454387664795,-2.2932419776916504,CORRECT_NO_ANSWER
0004-0048-0001,Hoa Kỳ cáo buộc lý do khiến cho nhiều trẻ sơ sinh Iraq bị khiếm khuyết là gì?,Quân đội Iraq sử dụng các vũ khí hóa học và thần kinh trong thập kỷ 1980 và 1990,,True,True,0,0.0,1.0,2.3546037673950195,6.434861183166504,-2.3546037673950195,ANSWERABLE_PREDICTED_EMPTY
0004-0048-0002,Theo nội dung trong cuốn sách về urani nghèo của Mỹ thì tác động của chất này đến sức khỏe con người được nhận định như thế nào?,"không gây ra những nguy cơ nghiêm trọng đối với sức khỏe"" và ""urani nghèo không gây ra khuyết tật ở trẻ sơ sinh",urani nghèo,True,False,0,0.15384615384615385,1.0,0.7026119232177734,7.891658782958984,-0.7026119232177734,SPAN_TOO_SHORT
0004-0048-0003,Kết quả của các cuộc nghiên cứu dịch tễ học về tác động của phóng xạ tại các nhà máy là gì?,,,False,True,1,1.0,1.0,4.7237653732299805,4.199336051940918,-4.7237653732299805,CORRECT_NO_ANSWER
0004-0048-0004,Iraq cáo buộc lý do khiến cho nhiều trẻ sơ sinh Hoa Kỳ bị khiếm khuyết là gì?,,,False,True,1,1.0,1.0,2.7185850143432617,6.14027214050293,-2.7185850143432617,CORRECT_NO_ANSWER
0004-0048-0005,Các chuyên gia sức khỏe môi trường có xác nhận rằng urani là nguyên nhân chính của bệnh bạch cầu hay không?,không,không thể coi việc nhiễm bệnh bạch cầu như là kết quả của việc chịu tác động của urani hay urani nghèo,True,False,0,0.08695652173913045,1.0,-1.531285285949707,9.567522048950195,1.531285285949707,SPAN_TOO_LONG
0004-0048-0006,Kết quả của các cuộc nghiên cứu dịch tễ học về tác động của urani tại các nhà máy là gì?,không cho thấy tỷ lệ tăng bất thường hay sự liên quan tới những chất sinh ung thư khác đã được biết ngòai urani,,True,True,0,0.0,1.0,3.536708354949951,5.347640514373779,-3.536708354949951,ANSWERABLE_PREDICTED_EMPTY
0004-0048-0007,Số lượng nhân viên đã tiếp xúc với urani nghèo ở Phòng thí nghiệm quốc gia Oak Ridge là bao nhiêu?,19.000,,True,True,0,0.0,1.0,3.2371206283569336,5.596615791320801,-3.2371206283569336,ANSWERABLE_PREDICTED_EMPTY
0004-0049-0001,Khối lượng của mỗi tên lửa AGM-130 là bao nhiêu pound?,,,False,True,1,1.0,1.0,2.6638736724853516,6.016547203063965,-2.6638736724853516,CORRECT_NO_ANSWER
0004-0049-0002,Đâu là một trong những lọai vũ khí thông minh của quân đội Hoa Kỳ?,tên lửa AGM-130,"Các lọai vũ khí dẫn đường chính xác (PGMs, cũng được gọi là ""bom thông minh""), như tên lửa AGM-130 của Không lực Hoa Kỳ",True,False,0,0.2666666666666667,1.0,1.0318379402160645,7.511332988739014,-1.0318379402160645,SPAN_TOO_LONG
0004-0049-0003,Khối lượng của mỗi quả bom BLU-82 là bao nhiêu pound?,15.000,,True,True,0,0.0,1.0,1.9606733322143555,6.414953231811523,-1.9606733322143555,ANSWERABLE_PREDICTED_EMPTY
0004-0049-0004,Bán kính gây sát thương của bom BLU-82 có thể lên đến con số bao nhiêu?,hàng trăm yard,,True,True,0,0.0,1.0,2.0189285278320312,6.551689147949219,-2.0189285278320312,ANSWERABLE_PREDICTED_EMPTY
0004-0049-0005,Ưu điểm của các lọai vũ khí dẫn đường thông minh của Hoa Kỳ là gì?,cho phép các cuộc tấn công quân sự diễn ra với những tổn thất dân sự nhỏ nhất,,True,True,0,0.0,1.0,2.5866026878356934,6.07604455947876,-2.5866026878356934,ANSWERABLE_PREDICTED_EMPTY
0004-0049-0006,Trong tổng lượng vũ khí của quân liên minh thì vũ khí thông minh chiếm bao nhiêu?,gần 7.4%,Các vũ khí dẫn đường chính xác,True,False,0,0.0,1.0,-0.1492471694946289,8.460165977478027,0.1492471694946289,WRONG_SPAN
0004-0050-0001,Khả năng tìm kiếm mục tiêu của tên lửa Scud được phát minh dựa trên kỹ thuật gì?,hệ thống dẫn đường quán tính,,True,True,0,0.0,1.0,4.130726337432861,4.706169605255127,-4.130726337432861,ANSWERABLE_PREDICTED_EMPTY
0004-0050-0002,Những cách thức nào thường được sử dụng trong các cuộc tấn công bằng bom hóa học?,Các vũ khí hóa học vốn thích hợp hơn khi được vận chuyển bằng máy bay ném bom hoặc các tên lửa hành trình,,True,True,0,0.0,1.0,4.246161460876465,4.594256401062012,-4.246161460876465,ANSWERABLE_PREDICTED_EMPTY
0004-0050-0003,Vì sao các đầu đạn hóa học không phát huy hiệu quả khi trang bị trên hỏa tiễn Scud?,bởi nhiệt độ cao trong quá trình bay ở tốc độ gần Mach 5 làm biến tính đa số các chất hóa học mang theo,các tên lửa Scud không hữu dụng khi mang các đầu đạn hóa học,True,False,0,0.20512820512820512,1.0,0.3750467300415039,7.714794158935547,-0.3750467300415039,SPAN_TOO_SHORT
0004-0050-0004,Những cách thức nào thường được sử dụng trong các cuộc tấn công bằng bom sinh học?,,,False,True,1,1.0,1.0,5.444682359695435,3.4717395305633545,-5.444682359695435,CORRECT_NO_ANSWER
0004-0050-0005,Quốc gia nào đã sáng chế ra tên lửa Scud?,Liên bang xô viết,Iraq,True,False,0,0.0,1.0,1.5374069213867188,7.237032890319824,-1.5374069213867188,WRONG_SPAN
0004-0050-0006,Lực lượng Hồng Quân ở Đông Đức đã được Liên Xô tài trợ tên lửa Scud để nhắm vào những mục tiêu nào?,"cơ sở thông tin, trung tâm chỉ huy và làm trì hõan quá trình động viên quân đội của Tây Đức cũng như các lực lượng Đồng Minh tại Đức",,True,True,0,0.0,1.0,3.6786794662475586,5.08150577545166,-3.6786794662475586,ANSWERABLE_PREDICTED_EMPTY
0004-0050-0007,Quốc gia nào đã sáng chế ra tên lửa thăm dò?,,,False,True,1,1.0,1.0,3.63852596282959,5.156893730163574,-3.63852596282959,CORRECT_NO_ANSWER
0004-0051-0001,Người ta tính tóan hiệu suất của hệ thống Patriot bằng cách nào?,dựa trên phần trăm số đầu đạn tên lửa Scud được biết đã tới mục tiêu hoặc đã nổ so với số lượng tên lửa Scud được bắn đi,Patriot,True,False,0,0.0,1.0,1.168410301208496,7.276597023010254,-1.168410301208496,WRONG_SPAN
0004-0051-0002,Khả năng phòng ngự của hệ thống Patriot trong cuộc chiến Vùng Vịnh được quân đội Mỹ đánh giá như thế nào?,họat động tuyệt diệu,họat động tuyệt diệu,True,False,1,1.0,1.0,-0.2776956558227539,8.082008361816406,0.2776956558227539,CORRECT
0004-0051-0003,Người ta tính tóan hiệu suất của hệ thống tên lửa bằng cách nào?,,,False,True,1,1.0,1.0,1.8294882774353027,6.877005100250244,-1.8294882774353027,CORRECT_NO_ANSWER
0004-0051-0004,Độ hiệu quả thấp nhất của hệ thống Patriot từng được tính tóan là bao nhiêu?,0%,0%,True,False,1,1.0,1.0,-0.7447853088378906,8.701786041259766,0.7447853088378906,CORRECT
0004-0051-0005,Hệ thống nào của Hoa Kỳ được họ chế tạo với khả năng chống lại liên quân?,,Hệ thống phòng thủ tên lửa Patriot,False,False,0,0.0,1.0,-0.3902759552001953,8.954137802124023,0.3902759552001953,UNANSWERABLE_FALSE_POSITIVE
0004-0051-0006,Hệ thống nào của Hoa Kỳ được họ chế tạo với khả năng chống lại tên lửa Scud?,Hệ thống phòng thủ tên lửa Patriot,Hệ thống phòng thủ tên lửa Patriot của Hoa Kỳ,True,False,0,0.8235294117647058,1.0,-0.7234621047973633,9.28987979888916,0.7234621047973633,SPAN_TOO_LONG
0004-0051-0007,Khả năng phòng ngự của quân đội Iraq trong cuộc chiến Vùng Vịnh được quân đội Mỹ đánh giá như thế nào?,,,False,True,1,1.0,1.0,3.9830636978149414,4.80574893951416,-3.9830636978149414,CORRECT_NO_ANSWER
0004-0051-0008,Vì sao mà người ta khó xác định được nguyên nhân khiến cho các tên lửa Al-Hussein phát nổ trên đường bay?,khó có thể biết đâu là mảnh đầu đạn và có ít dữ liệu ghi lại những lần dò tìm radar còn được lưu trữ cho phép phân tích về sau này,khó có thể biết đâu là mảnh đầu đạn,True,False,0,0.43902439024390244,1.0,-0.4854278564453125,8.800178527832031,0.4854278564453125,SPAN_TOO_SHORT
0005-0001-0001,Biển hở nào có độ mặn cao nhất thế giới?,biển Đỏ,biển Đỏ (Hồng Hải),True,False,0,0.6666666666666666,1.0,-1.1738924980163574,8.63060188293457,1.1738924980163574,SPAN_TOO_LONG
0005-0001-0002,Độ ngọt trung bình của nước biển là bao nhiêu?,,,False,True,1,1.0,1.0,4.56882381439209,4.209929466247559,-4.56882381439209,CORRECT_NO_ANSWER
0005-0001-0003,Nước biển ở đâu có hàm lượng muối thấp nhất?,vịnh Phần Lan,,True,True,0,0.0,1.0,2.753023147583008,5.861001968383789,-2.753023147583008,ANSWERABLE_PREDICTED_EMPTY
0005-0001-0004,Ngòai biển hở có nồng độ muối cao hơn biển thông thường thì còn có lọai biển nào khác cũng có nồng độ muối cao hơn một cách đáng kể?,biển trong các biển cô lập (biển kín),,True,True,0,0.0,1.0,2.017979621887207,6.435368537902832,-2.017979621887207,ANSWERABLE_PREDICTED_EMPTY
0005-0001-0005,Những nguyên nhân nào làm cho vịnh Phần Lan có độ mặn cao?,,,False,True,1,1.0,1.0,4.204797267913818,4.508253574371338,-4.204797267913818,CORRECT_NO_ANSWER
0005-0001-0006,Vịnh Phần Lan nằm trong biển nào?,biển Baltic,biển Baltic,True,False,1,1.0,1.0,0.43001413345336914,7.692264080047607,-0.43001413345336914,CORRECT
0005-0001-0007,Nước sông ở đâu có hàm lượng muối thấp nhất?,,,False,True,1,1.0,1.0,3.7614150047302246,4.954264163970947,-3.7614150047302246,CORRECT_NO_ANSWER
0005-0001-0008,Độ mặn trung bình của nước biển là bao nhiêu?,"3,1% tới 3,8%",,True,True,0,0.0,1.0,3.678290843963623,4.980196475982666,-3.678290843963623,ANSWERABLE_PREDICTED_EMPTY
0005-0001-0009,Những nguyên nhân nào làm cho biển Đỏ có độ mặn cao?,do nhiệt độ cao và sự tuần hòan bị hạn chế đã tạo ra tỷ lệ bốc hơi cao của nước bề mặt cũng như có rất ít nước ngọt từ các cửa sông đổ vào và lượng giáng thủy nhỏ,,True,True,0,0.0,1.0,2.9777841567993164,5.745877265930176,-2.9777841567993164,ANSWERABLE_PREDICTED_EMPTY
0005-0002-0001,Tại sao nước biển nặng hơn nước cất?,do trọng lượng bổ sung của các muối và hiện tượng điện giảo,nước ngọt,True,False,0,0.0,1.0,0.9917259216308594,7.504096984863281,-0.9917259216308594,WRONG_SPAN
0005-0002-0002,Tại sao nước cất nặng hơn nước biển?,,nước ngọt,False,False,0,0.0,1.0,0.7225770950317383,7.727394104003906,-0.7225770950317383,UNANSWERABLE_FALSE_POSITIVE
0005-0002-0003,Nồng độ pH của nước biển khỏang bao nhiêu?,"7,5 tới 8,4","độ pH của nước biển bị giới hạn trong khỏang 7,5 tới 8,4",True,False,0,0.5,1.0,-0.1568317413330078,8.287681579589844,0.1568317413330078,SPAN_TOO_LONG
0005-0002-0004,Khối lượng riêng của âm thanh là bao nhiêu?,,,False,True,1,1.0,1.0,3.367192268371582,5.438834190368652,-3.367192268371582,CORRECT_NO_ANSWER
0005-0002-0005,Nước biển đóng băng ở nhiệt độ bao nhiêu?,-2 °C,"Điểm đóng băng của nước biển giảm xuống khi độ mặn tăng lên và nó là khỏang -2 °C (28,4 °F) ở nồng độ 35‰",True,False,0,0.14285714285714288,1.0,-0.1901845932006836,8.589311599731445,0.1901845932006836,SPAN_TOO_LONG
0005-0002-0006,Dựa vào đâu ta kết luận nước biển nặng hơn nước ngọt?,tỷ trọng riêng,nước ngọt tinh khiết đạt tỷ trọng riêng tối đa là 1.000 g/ml ở nhiệt độ 4 °C) do trọng lượng bổ sung của các muối và hiện tượng điện giảo,True,False,0,0.16666666666666669,1.0,-0.26598358154296875,8.588127136230469,0.26598358154296875,SPAN_TOO_LONG
0005-0002-0007,Khối lượng riêng của nước biển tầng mặt là bao nhiêu?,1.020 tới 1.030 kg/m³,,True,True,0,0.0,1.0,3.325349807739258,5.469992637634277,-3.325349807739258,ANSWERABLE_PREDICTED_EMPTY
0005-0002-0008,Khối lượng riêng của nước cất là bao nhiêu?,1.000 g/ml,,True,True,0,0.0,1.0,3.355590343475342,5.505809307098389,-3.355590343475342,ANSWERABLE_PREDICTED_EMPTY
0005-0003-0001,Hàm lượng các ion canxi trong nước biển gấp bao nhiêu lần so với nước ngọt?,,,False,True,1,1.0,1.0,3.0204153060913086,5.68846321105957,-3.0204153060913086,CORRECT_NO_ANSWER
0005-0003-0002,Tại sao tỉ lệ bicacbonat với các ion trong nước sông lại cao hơn nước biển?,"do thời gian cư trú khác nhau của các chất hòa tan trong nước biển; các ion natri và clorua có thời gian cư trú lâu hơn, trong khi các ion canxi (thiết yếu cho sự hình thành cacbonat) có xu hướng trầm lắng nhanh hơn","các ion bicacbonat chiếm tới 48% các ion có trong nước sông trong khi chỉ chiếm khỏang 0,41% các ion của nước biển",True,False,0,0.3428571428571428,1.0,-0.8146810531616211,9.139113426208496,0.8146810531616211,SPAN_TOO_SHORT
0005-0003-0003,Hàm lượng các bicacbonat trong nước biển gấp bao nhiêu lần so với nước ngọt?,"2,8 lần","các ion bicacbonat chiếm tới 48% các ion có trong nước sông trong khi chỉ chiếm khỏang 0,41% các ion của nước biển",True,False,0,0.0,1.0,1.4743304252624512,7.1056809425354,-1.4743304252624512,WRONG_SPAN
0005-0003-0004,Sự khác biệt về tỷ lệ các chất hòa tan giữa nước biển và nước ngọt là do đâu?,o thời gian cư trú khác nhau của các chất hòa tan trong nước biển,thời gian cư trú khác nhau của các chất hòa tan trong nước biển,True,False,0,0.9655172413793104,1.0,-0.025386810302734375,8.326902389526367,0.025386810302734375,SPAN_TOO_SHORT
0005-0003-0005,Các bicacbonat ở nước biển thường chiếm bao nhiêu phần trăm các ion?,48%,"các ion bicacbonat chiếm tới 48% các ion có trong nước sông trong khi chỉ chiếm khỏang 0,41% các ion của nước biển",True,False,0,0.07999999999999999,1.0,-1.6744718551635742,9.833142280578613,1.6744718551635742,SPAN_TOO_LONG
0005-0003-0006,Lượng các bicacbonat ở nước sông thường chiếm bao nhiêu phần trăm các ion?,"0,41%","các ion bicacbonat chiếm tới 48% các ion có trong nước sông trong khi chỉ chiếm khỏang 0,41% các ion của nước biển",True,False,0,0.15384615384615385,1.0,-1.0067758560180664,9.28087329864502,1.0067758560180664,SPAN_TOO_LONG
0005-0004-0001,Vì sao biển Chết và biển Caspi có độ chứa muối cao?,không có các lối thóat ra đại dương,hồ trên thế giới mà không có các lối thóat ra đại dương,True,False,0,0.761904761904762,1.0,-1.8506231307983398,9.514074325561523,1.8506231307983398,SPAN_TOO_LONG
0005-0004-0002,Nồng độ muối ở biển Caspi là cao hay thấp?,cao,,True,True,0,0.0,1.0,2.3399009704589844,6.261570930480957,-2.3399009704589844,ANSWERABLE_PREDICTED_EMPTY
0005-0004-0003,Edmond Halley đưa ra giả thuyết về nguồn gốc của muối trong nước biển từ khi nào?,năm 1715,"người cho rằng muối và các khóang chất khác đã được đưa ra biển bởi các con sông, do chúng được lọc qua các lớp đất nhờ mưa",True,False,0,0.0,1.0,0.21030330657958984,7.870526313781738,-0.21030330657958984,WRONG_SPAN
0005-0004-0004,Ai là người đầu tiên đưa ra giả thuyết về nguồn gốc của muối trong nước biển?,Edmond Halley,,True,True,0,0.0,1.0,1.8733510971069336,6.658574104309082,-1.8733510971069336,ANSWERABLE_PREDICTED_EMPTY
0005-0005-0001,Điều gì giúp cho nồng độ muối của nước biển luôn ổn định?,do hệ quả của các hệ thống hóa học/kiến tạo làm cho muối bị trầm lắng,hệ quả của các hệ thống hóa học/kiến tạo làm cho muối bị trầm lắng,True,False,0,0.9696969696969697,1.0,-0.6232614517211914,8.764278411865234,0.6232614517211914,SPAN_TOO_SHORT
0005-0005-0002,Điều gì giúp cho nồng độ nước biển của muối luôn ổn định?,,hệ quả của các hệ thống hóa học/kiến tạo làm cho muối bị trầm lắng,False,False,0,0.0,1.0,-0.7316837310791016,8.85101318359375,0.7316837310791016,UNANSWERABLE_FALSE_POSITIVE
0005-0005-0003,Từ khi nào natri không còn được lọc từ đáy đại dương nữa?,Kể từ khi các đại dương hình thành,Kể từ khi các đại dương hình thành,True,False,1,1.0,1.0,-1.3242144584655762,9.01546859741211,1.3242144584655762,CORRECT
0005-0005-0004,Hiện nay natri còn được lọc từ đáy đại dương không?,không,natri không còn được lọc ra từ đáy đại dương mà nó bị giữ lại trong các lớp trầm tích che phủ lên trên đáy đại dương,True,False,0,0.07142857142857142,1.0,-0.16885614395141602,8.083168029785156,0.16885614395141602,SPAN_TOO_LONG
0005-0005-0005,Việc muối trầm lắng do hệ quả của các hệ thống hóa học/kiến tạo đã dẫn đến hệ quả nào?,Độ mặn của nước biển đã ổn định trong nhiều triệu năm,"muối bị trầm lắng, chẳng hạn các trầm lắng natri và clorua bao gồm các trầm tích evaporit và các phản ứng với bazan đáy biển",True,False,0,0.05263157894736842,1.0,-0.9101696014404297,8.975963592529297,0.9101696014404297,SPAN_TOO_LONG
0005-0005-0006,Từ khi nào clorua không còn được lọc từ đáy đại dương nữa?,,Kể từ khi các đại dương hình thành,False,False,0,0.0,1.0,-1.691269874572754,8.816079139709473,1.691269874572754,UNANSWERABLE_FALSE_POSITIVE
0005-0006-0001,Điều gì sẽ xảy ra nếu uống quá nhiều nước biển?,kích thích thận gia tăng họat động bài tiết natri,,True,True,0,0.0,1.0,3.038005828857422,5.543241500854492,-3.038005828857422,ANSWERABLE_PREDICTED_EMPTY
0005-0006-0002,Nồng độ NaCl trong cơ thể bình thường khỏang bao nhiêu?,9 g/L,,True,True,0,0.0,1.0,3.1975860595703125,5.532157897949219,-3.1975860595703125,ANSWERABLE_PREDICTED_EMPTY
0005-0006-0003,"Vì sao uống nước biển có nồng độ khỏang 3,5% có thể gây tử vong?",nồng độ natri của nước biển là cao hơn khả năng cô tối đa của thận,"Uống nước biển với nồng độ khỏang 3,5% các ion clorua và natri hòa tan",True,False,0,0.3125,1.0,-0.2734851837158203,8.133585929870605,0.2734851837158203,PARTIAL_SPAN
0005-0006-0004,Cơ quan nào đóng vai trò quan trọng nhất trong việc điều chỉnh lượng muối trong cơ thể?,thận,,True,True,0,0.0,1.0,4.294846534729004,4.4263410568237305,-4.294846534729004,ANSWERABLE_PREDICTED_EMPTY
0005-0007-0001,Hồng Công là thuộc địa của đế quốc nào ở thế kỷ 20?,Anh,,True,True,0,0.0,1.0,4.810327529907227,3.827119827270508,-4.810327529907227,ANSWERABLE_PREDICTED_EMPTY
0005-0007-0002,Mục đích của việc sử dụng nước biển trong sinh họat của Hồng Công là gì?,bảo tồn các nguồn nước ngọt,,True,True,0,0.0,1.0,2.3901290893554688,6.053312301635742,-2.3901290893554688,ANSWERABLE_PREDICTED_EMPTY
0005-0007-0003,Nước biển có thể được dự trữ như nước thải hay không?,,,False,True,1,1.0,1.0,3.688383102416992,4.859208106994629,-3.688383102416992,CORRECT_NO_ANSWER
0005-0007-0004,Nước biển có thể được xử lý như nước thải hay không?,không,xử lý nước thải như thế nào,True,False,0,0.0,1.0,1.1532917022705078,7.191004753112793,-1.1532917022705078,WRONG_SPAN
0005-0007-0005,Hồng Kông trong khỏang thời gian nào vẫn là thuộc địa của Anh?,những năm thập niên 1960 và 1970,,True,True,0,0.0,1.0,3.490964412689209,5.07639741897583,-3.490964412689209,ANSWERABLE_PREDICTED_EMPTY
0005-0007-0006,"Ở Hồng Công, nước biển được khuyến khích sử dụng để làm gì?",dội rửa nhà vệ sinh,,True,True,0,0.0,1.0,1.9554481506347656,6.261326789855957,-1.9554481506347656,ANSWERABLE_PREDICTED_EMPTY
0005-0008-0001,Những công nghệ lọc nước biển nào không thể thực thi trong thời đại thuyền buồm trong giai đọan thế kỷ 16 tới 19?,"công nghệ của thiết bị bốc hơi chân không, thiết bị bốc hơi flash hay công nghệ thẩm thấu ngược","thiết bị bốc hơi chân không, thiết bị bốc hơi flash hay công nghệ thẩm thấu ngược",True,False,0,0.9189189189189189,1.0,0.3233757019042969,7.931663513183594,-0.3233757019042969,SPAN_TOO_SHORT
0005-0008-0002,Giai đọan quan trọng nhất khi xử lý nước ngọt là gì?,,,False,True,1,1.0,1.0,2.8897924423217773,5.698250770568848,-2.8897924423217773,CORRECT_NO_ANSWER
0005-0008-0003,Giai đọan quan trọng nhất khi xử lý nước biển là gì?,khử muối,,True,True,0,0.0,1.0,2.275698184967041,6.296374797821045,-2.275698184967041,ANSWERABLE_PREDICTED_EMPTY
0005-0008-0004,Nước biển được chuyển thành nước ngọt bằng cách nào?,"các quy trình khử muối như sử dụng các công nghệ của thiết bị bốc hơi chân không, thiết bị bốc hơi flash hay công nghệ thẩm thấu ngược","Nước biển chỉ có thể trở thành nước uống được nhờ các quy trình khử muối như sử dụng các công nghệ của thiết bị bốc hơi chân không, thiết bị bốc hơi flash hay công nghệ thẩm thấu ngược",True,False,0,0.8405797101449275,1.0,0.015181541442871094,8.390643119812012,-0.015181541442871094,SPAN_TOO_LONG
0005-0009-0001,Nhà thám hiểm Thor Heyerdahl đã vượt đại dương bằng con bè nào?,Kon-Tiki,bè Kon-Tiki,True,False,0,0.8,1.0,-0.5619277954101562,8.686326026916504,0.5619277954101562,SPAN_TOO_LONG
0005-0009-0002,"Bác sĩ, nhà thám hiểm Alain Bombard đã mất vào năm nào?",2005,,True,True,0,0.0,1.0,1.917691707611084,6.557621479034424,-1.917691707611084,ANSWERABLE_PREDICTED_EMPTY
0005-0009-0003,"Bác sĩ, nhà thám hiểm Alan Willis đã mất vào năm nào?",,"Năm 1954, một nhà thám hiểm khác là William Willis (1897-1968",False,False,0,0.0,1.0,1.4309401512145996,6.903187274932861,-1.4309401512145996,UNANSWERABLE_FALSE_POSITIVE
0005-0009-0004,Chuyến vượt đại dương của Thor Heyerdahl được thực hiện khi nào?,năm 1947,,True,True,0,0.0,1.0,2.3194146156311035,6.14331579208374,-2.3194146156311035,ANSWERABLE_PREDICTED_EMPTY
0005-0009-0005,Bác sĩ Alain Bombard là người nước nào?,Pháp,Bác sĩ người Pháp Alain Bombard (1924-2005) tuyên bố rằng ông đã sống sót sau chuyến vượt đại dương trên một bè mảng nhỏ chỉ sử dụng nước biển và các sản vật khác thu được từ đại dương,True,False,0,0.04878048780487806,1.0,1.404928207397461,7.099452972412109,-1.404928207397461,SPAN_TOO_LONG
0005-0009-0006,"Trong một vài trường hợp, nếu pha nước biển với nước ngọt theo tỉ lệ nào thì không xuất hiện các triệu chứng bệnh tật?",2:3,tỷ lệ 2:3,True,False,0,0.6666666666666666,1.0,-1.7141852378845215,9.306306838989258,1.7141852378845215,SPAN_TOO_LONG
0006-0001-0001,Lãnh thổ Puerto Rico là tập hợp của gì?,một quần đảo,,True,True,0,0.0,1.0,3.0263895988464355,5.1100945472717285,-3.0263895988464355,ANSWERABLE_PREDICTED_EMPTY
0006-0001-0002,Hòn đảo có diện tích bé nhất trong bốn đảo Đại Antilles tọa lạc ở vị trí nào so với lãnh thổ nước Dominicana?,phía đông,Puerto Rico,True,False,0,0.0,1.0,0.4451026916503906,7.09638786315918,-0.4451026916503906,WRONG_SPAN
0006-0001-0003,Peurto Rico thuộc về cường quốc nào?,Hoa Kỳ,,True,True,0,0.0,1.0,2.790346622467041,5.618570804595947,-2.790346622467041,ANSWERABLE_PREDICTED_EMPTY
0006-0001-0004,Vùng biển Caribbean có vị trí địa lí ở đâu?,,,False,True,1,1.0,1.0,2.952347755432129,5.404688835144043,-2.952347755432129,CORRECT_NO_ANSWER
0006-0001-0005,Dân số Puerto Rico là tập hợp của gì?,,,False,True,1,1.0,1.0,3.3205766677856445,4.974217414855957,-3.3205766677856445,CORRECT_NO_ANSWER
0006-0001-0006,Thịnh vượng chung Puerto Rico có vị trí địa lí ở đâu?,"phía đông bắc vùng biển Caribbean, phía đông nước Cộng hòa Dominicana và phía tây Quần đảo Virgin",,True,True,0,0.0,1.0,2.5300397872924805,5.703429222106934,-2.5300397872924805,ANSWERABLE_PREDICTED_EMPTY
0006-0001-0007,Ba đảo chiếm diện tích nhiều nhất lãnh thổ Puerto Rico là gì?,"đảo Vieques, Culebra và Mona",,True,True,0,0.0,1.0,3.964249610900879,4.4225053787231445,-3.964249610900879,ANSWERABLE_PREDICTED_EMPTY
0006-0001-0008,Lãnh thổ Thịnh vượng chung Puerto Rico là tên gọi chính thức của nước nào?,Puerto Rico,Puerto Rico,True,False,1,1.0,1.0,1.2788095474243164,6.3050642013549805,-1.2788095474243164,CORRECT
0006-0001-0009,Ba đảo chiếm diện tích nhiều nhất lãnh thổ Tây Ban Nha là gì?,,,False,True,1,1.0,1.0,3.21981143951416,5.179734230041504,-3.21981143951416,CORRECT_NO_ANSWER
0006-0001-0010,Đảo Đại Antilles là tên gọi chính thức của nước nào?,,Puerto Rico,False,False,0,0.0,1.0,0.7949819564819336,6.699230194091797,-0.7949819564819336,UNANSWERABLE_FALSE_POSITIVE
0006-0002-0001,"Trong quá khứ, tộc người nào sống tại hầu hết lãnh thổ Puerto Rico?",người Taino,,True,True,0,0.0,1.0,5.21434760093689,3.398874521255493,-5.21434760093689,ANSWERABLE_PREDICTED_EMPTY
0006-0002-0002,Ai là những người đầu tiên sinh sống tại lãnh tổ Puerto Rico?,người Taino,,True,True,0,0.0,1.0,5.107528209686279,3.488996982574463,-5.107528209686279,ANSWERABLE_PREDICTED_EMPTY
0006-0002-0003,Ai là những người đầu tiên sinh sống tại lãnh thổ Hoa Kỳ?,,,False,True,1,1.0,1.0,5.182633876800537,3.3874402046203613,-5.182633876800537,CORRECT_NO_ANSWER
0006-0002-0004,"Đất nước Puerto Rico đã bị nhiều đế quốc xâm chiếm, và đã chuyển từ thuộc địa của Tây Ban Nha thành thuộc địa của Mỹ vào giao đọan nào?",1898,,True,True,0,0.0,1.0,3.1695427894592285,5.452714443206787,-3.1695427894592285,ANSWERABLE_PREDICTED_EMPTY
0006-0002-0005,Sau khi được phát hiện Puerto Rico bị nước nào cai trị?,Đế chế Tây Ban Nha,,True,True,0,0.0,1.0,5.029715061187744,3.5639147758483887,-5.029715061187744,ANSWERABLE_PREDICTED_EMPTY
0006-0002-0006,Nhà thám hiểm châu Âu đi đến Puerto Rico là ai?,Christopher Columbus,người châu Âu da trắng và các nô lệ da đen đến từ châu Phi,True,False,0,0.0,1.0,1.0674448013305664,7.518446922302246,-1.0674448013305664,WRONG_SPAN
0006-0002-0007,Nhà thám hiểm châu Âu đi đến Tây Ban Nha là ai?,,người châu Âu da trắng và các nô lệ da đen đến từ châu Phi,False,False,0,0.0,1.0,1.6828551292419434,6.918564319610596,-1.6828551292419434,UNANSWERABLE_FALSE_POSITIVE
0006-0002-0008,Mỹ nắm quyền kiểm sóat Puerto Rico từ thời gian nào?,1898,,True,True,0,0.0,1.0,5.0968194007873535,3.4001498222351074,-5.0968194007873535,ANSWERABLE_PREDICTED_EMPTY
0006-0003-0001,"Kể từ năm 1967, Puerto Rico bàn cãi về vấn đề lãnh thổ đất nước bao nhiêu lần?",,,False,True,1,1.0,1.0,4.451172828674316,4.002220153808594,-4.451172828674316,CORRECT_NO_ANSWER
0006-0003-0002,Cuộc trưng cầu ý dân năm 2012 không bị chi phối bởi thế cầm quyền về mặt gì?,không có tính ràng buộc về mật pháp lý về tình trạng chính trị của hòn đảo,,True,True,0,0.0,1.0,2.436717987060547,6.08021354675293,-2.436717987060547,ANSWERABLE_PREDICTED_EMPTY
0006-0003-0003,Đợt trưng cầu dân ý gần đây nhất là khi nào?,ngày 6 tháng 11 năm 2012,,True,True,0,0.0,1.0,2.9427952766418457,5.467574596405029,-2.9427952766418457,ANSWERABLE_PREDICTED_EMPTY
0006-0003-0004,Vấn đề chính trị nào đang có nhiều bàn luận dữ dội tại Hoa Kỳ?,,,False,True,1,1.0,1.0,2.510300636291504,6.120213508605957,-2.510300636291504,CORRECT_NO_ANSWER
0006-0003-0005,Trước khi kết quả đại đa số cư tri ở Puerto Rico chấp thuận nên hợp thức hóa quốc gia này như một bang của Mỹ thì đã có bao nhiêu lần thất bại?,bốn lần,,True,True,0,0.0,1.0,5.275183200836182,3.4402108192443848,-5.275183200836182,ANSWERABLE_PREDICTED_EMPTY
0006-0003-0006,Kết quả của cuộc trưng cầu ý dân năm 2012 là gì?,cử tri Puerto Rico đã bác bỏ sít sao tình trạng chính trị hiện tại (câu hỏi thứ nhất) và chấp thuận áp đảo việc trở thành tiểu bang của Hoa Kỳ như là một chọn lựa ưng ý (câu hỏi thứ hai),Cuộc trưng cầu dân ý không có tính ràng buộc về mật pháp lý về tình trạng chính trị của hòn đảo mới nhất đã được tổ chức vào ngày 6 tháng 11 năm 2012. Kết quả là cử tri Puerto Rico đã bác bỏ sít sao tình trạng chính trị hiện tại,True,False,0,0.4166666666666667,1.0,0.028375625610351562,7.751136779785156,-0.028375625610351562,SPAN_TOO_LONG
0006-0003-0007,"Kể từ năm 1967, Puerto Rico tổ chức trưng cầu ý dân về vấn đề lãnh thổ đất nước bao nhiêu lần?",bốn lần,,True,True,0,0.0,1.0,2.9377388954162598,5.384053707122803,-2.9377388954162598,ANSWERABLE_PREDICTED_EMPTY
0006-0003-0008,Vấn đề chính trị nào đang có nhiều bàn luận dữ dội tại Puerto Rico?,"Tình trạng chính trị hiện nay của hòn đảo, bao gồm khả năng trở thành một tiểu bang của Hoa Kỳ hay được độc lập",,True,True,0,0.0,1.0,2.45096492767334,6.1332244873046875,-2.45096492767334,ANSWERABLE_PREDICTED_EMPTY
0006-0004-0001,Người dân Ortoiroid ở Peurto Rico đã cùng sinh sống với người có nguồn Venezuela trong khỏang thời gian nào?,Giữa thế kỉ 4 và thế kỉ 10,"khỏang giữa năm 120 và 400 sau công nguyên, người Igneri",True,False,0,0.2105263157894737,1.0,-0.33809471130371094,8.75704288482666,0.33809471130371094,SPAN_TOO_LONG
0006-0004-0002,"Theo khảo cổ học, người da đỏ định cư tại Puerto Rico ít nhất bao nhiêu năm về trước?",2000 năm trước công nguyên,,True,True,0,0.0,1.0,5.677745819091797,3.2564163208007812,-5.677745819091797,ANSWERABLE_PREDICTED_EMPTY
0006-0004-0003,Thành phần chính của bộ lạc Ortoiroid tại đảo Puerto Rico là ai?,những thổ dân da đỏ,thổ dân da đỏ,True,False,0,0.888888888888889,1.0,0.44157886505126953,8.160025596618652,-0.44157886505126953,SPAN_TOO_SHORT
0006-0004-0004,"Theo khảo cổ học, người da đỏ định cư tại châu Âu ít nhất bao nhiêu năm về trước?",,,False,True,1,1.0,1.0,5.9793500900268555,2.957958221435547,-5.9793500900268555,CORRECT_NO_ANSWER
0006-0004-0005,Nền văn hóa có lịch sử phát triển rực rỡ ở đảo Puerto Rico là gì?,nền văn hóa Taino,nền văn hóa Taino,True,False,1,1.0,1.0,0.3265504837036133,8.588533401489258,-0.3265504837036133,CORRECT
0006-0004-0006,Ở giai đọan nào trong lịch sử đã có hai bộ tộc cùng sống tại Puerto Rico?,Giữa thế kỉ 4 và thế kỉ 10,,True,True,0,0.0,1.0,2.9147791862487793,5.98309850692749,-2.9147791862487793,ANSWERABLE_PREDICTED_EMPTY
0006-0004-0007,Tộc người da đỏ sinh sống trên đảo Puerto Rico bằng cách nào?,làm nghề sắn bắt và đánh cá,,True,True,0,0.0,1.0,2.145914077758789,6.66722297668457,-2.145914077758789,ANSWERABLE_PREDICTED_EMPTY
0006-0005-0001,Nhà thám hiểm châu Âu đã gọi hòn đảo mới tìm thấy là gì?,San Juan Bautista,,True,True,0,0.0,1.0,3.8636512756347656,4.328214645385742,-3.8636512756347656,ANSWERABLE_PREDICTED_EMPTY
0006-0005-0002,Columbus đã vô tình tìm thấy Puerto Rico trong chuyến viễn chinh lần thứ mấy?,lần thứ hai,,True,True,0,0.0,1.0,3.9360742568969727,4.345685958862305,-3.9360742568969727,ANSWERABLE_PREDICTED_EMPTY
0006-0005-0003,Ai là nhà lãnh đạo chính thức đầu tiên của 'Borikén'?,Juan Ponce de Leon,"""Borikén"", hay trong tiếng Tây Ban Nha là ""Boriquen""",True,False,0,0.0,1.0,0.22491836547851562,7.226881980895996,-0.22491836547851562,WRONG_SPAN
0006-0005-0004,Ý nghĩa của cái tên Borikén mà Columbus đặt cho hòn đảo là gì?,,"""Borikén"", hay trong tiếng Tây Ban Nha là ""Boriquen""",False,False,0,0.0,1.0,0.4384889602661133,6.677379131317139,-0.4384889602661133,UNANSWERABLE_FALSE_POSITIVE
0006-0005-0005,Nhà thám hiểm Tây Ban Nha đã gọi hòn đảo mới tìm thấy là gì?,,,False,True,1,1.0,1.0,2.7788310050964355,5.008378982543945,-2.7788310050964355,CORRECT_NO_ANSWER
0006-0005-0006,Ý nghĩa của cái tên San Juan Bautista mà Columbus đặt cho hòn đảo là gì?,tưởng niệm thánh John Baptist,"Columbus đã đặt cái tên mới cho hòn đảo là San Juan Bautista để tưởng niệm thánh John Baptist. Sau đó, hòn đảo được đổi tiên thành Puerto Rico",True,False,0,0.29411764705882354,1.0,-0.19133567810058594,7.616589546203613,0.19133567810058594,SPAN_TOO_LONG
0006-0005-0007,Những người bản địa San Juan Bautista gọi lãnh thổ của họ là gì?,,Puerto Rico,False,False,0,0.0,1.0,1.190755844116211,6.307308197021484,-1.190755844116211,UNANSWERABLE_FALSE_POSITIVE
0006-0005-0008,Nhà thám hiểm Christopher Columbus đã đổi tên hòn đảo Puerto Rico thành San Juan Bautista vào năm nào?,năm 1493,"Columbus đã đặt cái tên mới cho hòn đảo là San Juan Bautista để tưởng niệm thánh John Baptist. Sau đó, hòn đảo được đổi tiên thành Puerto Rico",True,False,0,0.0,1.0,-0.5302886962890625,7.7950439453125,0.5302886962890625,WRONG_SPAN
0006-0005-0009,Những người bản địa Puerto Rico gọi lãnh thổ của họ là gì?,Borikén,,True,True,0,0.0,1.0,4.280661582946777,3.9575605392456055,-4.280661582946777,ANSWERABLE_PREDICTED_EMPTY
0006-0006-0001,Nếu không bị mất mạng bởi chiến tranh hay dịch bệnh thì người Tây Ban Nha sẽ ra sao?,,,False,True,1,1.0,1.0,4.082798004150391,4.639822959899902,-4.082798004150391,CORRECT_NO_ANSWER
0006-0006-0002,Vai trò của Puerto Rico trong hệ thống thuộc địa của thực dân Pháp là gì?,,,False,True,1,1.0,1.0,2.9524497985839844,5.661013603210449,-2.9524497985839844,CORRECT_NO_ANSWER
0006-0006-0003,Quốc gia châu Phi nào đã đưa quân tràn sang đảo Puerto Rico?,,,False,True,1,1.0,1.0,3.8995308876037598,4.776174068450928,-3.8995308876037598,CORRECT_NO_ANSWER
0006-0006-0004,Vai trò của Puerto Rico trong hệ thống thuộc địa của thực dân Tây Ban Nha là gì?,một pháo đài phòng thủ quan trọng,,True,True,0,0.0,1.0,2.580328941345215,5.978270530700684,-2.580328941345215,ANSWERABLE_PREDICTED_EMPTY
0006-0006-0005,Những cường quốc khác nào từng lăm le ý định giành lấy đảo Puerto Rico?,"Pháp, Hà Lan và Anh",,True,True,0,0.0,1.0,2.9082164764404297,5.727016448974609,-2.9082164764404297,ANSWERABLE_PREDICTED_EMPTY
0006-0006-0006,Quốc gia châu Âu nào đã đưa quân tràn sang đảo Puerto Rico?,Người Tây Ban Nha,,True,True,0,0.0,1.0,4.170987129211426,4.5327043533325195,-4.170987129211426,ANSWERABLE_PREDICTED_EMPTY
0006-0006-0007,"Ngòai người bản xứ, đối tượng nào cũng bị bắt làm nô lệ?",nô lệ da đen,,True,True,0,0.0,1.0,1.9991507530212402,6.679079532623291,-1.9991507530212402,ANSWERABLE_PREDICTED_EMPTY
0006-0006-0008,Tại sao số lượng người bản địa tại đảo Puerto Rico hạ xuống thấp trong trời gian bị Tây Ban Nha cai trị?,bị giết trong những trận chiếm đẫm máu mà ưu thế thuộc về người Tây Ban Nha hay những bệnh dịch chết người,,True,True,0,0.0,1.0,3.3087644577026367,5.3449201583862305,-3.3087644577026367,ANSWERABLE_PREDICTED_EMPTY
0006-0006-0009,Nếu không bị mất mạng bởi chiến tranh hay dịch bệnh thì người bản địa Puerto Rico sẽ ra sao?,bị người Tây Ban Nha bắt làm nô lệ,,True,True,0,0.0,1.0,4.155234336853027,4.5644636154174805,-4.155234336853027,ANSWERABLE_PREDICTED_EMPTY
0006-0007-0001,Người cầm quyền nào đã bãi bỏ chính sách công nhận Puerto Rico là một tỉnh hải ngọai?,vua Ferdinand VII,Ủy ban Trung ương Tối cao tại Cadiz ra quyết định công nhận Puerto Rico là một tỉnh hải ngọai của Tây Ban Nha,True,False,0,0.0,1.0,-1.2022714614868164,9.030168533325195,1.2022714614868164,WRONG_SPAN
0006-0007-0002,Tại sao những nước bị Tây Ban Nha kiểm sóat lại đồng lọat đòi tách ra?,"Cuộc chiến tranh Iberia nổ ra giữa Tây Ban Nha, Bồ Đào Nha và Anh với quân Pháp",,True,True,0,0.0,1.0,3.49896240234375,5.203390121459961,-3.49896240234375,ANSWERABLE_PREDICTED_EMPTY
0006-0007-0003,Trước khi vua Ferdinand VII nắm trong tay quyền điều hành thì đảo Peurto Rico có được quyền lợi gì từ Ủy ban Trung ương tối cao tại Cadiz?,gửi đại diện đến quốc hội Tây Ban Nha,Puerto Rico,True,False,0,0.0,1.0,1.400362491607666,6.9780592918396,-1.400362491607666,WRONG_SPAN
0006-0007-0004,Cơ quan nào cho phép Puerto Rico gửi người đại diện đến Pháp?,,đảo này có quyền gửi đại diện đến quốc hội Tây Ban Nha,False,False,0,0.0,1.0,0.9034318923950195,7.315069198608398,-0.9034318923950195,UNANSWERABLE_FALSE_POSITIVE
0006-0007-0005,Dù không suôn sẻ nhưng những nỗ lực tuyên bố độc lập của Puerto Rico đã có ảnh hưởng gì?,góp phần nâng cao tính dân tộc của người dân hòn đảo,,True,True,0,0.0,1.0,4.074550628662109,4.632828712463379,-4.074550628662109,ANSWERABLE_PREDICTED_EMPTY
0006-0007-0006,Cơ quan nào cho phép Puerto Rico gửi người đại diện đến chính quốc ở đất liền?,Ủy ban Trung ương Tối cao tại Cadiz,đảo này có quyền gửi đại diện đến quốc hội Tây Ban Nha,True,False,0,0.09523809523809525,1.0,1.615530014038086,6.765280723571777,-1.615530014038086,SPAN_TOO_LONG
0006-0007-0007,Puerto Rico được xem là một tỉnh ngòai đất liền của Tây Ban Nha vào năm nào?,Năm 1809,Puerto Rico là một tỉnh hải ngọai của Tây Ban Nha,True,False,0,0.0,1.0,0.9004616737365723,7.220860004425049,-0.9004616737365723,WRONG_SPAN
0006-0007-0008,Tại sao những nước bị Anh kiểm sóat lại đồng lọat đòi tách ra?,,,False,True,1,1.0,1.0,3.562805652618408,5.149735927581787,-3.562805652618408,CORRECT_NO_ANSWER
0006-0008-0001,Ai được xem là người khởi xướng cho những phong trào đấu tranh giành tự do ở Puerto Rico?,Ramon Emeterio Betances,,True,True,0,0.0,1.0,5.140379905700684,3.308929443359375,-5.140379905700684,ANSWERABLE_PREDICTED_EMPTY
0006-0008-0002,Những yếu tố nào đã tạo nên xung đột giữa thuộc địa và chính quốc?,mâu thuẫn chính trị và sự nghèo đói,,True,True,0,0.0,1.0,5.913015365600586,2.6398277282714844,-5.913015365600586,ANSWERABLE_PREDICTED_EMPTY
0006-0008-0003,Người nào đã thành công khi thỏa thuận với chính quốc về chính trị của Puerto Rico?,,,False,True,1,1.0,1.0,4.648857116699219,3.8287506103515625,-4.648857116699219,CORRECT_NO_ANSWER
0006-0008-0004,Hai nước châu Mỹ vẫn bị Tây Ban Nha kiểm sóat vào cuối thế kỉ XIX là gì?,Puerto Rico và Cuba,,True,True,0,0.0,1.0,2.6042580604553223,5.769843578338623,-2.6042580604553223,ANSWERABLE_PREDICTED_EMPTY
0006-0008-0005,Cuộc phản kháng mạnh mẽ của người dân sống tại Lares năm 1868 có tên gọi là gì?,Grito de Lares,"cuộc nổi dậy ""Grito de Lares""",True,False,0,0.6666666666666666,1.0,-0.8204736709594727,8.96178150177002,0.8204736709594727,SPAN_TOO_LONG
0006-0008-0006,Cuộc sống trên đảo Peurto Rico ra sao trong giai đọan cuối thế kỷ 19?,nghèo đói,,True,True,0,0.0,1.0,6.248615264892578,2.375758171081543,-6.248615264892578,ANSWERABLE_PREDICTED_EMPTY
0006-0008-0007,Hai nước châu Mỹ vẫn bị Cuba kiểm sóat vào cuối thế kỉ XIX là gì?,,,False,True,1,1.0,1.0,3.423856735229492,5.004525184631348,-3.423856735229492,CORRECT_NO_ANSWER
0006-0008-0008,Cuộc phản kháng mạnh mẽ của người dân sống tại Tây Ban Nha năm 1868 có tên gọi là gì?,,,False,True,1,1.0,1.0,2.8917808532714844,5.616888999938965,-2.8917808532714844,CORRECT_NO_ANSWER
0006-0008-0009,Người nào đã thành công khi thỏa thuận với chính quốc về quyền tự do của Puerto Rico?,Luis Munoz Rivera,,True,True,0,0.0,1.0,4.514939785003662,3.9937386512756348,-4.514939785003662,ANSWERABLE_PREDICTED_EMPTY
0006-0009-0001,"Trong Thế chiến I, tầng lớp nào ở Puerto Rico cùng với quân đội Mỹ chiến đấu?",thanh niên,,True,True,0,0.0,1.0,6.315608978271484,2.267885208129883,-6.315608978271484,ANSWERABLE_PREDICTED_EMPTY
0006-0009-0002,Dựa trên đạo luật gì mà người dân có thể trực tiếp chọn ra hạ viện?,Đạo luật Foraker,,True,True,0,0.0,1.0,4.7996673583984375,3.8058395385742188,-4.7996673583984375,ANSWERABLE_PREDICTED_EMPTY
0006-0009-0003,"Sang thế kỉ XX, cường quốc nào kiểm sóat Mỹ?",,,False,True,1,1.0,1.0,6.0012664794921875,2.586331367492676,-6.0012664794921875,CORRECT_NO_ANSWER
0006-0009-0004,Cùng với thượng viện thì cần thêm cơ quan nào nữa để tạo ra một đất nước có quốc hội lưỡng viện như Puerto Rico?,hạ viện,Puerto Rico có đầy đủ một quốc hội lưỡng viện,True,False,0,0.16666666666666669,1.0,1.5814590454101562,6.711182594299316,-1.5814590454101562,SPAN_TOO_LONG
0006-0009-0005,Dựa trên đạo luật gì mà người dân có thể trực tiếp cai trị?,,,False,True,1,1.0,1.0,5.345148086547852,3.225494384765625,-5.345148086547852,CORRECT_NO_ANSWER
0006-0009-0006,Đạo luật nào cho phép người dân Puerto Rico tự mình bầu ra thượng viện kể từ năm 1917?,Đạo luật Jones-Shafroth,Đạo luật Jones-Shafroth,True,False,1,1.0,1.0,-3.2711000442504883,9.992148399353027,3.2711000442504883,CORRECT
0006-0009-0007,Tổng thống Mỹ có thể chọn ra người làm vị trí nào trong chính phủ Puerto Rico?,thống đốc,,True,True,0,0.0,1.0,6.818501353263855,1.7479277849197388,-6.818501353263855,ANSWERABLE_PREDICTED_EMPTY
0006-0009-0008,"Sang thế kỉ XX, cường quốc nào kiểm sóat Puerto Rico?",Mỹ,,True,True,0,0.0,1.0,5.3393940925598145,3.2401108741760254,-5.3393940925598145,ANSWERABLE_PREDICTED_EMPTY
0006-0009-0009,Thống đốc Puerto Rico có thể chọn ra người làm vị trí nào trong chính phủ Puerto Rico?,,,False,True,1,1.0,1.0,6.978510856628418,1.6483888626098633,-6.978510856628418,CORRECT_NO_ANSWER
0006-0010-0001,Người đứng đầu Đảng Dân tộc Puerto Rico đã kêu gọi người dân vùng lên khỏi sự kìm hãm của Mỹ vào thời gian nào?,Ngày 30 tháng 10 năm 1950,,True,True,0,0.0,1.0,4.1026763916015625,4.46851921081543,-4.1026763916015625,ANSWERABLE_PREDICTED_EMPTY
0006-0010-0002,"Bên cạnh những thảm họa không thể tránh khỏi, Peurto còn phải hứng chịu tác động từ đâu?",cuộc Đại khủng hỏang 1929,,True,True,0,0.0,1.0,2.909641742706299,5.816100597381592,-2.909641742706299,ANSWERABLE_PREDICTED_EMPTY
0006-0010-0003,Chính quyền Puerto Rico đã thực hiện nhiều cuộc tấn công nhằm vào nhân vật quan trọng nào của Mỹ?,tổng thống Harry Truman,,True,True,0,0.0,1.0,6.054687023162842,2.6410365104675293,-6.054687023162842,ANSWERABLE_PREDICTED_EMPTY
0006-0010-0004,Yếu tố thiên nhiên nào đã tác động xấu đến tình hình phát triển của Hoa Kỳ?,,,False,True,1,1.0,1.0,5.308567523956299,3.4381661415100098,-5.308567523956299,CORRECT_NO_ANSWER
0006-0010-0005,"Bên cạnh những thảm họa không thể tránh khỏi, Mỹ còn phải hứng chịu tác động từ đâu?",,"động đất, sóng thần, các cơn bão nhiệt đới cũng như cuộc Đại khủng hỏang 1929",False,False,0,0.0,1.0,1.082235336303711,7.494297027587891,-1.082235336303711,UNANSWERABLE_FALSE_POSITIVE
0006-0010-0006,Yếu tố thiên nhiên nào đã tác động xấu đến tình hình phát triển của Puerto Rico?,"động đất, sóng thần, các cơn bão nhiệt đới",,True,True,0,0.0,1.0,5.359280586242676,3.352954864501953,-5.359280586242676,ANSWERABLE_PREDICTED_EMPTY
0006-0010-0007,Ai là người đưa ra quyết định khởi nghĩa chống lại sự kiểm sóat của Hoa Kì?,Pedro Albizu Campos,,True,True,0,0.0,1.0,4.462836742401123,4.127115726470947,-4.462836742401123,ANSWERABLE_PREDICTED_EMPTY
0006-0010-0008,Chính quyền Jayuya đã thực hiện nhiều cuộc tấn công nhằm vào nhân vật quan trọng nào của Mỹ?,,,False,True,1,1.0,1.0,5.247580289840698,3.4120514392852783,-5.247580289840698,CORRECT_NO_ANSWER
0006-0010-0009,Người đứng đầu của Đảng Dân tộc ở Puerto Rico đã bị quân đội Mỹ giam cầm dưới thời đại của vị tổng thống nào?,Harry Truman,,True,True,0,0.0,1.0,3.679011821746826,4.983919620513916,-3.679011821746826,ANSWERABLE_PREDICTED_EMPTY
0006-0011-0001,Bản hiến pháp đầu tiên của Puerto Rico lần đầu tiên được thông qua bời chính quyền Truman vào thời gian nào?,ngày 3 tháng 7,,True,True,0,0.0,1.0,2.4698872566223145,5.370917797088623,-2.4698872566223145,ANSWERABLE_PREDICTED_EMPTY
0006-0011-0002,Khi nào thì nhân dân Puerto có thể tự chọn ra thống đốc cho mình?,Năm 1947,,True,True,0,0.0,1.0,4.8217613697052,3.5375783443450928,-4.8217613697052,ANSWERABLE_PREDICTED_EMPTY
0006-0011-0003,Ai là người có vai trò quan trọng trong thành công của cuộc thương lượng với Mỹ?,Luis Munoz Marin,Munoz Marin,True,False,0,0.8,1.0,-1.327214241027832,9.165929794311523,1.327214241027832,SPAN_TOO_SHORT
0006-0011-0004,Puerto Rico có quyền tham khảo ý kiến nhân dân về việc xây dựng chính phủ riêng vào năm nào?,,,False,True,1,1.0,1.0,4.621691703796387,3.59157657623291,-4.621691703796387,CORRECT_NO_ANSWER
0006-0011-0005,Puerto Rico có quyền tham khảo ý kiến nhân dân về việc xây dựng hiến pháp riêng vào năm nào?,Năm 1950,,True,True,0,0.0,1.0,1.9914765357971191,5.621686935424805,-1.9914765357971191,ANSWERABLE_PREDICTED_EMPTY
0006-0011-0006,Khi nào thì nhân dân Puerto có thể tự chọn ra hiến pháp riêng cho mình?,,,False,True,1,1.0,1.0,4.456974983215332,3.809560775756836,-4.456974983215332,CORRECT_NO_ANSWER
0006-0011-0007,Luis Munoz Marin được người dân bầu chọn làm vị trí nào?,thống đốc,thống đốc Munoz Marin,True,False,0,0.6666666666666666,1.0,-1.0010929107666016,8.709053039550781,1.0010929107666016,SPAN_TOO_LONG
0006-0011-0008,Bản hiến pháp đầu tiên của Mỹ lần đầu tiên được thông qua bời chính quyền Truman vào thời gian nào?,,,False,True,1,1.0,1.0,3.0093727111816406,4.8603715896606445,-3.0093727111816406,CORRECT_NO_ANSWER
0006-0012-0001,Tại sao Puerto Rico không được Mỹ ủy quyền?,,Quốc hội Hoa Kỳ,False,False,0,0.0,1.0,-0.029321670532226562,8.20919418334961,0.029321670532226562,UNANSWERABLE_FALSE_POSITIVE
0006-0012-0002,Lãnh đạo của nhánh hành pháp là ai?,Anibal Acevedo Vila,,True,True,0,0.0,1.0,2.683480739593506,5.562855243682861,-2.683480739593506,ANSWERABLE_PREDICTED_EMPTY
0006-0012-0003,Có bao nhiêu nhánh trong hệ thống tam quyền phân lập ở Hoa Kỳ?,,"hệ thống tam quyền phân lập gồm ba nhánh: lập pháp, hành pháp và tư pháp",False,False,0,0.0,1.0,-1.2301750183105469,8.520087242126465,1.2301750183105469,UNANSWERABLE_FALSE_POSITIVE
0006-0012-0004,Đâu là một khu vực còn độc lập về chính trị của nhà nước Puerto Rico?,,,False,True,1,1.0,1.0,4.096828460693359,4.327409744262695,-4.096828460693359,CORRECT_NO_ANSWER
0006-0012-0005,Người có quyền hạn cao nhất tại Puerto Rico là ai?,tổng thống Mỹ,,True,True,0,0.0,1.0,3.5235724449157715,4.8761820793151855,-3.5235724449157715,ANSWERABLE_PREDICTED_EMPTY
0006-0012-0006,Có bao nhiêu nhánh trong hệ thống tam quyền phân lập ở Peurto Rico?,ba nhánh,"hệ thống tam quyền phân lập gồm ba nhánh: lập pháp, hành pháp và tư pháp",True,False,0,0.2222222222222222,1.0,-0.4055452346801758,8.18480396270752,0.4055452346801758,SPAN_TOO_LONG
0006-0012-0007,Tại sao Puerto Rico không được Mỹ bảo vệ tòan diện?,không phải là một tiểu bang của Hoa Kỳ,Puerto Rico thiếu sự bảo vệ tòan phần từ Hiến pháp Hoa Kỳ vì không phải là một tiểu bang của Hoa Kỳ,True,False,0,0.5625,1.0,0.6947293281555176,7.3273844718933105,-0.6947293281555176,SPAN_TOO_LONG
0006-0012-0008,Đâu là một khu vực còn đôc lập về chính trị của Mỹ?,Puerto Rico,,True,True,0,0.0,1.0,3.9566478729248047,4.444969177246094,-3.9566478729248047,ANSWERABLE_PREDICTED_EMPTY
0006-0012-0009,Chủ tịch của nhánh hành pháp là ai?,,,False,True,1,1.0,1.0,2.34307861328125,5.8422698974609375,-2.34307861328125,CORRECT_NO_ANSWER
0006-0013-0001,Phe nào muốn Hoa Kỳ trở thành một nước tự trị?,,,False,True,1,1.0,1.0,3.8660783767700195,4.6287946701049805,-3.8660783767700195,CORRECT_NO_ANSWER
0006-0013-0002,Chủ trương của phe PPD là gì?,duy trì hiện trạng Puerto Rico với vai trò hiện nay là một lãnh thổ thịnh vượng chung thuộc Hoa Kỳ,,True,True,0,0.0,1.0,3.9860849380493164,4.590673446655273,-3.9860849380493164,ANSWERABLE_PREDICTED_EMPTY
0006-0013-0003,Tình hình chính trị của Hoa Kỳ kể từ năm 1952 bị chia thành bao nhiêu phe chính?,,,False,True,1,1.0,1.0,5.382269620895386,3.2856810092926025,-5.382269620895386,CORRECT_NO_ANSWER
0006-0013-0004,Phe nào muốn Puerto Rico trở thành một nước tự trị?,Đảng Độc lập Puerto Rico (PIP),,True,True,0,0.0,1.0,3.510263442993164,4.945860862731934,-3.510263442993164,ANSWERABLE_PREDICTED_EMPTY
0006-0013-0005,Phe nào muốn lãnh thổ được sáp nhập vào Puerto Rico?,,,False,True,1,1.0,1.0,3.9197592735290527,4.61266565322876,-3.9197592735290527,CORRECT_NO_ANSWER
0006-0013-0006,Dù có nhiều xu hướng khác nhau nhưng lựa chọn Hoa Kỳ là gì?,,,False,True,1,1.0,1.0,6.228774785995483,2.4511663913726807,-6.228774785995483,CORRECT_NO_ANSWER
0006-0013-0007,Phe nào muốn lãnh thổ được sáp nhập vào Mỹ?,Đảng Cấp tiến Mới Puerto Rico (PNP),,True,True,0,0.0,1.0,4.349237442016602,4.171930313110352,-4.349237442016602,ANSWERABLE_PREDICTED_EMPTY
0006-0013-0008,Tình hình chính trị của Puerto Rico kể từ năm 1952 bị chia thành bao nhiêu phe chính?,3 đảng phái chính,,True,True,0,0.0,1.0,5.434668779373169,3.2374465465545654,-5.434668779373169,ANSWERABLE_PREDICTED_EMPTY
0006-0013-0009,Dù có nhiều xu hướng khác nhau nhưng lựa chọn của đa số người dân là gì?,giữ nguyên hiện trạng chính trị,,True,True,0,0.0,1.0,5.939187049865723,2.7270116806030273,-5.939187049865723,ANSWERABLE_PREDICTED_EMPTY
0006-0014-0001,Khu vực có khí hậu mát mẻ nhất miền nam là ở đâu?,,,False,True,1,1.0,1.0,3.1894121170043945,5.15846061706543,-3.1894121170043945,CORRECT_NO_ANSWER
0006-0014-0002,Đặc điểm khí hậu của Puerto Rico là gì?,ấm áp quanh năm,,True,True,0,0.0,1.0,4.313262462615967,4.113626956939697,-4.313262462615967,ANSWERABLE_PREDICTED_EMPTY
0006-0014-0003,Khu vực có khí hậu mát mẻ nhất lãnh thổ là ở đâu?,vùng cao nguyên và đồi núi,,True,True,0,0.0,1.0,2.8706140518188477,5.408872604370117,-2.8706140518188477,ANSWERABLE_PREDICTED_EMPTY
0006-0014-0004,Phần lớn lượng nước mưa ở miền Nam bắt nguồn từ đâu?,,,False,True,1,1.0,1.0,4.303991317749023,4.301752090454102,-4.303991317749023,CORRECT_NO_ANSWER
0006-0014-0005,Biên độ nhiệt trong năm của Puerto Rico như thế nào?,khỏang 26 °C (80 °F),,True,True,0,0.0,1.0,3.535658836364746,4.920411109924316,-3.535658836364746,ANSWERABLE_PREDICTED_EMPTY
0006-0014-0006,Đặc điểm khí hậu của Đại Tây Dương là gì?,,,False,True,1,1.0,1.0,4.718832969665527,3.7348451614379883,-4.718832969665527,CORRECT_NO_ANSWER
0006-0014-0007,Puerto Rico có kiểu khí hậu gì?,khí hậu nhiệt đới,,True,True,0,0.0,1.0,4.476635932922363,4.033527374267578,-4.476635932922363,ANSWERABLE_PREDICTED_EMPTY
0006-0014-0008,Phần lớn lượng nước mưa ở lãnh thổ bắt nguồn từ đâu?,những cơn bão từ Đại Tây Dương,,True,True,0,0.0,1.0,4.244162559509277,4.262423515319824,-4.244162559509277,ANSWERABLE_PREDICTED_EMPTY
0006-0015-0001,Thành tựu của Puerto Rico sau những nỗ lực phát triển là gì?,hiện là một trong các nước có thu nhập bình quân đầu người cao nhất châu Mỹ,,True,True,0,0.0,1.0,6.298259735107422,2.4065113067626953,-6.298259735107422,ANSWERABLE_PREDICTED_EMPTY
0006-0015-0002,Một trong những trở ngại khó khăn nhất với nền kinh tế của Puerto Rico trong giai đọan đầu là gì?,cuộc Đại Khủng hỏang 1929 từ nước Mỹ,,True,True,0,0.0,1.0,6.223792791366577,2.5446646213531494,-6.223792791366577,ANSWERABLE_PREDICTED_EMPTY
0006-0015-0003,Điều kiện thuận lợi nào giúp Puerto Rico vươn lên nhanh chóng?,được chính phủ Mỹ miễn thuế,,True,True,0,0.0,1.0,5.93028712272644,2.6677334308624268,-5.93028712272644,ANSWERABLE_PREDICTED_EMPTY
0006-0015-0004,Ngành gì chiếm vị trí quan trọng trong kinh tế của Puerto Rico từ thế kỉ XX trở về trước?,ngành trồng và xuất khẩu mía đường,,True,True,0,0.0,1.0,4.7370123863220215,4.009291172027588,-4.7370123863220215,ANSWERABLE_PREDICTED_EMPTY
0006-0015-0005,Kinh tế Puerto Rico chuyến biến kinh ngạc từ nông nghiệp sang công nghiệp vào thời gian nào?,thập niên 1940,,True,True,0,0.0,1.0,1.94561767578125,6.479724884033203,-1.94561767578125,ANSWERABLE_PREDICTED_EMPTY
0006-0016-0001,Điểm nào ở các nước Puerto Rico khác hấp dẫn các nhà đầu tư nước ngòai hơn Mỹ Latinh?,,,False,True,1,1.0,1.0,3.070258617401123,5.400454044342041,-3.070258617401123,CORRECT_NO_ANSWER
0006-0016-0002,Điều gì đã làm tê liệt chính phủ và hệ thống trường công của Puerto Rico năm 2006?,cuộc khủng hỏang ngân qũy trầm trọng,,True,True,0,0.0,1.0,4.124941349029541,4.3821120262146,-4.124941349029541,ANSWERABLE_PREDICTED_EMPTY
0006-0016-0003,Điểm nào ở các nước Mỹ Latinh khác hấp dẫn các nhà đầu tư nước ngòai hơn Puerto Rico?,giá nhân công rẻ,,True,True,0,0.0,1.0,3.1084165573120117,5.349099159240723,-3.1084165573120117,ANSWERABLE_PREDICTED_EMPTY
0006-0016-0004,Tại sao người dân Puerto Rico di cư sang các nước phát triển khác?,Tình trạng kinh tế khó khăn giữa các cuộc khủng hỏang kinh tế,,True,True,0,0.0,1.0,3.6054325103759766,4.933570861816406,-3.6054325103759766,ANSWERABLE_PREDICTED_EMPTY
0006-0016-0005,Tỉ lệ tăng trưởng kinh tế quốc dân của Puerto Rico tụt xuống mức âm vào năm nào?,năm 2007,,True,True,0,0.0,1.0,6.56897234916687,2.0339138507843018,-6.56897234916687,ANSWERABLE_PREDICTED_EMPTY
0006-0016-0006,Tỉ lệ tăng trưởng ngân qũy quốc dân của Puerto Rico tụt xuống mức âm vào năm nào?,,,False,True,1,1.0,1.0,5.917983531951904,2.6350483894348145,-5.917983531951904,CORRECT_NO_ANSWER
0006-0016-0007,Hậu quả để lại sau cuộc khủng hỏang ngân qũy ở Puerto Rico năm 2006 là gì?,gần 96 000 người bị cho nghỉ việ,"nhiều cơ quan chính phủ và 1536 trường công phải đóng cửa, gần 96 000 người bị cho nghỉ việc",True,False,0,0.4999999999999999,1.0,0.7137336730957031,7.599723815917969,-0.7137336730957031,SPAN_TOO_LONG
0006-0016-0008,Hậu quả để lại sau cuộc khủng hỏang kinh tế ở Puerto Rico năm 2006 là gì?,,,False,True,1,1.0,1.0,4.998164653778076,3.5168099403381348,-4.998164653778076,CORRECT_NO_ANSWER
0006-0017-0001,Để khai thác tối ta tiềm năng du lịch thì chính quyền đã đầu tư xây dựng những công trình gì?,"Nhiều khách sạn, các khu nghỉ dưỡng, trung tâm hội thảo lớn",,True,True,0,0.0,1.0,4.268109321594238,4.334877967834473,-4.268109321594238,ANSWERABLE_PREDICTED_EMPTY
0006-0017-0002,Các ngành công nghiệp trọng điểm của Puerto Rico là gì?,"các ngành hóa dầu, dược phẩm và khoa học công nghệ",,True,True,0,0.0,1.0,2.335881233215332,6.088593482971191,-2.335881233215332,ANSWERABLE_PREDICTED_EMPTY
0006-0017-0003,Gần sáu triệu khách nước ngòai đến với Puerto Rico vào năm nào?,năm 2007,,True,True,0,0.0,1.0,2.5511789321899414,6.011839866638184,-2.5511789321899414,ANSWERABLE_PREDICTED_EMPTY
0006-0017-0004,Ngành nào có tỉ trọng thấp nhất trong cơ cấu kinh tế Puerto Rico?,nông nghiệp,,True,True,0,0.0,1.0,2.433051586151123,6.028634548187256,-2.433051586151123,ANSWERABLE_PREDICTED_EMPTY
0006-0017-0005,Hiện tại ngành nào chiếm vai trò lớn trong nông nghiệp?,ngành chăn nuôi lấy sản phẩm từ thịt và sữa,,True,True,0,0.0,1.0,2.7841620445251465,5.754299640655518,-2.7841620445251465,ANSWERABLE_PREDICTED_EMPTY
0006-0017-0006,Các ngành kinh tế trọng điểm của Puerto Rico là gì?,,,False,True,1,1.0,1.0,2.3591604232788086,6.077801704406738,-2.3591604232788086,CORRECT_NO_ANSWER
0006-0018-0001,Cơ quan nào đưa Cuba vào những nước có thu nhập trung bình trên đầu người cao?,,,False,True,1,1.0,1.0,4.303596496582031,4.117921829223633,-4.303596496582031,CORRECT_NO_ANSWER
0006-0018-0002,Chỉ số HDI của Puerto Rico đạt bao nhiêu điểm vào năm 1998?,"0,942 điểm",Chỉ số Phát triển Con người của Puerto Rico,True,False,0,0.0,1.0,0.2965869903564453,7.53176212310791,-0.2965869903564453,WRONG_SPAN
0006-0018-0003,"Năm 2007, một người lao động Puerto Rico làm ra bao nhiêu tiền?",19.600 USD,,True,True,0,0.0,1.0,4.7771172523498535,3.7497878074645996,-4.7771172523498535,ANSWERABLE_PREDICTED_EMPTY
0006-0018-0004,Số người trong độ tuổi lao động không có việc làm ở Puerto Rico chiếm bao nhiêu phần trăm?,"11,7%",,True,True,0,0.0,1.0,6.07785177230835,2.4658055305480957,-6.07785177230835,ANSWERABLE_PREDICTED_EMPTY
0006-0018-0005,"Bên cạnh Puerto Rico, hai nước có kinh tế phát triển nhất khu vực Caribeann là gì?",Cuba và Cộng hòa Dominicana,,True,True,0,0.0,1.0,4.964146137237549,3.6804375648498535,-4.964146137237549,ANSWERABLE_PREDICTED_EMPTY
0006-0018-0006,Cơ quan nào đưa Puerto Rico vào những nước có thu nhập trung bình trên đầu người cao?,Ngân hàng Thế giới,,True,True,0,0.0,1.0,3.3518190383911133,5.069463729858398,-3.3518190383911133,ANSWERABLE_PREDICTED_EMPTY
0006-0018-0007,Chỉ số HDI của Mỹ đạt bao nhiêu điểm vào năm 1998?,,Chỉ số Phát triển Con người của Puerto Rico,False,False,0,0.0,1.0,0.4643826484680176,7.474451065063477,-0.4643826484680176,UNANSWERABLE_FALSE_POSITIVE
0006-0018-0008,Số người có thu nhập bình quân cao ở Puerto Rico chiếm bao nhiêu phần trăm?,,Puerto Rico vào nhóm các nước có thu nhập bình quân cao,False,False,0,0.0,1.0,1.367361068725586,6.916664123535156,-1.367361068725586,UNANSWERABLE_FALSE_POSITIVE
0006-0019-0001,"Ngòai người bản địa và người da trắng nhập cư, Puerto Rico còn có chủng tộc nào?",Người da đen,Chủ yếu người da trắng tại Puerto Rico có tổ tiên là người Tây Ban Nha,True,False,0,0.21052631578947367,1.0,1.3818836212158203,7.0364837646484375,-1.3818836212158203,SPAN_TOO_LONG
0006-0019-0002,Ai là người bản địa ở Puerto Rico?,người da đỏ châu Mỹ,,True,True,0,0.0,1.0,3.576714515686035,5.00430965423584,-3.576714515686035,ANSWERABLE_PREDICTED_EMPTY
0006-0019-0003,Tại sao nhiều người tràn vào Puerto Rico?,để được cấp đất,,True,True,0,0.0,1.0,4.22123384475708,4.34442663192749,-4.22123384475708,ANSWERABLE_PREDICTED_EMPTY
0006-0019-0004,Dân số của Puerto Rico tăng vọt nhanh chóng kể từ khi nào?,Thế kỉ 19,,True,True,0,0.0,1.0,3.863529682159424,4.7339606285095215,-3.863529682159424,ANSWERABLE_PREDICTED_EMPTY
0006-0019-0005,Nguồn gốc của đa số người da trắng sinh sống ở Puerto Rico là gì?,người Tây Ban Nha,Chủ yếu người da trắng tại Puerto Rico có tổ tiên là người Tây Ban Nha,True,False,0,0.4,1.0,1.376424789428711,7.272283554077148,-1.376424789428711,SPAN_TOO_LONG
0006-0019-0006,Nguồn gốc của đa số người da trắng sinh sống ở Đức là gì?,,,False,True,1,1.0,1.0,3.3742380142211914,5.364580154418945,-3.3742380142211914,CORRECT_NO_ANSWER
0006-0019-0007,Ai là người bản địa ở Mỹ?,,,False,True,1,1.0,1.0,3.3542957305908203,5.299189567565918,-3.3542957305908203,CORRECT_NO_ANSWER
0006-0020-0001,Mỹ ủng hô người dân Puerto Rico theo tôn giáo nào?,Đạo Tin lành,Đạo Tin lành,True,False,1,1.0,1.0,1.5312285423278809,6.864173412322998,-1.5312285423278809,CORRECT
0006-0020-0002,Đạo Tin lành không được khuyến khích và truyền bá rộng rãi ở Tây Ban Nha vào thời gian nào?,,Đạo Tin lành bị đàn áp nhưng lại được khuyến khích khi gia nhập nước Mỹ,False,False,0,0.0,1.0,-1.1333656311035156,8.998760223388672,1.1333656311035156,UNANSWERABLE_FALSE_POSITIVE
0006-0020-0003,Mỹ ủng hô người dân Tây Ban Nha theo tôn giáo nào?,,Đạo Tin lành,False,False,0,0.0,1.0,-0.7165508270263672,8.80411434173584,0.7165508270263672,UNANSWERABLE_FALSE_POSITIVE
0006-0020-0004,Những nhà thờ tôn giáo bản địa Rôma được gọi là gì?,,,False,True,1,1.0,1.0,5.494508266448975,3.1474108695983887,-5.494508266448975,CORRECT_NO_ANSWER
0006-0020-0005,Tôn giáo có lịch sử dài nhất ở Puerto Rico là gì?,Công giáo Rôma,,True,True,0,0.0,1.0,2.098034381866455,6.4033074378967285,-2.098034381866455,ANSWERABLE_PREDICTED_EMPTY
0006-0020-0006,Đạo Tin lành không được khuyến khích và truyền bá rộng rãi ở Puerto Rico vào thời gian nào?,Dưới sự cai trị của người Tây Ban Nha,Đạo Tin lành bị đàn áp nhưng lại được khuyến khích khi gia nhập nước Mỹ,True,False,0,0.0,1.0,-0.01927947998046875,8.308398246765137,0.01927947998046875,WRONG_SPAN
0006-0020-0007,Hiện tại vị trí của Công giáo Rôma ở Puerto Rico là gì?,tôn giáo chủ yếu,,True,True,0,0.0,1.0,5.8609631061553955,2.7858474254608154,-5.8609631061553955,ANSWERABLE_PREDICTED_EMPTY
0006-0020-0008,Những nhà thờ Công giáo Rôma dược gọi là gì?,plaza,,True,True,0,0.0,1.0,6.269527435302734,2.4144153594970703,-6.269527435302734,ANSWERABLE_PREDICTED_EMPTY
0006-0021-0001,Dân tộc nào hiện tại chỉ chiếm một phần ít tổng số dân của Châu Phi?,,,False,True,1,1.0,1.0,3.2813806533813477,5.6836700439453125,-3.2813806533813477,CORRECT_NO_ANSWER
0006-0021-0002,Những nhà cầm quyền Hoa Kì đã xây dựng gì tại Peurto Rico vào năm 1903?,Trường Đại học Puerto Rico,,True,True,0,0.0,1.0,3.7148585319519043,5.2892746925354,-3.7148585319519043,ANSWERABLE_PREDICTED_EMPTY
0006-0021-0003,Thiên chúa giáo được ai du nhập vào Puerto Rico?,Người Tây Ban Nha,,True,True,0,0.0,1.0,3.9120359420776367,5.013298034667969,-3.9120359420776367,ANSWERABLE_PREDICTED_EMPTY
0006-0021-0004,Dân tộc nào hiện tại chỉ chiếm một phần ít tổng số dân của Puerto Rico?,Người Taino,,True,True,0,0.0,1.0,1.983938217163086,6.9765729904174805,-1.983938217163086,ANSWERABLE_PREDICTED_EMPTY
0006-0021-0005,Bomba và plena là những lọai hình điện ảnh đặc trưng của ai?,,Người da đen gốc châu Phi,False,False,0,0.0,1.0,-4.379671096801758,10.851146697998047,4.379671096801758,UNANSWERABLE_FALSE_POSITIVE
0006-0021-0006,Bomba và plena là những lọai hình âm nhạc ca múa đặc trưng của ai?,Người da đen gốc châu Phi,Người da đen gốc châu Phi,True,False,1,1.0,1.0,-5.738429069519043,10.922536849975586,5.738429069519043,CORRECT
0006-0021-0007,Văn hóa Puerto Rico là kết hợp của những dòng văn hóa nào?,"văn hóa Taino bản địa, văn hóa Tây Ban Nha, văn hóa Châu Phi và văn hóa Mỹ","văn hóa Taino bản địa, văn hóa Tây Ban Nha, văn hóa Châu Phi và văn hóa Mỹ",True,False,1,1.0,1.0,-2.755362033843994,10.615923881530762,2.755362033843994,CORRECT
0006-0021-0008,Thiên chúa giáo được ai du nhập vào Châu Phi?,,,False,True,1,1.0,1.0,4.334746360778809,4.624319076538086,-4.334746360778809,CORRECT_NO_ANSWER
0006-0022-0001,Vận động viên Caribbean đầu tiên giành được huy chương tại Thế vận hội là ai?,,,False,True,1,1.0,1.0,2.2116942405700684,5.958364963531494,-2.2116942405700684,CORRECT_NO_ANSWER
0006-0022-0002,Thành tích mà Puerto Rico đạt được qua các kì Olympic là gì?,"6 huy chương (1 bạc, 5 đồng)",,True,True,0,0.0,1.0,3.566967010498047,4.919961929321289,-3.566967010498047,ANSWERABLE_PREDICTED_EMPTY
0006-0022-0003,Thành tích mà Trung Mỹ đạt được qua các kì Olympic là gì?,,,False,True,1,1.0,1.0,3.1531476974487305,5.344450950622559,-3.1531476974487305,CORRECT_NO_ANSWER
0006-0022-0004,Giải bóng chày Trung Mỹ diễn ra vào thời gian nào trong năm?,,"Thế vận hội Mùa hè, Thế vận hội Mùa đông, Đại hội Thể thao châu Mỹ (Pan American Games), Đại hội Thể thao Trung Mỹ và Caribbean",False,False,0,0.0,1.0,1.4386224746704102,6.980866432189941,-1.4386224746704102,UNANSWERABLE_FALSE_POSITIVE
0006-0022-0005,Vận động viên Puerto Rico đầu tiên giành được huy chương tại Thế vận hội là ai?,Juan Evangelista Venegas,,True,True,0,0.0,1.0,2.089320659637451,6.087173938751221,-2.089320659637451,ANSWERABLE_PREDICTED_EMPTY
0006-0022-0006,Lọai hình thể thao nào chiếm vị trí thứ nhất ở Puerto Rico?,Bóng chày,,True,True,0,0.0,1.0,1.840963363647461,6.664493560791016,-1.840963363647461,ANSWERABLE_PREDICTED_EMPTY
0006-0022-0007,Giải bóng chày Puerto Rico diễn ra vào thời gian nào trong năm?,mùa đông,,True,True,0,0.0,1.0,3.3009839057922363,5.185094356536865,-3.3009839057922363,ANSWERABLE_PREDICTED_EMPTY
0006-0022-0008,Lọai hình thể thao nào chiếm vị trí thứ nhất ở châu Mỹ?,,,False,True,1,1.0,1.0,3.311039924621582,5.224613189697266,-3.311039924621582,CORRECT_NO_ANSWER
0006-0022-0009,Chiếc huy chương đầu tiên mà châu Mỹ đạt được nằm ở bộ môn nào?,,,False,True,1,1.0,1.0,2.3730297088623047,5.953174591064453,-2.3730297088623047,CORRECT_NO_ANSWER
0006-0022-0010,Chiếc huy chương đầu tiên mà Puerto Rico đạt được nằm ở bộ môn nào?,môn quyền anh,,True,True,0,0.0,1.0,3.0018553733825684,5.4027485847473145,-3.0018553733825684,ANSWERABLE_PREDICTED_EMPTY
0007-0001-0001,Ai giành độc lập cho Abkhazia?,,,False,True,1,1.0,1.0,2.8631601333618164,5.567330360412598,-2.8631601333618164,CORRECT_NO_ANSWER
0007-0001-0002,Điều gì dẫn đến chiến tranh Nam Abkhazia?,,,False,True,1,1.0,1.0,3.1449899673461914,5.439446449279785,-3.1449899673461914,CORRECT_NO_ANSWER
0007-0001-0003,Điều gì dẫn đến chiến tranh Nam Ossetia?,Chính phủ Gruzia phản ứng lại bằng cách bãi bỏ quyền tự trị của Nam Ossetia và cố gắng chiếm lại khu vực bằng vũ lực,,True,True,0,0.0,1.0,3.427499294281006,5.151400089263916,-3.427499294281006,ANSWERABLE_PREDICTED_EMPTY
0007-0001-0004,Nam Ossetia thuộc vùng nào?,Nam Kavkaz,Nam Ossetia,True,False,0,0.5,1.0,1.771657943725586,6.596590042114258,-1.771657943725586,PARTIAL_SPAN
0007-0001-0005,Ai công nhận độc lập cho Abkhazia?,Nga,Nga công nhận độc lập cho Nam Ossetia và Abkhazia,True,False,0,0.18181818181818182,1.0,0.49721336364746094,7.72126579284668,-0.49721336364746094,SPAN_TOO_LONG
0007-0001-0006,Nguyên nhân nào đã gây ra chiến tranh Nam Ossetia vào đầu những năm 90?,Chính phủ Gruzia phản ứng lại bằng cách bãi bỏ quyền tự trị của Nam Ossetia và cố gắng chiếm lại khu vực bằng vũ lực,,True,True,0,0.0,1.0,2.9405994415283203,5.6855926513671875,-2.9405994415283203,ANSWERABLE_PREDICTED_EMPTY
0007-0001-0007,Abkhazia có đặc điểm gì nổi bật về chính trị?,,,False,True,1,1.0,1.0,2.3441972732543945,6.243136405944824,-2.3441972732543945,CORRECT_NO_ANSWER
0007-0001-0008,Nam Ossetia có đặc điểm gì nổi bật về chính trị?,Cộng hòa Xã hội chủ nghĩa Xô viết Gruzia,,True,True,0,0.0,1.0,1.9672603607177734,6.517949104309082,-1.9672603607177734,ANSWERABLE_PREDICTED_EMPTY
0007-0001-0009,Nam Ossetia giành được độc lập khi nào?,đầu thập niên 1990,,True,True,0,0.0,1.0,2.7940731048583984,5.679838180541992,-2.7940731048583984,ANSWERABLE_PREDICTED_EMPTY
0007-0002-0001,AI đứng đầu chính quyền trung ương lâm thời?,,,False,True,1,1.0,1.0,3.556142807006836,5.045526504516602,-3.556142807006836,CORRECT_NO_ANSWER
0007-0002-0002,Những nước nào công nhận Nam Ossetia là một quốc gia?,"Nga, Venezuela, Nicaragua, và Nauru",,True,True,0,0.0,1.0,2.5542068481445312,6.046167373657227,-2.5542068481445312,ANSWERABLE_PREDICTED_EMPTY
0007-0002-0003,Gruzia lập một cơ quan hành chính vào khi nào?,tháng 4 năm 2007,Cơ quan hành chính lâm thời thực thể Nam Ossetia,True,False,0,0.0,1.0,1.3292813301086426,6.7642645835876465,-1.3292813301086426,WRONG_SPAN
0007-0002-0004,Nam Ossetia lập một cơ quan hành chính vào khi nào?,,Cơ quan hành chính lâm thời,False,False,0,0.0,1.0,0.967494010925293,7.052920341491699,-0.967494010925293,UNANSWERABLE_FALSE_POSITIVE
0007-0002-0005,AI đứng đầu cơ quan hành chính lâm thời?,các thành viên cũ của chính phủ ly khai,,True,True,0,0.0,1.0,1.8592185974121094,6.474498748779297,-1.8592185974121094,ANSWERABLE_PREDICTED_EMPTY
0007-0002-0006,"Trên thực tế, Nauru thuộc chủ quyền quốc gia nào?",,,False,True,1,1.0,1.0,5.6224095821380615,3.168253183364868,-5.6224095821380615,CORRECT_NO_ANSWER
0007-0002-0007,Bốn quốc gia nào không xem Nam Ossetia là một phần lãnh thổ của Gruzia?,"Nga, Venezuela, Nicaragua, và Nauru","189 trên tổng số 193 quốc gia thành viên của Liên Hiệp Quốc (ngọai trừ Nga, Venezuela, Nicaragua, và Nauru) không công nhận Nam Ossetia",True,False,0,0.33333333333333337,1.0,1.2767143249511719,7.171935081481934,-1.2767143249511719,SPAN_TOO_LONG
0007-0002-0008,"Trên thực tế, Nam Ossetia thuộc chủ quyền quốc gia nào?",Gruzia,,True,True,0,0.0,1.0,5.793273687362671,2.9490721225738525,-5.793273687362671,ANSWERABLE_PREDICTED_EMPTY
0007-0002-0009,Tại sao Gruzia lại lập ra cơ quan hành chính lâm thời?,có thể đàm phán với các chính quyền trung ương Gruzia về tình trạng cuối cùng của vùng cũng như giải pháp cho cuộc xung đột,"Gruzia vẫn giữ quyền kiểm sóat với các khu vực phía đông và phía nam của vùng này, nơi mà vào tháng 4 năm 2007, họ đã lập ra một Cơ quan hành chính lâm thời thực thể Nam Ossetia",True,False,0,0.24242424242424246,1.0,1.195450782775879,7.0763444900512695,-1.195450782775879,SPAN_TOO_LONG
0007-0003-0001,Nam Ossetia thực tế được quản lí bởi ai?,Gruzia,,True,True,0,0.0,1.0,2.435673236846924,6.137004375457764,-2.435673236846924,ANSWERABLE_PREDICTED_EMPTY
0007-0003-0002,Tại sao các hiệp hội quốc tế không công nhận cuộc trưng cầu dân ý của Nam Ossetia?,thiếu sự tham gia của cộng đồng người Gruzia và cũng không được chính phủ tại Tbilisi công nhận,,True,True,0,0.0,1.0,3.4179697036743164,5.233881950378418,-3.4179697036743164,ANSWERABLE_PREDICTED_EMPTY
0007-0003-0003,Cuộc dân ý đầu tiên ở Nam Ossetia là khi nào?,ngày 12 tháng 11 năm 2006,cuộc trưng cầu dân ý đầu tiên vào năm 1992,True,False,0,0.125,1.0,0.5214376449584961,7.772853851318359,-0.5214376449584961,SPAN_TOO_LONG
0007-0003-0004,Liên hiệp quốc là cơ quan nào?,,cuộc trưng cầu dân ý,False,False,0,0.0,1.0,1.232344627380371,7.342354774475098,-1.232344627380371,UNANSWERABLE_FALSE_POSITIVE
0007-0003-0005,NATO là cơ quan nào?,Tổ chức Hiệp ước Bắc Đại Tây Dương,,True,True,0,0.0,1.0,3.028529644012451,5.551535129547119,-3.028529644012451,ANSWERABLE_PREDICTED_EMPTY
0007-0003-0006,Tại sao các hiệp hội quốc tế không công nhận cuộc trưng cầu dân ý của Kokoity?,,,False,True,1,1.0,1.0,3.0615086555480957,5.536734104156494,-3.0615086555480957,CORRECT_NO_ANSWER
0007-0003-0007,Nam Ossetia được ai lãnh đạo vào năm 2007?,Dmitri Sanakoev,,True,True,0,0.0,1.0,3.579927444458008,4.890395164489746,-3.579927444458008,ANSWERABLE_PREDICTED_EMPTY
0007-0003-0008,Phe đối lập Ossetia đã bầu ai làm thủ lĩnh đứng đầu?,Dmitri Sanakoev,,True,True,0,0.0,1.0,3.175042152404785,5.455731391906738,-3.175042152404785,ANSWERABLE_PREDICTED_EMPTY
0007-0004-0001,Vùng đết Iron sau năm 1767 được thống trị bởi quốc gia nào?,Nga,Bắc Ossetia,True,False,0,0.0,1.0,-2.0371766090393066,9.133947372436523,2.0371766090393066,WRONG_SPAN
0007-0004-0002,Người ở Gruzia theo đạo giáo nào?,,,False,True,1,1.0,1.0,1.9221839904785156,6.594425201416016,-1.9221839904785156,CORRECT_NO_ANSWER
0007-0004-0003,Người Ossetia bắt nguồn từ tộc nào?,Sarmatia,,True,True,0,0.0,1.0,5.383353233337402,3.338046073913574,-5.383353233337402,ANSWERABLE_PREDICTED_EMPTY
0007-0004-0004,Cuộc di cư đã thành lập ra bao nhiêu lãnh thổ?,ba,,True,True,0,0.0,1.0,5.005619764328003,3.7164604663848877,-5.005619764328003,ANSWERABLE_PREDICTED_EMPTY
0007-0004-0005,Người Mông Cổ hiện nay chủ yếu theo đạo gì?,,,False,True,1,1.0,1.0,2.4251976013183594,6.116228103637695,-2.4251976013183594,CORRECT_NO_ANSWER
0007-0004-0006,Người ở Digor theo đạo giáo nào?,Đạo Hồi,Đạo Hồi,True,False,1,1.0,1.0,-1.213693618774414,8.71776008605957,1.213693618774414,CORRECT
0007-0004-0007,Người Kavkaz phải di cư đến đâu trong thời kỳ cai trị của Mông Cổ?,,"họ bị đẩy khỏi quê hương và phải di cư về phía nam sông Đông tại vùng ngày nay thuộc nước Nga và một phần phải di cư về phía vùng đồi núi Kavkaz, tới Gruzia",False,False,0,0.0,1.0,1.3865108489990234,7.046283721923828,-1.3865108489990234,UNANSWERABLE_FALSE_POSITIVE
0007-0004-0008,Người Ossetia hiện nay chủ yếu theo đạo gì?,Thiên chúa giáo,,True,True,0,0.0,1.0,1.8074264526367188,6.528003692626953,-1.8074264526367188,ANSWERABLE_PREDICTED_EMPTY
0007-0004-0009,Người Ossetia phải di cư đến đâu trong thời kỳ cai trị của Mông Cổ?,phía nam sông Đông,"họ bị đẩy khỏi quê hương và phải di cư về phía nam sông Đông tại vùng ngày nay thuộc nước Nga và một phần phải di cư về phía vùng đồi núi Kavkaz, tới Gruzia",True,False,0,0.19999999999999998,1.0,1.2208962440490723,7.2648234367370605,-1.2208962440490723,SPAN_TOO_LONG
0007-0005-0001,Kết quả cuối cùng của Nam Ossetia là gì?,Nam Ossetia trở thành một phần của nước Cộng hòa Dân chủ Gruzia Menshevik,,True,True,0,0.0,1.0,4.8133018016815186,3.873936891555786,-4.8133018016815186,ANSWERABLE_PREDICTED_EMPTY
0007-0005-0002,Nam Ossetia từng bị sáp nhập vào đâu?,Nga,,True,True,0,0.0,1.0,3.964357852935791,4.674609661102295,-3.964357852935791,ANSWERABLE_PREDICTED_EMPTY
0007-0005-0003,Cộng hòa Xô viết Terek thành lập từ phần nào của Ossetia?,miền bắc,miền bắc,True,False,1,1.0,1.0,-2.11993408203125,9.22170639038086,2.11993408203125,CORRECT
0007-0005-0004,Ai đã giết hại 5.000 người Ossetia?,người dân Ossetia hợp tác với những người Bolshevik,,True,True,0,0.0,1.0,2.4617080688476562,5.686695098876953,-2.4617080688476562,ANSWERABLE_PREDICTED_EMPTY
0007-0005-0005,Người dân Ossetia bị buộc tội như thế nào bởi Đế quốc Nga?,,người dân Ossetia hợp tác với những người Bolshevik,False,False,0,0.0,1.0,0.37113237380981445,7.876208782196045,-0.37113237380981445,UNANSWERABLE_FALSE_POSITIVE
0007-0005-0006,Cộng hòa Xô viết Terek thành lập từ phần nào của Bolshevik?,,miền bắc,False,False,0,0.0,1.0,-1.1184778213500977,8.796636581420898,1.1184778213500977,UNANSWERABLE_FALSE_POSITIVE
0007-0005-0007,Người dân Ossetia bị buộc tội như thế nào bởi chính phủ?,hợp tác với những người Bolshevik,người dân Ossetia hợp tác với những người Bolshevik,True,False,0,0.8,1.0,-1.6577997207641602,9.102333068847656,1.6577997207641602,SPAN_TOO_LONG
0007-0005-0008,Bao nhiêu người Ossetia phải bị chết đói?,13.000,,True,True,0,0.0,1.0,4.521204948425293,4.031728744506836,-4.521204948425293,ANSWERABLE_PREDICTED_EMPTY
0007-0006-0001,Đặc điểm của quốc gia mới thành lập này là gì?,đầy đủ chủ quyền bên trong Liên bang các nước Cộng hòa Xã hội chủ nghĩa Xô viết,,True,True,0,0.0,1.0,4.2255730628967285,4.2793450355529785,-4.2255730628967285,ANSWERABLE_PREDICTED_EMPTY
0007-0006-0002,Đặc điểm của nghị viện mới thành lập này là gì?,,,False,True,1,1.0,1.0,4.282573223114014,4.348364353179932,-4.282573223114014,CORRECT_NO_ANSWER
0007-0006-0003,Tại sao chính phủ Gruzia lại xóa quyền tự trị của Ossetia?,Người dân Ossetia đã tẩy chay cuộc bầu cử nghị viện Gruzia sau đó và tổ chức cuộc bầu cử của riêng mình,Chính phủ Gruzia,True,False,0,0.07692307692307691,1.0,0.2626771926879883,7.615598201751709,-0.2626771926879883,SPAN_TOO_SHORT
0007-0006-0004,Cuộc bầu cử đầu tiên của người dân Ossetia diễn ra vào thời gian nào?,tháng 12,Người dân Ossetia đã tẩy chay cuộc bầu cử nghị viện Gruzia sau đó và tổ chức cuộc bầu cử của riêng mình vào tháng 12,True,False,0,0.14285714285714288,1.0,0.6108498573303223,7.427966594696045,-0.6108498573303223,SPAN_TOO_LONG
0007-0006-0005,Tại sao nghị viện Gruzia tuyên bố thành lập Cộng hòa Dân chủ Xô viết?,,Liên bang các nước Cộng hòa Xã hội chủ nghĩa Xô viết,False,False,0,0.0,1.0,0.7655477523803711,7.6670732498168945,-0.7655477523803711,UNANSWERABLE_FALSE_POSITIVE
0007-0006-0006,Cuộc bầu cử đầu tiên của người dân Gruzia diễn ra vào thời gian nào?,,cuộc bầu cử nghị viện Gruzia sau đó và tổ chức cuộc bầu cử của riêng mình vào tháng 12,False,False,0,0.0,1.0,0.6942038536071777,7.295471668243408,-0.6942038536071777,UNANSWERABLE_FALSE_POSITIVE
0007-0006-0007,Ossetia bị chính phủ Gruzia xóa bỏ quyền tự trị vào năm nào?,ngày 11 tháng 12 năm 1990,Chính phủ Gruzia dưới sự lãnh đạo của Zviad Gamsakhurdia đã tuyên bố cuộc bầu cử này là bất hợp pháp và xóa bỏ vị thế tự trị của nó vào ngày 11 tháng 12 năm 1990,True,False,0,0.27906976744186046,1.0,1.391057014465332,6.641448974609375,-1.391057014465332,SPAN_TOO_LONG
0007-0006-0008,Ossetia bị Ademon Nykhas xóa bỏ quyền tự trị vào năm nào?,,Chính phủ Gruzia dưới sự lãnh đạo của Zviad Gamsakhurdia đã tuyên bố cuộc bầu cử này là bất hợp pháp và xóa bỏ vị thế tự trị của nó vào ngày 11 tháng 12 năm 1990,False,False,0,0.0,1.0,1.363901138305664,6.604766845703125,-1.363901138305664,UNANSWERABLE_FALSE_POSITIVE
0007-0006-0009,Tại sao người Ossetia tuyên bố thành lập Cộng hòa Dân chủ Xô viết?,Xô viết Tối cao Gruzia đã thông qua một luật ngăn cấm các đảng khu vực vào mùa hè năm 1990,Liên bang các nước Cộng hòa Xã hội chủ nghĩa Xô viết,True,False,0,0.18181818181818182,1.0,0.6181988716125488,7.849877834320068,-0.6181988716125488,SPAN_TOO_SHORT
0007-0006-0010,Hành động nào bị người Ossentia coi là một động thái chớng lại Ademon Nykhas?,Xô viết Tối cao Gruzia đã thông qua một luật ngăn cấm các đảng khu vực vào mùa hè năm 1990,"người dân Ossetia tuyên bố thành lập Cộng hòa Dân chủ Xô viết, với đầy đủ chủ quyền bên trong Liên bang các nước Cộng hòa Xã hội chủ nghĩa Xô viết",True,False,0,0.11320754716981132,1.0,0.40051746368408203,7.591475486755371,-0.40051746368408203,SPAN_TOO_LONG
0007-0006-0011,Tại sao chính phủ Gruzia lại xóa quyền tự trị của Ademon Nykhas?,,Chính phủ Gruzia dưới sự lãnh đạo của Zviad Gamsakhurdia đã tuyên bố cuộc bầu cử này là bất hợp pháp,False,False,0,0.0,1.0,0.38685035705566406,7.48806095123291,-0.38685035705566406,UNANSWERABLE_FALSE_POSITIVE
0007-0007-0001,Đa số người dân Ossetia phải bỏ chạy đi đâu?,Bắc Ossetia,,True,True,0,0.0,1.0,2.817500114440918,5.587427139282227,-2.817500114440918,ANSWERABLE_PREDICTED_EMPTY
0007-0007-0002,Đa số người dân Gruzia phải bỏ chạy đi đâu?,,,False,True,1,1.0,1.0,2.8013200759887695,5.607605934143066,-2.8013200759887695,CORRECT_NO_ANSWER
0007-0007-0003,Nguyên nhân nào dẫn đến gần 1.000 người chết và khỏang 100.000 người Ossetia rời lãnh thổ Gruzia?,"Xung đột vũ trang bùng phát hồi cuối năm 1991 trong đó nhiều làng mạc Nam Ossetia đã bị tấn công và đốt phá tương tự như nhiều ngôi nhà và trường học của người Gruzia tại Tskhinvali, thủ đô của Nam Ossetia",xấp xỉ 1.000 người chết và khỏang 100.000 người Ossetia đã phải bỏ chạy khỏi lãnh thổ Gruzia,True,False,0,0.15873015873015872,1.0,1.1080803871154785,7.13455057144165,-1.1080803871154785,SPAN_TOO_SHORT
0007-0007-0004,Người Ingush đã bị Nam Ossetia trục xuất khỏi đâu?,,những vùng không có người sinh sống ở Bắc Ossetia,False,False,0,0.0,1.0,0.8163089752197266,6.943472385406494,-0.8163089752197266,UNANSWERABLE_FALSE_POSITIVE
0007-0007-0005,Tại sao lại có sự xung đột giữa người Ossetia và người Ingush?,Nhiều người dân Nam Ossetia đã tái định cư tại những vùng không có người sinh sống ở Bắc Ossetia,"người Ingush đã bị Stalin trục xuất năm 1944, dẫn tới những cuộc xung đột giữa người Ossetia và người Ingush về quyền sinh sống tại lãnh thổ cũ của người Ingush",True,False,0,0.3076923076923077,1.0,1.1115565299987793,6.804571151733398,-1.1115565299987793,SPAN_TOO_LONG
0007-0007-0006,Người Ingush đã bị Stalin trục xuất khỏi đâu?,Bắc Ossetia,những vùng không có người sinh sống ở Bắc Ossetia,True,False,0,0.33333333333333337,1.0,-0.5217552185058594,7.866506576538086,0.5217552185058594,SPAN_TOO_LONG
0007-0007-0007,Có bao nhiêu người chết trong cuộc xung đột vũ trang?,xấp xỉ 1.000 người,,True,True,0,0.0,1.0,3.0982718467712402,5.347752094268799,-3.0982718467712402,ANSWERABLE_PREDICTED_EMPTY
0007-0007-0008,Có bao nhiêu người bị thương trong cuộc xung đột vũ trang?,,,False,True,1,1.0,1.0,5.837770462036133,2.8225107192993164,-5.837770462036133,CORRECT_NO_ANSWER
0007-0007-0009,Xung đột của người Ingush năm 1991 đã tấn công vào đâu?,,,False,True,1,1.0,1.0,3.185364246368408,5.08478307723999,-3.185364246368408,CORRECT_NO_ANSWER
0007-0007-0010,Xung đột vũ trang năm 1991 đã tấn công vào đâu?,làng mạc Nam Ossetia,"nhiều làng mạc Nam Ossetia đã bị tấn công và đốt phá tương tự như nhiều ngôi nhà và trường học của người Gruzia tại Tskhinvali, thủ đô của Nam Ossetia",True,False,0,0.2285714285714286,1.0,1.617814064025879,6.699892997741699,-1.617814064025879,SPAN_TOO_LONG
0007-0008-0001,"Năm 1933, ai là tổng thống Liên Xô?",,,False,True,1,1.0,1.0,6.704758167266846,2.161756992340088,-6.704758167266846,CORRECT_NO_ANSWER
0007-0008-0002,Hoa Kỳ thiết lập ngọai giao với Gruzia vào năm nào?,,,False,True,1,1.0,1.0,1.8557472229003906,6.524559020996094,-1.8557472229003906,CORRECT_NO_ANSWER
0007-0008-0003,"Năm 1933, ai là tổng thống Mỹ?",Franklin D. Roosevelt,,True,True,0,0.0,1.0,6.839868545532227,2.0386486053466797,-6.839868545532227,ANSWERABLE_PREDICTED_EMPTY
0007-0008-0004,Chính phủ Hoa Kỳ công nhận các biên giới sau sự kiện gì?,Hiệp ước Molotov-Ribbentrop năm 1933,thời trước Hiệp ước Molotov-Ribbentrop năm 1933 của nước này,True,False,0,0.7058823529411764,1.0,-0.5947518348693848,8.409757614135742,0.5947518348693848,SPAN_TOO_LONG
0007-0008-0005,Chính phủ Liên Xô công nhận các biên giới sau sự kiện gì?,,Hiệp ước Molotov-Ribbentrop năm 1933 của nước này,False,False,0,0.0,1.0,1.2013607025146484,7.077150344848633,-1.2013607025146484,UNANSWERABLE_FALSE_POSITIVE
0007-0008-0006,"Tổng thống Mỹ nào xem các vấn đề liên quan tới các cuộc xung đột giành độc lập và lãnh thổ Gruzia, Armenia, Azerbaijan và một phần còn lại của Transcaucasus là vấn đề nội bộ của Liên bang Xô?",George H. W. Bush,chính quyền George H. W. Bush,True,False,0,0.8,1.0,-3.680997371673584,9.776342391967773,3.680997371673584,SPAN_TOO_LONG
0007-0008-0007,Chính quyền George H. W. Bush ủng hộ lập trường nào?,sự ly khai của các nước vùng Baltic,sự ly khai của các nước vùng Baltic,True,False,1,1.0,1.0,0.1383953094482422,7.84623384475708,-0.1383953094482422,CORRECT
0007-0008-0008,Những vấn đề nào là vấn đề nội bộ của Liên Xô?,"các cuộc xung đột giành độc lập và lãnh thổ của Gruzia, Armenia, Azerbaijan và phần còn lại của Transcaucasus","các vấn đề liên quan tới các cuộc xung đột giành độc lập và lãnh thổ của Gruzia, Armenia, Azerbaijan và phần còn lại của Transcaucasus",True,False,0,0.8695652173913044,1.0,-4.197216987609863,10.713340759277344,4.197216987609863,SPAN_TOO_LONG
0007-0008-0009,Hoa Kỳ thiết lập ngọai giao với Kremlin vào năm nào?,năm 1933,chính phủ Franklin D. Roosevelt đã thiết lập các quan hệ ngọai giao với Kremlin,True,False,0,0.0,1.0,0.903465747833252,7.447932720184326,-0.903465747833252,WRONG_SPAN
0007-0008-0010,Những vấn đề nào là vấn đề nội bộ của Hoa Kỳ?,,"các vấn đề liên quan tới các cuộc xung đột giành độc lập và lãnh thổ của Gruzia, Armenia, Azerbaijan và phần còn lại của Transcaucasus",False,False,0,0.0,1.0,-1.9308223724365234,10.050167083740234,1.9308223724365234,UNANSWERABLE_FALSE_POSITIVE
0007-0009-0001,Chính phủ Gruzia được thành lập với mục đích gì?,,,False,True,1,1.0,1.0,3.4800539016723633,5.19907283782959,-3.4800539016723633,CORRECT_NO_ANSWER
0007-0009-0002,Việc gì đã xảy ra khi căng thẳng gia tăng trở lại?,,,False,True,1,1.0,1.0,6.671038627624512,2.1158246994018555,-6.671038627624512,CORRECT_NO_ANSWER
0007-0009-0003,Nam Ossetia vẫn bị quốc gia nào cai quản?,Gruzia,,True,True,0,0.0,1.0,3.811473846435547,4.789155006408691,-3.811473846435547,ANSWERABLE_PREDICTED_EMPTY
0007-0009-0004,Người Tskhinvali chấp nhận ngưng bắn khi nào?,,,False,True,1,1.0,1.0,6.056534767150879,2.672102928161621,-6.056534767150879,CORRECT_NO_ANSWER
0007-0009-0005,Nam Ossetia sống trong cảnh hòa bình đến năm nào?,2004,giữa năm 2004,True,False,0,0.5,1.0,-0.5954771041870117,8.530479431152344,0.5954771041870117,SPAN_TOO_LONG
0007-0009-0006,Việc gì đã xảy ra khi căng thẳng gia tăng?,"Những vụ bắt cóc con tin, bắn giết và thỉnh thỏang cả đánh bom đã khiến hàng chục người thiệt mạng và bị thương",,True,True,0,0.0,1.0,6.492063283920288,2.2897579669952393,-6.492063283920288,ANSWERABLE_PREDICTED_EMPTY
0007-0009-0007,OSCE được thành lập với mục đích gì?,giám sát chiến dịch gìn giữ hòa bình,Tổ chức An ninh và Hợp tác châu Âu (OSCE) thành lập một phái bộ ở Gruzia để giám sát chiến dịch gìn giữ hòa bình,True,False,0,0.47058823529411764,1.0,0.5572290420532227,7.567278861999512,-0.5572290420532227,SPAN_TOO_LONG
0007-0009-0008,Nguyên nhân nào từ năm 1992 đến 2004 thì Nam Ossetia sống trong hòa bình?,"Ngày 6 tháng 11 năm 1992, Tổ chức An ninh và Hợp tác châu Âu (OSCE) thành lập một phái bộ ở Gruzia để giám sát chiến dịch gìn giữ hòa bình",Nam Ossetia nói chung ở trong cảnh hòa bình,True,False,0,0.14634146341463417,1.0,1.1612892150878906,7.262298583984375,-1.1612892150878906,SPAN_TOO_SHORT
0007-0009-0009,Người Gruzia chấp nhận ngưng bắn khi nào?,Năm 1992,,True,True,0,0.0,1.0,5.750633716583252,2.958549976348877,-5.750633716583252,ANSWERABLE_PREDICTED_EMPTY
0007-0010-0001,Richard Lugar đã bác bỏ điều gì?,,khả năng thay thế binh lính gìn giữ hòa bình Nga bằng lực lượng của Liên minh châu Âu,False,False,0,0.0,1.0,0.6114006042480469,7.787257194519043,-0.6114006042480469,UNANSWERABLE_FALSE_POSITIVE
0007-0010-0002,Javier Solana đã bác bỏ điều gì?,bác bỏ khả năng thay thế binh lính gìn giữ hòa bình Nga bằng lực lượng của Liên minh châu Âu,khả năng thay thế binh lính gìn giữ hòa bình Nga bằng lực lượng của Liên minh châu Âu,True,False,0,0.9500000000000001,1.0,-0.6731157302856445,8.814111709594727,0.6731157302856445,SPAN_TOO_SHORT
0007-0010-0003,Ý kiến của Gruzia trong việc tăng cường sự hiện diện của Nga là gì?,phản đối,,True,True,0,0.0,1.0,2.9092464447021484,5.783054351806641,-2.9092464447021484,ANSWERABLE_PREDICTED_EMPTY
0007-0010-0004,Lời chỉ trích nào đã được Richard Lugar ủng hộ?,lực lượng gìn giữ hòa bình là không trung lập và yêu cầu thay thế,"Javier Solana, Cao ủy về Đối ngọai và Chính sách An ninh của Liên minh châu Âu, đã bác bỏ khả năng thay thế binh lính gìn giữ hòa bình Nga bằng lực lượng của Liên minh châu Âu",True,False,0,0.33333333333333337,1.0,0.3831048011779785,7.8157267570495605,-0.3831048011779785,SPAN_TOO_LONG
0007-0010-0005,Cái gì đã gây hại tới lòng tinh của các lực lượng gìn giữ hòa bình?,các hành động của Nga trong cuộc tranh cãi gián điệp Gruzia,các hành động của Nga trong cuộc tranh cãi gián điệp Gruzia,True,False,1,1.0,1.0,0.9418649673461914,7.63502311706543,-0.9418649673461914,CORRECT
0007-0010-0006,Lực lượng gìn giữ hòa bình bị Gruzia xem như thế nào?,không trung lập,,True,True,0,0.0,1.0,1.840982437133789,6.904579162597656,-1.840982437133789,ANSWERABLE_PREDICTED_EMPTY
0007-0010-0007,Nam Ossetia đã bị ai kiểm sóat?,Nga,quân đội không bị kiểm sóat của phía Nam Ossetia,True,False,0,0.0,1.0,0.4907503128051758,7.908974647521973,-0.4907503128051758,WRONG_SPAN
0007-0011-0001,Cái gì có thể dẫn đến một cuộc di cư quy mô lớn?,bất kỳ nỗ lực nào nhằm thanh lọc sắc tộc,"cuộc xung đột ở Nam Ossetia trở nên đặc biệt nguy hiểm, bởi bất kỳ nỗ lực nào nhằm thanh lọc sắc tộc",True,False,0,0.6060606060606061,1.0,1.1012248992919922,6.702947616577148,-1.1012248992919922,SPAN_TOO_LONG
0007-0011-0002,Văn hóa của Nam Ossetia là sự trộn lẫn của những gì?,của những thị trấn và làng mạc nơi sinh sống của người Gruzia và người Ossetia,Cộng hòa Nam Ossetia là sự pha trộn của những thị trấn và làng mạc nơi sinh sống của người Gruzia và người Ossetia,True,False,0,0.8,1.0,1.6723051071166992,6.76224422454834,-1.6723051071166992,SPAN_TOO_LONG
0007-0011-0003,Thủ đô của Cộng hòa Nam Ossetia là đâu?,Tskhinvali,Thành phố thủ đô Tskhinvali,True,False,0,0.33333333333333337,1.0,1.1060476303100586,7.183806419372559,-1.1060476303100586,SPAN_TOO_LONG
0007-0011-0004,Điều gì khiến sự xung đột ở Nam Ossetia trở nên tăng cao?,Sự gẫn gũi và tương tác giữa hai cộng đồng,Sự gẫn gũi và tương tác giữa hai cộng đồng,True,False,1,1.0,1.0,1.4838619232177734,6.744222640991211,-1.4838619232177734,CORRECT
0007-0011-0005,Người Gruzia quản lí những gì ở Cộng hòa Nam Ossetia?,các làng và thị trấn của người Gruzia,"Thành phố thủ đô Tskhinvali với đa số dân là người Ossetia cùng các cộng đồng người Ossetia khác do chính phủ ly khai quản lý, trong khi các làng và thị trấn của người Gruzia",True,False,0,0.3636363636363636,1.0,1.5759243965148926,6.170627593994141,-1.5759243965148926,SPAN_TOO_LONG
0007-0011-0006,Văn hóa của Gruzia là sự trộn lẫn của những gì?,,,False,True,1,1.0,1.0,3.814859390258789,4.700833320617676,-3.814859390258789,CORRECT_NO_ANSWER
0007-0012-0001,Nghị quyết ủng hộ hòa bình bị ai bác bỏ?,chính quyền Nam Ossetia,Gruzia,True,False,0,0.0,1.0,0.9246277809143066,5.738758087158203,-0.9246277809143066,WRONG_SPAN
0007-0012-0002,Chính phủ Mỹ ủng hộ Gruzia vào khi nào?,"Cuối tháng 10,",,True,True,0,0.0,1.0,1.948349952697754,6.661810874938965,-1.948349952697754,ANSWERABLE_PREDICTED_EMPTY
0007-0012-0003,Tổng thống Saakashvili đệ trình lên yêu sách hòa bình vào năm nào?,2005,,True,True,0,0.0,1.0,2.327298164367676,6.166433334350586,-2.327298164367676,ANSWERABLE_PREDICTED_EMPTY
0007-0012-0004,Nam Ossetia vẫn cai quản vùng đất nào?,Nam Ossetia,,True,True,0,0.0,1.0,1.9838037490844727,6.710379600524902,-1.9838037490844727,ANSWERABLE_PREDICTED_EMPTY
0007-0012-0005,Mục tiêu ưu tiên của Gruzia là gì?,đòi lại Nam Osseatia,,True,True,0,0.0,1.0,2.433988094329834,6.348642826080322,-2.433988094329834,ANSWERABLE_PREDICTED_EMPTY
0007-0012-0006,Nam Ossetia ủng hộ Gruzia vào khi nào?,,,False,True,1,1.0,1.0,2.0862088203430176,6.462387561798096,-2.0862088203430176,CORRECT_NO_ANSWER
0007-0012-0007,Mỹ vẫn cai quản vùng đất nào?,,,False,True,1,1.0,1.0,4.359241962432861,4.4614081382751465,-4.359241962432861,CORRECT_NO_ANSWER
0007-0013-0001,Điều mà quốc tế muốn Gruzia làm là gì?,,,False,True,1,1.0,1.0,4.347262382507324,4.294730186462402,-4.347262382507324,CORRECT_NO_ANSWER
0007-0013-0002,Cuộc trưng cầu dân ý về độc lập được tổ chức khi nào?,12 tháng 11 năm 2006,Nam Ossetia thông báo rằng nước cộng hòa này sẽ tổ chức một cuộc trưng cầu dân ý về độc lập,True,False,0,0.0,1.0,1.7135443687438965,6.371871471405029,-1.7135443687438965,WRONG_SPAN
0007-0013-0003,Các kết quả của cuộc trưng cầu dân ý có được công nhận không?,không ai sẽ chấp nhận,,True,True,0,0.0,1.0,2.5370006561279297,5.810376167297363,-2.5370006561279297,ANSWERABLE_PREDICTED_EMPTY
0007-0013-0004,Điều mà quốc tế muốn Nam Ossetia làm là gì?,hối thúc chính phủ Nam Ossetia tham gia các cuộc đàm phán với Gruzia,,True,True,0,0.0,1.0,5.188183069229126,3.4461820125579834,-5.188183069229126,ANSWERABLE_PREDICTED_EMPTY
0007-0013-0005,Giá trị của cuộc đàm phán này là gì?,,,False,True,1,1.0,1.0,3.610565662384033,4.836637020111084,-3.610565662384033,CORRECT_NO_ANSWER
0007-0013-0006,Cuộc đàm phán về độc lập được tổ chức khi nào?,,,False,True,1,1.0,1.0,3.358175277709961,4.973012924194336,-3.358175277709961,CORRECT_NO_ANSWER
0007-0013-0007,Phản ứng của Liên minh châu Âu như thế nào đối với cuộc trưng cầu dân ý?,,,False,True,1,1.0,1.0,4.069754600524902,4.280368804931641,-4.069754600524902,CORRECT_NO_ANSWER
0007-0013-0008,Giá trị của cuộc trưng cầu dân ý này là gì?,không góp phần giải quyết cuộc xung đột ở Nam Ossetia,,True,True,0,0.0,1.0,3.985386371612549,4.526076793670654,-3.985386371612549,ANSWERABLE_PREDICTED_EMPTY
0007-0013-0009,Phản ứng của Gruzia như thế nào đối với cuộc trưng cầu dân ý?,lên án hành động này,,True,True,0,0.0,1.0,2.546537399291992,5.8880462646484375,-2.546537399291992,ANSWERABLE_PREDICTED_EMPTY
0007-0013-0010,Các kết quả của cuộc đàm phán có được công nhận không?,,,False,True,1,1.0,1.0,3.2241649627685547,5.160738945007324,-3.2241649627685547,CORRECT_NO_ANSWER
0007-0014-0001,Có khỏang bao nhiêu cử tri tham gia đàm phán?,,,False,True,1,1.0,1.0,2.6098241806030273,5.932706832885742,-2.6098241806030273,CORRECT_NO_ANSWER
0007-0014-0002,Dmitri Sanakoev đã tổ chức sự kiện gì nổi bật?,cuộc bầu cử thay thế,cuộc bầu cử thay thế,True,False,1,1.0,1.0,-0.4206719398498535,8.338151931762695,0.4206719398498535,CORRECT
0007-0014-0003,Có khỏang bao nhiêu cử tri tham gia bầu cử?,42.000 cử tri,,True,True,0,0.0,1.0,1.8399877548217773,6.713666915893555,-1.8399877548217773,ANSWERABLE_PREDICTED_EMPTY
0007-0014-0004,Cuộc trưng cầu dân ý giành được bao nhiêu phiếu ủng hộ?,94% phiếu ủng hộ,một yêu cầu khởi động các cuộc đàm phán với Gruzia về một thỏa thuận liên bang cho Nam Ossetia,True,False,0,0.0,1.0,1.7480292320251465,6.645981311798096,-1.7480292320251465,WRONG_SPAN
0007-0014-0005,Người Ossetia gồm người ở đâu tham gia bầu cử?,Java và Tskhinvali,"người Ossetia (quận Java và Tskhinvali) và người Gruzia (Eredvi, Tamarasheni, vân vân) trong các cộng đồng Nam Ossetia và Sanakoev",True,False,0,0.25,1.0,1.1496143341064453,7.198153495788574,-1.1496143341064453,SPAN_TOO_LONG
0007-0014-0006,Gruzia có mục tiêu trở thành quốc gia như thế nào?,Gruzia Đa quốc gia,,True,True,0,0.0,1.0,2.7917885780334473,5.705453395843506,-2.7917885780334473,ANSWERABLE_PREDICTED_EMPTY
0007-0014-0007,Tskhinvali có mục tiêu trở thành quốc gia như thế nào?,,,False,True,1,1.0,1.0,4.2184295654296875,4.424298286437988,-4.2184295654296875,CORRECT_NO_ANSWER
0007-0014-0008,Người Gruzia đã tổ chức sự kiện gì nổi bật?,,,False,True,1,1.0,1.0,2.0132875442504883,6.511775016784668,-2.0132875442504883,CORRECT_NO_ANSWER
0007-0015-0001,Lọai nông sản nào được trồng chủ yếu ở Nam Ossetia?,"Ngũ cốc, hoa quả","Ngũ cốc, hoa quả, rượu",True,False,0,0.888888888888889,1.0,-0.07420921325683594,8.383708953857422,0.07420921325683594,SPAN_TOO_LONG
0007-0015-0002,Lọai nông sản nào được trồng chủ yếu ở Nga?,,"Ngũ cốc, hoa quả, rượu",False,False,0,0.0,1.0,1.4866914749145508,7.111321449279785,-1.4866914749145508,UNANSWERABLE_FALSE_POSITIVE
0007-0015-0003,Nam Ossetia bao phủ bao nhiêu diện tích Kavkaz?,3.900 km²,,True,True,0,0.0,1.0,2.093878746032715,5.778685569763184,-2.093878746032715,ANSWERABLE_PREDICTED_EMPTY
0007-0015-0004,Nam Ossetia và vùng Bắc Ossetia bị chia cắt bởi gì?,bởi những dãy núi,"Nam Ossetia bao phủ khỏang 3.900 km² ở phần phía nam Kavkaz, bị chia cắt bởi những dãy núi",True,False,0,0.33333333333333337,1.0,1.2940025329589844,6.879587173461914,-1.2940025329589844,SPAN_TOO_LONG
0007-0015-0005,Độ cao chủ yếu của vùng núi Nga là bao nhiêu?,,,False,True,1,1.0,1.0,3.728438377380371,4.611224174499512,-3.728438377380371,CORRECT_NO_ANSWER
0007-0015-0006,Độ cao chủ yếu của vùng núi Nam Ossetia là bao nhiêu?,1.000 m,,True,True,0,0.0,1.0,3.0734872817993164,5.137167930603027,-3.0734872817993164,ANSWERABLE_PREDICTED_EMPTY
0007-0015-0007,Khu vực Nam Ossetia có địa thế như thế nào?,nhiều núi non,,True,True,0,0.0,1.0,3.8384222984313965,4.584746837615967,-3.8384222984313965,ANSWERABLE_PREDICTED_EMPTY
0008-0001-0001,Những lòai sinh vật nào torng họ Formicidae nằm cùng nhánh với ong Vò vẽ?,ong và tò vò Kiến,"sawfly, ong và tò vò Kiến",True,False,0,0.9090909090909091,1.0,-2.9595956802368164,10.610407829284668,2.9595956802368164,SPAN_TOO_LONG
0008-0001-0002,Dựa trên tài liệu nguyên thủy thì lòai kiến Sphecomyrma là lòai động vật thuộc bộ sinh vật nào?,bộ Hymenoptera,,True,True,0,0.0,1.0,1.922107219696045,6.79209566116333,-1.922107219696045,ANSWERABLE_PREDICTED_EMPTY
0008-0001-0003,"Theo các nhóm nguyên thủy Leptanillinae, bản chất của những khủng long nguyên thủy được biết đến là gì?",,các lòai kiến nguyên thủy có thể là các lòai săn mồi dưới mặt đất,False,False,0,0.0,1.0,-0.11263465881347656,8.965913772583008,0.11263465881347656,UNANSWERABLE_FALSE_POSITIVE
0008-0001-0004,Ai là người đưa ra kết luận các hóa thạch kiến sống trong kỷ Creta?,E. O. Wilson,E. O. Wilson,True,False,1,1.0,1.0,-1.5547771453857422,9.673331260681152,1.5547771453857422,CORRECT
0008-0001-0005,"Cách đây khỏang 60 triệu năm, lòai nào được coi là thống trị mặt đất?",,kiến đã đa dạng hóa,False,False,0,0.0,1.0,-2.186367988586426,10.092806816101074,2.186367988586426,UNANSWERABLE_FALSE_POSITIVE
0008-0001-0006,"Theo các nhóm nguyên thủy Leptanillinae, bản chất của những lòai kiến nguyên thủy được biết đến là gì?",các lòai săn mồi dưới mặt đất,các lòai kiến nguyên thủy có thể là các lòai săn mồi dưới mặt đất,True,False,0,0.6363636363636364,1.0,-0.13495540618896484,8.924290657043457,0.13495540618896484,SPAN_TOO_LONG
0008-0001-0007,"Cách đây khỏang 60 triệu năm, lòai nào được coi là thống trị chủ yếu?",kiến,kiến đã đa dạng hóa,True,False,0,0.33333333333333337,1.0,-2.9134883880615234,10.517269134521484,2.9134883880615234,SPAN_TOO_LONG
0008-0002-0001,"Ở kỷ Creta, sinh khối của lòai kiến đóng góp bao nhiêu phần trăm trong tổng số sinh khối của nhóm động vật?",,,False,True,1,1.0,1.0,6.2485222816467285,2.7535595893859863,-6.2485222816467285,CORRECT_NO_ANSWER
0008-0002-0002,Hầu hết các lòai kiến còn tồn tại đến bây giờ sinh sống ở đâu?,Dominica,"56% trong các chi được phát hiện trong hổ phách vùng Baltic (đầu Oligocene), và 92% các chi trong hổ phách ở Dominica (xuất hiện đầu Miocene)",True,False,0,0.07142857142857142,1.0,-0.9826030731201172,9.570638656616211,0.9826030731201172,SPAN_TOO_LONG
0008-0002-0003,"Ở kỷ Creta, sinh khối của lòai kiến đóng góp bao nhiêu phần trăm trong tổng số sinh khối của nhóm côn trùng?",1%,,True,True,0,0.0,1.0,5.911654233932495,3.0638887882232666,-5.911654233932495,ANSWERABLE_PREDICTED_EMPTY
0008-0002-0004,Số lượng cá thể kiến biến đỏi như thế nào sau kỷ Creta?,trở nên phổ biến,,True,True,0,0.0,1.0,2.8215250968933105,6.091827869415283,-2.8215250968933105,ANSWERABLE_PREDICTED_EMPTY
0008-0002-0005,Sự xuất hiện của lòai kiến được lan rộng vào thời điểm nào?,sau sự kiện tỏa nhánh thích nghi vào đầu kỷ Paleogen,,True,True,0,0.0,1.0,2.044013023376465,6.947484970092773,-2.044013023376465,ANSWERABLE_PREDICTED_EMPTY
0008-0002-0006,"0,1% lòai kiến ngày nay trước đó đã sinh sống trong thời gian của kỷ nào?",Eocene,,True,True,0,0.0,1.0,2.5340633392333984,6.39900016784668,-2.5340633392333984,ANSWERABLE_PREDICTED_EMPTY
0008-0002-0007,Lòai kiến vào kỷ Creta sinh sống nhiều nhất ở khu vực nào?,siêu lục địa Laurasia,siêu lục địa Laurasia (bán cầu bắc),True,False,0,0.7272727272727273,1.0,0.23346710205078125,8.520378112792969,-0.23346710205078125,SPAN_TOO_LONG
0008-0002-0008,Lòai kiến vào kỷ Eocene sinh sống nhiều nhất ở khu vực nào?,,,False,True,1,1.0,1.0,3.9612350463867188,4.855859756469727,-3.9612350463867188,CORRECT_NO_ANSWER
0008-0002-0009,Sự xuất hiện của lòai kiến được tìm thấy vào thời điểm nào?,,,False,True,1,1.0,1.0,2.637892246246338,6.356044292449951,-2.637892246246338,CORRECT_NO_ANSWER
0008-0003-0001,Châu lục nào không có sự xuất hiện của côn trùng?,,,False,True,1,1.0,1.0,5.7844085693359375,2.9783058166503906,-5.7844085693359375,CORRECT_NO_ANSWER
0008-0003-0002,Lòai kiến chiếm 25% tổng sinh khối của hệ động vật đất liền thường sống ở khu vực có kiểu khí hậu như thế nào?,nhiệt đới,,True,True,0,0.0,1.0,2.311872959136963,6.248757839202881,-2.311872959136963,ANSWERABLE_PREDICTED_EMPTY
0008-0003-0003,Trị số nào được dùng để khái quát phạm vi phân bố của lòai kiến trong hệ sinh thái động vật?,sinh khối,,True,True,0,0.0,1.0,4.5587029457092285,4.179467678070068,-4.5587029457092285,ANSWERABLE_PREDICTED_EMPTY
0008-0003-0004,Nguồn dinh dưỡng của lòai kiến được lấy từ những lòai động vật nào?,"các động vật ăn cỏ, săn mồi",,True,True,0,0.0,1.0,2.3251304626464844,6.201604843139648,-2.3251304626464844,ANSWERABLE_PREDICTED_EMPTY
0008-0003-0005,Châu lục nào không có sự xuất hiện của lòai kiến?,Nam Cực,,True,True,0,0.0,1.0,1.9887242317199707,6.576741695404053,-1.9887242317199707,ANSWERABLE_PREDICTED_EMPTY
0008-0003-0006,Các vùng đất trên trái đát có khí hậu nhiệt có số lượng cá thể kiến bao nhiêu so với tổng sinh khối động vật sống trên đất liền?,trung bình gần 25%,,True,True,0,0.0,1.0,3.561922073364258,5.08929443359375,-3.561922073364258,ANSWERABLE_PREDICTED_EMPTY
0008-0003-0007,Lòai kiến thuộc nhóm động vật nào?,động vật ăn tạp,,True,True,0,0.0,1.0,2.9215126037597656,5.693990707397461,-2.9215126037597656,ANSWERABLE_PREDICTED_EMPTY
0008-0003-0008,Nguồn nhân lực của lòai kiến được lấy từ những lòai động vật nào?,,,False,True,1,1.0,1.0,3.9943413734436035,4.714161396026611,-3.9943413734436035,CORRECT_NO_ANSWER
0008-0003-0009,Trị số nào được dùng để khái quát phạm vi phân bố của lòai kiến trong hệ sinh thái côn trùng?,,,False,True,1,1.0,1.0,4.771296977996826,3.9609427452087402,-4.771296977996826,CORRECT_NO_ANSWER
0008-0003-0010,Lòai kiến thuộc lớp động vật nào?,,,False,True,1,1.0,1.0,3.2892465591430664,5.346078872680664,-3.2892465591430664,CORRECT_NO_ANSWER
0008-0004-0001,Họ Kiến được nghiên cứu thông qua những cơ sở dữ liệu nào?,"""AntBase"" và ""Hymenoptera Name Server""","Cơ sở dữ liệu các lòai kiến như ""AntBase"" và ""Hymenoptera Name Server"" giúp theo dõi các lòai kiến đã biết và các lòai mới được miêu tả",True,False,0,0.30303030303030304,1.0,1.5003881454467773,7.090804100036621,-1.5003881454467773,SPAN_TOO_LONG
0008-0004-0002,Họ Kiến được sản xuất thông qua những cơ sở dữ liệu nào?,,,False,True,1,1.0,1.0,3.065352439880371,5.629117012023926,-3.065352439880371,CORRECT_NO_ANSWER
0008-0004-0003,"Thông thường, kích thước trung bình của lòai kiến vào khỏang bao nhiêu?","0,75 đến 52 milimét",lòai kiến,True,False,0,0.0,1.0,-0.9436511993408203,8.883377075195312,0.9436511993408203,WRONG_SPAN
0008-0004-0004,Những nghiên cứu khoa học về lòai kiến khẳng định khám phá bao nhiêu lòai?,,"Kiến có nhiều màu sắc khác nhau, hầu hết chúng có màu đỏ hoặc đen, nhưng một vài lòai có màu lục và các lòai ở vùng nhiệt đới có ánh kim lọai. Hơn 15.000 lòai kiến",False,False,0,0.0,1.0,1.5759587287902832,6.845710277557373,-1.5759587287902832,UNANSWERABLE_FALSE_POSITIVE
0008-0004-0005,"Trong số 15.000 lòai kiến đã được tìm thấy thì ngòai màu đỏ, xanh lục, ánh kim thì kiến còn có màu nào khác?",đen,"Kiến có nhiều màu sắc khác nhau, hầu hết chúng có màu đỏ hoặc đen",True,False,0,0.125,1.0,-1.7852306365966797,9.653371810913086,1.7852306365966797,SPAN_TOO_LONG
0008-0004-0006,Những nghiên cứu khoa học về lòai kiến dự tính khám phá bao nhiêu lòai?,khỏang 22.000 lòai,"Kiến có nhiều màu sắc khác nhau, hầu hết chúng có màu đỏ hoặc đen, nhưng một vài lòai có màu lục và các lòai ở vùng nhiệt đới có ánh kim lọai. Hơn 15.000 lòai kiến",True,False,0,0.09523809523809525,1.0,1.5781292915344238,6.860118389129639,-1.5781292915344238,SPAN_TOO_LONG
0008-0004-0007,Lòai kiến thay đổi màu sắc cơ thể như thế nào để thích nghi với khí hậu nhiệt đới?,có ánh kim lọai,,True,True,0,0.0,1.0,2.516606330871582,6.214716911315918,-2.516606330871582,ANSWERABLE_PREDICTED_EMPTY
0008-0005-0001,Đặc trưng nào của lòai kiến để chúng nhận biết những con không cùng một tổ với nhau?,mùi,mùi,True,False,1,1.0,1.0,0.9913167953491211,6.8879547119140625,-0.9913167953491211,CORRECT
0008-0005-0002,Trách nhiệm của những con kiến chúa trong đàn là gì?,,,False,True,1,1.0,1.0,4.733031749725342,3.624340534210205,-4.733031749725342,CORRECT_NO_ANSWER
0008-0005-0003,Đặc trưng nào của lòai kiến để chúng nhận biết những con không cùng một lọai với nhau?,,,False,True,1,1.0,1.0,1.8335628509521484,6.178863525390625,-1.8335628509521484,CORRECT_NO_ANSWER
0008-0005-0004,Một đàn kiến thường bao gồm bao nhiêu con?,100.000 con,,True,True,0,0.0,1.0,5.092435836791992,3.315053939819336,-5.092435836791992,ANSWERABLE_PREDICTED_EMPTY
0008-0005-0005,Cái gì gây ra trở ngại không thể sinh sản của những con kiến thợ?,cơ cấu giới tính,Tất cả những con kiến thợ này đều là kiến cái,True,False,0,0.0,1.0,0.6594057083129883,7.162273406982422,-0.6594057083129883,WRONG_SPAN
0008-0005-0006,Cái gì gây ra trở ngại không thể làm việc của những con kiến thợ?,,,False,True,1,1.0,1.0,3.213210105895996,5.032445907592773,-3.213210105895996,CORRECT_NO_ANSWER
0008-0005-0007,Lòai kiến nào mà con người có thể nhận thấy trực tiếp?,kiến thợ,,True,True,0,0.0,1.0,5.169716119766235,3.4322869777679443,-5.169716119766235,ANSWERABLE_PREDICTED_EMPTY
0008-0005-0008,Một tổ kiến thường bao gồm bao nhiêu con?,,,False,True,1,1.0,1.0,5.435065984725952,2.9907095432281494,-5.435065984725952,CORRECT_NO_ANSWER
0008-0005-0009,Trách nhiệm của những con kiến thợ trong đàn là gì?,"chăm sóc kiến chúa, ấp trứng, chuyển trứng, nuôi kiến con, tìm kiếm thức ăn, đào đất xây dựng tổ, canh gác tổ (kiến lính)",,True,True,0,0.0,1.0,3.7626819610595703,4.506843566894531,-3.7626819610595703,ANSWERABLE_PREDICTED_EMPTY
0008-0005-0010,Kiến nào chịu tránh nhiệm sinh sản trong một đàn kiến?,kiến chúa,,True,True,0,0.0,1.0,2.435309410095215,5.650849342346191,-2.435309410095215,ANSWERABLE_PREDICTED_EMPTY
0008-0006-0001,Thời tiết như thế nào tạo điều kiện thuận lợi cho hiện tượng phối giống của lòai kiến?,mùa ấm áp hay oi bức,,True,True,0,0.0,1.0,2.727306842803955,5.479003429412842,-2.727306842803955,ANSWERABLE_PREDICTED_EMPTY
0008-0006-0002,Hiện tượng kiến bay đầy trời cho biết điều gì?,"những con kiến đực và cái (đã trưởng thành, có thể sinh sản được) đang phối giống","những con kiến đực và cái (đã trưởng thành, có thể sinh sản được) đang phối giống",True,False,1,1.0,1.0,1.5955772399902344,6.665216445922852,-1.5955772399902344,CORRECT
0008-0006-0003,Đặc điểm chung của đa số những con kiến là gì?,không có cánh,,True,True,0,0.0,1.0,5.277059316635132,3.269197702407837,-5.277059316635132,ANSWERABLE_PREDICTED_EMPTY
0008-0006-0004,Thông thường xác của con kiến đực biến thành thức ăn cho kiến cái vào thời điểm thời tiết như thế nào?,ấm áp hay oi bức,,True,True,0,0.0,1.0,4.149471282958984,4.401250839233398,-4.149471282958984,ANSWERABLE_PREDICTED_EMPTY
0008-0006-0005,Thời tiết như thế nào tạo điều kiện thuận lợi cho hiệu suất làm việc của lòai kiến?,,,False,True,1,1.0,1.0,5.165412425994873,3.302323818206787,-5.165412425994873,CORRECT_NO_ANSWER
0008-0006-0006,Cánh kiến được hình thành từ nơi nào?,"khi chúng sống trong tổ trong thời gian dài và được che chở, nơi này sẽ tạo ra cánh cho chúng",,True,True,0,0.0,1.0,3.868560314178467,4.505570888519287,-3.868560314178467,ANSWERABLE_PREDICTED_EMPTY
0008-0006-0007,Những kiến chúa con được nuôi dưỡng bằng cái gì?,,,False,True,1,1.0,1.0,3.9680566787719727,4.464341163635254,-3.9680566787719727,CORRECT_NO_ANSWER
0008-0006-0008,Những kiến thợ con được nuôi dưỡng bằng cái gì?,cánh của những con đực rụng xuống cộng với phần cơ bắp của chúng,,True,True,0,0.0,1.0,3.5309720039367676,4.827895641326904,-3.5309720039367676,ANSWERABLE_PREDICTED_EMPTY
0008-0007-0001,Cái gì thúc đẩy những con kiến làm những công việc khác nhau?,bản năng,,True,True,0,0.0,1.0,3.942721366882324,4.5603532791137695,-3.942721366882324,ANSWERABLE_PREDICTED_EMPTY
0008-0007-0002,"Sau khi kiến tìm được các lọai thực ăn như nấm, mật hay hạt giống thì sẽ được kiến đưa về tổ ra sao?",cùng nhau rìu thức ăn về tổ thành từng đàn,"Kiến ăn nhiều lọai thức ăn. Một số ăn hạt giống, săn động vật khác và có cả lòai ăn nấm",True,False,0,0.12903225806451613,1.0,1.5297808647155762,6.909310817718506,-1.5297808647155762,SPAN_TOO_LONG
0008-0007-0003,Tính tập thể của lòai kiến được biểu hiện như thế nào?,"chúng cùng nhau rìu thức ăn về tổ thành từng đàn, theo từng hàng lối nghiêm chỉnh",,True,True,0,0.0,1.0,4.135433197021484,4.294713020324707,-4.135433197021484,ANSWERABLE_PREDICTED_EMPTY
0008-0007-0004,Món ăn yêu thích của đa số lòai kiến là gì?,đồ ngọt & mật của rệp vừng,,True,True,0,0.0,1.0,3.2816762924194336,5.324437141418457,-3.2816762924194336,ANSWERABLE_PREDICTED_EMPTY
0008-0007-0005,Món ăn yêu thích của đa số côn trùng là gì?,,,False,True,1,1.0,1.0,3.8211145401000977,4.819746971130371,-3.8211145401000977,CORRECT_NO_ANSWER
0008-0007-0006,Cái gì thúc đẩy những con kiến sinh sản khác nhau?,,,False,True,1,1.0,1.0,4.4996232986450195,4.031266212463379,-4.4996232986450195,CORRECT_NO_ANSWER
0009-0001-0001,Cháu họ xa của Mitterrand tên gì?,,Marie Gabrielle Yvonne Lorrain,False,False,0,0.0,1.0,-0.9347429275512695,9.180726051330566,0.9347429275512695,UNANSWERABLE_FALSE_POSITIVE
0009-0001-0002,Ai nhận mình là con trai của Francois Mitterrand?,Hravn Forsne,"Pascal (10 tháng 6 năm 1945 – 17 tháng 9 năm 1945), Jean-Christophe, sinh năm 1946, và Gilbert Mitterrand",True,False,0,0.0,1.0,0.2408733367919922,8.169776916503906,-0.2408733367919922,WRONG_SPAN
0009-0001-0003,Marie sinh ra ở đâu?,,,False,True,1,1.0,1.0,4.666624069213867,4.195661544799805,-4.666624069213867,CORRECT_NO_ANSWER
0009-0001-0004,Người phụ nữ thứ 2 có con với Mitterrand là ai?,Anne Pingeot,,True,True,0,0.0,1.0,4.328207015991211,4.56683349609375,-4.328207015991211,ANSWERABLE_PREDICTED_EMPTY
0009-0001-0005,Mitterrand được rửa tội với tên gọi là gì?,François Maurice Adrien Marie Mitterrand,François Maurice Adrien Marie Mitterrand,True,False,1,1.0,1.0,-2.8898048400878906,10.46402359008789,2.8898048400878906,CORRECT
0009-0001-0006,Ai nhận mình là con gái thất lạc của Francois?,,,False,True,1,1.0,1.0,4.683399677276611,4.154813289642334,-4.683399677276611,CORRECT_NO_ANSWER
0009-0001-0007,Mitterrand sinh ra ở đâu?,"Jarnac, Charente",,True,True,0,0.0,1.0,3.0152721405029297,5.803337097167969,-3.0152721405029297,ANSWERABLE_PREDICTED_EMPTY
0009-0001-0008,Mẹ của Mitterrand tên gì?,Marie Gabrielle Yvonne Lorrain,,True,True,0,0.0,1.0,3.9024925231933594,4.894626617431641,-3.9024925231933594,ANSWERABLE_PREDICTED_EMPTY
0009-0001-0009,Bà ngọai được miêu tả như thế nào?,một phụ nữ qúy tộc,một phụ nữ qúy tộc,True,False,1,1.0,1.0,-1.7322664260864258,9.820664405822754,1.7322664260864258,CORRECT
0009-0002-0001,Gaston Jèze là ai?,"giáo sư luật Gaston Jèze, người từng được chỉ định làm cố vấn pháp lý của Negus tại Ethiopia tháng 1 năm 1936",,True,True,0,0.0,1.0,3.7180185317993164,5.073493003845215,-3.7180185317993164,ANSWERABLE_PREDICTED_EMPTY
0009-0002-0002,Mitterrand đã có khỏang thời gian học tập 11 năm tại đâu?,collège Saint-Paul ở Angoulême,collège Saint-Paul ở Angoulême,True,False,1,1.0,1.0,1.2255887985229492,7.598479270935059,-1.2255887985229492,CORRECT
0009-0002-0003,"Trong khỏang thời gian từ năm 1925 đến năm 1934, Mitterrand học tập tại đâu?",collège Saint-Paul,collège Saint-Paul ở Angoulême,True,False,0,0.7499999999999999,1.0,-2.35001277923584,10.478710174560547,2.35001277923584,SPAN_TOO_LONG
0009-0002-0004,Mitterrand còn dính liếu với tổ chức khủng bố nào?,Cagoule,Cagoule,True,False,1,1.0,1.0,-1.0973596572875977,9.745726585388184,1.0973596572875977,CORRECT
0009-0002-0005,Volontaires nationaux là gì?,Người tình nguyện Quốc gia,Người tình nguyện Quốc gia,True,False,1,1.0,1.0,-3.6087684631347656,9.922551155090332,3.6087684631347656,CORRECT
0009-0002-0006,"Trong khỏang thời gian từ năm 1934 đến năm 1937, Mitterrand học tập tại đâu?",,collège Saint-Paul ở Angoulême,False,False,0,0.0,1.0,-0.8373441696166992,9.315933227539062,0.8373441696166992,UNANSWERABLE_FALSE_POSITIVE
0009-0002-0007,"Vào tháng 2 năm 1935, Mitterrand đã làm gì?","tham gia vào các cuộc tuần hành bài ngọai chống lại ""sự xâm lăng métèque""",,True,True,0,0.0,1.0,2.0012755393981934,6.800464153289795,-2.0012755393981934,ANSWERABLE_PREDICTED_EMPTY
0009-0003-0001,Ai được Mitterrand giải cứu khỏi những hành động quá khích của phong trào bảo hòang quốc gia chống Do Thái Action franciase?,Georges Dayan,Georges Dayan,True,False,1,1.0,1.0,-2.989678382873535,10.347742080688477,2.989678382873535,CORRECT
0009-0003-0002,"Khi được gửi tới giới tuyến Maginot, Mitterrand ở vị trí cấp bậc nào?",cấp bậc trung sĩ (trung sĩ bộ binh),cấp bậc trung sĩ (trung sĩ bộ binh),True,False,1,1.0,1.0,-2.7222909927368164,9.060314178466797,2.7222909927368164,CORRECT
0009-0003-0003,Ai được Do Thái Action franciase giải cứu khỏi những hành động quá khích của phong trào bảo hòang quốc gia chống Mitterrand?,,Georges Dayan,False,False,0,0.0,1.0,-3.363302230834961,10.46538257598877,3.363302230834961,UNANSWERABLE_FALSE_POSITIVE
0009-0003-0004,Mitterrand đã trở thành bạn thân của Georges Dayan sau khi thực hiện nghĩa vụ quân sự tại đâu?,trung đòan bộ binh thuộc địa số 23,trung đòan bộ binh thuộc địa số 23,True,False,1,1.0,1.0,-4.245685577392578,10.603499412536621,4.245685577392578,CORRECT
0009-0003-0005,Điều gì khiến Mitterrand nghi ngờ các lí tưởng quốc gia của Georges?,,Tình bạn của ông với Dayan,False,False,0,0.0,1.0,-3.5365190505981445,10.910202980041504,3.5365190505981445,UNANSWERABLE_FALSE_POSITIVE
0009-0003-0006,Mitterrand tham gia nghĩa vụ quân sự trong thời gian nào?,từ năm 1937 tới năm 1939,,True,True,0,0.0,1.0,2.1503357887268066,6.349274158477783,-2.1503357887268066,ANSWERABLE_PREDICTED_EMPTY
0009-0003-0007,"Khi được gửi tới giới tuyến Mitterrand, Maginot ở vị trí cấp bậc nào?",,cấp bậc trung sĩ (trung sĩ bộ binh),False,False,0,0.0,1.0,-2.8851280212402344,8.934246063232422,2.8851280212402344,UNANSWERABLE_FALSE_POSITIVE
0009-0003-0008,Marie-Louise tham gia nghĩa vụ quân sự trong thời gian nào?,,,False,True,1,1.0,1.0,3.5930538177490234,4.938364028930664,-3.5930538177490234,CORRECT_NO_ANSWER
0009-0003-0009,Điều gì khiến Mitterrand nghi ngờ các lí tưởng quốc gia của mình?,Tình bạn của ông với Dayan,Tình bạn của ông với Dayan,True,False,1,1.0,1.0,-3.245543956756592,10.852361679077148,3.245543956756592,CORRECT
0009-0003-0010,Georges Dayan là ai?,một người Do Thái theo chủ nghĩa xã hội,,True,True,0,0.0,1.0,2.3958845138549805,6.310347557067871,-2.3958845138549805,ANSWERABLE_PREDICTED_EMPTY
0009-0004-0001,Quân Đức bắt giữ Mitterrand vào thời gian nào?,ngày 14 tháng 6 năm 1940,,True,True,0,0.0,1.0,2.581752300262451,6.031525135040283,-2.581752300262451,ANSWERABLE_PREDICTED_EMPTY
0009-0004-0002,Mẹ Miiterrand bị giam tại đâu?,,Stalag IXA gần Ziegenhain,False,False,0,0.0,1.0,1.5498056411743164,7.100506782531738,-1.5498056411743164,UNANSWERABLE_FALSE_POSITIVE
0009-0004-0003,"Khi chiến tranh quay trở lại, Mitterrand đang trong giai đọan nào ở quân đội?",,,False,True,1,1.0,1.0,4.211312294006348,4.535269737243652,-4.211312294006348,CORRECT_NO_ANSWER
0009-0004-0004,Pháp tham gia chiến trường ở vị trí nào?,,,False,True,1,1.0,1.0,7.334972381591797,1.4367246627807617,-7.334972381591797,CORRECT_NO_ANSWER
0009-0004-0005,Miiterrand bị giam tại đâu?,Stalag IXA gần Ziegenhain,"Stalag IXA gần Ziegenhain (ngày nay được gọi là Trutzhain, một làng gần Kassel ở Hesse)",True,False,0,0.4,1.0,0.9555177688598633,7.649291038513184,-0.9555177688598633,SPAN_TOO_LONG
0009-0004-0006,Mitterrand tham gia chiến trường ở vị trí nào?,trung sĩ bộ binh,,True,True,0,0.0,1.0,4.365610122680664,4.3770341873168945,-4.365610122680664,ANSWERABLE_PREDICTED_EMPTY
0009-0004-0007,Trước khi Mitterrand quay về nhà ở khu vực không bị chiếm đóng do người Pháp quản lý năm 1941 thì ông đã vượt ngục thất bại bao nhiêu lần?,hai lần,"Ông đã hai lần âm mưu vượt ngục không thành công vào tháng 3 và tháng 11 năm 1941 trước khi thóat được ngày 10 tháng 12 năm 1941, đi bộ quay trở lại Pháp",True,False,0,0.1081081081081081,1.0,0.7238836288452148,7.835436820983887,-0.7238836288452148,SPAN_TOO_LONG
0009-0004-0008,"Khi chiến tranh nổ ra, Mitterrand đang trong giai đọan nào ở quân đội?",cuối thời hạn phục vụ quân sự,,True,True,0,0.0,1.0,3.6563358306884766,5.076266288757324,-3.6563358306884766,ANSWERABLE_PREDICTED_EMPTY
0009-0004-0009,"Khi ở trong trại giam, Mitterrand đã làm gì?",bắt đầu tham gia vào một tổ chứ xã hội cho các tù binh chiến tranh trong trại,,True,True,0,0.0,1.0,5.6642985343933105,3.098095417022705,-5.6642985343933105,ANSWERABLE_PREDICTED_EMPTY
0009-0005-0001,Mitterrand làm việc dưới trướng của nhân vật nào?,Favre de Thierrens,Favre de Thierrens,True,False,1,1.0,1.0,-2.588603973388672,10.018759727478027,2.588603973388672,CORRECT
0009-0005-0002,Mitterrand xuất bản một bài viết quan trọng của mình trên tạp chí nào?,"France, revue de l'État nouveau","tạp chí France, revue de l'État nouveau (tạp chí được xuất bản với mục đích tuyên truyền của Chế độ Vichy)",True,False,0,0.42857142857142855,1.0,-1.310624599456787,8.913031578063965,1.310624599456787,SPAN_TOO_LONG
0009-0005-0003,Nhân vật nào làm việc dưới trướng của Mitterrand?,,Favre de Thierrens,False,False,0,0.0,1.0,0.3213491439819336,8.11298942565918,-0.3213491439819336,UNANSWERABLE_FALSE_POSITIVE
0009-0005-0004,Sở hướng nghiệp cho tù binh chiến tranh có tên gốc là gì?,Commissariat au reclassement des prisonniers de guerre,Sở hướng nghiệp cho tù binh chiến trah),True,False,0,0.0,1.0,-0.8284702301025391,9.274330139160156,0.8284702301025391,WRONG_SPAN
0009-0005-0005,Mitterrand đã làm nhân viên dân sự theo hợp đồng tạm thời trong vòng 3 tháng dưới quyền của ai?,Favre de Thierrens,Légion française des combattants et des volontaires de la révolution nationale (Quân đòan chiến binh và tình nguyện Pháp cho cuộc cách mạng quốc gia),True,False,0,0.07142857142857142,1.0,-3.4304428100585938,10.368318557739258,3.4304428100585938,SPAN_TOO_LONG
0009-0005-0006,"Trong khỏang thời gian từ tháng 1 tới tháng 4 năm 1942, Mitterrand làm việc cho tổ chức nào?",Légion française des combattants et des volontaires de la révolution nationale (Quân đòan chiến binh và tình nguyện Pháp cho cuộc cách mạng quốc gia),Légion française des combattants et des volontaires de la révolution nationale (Quân đòan chiến binh và tình nguyện Pháp cho cuộc cách mạng quốc gia),True,False,1,1.0,1.0,-6.054495334625244,10.90449333190918,6.054495334625244,CORRECT
0009-0005-0007,"Sau một thời gian làm việc, Mitterrand chuyển tới đâu?",Commissariat au reclassement des prisonniers de guerre,,True,True,0,0.0,1.0,2.0178751945495605,6.521076679229736,-2.0178751945495605,ANSWERABLE_PREDICTED_EMPTY
0009-0005-0008,"Sau một thời gian làm việc, Thierrens chuyển tới đâu?",,Sở hướng nghiệp cho tù binh chiến trah),False,False,0,0.0,1.0,1.5096564292907715,6.919284343719482,-1.5096564292907715,UNANSWERABLE_FALSE_POSITIVE
0009-0005-0009,Mitterrand xuất bản một bài viết quan trọng của Anh trên tạp chí nào?,,"tạp chí France, revue de l'État nouveau (tạp chí được xuất bản với mục đích tuyên truyền của Chế độ Vichy)",False,False,0,0.0,1.0,-1.2714252471923828,8.905130386352539,1.2714252471923828,UNANSWERABLE_FALSE_POSITIVE
0009-0006-0001,Ba nhân vật thúc đẩy Mitterrand gia nhập cuộc kháng chiến là ai?,"Jean Roussel, Max Varenne, và tiến sĩ Guy Fric",,True,True,0,0.0,1.0,3.5217485427856445,5.191998481750488,-3.5217485427856445,ANSWERABLE_PREDICTED_EMPTY
0009-0006-0002,Mitterrand và Fric đã làm gì trong một cuộc tụ họp công cộng do người hợp tác Georges Claude tổ chức?,gây ra một vụ hỗn lọan lớ,Mitterrand và Fric gây ra một vụ hỗn lọan lớn,True,False,0,0.7058823529411764,1.0,-0.5314731597900391,8.798768997192383,0.5314731597900391,SPAN_TOO_LONG
0009-0006-0003,Cơ sở cho mạng lưới kháng chiến của Mitterrand bắt đầu được hình thành từ mốc thời gian nào?,Từ giữa năm 1942,,True,True,0,0.0,1.0,1.9212045669555664,6.730962753295898,-1.9212045669555664,ANSWERABLE_PREDICTED_EMPTY
0009-0006-0004,Michel Cailliau là ai?,cháu của Tướng Charles de Gaulle,"Michel Cailliau, cháu của Tướng Charles de Gaulle",True,False,0,0.8571428571428571,1.0,1.6476898193359375,6.979818344116211,-1.6476898193359375,SPAN_TOO_LONG
0009-0006-0005,Các tù nhân chiến tranh khác gặp Mitterrand bỏ chốn từ thời gian nào?,,"Jean Roussel, Max Varenne, và tiến sĩ Guy Fric",False,False,0,0.0,1.0,-1.1546564102172852,9.831997871398926,1.1546564102172852,UNANSWERABLE_FALSE_POSITIVE
0009-0006-0006,Mitterrand thúc đẩy ba nhân vật gia nhập cuộc kháng chiến là ai?,,"Jean Roussel, Max Varenne, và tiến sĩ Guy Fric",False,False,0,0.0,1.0,0.9411330223083496,7.778570652008057,-0.9411330223083496,UNANSWERABLE_FALSE_POSITIVE
0009-0006-0007,Mitterrand gặp các tù nhân chiến tranh bỏ chốn khác từ thời gian nào?,Từ mùa xuân năm 1942,"Jean Roussel, Max Varenne, và tiến sĩ Guy Fric",True,False,0,0.0,1.0,-1.112563133239746,9.737635612487793,1.112563133239746,WRONG_SPAN
0009-0006-0008,Mitterrand gửi những giấy tờ giả tới các tù binh chiến tranh tại Đức từ thời gian nào?,Từ giữa năm 1942,ông tham gia các cuộc gặp gỡ tại Château de Montmaur,True,False,0,0.0,1.0,-2.56956148147583,10.52114200592041,2.56956148147583,WRONG_SPAN
0009-0007-0001,Quá khứ Vichy của Mitterrand bị tiết lộ trong thời gian nào?,thập niên 1950,thập niên 1950,True,False,1,1.0,1.0,-0.2518911361694336,8.125773429870605,0.2518911361694336,CORRECT
0009-0007-0002,Ai vẫn hòai nghi về niềm tin thực sự của Mitterrand?,Pierre Moscovici và Jacques Attali,Pierre Moscovici và Jacques Attali,True,False,1,1.0,1.0,-2.6579809188842773,10.58740234375,2.6579809188842773,CORRECT
0009-0007-0003,Gabriel là ai?,,,False,True,1,1.0,1.0,4.377993106842041,4.521727085113525,-4.377993106842041,CORRECT_NO_ANSWER
0009-0007-0004,Sự kiện nào khiến Mitterrand rời ban thư kí?,"gười lãnh đạo của ông Maurice Pinot, một vichysto-résistant khác, bị thay thế bởi cộng tác viên André Masson",,True,True,0,0.0,1.0,3.519601821899414,5.347598075866699,-3.519601821899414,ANSWERABLE_PREDICTED_EMPTY
0009-0007-0005,Sự kiện nào khiến ban thư kí rời Mitterrand?,,,False,True,1,1.0,1.0,3.9015464782714844,4.9683685302734375,-3.9015464782714844,CORRECT_NO_ANSWER
0009-0007-0006,Vùng không bị chiếm đóng bị người Đức chiếm khi nào?,Cuối năm 1942,,True,True,0,0.0,1.0,2.72006893157959,6.210205078125,-2.72006893157959,ANSWERABLE_PREDICTED_EMPTY
0009-0007-0007,"Ai trong nội các Maréchal Pétain từng là thành viên cũ của ""la Cagoule"" cùng với Simon Arbellot?",Maréchal Pétain,Mitterrand được nhận Ordre de la francisque (danh hiệu danh dự của Chế độ Vichy),True,False,0,0.0,1.0,-2.18887996673584,10.350482940673828,2.18887996673584,WRONG_SPAN
0009-0007-0008,Gabriel Jeantet là ai?,một thành viên của nội các Maréchal Pétain,Mitterrand được nhận Ordre de la francisque (danh hiệu danh dự của Chế độ Vichy),True,False,0,0.08695652173913045,1.0,1.3317680358886719,7.542981147766113,-1.3317680358886719,SPAN_TOO_LONG
0009-0008-0001,Tập hợp tù binh chiến tranh quốc tế đã liên kết với ai?,,Tướng Henri Giraud,False,False,0,0.0,1.0,-2.029252052307129,9.802084922790527,2.029252052307129,UNANSWERABLE_FALSE_POSITIVE
0009-0008-0002,Từ năm nào trở đi Mitterrand trở thành thành viên của ORA?,1943,ORA.,True,False,0,0.0,1.0,-0.8844099044799805,9.084076881408691,0.8844099044799805,WRONG_SPAN
0009-0008-0003,Lực lượng chính của mạng lưới kháng chiến là ai?,các cựu tù binh chiến tranh,Tập hợp tù binh chiến tranh Quốc gia,True,False,0,0.5714285714285715,1.0,0.9259114265441895,7.818551540374756,-0.9259114265441895,SPAN_TOO_LONG
0009-0008-0004,Tập hợp tù binh chiến tranh quốc gia đã liên kết với ai?,Tướng Henri Giraud,Tướng Henri Giraud,True,False,1,1.0,1.0,-3.148165225982666,10.210306167602539,3.148165225982666,CORRECT
0009-0008-0005,Kế họach của Mitterrand là gì?,xây dựng một mạng lưới kháng chiến,,True,True,0,0.0,1.0,2.463052272796631,6.37619161605835,-2.463052272796631,ANSWERABLE_PREDICTED_EMPTY
0009-0008-0006,Giraud tranh chấp vai trò lãnh đạo Kháng chiến Pháp với ai?,Tướng Charles de Gaulle,Tướng Charles de Gaulle,True,False,1,1.0,1.0,-4.292375564575195,10.699048042297363,4.292375564575195,CORRECT
0009-0008-0007,Henri Frenay là ai?,người khuyến khích phong trào kháng chiến Pháp ủng hộ Mitterrand thay vì Michel Cailliau,,True,True,0,0.0,1.0,2.7804765701293945,5.923195838928223,-2.7804765701293945,ANSWERABLE_PREDICTED_EMPTY
0009-0008-0008,Giraud tranh chấp vai trò lãnh đạo Kháng chiến Đức với ai?,,Tướng Charles de Gaulle,False,False,0,0.0,1.0,-3.4305076599121094,10.496686935424805,3.4305076599121094,UNANSWERABLE_FALSE_POSITIVE
0009-0009-0001,Những tù binh nhà có thể quay về chiến tranh nếu họ được thay thế bởi ai?,,những thanh niên Pháp bị buộc phải tới làm việc ở Đức,False,False,0,0.0,1.0,-2.653421401977539,10.286108016967773,2.653421401977539,UNANSWERABLE_FALSE_POSITIVE
0009-0009-0002,Mitterand đánh giá như thế nào về Masson?,Masson không có quyền tuyên bố thay mặt các tù binh chiến tranh,,True,True,0,0.0,1.0,3.601199150085449,5.127703666687012,-3.601199150085449,ANSWERABLE_PREDICTED_EMPTY
0009-0009-0003,Nhờ ai mà Mitterrand bị bắt?,,,False,True,1,1.0,1.0,2.9756875038146973,5.800623416900635,-2.9756875038146973,CORRECT_NO_ANSWER
0009-0009-0004,Masson đánh giá như thế nào về Mitterand?,,,False,True,1,1.0,1.0,2.704838752746582,5.977601051330566,-2.704838752746582,CORRECT_NO_ANSWER
0009-0009-0005,Những tù binh chiến tranh có thể quay về nhà nếu họ được thay thế bởi ai?,những thanh niên Pháp bị buộc phải tới làm việc ở Đức,những thanh niên Pháp bị buộc phải tới làm việc ở Đức,True,False,1,1.0,1.0,-3.383371353149414,10.452492713928223,3.383371353149414,CORRECT
0009-0009-0006,"Mitterrand đã gọi ""la relève"" là trò bịp tại một cuộc tụ họp công khai diễn ra vào năm nào?",1943,Masson không có quyền tuyên bố thay mặt các tù binh chiến tranh,True,False,0,0.0,1.0,1.0326414108276367,7.625428199768066,-1.0326414108276367,WRONG_SPAN
0009-0009-0007,"Mitterrand gọi ""la relève"" là gì?",một trò bịp,,True,True,0,0.0,1.0,2.1670784950256348,6.4710307121276855,-2.1670784950256348,ANSWERABLE_PREDICTED_EMPTY
0009-0009-0008,Nhờ ai mà Mitterrand không bị bắt?,Piatzook,Piatzook đã yểm trợ cho ông chạy trốn,True,False,0,0.2222222222222222,1.0,1.6069679260253906,7.113164901733398,-1.6069679260253906,SPAN_TOO_LONG
0009-0009-0009,Ngày 7 tháng 10 Mitterrand và Piazook đã làm gì?,,ngừng một cuộc tụ họp công khai tại Salle Wagram ở Paris,False,False,0,0.0,1.0,-1.3588171005249023,9.448860168457031,1.3588171005249023,UNANSWERABLE_FALSE_POSITIVE
0009-0009-0010,Ngày 10 tháng 7 Mitterrand và Piazook đã làm gì?,gừng một cuộc tụ họp công khai tại Salle Wagram ở Paris,ngừng một cuộc tụ họp công khai tại Salle Wagram ở Paris,True,False,0,0.9166666666666666,1.0,-2.0558013916015625,9.778717994689941,2.0558013916015625,PARTIAL_SPAN
0009-0010-0001,MNPGD sẽ không được thành lập nếu chọn ai làm người lãnh đạo?,Cailliau,Phong trào Quốc gia của các Tù binh chiến tranh và Người bị trục xuất,True,False,0,0.0,1.0,-3.121763229370117,10.540836334228516,3.121763229370117,WRONG_SPAN
0009-0010-0002,Lí do gì mà Mitterrand bỏ trốn tới Paris?,,Phong trào Quốc gia của các Tù binh chiến tranh và Người bị trục xuất,False,False,0,0.0,1.0,0.010019302368164062,8.713825225830078,-0.010019302368164062,UNANSWERABLE_FALSE_POSITIVE
0009-0010-0003,Lí do gì mà Mitterrand bỏ trốn tới London?,những người bạn cảnh báo,Phong trào Quốc gia của các Tù binh chiến tranh và Người bị trục xuất,True,False,0,0.1,1.0,0.16498088836669922,8.428781509399414,-0.16498088836669922,SPAN_TOO_LONG
0009-0010-0004,Henri Marlin dùng tên gì để ngụy trang?,,Phong trào Quốc gia của các Tù binh chiến tranh và Người bị trục xuất,False,False,0,0.0,1.0,-1.1208362579345703,8.963254928588867,1.1208362579345703,UNANSWERABLE_FALSE_POSITIVE
0009-0010-0005,Mitterrand dùng tên gì để ngụy trang?,Morland,Phong trào Quốc gia của các Tù binh chiến tranh và Người bị trục xuất,True,False,0,0.0,1.0,-0.4497823715209961,8.929940223693848,0.4497823715209961,WRONG_SPAN
0009-0010-0006,Sicherheitsdienst (SD) lục sóat một căn hộ tại đâu?,Vichy,Vichy,True,False,1,1.0,1.0,-2.952744483947754,10.064558029174805,2.952744483947754,CORRECT
0009-0010-0007,"Ở Algiers, Mitterrand đã gặp ai?",Charles de Gaulle,Phong trào Quốc gia của các Tù binh chiến tranh và Người bị trục xuất,True,False,0,0.0,1.0,-0.023616790771484375,8.602804183959961,0.023616790771484375,WRONG_SPAN
0009-0010-0008,Mitterrand bỏ trốn tới London vào thời gian nào?,ngày 15 tháng 11 năm 1943,Phong trào Quốc gia của các Tù binh chiến tranh và Người bị trục xuất,True,False,0,0.0,1.0,-0.3059501647949219,8.398879051208496,0.3059501647949219,WRONG_SPAN
0009-0011-0001,Mitterrand đã cùng ai lập ra kế họach giải phóng các tù binh?,Jacques Foccart,Mitterrand và Jacques Foccart cùng đặt một kế họach giải phóng các tù binh chiến tranh và các trại tập trung,True,False,0,0.17391304347826084,1.0,-0.02912616729736328,8.104104995727539,0.02912616729736328,SPAN_TOO_LONG
0009-0011-0002,Vì sao Antelme có thể giải thóat cho Mitterrand?,,người bạn và là thành viên trong mạng lưới của ông Robert Antelme đang bị sốt Rickettsia,False,False,0,0.0,1.0,0.8410801887512207,7.6456217765808105,-0.8410801887512207,UNANSWERABLE_FALSE_POSITIVE
0009-0011-0003,Antelme đã tìm thấy ai?,,người bạn và là thành viên trong mạng lưới của ông Robert Antelme đang bị sốt Rickettsia,False,False,0,0.0,1.0,-2.0459327697753906,9.63883113861084,2.0459327697753906,UNANSWERABLE_FALSE_POSITIVE
0009-0011-0004,Mitterrand tình cờ gặp một người bạn của ông tại đâu?,Kaufering và Dachau,,True,True,0,0.0,1.0,2.1747474670410156,6.61168098449707,-2.1747474670410156,ANSWERABLE_PREDICTED_EMPTY
0009-0011-0005,Mitterrand đã cùng ai lập ra kế họach điều trị các tù binh?,,Mitterrand và Jacques Foccart cùng đặt một kế họach giải phóng các tù binh chiến tranh và các trại tập trung,False,False,0,0.0,1.0,0.10129737854003906,8.10890007019043,-0.10129737854003906,UNANSWERABLE_FALSE_POSITIVE
0009-0011-0006,Vì sao Mitterrand có thể giải thóat cho Antelme?,Antelme được ra lệnh ở lại trong trại để ngăn ngừa bệnh lây truyền,Antelme đang bị sốt Rickettsia,True,False,0,0.10526315789473682,1.0,1.3352150917053223,7.215091228485107,-1.3352150917053223,SPAN_TOO_SHORT
0009-0011-0007,Tháng 10 năm 1944 Mitterrand và Jacques Foccart đã làm gì?,cùng đặt một kế họach giải phóng các tù binh chiến tranh và các trại tập trung,chiến dịch Viacarage,True,False,0,0.1,1.0,-2.1343984603881836,9.710726737976074,2.1343984603881836,SPAN_TOO_SHORT
0009-0011-0008,Mitterrand đã tìm thấy ai?,Robert Antelme,người bạn và là thành viên trong mạng lưới của ông Robert Antelme,True,False,0,0.2666666666666667,1.0,-2.3005237579345703,10.032485961914062,2.3005237579345703,SPAN_TOO_LONG
0009-0012-0001,Mitterrand nhanh chóng quay trở lại với chính trị sau sự kiện nào?,Sau cuộc thế chiến,Sau cuộc thế chiến,True,False,1,1.0,1.0,0.5010232925415039,7.788694381713867,-0.5010232925415039,CORRECT
0009-0012-0002,Cuộc bầu cử lập pháp diễn ra vào tháng năm nào?,tháng 6 năm 1946,,True,True,0,0.0,1.0,2.0533313751220703,6.039396286010742,-2.0533313751220703,ANSWERABLE_PREDICTED_EMPTY
0009-0012-0003,RGR là gì?,"một thực thể bầu cử gồm Đảng cấp tiến, Liên minh Kháng chiến Dân chủ Xã hội",,True,True,0,0.0,1.0,2.889983654022217,5.778351306915283,-2.889983654022217,ANSWERABLE_PREDICTED_EMPTY
0009-0012-0004,Mitterrand lãnh đạo phe nào tại cuộc bầu cử năm 1946?,Tập hợp những người Cộng hòa cánh Tả,phái Tập hợp những người Cộng hòa cánh Tả,True,False,0,0.9411764705882353,1.0,-0.6560297012329102,8.680917739868164,0.6560297012329102,SPAN_TOO_LONG
0009-0012-0005,Cuộc bầu cử Đảng diễn ra vào tháng năm nào?,,,False,True,1,1.0,1.0,2.594085216522217,5.6621575355529785,-2.594085216522217,CORRECT_NO_ANSWER
0009-0012-0006,"""Liên minh ba đảng"" thể hiện thái độ như thế nào với chính sách của RGR?",,"""liên minh ba đảng"" (Cộng sản, Xã hội và Dân chủ Thiên chúa giáo)",False,False,0,0.0,1.0,-1.8033695220947266,8.503332138061523,1.8033695220947266,UNANSWERABLE_FALSE_POSITIVE
0009-0012-0007,"RGR thể hiện thái độ như thế nào với chính sách của ""liên minh ba đảng""?",đối lập,"Cộng sản, Xã hội và Dân chủ Thiên chúa giáo",True,False,0,0.0,1.0,-0.6918973922729492,8.059868812561035,0.6918973922729492,WRONG_SPAN
0009-0013-0001,"Trong cuộc bầu cử lập pháp tháng 11 năm 1946, ông đạt được kết quả gì?",giành được một ghế đại biểu tại Nièvre département,"ông giành được một ghế đại biểu tại Nièvre département. Để được bầu, ông phải giành một ghế với cái giá là Đảng Cộng sản Pháp (PCF)",True,False,0,0.5,1.0,0.910365104675293,7.514813423156738,-0.910365104675293,SPAN_TOO_LONG
0009-0013-0002,"Với vị trí cao nhất của phái bầu cử RGR, Mitterrand đã làm gì?",thực hiện một chiến dịch tranh cử rất chống cộng,,True,True,0,0.0,1.0,4.299594879150391,4.197999000549316,-4.299594879150391,ANSWERABLE_PREDICTED_EMPTY
0009-0013-0003,Ông gia nhập nội các khi nào?,Tháng 1 năm 1947,Bộ trưởng cựu chiến binh chiến tranh,True,False,0,0.0,1.0,-2.0120010375976562,9.294382095336914,2.0120010375976562,WRONG_SPAN
0009-0013-0004,Thành viên đã phải làm gì để có thể đắc cử?,,,False,True,1,1.0,1.0,5.937932968139648,2.838961601257324,-5.937932968139648,CORRECT_NO_ANSWER
0009-0013-0005,Mitterrand giữ bao nhiêu chức vụ bộ trưởng?,11,,True,True,0,0.0,1.0,3.6126785278320312,4.810866355895996,-3.6126785278320312,ANSWERABLE_PREDICTED_EMPTY
0009-0013-0006,Ông đã phải làm gì để có thể đắc cử?,giành một ghế với cái giá là Đảng Cộng sản Pháp (PCF),,True,True,0,0.0,1.0,6.290953874588013,2.4416310787200928,-6.290953874588013,ANSWERABLE_PREDICTED_EMPTY
0009-0013-0007,Mitterrand lãnh đạo bao nhiêu chức vụ bộ trưởng?,,,False,True,1,1.0,1.0,3.114166259765625,5.3126373291015625,-3.114166259765625,CORRECT_NO_ANSWER
0009-0014-0001,"Tháng 9 năm 1958, Mitterrand đã làm gì?","Mitterrand đưa ra một lời kêu gọi bỏ phiếu ""phản đối"" trong cuộc trưng cầu dân ý về hiến pháp","Mitterrand đưa ra một lời kêu gọi bỏ phiếu ""phản đối"" trong cuộc trưng cầu dân ý về hiến pháp",True,False,1,1.0,1.0,-1.413400650024414,9.439142227172852,1.413400650024414,CORRECT
0009-0014-0002,Một trong số ít người để Charles de Gaulle chỉ định làm lãnh đạo chính phủ là ai?,Mitterrand,Mitterrand,True,False,1,1.0,1.0,0.022940635681152344,8.49481201171875,-0.022940635681152344,CORRECT
0009-0014-0003,"Khi de Gaulle trở lại, Mitterrand đã làm gì?",quyết định đối đầu với Charles de Gaulle,cuộc khủng hỏang tháng 5 năm 1958 và áp lực quân đội,True,False,0,0.0,1.0,1.667269229888916,6.987292766571045,-1.667269229888916,WRONG_SPAN
0009-0014-0004,Hành động của Mitterrand nhằm đối đối với Charles de Gaulle được thông qua khi nào?,ngày 4 tháng 10 năm 1958,,True,True,0,0.0,1.0,2.1014833450317383,6.601984024047852,-2.1014833450317383,ANSWERABLE_PREDICTED_EMPTY
0009-0014-0005,Những phe thất bại bao gồm?,PCF và một số nhà chính trị cộng hòa cánh tả,,True,True,0,0.0,1.0,2.967599868774414,5.9075469970703125,-2.967599868774414,ANSWERABLE_PREDICTED_EMPTY
0009-0015-0001,Ai lập ra Nhóm Công nhân Quốc tế Pháp?,,Nhóm Công nhân Quốc tế Pháp (SFIO) từ chối rút lui ứng cử viên của họ,False,False,0,0.0,1.0,0.5444154739379883,7.6931867599487305,-0.5444154739379883,UNANSWERABLE_FALSE_POSITIVE
0009-0015-0002,Mitterrand nhận được nhiều sự ủng hộ ở vòng mấy của cuộc bầu cử?,vòng hai,vòng hai,True,False,1,1.0,1.0,-0.4941253662109375,8.444686889648438,0.4941253662109375,CORRECT
0009-0015-0003,Ai lập ra Đảng Xã hội Thống nhất?,Mendès-France,,True,True,0,0.0,1.0,2.0457401275634766,6.432460784912109,-2.0457401275634766,ANSWERABLE_PREDICTED_EMPTY
0009-0015-0004,Lãnh đạo là ai?,,,False,True,1,1.0,1.0,4.980699300765991,3.7676775455474854,-4.980699300765991,CORRECT_NO_ANSWER
0009-0015-0005,Mitterrand trúng cử với nhiệm vụ gì?,làm đại diện cho Nièvre trong Thượng viện,,True,True,0,0.0,1.0,4.7124924659729,4.049685955047607,-4.7124924659729,ANSWERABLE_PREDICTED_EMPTY
0009-0015-0006,Mitterrand mất ghế với nhiệm vụ gì?,,,False,True,1,1.0,1.0,4.9942121505737305,3.788397789001465,-4.9942121505737305,CORRECT_NO_ANSWER
0009-0015-0007,Mitterrand nhận được ít sự ủng hộ ở vòng mấy của cuộc bầu cử?,,vòng hai,False,False,0,0.0,1.0,-0.36379051208496094,8.468932151794434,0.36379051208496094,UNANSWERABLE_FALSE_POSITIVE
0009-0015-0008,Mendès-France là ai?,cựu đối thủ bên trong của Molletvà là cựu thành viên có tư tưởng cải cách của Đảng Cộng sản,,True,True,0,0.0,1.0,4.163889408111572,4.5038886070251465,-4.163889408111572,ANSWERABLE_PREDICTED_EMPTY
0009-0015-0009,Ai đã ủng hộ Mitterrand?,những người Cộng sản,,True,True,0,0.0,1.0,4.474734783172607,4.287203311920166,-4.474734783172607,ANSWERABLE_PREDICTED_EMPTY
0009-0016-0001,Ai là người bị cáo buộc đứng sau vụ ám sát?,Thủ tướng Michel Debré,,True,True,0,0.0,1.0,6.877285480499268,1.834460735321045,-6.877285480499268,ANSWERABLE_PREDICTED_EMPTY
0009-0016-0002,Mitterrand chỉ trích những người đã nói gì?,,,False,True,1,1.0,1.0,4.998379230499268,3.668900966644287,-4.998379230499268,CORRECT_NO_ANSWER
0009-0016-0003,Đơn vị ám sát nào được cho là đang nhận nhiệm vụ giết Mitterrand?,Algérie française,,True,True,0,0.0,1.0,3.903683662414551,4.7212018966674805,-3.903683662414551,ANSWERABLE_PREDICTED_EMPTY
0009-0016-0004,Mitterrand tuyên bố đã thóat khỏi âm mưu ám sát tại đâu?,trên Đại lộ de l'Observatoire ở Paris,"nấp phía sau một hàng rào, Vụ Observatory",True,False,0,0.0,1.0,-2.8552770614624023,9.833646774291992,2.8552770614624023,WRONG_SPAN
0009-0016-0005,Làm sao Mitterrand có thể thóat chết?,nấp phía sau một hàng rào,,True,True,0,0.0,1.0,4.037707328796387,4.629728317260742,-4.037707328796387,ANSWERABLE_PREDICTED_EMPTY
0009-0016-0006,Đơn vị ám sát nào của Mitterrand được cho là đang nhận nhiệm vụ giết người?,,,False,True,1,1.0,1.0,3.3101272583007812,5.3391571044921875,-3.3101272583007812,CORRECT_NO_ANSWER
0009-0016-0007,Những người chỉ trích Mitterrand đã nói gì?,chính ông dựng lên vụ ám sát,,True,True,0,0.0,1.0,3.819734573364258,4.817105293273926,-3.819734573364258,ANSWERABLE_PREDICTED_EMPTY
0009-0017-0001,Nhờ gì mà Mitterrand có thể trở lại Quốc hội?,PCF và SFIO,,True,True,0,0.0,1.0,3.8720359802246094,4.888296127319336,-3.8720359802246094,ANSWERABLE_PREDICTED_EMPTY
0009-0017-0002,Những người đối lập với De Gaulle đã làm gì?,tổ chức thành các câu lạc bộ,,True,True,0,0.0,1.0,1.9252963066101074,6.751237392425537,-1.9252963066101074,ANSWERABLE_PREDICTED_EMPTY
0009-0017-0003,Mitterrand giành lại ghế trong Quốc hội trong cuộc thống trị vào năm nào?,,cuộc bầu cử năm 1962,False,False,0,0.0,1.0,0.6878199577331543,7.554072856903076,-0.6878199577331543,UNANSWERABLE_FALSE_POSITIVE
0009-0017-0004,Mitterrand ủng hộ gì khi họat động trong cánh tả thống nhất ở Nièvre?,việc tập hợp các lực lượng cánh tả ở mức độ quốc gia,"ông ủng hộ việc tập hợp các lực lượng cánh tả ở mức độ quốc gia, gồm cả PCF, nhằm thách thức sự thống trị của phái de Gaulle. Hai năm sau, ông trở thành chủ tịch của Đại hội đồng Nièvre",True,False,0,0.4727272727272727,1.0,-4.120418071746826,10.767422676086426,4.120418071746826,SPAN_TOO_LONG
0009-0017-0005,Mitterrand trở thành chủ tịch của Đại hội đồng Nièvre sau bao nhiêu năm?,Hai năm,"Hai năm sau, ông trở thành chủ tịch của Đại hội đồng Nièvre",True,False,0,0.2666666666666667,1.0,0.6892757415771484,7.4809770584106445,-0.6892757415771484,SPAN_TOO_LONG
0009-0017-0006,Mitterrand giành lại ghế trông Quốc hội trong cuộc bầu cử vào năm nào?,cuộc bầu cử năm 1962,"cuộc bầu cử năm 1962, ông giành lại ghế trong Quốc hội",True,False,0,0.5882352941176471,1.0,1.2007861137390137,6.94413423538208,-1.2007861137390137,SPAN_TOO_LONG
0009-0018-0001,Gaston Defferre là ai?,đối thủ của ông trong SFIO,tư cách ứng cử viên tổng thống của Mitterrand,True,False,0,0.13333333333333333,1.0,0.1922922134399414,8.34865951538086,-0.1922922134399414,SPAN_TOO_LONG
0009-0018-0002,Vì sao Mitterrand là một mối đe dọa với các thành viên của các đảng cánh tả?,Mitterrand là một nhân vật đơn độc,"tư cách ứng cử viên tổng thống của Mitterrand đã ngăn cản được Gaston Defferre, đối thủ của ông trong SFIO, khỏi chạy đua chức tổng thống. Hơn nữa, Mitterrand là một nhân vật đơn độc",True,False,0,0.32558139534883723,1.0,-0.32063770294189453,8.131475448608398,0.32063770294189453,SPAN_TOO_LONG
0009-0018-0003,Đảng xã hội cấp tiến có tên viết tắt là?,PR,,True,True,0,0.0,1.0,2.2936296463012695,6.395655632019043,-2.2936296463012695,ANSWERABLE_PREDICTED_EMPTY
0009-0018-0004,Gaston là ai?,,Gaston Defferre,False,False,0,0.0,1.0,0.5808849334716797,7.953454971313477,-0.5808849334716797,UNANSWERABLE_FALSE_POSITIVE
0009-0018-0005,Ai là người đầu tiên coi cuộc bầu cử phổ thông đầu phiếu là một cách thức để đánh bại lãnh đạo đối lập?,Mitterrand,Mitterrand,True,False,1,1.0,1.0,0.2483234405517578,8.022817611694336,-0.2483234405517578,CORRECT
0009-0018-0006,Tư cách ứng viên tổng thống của Mitterrand được ai chấp nhận?,mọi đảng cánh tả,"Quốc tế Công nhân Pháp (SFIO), Đảng Cộng sản Pháp (PCF), Đảng Xã hội cấp tiến (PR) và Đảng Xã hội Thống nhất (PSU)",True,False,0,0.07142857142857142,1.0,-0.3363990783691406,8.466329574584961,0.3363990783691406,SPAN_TOO_LONG
0009-0018-0007,Vì sao các đảng cánh tả là một mối đe dọa với các thành viên của Mitterrand?,,"tư cách ứng cử viên tổng thống của Mitterrand đã ngăn cản được Gaston Defferre, đối thủ của ông trong SFIO, khỏi chạy đua chức tổng thống. Hơn nữa, Mitterrand là một nhân vật đơn độc",False,False,0,0.0,1.0,-0.692049503326416,8.615283966064453,0.692049503326416,UNANSWERABLE_FALSE_POSITIVE
0009-0018-0008,Ai là người đầu tiên coi lãnh đạo đối lập là một cách thức để đánh bại cuộc bầu cử phổ thông đầu phiếu?,,Mitterrand,False,False,0,0.0,1.0,0.5522298812866211,7.798999786376953,-0.5522298812866211,UNANSWERABLE_FALSE_POSITIVE
0009-0019-0001,Mọi ứng viên không vướt quá bao nhiêu phần trăm số phiếu?,10%,mọi ứng cử viên không vượt quá 10% phiếu,True,False,0,0.19999999999999998,1.0,1.1728439331054688,7.107303619384766,-1.1728439331054688,SPAN_TOO_LONG
0009-0019-0002,Các đảng cảnh tả giành được tổng công bao nhiêu ghế?,194,các đảng cánh tả vẫn xoay xở để giành được 63 ghế nhiều hơn trước với tổng cộng 194 ghế,True,False,0,0.09523809523809523,1.0,0.9518108367919922,7.038946151733398,-0.9518108367919922,SPAN_TOO_LONG
0009-0019-0003,Nhóm cánh tả lớn nhất là những ai?,Những người Cộng sản,Những người Cộng sản,True,False,1,1.0,1.0,-1.7763605117797852,9.37864875793457,1.7763605117797852,CORRECT
0009-0019-0004,Liên minh cầm quyền giành được bao nhiêu số ghế?,(247 ghế,Liên minh cầm quyền giành đa số nhưng bị giảm một ghế (247 ghế trong số 487),True,False,0,0.21052631578947367,1.0,-0.8422369956970215,7.968390941619873,0.8422369956970215,SPAN_TOO_LONG
0009-0019-0005,Những người bầu cử chiếm bao nhiêu phần trăm số phiếu?,,,False,True,1,1.0,1.0,4.4067463874816895,4.296183109283447,-4.4067463874816895,CORRECT_NO_ANSWER
0009-0019-0006,Những người cộng sản chiếm bao nhiêu phần trăm số phiếu?,22.5%,Những người Cộng sản,True,False,0,0.0,1.0,0.12138032913208008,7.776566982269287,-0.12138032913208008,WRONG_SPAN
0009-0020-0001,"CIR gia nhập với ""PS"" vào thời gian nào?",Tháng 6 năm 1971,Tháng 6 năm 1971,True,False,1,1.0,1.0,-2.1172127723693848,9.726361274719238,2.1172127723693848,CORRECT
0009-0020-0002,Mitterrand quay sang Đảng xã hội sau sự kiện nào?,Sau thất bại của FGDS,FGDS,True,False,0,0.33333333333333337,1.0,-0.5539693832397461,8.848210334777832,0.5539693832397461,SPAN_TOO_SHORT
0009-0020-0003,Mitterrand quay lưng với Đảng xã hội sau sự kiện nào?,,FGDS,False,False,0,0.0,1.0,0.5783395767211914,7.893429756164551,-0.5783395767211914,UNANSWERABLE_FALSE_POSITIVE
0009-0020-0004,Điều gì là tối cần thiết với Mitterrand để vươn tới quyền phản đối?,,một liên minh bầu cử,False,False,0,0.0,1.0,-1.9986467361450195,9.446004867553711,1.9986467361450195,UNANSWERABLE_FALSE_POSITIVE
0009-0020-0005,Điều gì là tối cần thiết với Mitterrand để vươn tới quyền lực?,một liên minh bầu cử,một liên minh bầu cử,True,False,1,1.0,1.0,-4.332345485687256,10.01169204711914,4.332345485687256,CORRECT
0009-0020-0006,"Ai là người thống trị phe hành pháp của ""PS""?",Guy Mollet,những người ủng hộ Guy Mollet,True,False,0,0.5,1.0,-1.0318708419799805,9.145845413208008,1.0318708419799805,SPAN_TOO_LONG
0009-0020-0007,Những người ủng hộ Guy Mollet đã đề xuất gì?,"một cuộc ""đối thọai lý tưởng"" với những người Cộng sản","Phe hành pháp của ""PS"" khi ấy bị thống trị bởi những người ủng hộ Guy Mollet. Họ đề xuất một cuộc ""đối thọai lý tưởng"" với những người Cộng sản",True,False,0,0.5238095238095238,1.0,-0.6161642074584961,8.581499099731445,0.6161642074584961,SPAN_TOO_LONG
0009-0020-0008,"""PS"" gia nhập với CIR vào thời gian nào?",,Tháng 6 năm 1971,False,False,0,0.0,1.0,-1.9437875747680664,9.662322998046875,1.9437875747680664,UNANSWERABLE_FALSE_POSITIVE
0009-0021-0001,Các đảng Cộng sản xã hội thua trong cuộc bầu cử lập pháp vào năm nào?,năm 1978,cuộc bầu cử lập pháp năm 1978,True,False,0,0.4444444444444445,1.0,1.114638328552246,6.821961402893066,-1.114638328552246,SPAN_TOO_LONG
0009-0021-0002,Ai là người đứng thứ hai của nhóm đối lập trong nội bộ?,,"Michel Rocard, ông chỉ trích chương trình của PS",False,False,0,0.0,1.0,1.505655288696289,6.7228593826293945,-1.505655288696289,UNANSWERABLE_FALSE_POSITIVE
0009-0021-0003,Michel Rocard chỉ trích chương trình PS như thế nào?,"""cổ lỗ"" và ""không thực tế""","""cổ lỗ"" và ""không thực tế""",True,False,1,1.0,1.0,-3.1342954635620117,9.973817825317383,3.1342954635620117,CORRECT
0009-0021-0004,"Năm 1977, các đảng Cộng sản và Xã hội đã không thể làm gì?",nâng cấp Chương trình Chung,nâng cấp Chương trình Chung,True,False,1,1.0,1.0,-0.7116060256958008,8.050901412963867,0.7116060256958008,CORRECT
0009-0021-0005,Chương trình PS chỉ trích Michel Rocard như thế nào?,,"chương trình của PS là ""cổ lỗ"" và ""không thực tế""",False,False,0,0.0,1.0,0.021579742431640625,8.201424598693848,-0.021579742431640625,UNANSWERABLE_FALSE_POSITIVE
0009-0021-0006,Ai là người đảm nhận vai trò lãnh đạo cánh tả?,những người Xã hội,"những người Xã hội đảm nhận vai trò lãnh đạo cánh tả, để lần đầu tiên có nhiều phiếu hơn nhữn người Cộng sản",True,False,0,0.2857142857142857,1.0,0.4219231605529785,7.8377203941345215,-0.4219231605529785,SPAN_TOO_LONG
0009-0021-0007,Ai là người đứng đầu của nhóm đối lập trong nội bộ?,Michel Rocard,"Michel Rocard, ông chỉ trích chương trình của PS",True,False,0,0.3636363636363636,1.0,1.0924344062805176,6.995927333831787,-1.0924344062805176,SPAN_TOO_LONG
0009-0022-0001,Mitterrand lên án họat động của ai?,tổng thống đương nhiệm,tổng thống đương nhiệm,True,False,1,1.0,1.0,-1.7191286087036133,9.204290390014648,1.7191286087036133,CORRECT
0009-0022-0002,"Mitterrand dựa một ""chính trị khác"", kêu gọi trên chương trình gì?",,chương trình Xã hội 110 Đề xuất cho nước Pháp,False,False,0,0.0,1.0,-3.9411487579345703,7.27656364440918,3.9411487579345703,UNANSWERABLE_FALSE_POSITIVE
0009-0022-0003,"Ở vòn hai, Mitterrand thắng cử với bao nhiêu phần trăm phiếu bầu?",51.76%,,True,True,0,0.0,1.0,3.5544652938842773,5.020302772521973,-3.5544652938842773,ANSWERABLE_PREDICTED_EMPTY
0009-0022-0004,"Mitterrand kêu gọi một ""chính trị khác"", dựa trên chương trình gì?",Xã hội 110,chương trình Xã hội 110 Đề xuất cho nước Pháp,True,False,0,0.4615384615384615,1.0,-4.302416086196899,7.63723611831665,4.302416086196899,SPAN_TOO_LONG
0009-0022-0005,"Ở vòng ba, Mitterrand thắng cử với bao nhiêu phần trăm phiếu bầu?",,,False,True,1,1.0,1.0,3.1067419052124023,5.379276275634766,-3.1067419052124023,CORRECT_NO_ANSWER
0009-0022-0006,Mitterrand hưởng lợi từ đâu?,cuộc xung đột trong cánh hữu đa số,cuộc xung đột trong cánh hữu đa số,True,False,1,1.0,1.0,0.4942626953125,7.910488128662109,-0.4942626953125,CORRECT
0009-0022-0007,"Ở vòng một, Mitterand giành được bao nhiêu phần trăm số phiếu?",25.85%,25.85% phiếu bầu ở vòng một,True,False,0,0.4444444444444445,1.0,-0.21983814239501953,8.175654411315918,0.21983814239501953,SPAN_TOO_LONG
0009-0022-0008,PCF hưởng lợi từ đâu?,,cuộc xung đột trong cánh hữu đa số,False,False,0,0.0,1.0,1.6029458045959473,6.901076793670654,-1.6029458045959473,UNANSWERABLE_FALSE_POSITIVE
0009-0022-0009,Mitterrand làm vững họat động của ai?,,tổng thống đương nhiệm,False,False,0,0.0,1.0,-1.560098648071289,8.984034538269043,1.560098648071289,UNANSWERABLE_FALSE_POSITIVE
0009-0023-0001,Sự đánh dấu nhiệm kì của Mitterrand được khởi đầu bằng thứ gì?,,"một chính sách kinh tế cánh tả dựa trên 110 Đề xuất cho Pháp và Common Program năm 1972 giữa Đảng Xã hội, Đảng Cộng sản và Đảng Cấp tiến cánh Tả",False,False,0,0.0,1.0,0.8532319068908691,7.673187732696533,-0.8532319068908691,UNANSWERABLE_FALSE_POSITIVE
0009-0023-0002,Vấn đề nào được tối thiểu nhiều hơn hết?,,,False,True,1,1.0,1.0,5.240792274475098,3.555065155029297,-5.240792274475098,CORRECT_NO_ANSWER
0009-0023-0003,"Trong đề xuất kinh tế của Mitterrand, châu Âu yêu cầu tăng tối thiểu bao nhiêu phần trăm lương?",,,False,True,1,1.0,1.0,1.8827390670776367,6.782726287841797,-1.8827390670776367,CORRECT_NO_ANSWER
0009-0023-0004,Vấn đề nào được chú trong nhiều hơn hết?,cuộc chiến chống lạm phát,,True,True,0,0.0,1.0,6.291173219680786,2.57733416557312,-6.291173219680786,ANSWERABLE_PREDICTED_EMPTY
0009-0023-0005,"Trong đề xuất kinh tế của mình, Mitterrand quy định bao nhiêu giờ làm việc mỗi tuần?",39,,True,True,0,0.0,1.0,3.989138603210449,4.758512496948242,-3.989138603210449,ANSWERABLE_PREDICTED_EMPTY
0009-0023-0006,Mục tiêu của chính sách kinh tế tự do là gì?,,Mục tiêu là khuyến khích bùng nổ nhu cầu và vì thế là cả họat động kinh tế (Keynesianism),False,False,0,0.0,1.0,0.7012653350830078,7.86922550201416,-0.7012653350830078,UNANSWERABLE_FALSE_POSITIVE
0009-0023-0007,Mục tiêu của chính sách kinh tế cánh tả là gì?,khuyến khích bùng nổ nhu cầu,Mục tiêu là khuyến khích bùng nổ nhu cầu và vì thế là cả họat động kinh tế (Keynesianism),True,False,0,0.4799999999999999,1.0,-0.1624755859375,8.646139144897461,0.1624755859375,SPAN_TOO_LONG
0009-0023-0008,"Trong đề xuất kinh tế của Mitterrand, ông yêu cầu tăng tối thiểu bao nhiêu phần trăm lương?",10%,,True,True,0,0.0,1.0,2.608133316040039,6.108095169067383,-2.608133316040039,ANSWERABLE_PREDICTED_EMPTY
0009-0023-0009,Sự khởi đầu nhiệm kì của Mitterrand được dánh dấu bằng thứ gì?,"một chính sách kinh tế cánh tả dựa trên 110 Đề xuất cho Pháp và Common Program năm 1972 giữa Đảng Xã hội, Đảng Cộng sản và Đảng Cấp tiến cánh Tả","một chính sách kinh tế cánh tả dựa trên 110 Đề xuất cho Pháp và Common Program năm 1972 giữa Đảng Xã hội, Đảng Cộng sản và Đảng Cấp tiến cánh Tả",True,False,1,1.0,1.0,0.7184615135192871,7.823227405548096,-0.7184615135192871,CORRECT
0009-0024-0001,Belgrade trở thành công dân danh dự đầu tiên của Mitterrand vào năm nào?,,Năm 1983,False,False,0,0.0,1.0,-1.021514892578125,8.971597671508789,1.021514892578125,UNANSWERABLE_FALSE_POSITIVE
0009-0024-0002,Nội dung phụ của Đạo luật anti-casseurs là gì?,,,False,True,1,1.0,1.0,2.708744525909424,5.695382595062256,-2.708744525909424,CORRECT_NO_ANSWER
0009-0024-0003,"Về các chính sách văn hóa và xã hỗi, Mitterrand đã làm gì?",bãi bỏ hình phạt tử hình,Mitterrand đã bãi bỏ hình phạt tử hình,True,False,0,0.8571428571428571,1.0,0.42392873764038086,7.965087413787842,-0.42392873764038086,SPAN_TOO_LONG
0009-0024-0004,Nội dung chính của Đạo luật anti-casseurs?,quy trách nhiệm cho các hành động bạo lực trong các cuộc biểu tình,,True,True,0,0.0,1.0,3.5810070037841797,5.052156448364258,-3.5810070037841797,ANSWERABLE_PREDICTED_EMPTY
0009-0024-0005,"Sau khi lên nhậm chức, Mitterrand đã giải tán cơ quan nào?",Cour de sûreté,Cour de sûreté,True,False,1,1.0,1.0,0.20686721801757812,8.170148849487305,-0.20686721801757812,CORRECT
0009-0024-0006,Một trong những đạo luật mà Mitterrand thông qua là?,bộ luật phi tập trung đầu tiên (Đạo luật Defferre) và tự do hóa truyền thông,,True,True,0,0.0,1.0,6.535266876220703,2.385753631591797,-6.535266876220703,ANSWERABLE_PREDICTED_EMPTY
0009-0024-0007,Mitterrand trở thành công dân danh dự đầu tiên của Mitterrand vào năm nào?,Năm 1983,"1983, Mitterrand trở thành một công dân danh dự của Belgrade",True,False,0,0.15384615384615385,1.0,1.4243955612182617,6.624741554260254,-1.4243955612182617,SPAN_TOO_LONG
0009-0024-0008,Một trong những đạo luật mà Belgrade thông qua là?,,,False,True,1,1.0,1.0,6.036051273345947,2.898439884185791,-6.036051273345947,CORRECT_NO_ANSWER
0009-0025-0001,Mitterrand ngầm xung đột gì?,,,False,True,1,1.0,1.0,2.8115806579589844,5.5926666259765625,-2.8115806579589844,CORRECT_NO_ANSWER
0009-0025-0002,Ai đảm nhiệm việc xử lí các chính sách nổi lọan?,,,False,True,1,1.0,1.0,4.536766052246094,4.094535827636719,-4.536766052246094,CORRECT_NO_ANSWER
0009-0025-0003,Đâu là một trong những hành động gây xung đột giữa hai nhà lãnh đạo?,"Mitterrand từ chối ký các nghị định tự do hóa, buộc Chirac phải để nó được thông qua theo đường nghị viện",,True,True,0,0.0,1.0,2.661510944366455,5.80670690536499,-2.661510944366455,ANSWERABLE_PREDICTED_EMPTY
0009-0025-0004,Mitterrand ngầm ủng hộ gì?,các phong trào xã hội,Hông ngầm ủng hộ các phong trào xã hội,True,False,0,0.7142857142857143,1.0,0.6615695953369141,7.559772491455078,-0.6615695953369141,SPAN_TOO_LONG
0009-0025-0005,Danh tiếng của Mitterrand tăng lên nhờ đâu?,Lợi dụng những khó khăn của nội các Chirac,Lợi dụng những khó khăn của nội các Chirac,True,False,1,1.0,1.0,-0.8977389335632324,8.828733444213867,0.8977389335632324,CORRECT
0009-0025-0006,Ai đảm nhiệm việc xử lí các chính sách đối nội?,Chirac,,True,True,0,0.0,1.0,4.863632917404175,3.8249847888946533,-4.863632917404175,ANSWERABLE_PREDICTED_EMPTY
0009-0025-0007,Mitterrand xử lí các vấn đề nào?,quan hệ nước ngòai và quốc phòng,"Chirac xử lý hầu hết các chính sách trong nước trong khi Mitterrand tập trung vào ""lĩnh vực dành riêng"" của ông: quan hệ nước ngòai và quốc phòng",True,False,0,0.3888888888888889,1.0,1.5360994338989258,6.946444511413574,-1.5360994338989258,SPAN_TOO_LONG
0009-0026-0001,Nhiệm kì thứ hai của Mitterrand bị xóa bỏ bởi điều gì?,,"việc thành lập Bù đắp Thu nhập Tối thiểu (RMI), đảm bảo một mức độ thu nhập tối thiểu cho những người bị tước đọat bất kỳ hình thức thu nhập nào, việc tái lập thuế đòan kết vào tài sản",False,False,0,0.0,1.0,-0.6068353652954102,9.189679145812988,0.6068353652954102,UNANSWERABLE_FALSE_POSITIVE
0009-0026-0002,Một trong những thứ được cải cách là gì?,Chính sách Nông nghiệp Chung,,True,True,0,0.0,1.0,5.246292591094971,3.7127432823181152,-5.246292591094971,ANSWERABLE_PREDICTED_EMPTY
0009-0026-0003,Nhiệm kì thứ hai của Mitterrand được dánh dấu bởi điều gì?,Thỏa thuận Matignon về New Caledonia,Thỏa thuận Matignon về New Caledonia,True,False,1,1.0,1.0,0.5894985198974609,8.058242797851562,-0.5894985198974609,CORRECT
0009-0026-0004,Một trong những thứ không được cải cách là gì?,,,False,True,1,1.0,1.0,5.8898704051971436,3.078829050064087,-5.8898704051971436,CORRECT_NO_ANSWER
0009-0026-0005,Lọai thuế nào đã từng bị xóa bỏ dưới thời chính phủ Chirac?,thuế đòan kết,việc tái lập thuế đòan kết vào tài sản,True,False,0,0.5,1.0,-5.516485214233398,10.32459831237793,5.516485214233398,SPAN_TOO_LONG
0009-0026-0006,"Theo thỏa thuận Matignon vè New Caledonia, những người bị tước đọat bất kì hình thức thu nhập nào được đảm bảo điều gì?",một mức độ thu nhập tối thiểu,"Bù đắp Thu nhập Tối thiểu (RMI), đảm bảo một mức độ thu nhập tối thiểu",True,False,0,0.6086956521739131,1.0,-4.036080360412598,10.022558212280273,4.036080360412598,SPAN_TOO_LONG
0009-0026-0007,Lọai thuế nào đã từng bị xóa bỏ dưới thời chính phủ?,,việc tái lập thuế đòan kết vào tài sản,False,False,0,0.0,1.0,-3.4063076972961426,9.89991569519043,3.4063076972961426,UNANSWERABLE_FALSE_POSITIVE
0009-0026-0008,Những dấu hiệu nào cho thấy ngành xây dựng được thúc đẩy?,"Nhiều công trình kiến trúc lớn được tiếp tục, với việc xây dựng Kim tự tháp Louvre, Đường hầm eo biển Manche, Grande Arche tại La Défense, Bastille Opera, Bộ Tài chính tại Bercy, Thư viện Quốc gia Pháp",,True,True,0,0.0,1.0,5.982648849487305,2.9798583984375,-5.982648849487305,ANSWERABLE_PREDICTED_EMPTY
0009-0027-0001,Rocard tự cách chức vào thời gian nào?,,,False,True,1,1.0,1.0,6.144464731216431,2.5469768047332764,-6.144464731216431,CORRECT_NO_ANSWER
0009-0027-0002,Ai là người Rocard thay thế?,,,False,True,1,1.0,1.0,3.5682106018066406,4.96578311920166,-3.5682106018066406,CORRECT_NO_ANSWER
0009-0027-0003,Pierre Bérégovoy tự sát vào thời gian nào?,ngày 1 tháng 5 năm 1993,Ông tự sát ngày 1 tháng 5 năm 1993,True,False,0,0.8,1.0,1.351226806640625,6.728490829467773,-1.351226806640625,SPAN_TOO_LONG
0009-0027-0004,Người Edith Cresson kế nhiệm là ai?,,,False,True,1,1.0,1.0,3.9695568084716797,4.4781951904296875,-3.9695568084716797,CORRECT_NO_ANSWER
0009-0027-0005,Rocard bị cách chức vào thời gian nào?,năm 1991,,True,True,0,0.0,1.0,6.0013651847839355,2.5930685997009277,-6.0013651847839355,ANSWERABLE_PREDICTED_EMPTY
0009-0027-0006,Vì sao Rocard bãi chức Mitterrand?,,,False,True,1,1.0,1.0,2.959205150604248,5.476048946380615,-2.959205150604248,CORRECT_NO_ANSWER
0009-0027-0007,Ai là người thay thế Rocard?,Edith Cresson,,True,True,0,0.0,1.0,4.810127258300781,3.750340461730957,-4.810127258300781,ANSWERABLE_PREDICTED_EMPTY
0009-0027-0008,Vì sao Mitterrand bãi chức Rocard?,Bất bình với thất bại của Rocard trong việc thực hiện các chương trình xã hội,,True,True,0,0.0,1.0,3.160477638244629,5.288495063781738,-3.160477638244629,ANSWERABLE_PREDICTED_EMPTY
0009-0027-0009,Người kế nhiệm của Edith Cresson là ai?,Pierre Bérégovoy,,True,True,0,0.0,1.0,1.870985984802246,6.459759712219238,-1.870985984802246,ANSWERABLE_PREDICTED_EMPTY
0009-0028-0001,Edouraud là ai?,,,False,True,1,1.0,1.0,5.518496990203857,3.259636402130127,-5.518496990203857,CORRECT_NO_ANSWER
0009-0028-0002,Edouraud Balladur là ai?,Bộ trưởng Tài chính của đảng Tập hợp vì nền Cộng hòa,,True,True,0,0.0,1.0,2.1953277587890625,6.480381965637207,-2.1953277587890625,ANSWERABLE_PREDICTED_EMPTY
0009-0028-0003,Ai được Mitterrand chỉ định làm Thủ tướng?,Edouard Balladur,cựu Bộ trưởng Tài chính của đảng Tập hợp vì nền Cộng hòa Edouard Balladur,True,False,0,0.23529411764705882,1.0,-3.4698801040649414,10.332242965698242,3.4698801040649414,SPAN_TOO_LONG
0009-0028-0004,Mitterrand thất bại khi tái tranh cử vào năm nào?,năm 1995,,True,True,0,0.0,1.0,3.352220058441162,5.197983264923096,-3.352220058441162,ANSWERABLE_PREDICTED_EMPTY
0009-0028-0005,Ai được Mitterrand chỉ định làm Tổng thống?,,cựu Bộ trưởng Tài chính của đảng Tập hợp vì nền Cộng hòa Edouard Balladur,False,False,0,0.0,1.0,-0.903141975402832,8.854826927185059,0.903141975402832,UNANSWERABLE_FALSE_POSITIVE
0009-0028-0006,Ai là người mà Mitterrand kế nhiệm?,,,False,True,1,1.0,1.0,2.9488344192504883,5.641745567321777,-2.9488344192504883,CORRECT_NO_ANSWER
0009-0028-0007,Những điều gì đã làm Mitterrand suy yếu?,bệnh ung the,"bệnh ung the, vụ scandal về quá khứ của ông trong chế độ Vichy, và vụ tự sát của người bạn François de Grossouvre",True,False,0,0.2222222222222222,1.0,-0.7549171447753906,8.986276626586914,0.7549171447753906,SPAN_TOO_LONG
0009-0028-0008,Ai là người kế nhiệm của Mitterrand?,Jacques Chirac,,True,True,0,0.0,1.0,3.19265079498291,5.398982048034668,-3.19265079498291,ANSWERABLE_PREDICTED_EMPTY
0009-0029-0001,Mitterrand viếng thăm nước Nga khi nào?,tháng 11 năm 1988,,True,True,0,0.0,1.0,3.123007297515869,5.716866970062256,-3.123007297515869,ANSWERABLE_PREDICTED_EMPTY
0009-0029-0002,Mitterrand kêu gọi sự hợp tác chặt chẽ hơn từ đâu?,châu Âu,,True,True,0,0.0,1.0,2.4736127853393555,6.226809501647949,-2.4736127853393555,ANSWERABLE_PREDICTED_EMPTY
0009-0029-0003,Mitterrand muốn duy trì quyền lực của Pháp tại lục địa nào?,,"châu Phi dẫn tới những tranh cãi liên quan tới vai trò của Pháp trong cuộc Diệt chủng Rwanda. Dù có những liên hệ với cánh tả của Mitterrand, trong thập niên 1980 nước Pháp ngày càng xa cách khỏi Liên Xô",False,False,0,0.0,1.0,-0.09960556030273438,8.247440338134766,0.09960556030273438,UNANSWERABLE_FALSE_POSITIVE
0009-0029-0004,Quan hệ giữa Liên Xô và Paris ngày càng xa cách trong thời gian nào?,thập niên 1980,,True,True,0,0.0,1.0,2.503340244293213,5.87988805770874,-2.503340244293213,ANSWERABLE_PREDICTED_EMPTY
0009-0029-0005,Mitterrand muốn duy trì quyền lực của Paris tại lục địa nào?,châu Phi,"châu Phi dẫn tới những tranh cãi liên quan tới vai trò của Pháp trong cuộc Diệt chủng Rwanda. Dù có những liên hệ với cánh tả của Mitterrand, trong thập niên 1980 nước Pháp ngày càng xa cách khỏi Liên Xô",True,False,0,0.0909090909090909,1.0,0.2694520950317383,7.993050575256348,-0.2694520950317383,SPAN_TOO_LONG
0009-0029-0006,Cơ quan nào của Nga đã chỉ trích Mitterrand?,truyền thông,,True,True,0,0.0,1.0,4.087578296661377,4.835943698883057,-4.087578296661377,ANSWERABLE_PREDICTED_EMPTY
0009-0030-0001,Đa phần những thành tựu của Mitterrand là trên bình diện nào?,bình diện quốc tế,"quốc tế, đặc biệt trong Cộng đồng Kinh tế châu Âu",True,False,0,0.26666666666666666,1.0,-0.09814214706420898,7.977220058441162,0.09814214706420898,SPAN_TOO_LONG
0009-0030-0002,"Tháng 2 năm 1986, Mitterrand đã đưa Đạo luật gì đi vào thực hiện?",Đạo luật Một châu Âu,Đạo luật Một châu Âu,True,False,1,1.0,1.0,-5.342437744140625,9.56625747680664,5.342437744140625,CORRECT
0009-0030-0003,Mitterrand có sự hợp tác tốt với ai?,Helmut Kohl,,True,True,0,0.0,1.0,4.784623146057129,3.980134963989258,-4.784623146057129,ANSWERABLE_PREDICTED_EMPTY
0009-0030-0004,Mitterrand giúp một Đạo luật đi vào họat động vào thời gian nào?,Tháng 2 năm 1986,Đạo luật Một châu Âu,True,False,0,0.0,1.0,-2.0888195037841797,9.36560344696045,2.0888195037841797,WRONG_SPAN
0009-0030-0005,Hiệp ước Maastricht được kí kết vào ngày tháng năm nào?,ngày 7 tháng 2 năm 1992,1992,True,False,0,0.2857142857142857,1.0,0.796332836151123,6.100790500640869,-0.796332836151123,SPAN_TOO_SHORT
0009-0030-0006,"Tháng 7 năm 1986, Mitterrand đã đưa Đạo luật gì đi vào thực hiện?",,Đạo luật Một châu Âu,False,False,0,0.0,1.0,-4.886031150817871,9.5310697555542,4.886031150817871,UNANSWERABLE_FALSE_POSITIVE
0009-0031-0001,Cái gì đánh dấu sự thay đổi đáng kể trong chính sách của Pháp với các quốc gia từng là thuộc địa?,bài diễn văn La Baule của Mitterrand,loi-cadre Defferre năm 1956 dẫn tới tính cảm chống thực dân,True,False,0,0.0,1.0,-1.1044445037841797,9.748249053955078,1.1044445037841797,WRONG_SPAN
0009-0031-0002,Bức tường Berlin sụp đổ vào năm nào?,năm 1989,,True,True,0,0.0,1.0,2.6391830444335938,6.360221862792969,-2.6391830444335938,ANSWERABLE_PREDICTED_EMPTY
0009-0031-0003,Cái gì đánh dấu sự thay đổi đáng kể trong chính sách của các quốc gia với Pháp từng là thuộc địa?,,loi-cadre Defferre năm 1956 dẫn tới tính cảm chống thực dân,False,False,0,0.0,1.0,-0.06288909912109375,8.866378784179688,0.06288909912109375,UNANSWERABLE_FALSE_POSITIVE
0009-0031-0004,Quốc gia nào có nỗ lực cao nhất về viện trợ phát triển?,Pháp,Các nước kém phát triển,True,False,0,0.0,1.0,0.5669546127319336,8.0250883102417,-0.5669546127319336,WRONG_SPAN
0009-0031-0005,"Trong năm 1960, Mitterrand đã có bài phát biểu nổi tiếng nào?",La Baule,,True,True,0,0.0,1.0,3.510650634765625,5.406867027282715,-3.510650634765625,ANSWERABLE_PREDICTED_EMPTY
0009-0031-0006,"Theo Mitterrand, các lãnh đạo nhà nước phải đáp ứng những kì vọng, yêu cầu của nhân dân bằng việc gì?","một sự ""mở rộng dân chủ"", gồm một hệ thống đại diện, bầu cử tự do, đa đảng phái, tự do báo chí, tư pháp độc lập, và xóa bỏ kiểm duyệt","một sự ""mở rộng dân chủ"", gồm một hệ thống đại diện, bầu cử tự do, đa đảng phái, tự do báo chí, tư pháp độc lập, và xóa bỏ kiểm duyệt",True,False,1,1.0,1.0,-3.162006378173828,9.705235481262207,3.162006378173828,CORRECT
0009-0032-0001,Pétain đảm nhận vai trò gì trong Phát xít Đức?,,,False,True,1,1.0,1.0,4.959736108779907,3.73508620262146,-4.959736108779907,CORRECT_NO_ANSWER
0009-0032-0002,"Sau khi quê nhà bị Đức chiếm đóng, Pétain lãnh đạo chế độ gì?",Vichy,Vichy Pháp,True,False,0,0.6666666666666666,1.0,1.5428142547607422,6.715604782104492,-1.5428142547607422,SPAN_TOO_LONG
0009-0032-0003,Mitterrand bị tấn công khi nào?,năm 1992,năm 1992,True,False,1,1.0,1.0,0.776611328125,7.549555778503418,-0.776611328125,CORRECT
0009-0032-0004,Những chính trị gia nào đã đặt vòng hoa trên mộ Pétain?,Charles de Gaulle và Valéry Giscard d'Estaing,các tổng thống Charles de Gaulle và Valéry Giscard d'Estaing,True,False,0,0.8421052631578948,1.0,-2.0345306396484375,10.062604904174805,2.0345306396484375,SPAN_TOO_LONG
0009-0032-0005,Pétain đảm nhận vai trò gì trong Thế chiến I?,lãnh đạo các lực lượng vũ trang Pháp tại Trận Verdun,,True,True,0,0.0,1.0,4.185002326965332,4.434072494506836,-4.185002326965332,ANSWERABLE_PREDICTED_EMPTY
0009-0032-0006,Vì sao Mitterrand bị tấn công?,khi mọi người phát hiện rằng ông đã sắp xếp việc đặt vòng hoa trên mộ Thống chế Philippe Pétain vào mỗi Ngày đình chiến từ năm 1987,ông đã sắp xếp việc đặt vòng hoa trên mộ Thống chế Philippe Pétain vào mỗi Ngày đình chiến từ năm 1987,True,False,0,0.88,1.0,0.5564241409301758,8.030707359313965,-0.5564241409301758,SPAN_TOO_SHORT
0009-0033-0001,Cơ quan tư vấn Henri được thành lập bởi Đảng nào?,,Đảng Xã hội,False,False,0,0.0,1.0,-0.561244010925293,8.47081470489502,0.561244010925293,UNANSWERABLE_FALSE_POSITIVE
0009-0033-0002,Chiến dịch tranh cử của Mitterrand do ai khởi xướng?,Henri Nallet,Chiến dịch tranh cử của Mitterrand năm 1988 được chỉ đạo bởi Henri Nallet,True,False,0,0.25,1.0,0.6438617706298828,7.812849044799805,-0.6438617706298828,SPAN_TOO_LONG
0009-0033-0003,Ai là người phụ trách tài chính của Đảng Xã hội?,Henri Emmanuelli,Người phụ trách tài chính của Đảng Xã hội Henri Emmanuelli,True,False,0,0.3076923076923077,1.0,0.3075294494628906,8.171405792236328,-0.3075294494628906,SPAN_TOO_LONG
0009-0033-0004,Cơ quan nào được thành lập năm 1971?,Cơ quan tư vấn Urba,Cơ quan tư vấn Urba,True,False,1,1.0,1.0,0.2597827911376953,8.035558700561523,-0.2597827911376953,CORRECT
0009-0033-0005,Cơ quan tư vấn Urba được thành lập bởi Đảng nào?,Đảng Xã hội,Đảng Xã hội,True,False,1,1.0,1.0,-2.9678468704223633,9.625580787658691,2.9678468704223633,CORRECT
0009-0033-0006,Mục đích của việc thành lập cơ quan tư vấn Mitterrand là gì?,,,False,True,1,1.0,1.0,5.4605255126953125,3.2773704528808594,-5.4605255126953125,CORRECT_NO_ANSWER
0009-0033-0007,Chiến dịch tranh cử của Mitterrand do ai điều tra?,,Chiến dịch tranh cử của Mitterrand năm 1988 được chỉ đạo bởi Henri Nallet,False,False,0,0.0,1.0,-0.06061077117919922,8.396330833435059,0.06061077117919922,UNANSWERABLE_FALSE_POSITIVE
0009-0033-0008,Mục đích của việc thành lập cơ quan tư vấn Urba là gì?,cố vấn cho các xã đang dưới quyền lãnh đạo của phe xã hội về các dự án cơ sở hạ tầng và dự án công cộng,,True,True,0,0.0,1.0,4.584993362426758,4.0961456298828125,-4.584993362426758,ANSWERABLE_PREDICTED_EMPTY
0009-0033-0009,Cơ quan nào được thành lập năm 1988?,,,False,True,1,1.0,1.0,2.7457504272460938,5.84237003326416,-2.7457504272460938,CORRECT_NO_ANSWER
0009-0033-0010,Ai là người phụ trách tài chính Xã hội của Đảng?,,Người phụ trách tài chính của Đảng Xã hội Henri Emmanuelli,False,False,0,0.0,1.0,1.158757209777832,7.412432670593262,-1.158757209777832,UNANSWERABLE_FALSE_POSITIVE
0009-0034-0001,Hàng ngành cuộc nói chuyện đã bị ghi lại tại đâu?,Điện Elysée,,True,True,0,0.0,1.0,4.128086566925049,4.719733715057373,-4.128086566925049,ANSWERABLE_PREDICTED_EMPTY
0009-0034-0002,Tờ báo nào đã phát giác hành vi thu âm phi pháp của Mitterrand?,Libération,tờ Libération,True,False,0,0.6666666666666666,1.0,0.06570911407470703,8.393782615661621,-0.06570911407470703,SPAN_TOO_LONG
0009-0034-0003,Tổng cộng có bao nhiêu đọan hội thọai đã bị nghe lén?,3000 cuộc hội thọai,,True,True,0,0.0,1.0,3.3054656982421875,5.41213321685791,-3.3054656982421875,ANSWERABLE_PREDICTED_EMPTY
0009-0034-0004,"Mitterrand thành lập một ""đơn vị chống khủng bố"" trong thời gian nào?",Từ năm 1982 tới năm 1986,Từ năm 1982 tới năm 1986,True,False,1,1.0,1.0,0.2791728973388672,8.11985969543457,-0.2791728973388672,CORRECT
0009-0034-0005,Đơn vị nào nằm dưới quyền giám sát của Thủ tướng?,Cảnh sát Quốc gia và Gendarmerie,Cảnh sát Quốc gia và Gendarmerie,True,False,1,1.0,1.0,-1.4793643951416016,9.63371467590332,1.4793643951416016,CORRECT
0009-0034-0006,Đơn vị nào nắm quyền giám sát của Thủ tướng?,,"Cảnh sát Quốc gia và Gendarmerie, họat động dưới quyền Thủ tướng, và dưới sự giám sát của tư pháp",False,False,0,0.0,1.0,-0.21602439880371094,8.685331344604492,0.21602439880371094,UNANSWERABLE_FALSE_POSITIVE
0009-0035-0001,Vụ kiện được đưa ra Tòa sau bao nhiêu năm?,20 năm,,True,True,0,0.0,1.0,2.740300178527832,5.912012100219727,-2.740300178527832,ANSWERABLE_PREDICTED_EMPTY
0009-0035-0002,Bao nhiêu người bị kết tội xâm phạm quyền bảo mật thông tin cá nhân?,12 người,,True,True,0,0.0,1.0,4.182650566101074,4.615692138671875,-4.182650566101074,ANSWERABLE_PREDICTED_EMPTY
0009-0035-0003,"Ngày 15 tháng 12 năm 2004, vụ việc được xét xử tại đâu?",,phòng số 16 của tòa án trừng phạt Paris,False,False,0,0.0,1.0,-3.2271533012390137,9.563129425048828,3.2271533012390137,UNANSWERABLE_FALSE_POSITIVE
0009-0035-0004,Cơ quan nào đã giải mã thành công một số những hồ sơ liên quan?,la Commission consultative du secret de la défense nationale,,True,True,0,0.0,1.0,1.9344549179077148,6.898720741271973,-1.9344549179077148,ANSWERABLE_PREDICTED_EMPTY
0009-0035-0005,"Ngày 15 tháng 11 năm 2004, vụ việc được xét xử tại đâu?",phòng số 16 của tòa án trừng phạt Paris,phòng số 16 của tòa án trừng phạt Paris,True,False,1,1.0,1.0,-3.929853916168213,9.871091842651367,3.929853916168213,CORRECT
0009-0035-0006,Cuộc điều tra kết thúc nào năm nào?,năm 2000,,True,True,0,0.0,1.0,3.050654888153076,5.568360805511475,-3.050654888153076,ANSWERABLE_PREDICTED_EMPTY
0009-0035-0007,Vụ kiện được đưa ra án treo sau bao nhiêu năm?,,,False,True,1,1.0,1.0,2.7488203048706055,5.898377418518066,-2.7488203048706055,CORRECT_NO_ANSWER
0009-0036-0001,"Theo Tòa án, ai là người nghe lén vụ điện thọai của chủ mưu?",,"người bạn của Carole Bouquet, một luật sư có gia đình ở Trung Đông, Edwy Plenel, một nhà báo của tờ le Monde người theo dõi câu chuyện Rainbow Warriorvà luật sư Antoine Comte",False,False,0,0.0,1.0,-1.278289794921875,9.850961685180664,1.278289794921875,UNANSWERABLE_FALSE_POSITIVE
0009-0036-0002,Hội đồng Tòa án đưa ra phán quyết cuối cùng vào thời gian nào?,ngày 9 tháng 11 năm 2005,Tòa trừng phạt Paris,True,False,0,0.0,1.0,1.7822580337524414,7.196850776672363,-1.7822580337524414,WRONG_SPAN
0009-0036-0003,"Theo Tòa án, ai là người chủ mưu của vụ nghe lén điện thọai?",Mitterrand,"người bạn của Carole Bouquet, một luật sư có gia đình ở Trung Đông, Edwy Plenel, một nhà báo của tờ le Monde người theo dõi câu chuyện Rainbow Warriorvà luật sư Antoine Comte",True,False,0,0.0,1.0,-1.349015235900879,9.765719413757324,1.349015235900879,WRONG_SPAN
0009-0036-0004,Một trong những nạn nhân bị ghi âm trong lúc nói chuyện là ai?,Edwy Plenel,,True,True,0,0.0,1.0,5.535186290740967,3.456638813018799,-5.535186290740967,ANSWERABLE_PREDICTED_EMPTY
0009-0036-0005,Người dân vẫn chưa biết những gì về Mitterrand?,bệnh ung thư tuyến tiền liệt của ông được chẩn đóan năm 1981 và các chi tiết quá khứ của ông thời Chế độ Vichy,,True,True,0,0.0,1.0,3.3064732551574707,5.605020999908447,-3.3064732551574707,ANSWERABLE_PREDICTED_EMPTY
0009-0036-0006,Mitterrand chống cùng với 7 thành viên của đơn vị khủng bố bị coi là những ai?,,"người thành lập và kiểm sóat hầu hết chiến dịch.""",False,False,0,0.0,1.0,-1.1480026245117188,9.0244722366333,1.1480026245117188,UNANSWERABLE_FALSE_POSITIVE
0009-0036-0007,Hội đồng Tòa án đưa ra phán quyết tạm thời vào thời gian nào?,,,False,True,1,1.0,1.0,3.4499449729919434,5.523519039154053,-3.4499449729919434,CORRECT_NO_ANSWER
0009-0036-0008,Một trong những nạn nhân bị làm ngơ trong lúc nói chuyện là ai?,,,False,True,1,1.0,1.0,5.530956983566284,3.4677278995513916,-5.530956983566284,CORRECT_NO_ANSWER
0009-0036-0009,Người dân vẫn biết những gì về Mitterrand?,,,False,True,1,1.0,1.0,4.1479105949401855,4.825388431549072,-4.1479105949401855,CORRECT_NO_ANSWER
0009-0036-0010,Mitterrand cùng với 7 thành viên của đơn vị chống khủng bố bị coi là những ai?,"""người thành lập và kiểm sóat hầu hết chiến dịch.""","người thành lập và kiểm sóat hầu hết chiến dịch.""",True,False,1,1.0,1.0,-2.4722704887390137,10.05029582977295,2.4722704887390137,CORRECT
0009-0037-0001,Con trai của Mitterrand là ai?,Jean-Christophe,Juvénal Habyarimana,True,False,0,0.0,1.0,1.5667266845703125,7.248956680297852,-1.5667266845703125,WRONG_SPAN
0009-0037-0002,Nhờ đâu mà quân đội Rwandan đã phát triển lớn mạnh chỉ sau một năm?,Với sự giúp đỡ của Pháp,"quân đội Rwandan đã phát triển từ một lực lượng 9,000 người vào tháng 10 năm 1990 lên tới 28,000 người năm 1991",True,False,0,0.0,1.0,1.1161088943481445,7.361675262451172,-1.1161088943481445,WRONG_SPAN
0009-0037-0003,Opération Turquoise là gì?,một chiến dịch quân sự được tiến hành theo sự ủy nhiệm của Liên hợp quốc (UN) mandate,một chiến dịch quân sự được tiến hành theo sự ủy nhiệm của Liên hợp quốc (UN) mandate,True,False,1,1.0,1.0,1.2584404945373535,7.437263011932373,-1.2584404945373535,CORRECT
0009-0037-0004,"Trong vòng 1 năm, quân số của Rwadan tăng từ 9000 người lên bao nhiêu?","28,000 người",,True,True,0,0.0,1.0,4.117983818054199,4.792600631713867,-4.117983818054199,ANSWERABLE_PREDICTED_EMPTY
0009-0037-0005,Nhân vật nào bị ám sát ngày 6 tháng 4 năm 1994?,Rwanda Juvénal Habyarimana,Juvénal Habyarimana,True,False,0,0.8,1.0,-2.557408332824707,10.762524604797363,2.557408332824707,SPAN_TOO_SHORT
0009-0038-0001,Sự kiện nào đã khiến Charles Hernu buộc phải rời Quốc hội?,sự liên can của Pháp vào vụ tấn công chiếc Rainbow Warrior bị phát hiện,sự liên can của Pháp vào vụ tấn công chiếc Rainbow Warrior,True,False,0,0.888888888888889,1.0,0.8365073204040527,7.589401721954346,-0.8365073204040527,SPAN_TOO_SHORT
0009-0038-0002,Vì sao Tàu Rainbow Warrrior ở đất nước?,,,False,True,1,1.0,1.0,3.4257497787475586,5.356232643127441,-3.4257497787475586,CORRECT_NO_ANSWER
0009-0038-0003,Vì sao Tàu Rainbow Warrrior ở New Zealand?,chuẩn bị phản đối cuộc thử nghiệm hạt nhân của Pháp ở Nam Thái Bình Dương,,True,True,0,0.0,1.0,4.284978866577148,4.49720573425293,-4.284978866577148,ANSWERABLE_PREDICTED_EMPTY
0009-0038-0004,Nhiếp ảnh gia nào đã thiệt mạng khi đang cố gắng thu gom các phụ kiện?,Fernando Pereira,Nhiếp ảnh gia Fernando Pereira,True,False,0,0.5714285714285715,1.0,-0.8118791580200195,8.935776710510254,0.8118791580200195,SPAN_TOO_LONG
0009-0038-0005,Tàu Rainbow Warrior thuộc tổ chức nào?,tổ chức Hòa bình xanh,tổ chức Hòa bình xanh,True,False,1,1.0,1.0,0.07973480224609375,7.33585262298584,-0.07973480224609375,CORRECT
0009-0038-0006,Tàu Rainbow Warrior không thuộc tổ chức nào?,,tổ chức Hòa bình xanh,False,False,0,0.0,1.0,1.2096076011657715,6.792079448699951,-1.2096076011657715,UNANSWERABLE_FALSE_POSITIVE
0009-0038-0007,Wellington đã gọi cuộc đánh bom là gì?,cuộc tấn công khủng bố đầu tiên vào đất nước,cuộc tấn công khủng bố,True,False,0,0.6666666666666666,1.0,1.7237272262573242,6.734580039978027,-1.7237272262573242,SPAN_TOO_SHORT
0009-0039-0001,Truyền hình New Zealand có tên viết tắt là gì?,TVNZ,TVNZ,True,False,1,1.0,1.0,0.48270320892333984,7.6107378005981445,-0.48270320892333984,CORRECT
0009-0039-0002,Việc gì đã gây ảnh hưởng lớn tới lương tâm của Pierre Lacoste?,cái chết của Pereira,,True,True,0,0.0,1.0,2.086491584777832,6.200275421142578,-2.086491584777832,ANSWERABLE_PREDICTED_EMPTY
0009-0039-0003,"Trong ngày chiếc tàu bị đánh đắm, TVNZ đã làm gì?",,,False,True,1,1.0,1.0,2.143695831298828,6.017866134643555,-2.143695831298828,CORRECT_NO_ANSWER
0009-0039-0004,"Trong ngày kỉ niệm, TVNZ đã làm gì?",tìm cách tiếp cận một đọan video được thực hiện ở phiên xét xử đầu tiên,Truyền hình New Zealand,True,False,0,0.0,1.0,0.4759407043457031,7.060703277587891,-0.4759407043457031,WRONG_SPAN
0009-0039-0005,Truyền hình có tên viết tắt là gì?,,,False,True,1,1.0,1.0,4.379253387451172,4.255390167236328,-4.379253387451172,CORRECT_NO_ANSWER
0009-0039-0006,Sự việc chấn động nào đã được phát hiện trong dịp kỉ niệm 20 năm ngày chiếc tàu bị tấn công?,Mitterrand đã cho phép thực hiện vụ việc gây ra cái chết của Pereira,,True,True,0,0.0,1.0,2.1075820922851562,6.489627838134766,-2.1075820922851562,ANSWERABLE_PREDICTED_EMPTY
0009-0039-0007,Cựu lãnh đạo của DGSE là ai?,Pierre Lacoste,Pierre Lacoste,True,False,1,1.0,1.0,0.5872974395751953,7.501094818115234,-0.5872974395751953,CORRECT
0010-0001-0001,Gà có thể được giết lấy trứng kể từ lúc nào?,,,False,True,1,1.0,1.0,3.463947296142578,5.110414505004883,-3.463947296142578,CORRECT_NO_ANSWER
0010-0001-0002,Lượng trứng cao nhất mà một con gà có thể đẻ được trong vòng 1 năm tính cho đến thời điểm hiện tại là bao nhiêu?,371,,True,True,0,0.0,1.0,3.478391647338867,5.154315948486328,-3.478391647338867,ANSWERABLE_PREDICTED_EMPTY
0010-0001-0003,Tuổi thọ của một con gà bình thường cỡ bao nhiêu năm?,khỏang sáu năm,,True,True,0,0.0,1.0,4.073672294616699,4.586245536804199,-4.073672294616699,ANSWERABLE_PREDICTED_EMPTY
0010-0001-0004,Mục đích chính của việc nuôi gà là gì?,lấy thịt gà và trứng gà,,True,True,0,0.0,1.0,3.776378631591797,4.892499923706055,-3.776378631591797,ANSWERABLE_PREDICTED_EMPTY
0010-0001-0005,"Ngày xưa,ở nông thôn gà được được xem là gì?",phương tiện báo thức,,True,True,0,0.0,1.0,4.766110897064209,3.97813081741333,-4.766110897064209,ANSWERABLE_PREDICTED_EMPTY
0010-0001-0006,"Trên thế giới, trong một năm con gà có thể đẻ tối đa bao nhiêu trứng?",300 trứng,,True,True,0,0.0,1.0,4.845296144485474,3.8003604412078857,-4.845296144485474,ANSWERABLE_PREDICTED_EMPTY
0010-0001-0007,Gà có thể được giết lấy thịt kể từ lúc nào?,14 tuần tuổi.,,True,True,0,0.0,1.0,3.2338247299194336,5.37233829498291,-3.2338247299194336,ANSWERABLE_PREDICTED_EMPTY
0010-0001-0008,"Ngày xưa,ở Guinness gà được xem là gì?",,,False,True,1,1.0,1.0,4.50191068649292,4.221633434295654,-4.50191068649292,CORRECT_NO_ANSWER
0010-0001-0009,Tuổi thọ của một con gà rừng cỡ bao nhiêu năm?,,,False,True,1,1.0,1.0,3.683419704437256,4.965698719024658,-3.683419704437256,CORRECT_NO_ANSWER
0010-0002-0001,Thịt gà Tây là thực đơn chính trong dịp lễ lớn nào ở Mỹ?,Tạ ơn hay Giáng sinh,thịt gà tây đã trở thành món ăn không thể thiếu trên bàn ăn của mỗi gia đình Mỹ dịp lễ Tạ ơn hay Giáng sinh,True,False,0,0.32258064516129037,1.0,-0.5138378143310547,8.386134147644043,0.5138378143310547,SPAN_TOO_LONG
0010-0002-0002,Gà tây được xem như món ăn chính vào dịp lễ nào ở Mỹ?,Tạ ơn hay Giáng sinh,thịt gà tây đã trở thành món ăn không thể thiếu trên bàn ăn của mỗi gia đình Mỹ dịp lễ Tạ ơn hay Giáng sinh,True,False,0,0.32258064516129037,1.0,1.0460257530212402,7.273677349090576,-1.0460257530212402,SPAN_TOO_LONG
0010-0002-0003,Vì sao người ta cảm thấy nuôi gà rất thuận tiện?,,,False,True,1,1.0,1.0,4.3654069900512695,4.359952926635742,-4.3654069900512695,CORRECT_NO_ANSWER
0010-0002-0004,Vì sao người ta thường chọn gà tây để nuôi?,Gà tây rất dễ nuôi. Nó hiền lành và chăm kiếm mồi,,True,True,0,0.0,1.0,4.104233741760254,4.584038734436035,-4.104233741760254,ANSWERABLE_PREDICTED_EMPTY
0010-0002-0005,Gà tây nhà được thuần hóa từ lọai gì?,gà tây rừng,lọai gà tây rừng,True,False,0,0.8571428571428571,1.0,-1.2723722457885742,8.948299407958984,1.2723722457885742,SPAN_TOO_LONG
0010-0002-0006,Vì sao người ta cảm thấy nuôi gà tây rất thuận tiện?,Nó hiền lành và chăm kiếm mồi,,True,True,0,0.0,1.0,4.331419944763184,4.396737098693848,-4.331419944763184,ANSWERABLE_PREDICTED_EMPTY
0010-0002-0007,"Ngòai các lọai cỏ và rau, gà tây còn có thể ăn gì?","ngũ cốc, đậu đỗ, cám bã","nó ăn tới 30-40% là rau xanh, cỏ lác",True,False,0,0.0,1.0,-1.1992673873901367,9.275691986083984,1.1992673873901367,WRONG_SPAN
0010-0002-0008,Vì sao người ta thường chọn gà tây rừng để nuôi?,,,False,True,1,1.0,1.0,3.7210888862609863,4.963904857635498,-3.7210888862609863,CORRECT_NO_ANSWER
0010-0003-0001,Vì sao gà sao có thể nuôi ở nhiều nơi trên thế giới?,"Gà sao có sức đề kháng cao, thích nghi rộng với nhiều vùng sinh thái",Gà sao nhà,True,False,0,0.2222222222222222,1.0,0.45655059814453125,8.172277450561523,-0.45655059814453125,SPAN_TOO_SHORT
0010-0003-0002,Gà sao nhà có nguồn gốc từ lọai nào?,"gà sao trong tự nhiên chúng thuộc lớp Aves, bộ Điểu cầm, họ Phasiani, giống Numidiae",Gà sao nhà,True,False,0,0.21052631578947367,1.0,1.2904891967773438,7.154680252075195,-1.2904891967773438,SPAN_TOO_SHORT
0010-0003-0003,Vì sao bệnh nấm mỏ két được xem như bệnh chí tử đối với lòai gà sao?,dù có điều trị tốt thì tỉ lệ khỏi cũng không quá 10%,Gà sao nhà,True,False,0,0.0,1.0,1.2643537521362305,7.199677467346191,-1.2643537521362305,WRONG_SPAN
0010-0003-0004,Gà nhà có nguồn gốc từ lọai nào?,,Gà sao nhà,False,False,0,0.0,1.0,-0.3121223449707031,8.72991943359375,0.3121223449707031,UNANSWERABLE_FALSE_POSITIVE
0010-0003-0005,Điểm mạnh của gà sao là gì?,"sức sống cao, ít bệnh tật, hao hụt không đáng kể, với tỉ lệ sống bình quân đạt 95,6%",Gà sao nhà,True,False,0,0.0,1.0,0.7120800018310547,7.708736419677734,-0.7120800018310547,WRONG_SPAN
0010-0003-0006,Gà sao nhà thuộc giống gì?,Numidiae,Gà sao,True,False,0,0.0,1.0,1.6267414093017578,6.964797019958496,-1.6267414093017578,WRONG_SPAN
0010-0003-0007,Gà sao có thể dễ mắc bệnh nguy hiểm nào?,bệnh nấm mỏ két,,True,True,0,0.0,1.0,2.0068678855895996,6.417078495025635,-2.0068678855895996,ANSWERABLE_PREDICTED_EMPTY
0010-0003-0008,Điểm mạnh của gà là gì?,,Gà sao nhà,False,False,0,0.0,1.0,-0.5219039916992188,8.907001495361328,0.5219039916992188,UNANSWERABLE_FALSE_POSITIVE
0010-0003-0009,Vì sao bệnh nấm mỏ két được xem như bệnh chí tử đối với lòai gà thả vườn?,,Gà sao nhà,False,False,0,0.0,1.0,-0.2893047332763672,8.629375457763672,0.2893047332763672,UNANSWERABLE_FALSE_POSITIVE
0010-0003-0010,Vì sao gà nhà có thể nuôi ở nhiều nơi trên thế giới?,,Gà sao nhà,False,False,0,0.0,1.0,1.0656795501708984,7.594274520874023,-1.0656795501708984,UNANSWERABLE_FALSE_POSITIVE
0010-0004-0001,Vịt nhà có nguồn gốc từ đâu?,lòai vịt cổ xanh (Anas platyrhynchos) ở vùng Mallard,,True,True,0,0.0,1.0,2.6781344413757324,5.889273166656494,-2.6781344413757324,ANSWERABLE_PREDICTED_EMPTY
0010-0004-0002,Người dân nuôi vịt để làm gì?,"chúng cung cấp cho con người thịt vịt, trứng, lông",,True,True,0,0.0,1.0,3.4431605339050293,5.115114688873291,-3.4431605339050293,ANSWERABLE_PREDICTED_EMPTY
0010-0004-0003,Thủy tổ của các lòai vịt được nuôi hiện nay là lòai nào?,vịt cổ xanh (Anas platyrhynchos),lòai vịt cổ xanh,True,False,0,0.6666666666666665,1.0,-2.9073486328125,10.577375411987305,2.9073486328125,SPAN_TOO_SHORT
0010-0004-0004,Vịt kiểng có nguồn gốc từ đâu?,,,False,True,1,1.0,1.0,4.287509441375732,4.314193248748779,-4.287509441375732,CORRECT_NO_ANSWER
0010-0004-0005,"Theo báo cáo năm 2002, nước nào tiêu thụ vịt lớn thứ hai thế giới?",Trung Quốc,Trung Quốc,True,False,1,1.0,1.0,-0.8275041580200195,8.394367218017578,0.8275041580200195,CORRECT
0010-0004-0006,Người Việt Nam chăn nuôi vịt rộng rãi từ lúc nào?,khỏang vài ngàn năm trước,,True,True,0,0.0,1.0,3.467315196990967,5.119990825653076,-3.467315196990967,ANSWERABLE_PREDICTED_EMPTY
0010-0004-0007,Người ta nuôi vịt còn để làm gì trong các họat động giải trí?,"một lòai chim kiểng, hay phục vụ các màn xiếc trong Sở thú",,True,True,0,0.0,1.0,3.575504779815674,5.111362934112549,-3.575504779815674,ANSWERABLE_PREDICTED_EMPTY
0010-0004-0008,Người Việt Nam chăn nuôi thú rộng rãi từ lúc nào?,,,False,True,1,1.0,1.0,3.957716464996338,4.605106830596924,-3.957716464996338,CORRECT_NO_ANSWER
0010-0004-0009,Người ta nuôi vịt còn để làm gì trong các họat động Tổ chức?,,,False,True,1,1.0,1.0,3.377664566040039,5.345422744750977,-3.377664566040039,CORRECT_NO_ANSWER
0010-0005-0001,Ngan nhà có thể đẻ trứng tối đa mấy lần một năm?,3 lần,,True,True,0,0.0,1.0,2.359194755554199,6.098477363586426,-2.359194755554199,ANSWERABLE_PREDICTED_EMPTY
0010-0005-0002,Người ta chọn lọai ngan nào để cung cấp thịt tốt hơn?,Lọai ngan có lông trắng,Lọai ngan có lông trắng,True,False,1,1.0,1.0,-1.156303882598877,8.921358108520508,1.156303882598877,CORRECT
0010-0005-0003,Thịt ngan thường được lấy từ lọai ngan nào?,Ngan nhà và Ngan bướu mũi,Lọai ngan có lông trắng thích hợp cho sản xuất thịt. Ngan mái nặng khỏang 2–5 kg (5-10 pao); ngan trống,True,False,0,0.13793103448275862,1.0,0.18892669677734375,8.107526779174805,-0.18892669677734375,SPAN_TOO_LONG
0010-0005-0004,Vì sao thịt ngan được thích nhiều hơn thịt vịt?,"do nạc hơn, chứ không chứa nhiều mỡ như thịt vịt, độ nạc và mềm của thịt ngan có thể so sánh với thịt bê",,True,True,0,0.0,1.0,1.818765640258789,6.684704780578613,-1.818765640258789,ANSWERABLE_PREDICTED_EMPTY
0010-0005-0005,Ngan nhà và ngan hoang khác nhau chỗ nào?,Các giống ngan thuần hóa thường có các đặc trưng bộ lông khác với của ngan hoang,Ngan nhà và Ngan bướu mũi,True,False,0,0.1739130434782609,1.0,0.884918212890625,7.371186256408691,-0.884918212890625,SPAN_TOO_SHORT
0010-0005-0006,Vì sao thịt vịt được thích nhiều hơn thịt ngan?,,,False,True,1,1.0,1.0,2.1696548461914062,6.362327575683594,-2.1696548461914062,CORRECT_NO_ANSWER
0010-0006-0001,Vì sao nuôi ngỗng có khả năng giải quyết được các lọai cỏ?,"Con ngỗng được ví như một cỗ máy xén cỏ, khả năng vặt cỏ của ngỗng tốt hơn bò, ngỗng có thể vặt tận gốc cây cỏ, cả phần củ rễ, ngỗng ăn tạp các lọai cỏ và không chê cỏ non, cỏ già, cỏ dại từ cỏ tranh đến lục bình ngỗng đều ăn được",Nuôi ngỗng có nhiều thuận lợi với đặc thù của ngỗng là có thể sử dụng rất hiệu quả thức ăn xanh,True,False,0,0.15384615384615383,1.0,1.382422924041748,6.1575775146484375,-1.382422924041748,SPAN_TOO_SHORT
0010-0006-0002,Vì sao ngỗng là một trong số gia cầm được hay chọn nuôi?,"dễ nuôi, hay ăn, chóng lớn, ít mắc bệnh",,True,True,0,0.0,1.0,3.170621395111084,5.121429920196533,-3.170621395111084,ANSWERABLE_PREDICTED_EMPTY
0010-0006-0003,Tốc độ cho thịt của ngỗng như thế nào?,Nuôi trong 4-8 tháng ngỗng đã cho thu họach 4–7 kg,,True,True,0,0.0,1.0,4.1219482421875,4.132696151733398,-4.1219482421875,ANSWERABLE_PREDICTED_EMPTY
0010-0006-0004,Nuôi ngỗng có những thuận tiện gì cho cây cỏ?,,Nuôi ngỗng,False,False,0,0.0,1.0,0.03909015655517578,7.50679874420166,-0.03909015655517578,UNANSWERABLE_FALSE_POSITIVE
0010-0006-0005,Vì sao ngỗng được ví như cỗ máy xén cỏ?,"khả năng vặt cỏ của ngỗng tốt hơn bò, ngỗng có thể vặt tận gốc cây cỏ, cả phần củ rễ, ngỗng ăn tạp các lọai cỏ và không chê cỏ non, cỏ già, cỏ dại từ cỏ tranh đến lục bình ngỗng đều ăn được",Nuôi ngỗng có nhiều thuận lợi với đặc thù của ngỗng là có thể sử dụng rất hiệu quả thức ăn xanh,True,False,0,0.1764705882352941,1.0,-0.9006738662719727,8.157377243041992,0.9006738662719727,SPAN_TOO_SHORT
0010-0006-0006,Nuôi ngỗng có những thuận tiện gì cho người dân?,"Ngỗng chỉ ăn cỏ, ăn rau là chính, ít dùng lương thực",Nuôi ngỗng,True,False,0,0.14285714285714285,1.0,0.5278224945068359,7.308074951171875,-0.5278224945068359,SPAN_TOO_SHORT
0010-0007-0001,Vì sao ở nhiều nước người ta hay chọn bồ câu là lọai gia cầm để nuôi?,"Nuôi chim bồ câu không đòi hỏi kỹ thuật chăm sóc, chi phí cao mà hiệu quả nhan",,True,True,0,0.0,1.0,4.821420431137085,3.796046495437622,-4.821420431137085,ANSWERABLE_PREDICTED_EMPTY
0010-0007-0002,Vì sao nuôi bồ câu thừa còn có thể giải quyết được nguồn nông phẩm?,,,False,True,1,1.0,1.0,2.898136615753174,5.758272647857666,-2.898136615753174,CORRECT_NO_ANSWER
0010-0007-0003,Vì sao ở một số nước người ta hay chọn bồ câu là lọai gia cầm để nuôi?,,,False,True,1,1.0,1.0,4.89730167388916,3.7491331100463867,-4.89730167388916,CORRECT_NO_ANSWER
0010-0007-0004,Sự khác biệt về độ phụ thuộc ánh sáng giữa sự đẻ trúng và sự ấp trứng là gì?,ự đẻ trứng chỉ phụ thuộc vào một phần ánh sáng nhưng sự ấp trứng lại phụ thuộc chặt chẽ vào yếu tố ánh sáng,Chim bồ câu rất nhạy cảm với ánh sáng. Sự đẻ trứng chỉ phụ thuộc vào một phần ánh sáng nhưng sự ấp trứng lại phụ thuộc chặt chẽ vào yếu tố ánh sáng,True,False,0,0.8135593220338982,1.0,0.9402790069580078,7.3049421310424805,-0.9402790069580078,SPAN_TOO_LONG
0010-0007-0005,Khi nuôi bồ câu bệnh cần làm chuồng như thế nào?,,chuồng nuôi thóang mát,False,False,0,0.0,1.0,1.4922523498535156,7.039541244506836,-1.4922523498535156,UNANSWERABLE_FALSE_POSITIVE
0010-0007-0006,Những thuận lợi khi nuôi bồ câu là gì?,"Chim bồ câu siêu thịt, có thể nặng từ 1,2 kg trở lên, dễ nuôi, nhanh lớn, ít bệnh, sinh sản tốt",,True,True,0,0.0,1.0,4.634378910064697,3.9208598136901855,-4.634378910064697,ANSWERABLE_PREDICTED_EMPTY
0010-0007-0007,Những thuận lợi khi nuôi chim là gì?,,,False,True,1,1.0,1.0,4.052412033081055,4.537154197692871,-4.052412033081055,CORRECT_NO_ANSWER
0010-0007-0008,Yếu tố tự nhiên cần chú trọng khi nuôi bồ câu là gì?,Chim bồ câu nhà đòi hỏi chuồng nuôi thóang mát. Chim bồ câu rất nhạy cảm với ánh sáng,,True,True,0,0.0,1.0,4.435807228088379,4.135149002075195,-4.435807228088379,ANSWERABLE_PREDICTED_EMPTY
0010-0007-0009,Vì saoo nuôi bồ câu có thể giải quyết được nguồn nông phẩm còn thừa?,"Một số giống bồ câu nhà có thể tận dụng từ sản phẩm nông nghiệp dư thừa như: đậu nành xấu, ngô, lõi ngô, rau cỏ đem nghiền thành cám viên cho chim bồ câu ăn",,True,True,0,0.0,1.0,3.0436267852783203,5.497736930847168,-3.0436267852783203,ANSWERABLE_PREDICTED_EMPTY
0010-0007-0010,Khi nuôi bồ câu cần làm chuồng như thế nào?,chuồng nuôi thóang mát,chuồng nuôi thóang mát,True,False,1,1.0,1.0,0.7928228378295898,7.654158592224121,-0.7928228378295898,CORRECT
0010-0007-0011,Yếu tố tự nhiên cần chú trọng khi nuôi chim là gì?,,,False,True,1,1.0,1.0,4.6706836223602295,3.9259140491485596,-4.6706836223602295,CORRECT_NO_ANSWER
0011-0001-0001,"Ngày nay, thần học được giảng dạy ở đâu?","các chủng viện, trường dòng, học viện, đại học của các tôn giáo","các chủng viện, trường dòng, học viện, đại học của các tôn giáo",True,False,1,1.0,1.0,-1.0632448196411133,7.85330867767334,1.0632448196411133,CORRECT
0011-0001-0002,Tôn giáo là môn học gì?,,,False,True,1,1.0,1.0,1.9139981269836426,6.324592113494873,-1.9139981269836426,CORRECT_NO_ANSWER
0011-0001-0003,Thế nào là thần học?,"là ngành nghiên cứu về các thần thánh, hay rộng hơn là về niềm tin tôn giáo, thực hành và trải nghiệm tôn giáo, về linh hồn","Thần học giúp các nhà thần học hiểu rõ hơn về truyền thống tôn giáo của chính mình, về các truyền thống tôn giáo khác, cũng như so sánh giữa các truyền thống tôn giáo khác nhau, … Thần học",True,False,0,0.27272727272727276,1.0,0.9614114761352539,7.162310600280762,-0.9614114761352539,SPAN_TOO_LONG
0011-0001-0004,Vai trò của thần học là gì?,"giúp các nhà thần học hiểu rõ hơn về truyền thống tôn giáo của chính mình, về các truyền thống tôn giáo khác, cũng như so sánh giữa các truyền thống tôn giáo khác nhau","Thần học giúp các nhà thần học hiểu rõ hơn về truyền thống tôn giáo của chính mình, về các truyền thống tôn giáo khác, cũng như so sánh giữa các truyền thống tôn giáo khác nhau, … Thần học",True,False,0,0.945945945945946,1.0,1.6561403274536133,6.602740287780762,-1.6561403274536133,SPAN_TOO_LONG
0011-0001-0005,Thần học trong tiếng La Tinh là gì?,Theologia,Theologia,True,False,1,1.0,1.0,0.3957853317260742,7.634774208068848,-0.3957853317260742,CORRECT
0011-0001-0006,Ngành khoa học nghiên cứu về các thần thánh trong tiếng Hy Lạp là một danh từ được cấu thành từ những từ nào?,Theos (nghĩa là thần linh) và logos (nghĩa là lời),Thần học,True,False,0,0.16666666666666669,1.0,0.7755169868469238,7.390931606292725,-0.7755169868469238,SPAN_TOO_SHORT
0011-0001-0007,Theologia là môn học gì?,"môn học nghiên cứu về những lời, lý lẽ phù hợp với Thiên Chúa","Theologia là môn học nghiên cứu về những lời, lý lẽ phù hợp với Thiên Chúa",True,False,0,0.9333333333333333,1.0,-0.9844741821289062,8.812114715576172,0.9844741821289062,SPAN_TOO_LONG
0011-0002-0001,Quan điểm của Richchard về tôn giáo là như thế nào?,,,False,True,1,1.0,1.0,2.3842720985412598,5.916463375091553,-2.3842720985412598,CORRECT_NO_ANSWER
0011-0002-0002,Người nào quan niệm thần học là những sự hiển nhiên xảy ra trong cuộc sống khi con người có trải nghiệm về tôn giáo và tâm linh?,Richchard Hooker,"giả thuyết cho rằng sự thiêng liêng hiện hữu trong một số hình thái như vật lý, siêu nhiên, tâm lý hay các thực thể xã hội",True,False,0,0.0,1.0,-2.1609373092651367,10.045058250427246,2.1609373092651367,WRONG_SPAN
0011-0002-0003,Mục đích của thần học là gì?,"nhắm tới thiết lập và đào sâu những kinh nghiệm và khái niệm, sử dụng những điều đó để đi tìm bằng chứng cho việc các hữu thể tồn tại và phát triển như thế nào, cuối cùng là đi đến việc khám phá những điều huyền bí",,True,True,0,0.0,1.0,2.0579328536987305,6.302565574645996,-2.0579328536987305,ANSWERABLE_PREDICTED_EMPTY
0011-0002-0004,Thần học được nghiên cứu như thế nào?,"bắt đầu với giả thuyết cho rằng sự thiêng liêng hiện hữu trong một số hình thái như vật lý, siêu nhiên, tâm lý hay các thực thể xã hội","thần học nhắm tới thiết lập và đào sâu những kinh nghiệm và khái niệm, sử dụng những điều đó để đi tìm bằng chứng cho việc các hữu thể tồn tại và phát triển như thế nào, cuối cùng là đi đến việc khám phá những điều huyền bí",True,False,0,0.125,1.0,1.6781878471374512,6.580490589141846,-1.6781878471374512,SPAN_TOO_LONG
0011-0002-0005,"Theo thánh Augustine, thần học là gì?","là những tranh luận, lập luận liên quan đến Thiên Chúa","thần học là những tranh luận, lập luận liên quan đến Thiên Chúa",True,False,0,0.9166666666666666,1.0,1.128873348236084,7.130434513092041,-1.128873348236084,SPAN_TOO_LONG
0011-0002-0006,Quan điểm của Richchard Hooker về thần học là như thế nào?,cho rằng thần học là khoa học về những điều thiêng liêng,thần học là khoa học về những điều thiêng liêng,True,False,0,0.9090909090909091,1.0,0.594243049621582,7.669918060302734,-0.594243049621582,SPAN_TOO_SHORT
0011-0003-0001,Thần học đã giúp các thần học gia như thế nào?,"chuyển tải những tình huống hiện thời hay điều cần thiết qua 1 truyền thống tôn giáo, hoặc tìm ra những cách thức có thể để lý giải thế giới",,True,True,0,0.0,1.0,3.5128698348999023,4.99909782409668,-3.5128698348999023,ANSWERABLE_PREDICTED_EMPTY
0011-0003-0002,Bản chất của thần học là gì?,"tìm hiểu, suy tư về các vấn đề siêu nhiên và thiêng liêng bằng phương diện đức tin","thần học là tìm hiểu, suy tư về các vấn đề siêu nhiên và thiêng liêng bằng phương diện đức tin",True,False,0,0.923076923076923,1.0,1.329545021057129,7.045428276062012,-1.329545021057129,SPAN_TOO_LONG
0011-0003-0003,Việc nghiên cứu thần học có tác dụng gì?,"giúp các thần học gia hiểu biết sâu sắc về truyền thống tôn giáo của họ, truyền thống các tôn giáo khác, tư tưởng thần học chứa đựng trong thần thọai các tộc người, nó có thể giúp các thần học gia khám phá sự tự nhiên của thần học ngòai các suy luận tới truyền thống riêng biệt",,True,True,0,0.0,1.0,3.216093063354492,5.238079071044922,-3.216093063354492,ANSWERABLE_PREDICTED_EMPTY
0011-0003-0004,Có những thứ gì liên quan đến thần học?,"Bất cứ thắc mắc hay câu hỏi có liên quan đến những điều thiêng liêng như thần linh, ma qủy, thiên đàng, hỏa ngục","Bất cứ thắc mắc hay câu hỏi có liên quan đến những điều thiêng liêng như thần linh, ma qủy, thiên đàng, hỏa ngục,...",True,False,1,1.0,1.0,0.9252767562866211,7.570798873901367,-0.9252767562866211,CORRECT
0011-0003-0005,Thần học có vai trò gì trong đời sống tinh thần?,"có thể được sử dụng để lưu truyền, phục dựng, biện minh cho 1 truyền thống tôn giáo hoặc nó có thể được dùng để so sánh, thách thức hay chống lại 1 truyền thống tôn giáo",,True,True,0,0.0,1.0,4.521914482116699,4.054987907409668,-4.521914482116699,ANSWERABLE_PREDICTED_EMPTY
0011-0003-0006,Thần linh đã giúp các thần học gia như thế nào?,,,False,True,1,1.0,1.0,3.714219570159912,4.835699558258057,-3.714219570159912,CORRECT_NO_ANSWER
0011-0003-0007,Những đối tượng nào được thần học nghiên cứu?,"thần linh, ma qủy, thiên đàng, hỏa ngục,...",,True,True,0,0.0,1.0,3.9907636642456055,4.637210845947266,-3.9907636642456055,ANSWERABLE_PREDICTED_EMPTY
0011-0004-0001,Lĩnh vực nghiên cứu thần học Atman được đảm nhận nghiên cứu bởi ai?,,,False,True,1,1.0,1.0,3.772820472717285,5.051949501037598,-3.772820472717285,CORRECT_NO_ANSWER
0011-0004-0002,Thần học Vaishnava có lĩnh vực riêng cho những ai?,"cho nhiều tín đồ sùng đạo, các triết gia, các nhà thông thái","Thần học Vaishnava có 1 lĩnh vực nghiên cứu cho nhiều tín đồ sùng đạo, các triết gia, các nhà thông thái",True,False,0,0.7428571428571429,1.0,-3.753843307495117,10.152745246887207,3.753843307495117,SPAN_TOO_LONG
0011-0004-0003,Nghiên cứu của Vaishnava về thần học là nghiên cứu về những vấn đề gì?,,,False,True,1,1.0,1.0,4.109242916107178,4.803073406219482,-4.109242916107178,CORRECT_NO_ANSWER
0011-0004-0004,Lĩnh vực nghiên cứu nào được đảm nhận bởi những tổ chức hàn lâm ở châu Âu như Trung tâm nghiên cứu Ấn Độ tại Đại họ Oxford?,"lĩnh vực nghiên cứu cho nhiều tín đồ sùng đạo, các triết gia, các nhà thông thá",Thần học Vaishnava,True,False,0,0.0,1.0,0.27677154541015625,8.425275802612305,-0.27677154541015625,WRONG_SPAN
0011-0004-0005,"Trong tiếng Darshana, Ấn Độ nghĩa là gì?",,quan điểm,False,False,0,0.0,1.0,-0.24817752838134766,8.260287284851074,0.24817752838134766,UNANSWERABLE_FALSE_POSITIVE
0011-0004-0006,Ngôn từ Sankrit được sử dụng nhiều trong trường phái triết học Ấn Độ là gì?,Darshana,"Darshana, có nghĩa là quan điểm",True,False,0,0.2857142857142857,1.0,-3.1041436195373535,10.118316650390625,3.1041436195373535,SPAN_TOO_LONG
0011-0004-0007,Nghiên cứu thần học Vaishnava là nghiên cứu về những vấn đề gì?,việc sắp xếp và cấu hình sự biểu lộ của hàng ngàn các vị thần cùng những đặc trưng của họ,,True,True,0,0.0,1.0,2.7822093963623047,6.078681945800781,-2.7822093963623047,ANSWERABLE_PREDICTED_EMPTY
0011-0004-0008,"Trong tiếng Ấn Độ, Darshana nghĩa là gì?",quan điểm,quan điểm,True,False,1,1.0,1.0,-0.061066627502441406,8.332799911499023,0.061066627502441406,CORRECT
0011-0004-0009,Thần học Brahman có lĩnh vực riêng cho những ai?,,"Thần học Vaishnava có 1 lĩnh vực nghiên cứu cho nhiều tín đồ sùng đạo, các triết gia, các nhà thông thái",False,False,0,0.0,1.0,0.261688232421875,8.426678657531738,-0.261688232421875,UNANSWERABLE_FALSE_POSITIVE
0011-0004-0010,Lĩnh vực nghiên cứu thần học Vaishnava được đảm nhận nghiên cứu bởi ai?,những tổ chức hàn lâm ở châu Âu,"Thần học Vaishnava có 1 lĩnh vực nghiên cứu cho nhiều tín đồ sùng đạo, các triết gia, các nhà thông thái",True,False,0,0.0,1.0,1.5306077003479004,7.056360721588135,-1.5306077003479004,WRONG_SPAN
0011-0005-0001,"Về mặt lịch sử, sự thiếu vắng của quyền lực chính trị đóng vai trò như thế nào đối với các thần học khác?",có ý nghĩa cao lớn đối với thần học Ki-tô giáo và Hồi giáo và có tính chất tốt đẹp đối với thần học Do Thái giáo,"nó rất hiệu quả, có ý nghĩa cao lớn đối với thần học Ki-tô giáo và Hồi giáo và có tính chất tốt đẹp đối với thần học Do Thái giáo",True,False,0,0.9333333333333333,1.0,-3.3720836639404297,10.174123764038086,3.3720836639404297,SPAN_TOO_LONG
0011-0005-0002,Điều gì ảnh hướng đến tính hiệu quả và có ý nghĩa cao đối với thần học Ki-tô giáo và Hồi giáo?,sự thiếu vắng mang tính lịch sử của quyền lực chính trị,sự thiếu vắng mang tính lịch sử của quyền lực chính trị,True,False,1,1.0,1.0,-2.0388526916503906,9.762575149536133,2.0388526916503906,CORRECT
0011-0005-0003,Sự thiếu vắng mang tính lịch sử của quyền lực chính trị có ý nghĩa như thế nào trong thần học Do Thái giáo?,"rằng sự phản chiếu mang tính thần học nhất đã hiện diện trong bối cảnh của cộng đòan và hội đường Do thái giáo, hơn là trong các tổ chức hàn lâm đặc thù","sự phản chiếu mang tính thần học nhất đã hiện diện trong bối cảnh của cộng đòan và hội đường Do thái giáo, hơn là trong các tổ chức hàn lâm đặc thù",True,False,0,0.9850746268656716,1.0,-2.3389387130737305,9.523670196533203,2.3389387130737305,SPAN_TOO_SHORT
0011-0005-0004,"Ngòai thần học Do Thái giáo, hãy kể tên những thần học khác?",thần học Ki-tô giáo và Hồi giáo,,True,True,0,0.0,1.0,3.9579710960388184,4.923705577850342,-3.9579710960388184,ANSWERABLE_PREDICTED_EMPTY
0011-0005-0005,Rabbi là những ai?,các thầy tư tế và luật sĩ Do Thái giáo,,True,True,0,0.0,1.0,2.932021141052246,5.945590019226074,-2.932021141052246,ANSWERABLE_PREDICTED_EMPTY
0011-0006-0001,Mục đích của việc nghiên cứu niềm tin và thực hành đức tin Ki-tô giáo là gì?,"để giúp các nhà thần học hiểu rõ hơn các giáo lý Ki-tô giáo, để tạo nên sự so sánh giữa Ki-tô giáo với các truyền thống khác, để bảo vệ Ki-tô giáo trước những lời phản đối và phê bình, để làm dễ dàng hơn cho các sửa đổi bên trong Ki-tô giáo, để hỗ trợ cho việc rao giảng Ki-tô giáo, để đưa những cách thức của truyền thống Ki-tô giáo nhằm chuyển tải những tình huống hiện thời hay cần thiết, hoặc nhiều lý do khác",Thần học Ki-tô giáo là việc nghiên cứu niềm tin và thực hành đức tin Ki-tô giáo. Việc nghiên cứu như vậy trước hết tập trung vào các bản văn Cựu Ước và Tân Ước cúng như truyền thống Ki-tô giáo,True,False,0,0.24460431654676262,1.0,0.49870967864990234,8.079648971557617,-0.49870967864990234,SPAN_TOO_SHORT
0011-0006-0002,Thần học được tranh luận với mục đích gì trong Ki-tô giáo?,,Thần học cũng có thể được thực hiện để giúp các nhà thần học hiểu rõ hơn các giáo lý Ki-tô giáo,False,False,0,0.0,1.0,-0.12778949737548828,8.395459175109863,0.12778949737548828,UNANSWERABLE_FALSE_POSITIVE
0011-0006-0003,Lĩnh vực nghiên cứu của thần học Ki-tô giáo là gì?,nghiên cứu niềm tin và thực hành đức tin Ki-tô giáo,Thần học Ki-tô giáo là việc nghiên cứu niềm tin và thực hành đức tin Ki-tô giáo,True,False,0,0.7741935483870968,1.0,0.792327880859375,7.850503921508789,-0.792327880859375,SPAN_TOO_LONG
0011-0006-0004,Việc giải thích thần học Ki-tô giáo dựa trên những cơ sở nào?,,,False,True,1,1.0,1.0,2.078549861907959,6.547095775604248,-2.078549861907959,CORRECT_NO_ANSWER
0011-0006-0005,Các nhà thần học làm gì để nghiên cứu thần học Ki-tô giáo?,"các lời giải thích Kinh Thánh, các phân tích và tranh luận hợp lý",Thần học cũng có thể được thực hiện để giúp các nhà thần học hiểu rõ hơn các giáo lý Ki-tô giáo,True,False,0,0.16216216216216214,1.0,0.08193588256835938,8.222515106201172,-0.08193588256835938,SPAN_TOO_LONG
0011-0006-0006,Việc nghiên cứu thần học Ki-tô giáo dựa trên những cơ sở nào?,bản văn Cựu Ước và Tân Ước cúng như truyền thống Ki-tô giáo,Thần học Ki-tô giáo là việc nghiên cứu niềm tin và thực hành đức tin Ki-tô giáo. Việc nghiên cứu như vậy trước hết tập trung vào các bản văn Cựu Ước và Tân Ước cúng như truyền thống Ki-tô giáo,True,False,0,0.4827586206896552,1.0,1.1161346435546875,7.5090789794921875,-1.1161346435546875,SPAN_TOO_LONG
0011-0006-0007,Lĩnh vực nghiên cứu của thần học Kinh Thánh là gì?,,Thần học Ki-tô giáo là việc nghiên cứu niềm tin và thực hành đức tin Ki-tô giáo,False,False,0,0.0,1.0,1.6791143417358398,6.986815452575684,-1.6791143417358398,UNANSWERABLE_FALSE_POSITIVE
0011-0006-0008,Các nhà thần học làm gì để nghiên cứu thần linh Ki-tô giáo?,,Thần học cũng có thể được thực hiện để giúp các nhà thần học hiểu rõ hơn các giáo lý Ki-tô giáo,False,False,0,0.0,1.0,-0.07863712310791016,8.342507362365723,0.07863712310791016,UNANSWERABLE_FALSE_POSITIVE
0011-0006-0009,Thần học được thực hiện với mục đích gì trong Ki-tô giáo?,"giúp các nhà thần học hiểu rõ hơn các giáo lý Ki-tô giáo, để tạo nên sự so sánh giữa Ki-tô giáo với các truyền thống khác, để bảo vệ Ki-tô giáo trước những lời phản đối và phê bình, để làm dễ dàng hơn cho các sửa đổi bên trong Ki-tô giáo, để hỗ trợ cho việc rao giảng Ki-tô giáo, để đưa những cách thức của truyền thống Ki-tô giáo nhằm chuyển tải những tình huống hiện thời hay cần thiết, hoặc nhiều lý do khác",Thần học cũng có thể được thực hiện để giúp các nhà thần học hiểu rõ hơn các giáo lý Ki-tô giáo,True,False,0,0.2735042735042735,1.0,-1.7581253051757812,9.597312927246094,1.7581253051757812,SPAN_TOO_SHORT
0011-0007-0001,Các giáo phụ thời kỳ đầu đã làm thế nào để rao giảng thành công tín lý Ki-tô giáo?,can đảm sử dụng triết học Hy Lạp để giải thích các mầu nhiệm Ki-tô giáo,triết học Hy Lạp để giải thích các mầu nhiệm Ki-tô giáo,True,False,0,0.8666666666666666,1.0,-3.762289047241211,10.29292106628418,3.762289047241211,SPAN_TOO_SHORT
0011-0007-0002,Triết học Hy Lạp đã giúp đỡ như thế nào cho các nhà tư tưởng Ki-tô giáo?,"cung cấp các thuật ngữ, triết lý",triết học Hy Lạp,True,False,0,0.18181818181818182,1.0,1.5270767211914062,6.923408508300781,-1.5270767211914062,SPAN_TOO_SHORT
0011-0007-0003,Mầu nhiệm nhập thế của Ngôi Lời đã được giải thích như thế nào qua triết học Hy Lạp?,"Triết học Hy Lạp cung cấp các thuật ngữ, triết lý để các nhà tư tưởng Ki-tô giáo trình bày thần học; ví dụ khái niệm Logos của Heraclitus và thuyết ý niệm của Plato đã được sử dụng để giải thích mầu nhiệm nhập thể của Ngôi Lời",khái niệm Logos của Heraclitus và thuyết ý niệm của Plato,True,False,0,0.36065573770491804,1.0,-4.869194984436035,10.781476974487305,4.869194984436035,SPAN_TOO_SHORT
0011-0007-0004,Các giáo phụ tín lý đầu đã làm thế nào để rao giảng thành công thời kỳ Ki-tô giáo?,,triết học Hy Lạp để giải thích các mầu nhiệm Ki-tô giáo,False,False,0,0.0,1.0,-3.6624979972839355,10.269794464111328,3.6624979972839355,UNANSWERABLE_FALSE_POSITIVE
0011-0007-0005,"Để thuyết phục người Do Thái chấp nhận Thần học Ki-tô giáo, người truyền giáo đã làm gì?",các giáo phụ thời kỳ đầu đã can đảm sử dụng triết học Hy Lạp để giải thích các mầu nhiệm Ki-tô giáo,các giáo phụ thời kỳ đầu đã can đảm sử dụng triết học Hy Lạp,True,False,0,0.7692307692307693,1.0,1.7117671966552734,6.923854827880859,-1.7117671966552734,SPAN_TOO_SHORT
0011-0007-0006,Triết học Hy Lạp có vai trò như thế nào với thần học Ki-tô giáo?,nữ tỳ phục vụ nữ hòang thần học Ki-tô giáo,,True,True,0,0.0,1.0,2.271651268005371,6.385493278503418,-2.271651268005371,ANSWERABLE_PREDICTED_EMPTY
0011-0007-0007,Nền tảng vững chắc của thần học Ki-tô giáo là gì?,triết học Hy Lạp,triết học Hy Lạp,True,False,1,1.0,1.0,-1.1039314270019531,9.53150463104248,1.1039314270019531,CORRECT
0011-0007-0008,Mầu nhiệm nhập thế của Hy Lạp đã được giải thích như thế nào qua triết học Ngôi Lời?,,khái niệm Logos của Heraclitus và thuyết ý niệm của Plato,False,False,0,0.0,1.0,-4.685490608215332,10.860154151916504,4.685490608215332,UNANSWERABLE_FALSE_POSITIVE
0011-0007-0009,Nền tảng vững chắc của thần học Hy Lạp là gì?,,triết học Hy Lạp,False,False,0,0.0,1.0,-0.16635417938232422,8.584754943847656,0.16635417938232422,UNANSWERABLE_FALSE_POSITIVE
0011-0008-0001,Những trường phái tư tưởng của thần học Hồi giáo là những trường phái nào?,"Sunni, Shia, Kharijites","Thần học Hồi giáo đa dạng với nhiều trường phái tư tưởng như Sunni, Shia, Kharijites",True,False,0,0.3157894736842105,1.0,0.038578033447265625,8.489412307739258,-0.038578033447265625,SPAN_TOO_LONG
0011-0008-0002,"Abu Hamid Muhammad al-Ghazali là một nhà tư tưởng nổi tiếng của thần học Hồi giáo, ông theo trường phái nào của thần học Hồi giáo?",Sufi,"Thần học Hồi giáo đa dạng với nhiều trường phái tư tưởng như Sunni, Shia, Kharijites",True,False,0,0.0,1.0,-1.2867393493652344,9.299025535583496,1.2867393493652344,WRONG_SPAN
0011-0008-0003,"Abu Hamid Muhammad al-Ghazali là một nhà tư tưởng nổi tiếng của thần học Hồi giáo, ông theo trường phái nào của thần học Sunni?",,"Thần học Hồi giáo đa dạng với nhiều trường phái tư tưởng như Sunni, Shia, Kharijites",False,False,0,0.0,1.0,-0.5032310485839844,8.746627807617188,0.5032310485839844,UNANSWERABLE_FALSE_POSITIVE
0011-0008-0004,"""Kalam"" có vai trò như thế nào đối với Hồi giáo?",thần học kinh viện của Hồi giáo,"Sự tranh luận về thần học Hồi giáo song hành với tranh luận thần học Ki-tô giáo được gọi là ""Kalam"", thuật ngữ này xuất hiện vào thời Trung cổ và ""Kalam"" được xem là thần học kinh viện của Hồi giáo",True,False,0,0.28,1.0,0.3493213653564453,8.255410194396973,-0.3493213653564453,SPAN_TOO_LONG
0011-0008-0005,Nhà tư tưởng nổi tiếng nào đi theo trường phái Sufi của Hồi giáo?,Abu Hamid Muhammad al-Ghazali,Abu Hamid Muhammad al-Ghazali,True,False,1,1.0,1.0,-4.15181827545166,10.542272567749023,4.15181827545166,CORRECT
0011-0008-0006,"Những trường phái:Sunni, Shia, Kharijites xuất hiện khi nào?",những thế kỷ đầu của Hồi giáo,"Thần học Hồi giáo đa dạng với nhiều trường phái tư tưởng như Sunni, Shia, Kharijites; những trường phái này ra đời vào những thế kỷ đầu của Hồi giáo",True,False,0,0.37837837837837834,1.0,-2.1482748985290527,9.720474243164062,2.1482748985290527,SPAN_TOO_LONG
0011-0008-0007,Sự tranh luận về thần học Hồi giáo song hành với thần học Ki-tô giáo được gọi là gì?,"""Kalam""","Kalam""",True,False,1,1.0,1.0,-6.068224906921387,10.04727554321289,6.068224906921387,CORRECT
0011-0008-0008,Sự tranh luận về thần học Trung cổ song hành với thần học Ki-tô giáo được gọi là gì?,,"Kalam""",False,False,0,0.0,1.0,-5.19249963760376,10.275188446044922,5.19249963760376,UNANSWERABLE_FALSE_POSITIVE
0012-0001-0001,Nguyên lý bất bạo lực mà Martin đề xướng có tên là gì?,,Chấp trì chân lý (sa. satyāgraha),False,False,0,0.0,1.0,-1.9904565811157227,10.282430648803711,1.9904565811157227,UNANSWERABLE_FALSE_POSITIVE
0012-0001-0002,Chấp trì chân lý đã ảnh hưởng đến phong trào nào ở Đế quốc Anh?,,Nguyên lý bất bạo lực (còn gọi là bất hại),False,False,0,0.0,1.0,-0.6014842987060547,8.960306167602539,0.6014842987060547,UNANSWERABLE_FALSE_POSITIVE
0012-0001-0003,Gandhi đã làm những gì cho Ấn Độ?,chỉ đạo cuộc kháng chiến chống chế độ thực dân của Đế quốc Anh và giành độc lập cho Ấn Độ,,True,True,0,0.0,1.0,2.1972250938415527,6.617069721221924,-2.1972250938415527,ANSWERABLE_PREDICTED_EMPTY
0012-0001-0004,Gandhi sinh năm nào?,1869,Mahātmā Gāndhī,True,False,0,0.0,1.0,1.381218433380127,7.481654644012451,-1.381218433380127,WRONG_SPAN
0012-0001-0005,"Trong suốt cuộc đời, ông đã phản đối điều gì?",tất cả các hình thức khủng bố bạo lực,"tất cả các hình thức khủng bố bạo lực và thay vào đó, chỉ áp dụng những tiêu chuẩn đạo đức tối cao",True,False,0,0.5625,1.0,-2.7525839805603027,9.545415878295898,2.7525839805603027,SPAN_TOO_LONG
0012-0001-0006,Nguyên lý bất bạo lực đã ảnh hưởng đến phong trào nào ở Mỹ?,phong trào Vận động Quyền công dân tại Hoa Kỳ,Nguyên lý bất bạo lực (còn gọi là bất hại) được ông đề xướng với tên Chấp trì chân lý,True,False,0,0.0,1.0,0.9671335220336914,7.507134437561035,-0.9671335220336914,WRONG_SPAN
0012-0001-0007,Chấp trì chân lý đã ảnh hưởng đến phong trào nào ở Hoa Kỳ?,phong trào Vận động Quyền công dân,Nguyên lý bất bạo lực (còn gọi là bất hại),True,False,0,0.0,1.0,-0.21140289306640625,8.52173900604248,0.21140289306640625,WRONG_SPAN
0012-0001-0008,Martin sinh năm nào?,,Mahātmā Gāndhī,False,False,0,0.0,1.0,0.8940744400024414,7.975861549377441,-0.8940744400024414,UNANSWERABLE_FALSE_POSITIVE
0012-0001-0009,Nguyên lý bất bạo lực mà ông đề xướng có tên là gì?,Chấp trì chân lý (sa. satyāgraha),Chấp trì chân lý (sa. satyāgraha),True,False,1,1.0,1.0,-1.9816741943359375,10.266851425170898,1.9816741943359375,CORRECT
0012-0001-0010,"Trong suốt cuộc đời, Đế quốc Anh đã phản đối điều gì?",,"tất cả các hình thức khủng bố bạo lực và thay vào đó, chỉ áp dụng những tiêu chuẩn đạo đức tối cao",False,False,0,0.0,1.0,-2.6506762504577637,9.545182228088379,2.6506762504577637,UNANSWERABLE_FALSE_POSITIVE
0012-0002-0001,Danh hiệu nào được Rabindranath Tagore dùng khi chào đón Gandhi tại Mumbai?,Mahātmā,triết gia và người đọat giải Nobel văn chương,True,False,0,0.0,1.0,-0.7338171005249023,8.697321891784668,0.7338171005249023,WRONG_SPAN
0012-0002-0002,Danh hiệu Mahatma Gandhi được dùng đến ngày nay mặc dù ông cảm thấy như thế nào?,không hài lòng,,True,True,0,0.0,1.0,2.5912179946899414,6.200196266174316,-2.5912179946899414,ANSWERABLE_PREDICTED_EMPTY
0012-0002-0003,Danh hiệu Mahatma Gandhi được dùng đến ngày nay mặc dù mọi người cảm thấy như thế nào?,,,False,True,1,1.0,1.0,2.27298641204834,6.497441291809082,-2.27298641204834,CORRECT_NO_ANSWER
0012-0002-0004,"Năm 1918, Gandhi giữ chức vụ gì?",đứng đầu đảng Quốc dân Đại hội Ấn Độ,,True,True,0,0.0,1.0,3.2271013259887695,5.497008323669434,-3.2271013259887695,ANSWERABLE_PREDICTED_EMPTY
0012-0002-0005,Ngày 2 tháng 10 là ngày gì?,Ngày Quốc tế Bất Bạo động,"Ngày sinh của ông, 2 tháng 10, là ngày lễ quốc gia của Ấn Độ. Năm 2007, Liên Hiệp Quốc ra nghị quyết lấy ngày 2 tháng 10 là Ngày Quốc tế Bất Bạo động",True,False,0,0.2926829268292683,1.0,0.6349868774414062,7.681793212890625,-0.6349868774414062,SPAN_TOO_LONG
0012-0002-0006,Danh hiệu Mahatma Gandhi lần đầu tiên được dùng bởi ai?,Rabindranath Tagore,,True,True,0,0.0,1.0,3.039586067199707,5.616429328918457,-3.039586067199707,ANSWERABLE_PREDICTED_EMPTY
0012-0002-0007,Hàng triệu dân Ấn Độ khủng bố gọi ông là gì?,,"Mahātmā, nghĩa là ""Linh hồn lớn"", ""Vĩ nhân"" hoặc ""Đại nhân""",False,False,0,0.0,1.0,-0.8448076248168945,9.179646492004395,0.8448076248168945,UNANSWERABLE_FALSE_POSITIVE
0012-0002-0008,Hàng triệu dân Ấn Độ tôn kính gọi ông là gì?,Mahātmā,"Mahātmā, nghĩa là ""Linh hồn lớn"", ""Vĩ nhân"" hoặc ""Đại nhân""",True,False,0,0.16666666666666669,1.0,-1.3623180389404297,9.51141357421875,1.3623180389404297,SPAN_TOO_LONG
0012-0003-0001,Vì sao Gandhi có thể khích lệ những người dân bị đô hộ phấn đấu cho nền độc lập của nước nhà?,Bằng phương tiện bất hợp tác,"Gandhi đã dẫn khởi nền độc lập Ấn Độ, đưa nước mình thóat sự đô hộ của Anh",True,False,0,0.0,1.0,1.4366073608398438,7.1411285400390625,-1.4366073608398438,WRONG_SPAN
0012-0003-0002,Vì sao những người dân bị đô hộ có thể khích lệ Gandhi phấn đấu cho nền độc lập của nước nhà?,,"Gandhi đã dẫn khởi nền độc lập Ấn Độ, đưa nước mình thóat sự đô hộ của Anh",False,False,0,0.0,1.0,1.651595115661621,7.042855262756348,-1.651595115661621,UNANSWERABLE_FALSE_POSITIVE
0012-0003-0003,Gandhi khích lệ những người dân bị đô hộ khác phấn đấu cho điều gì?,nền độc lập của nước nhà,nền độc lập của nước nhà và đả đảo triệt để Đế quốc Anh,True,False,0,0.6,1.0,-1.713510513305664,10.179927825927734,1.713510513305664,SPAN_TOO_LONG
0012-0003-0004,Nguyên lý Chấp trì chân lý của Gandhi cũng thường được dịch là gì?,"""con đường chân thật"", ""truy tầm chân lý""","con đường chân thật"", ""truy tầm chân lý""",True,False,1,1.0,1.0,-5.475232124328613,10.940662384033203,5.475232124328613,CORRECT
0012-0003-0005,Nguyên lý Chấp trì chân lý đã cảm kích những ai?,những người chủ trương hành động giành tự do,những người chủ trương hành động giành tự do,True,False,1,1.0,1.0,-3.141960620880127,9.202064514160156,3.141960620880127,CORRECT
0012-0003-0006,Nguyên lý Chấp trì chân lý có gốc tiếng Anh là gì?,,"con đường chân thật"", ""truy tầm chân lý""",False,False,0,0.0,1.0,-3.0160679817199707,10.382834434509277,3.0160679817199707,UNANSWERABLE_FALSE_POSITIVE
0012-0003-0007,Nguyên lý Chấp trì chân lý đã phục kích những ai?,,"con đường chân thật"", ""truy tầm chân lý""",False,False,0,0.0,1.0,-1.5793085098266602,8.891532897949219,1.5793085098266602,UNANSWERABLE_FALSE_POSITIVE
0012-0003-0008,"Có phải tất cả những người chủ trương hành động giành tự do như Đạt-lại Lạt-ma Đăng-châu Gia-mục-thố (Tenzin Gyatso), Lech Walesa, Stephen Biko, Aung San Suu Kyi và Nelson Mandela đều theo nguyên tắc bất bạo lực và bất kháng cự của Gandhi không?",không,Chấp trì chân lý của Gandhi,True,False,0,0.0,1.0,-1.575021743774414,9.445108413696289,1.575021743774414,WRONG_SPAN
0012-0003-0009,Nguyên lý Chấp trì chân lý của Biko cũng thường được dịch là gì?,,"con đường chân thật"", ""truy tầm chân lý""",False,False,0,0.0,1.0,-4.442175388336182,10.963147163391113,4.442175388336182,UNANSWERABLE_FALSE_POSITIVE
0012-0003-0010,Những người dân bị đô hộ khích lệ Gandhi phấn đấu cho điều gì?,,nền độc lập của nước nhà và đả đảo triệt để Đế quốc Anh,False,False,0,0.0,1.0,-0.7038249969482422,9.336124420166016,0.7038249969482422,UNANSWERABLE_FALSE_POSITIVE
0012-0003-0011,Nguyên lý Chấp trì chân lý có gốc tiếng Phạn là gì?,"satya là ""chân lý"" và ā-graha là ""nắm lấy"", ""nắm chặt""","con đường chân thật"", ""truy tầm chân lý""",True,False,0,0.2,1.0,-3.460603713989258,10.548604965209961,3.460603713989258,SPAN_TOO_SHORT
0012-0004-0001,"Nguyên tắc bất hại, sùng tín, phương pháp nhịn ăn có tác dụng gì?",,thanh lọc tâm thức cũng như sự khoan dung lẫn nhau của các tín đồ và tông phái,False,False,0,0.0,1.0,-0.7681083679199219,8.936147689819336,0.7681083679199219,UNANSWERABLE_FALSE_POSITIVE
0012-0004-0002,Kasturba sinh ra và lớn lên trong một môi trường như thế nào?,,,False,True,1,1.0,1.0,2.7029285430908203,5.988884925842285,-2.7029285430908203,CORRECT_NO_ANSWER
0012-0004-0003,"Nguyên tắc bất hại, ăn chay, phương pháp nhịn ăn có tác dụng gì?",thanh lọc tâm thức,để thanh lọc tâm thức cũng như sự khoan dung lẫn nhau của các tín đồ và tông phái,True,False,0,0.34782608695652173,1.0,-1.3794183731079102,9.542481422424316,1.3794183731079102,SPAN_TOO_LONG
0012-0004-0004,Vợ kế ông có bao nhiêu người con?,,,False,True,1,1.0,1.0,2.915472984313965,5.84564208984375,-2.915472984313965,CORRECT_NO_ANSWER
0012-0004-0005,Gandhi sinh ra và lớn lên trong một môi trường như thế nào?,Lớn lên với một bà mẹ sùng tín Tì-thấp-nô trong một môi trường được ảnh hưởng bởi những người theo Kì-na giáo tại Gujarat,,True,True,0,0.0,1.0,4.025574684143066,4.687027931213379,-4.025574684143066,ANSWERABLE_PREDICTED_EMPTY
0012-0004-0006,"Nhờ vào đâu mà Gandhi sớm cảm nhận nguyên tắc bất hại, ăn chay, phương pháp nhịn ăn để thanh lọc tâm thức cũng như sự khoan dung lẫn nhau của các tín đồ và tông phái?",Lớn lên với một bà mẹ sùng tín Tì-thấp-nô trong một môi trường được ảnh hưởng bởi những người theo Kì-na giáo tại Gujarat,một bà mẹ sùng tín Tì-thấp-nô trong một môi trường được ảnh hưởng bởi những người theo Kì-na giáo tại Gujarat,True,False,0,0.9411764705882353,1.0,-1.4037938117980957,8.734848976135254,1.4037938117980957,SPAN_TOO_SHORT
0012-0004-0007,Gandhi đã sớm cảm nhận tâm thức để thanh lọc điều gì?,,"nguyên tắc bất hại, ăn chay, phương pháp nhịn ăn để thanh lọc tâm thức cũng như sự khoan dung lẫn nhau của các tín đồ và tông phái",False,False,0,0.0,1.0,-1.5790815353393555,9.51054573059082,1.5790815353393555,UNANSWERABLE_FALSE_POSITIVE
0012-0004-0008,Ông mất vợ lúc mấy tuổi?,,,False,True,1,1.0,1.0,3.7278337478637695,5.036343574523926,-3.7278337478637695,CORRECT_NO_ANSWER
0012-0004-0009,Vợ chồng ông có bao nhiêu người con?,bốn con,,True,True,0,0.0,1.0,2.943795680999756,5.827351093292236,-2.943795680999756,ANSWERABLE_PREDICTED_EMPTY
0012-0004-0010,Gandhi đã sớm cảm nhận điều gì để thanh lọc tâm thức?,"nguyên tắc bất hại, ăn chay, phương pháp nhịn ăn","nguyên tắc bất hại, ăn chay, phương pháp nhịn ăn để thanh lọc tâm thức cũng như sự khoan dung lẫn nhau của các tín đồ và tông phái",True,False,0,0.5128205128205129,1.0,-2.584181785583496,10.072516441345215,2.584181785583496,SPAN_TOO_LONG
0012-0004-0011,Ông cưới vợ lúc mấy tuổi?,13,,True,True,0,0.0,1.0,3.456908702850342,5.264212131500244,-3.456908702850342,ANSWERABLE_PREDICTED_EMPTY
0012-0005-0001,"Thay vì làm tọai nguyện ông, mẹ đã làm gì?",,ông đọc sách và đổi sang ăn chay ngay trên phương diện tri thức,False,False,0,0.0,1.0,-0.929290771484375,9.356616973876953,0.929290771484375,UNANSWERABLE_FALSE_POSITIVE
0012-0005-0002,Gandhi mở đại học nào?,,,False,True,1,1.0,1.0,3.0755157470703125,5.702981948852539,-3.0755157470703125,CORRECT_NO_ANSWER
0012-0005-0003,Bà Helena đã thành lập cái gì vào năm 1875?,hiệp hội Thần Trí học,hiệp hội Thần Trí học (hoặc Thông Thiên học),True,False,0,0.7142857142857143,1.0,-0.9738588333129883,9.049927711486816,0.9738588333129883,SPAN_TOO_LONG
0012-0005-0004,Mẹ phải làm gì sau khi ông rời Ấn Độ?,,giữ giới luật Ấn Độ giáo không ăn thịt và uống rượu,False,False,0,0.0,1.0,0.022068023681640625,8.531482696533203,-0.022068023681640625,UNANSWERABLE_FALSE_POSITIVE
0012-0005-0005,Gandhi học đại học nào?,Đại học College Luân Đôn,,True,True,0,0.0,1.0,2.3682918548583984,6.394428253173828,-2.3682918548583984,ANSWERABLE_PREDICTED_EMPTY
0012-0005-0006,Công việc của ông đã giúp ủy viên ban chấp hành Hội người ăn chay như thế nào?,,,False,True,1,1.0,1.0,1.8056635856628418,6.812038898468018,-1.8056635856628418,CORRECT_NO_ANSWER
0012-0005-0007,Công việc ủy viên ban chấp hành Hội người ăn chay đã giúp ông như thế nào?,thu thập những kinh nghiệm giá trị trong việc quản lý và duy trì một tổ chức,,True,True,0,0.0,1.0,3.45180606842041,5.3131256103515625,-3.45180606842041,ANSWERABLE_PREDICTED_EMPTY
0012-0005-0008,"Thay vì làm tọai nguyện mẹ, ông đã làm gì?",ông đọc sách và đổi sang ăn chay ngay trên phương diện tri thức,ông đọc sách và đổi sang ăn chay ngay trên phương diện tri thức,True,False,1,1.0,1.0,-0.7608261108398438,9.208610534667969,0.7608261108398438,CORRECT
0012-0005-0009,Vì sao Gandhi không ăn được thịt cừu và cải bắp bà chủ nhà trọ nấu cho mình?,"ông chịu ảnh hưởng của lời nguyện với bà mẹ trước mặt một vị tăng Kì-na giáo là Becharji, đó là giữ giới luật Ấn Độ giáo không ăn thịt và uống rượu sau khi rời Ấn Độ","Mặc dù đã thử bắt chước văn minh người Anh, ví dụ như học nhảy",True,False,0,0.0,1.0,0.09998226165771484,8.449435234069824,-0.09998226165771484,WRONG_SPAN
0012-0005-0010,Mẹ ông phải làm gì sau khi rời Ấn Độ.?,giữ giới luật Ấn Độ giáo không ăn thịt và uống rượu,giữ giới luật Ấn Độ giáo không ăn thịt và uống rượu,True,False,1,1.0,1.0,-0.9075937271118164,9.370843887329102,0.9075937271118164,CORRECT
0012-0006-0001,Vì sao chỉ sau khi trở về Ấn Độ thì Gandhi mới biết mẹ mình đã qua đời?,gia đình đã giấu kín chuyện này,Ông trở về Ấn Độ sau khi được phép làm luật sư,True,False,0,0.0,1.0,0.5857229232788086,7.856142997741699,-0.5857229232788086,WRONG_SPAN
0012-0006-0002,Vì sao thành tựu của ông trong việc mở trường dạy học tại Mumbai chỉ hạn chế?,,vì thời đó có rất nhiều người làm nghề này và Gandhi không phải là một luật sư năng nổ tại pháp tòa,False,False,0,0.0,1.0,-3.3239364624023438,10.4998140335083,3.3239364624023438,UNANSWERABLE_FALSE_POSITIVE
0012-0006-0003,Ông trở về Ấn Độ từ khi nào?,tháng 6 năm 1891,,True,True,0,0.0,1.0,3.999924659729004,4.673650741577148,-3.999924659729004,ANSWERABLE_PREDICTED_EMPTY
0012-0006-0004,Vì sao sau khi trỏ về ông mới biết mẹ mình đã qua đời?,gia đình đã giấu kín chuyện này,Ông trở về Ấn Độ sau khi được phép làm luật sư,True,False,0,0.0,1.0,0.8246831893920898,7.745213508605957,-0.8246831893920898,WRONG_SPAN
0012-0006-0005,Vì sao sau khi trở về mẹ mới biết ông đã qua đời?,,Ông trở về Ấn Độ sau khi được phép làm luật sư,False,False,0,0.0,1.0,1.716914176940918,6.892179489135742,-1.716914176940918,UNANSWERABLE_FALSE_POSITIVE
0012-0006-0006,Vì sao thành tựu của ông trong việc mở văn phòng luật sư tại Mumbai chỉ hạn chế?,thời đó có rất nhiều người làm nghề này và Gandhi không phải là một luật sư năng nổ tại pháp tòa,vì thời đó có rất nhiều người làm nghề này và Gandhi không phải là một luật sư năng nổ tại pháp tòa,True,False,0,0.9777777777777777,1.0,-3.574840545654297,10.66358757019043,3.574840545654297,SPAN_TOO_LONG
0012-0006-0007,Ông trở về Rajkot làm gì?,sọan lời thỉnh nguyện cho những người tố tụng,sọan lời thỉnh nguyện cho những người tố tụng,True,False,1,1.0,1.0,0.8921294212341309,7.558090686798096,-0.8921294212341309,CORRECT
0012-0006-0008,"Ông đã làm gì ở Natal, Nam Phi vào năm 1893?",chấp nhận một hợp đồng lâu dài của một công ty Ấn Độ,,True,True,0,0.0,1.0,2.1079630851745605,6.25730562210083,-2.1079630851745605,ANSWERABLE_PREDICTED_EMPTY
0012-0007-0001,Chủ nghĩa hành động của ông xảy ra lúc nào?,khi ông bắt đầu một cuộc hành trình đến Pretoria,,True,True,0,0.0,1.0,2.7001137733459473,6.0035014152526855,-2.7001137733459473,ANSWERABLE_PREDICTED_EMPTY
0012-0007-0002,Tại sao ông bị vất ra khỏi xe lửa tại Pietermaritzburg?,sau khi từ chối chuyển từ toa xe hạng nhất đến toa hạng ba,"từ chối chuyển từ toa xe hạng nhất đến toa hạng ba, vốn thường được những người da màu sử dụng mặc dù đã mua vé hạng nhất",True,False,0,0.5714285714285714,1.0,-3.4914727210998535,11.039630889892578,3.4914727210998535,SPAN_TOO_LONG
0012-0007-0003,Sự kiện nào được xem là chất xúc tác cho chủ nghĩa hành động của Gandhi?,"Vào một ngày, khi quan tòa thành phố Durban yêu cầu Gandhi gỡ khăn xếp (turban) trên đầu, ông từ chối và hùng hồn bước ra khỏi tòa","Một bước ngoặt trong cuộc đời thường được các truyện ký thừa nhận - có thể xem là chất xúc tác cho chủ nghĩa hành động của ông - xảy ra ít lâu sau, khi ông bắt đầu một cuộc hành trình đến Pretoria",True,False,0,0.17142857142857143,1.0,-0.5179872512817383,8.599857330322266,0.5179872512817383,SPAN_TOO_LONG
0012-0007-0004,Chủ nghĩa hành động của du khách xảy ra lúc nào?,,,False,True,1,1.0,1.0,3.081839084625244,5.668660640716553,-3.081839084625244,CORRECT_NO_ANSWER
0012-0007-0005,"Lúc 18 tuổi, ông thường đọc báo khi nào?",,,False,True,1,1.0,1.0,2.414198398590088,6.3552069664001465,-2.414198398590088,CORRECT_NO_ANSWER
0012-0007-0006,Ông làm gì khi được quan tòa thành phố Durban yêu cầu gỡ khăn xếp?,từ chối và hùng hồn bước ra khỏi tòa,ông từ chối và hùng hồn bước ra khỏi tòa,True,False,0,0.9473684210526316,1.0,-2.3997087478637695,10.367471694946289,2.3997087478637695,SPAN_TOO_LONG
0012-0007-0007,Quan tòa thành phố Durban làm gì khi được Ông yêu cầu gỡ khăn xếp?,,"quan tòa thành phố Durban yêu cầu Gandhi gỡ khăn xếp (turban) trên đầu, ông từ chối và hùng hồn bước ra khỏi tòa",False,False,0,0.0,1.0,-2.514219284057617,9.985738754272461,2.514219284057617,UNANSWERABLE_FALSE_POSITIVE
0012-0007-0008,"Lúc 18 tuổi, ông thường run sợ khi nào?",bước ra tòa thuyết trình,Ông đọc báo lần đầu tiên năm lên 18 và thường run sợ khi bước ra tòa thuyết trình,True,False,0,0.4166666666666667,1.0,1.2013955116271973,7.314202785491943,-1.2013955116271973,SPAN_TOO_LONG
0012-0007-0009,Ông đọc báo lần đầu tiên năm mấy tuổi?,18,năm lên 18,True,False,0,0.5,1.0,-3.0370655059814453,10.418581008911133,3.0370655059814453,SPAN_TOO_LONG
0012-0008-0001,Dự thảo pháp luật của Hội đồng lập pháp Natal có mục đích gì?,lọai bỏ quyền bầu cử của người di dân Ấn Độ,dự thảo pháp luật được Hội đồng lập pháp Natal đề nghị nhằm lọai bỏ quyền bầu cử của người di dân Ấn Độ,True,False,0,0.6285714285714286,1.0,-0.10378551483154297,8.36577320098877,0.10378551483154297,SPAN_TOO_LONG
0012-0008-0002,Cơ quan nào đã gửi kiến nghị phản đối dự thảo đến Ông?,,Viện Lập Pháp Natal và chính quyền Anh,False,False,0,0.0,1.0,-1.7908945083618164,9.803910255432129,1.7908945083618164,UNANSWERABLE_FALSE_POSITIVE
0012-0008-0003,Ông được thuyết phục ở lại Durban để làm gì?,tiếp tục đấu tranh chống sự bất công được áp dụng đối với người Ấn,,True,True,0,0.0,1.0,3.6384615898132324,4.848302364349365,-3.6384615898132324,ANSWERABLE_PREDICTED_EMPTY
0012-0008-0004,"Khi hợp đồng làm việc chấm dứt, Gandhi có trở về Ấn Độ hay không?",ông lưu lại Durban,,True,True,0,0.0,1.0,3.4712319374084473,5.144022464752197,-3.4712319374084473,ANSWERABLE_PREDICTED_EMPTY
0012-0008-0005,Ông được thuyết phục ở lại Anh để làm gì?,,,False,True,1,1.0,1.0,4.018921375274658,4.599246501922607,-4.018921375274658,CORRECT_NO_ANSWER
0012-0008-0006,"Thông qua tổ chức Hội nghị Ấn Độ, ông đã làm được những gì?","chuyển hóa cộng đồng người Ấn tại Nam Phi thành một lực lượng chính trị hỗn tạp, làm tràn ngập chính quyền cũng như báo chí với những lời trần thuật về sự bất mãn của người Ấn và những bằng chứng của sự kì thị nơi người Anh tại Nam Phi",,True,True,0,0.0,1.0,5.023284435272217,3.6143155097961426,-5.023284435272217,ANSWERABLE_PREDICTED_EMPTY
0012-0008-0007,Quyền bầu cử của Hội đồng lập pháp Natal có mục đích gì?,,lọai bỏ quyền bầu cử của người di dân Ấn Độ,False,False,0,0.0,1.0,0.42139148712158203,8.025075912475586,-0.42139148712158203,UNANSWERABLE_FALSE_POSITIVE
0012-0008-0008,"Khi không làm việc nữa, Gandhi làm gì?",Gandhi thu xếp trở về Ấn Độ,,True,True,0,0.0,1.0,5.461433172225952,3.236980676651001,-5.461433172225952,ANSWERABLE_PREDICTED_EMPTY
0012-0008-0009,Ông đã gửi kiến nghị phản đối dự thảo đến cơ quan nào?,Viện Lập Pháp Natal và chính quyền Anh,Viện Lập Pháp Natal và chính quyền Anh,True,False,1,1.0,1.0,-1.990023136138916,9.85269546508789,1.990023136138916,CORRECT
0012-0009-0001,Dự án nào sau khi được áp dụng đã dẫn đến một cuộc đấu tranh kéo dài 7 năm với hơn 7000 người Ấn bị bắt giam?,áp dụng nguyên tắc Chấp trì chân lý và đấu tranh bất bạo lực,Gandhi lần đầu áp dụng nguyên tắc Chấp trì chân lý và đấu tranh bất bạo lực,True,False,0,0.9032258064516129,1.0,-0.6935224533081055,8.536397933959961,0.6935224533081055,SPAN_TOO_LONG
0012-0009-0002,"Hơn 7000 người Ấn đã bị đàn áp, bắt giam vì đã làm gì?","vì đình công, từ chối không ký chứng, đốt giấy ký chứng hoặc tham gia những cuộc kháng cự bất bạo động khác","đình công, từ chối không ký chứng, đốt giấy ký chứng",True,False,0,0.6470588235294118,1.0,0.43617820739746094,8.077028274536133,-0.43617820739746094,SPAN_TOO_SHORT
0012-0009-0003,"Sau khi chiến tranh kết thúc, tình hình Ấn Độ như thế nào?","tình trạng của người Ấn tại Nam Phi không khả quan hơn, vẫn tiếp tục sa đọa",tình trạng của người Ấn tại Nam Phi,True,False,0,0.6399999999999999,1.0,0.8007869720458984,7.892745018005371,-0.8007869720458984,SPAN_TOO_SHORT
0012-0009-0004,"Hơn 7000 người Nam Phi đã bị đàn áp, bắt giam vì đã làm gì?",,"đình công, từ chối không ký chứng, đốt giấy ký chứng",False,False,0,0.0,1.0,1.5116453170776367,7.1088056564331055,-1.5116453170776367,UNANSWERABLE_FALSE_POSITIVE
0012-0009-0005,Smuts lần đầu tiên áp dụng nguyên tắc chấp trì chân lý khi nào?,,Gandhi lần đầu áp dụng nguyên tắc Chấp trì chân lý và đấu tranh bất bạo lực,False,False,0,0.0,1.0,-0.16974925994873047,8.618541717529297,0.16974925994873047,UNANSWERABLE_FALSE_POSITIVE
0012-0009-0006,Nhóm tình nguyện của Gandhi lập ra gồm bao nhiêu người?,300 người Ấn Độ và 800 người làm mướn,300 người Ấn Độ và 800 người làm mướn,True,False,1,1.0,1.0,1.3381872177124023,7.157588005065918,-1.3381872177124023,CORRECT
0012-0009-0007,Gandhi lần đầu tiên áp dụng nguyên tắc chấp trì chân lý khi nào?,Tại một cuộc biểu tình lớn được tổ chức tại Johannesburg vào tháng 9,Gandhi lần đầu áp dụng nguyên tắc Chấp trì chân lý và đấu tranh bất bạo lực,True,False,0,0.0,1.0,-0.8069248199462891,8.928604125976562,0.8069248199462891,WRONG_SPAN
0012-0009-0008,"Sau khi chiến tranh kết thúc, tình hình thế giới như thế nào?",,,False,True,1,1.0,1.0,2.726154327392578,6.112277030944824,-2.726154327392578,CORRECT_NO_ANSWER
0012-0009-0009,Những người Ấn Độ đã khuyên Gandhi làm gì với nguyên tắc bất bạo lực?,,,False,True,1,1.0,1.0,1.926630973815918,6.819886207580566,-1.926630973815918,CORRECT_NO_ANSWER
0012-0009-0010,Nhóm biểu tình của Gandhi lập ra gồm bao nhiêu người?,,,False,True,1,1.0,1.0,2.7149009704589844,5.997523307800293,-2.7149009704589844,CORRECT_NO_ANSWER
0012-0009-0011,Gandhi đã khuyên những người Ấn Độ làm gì với nguyên tắc bất bạo lực?,phản bác luật mới và chịu đựng hình phạt,Chấp trì chân lý và đấu tranh bất bạo lực,True,False,0,0.10526315789473685,1.0,1.1257681846618652,7.49132776260376,-1.1257681846618652,SPAN_TOO_LONG
0012-0010-0001,Gandhi dịch bài Thư gửi đến một môn đồ Ấn Độ giáo để làm gì?,phản ứng những đồng hương Ấn Độ theo chủ nghĩa dân tộc một cách hung bạo,để phản ứng những đồng hương Ấn Độ theo chủ nghĩa dân tộc một cách hung bạo,True,False,0,0.9696969696969697,1.0,-5.0541815757751465,10.170174598693848,5.0541815757751465,SPAN_TOO_LONG
0012-0010-0002,Tolstoy qua đời vào năm nào?,1910,,True,True,0,0.0,1.0,2.970569610595703,5.751003265380859,-2.970569610595703,ANSWERABLE_PREDICTED_EMPTY
0012-0010-0003,Lev Nikolayevich Tolstoy là người như thế nào?,"người đã trải qua một sự chuyển biến tôn giáo sâu sắc với niềm tin vào một dạng ""chủ nghĩa vô chính phủ"" của Kitô giáo",,True,True,0,0.0,1.0,2.0573368072509766,6.638222694396973,-2.0573368072509766,ANSWERABLE_PREDICTED_EMPTY
0012-0010-0004,Gandhi đã bị ảnh hưởng bởi những tác phẩm nào?,những tác phẩm của Lev Nikolayevich Tolstoy,,True,True,0,0.0,1.0,2.6769704818725586,5.966782569885254,-2.6769704818725586,ANSWERABLE_PREDICTED_EMPTY
0012-0010-0005,Một môn đồ Ấn Độ giáo dịch bài Thư gửi đến Gandhi để làm gì?,,để phản ứng những đồng hương Ấn Độ theo chủ nghĩa dân tộc một cách hung bạo,False,False,0,0.0,1.0,-4.740394115447998,10.123164176940918,4.740394115447998,UNANSWERABLE_FALSE_POSITIVE
0012-0010-0006,Mahatma Gandhi là người như thế nào?,,,False,True,1,1.0,1.0,3.9787421226501465,4.7314839363098145,-3.9787421226501465,CORRECT_NO_ANSWER
0012-0010-0007,Những khái niệm và kỹ thuật của phương pháp bất hợp tác được phát triển trong thời gian nào?,Những năm lưu trú tại Nam Phi,Những năm lưu trú tại Nam Phi với tư cách một người chủ trương hành động chuyên về xã hội chính trị chính là thời kì những khái niệm và kĩ thuật của phương pháp bất hợp tác và phản đối bất bạo lực,True,False,0,0.2745098039215686,1.0,-0.9402437210083008,9.156822204589844,0.9402437210083008,SPAN_TOO_LONG
0012-0010-0008,"Quyển ""Thiên đường nằm trong Bạn"" được viết bởi ai?",Lev Nikolayevich Tolstoy,Lev Nikolayevich Tolstoy,True,False,1,1.0,1.0,-2.2056684494018555,10.382096290588379,2.2056684494018555,CORRECT
0012-0010-0009,Gandhi qua đời vào năm nào?,,,False,True,1,1.0,1.0,4.577898025512695,4.047590255737305,-4.577898025512695,CORRECT_NO_ANSWER
0012-0011-0001,Ông đã thuyết trình cho những ai?,Quốc dân Đại hội Ấn Độ,,True,True,0,0.0,1.0,1.9259090423583984,6.876077651977539,-1.9259090423583984,ANSWERABLE_PREDICTED_EMPTY
0012-0011-0002,Ông khích lệ người Ấn tham gia quân đội vì lý do gì?,"quyền công dân đầy đủ, tự do và quyền lợi trong Đế quốc Anh","quyền công dân đầy đủ, tự do và quyền lợi trong Đế quốc Anh, và như vậy thì việc giúp nó phòng vệ",True,False,0,0.7567567567567568,1.0,1.2668743133544922,7.28118896484375,-1.2668743133544922,SPAN_TOO_LONG
0012-0011-0003,Ai là lãnh đạo được tôn kính nhất của đảng Quốc dân Đại hội lúc bấy giờ?,Gopal Krishna Gokhale,Gopal Krishna Gokhale,True,False,1,1.0,1.0,-1.0384044647216797,9.642841339111328,1.0384044647216797,CORRECT
0012-0011-0004,Gokhale ủng hộ ai trong chiến tranh Thế giới thứ nhất?,,,False,True,1,1.0,1.0,2.2126359939575195,6.516180992126465,-2.2126359939575195,CORRECT_NO_ANSWER
0012-0011-0005,Ai là lãnh đạo được tôn kính nhất của đảng Quốc dân Nam Phi lúc bấy giờ?,,,False,True,1,1.0,1.0,2.308382034301758,6.533781051635742,-2.308382034301758,CORRECT_NO_ANSWER
0012-0011-0006,Phần lớn buổi thuyết trình của Gandhi là gì?,"chính ông được hướng dẫn vào những chủ đề Ấn Độ, chính trị và công chúng Ấn",,True,True,0,0.0,1.0,3.985776901245117,4.794628143310547,-3.985776901245117,ANSWERABLE_PREDICTED_EMPTY
0012-0011-0007,Gandhi ủng hộ ai trong chiến tranh Thế giới thứ nhất?,người Anh,,True,True,0,0.0,1.0,3.659518241882324,5.081038475036621,-3.659518241882324,ANSWERABLE_PREDICTED_EMPTY
0012-0012-0001,Hơn 10000 thực dân tham gia cuộc kháng cự với Gandhi tại Champaran đã bị ép phải làm gì?,,"hơn 10.000 nông dân không có đất, nông nô và những nông gia nghèo khổ có số lượng đất không đáng kể",False,False,0,0.0,1.0,-0.5142736434936523,8.977997779846191,0.5142736434936523,UNANSWERABLE_FALSE_POSITIVE
0012-0012-0002,Tại sao những người nông dân có cuộc sống vất vả?,"Bị đàn áp bởi dân binh của điền chủ (phần lớn là người Anh), họ được trả công rất ít",,True,True,0,0.0,1.0,6.4406468868255615,2.3990471363067627,-6.4406468868255615,ANSWERABLE_PREDICTED_EMPTY
0012-0012-0003,Gandhi đạt được thành tựu lần đầu tiên vào năm nào?,1918,,True,True,0,0.0,1.0,1.9199657440185547,6.599698066711426,-1.9199657440185547,ANSWERABLE_PREDICTED_EMPTY
0012-0012-0004,Gandhi là ai?,,,False,True,1,1.0,1.0,5.757903099060059,3.1522417068481445,-5.757903099060059,CORRECT_NO_ANSWER
0012-0012-0005,Patel đạt được thành tựu lần đầu tiên vào năm nào?,,,False,True,1,1.0,1.0,2.6249818801879883,6.093537330627441,-2.6249818801879883,CORRECT_NO_ANSWER
0012-0012-0006,Những thành tích lớn đầu tiên của Gandhi là gì?,cuộc kích động tại Champaran và phong trào Chấp trì chân lý,cuộc kích động tại Champaran và phong trào Chấp trì chân lý tại Kheda,True,False,0,0.923076923076923,1.0,0.44250011444091797,8.368953704833984,-0.44250011444091797,SPAN_TOO_LONG
0012-0012-0007,Patel là ai?,cánh tay phải của Gandhi,,True,True,0,0.0,1.0,2.325221061706543,6.5741071701049805,-2.325221061706543,ANSWERABLE_PREDICTED_EMPTY
0012-0012-0008,Hơn 10000 nông dân tham gia cuộc kháng cự với Gandhi tại Champaran đã bị ép phải làm gì?,phải trồng indigo và những nông sản bán được trên thị trường thay vì gieo trồng những lọai cung cấp thực phẩm cần thiết cho sự sinh tồn của họ,"hơn 10.000 nông dân không có đất, nông nô và những nông gia nghèo khổ có số lượng đất không đáng kể",True,False,0,0.11320754716981132,1.0,-1.5808782577514648,9.778404235839844,1.5808782577514648,SPAN_TOO_SHORT
0012-0013-0001,Những việc lập trường theo Gandhi là những gì?,,,False,True,1,1.0,1.0,5.31193733215332,3.5228099822998047,-5.31193733215332,CORRECT_NO_ANSWER
0012-0013-0002,Vì sao Gandhi có thể chỉnh lý các thôn xóm?,Lập cơ sở trên lòng tự tin của người làng,"Gandhi bắt đầu chỉnh lý các thôn xóm, lập trường học và bệnh viện",True,False,0,0.08333333333333333,1.0,1.0093135833740234,7.260956764221191,-1.0093135833740234,SPAN_TOO_LONG
0012-0013-0003,Gandhi tổ chức một nhóm người bao gồm những ai?,người giúp cố cựu và người mới từ địa phương,người giúp cố cựu và người mới từ địa phương,True,False,1,1.0,1.0,-0.06756877899169922,8.42198371887207,0.06756877899169922,CORRECT
0012-0013-0004,Những việc hủ nát theo Gandhi là những gì?,"phân biệt tiện dân, bắt phụ nữ mang khăn che và áp chế họ","phân biệt tiện dân, bắt phụ nữ mang khăn che và áp chế họ",True,False,1,1.0,1.0,-2.355417251586914,10.292013168334961,2.355417251586914,CORRECT
0012-0013-0005,Gandhi tổ chức một nhóm khủng bố bao gồm những ai?,,,False,True,1,1.0,1.0,3.789006233215332,4.84724235534668,-3.789006233215332,CORRECT_NO_ANSWER
0012-0013-0006,Mục đích ông lập một công trình nghiên cứu để làm gì?,"có được một tổng quan về các thôn làng, xem xét những sự tàn bạo và những tình tiết thống khổ bao gồm những trạng thái thóai hóa của cuộc sống nói chung","Ông tổ chức một công trình nghiên cứu để có được một tổng quan về các thôn làng, xem xét những sự tàn bạo và những tình tiết thống khổ bao gồm những trạng thái thóai hóa của cuộc sống nói chung",True,False,0,0.88,1.0,0.6487784385681152,7.675482273101807,-0.6487784385681152,SPAN_TOO_LONG
0012-0014-0001,Những người biểu tình đã đòi hỏi điều gì?,trả tự do lại cho ông,,True,True,0,0.0,1.0,3.87654972076416,4.889483451843262,-3.87654972076416,ANSWERABLE_PREDICTED_EMPTY
0012-0014-0002,Kết quả từ việc chính quyền Anh đại diện các nông gia thương lượng với Patel là gì?,,"Kheda, Patel đại diện các nông gia trong những cuộc thương lượng với chính quyền Anh với kết quả là họ tạm dừng thu thuế, đảm bảo trợ cấp",False,False,0,0.0,1.0,-3.192667007446289,10.524383544921875,3.192667007446289,UNANSWERABLE_FALSE_POSITIVE
0012-0014-0003,Gandhi được quần chúng tôn xưng là gì?,Bapu (người cha già dân tộc) và Mahātmā (tâm hồn vĩ đại),Bapu (người cha già dân tộc) và Mahātmā (tâm hồn vĩ đại),True,False,1,1.0,1.0,-1.6200456619262695,9.709920883178711,1.6200456619262695,CORRECT
0012-0014-0004,Các điền chủ đã làm gì để đối phó với cuộc biểu tình?,"ký một hiệp định đảm bảo trả lương cao hơn và kiểm sóat việc cho nông dân nghèo địa phương thuê đất, xóa bỏ việc tăng thuế cũng như việc thu thuế đến khi nạn đói chấm dứt",Gandhi đứng đầu những cuộc biểu tình có tổ chức chống lại điền chủ,True,False,0,0.0,1.0,1.3355894088745117,7.224370002746582,-1.3355894088745117,WRONG_SPAN
0012-0014-0005,Kết quả từ việc Patel đại diện các nông gia thương lượng với chính quyền Anh là gì?,"họ tạm dừng thu thuế, đảm bảo trợ cấp","Kheda, Patel đại diện các nông gia trong những cuộc thương lượng với chính quyền Anh với kết quả là họ tạm dừng thu thuế, đảm bảo trợ cấp",True,False,0,0.4736842105263158,1.0,-3.2753686904907227,10.373758316040039,3.2753686904907227,SPAN_TOO_LONG
0012-0014-0006,Các tổ chức đã làm gì để đối phó với cuộc biểu tình?,,,False,True,1,1.0,1.0,5.347718000411987,3.453589677810669,-5.347718000411987,CORRECT_NO_ANSWER
0012-0014-0007,Những người tự do đã đòi hỏi điều gì?,,,False,True,1,1.0,1.0,5.201816082000732,3.614078998565674,-5.201816082000732,CORRECT_NO_ANSWER
0012-0014-0008,Cuộc phát động có tổ chức đầu tiên của Gandhi xảy ra khi nào?,khi ông bị cảnh sát bắt giam với lý do gây bạo động và được yêu cầu rời địa phương này,khi ông bị cảnh sát bắt giam với lý do gây bạo động và được yêu cầu rời địa phương này,True,False,1,1.0,1.0,-1.0542478561401367,9.297029495239258,1.0542478561401367,CORRECT
0012-0014-0009,Cuộc phát động có tổ chức đầu tiên của Patel xảy ra khi nào?,,khi ông bị cảnh sát bắt giam với lý do gây bạo động và được yêu cầu rời địa phương này,False,False,0,0.0,1.0,-0.14489364624023438,8.562426567077637,0.14489364624023438,UNANSWERABLE_FALSE_POSITIVE
0012-0015-0001,Các cuộc biểu tình lớn có ảnh hưởng như thế nào?,Tất cả những thành phố và thị xã lớn đều đóng cửa; các họat động cơ quan chính phủ đều phải được quân đội đảm nhiệm,,True,True,0,0.0,1.0,2.950385093688965,5.7429399490356445,-2.950385093688965,ANSWERABLE_PREDICTED_EMPTY
0012-0015-0002,Sự kiện gì đã diễn ra ở Punjab?,cuộc đại tàn sát ở Amritsar,,True,True,0,0.0,1.0,2.512725830078125,6.112055778503418,-2.512725830078125,ANSWERABLE_PREDICTED_EMPTY
0012-0015-0003,Các cuộc biểu tình được tổ chức như thế nào?,hòa bình,,True,True,0,0.0,1.0,2.9962806701660156,5.681360244750977,-2.9962806701660156,ANSWERABLE_PREDICTED_EMPTY
0012-0015-0004,Dự thảo Rowlatt năm 1919 có nội dung gì?,cho phép chính phủ bắt giam những người bị vu khống gây lọan mà không cần đưa ra tòa duyệt,cho phép chính phủ bắt giam những người bị vu khống gây lọan mà không cần đưa ra tòa duyệt,True,False,1,1.0,1.0,-1.1356582641601562,9.080488204956055,1.1356582641601562,CORRECT
0012-0015-0005,Sự kiện gì đã diễn ra ở Anh?,,,False,True,1,1.0,1.0,3.0104923248291016,5.770232200622559,-3.0104923248291016,CORRECT_NO_ANSWER
0012-0015-0006,Ai đã tổ chức biểu tình cùng với Gandhi?,đảng Quốc dân Đại hội,,True,True,0,0.0,1.0,3.4569969177246094,5.244302749633789,-3.4569969177246094,ANSWERABLE_PREDICTED_EMPTY
0012-0015-0007,Dự thảo Gandhi năm 1919 có nội dung gì?,,Dự thảo pháp luật Rowlatt,False,False,0,0.0,1.0,0.35834407806396484,7.806300163269043,-0.35834407806396484,UNANSWERABLE_FALSE_POSITIVE
0012-0016-0001,Điều gì đã chuyển biến đảng từ một tổ chức tinh duệ số ít thành một đảng lớn với sức lôi cuốn tòan quốc?,Một tổ chức có giai cấp của các ủy ban được thành lập,Một tổ chức có giai cấp của các ủy ban,True,False,0,0.8695652173913044,1.0,-3.0366435050964355,10.73223876953125,3.0366435050964355,SPAN_TOO_SHORT
0012-0016-0002,Chính sách của ông khuyên mọi người nên ăn mặc gì?,mang y phục tự dệt ở nhà,,True,True,0,0.0,1.0,3.5074996948242188,5.070666313171387,-3.5074996948242188,ANSWERABLE_PREDICTED_EMPTY
0012-0016-0003,Điều gì đã chuyển biến đảng từ đảng lớn với sức lôi cuốn tòan quốc thành một một tổ chức tinh duệ số ít?,,Một tổ chức có giai cấp của các ủy ban,False,False,0,0.0,1.0,-3.09732723236084,10.758681297302246,3.09732723236084,UNANSWERABLE_FALSE_POSITIVE
0012-0016-0004,Làm thế nào để trở thành đảng viên đảng Quốc dân Đại hội?,sau khi đóng một lệ phí trên danh nghĩa,,True,True,0,0.0,1.0,2.2423787117004395,6.507144451141357,-2.2423787117004395,ANSWERABLE_PREDICTED_EMPTY
0012-0016-0005,Gandhi làm gì vào tháng 4 năm 1922?,,,False,True,1,1.0,1.0,3.947956085205078,4.770761489868164,-3.947956085205078,CORRECT_NO_ANSWER
0012-0016-0006,Chính sách bản quốc có nghĩa là gì?,"tẩy chay những sản phẩm ngọai lai, đặc biệt là những sản phẩm Anh","tẩy chay những sản phẩm ngọai lai, đặc biệt là những sản phẩm Anh",True,False,1,1.0,1.0,-1.4181747436523438,9.480829238891602,1.4181747436523438,CORRECT
0012-0016-0007,Gandhi làm gì vào tháng 4 năm 1920?,chủ tịch hội Liên hiệp Tự trị Tòan Ấn Độ,,True,True,0,0.0,1.0,3.267887592315674,5.453109264373779,-3.267887592315674,ANSWERABLE_PREDICTED_EMPTY
0012-0017-0001,Tại sao phong trào đạt đỉnh điểm đột ngột?,,,False,True,1,1.0,1.0,1.8635921478271484,6.748697280883789,-1.8635921478271484,CORRECT_NO_ANSWER
0012-0017-0002,Gandhi bị hủy bỏ những danh hiệu với tội danh gì?,,bất phục tòng,False,False,0,0.0,1.0,-0.6660060882568359,9.275192260742188,0.6660060882568359,UNANSWERABLE_FALSE_POSITIVE
0012-0017-0003,"Ngòai việc tẩy chay sản phẩm của Anh, Gandhi còn kêu gọi mọi người làm gì?","tẩy chay các cơ quan giáo dục và pháp tòa Anh, từ chức không làm cho chính quyền, từ chối không đóng thuế và hủy bỏ những danh hiệu, huy chương An","dân chúng tẩy chay các cơ quan giáo dục và pháp tòa Anh, từ chức không làm cho chính quyền, từ chối không đóng thuế và hủy bỏ những danh hiệu, huy chương Anh",True,False,0,0.9393939393939394,1.0,-1.3154106140136719,9.644072532653809,1.3154106140136719,SPAN_TOO_LONG
0012-0017-0004,Gandhi bị đưa ra tòa với tội danh gì?,gây lọan,lý do gây lọan,True,False,0,0.6666666666666666,1.0,-3.079204559326172,10.072028160095215,3.079204559326172,SPAN_TOO_LONG
0012-0017-0005,Hiệu quả của chương trình tẩy chay này đạt được như thế nào?,"sức lôi cuốn và thành công rộng lớn, gia lực cho người Ấn chưa từng có từ xưa nay",,True,True,0,0.0,1.0,5.453425168991089,3.3186123371124268,-5.453425168991089,ANSWERABLE_PREDICTED_EMPTY
0012-0017-0006,"Ngòai việc tẩy chay sản phẩm của Gandhi, Anh còn kêu gọi mọi người làm gì?",,"dân chúng tẩy chay các cơ quan giáo dục và pháp tòa Anh, từ chức không làm cho chính quyền, từ chối không đóng thuế và hủy bỏ những danh hiệu, huy chương Anh",False,False,0,0.0,1.0,-1.052042007446289,9.367155075073242,1.052042007446289,UNANSWERABLE_FALSE_POSITIVE
0012-0017-0007,Tại sao phong trào chấm dứt đột ngột?,"một cuộc xung đột bạo lực tại thị xã Chauri Chaura, bang Uttar Pradesh",,True,True,0,0.0,1.0,3.8118605613708496,4.880382061004639,-3.8118605613708496,ANSWERABLE_PREDICTED_EMPTY
0012-0017-0008,Vì sao Gandhi lại ngồi tù ít hơn thời gian xét xử?,ca mổ viêm ruột thừa,,True,True,0,0.0,1.0,2.0770649909973145,6.55846643447876,-2.0770649909973145,ANSWERABLE_PREDICTED_EMPTY
0012-0018-0001,Phái được lãnh đạo bởi Chitta đòi hỏi điều gì?,đảng tham dự cơ quan lập pháp,"Ranjan Das và Motilal Nehru, ủng hộ việc đảng tham dự cơ quan lập pháp",True,False,0,0.6363636363636364,1.0,-0.48862361907958984,8.651583671569824,0.48862361907958984,SPAN_TOO_LONG
0012-0018-0002,Gandhi đã làm gì để bắc cầu nối những điểm sai biệt của Đảng?,"bằng nhiều phương tiện, bao gồm một cuộc tuyệt thực ba tuần mùa thu năm 1924","Gandhi tìm cách bắc cầu nối những điểm sai biệt này bằng nhiều phương tiện, bao gồm một cuộc tuyệt thực ba tuần mùa thu năm 1924",True,False,0,0.7441860465116279,1.0,1.0641307830810547,7.225205421447754,-1.0641307830810547,SPAN_TOO_LONG
0012-0018-0003,"Sau khi tan vỡ, đảng Quốc dân đại hội phân thành bao nhiêu phe phái?",hai phái,,True,True,0,0.0,1.0,2.227346420288086,6.388116836547852,-2.227346420288086,ANSWERABLE_PREDICTED_EMPTY
0012-0018-0004,Đảng đã làm gì để bắc cầu nối những điểm sai biệt của Gandhi?,,"Gandhi tìm cách bắc cầu nối những điểm sai biệt này bằng nhiều phương tiện, bao gồm một cuộc tuyệt thực ba tuần mùa thu năm 1924",False,False,0,0.0,1.0,1.132739543914795,7.222404956817627,-1.132739543914795,UNANSWERABLE_FALSE_POSITIVE
0012-0018-0005,Phương tiện thứ hai được lãnh đạo bởi ai?,,,False,True,1,1.0,1.0,2.578868865966797,6.0620527267456055,-2.578868865966797,CORRECT_NO_ANSWER
0012-0018-0006,Phái thứ hai được lãnh đạo bởi ai?,Chakravarti Rajagopalachari và Sardar Vallabhbhai Patel,Phái thứ hai được dẫn đầu mởi Chakravarti Rajagopalachari và Sardar Vallabhbhai Patel,True,False,0,0.631578947368421,1.0,-1.684159278869629,9.951617240905762,1.684159278869629,SPAN_TOO_LONG
0012-0018-0007,"Sau khi hợp tác, đảng Quốc dân đại hội phân thành bao nhiêu phe phái?",,,False,True,1,1.0,1.0,4.232552528381348,4.467629432678223,-4.232552528381348,CORRECT_NO_ANSWER
0012-0018-0008,Tại sao đảng Quốc dân Đại hội tan vỡ?,Không có nhân cách hùng mạnh của Gandhi để kiềm chế các người đồng sự,,True,True,0,0.0,1.0,4.593531608581543,4.189925193786621,-4.593531608581543,ANSWERABLE_PREDICTED_EMPTY
0012-0019-0001,"Trong những năm 1920-1930, Đảng tập trung làm gì?",,,False,True,1,1.0,1.0,5.699673175811768,3.0446410179138184,-5.699673175811768,CORRECT_NO_ANSWER
0012-0019-0002,Nghị quyết Gandhi đề xuất vào tháng 12 năm 1928 nhằm mục đích gì?,kêu gọi chính quyền Anh đảm bảo địa vị chủ quyền (dominion status) trong vòng một năm,Gandhi thúc đẩy một nghị quyết thông qua Quốc dân Đại hội Calcutta,True,False,0,0.06666666666666667,1.0,1.7106904983520508,6.766528129577637,-1.7106904983520508,SPAN_TOO_SHORT
0012-0019-0003,Ai lãnh đạo hội đồng cải cách hiến pháp?,Sir John Simon,,True,True,0,0.0,1.0,3.5027694702148438,4.998653411865234,-3.5027694702148438,ANSWERABLE_PREDICTED_EMPTY
0012-0019-0004,"Trong những năm 1920-1930, Gandhi tập trung làm gì?","chú trọng đến việc giải quyết cái nêm giữa đảng Swaraj và Quốc dân Đại hội, và khai mở các phương pháp chống kì thị dân vô giai cấp, uống rượu, thiếu học và nghèo đói",,True,True,0,0.0,1.0,4.384531497955322,4.305469036102295,-4.384531497955322,ANSWERABLE_PREDICTED_EMPTY
0012-0019-0005,Kết quả của việc không có người Ấn nào trong hội đồng cải cách hiến pháp là gì?,sự tẩy chay hội đồng của các đảng Ấn Độ,sự tẩy chay hội đồng của các đảng Ấn Độ,True,False,1,1.0,1.0,-1.3495683670043945,9.48302173614502,1.3495683670043945,CORRECT
0012-0019-0006,Ai lãnh đạo nhân dân cải cách hiến pháp?,,,False,True,1,1.0,1.0,4.857368469238281,3.707246780395508,-4.857368469238281,CORRECT_NO_ANSWER
0012-0020-0001,Thành công của chiến dịch sản xuất muối đã mang lại kết quả gì?,,,False,True,1,1.0,1.0,3.9285569190979004,4.368542194366455,-3.9285569190979004,CORRECT_NO_ANSWER
0012-0020-0002,Gandhi đã làm gì vào tháng 3 năm 1940?,phát động một chiến dịch Chấp trì chân lý phản đối thuế muối,,True,True,0,0.0,1.0,3.7241158485412598,4.604247570037842,-3.7241158485412598,ANSWERABLE_PREDICTED_EMPTY
0012-0020-0003,Chiến dịch phản đối thuế muối được nhấn mạnh bởi điều gì?,bởi cuộc Hành trình muối (Salt March) đến Dandi,cuộc Hành trình muối (Salt March) đến Dandi nổi tiếng,True,False,0,0.8421052631578948,1.0,-1.206960678100586,8.84565544128418,1.206960678100586,SPAN_TOO_LONG
0012-0020-0004,Thành công của chiến dịch hành trình muối đã mang lại kết quả gì?,"Chính quyền, được đại diện qua Lord Irwin, quyết định thương lượng với Gandhi",,True,True,0,0.0,1.0,2.840733051300049,5.3804144859313965,-2.840733051300049,ANSWERABLE_PREDICTED_EMPTY
0012-0020-0005,Bao nhiêu người dân bị chết vì tham gia hành trình muối?,,,False,True,1,1.0,1.0,3.381808280944824,4.931308746337891,-3.381808280944824,CORRECT_NO_ANSWER
0012-0020-0006,Cuộc hành trình muối kéo dài bao lâu?,21 tháng 3 đến 6 tháng 4 năm 1930,,True,True,0,0.0,1.0,3.4364519119262695,4.82661247253418,-3.4364519119262695,ANSWERABLE_PREDICTED_EMPTY
0012-0020-0007,Bao nhiêu người dân bị bắt vì tham gia hành trình muối?,60.000,,True,True,0,0.0,1.0,2.930783271789551,5.324603080749512,-2.930783271789551,ANSWERABLE_PREDICTED_EMPTY
0012-0020-0008,Chính quyền Lord Irwin đã làm gì vào tháng 3 năm 1940?,,Gandhi,False,False,0,0.0,1.0,1.3739099502563477,6.805288314819336,-1.3739099502563477,UNANSWERABLE_FALSE_POSITIVE
0012-0021-0001,Hiệp ước Gandhi-Irwin cho phép Gandhi làm gì?,Gandhi được mời sang Anh tham dự hội nghị bàn tròn (Round Table Conference) tại Luân Đôn với tư cách người đại diện duy nhất của Quốc dân Đại hội Ấn Độ,,True,True,0,0.0,1.0,3.6117353439331055,5.013115882873535,-3.6117353439331055,ANSWERABLE_PREDICTED_EMPTY
0012-0021-0002,Hiệp ước Gandhi-Irwin quy định điều gì?,chính quyền Anh đồng ý thả tất cả những tù nhân chính trị để bù cho việc đình chỉ cuộc vận động bất phục tòng,,True,True,0,0.0,1.0,4.679699897766113,4.007152557373047,-4.679699897766113,ANSWERABLE_PREDICTED_EMPTY
0012-0021-0003,Tại sao Gandhi và dân chúng lại thất vọng về Đại hội Ấn Độ?,,Hội nghị này là một thất vọng cho Gandhi cũng như những người theo chủ nghĩa dân tộc bởi vì nó chỉ lưu ý đến những tiểu vương cũng như những nhóm thiểu số Ấn Độ,False,False,0,0.0,1.0,1.727118968963623,6.81111478805542,-1.727118968963623,UNANSWERABLE_FALSE_POSITIVE
0012-0021-0004,Vào tháng 3 năm 1931 đã xảy ra điều gì?,Hiệp ước Gandhi-Irwin được đóng dấu,,True,True,0,0.0,1.0,2.8996381759643555,5.842373847961426,-2.8996381759643555,ANSWERABLE_PREDICTED_EMPTY
0012-0021-0005,Vào tháng 3 năm 1933 đã xảy ra điều gì?,,,False,True,1,1.0,1.0,5.584063291549683,3.2480309009552,-5.584063291549683,CORRECT_NO_ANSWER
0012-0021-0006,Tại sao Gandhi và dân chúng lại thất vọng về hội nghị bàn tròn?,nó chỉ lưu ý đến những tiểu vương cũng như những nhóm thiểu số Ấn Độ hơn là một sự phó truyền quyền lực,nó chỉ lưu ý đến những tiểu vương cũng như những nhóm thiểu số Ấn Độ hơn là một sự phó truyền quyền lực (transfer of power),True,False,0,0.9411764705882353,1.0,0.23945331573486328,8.001683235168457,-0.23945331573486328,SPAN_TOO_LONG
0012-0021-0007,Hiệp ước Gandhi-Irwin cho phép Anh làm gì?,,chính quyền Anh đồng ý thả tất cả những tù nhân chính trị,False,False,0,0.0,1.0,0.7885994911193848,7.6408514976501465,-0.7885994911193848,UNANSWERABLE_FALSE_POSITIVE
0012-0021-0008,Người thừa kế Lord Irwin là ai?,Lord Willingdon,Lord Willingdon,True,False,1,1.0,1.0,0.5701665878295898,8.063069343566895,-0.5701665878295898,CORRECT
0012-0022-0001,Chính quyền làm cách nào để đập tan ảnh hưởng của ông?,bằng cách cách li hòan tòan ông và các người đi theo ủng hộ,cách li hòan tòan ông và các người đi theo ủng hộ,True,False,0,0.923076923076923,1.0,-1.8932523727416992,9.834884643554688,1.8932523727416992,SPAN_TOO_SHORT
0012-0022-0002,Ông làm cách nào để đập tan ảnh hưởng của Chính quyền?,,cách li hòan tòan ông và các người đi theo ủng hộ,False,False,0,0.0,1.0,-1.0281124114990234,9.328760147094727,1.0281124114990234,UNANSWERABLE_FALSE_POSITIVE
0012-0022-0003,Ambedkar làm gì để phản đối chiến dịch của Gandhi?,,chính quyền đảm bảo cho dân ti tiện Dalit những khu bầu cử riêng trong hiến pháp mới,False,False,0,0.0,1.0,-0.8880252838134766,9.19540023803711,0.8880252838134766,UNANSWERABLE_FALSE_POSITIVE
0012-0022-0004,Chiến dịch của B. R. Ambedkar xảy ra vào năm nào?,1932,chính quyền đảm bảo cho dân ti tiện Dalit những khu bầu cử riêng trong hiến pháp mới,True,False,0,0.0,1.0,-1.5663185119628906,9.311319351196289,1.5663185119628906,WRONG_SPAN
0012-0022-0005,B. R. Ambedkar đã làm gì trong chiến dịch của Chính quyền?,,chính quyền đảm bảo cho dân ti tiện Dalit những khu bầu cử riêng trong hiến pháp mới,False,False,0,0.0,1.0,-2.068124771118164,10.03968334197998,2.068124771118164,UNANSWERABLE_FALSE_POSITIVE
0012-0022-0006,Chính quyền đã làm gì trong chiến dịch của B. R. Ambedkar?,chính quyền đảm bảo cho dân ti tiện Dalit những khu bầu cử riêng trong hiến pháp mới,chính quyền đảm bảo cho dân ti tiện Dalit những khu bầu cử riêng trong hiến pháp mới,True,False,1,1.0,1.0,-1.9935922622680664,10.152450561523438,1.9935922622680664,CORRECT
0012-0022-0007,Cuộc tuyệt thực tháng 9 năm 1932 đã đạt được thành công gì?,buộc chính quyền tiếp nhận một hệ thống công bằng hơn qua sự thương lượng qua trung gian là ông Palwankar Baloo,Gandhi bắt đầu một cuộc tuyệt thực 6 ngày,True,False,0,0.06451612903225805,1.0,1.4794282913208008,6.801403999328613,-1.4794282913208008,SPAN_TOO_SHORT
0012-0022-0008,Gandhi làm gì để phản đối chiến dịch của Ambedkar?,Gandhi bắt đầu một cuộc tuyệt thực 6 ngày vào tháng 9 năm 1932,chính quyền đảm bảo cho dân ti tiện Dalit những khu bầu cử riêng trong hiến pháp mới,True,False,0,0.0,1.0,-0.5309114456176758,9.034689903259277,0.5309114456176758,WRONG_SPAN
0012-0023-0001,Đảng Quốc dân đại hội có những thành viên khác biệt nhau như thế nào?,"thành viên theo chủ nghĩa cộng sản, xã hội, công đòan, sinh viên, tôn giáo bảo thủ, kinh doanh và quyền sở hữu",,True,True,0,0.0,1.0,4.198158264160156,4.55064582824707,-4.198158264160156,ANSWERABLE_PREDICTED_EMPTY
0012-0023-0002,Đảng cộng sản Anh có những thành viên khác biệt nhau như thế nào?,,,False,True,1,1.0,1.0,4.755865573883057,4.0104289054870605,-4.755865573883057,CORRECT_NO_ANSWER
0012-0023-0003,Tại sao Gandhi rời đảng cộng sản Anh?,,,False,True,1,1.0,1.0,5.695703983306885,3.0275015830993652,-5.695703983306885,CORRECT_NO_ANSWER
0012-0023-0004,Gandhi rời đảng quốc dân đại hội vào thời điểm nào?,Khi đảng Quốc dân Đại hội Ấn Độ tranh luận về tuyển cử và chấp nhận quyền chính trị dưới kế họach liên bang,,True,True,0,0.0,1.0,3.331104278564453,5.273456573486328,-3.331104278564453,ANSWERABLE_PREDICTED_EMPTY
0012-0023-0005,Tại sao Gandhi rời đảng Quốc dân đại hội?,cảm thấy rằng nếu ông rút lui thì hình tượng của ông đối với thường dân Ấn Độ sẽ ngưng đè nén tòan thể hội viên của đảng,,True,True,0,0.0,1.0,3.61307954788208,5.029342174530029,-3.61307954788208,ANSWERABLE_PREDICTED_EMPTY
0012-0023-0006,Tại sao chính quyền Anh có thể tuyên truyền nhắm đến Gandhi?,khi lãnh đạo một đảng đã có lần tạm thời thừa nhận sự phù hợp chính trị với chính quyền Anh,,True,True,0,0.0,1.0,2.2683353424072266,6.410993576049805,-2.2683353424072266,ANSWERABLE_PREDICTED_EMPTY
0012-0024-0001,Gandhi phê bình Bose vì việc gì?,không thừa nhận nguyên tắc bất bạo lực cũng như dân quyền,,True,True,0,0.0,1.0,3.3737058639526367,5.365145683288574,-3.3737058639526367,ANSWERABLE_PREDICTED_EMPTY
0012-0024-0002,Nguyện vọng phát động một cuộc khởi nghĩa chống chính quyền Anh của Bose là nhằm mục đích gì?,đưa những người thân cận lên nắm những chức quan trọng,không hàm dung việc chuẩn bị không dùng bạo lực của những người tham gia,True,False,0,0.15384615384615383,1.0,-4.059873580932617,10.741188049316406,4.059873580932617,SPAN_TOO_LONG
0012-0024-0003,Vì sao Gandhi phản đối Subhas Chandra Bose?,Bose không thừa nhận nguyên tắc bất bạo lực cũng như dân quyền,Bose không thừa nhận nguyên tắc bất bạo lực cũng như dân quyền,True,False,1,1.0,1.0,1.576767921447754,7.032546043395996,-1.576767921447754,CORRECT
0012-0024-0004,Nền tảng cho cuộc bầu cử đối với Gandhi là gì?,,,False,True,1,1.0,1.0,1.9119133949279785,6.860597133636475,-1.9119133949279785,CORRECT_NO_ANSWER
0012-0024-0005,Vì sao Subhas Chandra Bose phản đối Gandhi?,,,False,True,1,1.0,1.0,2.7758703231811523,5.947977066040039,-2.7758703231811523,CORRECT_NO_ANSWER
0012-0024-0006,Bose phê bình Gandhi vì việc gì?,,,False,True,1,1.0,1.0,4.154205322265625,4.598920822143555,-4.154205322265625,CORRECT_NO_ANSWER
0012-0024-0007,Ai đã phê bình Gandhi?,,,False,True,1,1.0,1.0,3.893307685852051,4.890423774719238,-3.893307685852051,CORRECT_NO_ANSWER
0012-0024-0008,Nền tảng cho cuộc đấu tranh đối với Gandhi là gì?,nguyên tắc bất bạo lực cũng như dân quyền,nguyên tắc bất bạo lực cũng như dân quyền,True,False,1,1.0,1.0,1.1066713333129883,7.532290458679199,-1.1066713333129883,CORRECT
0012-0024-0009,Gandhi đã phê bình ai?,Subhas Chandra Bose,,True,True,0,0.0,1.0,3.9633684158325195,4.871594429016113,-3.9633684158325195,ANSWERABLE_PREDICTED_EMPTY
0012-0025-0001,Ông đã công bố điều gì?,Ấn Độ không thể tham gia một cuộc chiến với mục đích bề ngòai là giành tự do dân chủ trong khi chính tự do dân chủ này bị phủ nhận tại Ấn Độ,,True,True,0,0.0,1.0,3.666264533996582,5.136441230773926,-3.666264533996582,ANSWERABLE_PREDICTED_EMPTY
0012-0025-0002,Chiến tranh xâm chiếm thế giới xảy ra khi nào?,,,False,True,1,1.0,1.0,2.7606453895568848,6.01578950881958,-2.7606453895568848,CORRECT_NO_ANSWER
0012-0025-0003,Chiến tranh thế giới thứ 2 xảy ra khi nào?,khi Đức Quốc Xã xâm lấn Ba Lan,Chiến tranh thế giới thứ hai bùng nổ năm 1939 khi Đức Quốc Xã xâm lấn Ba Lan,True,False,0,0.6153846153846153,1.0,1.4563283920288086,7.126429557800293,-1.4563283920288086,SPAN_TOO_LONG
0012-0025-0004,Gandhi yêu cầu điều gì để ủng hộ người Anh trong cuộc chiến?,họ cho ông thấy cách áp dụng mục đích của cuộc chiến tại Ấn Độ sau chiến tranh,Gandhi nói rằng ông sẽ hỗ trợ người Anh nếu họ cho ông thấy cách áp dụng mục đích của cuộc chiến tại Ấn Độ sau chiến tranh,True,False,0,0.782608695652174,1.0,-0.8886566162109375,8.720539093017578,0.8886566162109375,SPAN_TOO_LONG
0012-0025-0005,Phản ứng của chính quyền Anh đối với yêu cầu của Gandhi là gì?,hòan tòan phủ định,Phản ứng của chính quyền Anh hòan tòan phủ định,True,False,0,0.5714285714285715,1.0,-0.47840213775634766,7.9496870040893555,0.47840213775634766,SPAN_TOO_LONG
0012-0025-0006,Gandhi có cảm xúc gì đối với các nạn nhân của sự xâm chiếm của Đức quốc xã?,hòan tòan đồng cảm,,True,True,0,0.0,1.0,3.941089630126953,4.81124210357666,-3.941089630126953,ANSWERABLE_PREDICTED_EMPTY
0012-0025-0007,Ba Lan đã công bố điều gì?,,,False,True,1,1.0,1.0,3.1279702186584473,5.6404805183410645,-3.1279702186584473,CORRECT_NO_ANSWER
0012-0026-0001,Mục tiêu của Gandhi và đảng quốc xã là gì?,,,False,True,1,1.0,1.0,4.411474704742432,4.303343296051025,-4.411474704742432,CORRECT_NO_ANSWER
0012-0026-0002,Sự phản đối của Gandhi và đảng quốc dân đại hội có mức độ như thế nào?,"quyết định nhất, cực lực nhất",,True,True,0,0.0,1.0,4.14574670791626,4.632007122039795,-4.14574670791626,ANSWERABLE_PREDICTED_EMPTY
0012-0026-0003,Gandhi bị những ai phản đối?,"một số người trong Quốc hội và một số nhóm chính trị khác - thuộc cả hai mặt, theo Anh và chống Anh",,True,True,0,0.0,1.0,3.3816051483154297,5.187583923339844,-3.3816051483154297,ANSWERABLE_PREDICTED_EMPTY
0012-0026-0004,Sự phản đối của Gandhi và đảng quốc xã có mức độ như thế nào?,,,False,True,1,1.0,1.0,4.490379333496094,4.211063385009766,-4.490379333496094,CORRECT_NO_ANSWER
0012-0026-0005,Lý do của những người phản đối Gandhi đưa ra là gì?,"Một số người cho rằng, đối lập người Anh trong thời đọan chiến đấu sinh tử của họ là một việc phi đạo đức trong khi một số người khác lại cho rằng Gandhi chưa thực hiện đủ yêu cầu",,True,True,0,0.0,1.0,3.8454794883728027,4.842066287994385,-3.8454794883728027,ANSWERABLE_PREDICTED_EMPTY
0012-0026-0006,Mục tiêu của Gandhi và đảng quốc dân đại hội là gì?,người Anh rời nước Ấn,,True,True,0,0.0,1.0,3.0954408645629883,5.63150691986084,-3.0954408645629883,ANSWERABLE_PREDICTED_EMPTY
0012-0027-0001,Quyết định của Gandhi đã dẫn khởi cho điều gì?,cuộc vận động đấu tranh giành độc lập Ấn Độ lớn nhất cho đến bây giờ,,True,True,0,0.0,1.0,4.936091184616089,3.821634531021118,-4.936091184616089,ANSWERABLE_PREDICTED_EMPTY
0012-0027-0002,Tại sao Gandhi và đội ngũ không giúp người Anh trong thế chiến?,Ấn Độ không được đảm bảo tự do,Ấn Độ không được đảm bảo tự do ngay lập tức,True,False,0,0.8421052631578948,1.0,-0.9437637329101562,9.088924407958984,0.9437637329101562,SPAN_TOO_LONG
0012-0027-0003,Gandhi đã yêu cầu làm gì vì tự do tuyệt đối?,"duy trì kỉ luật hòa bình và ""làm hay chết""","tất cả những thành viên Quốc hội và dân chúng duy trì kỉ luật hòa bình và ""làm hay chết",True,False,0,0.6666666666666666,1.0,0.15666723251342773,7.388078212738037,-0.15666723251342773,SPAN_TOO_LONG
0012-0027-0004,Gandhi cho rằng tình trạng vô chính phủ thật sự nguy hiểm hơn điều gì?,,"tình trạng ""vô chính phủ có tổ chức"" xung quanh ông ""nguy hiểm hơn là vô chính phủ thật sự",False,False,0,0.0,1.0,-1.5946245193481445,9.689391136169434,1.5946245193481445,UNANSWERABLE_FALSE_POSITIVE
0012-0027-0005,Điều gì đã dẫn khởi cho Quyết định của Gandhi?,,,False,True,1,1.0,1.0,4.565897464752197,4.176297664642334,-4.565897464752197,CORRECT_NO_ANSWER
0012-0027-0006,Gandhi cho rằng điều gì nguy hiểm hơn tình trạng vô chính phủ thật sự?,"tình trạng ""vô chính phủ có tổ chức"" xung quanh ông ""","tình trạng ""vô chính phủ có tổ chức",True,False,0,0.8421052631578948,1.0,-2.1350841522216797,9.990480422973633,2.1350841522216797,SPAN_TOO_SHORT
0012-0027-0007,Tại sao cuộc vận động đấu tranh giành độc lập cho Ấn độ lại có mức độ lớn nhất cho đến bây giờ?,"Hàng nghìn người kháng cự bị sát hại hoặc bị thương dưới nòng súng cảnh sát, và hàng trăm nghìn người đấu tranh giành độc lập bị bắt giam",,True,True,0,0.0,1.0,2.2678303718566895,6.358544826507568,-2.2678303718566895,ANSWERABLE_PREDICTED_EMPTY
0012-0028-0001,Vì sao Gandhi được thả trước khi chiến tranh chấm dứt?,Chính quyền Anh không muốn ông chết trong tù vì đây là một sự kiện có thể làm lòng căm phẫn của công chúng vượt khỏi tầm kiểm sóat,sức khỏe sa sút và một ca mổ cần thiết,True,False,0,0.05128205128205129,1.0,-3.2728371620178223,10.006568908691406,3.2728371620178223,SPAN_TOO_SHORT
0012-0028-0002,Những nỗi khổ lớn nhất cuộc đời Gandhi là gì?,cái chết của vợ Kasturbai chỉ vài tháng sau khi Mahadev Desai - người thư ký được ông xem như con trai - chết vì bị nhồi máu cơ tim vào tuổi 42,cái chết của vợ Kasturbai chỉ vài tháng sau khi Mahadev Desai - người thư ký được ông xem như con trai - chết vì bị nhồi máu cơ tim vào tuổi 42,True,False,1,1.0,1.0,-0.10228157043457031,8.377925872802734,0.10228157043457031,CORRECT
0012-0028-0003,Vì sao chính quyền Anh không muốn ông vượt khỏi tù?,,Gandhi được thả trước khi chiến tranh chấm dứt vì sức khỏe sa sút và một ca mổ cần thiết. Chính quyền Anh không muốn ông chết trong tù,False,False,0,0.0,1.0,-0.27711963653564453,7.991268157958984,0.27711963653564453,UNANSWERABLE_FALSE_POSITIVE
0012-0028-0004,Gandhi bị giam giữ tại đâu?,Mumbai,điện Aga Khan,True,False,0,0.0,1.0,0.6127786636352539,7.408308982849121,-0.6127786636352539,WRONG_SPAN
0012-0028-0005,Vì sao chiến tranh chấm dứt trước khi Gandhi được thả?,,sức khỏe sa sút và một ca mổ cần thiết,False,False,0,0.0,1.0,-3.720762252807617,10.103961944580078,3.720762252807617,UNANSWERABLE_FALSE_POSITIVE
0012-0028-0006,Vì sao chính quyền Anh không muốn ông chết trong tù?,có thể làm lòng căm phẫn của công chúng vượt khỏi tầm kiểm sóat,Chính quyền Anh không muốn ông chết trong tù vì đây là một sự kiện có thể làm lòng căm phẫn của công chúng vượt khỏi tầm kiểm sóat,True,False,0,0.6511627906976745,1.0,-0.8662152290344238,8.348308563232422,0.8662152290344238,SPAN_TOO_LONG
0012-0028-0007,Gandhi và tòan bộ ban chấp hành Quốc hội bị bắt giam vào ngày nào?,ngày 9 tháng 8 năm 1942,ngày 9 tháng 8 năm 1942 tại Mumbai,True,False,0,0.8571428571428571,1.0,-0.1536855697631836,8.16285514831543,0.1536855697631836,SPAN_TOO_LONG
0012-0028-0008,Gandhi và tòan bộ ban chấp hành nước Anh bị bắt giam vào ngày nào?,,ngày 9 tháng 8 năm 1942 tại Mumbai,False,False,0,0.0,1.0,-0.2974247932434082,8.091349601745605,0.2974247932434082,UNANSWERABLE_FALSE_POSITIVE
0012-0029-0001,Tại sao Quốc hội không muốn Ali Jinnah và Liên minh Hồi giáo đạt vị trí ngang hàng với Quốc dân Đại hội?,bản chất dân tộc và hiện thế,Quốc hội không nghe lời Gandhi (nhưng không đặt câu hỏi về quyền lãnh đạo) vì những người cầm đầu không những muốn lập chính quyền nhanh như có thể khi người Anh trao quyền lại,True,False,0,0.0,1.0,0.7564029693603516,7.730613708496094,-0.7564029693603516,WRONG_SPAN
0012-0029-0002,Bao nhiêu lần Quốc hội không nghe lời Gandhi?,ít,Quốc hội không nghe lời Gandhi,True,False,0,0.0,1.0,1.3867831230163574,7.042139530181885,-1.3867831230163574,WRONG_SPAN
0012-0029-0003,Tại sao Quốc hội không nghe lời Gandhi?,"những người cầm đầu không những muốn lập chính quyền nhanh như có thể khi người Anh trao quyền lại, mà còn muốn ngăn cản Mohammed Ali Jinnah và Liên minh Hồi giáo đạt vị trí ngang hàng với đảng Quốc dân Đại hội",,True,True,0,0.0,1.0,1.921194076538086,6.5755157470703125,-1.921194076538086,ANSWERABLE_PREDICTED_EMPTY
0012-0029-0004,Gandhi khuyên Quốc hội điều gì?,từ khước những đề nghị trong kế họach của phái đòan chính phủ Anh năm 1946,,True,True,0,0.0,1.0,1.8891429901123047,6.539258003234863,-1.8891429901123047,ANSWERABLE_PREDICTED_EMPTY
0012-0029-0005,Gandhi nghi ngờ điều gì?,việc chia quyền với Liên minh Hồi giáo,,True,True,0,0.0,1.0,2.174264907836914,6.383600234985352,-2.174264907836914,ANSWERABLE_PREDICTED_EMPTY
0012-0029-0006,Quốc hội khuyên Gandhi điều gì?,,,False,True,1,1.0,1.0,2.3951826095581055,6.182363510131836,-2.3951826095581055,CORRECT_NO_ANSWER
0012-0029-0007,Tại sao Ali Jinnah không muốn Quốc hội và Liên minh Hồi giáo đạt vị trí ngang hàng với Quốc dân Đại hội?,,Quốc hội không nghe lời Gandhi (nhưng không đặt câu hỏi về quyền lãnh đạo) vì những người cầm đầu không những muốn lập chính quyền nhanh như có thể khi người Anh trao quyền lại,False,False,0,0.0,1.0,1.2182741165161133,7.292860984802246,-1.2182741165161133,UNANSWERABLE_FALSE_POSITIVE
0012-0029-0008,Tại sao Gandhi không nghe lời Quốc hội?,,Quốc hội không nghe lời Gandhi,False,False,0,0.0,1.0,1.5702972412109375,6.912609100341797,-1.5702972412109375,UNANSWERABLE_FALSE_POSITIVE
0012-0030-0001,Cuối cùng Patel có nghe lời Gandhi và đồng nghiệp không?,,,False,True,1,1.0,1.0,3.351583480834961,5.08309268951416,-3.351583480834961,CORRECT_NO_ANSWER
0012-0030-0002,Patel cố gắng thuyết phục Gandhi điều gì?,đây là con đường duy nhất để tránh cuộc nội chiến,đây là con đường duy nhất để tránh cuộc nội chiến,True,False,1,1.0,1.0,-2.328841209411621,9.573465347290039,2.328841209411621,CORRECT
0012-0030-0003,Gandhi sẽ không tiến bước nếu không có điều gì?,,sự thỏa thuận của ông,False,False,0,0.0,1.0,-0.23895549774169922,8.263589859008789,0.23895549774169922,UNANSWERABLE_FALSE_POSITIVE
0012-0030-0004,Vì sao sự thỏa thuận của Gandhi lại quan trọng?,sự hỗ trợ trong đảng và tòan quốc dành cho Gandhi rất sâu rộng,sự hỗ trợ trong đảng và tòan quốc dành cho Gandhi rất sâu rộng,True,False,1,1.0,1.0,-1.3788423538208008,9.283559799194336,1.3788423538208008,CORRECT
0012-0030-0005,Những nhà lãnh đạo cố cựu của của Quốc hội biết rõ Gandhi sẽ làm gì?,phản đối cực lực sự phân chia,Gandhi sẽ phản đối cực lực sự phân chia,True,False,0,0.8750000000000001,1.0,-2.9687671661376953,9.72210693359375,2.9687671661376953,SPAN_TOO_LONG
0012-0030-0006,Vì sao sự thỏa thuận của đảng lại quan trọng?,,sự hỗ trợ trong đảng và tòan quốc dành cho Gandhi,False,False,0,0.0,1.0,-2.427947998046875,9.799051284790039,2.427947998046875,UNANSWERABLE_FALSE_POSITIVE
0012-0030-0007,Quốc hội sẽ không tiến bước nếu không có điều gì?,sự thỏa thuận của ông,sự thỏa thuận của ông,True,False,1,1.0,1.0,-1.6209826469421387,8.983353614807129,1.6209826469421387,CORRECT
0012-0030-0008,Gandhi biết rõ Những nhà lãnh đạo cố cựu của Quốc hội sẽ làm gì?,,Gandhi sẽ phản đối cực lực sự phân chia,False,False,0,0.0,1.0,-3.253589630126953,10.172258377075195,3.253589630126953,UNANSWERABLE_FALSE_POSITIVE
0012-0030-0009,Cuối cùng Gandhi có nghe lời Patel và đồng nghiệp không?,"Gandhi cuối cùng xuôi lòng, tán đồng bước thực hiện này",,True,True,0,0.0,1.0,3.483891487121582,4.974410057067871,-3.483891487121582,ANSWERABLE_PREDICTED_EMPTY
0012-0031-0001,Người hồi giáo ở trung tâm Pakistan chung sống với những người theo tôn giáo nào?,,"người Ấn giáo, đạo Sikhs, Phật giáo, Kì-na giáo, đạo Parsi, Kitô giáo và đạo Do Thái",False,False,0,0.0,1.0,-1.7527756690979004,9.729255676269531,1.7527756690979004,UNANSWERABLE_FALSE_POSITIVE
0012-0031-0002,Lý do mà Ấn Độ muốn phân chia Liên minh Hồi giáo là gì?,,,False,True,1,1.0,1.0,1.8497562408447266,6.850063323974609,-1.8497562408447266,CORRECT_NO_ANSWER
0012-0031-0003,Xứ sở mới của người Phật giáo đặt ở đâu?,,"Tây và Đông Pakistan, và giờ đây tương ưng với Pakistan và Bangladesh",False,False,0,0.0,1.0,-0.6270523071289062,8.708829879760742,0.6270523071289062,UNANSWERABLE_FALSE_POSITIVE
0012-0031-0004,Cộng đồng nào có ảnh hưởng đối với Gandhi?,,,False,True,1,1.0,1.0,3.9309616088867188,4.778753280639648,-3.9309616088867188,CORRECT_NO_ANSWER
0012-0031-0005,Người hồi giáo ở trung tâm Ấn độ mong muốn điều gì?,một quốc gia Ấn Độ thống nhất,một quốc gia riêng cho người theo Hồi giáo,True,False,0,0.375,1.0,1.6080970764160156,7.037578582763672,-1.6080970764160156,SPAN_TOO_LONG
0012-0031-0006,Người Ấn độ ở trung tâm hồi giáo mong muốn điều gì?,,một quốc gia riêng cho người theo Hồi giáo,False,False,0,0.0,1.0,1.5247588157653809,7.098568439483643,-1.5247588157653809,UNANSWERABLE_FALSE_POSITIVE
0012-0031-0007,Xứ sở mới của người Hồi giáo đặt ở đâu?,các vùng Đông và Tây Ấn Độ,"Tây và Đông Pakistan, và giờ đây tương ưng với Pakistan và Bangladesh",True,False,0,0.3,1.0,-1.2170839309692383,9.09306812286377,1.2170839309692383,SPAN_TOO_LONG
0012-0031-0008,Người hồi giáo ở trung tâm Ấn độ chung sống với những người theo tôn giáo nào?,"người Ấn giáo, đạo Sikhs, Phật giáo, Kì-na giáo, đạo Parsi, Kitô giáo và đạo Do Thái","người Ấn giáo, đạo Sikhs, Phật giáo, Kì-na giáo, đạo Parsi, Kitô giáo và đạo Do Thái",True,False,1,1.0,1.0,-2.128175735473633,9.793115615844727,2.128175735473633,CORRECT
0012-0031-0009,Gandhi có ảnh hưởng đối với cộng đồng nào?,cộng đồng Ấn Độ giáo và Hồi giáo tại Ấn Độ,Gandhi có ảnh hưởng lớn trong các cộng đồng Ấn Độ giáo và Hồi giáo,True,False,0,0.6153846153846153,1.0,1.3937578201293945,7.087181091308594,-1.3937578201293945,SPAN_TOO_LONG
0012-0031-0010,Lý do mà Liên minh Hồi giáo muốn phân chia Ấn Độ là gì?,thiểu số người Hồi giáo sẽ bị bức áp một cách có hệ thống,"Liên minh Hồi giáo luận cứ rằng thiểu số người Hồi giáo sẽ bị bức áp một cách có hệ thống bởi phần lớn môn đồ Ấn Độ giáo trong một quốc gia Ấn Độ thống nhất, và một quốc gia riêng cho người theo Hồi giáo",True,False,0,0.45901639344262296,1.0,1.1313552856445312,7.518165588378906,-1.1313552856445312,SPAN_TOO_LONG
0012-0032-0001,Gandhi có suy nghĩ gì về Tổ chức Hindu Mahasabha?,,,False,True,1,1.0,1.0,3.7768540382385254,4.921820163726807,-3.7768540382385254,CORRECT_NO_ANSWER
0012-0032-0002,Vì sao chủ tịch của Hindu Mahasabha được giải đi tù?,,Vinayak Damodar Savarkar,False,False,0,0.0,1.0,1.1336183547973633,7.532221794128418,-1.1336183547973633,UNANSWERABLE_FALSE_POSITIVE
0012-0032-0003,Gandhi bị bắn chết bởi ai?,Nathuram Godse,Nathuram Godse,True,False,1,1.0,1.0,-0.9206399917602539,9.355979919433594,0.9206399917602539,CORRECT
0012-0032-0004,Vì sao chủ tịch của Hindu Mahasabha được giải tội?,thiếu bằng chứng,Vinayak Damodar Savarkar,True,False,0,0.0,1.0,-1.3760356903076172,9.71007251739502,1.3760356903076172,WRONG_SPAN
0012-0032-0005,Tổ chức Hindu Mahasabha có suy nghĩ gì về Gandhi?,Gandhi là người chịu trách nhiệm cho việc chính quyền suy nhược,,True,True,0,0.0,1.0,4.252288818359375,4.452221870422363,-4.252288818359375,ANSWERABLE_PREDICTED_EMPTY
0012-0032-0006,Ai bị bắn chết bởi Gandhi?,,Nathuram Godse,False,False,0,0.0,1.0,0.07328510284423828,8.498284339904785,-0.07328510284423828,UNANSWERABLE_FALSE_POSITIVE
0012-0032-0007,Gandhi là ai?,,,False,True,1,1.0,1.0,4.3655877113342285,4.4288153648376465,-4.3655877113342285,CORRECT_NO_ANSWER
0012-0032-0008,Godse là ai?,một môn đồ Ấn giáo cực đoan,,True,True,0,0.0,1.0,4.620752334594727,4.133309364318848,-4.620752334594727,ANSWERABLE_PREDICTED_EMPTY
0012-0032-0009,Người cùng âm mưu với Godse là ai?,Narayan Apte,Narayan Apte,True,False,1,1.0,1.0,-2.0801010131835938,10.142908096313477,2.0801010131835938,CORRECT
0012-0033-0001,"Câu ""Ô kìa Rama!"" có hàm ý gì?","câu tôn kính hướng đến thần Rama, là một dấu hiệu gợi cảm tâm linh Gandhi cũng như lý tưởng đạt sự thống nhất với hòa bình vĩnh hằng của ông",,True,True,0,0.0,1.0,5.581202268600464,3.109088182449341,-5.581202268600464,ANSWERABLE_PREDICTED_EMPTY
0012-0033-0002,Ông được tường thuật đã chết như thế nào?,"lăn xuống đất, chắp hai tay trước ngực ở tư thế chào",,True,True,0,0.0,1.0,4.106027603149414,4.61638069152832,-4.106027603149414,ANSWERABLE_PREDICTED_EMPTY
0012-0033-0003,Câu nói trước khi chết của Rama là gì?,,"Ô kìa Rama!"" (Hey Rama!)",False,False,0,0.0,1.0,-1.1298770904541016,9.206413269042969,1.1298770904541016,UNANSWERABLE_FALSE_POSITIVE
0012-0033-0004,Một số nguồn ghi lại những lời cuối của Rama là gì?,,"He Ram, He Ram"" hoặc ""Rama, Rama""",False,False,0,0.0,1.0,-5.245718479156494,10.685136795043945,5.245718479156494,UNANSWERABLE_FALSE_POSITIVE
0012-0033-0005,Một số nguồn ghi lại những lời cuối của ông là gì?,"""He Ram, He Ram"" hoặc ""Rama, Rama""","He Ram, He Ram"" hoặc ""Rama, Rama""",True,False,1,1.0,1.0,-5.257938861846924,10.731189727783203,5.257938861846924,CORRECT
0012-0033-0006,Câu xác nhận của ông có hàm ý gì?,,,False,True,1,1.0,1.0,5.989511489868164,2.7369747161865234,-5.989511489868164,CORRECT_NO_ANSWER
0012-0033-0007,"Câu ""Ô kìa Rama!"" dấy lên những nghi vấn gì?",nghi vấn về tính có thật của câu này,,True,True,0,0.0,1.0,4.274561405181885,4.308017253875732,-4.274561405181885,ANSWERABLE_PREDICTED_EMPTY
0012-0033-0008,Câu nói trước khi chết của Gandhi là gì?,"""Ô kìa Rama!"" (Hey Rama!)","Ô kìa Rama!"" (Hey Rama!)",True,False,1,1.0,1.0,-1.8472681045532227,9.847474098205566,1.8472681045532227,CORRECT
0012-0033-0009,Ông được hướng dẫn cách chết như thế nào?,,,False,True,1,1.0,1.0,6.219417572021484,2.516082763671875,-6.219417572021484,CORRECT_NO_ANSWER
0012-0034-0001,Việc nhịn ăn đối với ông là gì?,một vũ khí chính trị,nhịn ăn,True,False,0,0.0,1.0,1.5442094802856445,7.05739688873291,-1.5442094802856445,WRONG_SPAN
0012-0034-0002,Gandhi kết luận gì về việc tôn giáo?,,,False,True,1,1.0,1.0,4.458285331726074,4.122893333435059,-4.458285331726074,CORRECT_NO_ANSWER
0012-0034-0003,Gandhi có ăn chay không?,Gandhi sau này trở thành một người ăn chay tuyệt đối,,True,True,0,0.0,1.0,4.121788024902344,4.486444473266602,-4.121788024902344,ANSWERABLE_PREDICTED_EMPTY
0012-0034-0004,Việc ăn trứng đối với ông là gì?,,,False,True,1,1.0,1.0,2.920274257659912,5.662006855010986,-2.920274257659912,CORRECT_NO_ANSWER
0012-0034-0005,Ăn chay có truyền thống lâu đời trong các tôn giáo nào?,"Ấn Độ giáo, Kì-na giáo và Phật giáo","Nguyên tắc ăn chay có truyền thống lâu đời trong các tôn giáo Ấn Độ như Ấn Độ giáo, Kì-na giáo và Phật giáo",True,False,0,0.5294117647058824,1.0,-2.268622398376465,8.56596851348877,2.268622398376465,SPAN_TOO_LONG
0012-0034-0006,Ông viết sách về chủ đề tranh đấu khi nào?,,,False,True,1,1.0,1.0,1.9553642272949219,6.281660079956055,-1.9553642272949219,CORRECT_NO_ANSWER
0012-0034-0007,Gandhi kết luận gì về việc ăn chay?,ăn chay đủ cung cấp chất dinh dưỡng tối thiểu cho thân thể,,True,True,0,0.0,1.0,3.9706788063049316,4.603091716766357,-3.9706788063049316,ANSWERABLE_PREDICTED_EMPTY
0012-0034-0008,Ông viết sách về chủ đề ăn chay khi nào?,sau khi gặp người tranh đấu cho việc ăn chay là Henry Stephens Salt ở những cuộc hội họp của Hội người ăn chay,,True,True,0,0.0,1.0,2.0267887115478516,6.289974212646484,-2.0267887115478516,ANSWERABLE_PREDICTED_EMPTY
0012-0035-0001,Tại sao Gandhi quyết định sống tuyệt dục?,bị ảnh hưởng mạnh bởi khái niệm Phạm hạnh,,True,True,0,0.0,1.0,2.6399784088134766,5.918888092041016,-2.6399784088134766,ANSWERABLE_PREDICTED_EMPTY
0012-0035-0002,Vì sao Gandhi cảm thấy có trách nhiệm phải sống tâm linh?,,,False,True,1,1.0,1.0,3.0106992721557617,5.6350908279418945,-3.0106992721557617,CORRECT_NO_ANSWER
0012-0035-0003,Cái gì có liên hệ trực tiếp đến việc tu khổ hạnh?,khái niệm Phạm hạnh (sa. brahmacarya),khái niệm Phạm hạnh,True,False,0,0.8,1.0,-2.7292332649230957,10.15900993347168,2.7292332649230957,SPAN_TOO_SHORT
0012-0035-0004,"Trong tự truyện, ông nhắc đến điều gì về tình dục?",cuộc phấn đấu chống lại sự thôi thúc tính dục và những cuộc ghen tuông vì bà Kasturba,cuộc phấn đấu chống lại sự thôi thúc tính dục và những cuộc ghen tuông vì bà Kasturba,True,False,1,1.0,1.0,-0.337890625,8.73042106628418,0.337890625,CORRECT
0012-0035-0005,Vì sao Gandhi cảm thấy có trách nhiệm phải sống tuyệt dục?,phát triển lòng từ bi thay vì đam mê nhục dục,,True,True,0,0.0,1.0,3.45322847366333,5.117342472076416,-3.45322847366333,ANSWERABLE_PREDICTED_EMPTY
0012-0035-0006,Cái gì có liên hệ trực tiếp đến việc tu hành?,,,False,True,1,1.0,1.0,2.1485114097595215,6.467016696929932,-2.1485114097595215,CORRECT_NO_ANSWER
0012-0035-0007,Gandhi sống tuyệt dục từ khi nào?,36 tuổi,,True,True,0,0.0,1.0,2.4495201110839844,6.043996810913086,-2.4495201110839844,ANSWERABLE_PREDICTED_EMPTY
0012-0036-0001,Gandhi liên tưởng y phục phương Tây đến điều gì?,phú qúy và thành công,phú qúy và thành công,True,False,1,1.0,1.0,-0.8181209564208984,9.144969940185547,0.8181209564208984,CORRECT
0012-0036-0002,"Sau khi làm luật sư thành công tại Nam Phi, ông trở về Ấn Độ và từ chối điều gì?",mặc y phục phương Tây,ông từ khước mặc y phục phương Tây,True,False,0,0.7692307692307693,1.0,-1.2661848068237305,9.65235424041748,1.2661848068237305,SPAN_TOO_LONG
0012-0036-0003,Vì sao Gandhi không mặc y phục phương tây?,Ông ăn mặc để người nghèo nhất Ấn Độ cũng có thể chấp nhận,,True,True,0,0.0,1.0,2.2738847732543945,6.343559265136719,-2.2738847732543945,ANSWERABLE_PREDICTED_EMPTY
0012-0036-0004,Làm thế nào để người Ấn gây chấn động kinh tế cho các tổ chức Anh?,người Ấn tự sản xuất vải,"Gandhi cho rằng, nếu người Ấn tự sản xuất vải",True,False,0,0.7499999999999999,1.0,-1.9462671279907227,9.507589340209961,1.9462671279907227,SPAN_TOO_LONG
0012-0036-0005,Gandhi và môn đệ mặc quần áo có chất liệu như thế nào?,sợi chỉ tự se,dệt vải từ sợi chỉ tự se,True,False,0,0.7272727272727273,1.0,-1.0286493301391602,8.254354476928711,1.0286493301391602,SPAN_TOO_LONG
0012-0036-0006,Vì sao phương tây không mặc y phục Gandhi?,,,False,True,1,1.0,1.0,2.77023983001709,5.919124603271484,-2.77023983001709,CORRECT_NO_ANSWER
0012-0036-0007,Phương Tây liên tưởng y phục Gandhi đến điều gì?,,phú qúy và thành công,False,False,0,0.0,1.0,1.2230224609375,7.437329292297363,-1.2230224609375,UNANSWERABLE_FALSE_POSITIVE
0012-0037-0001,Tại sao Gandhi đổ lỗi cho những môn đồ Ấn giáo thuộc giai cấp cao?,họ không cho những kẻ ti tiện vào đền thờ,họ không cho những kẻ ti tiện vào đền thờ,True,False,1,1.0,1.0,0.011110305786132812,8.240571975708008,-0.011110305786132812,CORRECT
0012-0037-0002,"Vào ngày 11 tháng 5 năm 1934, điều gì đã xảy ra?",,,False,True,1,1.0,1.0,5.465079307556152,3.258331298828125,-5.465079307556152,CORRECT_NO_ANSWER
0012-0037-0003,Gandhi đã tranh luận rất dai dẳng với ai?,Rabindranath Tagore,,True,True,0,0.0,1.0,2.115224838256836,6.329013824462891,-2.115224838256836,ANSWERABLE_PREDICTED_EMPTY
0012-0037-0004,"Vào ngày 15 tháng 1 năm 1934, điều gì đã xảy ra?",một cơn động đất xảy ra tại Bihar,một cơn động đất xảy ra tại Bihar,True,False,1,1.0,1.0,-0.09650421142578125,7.88163423538208,0.09650421142578125,CORRECT
0012-0037-0005,Vì sau Tagore phản đối kịch liệt lập trường của Gandhi?,"cho rằng, một cơn động đất chỉ có thể xảy ra trên cơ sở năng lực thiên nhiên, không phải vì lý do đạo đức cho dù việc kì thị người vô giai cấp đáng chê trách như thế nào đi nữa",,True,True,0,0.0,1.0,2.475149631500244,5.775146007537842,-2.475149631500244,ANSWERABLE_PREDICTED_EMPTY
0012-0037-0006,Gandhi đã giao tranh rất dai dẳng với ai?,,,False,True,1,1.0,1.0,4.0912370681762695,4.483757972717285,-4.0912370681762695,CORRECT_NO_ANSWER
0012-0037-0007,Tại sao những môn đồ Ấn giáo thuộc giai cấp cao đổ lỗi cho Gandhi?,,"tội lỗi của những môn đồ Ấn giáo thuộc giai cấp cao, vì họ không cho những kẻ ti tiện vào đền thờ",False,False,0,0.0,1.0,0.8404293060302734,7.566405296325684,-0.8404293060302734,UNANSWERABLE_FALSE_POSITIVE
0012-0038-0001,Bộ phim Gandhi (1982) bị chỉ trích bởi những ai?,các học giả hậu thực dân,các học giả hậu thực dân,True,False,1,1.0,1.0,-1.0087451934814453,8.974937438964844,1.0087451934814453,CORRECT
0012-0038-0002,Cách trình bày cuộc đời Gandhi nổi tiếng nhất là gì?,bộ phim Gandhi (1982),bộ phim Gandhi (1982),True,False,1,1.0,1.0,-0.5150489807128906,8.909965515136719,0.5150489807128906,CORRECT
0012-0038-0003,Bộ phim Gandhi (1982) được ai đạo diễn?,Richard Attenborough,Richard Attenborough,True,False,1,1.0,1.0,-0.65020751953125,8.599879264831543,0.65020751953125,CORRECT
0012-0038-0004,Vì sao các học giả hậu thực dân phản đối Gandhi (1982)?,"Họ luận cứ là bộ phim miêu tả Gandhi như một người dùng một tay đưa Ấn Độ đến sự độc lập và bỏ qua những nhân vật quan trọng khác (của cả hai nhóm, tinh duệ và cấp dưới) trong cuộc kháng chiến chống thực dân","bộ phim miêu tả Gandhi như một người dùng một tay đưa Ấn Độ đến sự độc lập và bỏ qua những nhân vật quan trọng khác (của cả hai nhóm, tinh duệ và cấp dưới) trong cuộc kháng chiến chống thực dân",True,False,0,0.9555555555555556,1.0,-0.2854890823364258,8.668837547302246,0.2854890823364258,SPAN_TOO_SHORT
0012-0038-0005,Cách trình bày cuộc đời Richard nổi tiếng nhất là gì?,,bộ phim Gandhi,False,False,0,0.0,1.0,-0.23242473602294922,8.620199203491211,0.23242473602294922,UNANSWERABLE_FALSE_POSITIVE
0012-0038-0006,Bộ phim nào nói về 21 năm họat động của Gandhi tại Ấn Độ?,,Bộ phim The Making of the Mahatma,False,False,0,0.0,1.0,-5.539519309997559,10.616406440734863,5.539519309997559,UNANSWERABLE_FALSE_POSITIVE
0012-0038-0007,Bộ phim nào nói về 21 năm họat động của Gandhi tại Nam Phi?,Bộ phim The Making of the Mahatma,Bộ phim The Making of the Mahatma,True,False,1,1.0,1.0,-5.71353816986084,10.52414321899414,5.71353816986084,CORRECT
0012-0039-0001,Nhiều nhà sử học và chú giải đã phê bình Gandhi vì điều gì?,cái nhìn của ông về Adolf Hitler và Chủ nghĩa Đức Quốc Xã,cái nhìn của ông về Adolf Hitler và Chủ nghĩa Đức Quốc Xã,True,False,1,1.0,1.0,-2.9293761253356934,10.846646308898926,2.9293761253356934,CORRECT
0012-0039-0002,Người Do Thái đã nói gì về Gandhi?,,,False,True,1,1.0,1.0,3.9581661224365234,4.950572967529297,-3.9581661224365234,CORRECT_NO_ANSWER
0012-0039-0003,Penn và Teller đã tấn công Gandhi thông qua chương trình gì?,"""Bullshit!"" (""Holier than Thou"")","Bullshit!"" (""Holier than Thou"")",True,False,1,1.0,1.0,-1.862973690032959,9.77364730834961,1.862973690032959,CORRECT
0012-0039-0004,Vì điều gì mà Penn và Teller tấn công Gandhi?,"một phần về tính đạo đức giả qua những lập trường tiền hậu bất nhất trí trong khi thực hiện bất bạo lực, thái độ không thích hợp về phía phụ nữ và những lời nói có bản chất kì thị chủng tộc","tính đạo đức giả qua những lập trường tiền hậu bất nhất trí trong khi thực hiện bất bạo lực, thái độ không thích hợp về phía phụ nữ và những lời nói có bản chất kì thị chủng tộc",True,False,0,0.963855421686747,1.0,0.09687614440917969,8.515481948852539,-0.09687614440917969,SPAN_TOO_SHORT
0012-0039-0005,Gandhi đã nói gì về người Do Thái?,người Do Thái có thể đạt được tình thương của Thượng đế nếu họ sẵn lòng đi đến cái chết như những cảm tử chết vì nghĩa,,True,True,0,0.0,1.0,3.244843006134033,5.621147632598877,-3.244843006134033,ANSWERABLE_PREDICTED_EMPTY
0012-0039-0006,Gandhi nói trước công chúng về người Châu Phi ở Mumbai vào thời gian nào?,26 tháng 9 năm 1896,"Gandhi nói trước công chúng tại Mumbai, 26 tháng 9 năm 1896",True,False,0,0.5882352941176471,1.0,1.0725359916687012,7.5137248039245605,-1.0725359916687012,SPAN_TOO_LONG
0012-0039-0007,Penn và Gandhi đã tấn công Teller thông qua chương trình gì?,,"Bullshit!"" (""Holier than Thou"")",False,False,0,0.0,1.0,-2.328172206878662,10.10059928894043,2.328172206878662,UNANSWERABLE_FALSE_POSITIVE
0012-0039-0008,Người Châu Phi ở Mumbai nói trước công chúng về Gandhi vào thời gian nào?,,"Gandhi nói trước công chúng tại Mumbai, 26 tháng 9 năm 1896 (Collected Works, quyển II, trang 74) về người châu Phi",False,False,0,0.0,1.0,1.0728492736816406,7.552713394165039,-1.0728492736816406,UNANSWERABLE_FALSE_POSITIVE
0012-0040-0001,Ông cảm thấy điều gì về người Ấn?,"mọi người Ấn chính là da thịt của mình, máu mủ của mình","Ai là người cảm thấy như ông rằng tất cả mọi người Ấn chính là da thịt của mình, máu mủ của mình",True,False,0,0.7222222222222222,1.0,1.4383907318115234,7.145133972167969,-1.4383907318115234,SPAN_TOO_LONG
0012-0040-0002,Điều gì là một chân lý sinh động đối với dân Ấn?,,,False,True,1,1.0,1.0,2.117860794067383,6.349159240722656,-2.117860794067383,CORRECT_NO_ANSWER
0012-0040-0003,Điều gì là một chân lý sinh động đối với Gandhi?,"các căn nhà tồi tàn của hằng ngàn người cùng khốn, y phục của ông y hệt y phục của họ. Ông nói với họ bằng ngôn ngữ của họ",,True,True,0,0.0,1.0,2.828197479248047,5.706033706665039,-2.828197479248047,ANSWERABLE_PREDICTED_EMPTY
0012-0040-0004,Tiếng tôn xưng Mahatma của Phật Tổ là do ai tặng?,,tiếng tôn xưng Mahatma (Thánh) mà dân Ấn tặng ông,False,False,0,0.0,1.0,-0.34961509704589844,8.690293312072754,0.34961509704589844,UNANSWERABLE_FALSE_POSITIVE
0012-0040-0005,Ấn Độ đã trở nên như thế nào khi nghe tiếng gọi của Gandhi?,xông ngay tới một cảnh vinh quang cao qúy mới,Ấn Độ xông ngay tới một cảnh vinh quang cao qúy mới,True,False,0,0.9090909090909091,1.0,-0.38858985900878906,8.719886779785156,0.38858985900878906,SPAN_TOO_LONG
0012-0040-0006,Tiếng tôn xưng Mahatma của Gandhi là do ai tặng?,dân Ấn,tiếng tôn xưng Mahatma (Thánh) mà dân Ấn tặng ông,True,False,0,0.33333333333333337,1.0,-0.28188133239746094,8.562115669250488,0.28188133239746094,SPAN_TOO_LONG
0013-0001-0001,Cận thần theo Thanh giáo của vua James I lo sợ điều gì từ nhà vua?,,Nhiều cận thần của vua Charles I theo Thanh giáo (Puritans) muốn hủy bỏ một số lễ nghi của nhà thờ Công giáo La Mã và e ngại nhà vua sẽ phục hồi Công giáo (Catholic),False,False,0,0.0,1.0,-2.3540396690368652,9.385452270507812,2.3540396690368652,UNANSWERABLE_FALSE_POSITIVE
0013-0001-0002,Nhà vua đã giải tán quốc hội bao nhiêu lần khi tình hình tranh chấp ngày càng căng thẳng giữa nhà vua và quốc hội?,hai,,True,True,0,0.0,1.0,4.6080322265625,3.9816055297851562,-4.6080322265625,ANSWERABLE_PREDICTED_EMPTY
0013-0001-0003,"Trước việc quốc hội không thông qua tiền chi phí cho chiến tranh với Tây Ban Nha và Pháp, nhà vua đã làm điều gì?",tiết kiệm tiền bằng cách cho quân sĩ sống nhờ nhà dân và buộc các nhà giàu phải cho triều đình vay tiền,vua Charles,True,False,0,0.0,1.0,0.36165285110473633,7.6818366050720215,-0.36165285110473633,WRONG_SPAN
0013-0001-0004,Vì sao mà quốc hội phản đối các quyết đinh của nhà vua để có tiền chi phí cho chiến tranh?,các chính sách này vi phạm đến các tự do hiến định của nhân dân,,True,True,0,0.0,1.0,2.402804374694824,5.918423652648926,-2.402804374694824,ANSWERABLE_PREDICTED_EMPTY
0013-0001-0005,Chính sách nào của vua Charles khiến cho các vị lãnh đạo quốc hội Anh phản đối?,"cho quân sĩ sống nhờ nhà dân và buộc các nhà giàu phải cho triều đình vay tiền, những người từ chối sẽ bị tống giam vào ngục",Hành động này của vua Charles I và các quyết định bất thường khác,True,False,0,0.09523809523809523,1.0,1.346794605255127,6.938455104827881,-1.346794605255127,SPAN_TOO_SHORT
0013-0001-0006,Cận thần theo Thanh giáo của vua Charles I lo sợ điều gì từ nhà vua?,nhà vua sẽ phục hồi Công giáo,nhà vua sẽ phục hồi Công giáo (Catholic),True,False,0,0.9333333333333333,1.0,-3.1932549476623535,9.738507270812988,3.1932549476623535,SPAN_TOO_LONG
0013-0002-0001,Vì sao trong khỏang từ năm 1629 đến năm 1640 vua Charles đã trị vì mà không triệu tập quốc hội?,ng đã giải tán quốc hội thứ ba năm 1629,"vua Charles I đã ký nhận đơn thỉnh nguyện rồi về sau, do cảm thấy bị mất thể diện, ông đã giải tán quốc hội thứ ba",True,False,0,0.37837837837837834,1.0,-0.29183006286621094,8.451595306396484,0.29183006286621094,SPAN_TOO_LONG
0013-0002-0002,Các đề nghị có trong đơn gây qũy cho nhà vua là gì?,,,False,True,1,1.0,1.0,2.011989116668701,6.5437140464782715,-2.011989116668701,CORRECT_NO_ANSWER
0013-0002-0003,Các đề nghị có trong đơn thỉnh nguyện cho nhà vua là gì?,"hủy bỏ việc bắt buộc vay tiền và đóng quân tại nhà dân, đồng thời cũng xác nhận rằng quốc hội có quyền giới hạn các quyền lực của nhà vua","hủy bỏ việc bắt buộc vay tiền và đóng quân tại nhà dân, đồng thời cũng xác nhận rằng quốc hội có quyền giới hạn các quyền lực của nhà vua",True,False,1,1.0,1.0,-0.8596248626708984,8.98674488067627,0.8596248626708984,CORRECT
0013-0002-0004,"Ai là người đã đưa vấn đề nộp ""tiền đóng tàu"" ra tòa để tranh cãi?",John Hampden,Thần dân Anh đã phản kháng việc này và trong số đó có ông John Hampden,True,False,0,0.2222222222222222,1.0,-2.579312324523926,10.202678680419922,2.579312324523926,SPAN_TOO_LONG
0013-0002-0005,Thần dân Anh đã đưa ra quyết định gì để có tiền trang bị một hạm đội?,,"nhà vua đòi thần dân nộp ""tiền đóng tàu"" (ship money) và coi đây không phải là một thứ thuế",False,False,0,0.0,1.0,-1.745840072631836,9.78763198852539,1.745840072631836,UNANSWERABLE_FALSE_POSITIVE
0013-0002-0006,Quốc hội thứ ba bị giải tán là vào năm nào?,1629,quốc hội thứ ba,True,False,0,0.0,1.0,0.5119085311889648,7.842591285705566,-0.5119085311889648,WRONG_SPAN
0013-0002-0007,Quốc hội thứ ba được triệu tập bởi nhà vua Charles vào năm nào?,1628,quốc hội thứ ba,True,False,0,0.0,1.0,1.1423702239990234,7.204068183898926,-1.1423702239990234,WRONG_SPAN
0013-0002-0008,Nhà vua đã đưa ra quyết định gì để có tiền trang bị một hạm đội?,"đòi thần dân nộp ""tiền đóng tàu""","nhà vua đòi thần dân nộp ""tiền đóng tàu""",True,False,0,0.8750000000000001,1.0,-0.08455467224121094,8.317024230957031,0.08455467224121094,SPAN_TOO_LONG
0013-0002-0009,Quốc hội thứ 20 được triệu tập bởi nhà vua Charles vào năm nào?,,,False,True,1,1.0,1.0,2.571784019470215,6.109107971191406,-2.571784019470215,CORRECT_NO_ANSWER
0013-0003-0001,The English Prayer Book là gì?,kinh cầu nguyện Anh,kinh cầu nguyện Anh,True,False,1,1.0,1.0,0.7505922317504883,7.754815101623535,-0.7505922317504883,CORRECT
0013-0003-0002,Nhà vua Charles I đã làm gì khi không thể dẹp cuộc nổi dậy chống đối của dân Scotland?,triệu tập một quốc hội vào năm 1640,vua Charles I phải triệu tập một quốc hội vào năm 1640 nhưng lại hạ lệnh giải tán chỉ 5 ngày sau đó. Đây là quốc hội Ngắn hạn (the Short Parliament),True,False,0,0.4,1.0,0.17393970489501953,8.006726264953613,-0.17393970489501953,SPAN_TOO_LONG
0013-0003-0003,Chính sách của nhà thờ nước Anh được ông William Laud áp dụng cho những nơi nào?,tòan thể nước Anh và Scotland,tòan thể nước Anh và Scotland,True,False,1,1.0,1.0,-2.2762060165405273,10.238264083862305,2.2762060165405273,CORRECT
0013-0003-0004,Quốc hội dài hạn còn có tên là gì?,The Long Parliament,quốc hội Ngắn hạn (the Short Parliament),True,False,0,0.4,1.0,1.0199689865112305,7.380504608154297,-1.0199689865112305,SPAN_TOO_LONG
0013-0003-0005,Quốc hội là gì?,,quốc hội Ngắn hạn,False,False,0,0.0,1.0,1.07594633102417,7.342248439788818,-1.07594633102417,UNANSWERABLE_FALSE_POSITIVE
0013-0003-0006,Sự kiện nào là sự kiện khỏi đầu cho việc hình thành nên quốc hội Ngắn hạn và quốc hội Dài hạn?,Việc bắt buộc dùng kinh cầu nguyện Anh (the English Prayer Book) tại các nhà thờ Scotland của tổng Giám mục Laud đã khiến cho dân Scotland nổi lên chống đối,quốc hội Ngắn hạn (the Short Parliament). Nhưng sự bất lực của nhà vua đã khiến cho một quốc hội thành lập cùng năm ấy quốc hội mới thông qua một nghị quyết,True,False,0,0.18750000000000003,1.0,0.2105097770690918,7.880560398101807,-0.2105097770690918,SPAN_TOO_LONG
0013-0003-0007,Chính sách của quốc hội nước Anh được ông William Laud áp dụng cho những nơi nào?,,tòan thể nước Anh và Scotland,False,False,0,0.0,1.0,-0.3399696350097656,8.712968826293945,0.3399696350097656,UNANSWERABLE_FALSE_POSITIVE
0013-0003-0008,Tại các nhà thờ Scotland khi áp dụng dùng kinh cầu nguyện Anh đã gây ra việc gì?,dân Scotland nổi lên chống đối,dân Scotland nổi lên chống đối,True,False,1,1.0,1.0,0.7647714614868164,7.426068305969238,-0.7647714614868164,CORRECT
0013-0004-0001,Vì sao nhà vua Charles I đã không bắt được 5 dân biểu hàng đầu?,5 người này đã được báo trước và trốn chạy,,True,True,0,0.0,1.0,2.5326199531555176,5.869567394256592,-2.5326199531555176,ANSWERABLE_PREDICTED_EMPTY
0013-0004-0002,Vì sao nhà vua Charles I đã không chống đối 5 dân biểu hàng đầu?,,,False,True,1,1.0,1.0,2.274019241333008,6.086143493652344,-2.274019241333008,CORRECT_NO_ANSWER
0013-0004-0003,"Vào năm 1642, để không nổi giận nhà vua Charles I đã làm gì?",,"dẫn một tóan binh sĩ trang bị đầy đủ khí giới, xông vào Tòa Nhà Quốc hội để bắt 5 dân biểu hàng đầu, thường tỏ ra chống đối Charles I.",False,False,0,0.0,1.0,1.579869270324707,6.7025909423828125,-1.579869270324707,UNANSWERABLE_FALSE_POSITIVE
0013-0004-0004,Sau bao nhiêu năm Bá tước Strafford bị hành quyết thì Tổng giám mục Laud cũng chịu chung số phận?,4,Năm 1641,True,False,0,0.0,1.0,0.18537235260009766,8.074321746826172,-0.18537235260009766,WRONG_SPAN
0013-0004-0005,"Trong ""Bài khiển trách lớn lao"" đã quy định nhà vua muốn chống đối dân chúng phải thông qua cơ quan nào?",,tòan dân,False,False,0,0.0,1.0,1.111337661743164,7.180359840393066,-1.111337661743164,UNANSWERABLE_FALSE_POSITIVE
0013-0004-0006,Sau bao nhiêu năm Bá tước Strafford bị hành quyết thì Tổng giám mục Laud cũng chịu đồng ý?,,,False,True,1,1.0,1.0,2.49753999710083,5.986331462860107,-2.49753999710083,CORRECT_NO_ANSWER
0013-0004-0007,Vào năm 1645 ai là người bị hành quyết trong số những người bị quốc hội Dài hạn tống giam?,Tổng Giám mục Laud,Bá tước Strafford,True,False,0,0.0,1.0,0.30506229400634766,8.091537475585938,-0.30506229400634766,WRONG_SPAN
0013-0004-0008,"Vào năm 1642, để không mất đi uy quyền nhà vua Charles I đã làm gì?","Năm 1642, ông đã nổi giận, dẫn một tóan binh sĩ trang bị đầy đủ khí giới, xông vào Tòa Nhà Quốc hội để bắt 5 dân biểu hàng đầu, thường tỏ ra chống đối Charles I",,True,True,0,0.0,1.0,3.1488075256347656,5.290857315063477,-3.1488075256347656,ANSWERABLE_PREDICTED_EMPTY
0013-0004-0009,"Trong ""Bài khiển trách lớn lao"" đã quy định nhà vua muốn đánh thuế dân chúng phải thông qua cơ quan nào?",quốc hội,"các bộ trưởng phải chịu trách nhiệm trước quốc hội, đòi hỏi nhà vua không được đánh thuế dân chúng nếu không có sự đồng ý của quốc hội",True,False,0,0.12903225806451613,1.0,-0.5707845687866211,8.483642578125,0.5707845687866211,SPAN_TOO_LONG
0013-0004-0010,"Cùng với Tổng giám mục Laud, quốc hội dài hạn đã bắt giam ai?",Bá tước Strafford,Thomas Wentworth,True,False,0,0.0,1.0,-1.6291999816894531,9.171249389648438,1.6291999816894531,WRONG_SPAN
0013-0005-0001,"Thành phố nào tại Anh mà các ""kẻ đầu trọc"" kiểm sóat?",Luân Đôn,thành phố Luân Đôn,True,False,0,0.6666666666666666,1.0,-1.5162410736083984,9.392468452453613,1.5162410736083984,SPAN_TOO_LONG
0013-0005-0002,"Vì sao những người theo quốc hội chống lại vua được gọi là ""kẻ đầu tròn""?",họ cắt tóc thật sát,họ cắt tóc thật sát,True,False,1,1.0,1.0,-3.6877598762512207,10.732797622680664,3.6877598762512207,CORRECT
0013-0005-0003,Cuộc nội chiến tại Anh chính thứ nổ ra vào lúc nào?,Tháng 8 năm 1642,,True,True,0,0.0,1.0,4.074595928192139,4.780191898345947,-4.074595928192139,ANSWERABLE_PREDICTED_EMPTY
0013-0005-0004,Những người ủng hộ hòang gia nhưng là nhân viên quốc hội được gọi là gì?,kị binh,"các ""kị binh"" (cavaliers), gồm các nhà qúy tộc và phần lớn các",True,False,0,0.2666666666666667,1.0,-1.8960490226745605,9.512228012084961,1.8960490226745605,SPAN_TOO_LONG
0013-0005-0005,Những người theo quốc hội chống lại vua đã đưa ai làm chỉ huy quân sự khi cuộc nội chiến bùng nổ?,Oliver Cromwell,,True,True,0,0.0,1.0,1.8759546279907227,6.781281471252441,-1.8759546279907227,ANSWERABLE_PREDICTED_EMPTY
0013-0005-0006,"Ai là người kiểm sóat được thành phố Luân Đôn, điều khiển được hải quân và có quyền đánh thuế ngân qũy trong thời kỳ cả hòang gia và quốc hội đều lo tập trung quân đội?",những người theo quốc hội,"""kẻ đầu tròn""",True,False,0,0.0,1.0,-0.25449562072753906,8.567644119262695,0.25449562072753906,WRONG_SPAN
0013-0006-0001,Vua Charles bị xử tử trước sự chứng kiến của đông đảo quần chúng vào năm nào?,1640,Ngày 20 tháng 1 năm 1649,True,False,0,0.0,1.0,0.41486215591430664,7.222239017486572,-0.41486215591430664,WRONG_SPAN
0013-0006-0002,Nhà vua đã bị kết án với tội danh nào?,"bạo chúa, phản bội, sát nhân và là kẻ thù của nhân dân",,True,True,0,0.0,1.0,1.954392433166504,6.0822906494140625,-1.954392433166504,ANSWERABLE_PREDICTED_EMPTY
0013-0006-0003,Hình phạt dành cho Charles sau khi bị kết án là gì?,xử tử,,True,True,0,0.0,1.0,3.9276609420776367,4.5196943283081055,-3.9276609420776367,ANSWERABLE_PREDICTED_EMPTY
0013-0006-0004,"Nhóm dân biểu ""còn lại"" được gọi là gì?",the Rump,,True,True,0,0.0,1.0,2.694032669067383,5.560323715209961,-2.694032669067383,ANSWERABLE_PREDICTED_EMPTY
0013-0006-0005,Nhóm lãnh đạo quân đội được gọi là gì?,,,False,True,1,1.0,1.0,3.6775221824645996,4.833200931549072,-3.6775221824645996,CORRECT_NO_ANSWER
0013-0006-0006,Charles đã bị đưa ra xét xử vào ngày nào?,Ngày 20 tháng 1 năm 1649,"Ngày 20 tháng 1 năm 1649, trước sức ép của nhân dân và quân đội,Charles bị đưa ra xét xử vì tội ""phản bội""",True,False,0,0.3870967741935484,1.0,0.8566045761108398,6.899871826171875,-0.8566045761108398,SPAN_TOO_LONG
0013-0007-0001,Ai đã lên nắm quyền khi chế độ quân chủ lập hiến được xác lập?,Vương công xứ Orange là William III,"Vương công xứ Orange là William III nắm quyền, nhưng quyền lợi lại nằm trong tay tư sản và qúy tộc mới",True,False,0,0.4827586206896552,1.0,1.687415599822998,6.66680383682251,-1.687415599822998,SPAN_TOO_LONG
0013-0007-0002,Chế độ quân chủ lập hiến được thành lập vào năm nào?,1688,Năm 1688,True,False,0,0.6666666666666666,1.0,0.7652864456176758,7.235589981079102,-0.7652864456176758,SPAN_TOO_LONG
0013-0007-0003,"Theo quy đinh Hiến pháp, nước Anh sẽ dưới sự cai trị của ai?",Nhà vua và Nghị viện,Nhà vua và Nghị viện sẽ cùng cai trị,True,False,0,0.7142857142857143,1.0,0.7937989234924316,7.547059535980225,-0.7937989234924316,SPAN_TOO_LONG
0013-0007-0004,Trước khi vua Charles II tiếp tục trị vì nước Anh thì trước đó nước Anh do ai nắm quyền?,Oliver Cromwell,,True,True,0,0.0,1.0,5.238332748413086,3.4633865356445312,-5.238332748413086,ANSWERABLE_PREDICTED_EMPTY
0013-0007-0005,Nhân dân trở nên óan hận ai khi người đó lên cầm quyền?,Oliver Cromwell,"Oliver Cromwell sau đó lên nắm quyền, thiết lập chế độ độc tài",True,False,0,0.2666666666666667,1.0,1.7202510833740234,6.835546493530273,-1.7202510833740234,SPAN_TOO_LONG
0013-0007-0006,Vào năm bao nhiêu thì nhà vua Charles II được mời về triều đình?,1660,năm 1660,True,False,0,0.6666666666666666,1.0,-3.0702524185180664,9.746581077575684,3.0702524185180664,SPAN_TOO_LONG
0013-0007-0007,Ai đã lên nắm quyền khi chế độ quân chủ độc tài được xác lập?,,,False,True,1,1.0,1.0,2.7265729904174805,5.7629852294921875,-2.7265729904174805,CORRECT_NO_ANSWER
0013-0007-0008,Chế độ quân chủ độc tài được thành lập vào năm nào?,,,False,True,1,1.0,1.0,3.805908203125,4.658051490783691,-3.805908203125,CORRECT_NO_ANSWER
0014-0001-0001,Đế quốc La Mã tồn tại từ bao giờ?,tồn tại từ cuối thời sơ kỳ Trung cổ,Đế quốc La Mã Thần Thánh,True,False,0,0.0,1.0,-1.0765495300292969,9.344992637634277,1.0765495300292969,WRONG_SPAN
0014-0001-0002,Người Đức gọi Đế quốc La Mã Thần Thánh là gì?,Heiliges Römisches Reich,Đế quốc La Mã Thần Thánh,True,False,0,0.0,1.0,0.38976573944091797,8.18033504486084,-0.38976573944091797,WRONG_SPAN
0014-0001-0003,Tên của đế quốc này có ý nghĩa gì đặc biệt?,"bắt nguồn từ yêu sách của các Hòang đế La Mã Đức vào thời Trung cổ, muốn tiếp tục truyền thống của đế chế La Mã cổ và hợp pháp hóa quyền cai trị như là thánh ý của Thiên Chúa",Đế quốc La Mã Thần Thánh,True,False,0,0.1702127659574468,1.0,-1.225301742553711,9.387335777282715,1.225301742553711,SPAN_TOO_SHORT
0014-0001-0004,Tên gọi Sacro Romano Impero theo tiếng Ý được các Hòang đế La Mã Đức dành cho một vùng lãnh thổ nhằm mục đích gì?,tiếp tục truyền thống của đế chế La Mã cổ và hợp pháp hóa quyền cai trị như là thánh ý của Thiên Chúa,Đế quốc La Mã Thần Thánh,True,False,0,0.26666666666666666,1.0,-2.7246947288513184,9.92605209350586,2.7246947288513184,SPAN_TOO_SHORT
0014-0001-0005,Vương quốc Bohemia thuộc vùng chủ quyền của ai?,của Đế quốc,Đế quốc La Mã Thần Thánh,True,False,0,0.4444444444444444,1.0,-1.6471734046936035,9.449909210205078,1.6471734046936035,SPAN_TOO_LONG
0014-0001-0006,Người dân Đế quốc La Mã Thần Thánh có nguồn gốc từ đâu?,chủ yếu là người Đức,Đế quốc La Mã Thần Thánh,True,False,0,0.0,1.0,-0.06523895263671875,8.704988479614258,0.06523895263671875,WRONG_SPAN
0014-0001-0007,Vương quốc Bohemia tiếp giáp biên giới của ai?,,Đế quốc La Mã Thần Thánh,False,False,0,0.0,1.0,-1.551605224609375,9.453681945800781,1.551605224609375,UNANSWERABLE_FALSE_POSITIVE
0014-0002-0001,Hòang đế Otto không còn sống khi nào?,,"Hòang đế Franz II (1792-1806) thuộc dòng họ Nhà Habsburg từ bỏ Đế miện vào ngày 6 tháng 8 năm 1806, trở thành Hòang đế đầu tiên của Đế quốc Áo",False,False,0,0.0,1.0,0.7186670303344727,8.046902656555176,-0.7186670303344727,UNANSWERABLE_FALSE_POSITIVE
0014-0002-0002,Dân tộc Đức được thêm vào trong thế kỷ 15 và 16 đã tan rã khi chuyện gì xảy ra với hòang đế Franz?,từ bỏ Đế miện,"Hòang đế Franz II (1792-1806) thuộc dòng họ Nhà Habsburg từ bỏ Đế miện vào ngày 6 tháng 8 năm 1806, trở thành Hòang đế đầu tiên của Đế quốc Áo",True,False,0,0.2222222222222222,1.0,-2.798351287841797,10.12006950378418,2.798351287841797,SPAN_TOO_LONG
0014-0002-0003,Hòang đế Franz II không còn sống khi nào?,1806,"Hòang đế Franz II (1792-1806) thuộc dòng họ Nhà Habsburg từ bỏ Đế miện vào ngày 6 tháng 8 năm 1806, trở thành Hòang đế đầu tiên của Đế quốc Áo",True,False,0,0.06060606060606061,1.0,0.3589162826538086,8.110071182250977,-0.3589162826538086,SPAN_TOO_LONG
0014-0002-0004,Đế chế Cũ là tên gọi cho thứ gì?,Altes Reich,Đế chế Cũ,True,False,0,0.0,1.0,1.3646836280822754,7.165994167327881,-1.3646836280822754,WRONG_SPAN
0014-0002-0005,Văn kiện Franz II đến từ gia tộc nào?,,Hòang đế Franz II (1792-1806) thuộc dòng họ Nhà Habsburg,False,False,0,0.0,1.0,-0.0032835006713867188,8.619173049926758,0.0032835006713867188,UNANSWERABLE_FALSE_POSITIVE
0014-0002-0006,Đế quốc La Mã Thần thánh được thành lập dựa trên sự kiện gì?,khi Otto I Đại Đế thuộc dòng họ Liudolfinger được Giáo hòang trao Đế miện từ Vương quốc Đông Frank thuộc dòng họ Nhà Carolingien,,True,True,0,0.0,1.0,2.4559988975524902,6.382477283477783,-2.4559988975524902,ANSWERABLE_PREDICTED_EMPTY
0014-0002-0007,Tên gọi ban đầu của Đế quốc La Mã thần thánh này là gì?,Sacrum Imperium,Đế quốc La Mã Thần Thánh Dân tộc Đức,True,False,0,0.0,1.0,1.5637693405151367,7.19078254699707,-1.5637693405151367,WRONG_SPAN
0014-0002-0008,Hòang đế Franz II đến từ gia tộc nào?,Nhà Habsburg,dòng họ Nhà Habsburg,True,False,0,0.6666666666666666,1.0,-0.5124855041503906,8.777775764465332,0.5124855041503906,SPAN_TOO_LONG
0014-0003-0001,Hình thức tổ chức của đế quốc La Mã Thần thánh là gì?,không phải là một quốc gia liên bang và cũng không phải là một liên minh của nhiều quốc gia,,True,True,0,0.0,1.0,3.314272880554199,5.219464302062988,-3.314272880554199,ANSWERABLE_PREDICTED_EMPTY
0014-0003-0002,Theo lịch sử thì Đế quốc có phải chỉ được mỗi những người thuộc tầng lớp qúy tộc điều hành không?,không phải,Đế quốc,True,False,0,0.0,1.0,0.8835563659667969,7.56053352355957,-0.8835563659667969,WRONG_SPAN
0014-0003-0003,Quyền lực ở đế quốc được phân chia như thế nào?,không nằm hòan tòan trong tay của hòang đế mà cũng không nằm hòan tòan trong tay của các tuyển hầu tước hay của một tập thể như Quốc hội Đế chế,,True,True,0,0.0,1.0,3.021662712097168,5.548069953918457,-3.021662712097168,ANSWERABLE_PREDICTED_EMPTY
0014-0003-0004,Nguồn gốc của đế quốc này được người dân nghĩ như thế nào?,không phải là một đất nước do tầng lớp qúy tộc cai trị nhưng cũng không nằm trong tay của một tập đòan cai trị,,True,True,0,0.0,1.0,2.872687339782715,5.692817687988281,-2.872687339782715,ANSWERABLE_PREDICTED_EMPTY
0014-0003-0005,Tầng lớp qúy tộc cai trị liên minh như thế nào?,,Đế quốc,False,False,0,0.0,1.0,0.1986980438232422,8.006431579589844,-0.1986980438232422,UNANSWERABLE_FALSE_POSITIVE
0014-0003-0006,Đế quốc này bao gồm những đặc điểm gì?,kết hợp những đặc điểm của các hình thức,,True,True,0,0.0,1.0,2.2159719467163086,6.2289838790893555,-2.2159719467163086,ANSWERABLE_PREDICTED_EMPTY
0014-0003-0007,Liên minh này bao gồm những đặc điểm gì?,,,False,True,1,1.0,1.0,2.313948631286621,6.229153633117676,-2.313948631286621,CORRECT_NO_ANSWER
0014-0003-0008,Tầng lớp qúy tộc cai trị đế quốc như thế nào?,không nằm hòan tòan trong tay của hòang đế mà cũng không nằm hòan tòan trong tay của các tuyển hầu tước hay của một tập thể như Quốc hội Đế chế,Đế quốc,True,False,0,0.11764705882352941,1.0,0.4361433982849121,7.8360915184021,-0.4361433982849121,SPAN_TOO_SHORT
0014-0004-0001,Bản chất của Hội đồng Đế quốc đối với các Lãnh chúa như thế nào?,chỉ có chức năng tham khảo và trang trí,,True,True,0,0.0,1.0,3.8053808212280273,4.863055229187012,-3.8053808212280273,ANSWERABLE_PREDICTED_EMPTY
0014-0004-0002,Muốn ban hành luật thì hòang đế phải làm gì?,phải thông qua Hội đồng,Hòang đế phải thông qua Hội đồng để ban hành luật,True,False,0,0.625,1.0,-1.4053802490234375,9.345312118530273,1.4053802490234375,SPAN_TOO_LONG
0014-0004-0003,Các lãnh chúa hành động như thế nào khi liên quan đến các chính sách trọng đại?,họ phớt lờ mối dây liên hệ giữa họ và Hòang đế,họ phớt lờ mối dây liên hệ giữa họ và Hòang đế,True,False,1,1.0,1.0,-1.5380034446716309,9.517316818237305,1.5380034446716309,CORRECT
0014-0004-0004,Ba lập trường của các lãnh chúa trong thời chiến là gì?,"về phe với Hòang đế, hoặc chống lại Hòang đế, hoặc giữ trung lập",,True,True,0,0.0,1.0,2.3513412475585938,6.301553726196289,-2.3513412475585938,ANSWERABLE_PREDICTED_EMPTY
0014-0004-0005,Muốn thông qua Hội đồng thì hòang đế phải làm gì?,,Hòang đế phải thông qua Hội đồng để ban hành luật,False,False,0,0.0,1.0,-1.7637677192687988,9.423515319824219,1.7637677192687988,UNANSWERABLE_FALSE_POSITIVE
0014-0004-0006,Các lãnh chúa nắm thứ gì trong tay bắt mọi người phải nghe theo?,mọi quyền quyết định tôn giáo nào thần dân của họ phải theo,,True,True,0,0.0,1.0,1.924189567565918,6.705955505371094,-1.924189567565918,ANSWERABLE_PREDICTED_EMPTY
0014-0004-0007,Cơ quan nào đứng đầu đế chế La Mã?,Hội đồng,,True,True,0,0.0,1.0,1.880950927734375,6.694038391113281,-1.880950927734375,ANSWERABLE_PREDICTED_EMPTY
0014-0005-0001,Nơi nào là linh hồn của Habsburg?,Viên,Áo là trung tâm và Viên,True,False,0,0.2857142857142857,1.0,0.7780985832214355,7.330765247344971,-0.7780985832214355,SPAN_TOO_LONG
0014-0005-0002,Tại sao Đức Chúa Trời lại tôn thờ Thượng đế?,,,False,True,1,1.0,1.0,4.724597454071045,3.9376721382141113,-4.724597454071045,CORRECT_NO_ANSWER
0014-0005-0003,Theo các giáo sĩ Công giáo Thượng đế là ai?,Đức Chúa Trời,,True,True,0,0.0,1.0,3.4541492462158203,5.144315719604492,-3.4541492462158203,ANSWERABLE_PREDICTED_EMPTY
0014-0005-0004,Habsburg được lãnh đạo bởi những nhân vật nào?,giáo sĩ dòng Tên,"Áo là trung tâm và Viên là con tim của thế giới Habsburg. Đây là một thế giới vỹ đại, một thế giới Công giáo, một thế giới có truyền thống đạo đức cao, được lãnh đạo bởi các giáo sĩ dòng Tên",True,False,0,0.1702127659574468,1.0,1.3738398551940918,7.054663181304932,-1.3738398551940918,SPAN_TOO_LONG
0014-0005-0005,Habsburg được kính trọng bởi những nhân vật nào?,,,False,True,1,1.0,1.0,2.2648544311523438,6.2638092041015625,-2.2648544311523438,CORRECT_NO_ANSWER
0014-0005-0006,Quân vương có đặc điểm gì nổi bật?,,,False,True,1,1.0,1.0,4.972035884857178,3.649832248687744,-4.972035884857178,CORRECT_NO_ANSWER
0014-0005-0007,Người dân ở Habsburg có đặc điểm gì nổi bật?,có cuộc sống rất đạo đức,,True,True,0,0.0,1.0,2.136227607727051,6.391568183898926,-2.136227607727051,ANSWERABLE_PREDICTED_EMPTY
0014-0005-0008,Tại sao các quân vương lại tôn thờ Thượng đế?,soi sáng và giúp đỡ họ,,True,True,0,0.0,1.0,1.8266973495483398,6.662144660949707,-1.8266973495483398,ANSWERABLE_PREDICTED_EMPTY
0014-0005-0009,Người dân Habsburg tôn thờ ai cao nhất?,Thượng đế,Áo,True,False,0,0.0,1.0,0.8266983032226562,7.398312568664551,-0.8266983032226562,WRONG_SPAN
0014-0006-0001,Người rót rượu đi qua Hòang đế phải đứng trong tư thế như thế nào?,,người phục dịch phải qùy trên một đầu gối,False,False,0,0.0,1.0,-1.3022212982177734,9.487076759338379,1.3022212982177734,UNANSWERABLE_FALSE_POSITIVE
0014-0006-0002,Địa vị cao cả của Hòang đế thể hiện ở đâu?,Mọi chi tiết trong đời sống hàng ngày của Hòang đế ở triều đình đế quốc được đặt ra,,True,True,0,0.0,1.0,3.9286909103393555,4.645373344421387,-3.9286909103393555,ANSWERABLE_PREDICTED_EMPTY
0014-0006-0003,Hofburg là tên gọi của thứ gì?,Trong các gian phòng và các hành lang của cung điện cổ,,True,True,0,0.0,1.0,3.8075647354125977,4.917508125305176,-3.8075647354125977,ANSWERABLE_PREDICTED_EMPTY
0014-0006-0004,"Khi gặp Hòang đế, người ta phải làm gì?",cúi đầu thật thấp và qùy một gối xuống,,True,True,0,0.0,1.0,4.754400730133057,4.077855587005615,-4.754400730133057,ANSWERABLE_PREDICTED_EMPTY
0014-0006-0005,Địa vị cao cả của đế quốc thể hiện ở đâu?,,,False,True,1,1.0,1.0,3.30947208404541,5.412665367126465,-3.30947208404541,CORRECT_NO_ANSWER
0014-0006-0006,Người rót rượu cho Hòang đế phải đứng trong tư thế như thế nào?,phải qùy trên một đầu gối,người phục dịch phải qùy trên một đầu gối,True,False,0,0.8,1.0,-2.32919979095459,10.240474700927734,2.32919979095459,SPAN_TOO_LONG
0014-0006-0007,Hofburg là thức ăn của thứ gì?,,,False,True,1,1.0,1.0,2.6875133514404297,5.97603702545166,-2.6875133514404297,CORRECT_NO_ANSWER
0014-0006-0008,Rượu của ông qua tay bao nhiêu người trước khi đến được ông?,,,False,True,1,1.0,1.0,4.283646583557129,4.500918388366699,-4.283646583557129,CORRECT_NO_ANSWER
0014-0006-0009,Trước khi chết Hòang Đế và gia đình của ông có những tháng này sống xa hoa ở đâu?,cung điện cổ tên là Hofburg,,True,True,0,0.0,1.0,5.578336477279663,3.291815996170044,-5.578336477279663,ANSWERABLE_PREDICTED_EMPTY
0014-0006-0010,Thức ăn của ông qua tay bao nhiêu người trước khi đến được ông?,24,thức ăn ông của ông được chuyền qua 24 bàn tay trước khi được đưa đến bàn ăn hòang gia,True,False,0,0.09523809523809523,1.0,1.7718696594238281,6.903368949890137,-1.7718696594238281,SPAN_TOO_LONG
0014-0007-0001,Hòang đế Leopold thành lập vô số ủy ban vào thời gian nào?,Vào thập kỉ 1690,"thập kỉ 1690, ông đã thành lập vô số ủy ban, tất cả đều kình chống nhau một cách im lìm nhưng dữ dội sau lưng ông",True,False,0,0.19354838709677416,1.0,-1.3702573776245117,8.831979751586914,1.3702573776245117,SPAN_TOO_LONG
0014-0007-0002,Tại sao các ủy ban đều đấu đá lẫn nhau?,thành lập vô số ủy ban,,True,True,0,0.0,1.0,4.523166656494141,4.164704322814941,-4.523166656494141,ANSWERABLE_PREDICTED_EMPTY
0014-0007-0003,Tại sao các đế quốc đều đấu đá lẫn nhau?,,,False,True,1,1.0,1.0,5.786416053771973,3.037022590637207,-5.786416053771973,CORRECT_NO_ANSWER
0014-0007-0004,Hòang đế Leopold có năng lực như thế nào?,là một ông vua thiếu quyết đóan,,True,True,0,0.0,1.0,4.1756415367126465,4.597610950469971,-4.1756415367126465,ANSWERABLE_PREDICTED_EMPTY
0014-0007-0005,Cận thần xuất thân từ gia tộc nào?,,,False,True,1,1.0,1.0,5.4977867603302,3.3516032695770264,-5.4977867603302,CORRECT_NO_ANSWER
0014-0007-0006,Hòang đế Leopold thành lập vô số đế quốc vào thời gian nào?,,,False,True,1,1.0,1.0,5.751457214355469,2.968571662902832,-5.751457214355469,CORRECT_NO_ANSWER
0014-0007-0007,Hỗn độn của triều đình được ví ngang bằng gì?,không bao giờ có mối kết dính các cơ quan với nhau,,True,True,0,0.0,1.0,4.792427062988281,4.029511451721191,-4.792427062988281,ANSWERABLE_PREDICTED_EMPTY
0014-0007-0008,Hòang đế Leopold xuất thân từ gia tộc nào?,nhà Habsburg,,True,True,0,0.0,1.0,4.59866189956665,4.229201793670654,-4.59866189956665,ANSWERABLE_PREDICTED_EMPTY
0014-0007-0009,Bộ máy cơ quan quản lý đế quốc dưới tay của hòang đế Leopold thể hiện như thế nào trước mặt của ông?,kình chống nhau một cách im lìm,,True,True,0,0.0,1.0,3.1675949096679688,5.516401290893555,-3.1675949096679688,ANSWERABLE_PREDICTED_EMPTY
0014-0007-0010,Hỗn độn của ủy ban được ví ngang bằng gì?,,,False,True,1,1.0,1.0,3.5647077560424805,5.113035202026367,-3.5647077560424805,CORRECT_NO_ANSWER
0014-0008-0001,Nguyên nhân khiến đế quốc suy thóai sau này là gì?,ngai vàng và đế quốc đã được Thượng đế định đọat,,True,True,0,0.0,1.0,2.105599880218506,6.463284015655518,-2.105599880218506,ANSWERABLE_PREDICTED_EMPTY
0014-0008-0002,Hòang đế nào được ủng hộ sớm nhất?,,Hòang tộc này,False,False,0,0.0,1.0,-0.659149169921875,9.027528762817383,0.659149169921875,UNANSWERABLE_FALSE_POSITIVE
0014-0008-0003,Hòang đế nào được sinh ra sớm nhất?,Leopold I,Hòang tộc,True,False,0,0.0,1.0,-0.2959003448486328,8.807229995727539,0.2959003448486328,WRONG_SPAN
0014-0008-0004,Tại sao cả ba Hòang đế đều tôn thờ Thượng đế?,Người sẽ phù hộ cho Hòang tộc này mãi trường tồn và phồn vinh,,True,True,0,0.0,1.0,2.630448818206787,5.971232891082764,-2.630448818206787,ANSWERABLE_PREDICTED_EMPTY
0014-0008-0005,Cả ba Hòang đế đều hài lòng vào thứ gì nhất?,,nền hành chính hỗn độn,False,False,0,0.0,1.0,-0.3826169967651367,8.47065544128418,0.3826169967651367,UNANSWERABLE_FALSE_POSITIVE
0014-0008-0006,Leopold I có niềm tin như thế nào?,,,False,True,1,1.0,1.0,2.4414749145507812,6.222780227661133,-2.4414749145507812,CORRECT_NO_ANSWER
0014-0008-0007,Sau hai vị Hòang đế là Leopold và Joseph thì vị Hòang đế thứ ba trị vì Đế quốc trong giai đọan bao lâu?,1711-1740,,True,True,0,0.0,1.0,3.0639734268188477,5.7318315505981445,-3.0639734268188477,ANSWERABLE_PREDICTED_EMPTY
0014-0008-0008,Nguyên nhân khiến đế quốc mãi trường tồn sau này là gì?,,,False,True,1,1.0,1.0,2.1931848526000977,6.425589561462402,-2.1931848526000977,CORRECT_NO_ANSWER
0014-0008-0009,Karrl VI có niềm tin như thế nào?,không tin rằng nền hành chính hỗn độn là khiếm khuyết cốt lõi của đế quốc họ trị vì,,True,True,0,0.0,1.0,2.970402717590332,5.805115699768066,-2.970402717590332,ANSWERABLE_PREDICTED_EMPTY
0014-0008-0010,Cả ba Hòang đế đều tin vào thứ gì nhất?,Thượng đế,nền hành chính hỗn độn,True,False,0,0.0,1.0,-1.5765724182128906,9.452045440673828,1.5765724182128906,WRONG_SPAN
0014-0009-0001,Vị thống sóai lừng danh châu Âu năm 1734 là ai?,Hòang thân Eugène của Savoie,Hòang đế Leopold II,True,False,0,0.22222222222222224,1.0,-0.6501760482788086,8.973396301269531,0.6501760482788086,SPAN_TOO_SHORT
0014-0009-0002,Các Hòang thân Eugène ở đế quốc có năng lực như thế nào?,,Hòang đế Leopold II,False,False,0,0.0,1.0,0.8323431015014648,7.646430015563965,-0.8323431015014648,UNANSWERABLE_FALSE_POSITIVE
0014-0009-0003,AI là Tổng Tư lệnh quân đội của đế chế?,Hòang thân Eugène của Savoie,Hòang đế Leopold II dựa trên lưỡi gươm sáng lóang của Hòang thân Eugène của Savoie. Ông là Thống chế của Đế quốc,True,False,0,0.3571428571428571,1.0,-1.2623958587646484,9.100634574890137,1.2623958587646484,SPAN_TOO_LONG
0014-0009-0004,Dựa vào mối quan hệ với Hòang thân Eugène nên vị thế của triệu đại của Hòang đế Leopold thời bấy giờ như thế nào?,vị thế của đế quốc trong thực tế lại lên cao,Hòang đế Leopold II,True,False,0,0.13333333333333333,1.0,0.40340423583984375,8.132806777954102,-0.40340423583984375,SPAN_TOO_SHORT
0014-0009-0005,Vua Karl XII nắm quyền quốc gia nào?,Thụy Điển,Thụy Điển,True,False,1,1.0,1.0,0.3930187225341797,8.05984878540039,-0.3930187225341797,CORRECT
0014-0009-0006,Leopold nắm quyền quốc gia nào?,,Hòang đế Leopold II,False,False,0,0.0,1.0,0.1993236541748047,8.390539169311523,-0.1993236541748047,UNANSWERABLE_FALSE_POSITIVE
0014-0009-0007,Hòang đế Leopold II dựa vào thứ gì để cai trị?,dựa trên lưỡi gươm sáng lóang của Hòang thân Eugène của Savoie,lưỡi gươm sáng lóang của Hòang thân Eugène của Savoie,True,False,0,0.9090909090909091,1.0,-0.3528404235839844,8.790350914001465,0.3528404235839844,SPAN_TOO_SHORT
0014-0009-0008,AI là Tổng Tư lệnh quân đội của châu Âu?,,Hòang đế Leopold II dựa trên lưỡi gươm sáng lóang của Hòang thân Eugène của Savoie. Ông là Thống chế của Đế quốc,False,False,0,0.0,1.0,-0.2547149658203125,8.464550018310547,0.2547149658203125,UNANSWERABLE_FALSE_POSITIVE
0014-0009-0009,Các Hòang đế ở đế quốc có năng lực như thế nào?,thiếu năng lực,Hòang đế Leopold II dựa trên lưỡi gươm sáng lóang của Hòang thân Eugène của Savoie,True,False,0,0.0,1.0,1.3129076957702637,7.325790882110596,-1.3129076957702637,WRONG_SPAN
0014-0010-0001,Lãnh chúa Friedrich III đã được Hòang đế cho phép xương vương vào năm nào?,năm 1701,,True,True,0,0.0,1.0,2.9538393020629883,5.449960708618164,-2.9538393020629883,ANSWERABLE_PREDICTED_EMPTY
0014-0010-0002,Vua có tham vọng như thế nào trong bộ máy chính quyền?,,,False,True,1,1.0,1.0,3.222566604614258,5.346275329589844,-3.222566604614258,CORRECT_NO_ANSWER
0014-0010-0003,Tại sao vua Friedrich I lại được phong vua?,"dựa trên lý lẽ đất đai ông chiếm được là từ Thụy Điển,[cần dẫn nguồn] và cũng dựa trên sức ép của nước ngòai",,True,True,0,0.0,1.0,2.6661133766174316,5.755772113800049,-2.6661133766174316,ANSWERABLE_PREDICTED_EMPTY
0014-0010-0004,Ai là vua của Phổ năm 1701?,Friedrich I,vua Friedrich I của Phổ,True,False,0,0.5714285714285715,1.0,0.6291122436523438,7.0431013107299805,-0.6291122436523438,SPAN_TOO_LONG
0014-0010-0005,Ai mới có quyền phong vương cho các lãnh chúa?,Hòang đế,,True,True,0,0.0,1.0,2.3346776962280273,6.272221565246582,-2.3346776962280273,ANSWERABLE_PREDICTED_EMPTY
0014-0010-0006,Vua có vị trí như thế nào trong bộ máy chính quyền?,không cho phép lãnh chúa nào xưng làm vua,,True,True,0,0.0,1.0,4.171115875244141,4.54111385345459,-4.171115875244141,ANSWERABLE_PREDICTED_EMPTY
0014-0010-0007,Ai mới có quyền làm vua các lãnh chúa?,,,False,True,1,1.0,1.0,4.071396350860596,4.590440273284912,-4.071396350860596,CORRECT_NO_ANSWER
0014-0010-0008,"Trong lịch sử, hòang đế đã từng phong vương cho ai?",Friedrich III,,True,True,0,0.0,1.0,2.535071849822998,6.062859058380127,-2.535071849822998,ANSWERABLE_PREDICTED_EMPTY
0014-0011-0001,"Tại sao các công tước lại tham gia vào việc chọn hòang đế, đại hội đế chế?",tạo ảnh hưởng cho chính mình,"thông qua việc lựa chọn hòang đế, đại hội đế chế và các đại diện tầng lớp khác mà tham gia vào chính sách của đế chế",True,False,0,0.06060606060606061,1.0,1.7283687591552734,6.586345672607422,-1.7283687591552734,SPAN_TOO_LONG
0014-0011-0002,Tại sao các công tước lại tham gia vào việc chọn công tước và hầu tước?,,"Các công tước và hầu tước trên thực tế là tự chủ nhưng lại không có chủ quyền này, công nhận vị hòang đế như là người đứng đầu đế chế",False,False,0,0.0,1.0,1.390505313873291,7.096137523651123,-1.390505313873291,UNANSWERABLE_FALSE_POSITIVE
0014-0011-0003,Những người có chức quyền trong đế quốc phải tuân theo gì?,"các đạo luật đế chế, tòa án đế chế và các nghị quyết của quốc hội đế chế",,True,True,0,0.0,1.0,4.971200466156006,3.7992892265319824,-4.971200466156006,ANSWERABLE_PREDICTED_EMPTY
0014-0011-0004,Đế quốc La Mã Thần Thánh bao gồm những gì?,"bao trùm nhiều lãnh thổ như một ""liên hiệp"" và tạo ra khuôn khổ luật lệ cho cuộc chung sống của những vị lãnh chúa",,True,True,0,0.0,1.0,3.83491849899292,4.8392510414123535,-3.83491849899292,ANSWERABLE_PREDICTED_EMPTY
0014-0011-0005,Những người đứng đầu 1 lãnh thổ là ai?,hòang đế,,True,True,0,0.0,1.0,4.00022029876709,4.810245513916016,-4.00022029876709,ANSWERABLE_PREDICTED_EMPTY
0014-0011-0006,Ai công nhận công tước và hầu tước là người đứng đầu đế chế?,,vị hòang đế,False,False,0,0.0,1.0,-1.6743221282958984,9.582748413085938,1.6743221282958984,UNANSWERABLE_FALSE_POSITIVE
0014-0011-0007,Ai công nhận là Hòang đế là người đứng đầu đế chế?,Các công tước và hầu tước,"Các công tước và hầu tước trên thực tế là tự chủ nhưng lại không có chủ quyền này, công nhận vị hòang đế",True,False,0,0.4,1.0,-0.8726520538330078,8.937471389770508,0.8726520538330078,SPAN_TOO_LONG
0014-0012-0001,Chiến tranh Ba mươi Năm bị suy giảm ở đâu?,,"Đế quốc bị tàn phá nặng nề, nhiều thành thị và vùng nông thôn bị san bằng, dân số suy giảm",False,False,0,0.0,1.0,1.6853275299072266,6.715667724609375,-1.6853275299072266,UNANSWERABLE_FALSE_POSITIVE
0014-0012-0002,Hai phe của cuộc chiến Ba mươi năm là ai?,một bên là những hòang thân người Đức và bên kia chủ yếu là Thụy Điển và Pháp,,True,True,0,0.0,1.0,3.32120418548584,5.3311872482299805,-3.32120418548584,ANSWERABLE_PREDICTED_EMPTY
0014-0012-0003,Chiến tranh Ba mươi năm có tính chất gì?,hạn chế quyền lực của Đế quốc La Mã thần Thánh,,True,True,0,0.0,1.0,3.234004497528076,5.464728832244873,-3.234004497528076,ANSWERABLE_PREDICTED_EMPTY
0014-0012-0004,Chiến tranh Ba mươi Năm xảy ra ở đâu?,lãnh thổ của người Đức,"Một lọat trận chiến trong giai đọan 1618-1648, mà các sử gia gọi là Chiến tranh Ba mươi Năm, diễn ra trên những lãnh thổ của người Đức",True,False,0,0.29411764705882354,1.0,1.4781675338745117,7.1549177169799805,-1.4781675338745117,SPAN_TOO_LONG
0014-0012-0005,Nhiều cuộc chiến tranh xảy ra trong giai đọan nào?,1618-1648,giai đọan 1618-1648,True,False,0,0.6666666666666666,1.0,-0.3361368179321289,8.623767852783203,0.3361368179321289,SPAN_TOO_LONG
0014-0012-0006,Tại sao chiến tranh Ba mươi năm xảy ra?C?,xung đột tôn giáo giữa các phe nhóm Công giáo và Tin Lành,,True,True,0,0.0,1.0,3.3085341453552246,5.383840084075928,-3.3085341453552246,ANSWERABLE_PREDICTED_EMPTY
0014-0013-0001,Hòa ước người Đức được viết năm nào?,,Hòa ước Westfalen,False,False,0,0.0,1.0,1.4334173202514648,7.3927106857299805,-1.4334173202514648,UNANSWERABLE_FALSE_POSITIVE
0014-0013-0002,Cái nôi của nền văn minh châu Âu bắt đầu từ nước nào?,châu Âu,Đức,True,False,0,0.0,1.0,0.3955516815185547,8.032261848449707,-0.3955516815185547,WRONG_SPAN
0014-0013-0003,Có bao nhiêu hòang thân người Đức được cai trị các mảnh đất nhỏ?,350,khỏang 350 mảnh đất như thế – trong khi Hòang đế chỉ có hư vị,True,False,0,0.13333333333333333,1.0,-2.9960274696350098,9.865676879882812,2.9960274696350098,SPAN_TOO_LONG
0014-0013-0004,Chiến tranh Ba mươi năm đã gây ra hậu quả gì cho đế quốc?,khiến cho đế quốc này không bao giờ hồi phục hòan tòan,Đế quốc La Mã thần Thánh của người Đức,True,False,0,0.1904761904761905,1.0,0.34866905212402344,8.28602409362793,-0.34866905212402344,SPAN_TOO_SHORT
0014-0013-0005,Có bao nhiêu Hòang đế người Đức được cai trị các mảnh đất nhỏ?,,Hòang đế chỉ có hư vị,False,False,0,0.0,1.0,-4.394523620605469,10.907968521118164,4.394523620605469,UNANSWERABLE_FALSE_POSITIVE
0014-0013-0006,Các Đế quốc La Mã được hưởng nền độc lập khi nào?,,,False,True,1,1.0,1.0,2.721555233001709,6.024927616119385,-2.721555233001709,CORRECT_NO_ANSWER
0014-0013-0007,Các thành phố được hưởng nền độc lập khi nào?,chế độ phong kiến đã ra đi,"chế độ phong kiến đã ra đi, nghệ thuật và mậu dịch phát triển, nông dân Đức có nhiều quyền tự do hơn là ở Anh và Pháp",True,False,0,0.4,1.0,-0.00656890869140625,8.336627960205078,0.00656890869140625,SPAN_TOO_LONG
0014-0013-0008,Hòa ước Westfalen được viết năm nào?,năm 1648,,True,True,0,0.0,1.0,3.009953022003174,5.791040897369385,-3.009953022003174,ANSWERABLE_PREDICTED_EMPTY
0014-0014-0001,Người Đức bắt đầu phục vụ ai?,những ông vua ti tiện,,True,True,0,0.0,1.0,6.176819801330566,2.598696708679199,-6.176819801330566,ANSWERABLE_PREDICTED_EMPTY
0014-0014-0002,Tình hình của Ba Lan sau khủng hỏang là gì?,,,False,True,1,1.0,1.0,6.2671730518341064,2.5424888134002686,-6.2671730518341064,CORRECT_NO_ANSWER
0014-0014-0003,Tình hình của đế quốc sau khủng hỏang là gì?,không bao giờ phục hồi,,True,True,0,0.0,1.0,6.304673671722412,2.463827610015869,-6.304673671722412,ANSWERABLE_PREDICTED_EMPTY
0014-0014-0004,Đức rơi vào hòan cảnh nào sau thất bại?,,,False,True,1,1.0,1.0,6.515594720840454,2.2653815746307373,-6.515594720840454,CORRECT_NO_ANSWER
0014-0014-0005,Đức rơi vào hòan cảnh nào sau chiến tranh?,"Sự chậm tiến về chính trị như thế, cộng thêm tình trạng chia rẽ và cô lập khỏi những trào lưu tư tưởng và phát triển",,True,True,0,0.0,1.0,6.656229734420776,2.124549150466919,-6.656229734420776,ANSWERABLE_PREDICTED_EMPTY
0014-0014-0006,Quân đội Đế quốc suy yếu sau sự kiện gì?,Vương công Eugène xứ Savoie qua đời,,True,True,0,0.0,1.0,2.8191843032836914,5.780591011047363,-2.8191843032836914,ANSWERABLE_PREDICTED_EMPTY
0014-0014-0007,Ai thua cuộc trong Chiến tranh Kế vị Ba Lan?,Pháp,liên quân Nga - Áo - Phổ lâm chiến với Pháp,True,False,0,0.19999999999999998,1.0,0.3262157440185547,7.874757766723633,-0.3262157440185547,SPAN_TOO_LONG
0014-0014-0008,Người Đức bắt đầu cô lập ai?,,,False,True,1,1.0,1.0,6.388880729675293,2.358539581298828,-6.388880729675293,CORRECT_NO_ANSWER
0014-0015-0001,Vua Phổ kéo quân đánh triều Habsburg vào thời gian nào?,16 tháng 12 năm 1740,,True,True,0,0.0,1.0,2.6631455421447754,5.84045934677124,-2.6631455421447754,ANSWERABLE_PREDICTED_EMPTY
0014-0015-0002,Kết quả của cuộc chinh phạt là gì?,chinh phạt tòan bộ tỉnh Silesia,,True,True,0,0.0,1.0,3.4271397590637207,5.334570407867432,-3.4271397590637207,ANSWERABLE_PREDICTED_EMPTY
0014-0015-0003,Thủ phủ của tỉnh Silesia là đâu?,Breslau,Thủ phủ của tỉnh là Breslau đã rơi vào tay vua Friedrich II.,True,False,0,0.14285714285714288,1.0,-1.0936031341552734,9.190681457519531,1.0936031341552734,SPAN_TOO_LONG
0014-0015-0004,Cuộc chiến đã khiến Áo như thế nào?,,,False,True,1,1.0,1.0,4.1466875076293945,4.488669395446777,-4.1466875076293945,CORRECT_NO_ANSWER
0014-0015-0005,Kết quả của cuộc chống trả là gì?,,,False,True,1,1.0,1.0,4.909791946411133,3.817819595336914,-4.909791946411133,CORRECT_NO_ANSWER
0014-0015-0006,Hai nước có sự chống trả lớn nhất trong đế quốc là nước nào?,,Phổ và Áo,False,False,0,0.0,1.0,1.4418435096740723,6.951523303985596,-1.4418435096740723,UNANSWERABLE_FALSE_POSITIVE
0014-0015-0007,Hai nước có mối thù lớn nhất trong đế quốc là nước nào?,Phổ và Áo,Phổ và Áo,True,False,1,1.0,1.0,0.9839730262756348,7.34396505355835,-0.9839730262756348,CORRECT
0014-0015-0008,Vua Áo kéo quân đánh triều Habsburg vào thời gian nào?,,,False,True,1,1.0,1.0,3.673128128051758,4.91525936126709,-3.673128128051758,CORRECT_NO_ANSWER
0014-0015-0009,Cuộc chiến đã khiến Phổ như thế nào?,đưa nước Phổ lên hàng liệt cường,,True,True,0,0.0,1.0,5.37731146812439,3.2770559787750244,-5.37731146812439,ANSWERABLE_PREDICTED_EMPTY
0014-0016-0001,Kết cục cuối cùng của Vương triều Habsburg là gì?,Vương triều Habsburg đã kiệt quệ,vua Friedrich II Đại Đế giữ được nước thì Vương triều Habsburg đã kiệt quệ,True,False,0,0.5714285714285715,1.0,1.6598186492919922,6.997140884399414,-1.6598186492919922,SPAN_TOO_LONG
0014-0016-0002,Ai chiến thắng trong trận chiến Pháp và Áo?,,,False,True,1,1.0,1.0,4.662937641143799,3.998563289642334,-4.662937641143799,CORRECT_NO_ANSWER
0014-0016-0003,"Với sự phát triển của Phổ, Áo phải làm gì?",phải thiết lập liên minh với Đế quốc Nga và Pháp,nước Áo phải thiết lập liên minh với Đế quốc Nga và Pháp,True,False,0,0.9166666666666666,1.0,-1.4235916137695312,9.527542114257812,1.4235916137695312,SPAN_TOO_LONG
0014-0016-0004,Friedrich II đã hành động như thế nào khi hiểu lầm?,xua quân đánh xứ Sachsen (1756),,True,True,0,0.0,1.0,4.024039268493652,4.781004905700684,-4.024039268493652,ANSWERABLE_PREDICTED_EMPTY
0014-0016-0005,Liên quân chống Phổ hợp tác với ai trong cuộc chiến tranh Bảy năm?,Thụy Điển,Liên quân chống Phổ còn lôi kéo được cả quân Thụy Điển,True,False,0,0.2857142857142857,1.0,-1.9456934928894043,9.902290344238281,1.9456934928894043,SPAN_TOO_LONG
0014-0016-0006,Ai chiến thắng trong trận chiến Bảy năm?,Phổ,Liên quân chống Phổ còn lôi kéo được cả quân Thụy Điển,True,False,0,0.15384615384615385,1.0,0.8986778259277344,7.654273986816406,-0.8986778259277344,SPAN_TOO_LONG
0014-0017-0001,Liên minh các Vương hầu có ý nghĩa gì đối với họ?,bảo vệ được họ thóat khỏi những tham vọng của đương kim Hòang đế,,True,True,0,0.0,1.0,2.1328020095825195,6.700087547302246,-2.1328020095825195,ANSWERABLE_PREDICTED_EMPTY
0014-0017-0002,Joseph II hủy diệt vị vua nào?,,,False,True,1,1.0,1.0,3.4807910919189453,5.339465141296387,-3.4807910919189453,CORRECT_NO_ANSWER
0014-0017-0003,Tại sao triều đình Habsburg phải chia cắt?,,Triều đình Habsburg phải tiến hành cải cách,False,False,0,0.0,1.0,1.7420597076416016,7.030000686645508,-1.7420597076416016,UNANSWERABLE_FALSE_POSITIVE
0014-0017-0004,Liên minh các Vương hầu được cải cách với lí do gì?,,,False,True,1,1.0,1.0,3.2477540969848633,5.577286720275879,-3.2477540969848633,CORRECT_NO_ANSWER
0014-0017-0005,Tại sao triều đình Habsburg phải cải cách?,"Với thất bại của nền quân chủ Habsburg trong các cuộc chiến tranh nêu trên, và sự phát triển lớn mạnh của nền quân chủ Phổ","Với thất bại của nền quân chủ Habsburg trong các cuộc chiến tranh nêu trên, và sự phát triển lớn mạnh của nền quân chủ Phổ",True,False,1,1.0,1.0,0.18569469451904297,8.404053688049316,-0.18569469451904297,CORRECT
0014-0017-0006,Liên minh các Vương hầu được thành lập với lí do gì?,Khi Hòang đế Joseph II lại muốn chiếm xứ Bayern vào thập niên 1780,"Liên minh các Vương hầu"" (1785) với các Vương hầu người Đức trong Đế quốc La Mã Thần Thánh",True,False,0,0.06060606060606061,1.0,0.534881591796875,8.227296829223633,-0.534881591796875,SPAN_TOO_LONG
0014-0017-0007,Hình ảnh vua Friedrich II trong mắt người dân như thế nào?,rất được lòng nhân dân Phổ,,True,True,0,0.0,1.0,5.557294845581055,3.383329391479492,-5.557294845581055,ANSWERABLE_PREDICTED_EMPTY
0014-0017-0008,Joseph II noi gương theo vị vua nào?,đương kim Quốc vương Friedrich II Đại Đế nước Phổ,Hòang đế Joseph II có mong muốn biến nền quân chủ Habsburg thành một quốc gia thống nhất. Ông ta cũng nhiệt huyết noi theo những cải cách của đương kim Quốc vương Friedrich II Đại Đế nước Phổ,True,False,0,0.4081632653061224,1.0,0.054533958435058594,8.450403213500977,-0.054533958435058594,SPAN_TOO_LONG
0015-0001-0001,Những đế quốc du mục nào từng thống trị vùng đất Mông Cổ ngày nay?,"Hung Nô, Tiên Ti, Nhu Nhiên","Hung Nô, Tiên Ti, Nhu Nhiên",True,False,1,1.0,1.0,1.6539673805236816,7.0369486808776855,-1.6539673805236816,CORRECT
0015-0001-0002,Vào năm nào thì Thành Cát Tư Hãn được ra đời?,,,False,True,1,1.0,1.0,2.4225354194641113,6.2653632164001465,-2.4225354194641113,CORRECT_NO_ANSWER
0015-0001-0003,Kỷ lục nào dành cho Đế quốc Mông Cổ?,đế quốc lục địa liền kề lớn nhất trong lịch sử nhân lọai,,True,True,0,0.0,1.0,4.8841872215271,4.015621662139893,-4.8841872215271,ANSWERABLE_PREDICTED_EMPTY
0015-0001-0004,Người lập ra nhà Nguyên chinh phục miền nam Trung Quốc có mối quan hệ gì với Thành Cát Tư Hãn?,Cháu nội,Cháu nội của ông là Hốt Tất Liệt,True,False,0,0.4,1.0,0.15523147583007812,8.118148803710938,-0.15523147583007812,SPAN_TOO_LONG
0015-0001-0005,Trong thời kỳ nào sau khi nhà Nguyên sụp đổ thì Mông Cổ được nằm trong sự ổn định?,thời kỳ Đạt Diên Hãn và Trát Tát Khắc Đồ Hãn,"người Mông Cổ triệt thóai về Mông Cổ và lại tiếp tục xung đột phe phái như trước, ngọai trừ trong thời kỳ Đạt Diên Hãn và Trát Tát Khắc Đồ Hãn",True,False,0,0.5116279069767442,1.0,1.1185541152954102,7.402756690979004,-1.1185541152954102,SPAN_TOO_LONG
0015-0001-0006,Ông nội của Hốt Tất Liệt có công lớn gì đối với Mông Cổ?,lập ra Đế quốc Mông Cổ,,True,True,0,0.0,1.0,2.647054672241211,6.124977111816406,-2.647054672241211,ANSWERABLE_PREDICTED_EMPTY
0015-0001-0007,Vào năm nào thì Đế quốc Mông Cổ được ra đời?,Năm 1206,,True,True,0,0.0,1.0,2.4430432319641113,6.2244086265563965,-2.4430432319641113,ANSWERABLE_PREDICTED_EMPTY
0015-0002-0001,Mông Cổ đã bắt đầu xuất hiện Phật giáo Tây Tạng kể từ thời gian nào?,thế kỷ XVI,,True,True,0,0.0,1.0,3.186062812805176,5.6506452560424805,-3.186062812805176,ANSWERABLE_PREDICTED_EMPTY
0015-0002-0002,Ngọai Mông Cổ đã được sự trợ giúp từ nước nào để độc lập khỏi Trung Quốc?,Liên Xô,"Trung Hoa Dân Quốc. Ngay sau đó, quốc gia nằm dưới quyền kiểm sóat của Liên Xô",True,False,0,0.21052631578947367,1.0,-0.21959304809570312,8.291788101196289,0.21959304809570312,SPAN_TOO_LONG
0015-0002-0003,Ngọai Mông Cổ đã tuyên bố độc lập sau khi sự kiện nào đã diễn ra?,Sau khi nhà Thanh sụp đổ vào năm 1911,Sau khi nhà Thanh sụp đổ vào năm 1911,True,False,1,1.0,1.0,1.194645881652832,7.176312446594238,-1.194645881652832,CORRECT
0015-0002-0004,Một quốc gia vệ tinh của Liên Xô đã ra đời năm 1924 và đó là nước gì?,Cộng hòa Nhân dân Mông Cổ,Cộng hòa Nhân dân Mông Cổ,True,False,1,1.0,1.0,-5.0515336990356445,10.040924072265625,5.0515336990356445,CORRECT
0015-0002-0005,Liên Xô đã có động thái như thế nào trước sự biến động tại Đông Âu và Mông Cổ?,,"Mông Cổ tiến hành cách mạng dân chủ hòa bình vào đầu năm 1990. Kết quả là một hệ thống đa đảng, một bản hiến pháp mới năm 1992, và chuyển đổi sang kinh tế thị trường",False,False,0,0.0,1.0,-0.8918294906616211,9.096137046813965,0.8918294906616211,UNANSWERABLE_FALSE_POSITIVE
0015-0002-0006,Mông Cổ đã có động thái như thế nào trước sự biến động tại Đông Âu và Liên Xô?,tiến hành cách mạng dân chủ hòa bình vào đầu năm 1990,"Mông Cổ tiến hành cách mạng dân chủ hòa bình vào đầu năm 1990. Kết quả là một hệ thống đa đảng, một bản hiến pháp mới năm 1992, và chuyển đổi sang kinh tế thị trường",True,False,0,0.489795918367347,1.0,-1.0711884498596191,9.036737442016602,1.0711884498596191,SPAN_TOO_LONG
0015-0002-0007,Nhà Thanh đã tuyên bố độc lập sau khi sự kiện nào đã diễn ra?,,Ngọai Mông Cổ,False,False,0,0.0,1.0,1.0432844161987305,7.474188804626465,-1.0432844161987305,UNANSWERABLE_FALSE_POSITIVE
0015-0002-0008,Đất nước châu Âu nào từng kiểm sóat Mông Cổ trong khỏang gần 70 năm?,Liên Xô,Liên Xô,True,False,1,1.0,1.0,0.47089433670043945,7.978341579437256,-0.47089433670043945,CORRECT
0015-0002-0009,Tây Tạng đã bắt đầu xuất hiện Phật giáo Mông Cổ kể từ thời gian nào?,,,False,True,1,1.0,1.0,3.044853687286377,5.786527156829834,-3.044853687286377,CORRECT_NO_ANSWER
0015-0003-0001,Thông qua điều gì mà có thể chứng minh được sinh họat du mục cưỡi ngựa?,các bằng chứng khảo cổ học tại Mông Cổ trong văn hóa Afanasevo (3500–2500 TCN) thời đại đồ đồng đá và thời đại đồ đồng,các bằng chứng khảo cổ học tại Mông Cổ trong văn hóa Afanasevo (3500–2500 TCN) thời đại đồ đồng đá và thời đại đồ đồng,True,False,1,1.0,1.0,-2.325162410736084,9.675277709960938,2.325162410736084,CORRECT
0015-0003-0002,Nền văn hóa Okunev tại Mông Cổ đã xuất hiện trong khỏang thời gian nào?,hiên niên kỷ 2 TCN,văn hóa Afanasevo (3500–2500 TCN) thời đại đồ đồng đá và thời đại đồ đồng,True,False,0,0.09523809523809523,1.0,-0.5465011596679688,9.112564086914062,0.5465011596679688,SPAN_TOO_LONG
0015-0003-0003,Niên đại của các xe có bánh được phát hiện là từ năm nào?,năm 2200 TCN,Phát hiện xe có bánh tại các mộ táng thuộc văn hóa Afanasevo có niên đại trước năm 2200 TCN,True,False,0,0.2608695652173913,1.0,-0.19410228729248047,8.756852149963379,0.19410228729248047,SPAN_TOO_LONG
0015-0003-0004,Cực đại của sự phát triển của sinh họat du mục và gia công kim lọai là vào thời kỳ của đế quốc nào?,Đế quốc Hung Nô,Đế quốc Hung Nô thuộc thời đại đồ sắt,True,False,0,0.6153846153846153,1.0,-1.6997833251953125,10.116140365600586,1.6997833251953125,SPAN_TOO_LONG
0015-0003-0005,Thông qua điều gì mà có thể chứng minh được sinh họat du mục biết khảo cổ?,,văn hóa Afanasevo (3500–2500 TCN) thời đại đồ đồng đá và thời đại đồ đồng,False,False,0,0.0,1.0,-0.33051300048828125,8.545724868774414,0.33051300048828125,UNANSWERABLE_FALSE_POSITIVE
0015-0003-0006,"Khác với thời đại đồ đồng đá và đồ đồng, người Mông Cổ thời đại đồ sắt có thêm sinh họat nào của phát triển mạnh?",gia công kim,Sinh họat du mục cưỡi ngựa,True,False,0,0.0,1.0,-3.133577346801758,10.376784324645996,3.133577346801758,WRONG_SPAN
0015-0003-0007,Những nơi nào từ khỏang 5500-3500 TCN đã có các khu định cư nông nghiệp?,"Norovlin, Tamsagbulag, Bayanzag, và Rashaan Khad","Norovlin, Tamsagbulag, Bayanzag, và Rashaan Khad",True,False,1,1.0,1.0,-3.744696617126465,10.977029800415039,3.744696617126465,CORRECT
0015-0004-0001,Thời đại của các đế quốc du mục đã được báo hiệu bằng điều gì?,Các cuộc xâm phạm của các dân tộc chăn nuôi gia súc ở phương bắc vào Trung Quốc trong thời nhà Thương và nhà Chu,Các cuộc xâm phạm của các dân tộc chăn nuôi gia súc ở phương bắc vào Trung Quốc trong thời nhà Thương và nhà Chu,True,False,1,1.0,1.0,-0.4066486358642578,8.901554107666016,0.4066486358642578,CORRECT
0015-0004-0002,Mông Cổ trở thành trung tâm chính trị của Thảo nguyên Âu-Á kể từ khi nào?,Khi sinh họat du mục cưỡi ngựa được đưa đến Mông Cổ,sinh họat du mục cưỡi ngựa,True,False,0,0.6666666666666666,1.0,-3.773775577545166,10.405302047729492,3.773775577545166,SPAN_TOO_SHORT
0015-0004-0003,Người Scythia vào thời kỳ đồ đồng đã định cư tại khu vực nào của Mông Cổ?,miền tây Mông Cổ,Người Tochari (Nguyệt Chi) và người Scythia cư trú tại miền tây Mông Cổ,True,False,0,0.4444444444444445,1.0,-1.3535547256469727,9.402758598327637,1.3535547256469727,SPAN_TOO_LONG
0015-0004-0004,Người Scythia vào thời kỳ đồ đồng đã định cư tại khu vực nào của Trung Quốc?,,miền tây Mông Cổ,False,False,0,0.0,1.0,-0.0715341567993164,8.301831245422363,0.0715341567993164,UNANSWERABLE_FALSE_POSITIVE
0015-0004-0005,Thi thể chiến binh Scythia có niên đại 2.500 năm được tìm thấy ở đâu?,dãy núi Altai,Xác một chiến binh Scythia phát hiện tại dãy núi Altai của Mông Cổ,True,False,0,0.35294117647058826,1.0,-2.629465103149414,9.959916114807129,2.629465103149414,SPAN_TOO_LONG
0015-0004-0006,Người Scythia xuất hiện cách đây ít nhất bao lâu?,2.500 năm,,True,True,0,0.0,1.0,2.32548189163208,6.328135967254639,-2.32548189163208,ANSWERABLE_PREDICTED_EMPTY
0015-0004-0007,Tại khu vực miền tây Mông Cổ là nơi của người thuộc chủng nào sinh sống vào thời đại đồ đồng đá?,Mongoloid,Người Tochari (Nguyệt Chi) và người Scythia,True,False,0,0.0,1.0,-3.533999443054199,10.189648628234863,3.533999443054199,WRONG_SPAN
0015-0005-0001,Đế quốc nào đã cai quản vùng đất Mông Cổ sau khi Đế quốc Hung Nô sụp đổ?,Đế quốc Tiên Ti,Đế quốc Tiên Ti,True,False,1,1.0,1.0,0.22311687469482422,8.214424133300781,-0.22311687469482422,CORRECT
0015-0005-0002,30 vạn quân Tần đã được điều đến biên giới phía bắc với sự chỉ huy của Tướng quân Mông Điềm là nhằm mục đích gì?,phòng thủ trước các cuộc tấn công hủy diệt của Hung Nô,nhằm phòng thủ trước các cuộc tấn công hủy diệt của Hung Nô,True,False,0,0.9600000000000001,1.0,-1.8022661209106445,9.717538833618164,1.8022661209106445,SPAN_TOO_LONG
0015-0005-0003,Trung Hoa đã phải làm gì trước sự lớn mạnh của Đế quốc Hung Nô?,xây Trường thành,,True,True,0,0.0,1.0,3.0799221992492676,5.591845989227295,-3.0799221992492676,ANSWERABLE_PREDICTED_EMPTY
0015-0005-0004,Lần đầu tiên đế quốc xuất hiện tại Trung Hoa là đế quốc nào?,,,False,True,1,1.0,1.0,2.867733955383301,5.800599098205566,-2.867733955383301,CORRECT_NO_ANSWER
0015-0005-0005,Lần đầu tiên đế quốc xuất hiện tại Mông Cổ là đế quốc nào?,Hung Nô,,True,True,0,0.0,1.0,2.735713481903076,5.8863043785095215,-2.735713481903076,ANSWERABLE_PREDICTED_EMPTY
0015-0005-0006,Đếquốc thứ hai xuất hiện tại khu vực Mông Cổ là gì?,Đế quốc Tiên Ti,,True,True,0,0.0,1.0,2.653379440307617,6.072654724121094,-2.653379440307617,ANSWERABLE_PREDICTED_EMPTY
0015-0005-0007,Những thể chế thường thấy tại các bang liên tại khu vực Mông Cổ vào thời tiền sử là gì?,"chức vụ hãn, Kurultai (hội đồng tối cao), tả dực và hữu dực, quân đội đế quốc (Keshig) và hệ thống quân sự theo hệ thập phân","chức vụ hãn, Kurultai (hội đồng tối cao), tả dực và hữu dực, quân đội đế quốc (Keshig) và hệ thống quân sự theo hệ thập phân",True,False,1,1.0,1.0,-4.000653266906738,10.865019798278809,4.000653266906738,CORRECT
0015-0005-0008,Đế quốc Hung Nô đã phải làm gì trước sự lớn mạnh của Trung Hoa?,,,False,True,1,1.0,1.0,2.5988011360168457,5.998311519622803,-2.5988011360168457,CORRECT_NO_ANSWER
0015-0006-0001,Người Tiên Ti có hậu duệ là người nào?,Người Khiết Đan,Người Khiết Đan,True,False,1,1.0,1.0,0.025585174560546875,8.266586303710938,-0.025585174560546875,CORRECT
0015-0006-0002,Ai là người đã đánh bại được Nhu Nhiên?,Đột Quyết,"Hãn quốc Hồi Cốt (745–840) của người Uyghur, quốc gia này bị người Kyrgyz đánh bại. Người Khiết Đan",True,False,0,0.0,1.0,1.2497644424438477,7.322632789611816,-1.2497644424438477,WRONG_SPAN
0015-0006-0003,Hãn quốc Nhu Nhiên là người gì?,người Tiên Ti,Người Khiết Đan,True,False,0,0.3333333333333333,1.0,-0.7943668365478516,8.681092262268066,0.7943668365478516,PARTIAL_SPAN
0015-0006-0004,Vào năm nào thì Panticapaeum bị bao vây bởi người Đột Quyết?,576,năm 576,True,False,0,0.6666666666666666,1.0,-2.7004942893981934,9.212024688720703,2.7004942893981934,SPAN_TOO_LONG
0015-0006-0005,Người Tiên Ti quay trở lại giành quyền thống trị Mông Cổ vào năm nào?,907,Người Khiết Đan,True,False,0,0.0,1.0,1.7568387985229492,6.805176734924316,-1.7568387985229492,WRONG_SPAN
0015-0006-0006,"Năm 576, khu vực đã bị bao vây bởi người Đột Quyết có vị trí ở đâu hiện nay?",Krym tại châu Âu,Panticapaeum nay thuộc Krym,True,False,0,0.25,1.0,-2.0853381156921387,9.897283554077148,2.0853381156921387,PARTIAL_SPAN
0015-0006-0007,"Năm 576, khu vực đã bị bao vây bởi người Uyghur có vị trí ở đâu hiện nay?",,Hãn quốc Hồi Cốt,False,False,0,0.0,1.0,-3.332106590270996,10.471209526062012,3.332106590270996,UNANSWERABLE_FALSE_POSITIVE
0015-0007-0001,Lãnh thổ của bán đảo Triều Tiên kéo dài như thế nào?,,"đế quốc kéo dài từ Ukraina hiện nay đến bán đảo Triều Tiên, và từ Siberia đến vịnh Oman và Việt Nam hiện nay",False,False,0,0.0,1.0,1.1065864562988281,7.248514175415039,-1.1065864562988281,UNANSWERABLE_FALSE_POSITIVE
0015-0007-0002,Đế quốc quốc đảo liền kề lớn nhất trong lịch sử thế giới là nước nào?,,Đế quốc Mông Cổ,False,False,0,0.0,1.0,0.1524949073791504,7.447381973266602,-0.1524949073791504,UNANSWERABLE_FALSE_POSITIVE
0015-0007-0003,Lãnh thổ của Đế quốc Mông Cổ kéo dài như thế nào?,"từ Ukraina hiện nay đến bán đảo Triều Tiên, và từ Siberia đến vịnh Oman và Việt Nam hiện nay","đế quốc kéo dài từ Ukraina hiện nay đến bán đảo Triều Tiên, và từ Siberia đến vịnh Oman và Việt Nam hiện nay",True,False,0,0.9090909090909091,1.0,1.2868399620056152,7.071267604827881,-1.2868399620056152,SPAN_TOO_LONG
0015-0007-0004,Tỷ lệ đất liền trên Trái đất từng là một phần của bán đảo Triều Tiên là bao nhiêu?,,,False,True,1,1.0,1.0,2.0460472106933594,6.549943923950195,-2.0460472106933594,CORRECT_NO_ANSWER
0015-0007-0005,Dân số của Đế quốc Mông Cổ đạt đến con số bao nhiêu?,trên 100 triệu người,,True,True,0,0.0,1.0,2.859254837036133,5.762418746948242,-2.859254837036133,ANSWERABLE_PREDICTED_EMPTY
0015-0007-0006,Những bộ lạc nào đã được Thiết Mộc Chân thống nhất?,các bộ lạc Mông Cổ nằm giữa Mãn Châu và dãy núi Altai,,True,True,0,0.0,1.0,3.552225112915039,5.118247032165527,-3.552225112915039,ANSWERABLE_PREDICTED_EMPTY
0015-0007-0007,Những bộ lạc nào đã được Ukraina thống nhất?,,,False,True,1,1.0,1.0,3.553982734680176,5.146676063537598,-3.553982734680176,CORRECT_NO_ANSWER
0015-0007-0008,Đế quốc lục địa liền kề lớn nhất trong lịch sử thế giới là nước nào?,Đế quốc Mông Cổ,Đế quốc Mông Cổ,True,False,1,1.0,1.0,-0.9665236473083496,8.202184677124023,0.9665236473083496,CORRECT
0015-0007-0009,Tỷ lệ đất liền trên Trái đất từng là một phần của Đế quốc Mông Cổ là bao nhiêu?,22%,,True,True,0,0.0,1.0,2.792996406555176,5.756989479064941,-2.792996406555176,ANSWERABLE_PREDICTED_EMPTY
0015-0007-0010,Dân số của châu Á đạt đến con số bao nhiêu?,,,False,True,1,1.0,1.0,2.0610995292663574,6.635086536407471,-2.0610995292663574,CORRECT_NO_ANSWER
0015-0007-0011,Tên thật của người đã lập nên đế quốc lục địa liền kề lớn nhất trong lịch sử thế giới là gì?,Thiết Mộc Chân,Đế quốc Mông Cổ,True,False,0,0.0,1.0,-0.7482976913452148,8.689298629760742,0.7482976913452148,WRONG_SPAN
0015-0008-0001,Vào năm nào thì nhà Nguyên đã thay thế vị trí nhà Minh?,,năm 1368,False,False,0,0.0,1.0,-1.791825294494629,8.779687881469727,1.791825294494629,UNANSWERABLE_FALSE_POSITIVE
0015-0008-0002,Lãnh thổ nào được gọi là Đại hãn quốc?,đất tổ của người Mông Cổ và Trung Quốc,"Đại hãn quốc"", bao gồm đất tổ của người Mông Cổ và Trung Quốc, đến thời Hốt Tất Liệt thì được gọi là nhà Nguyên",True,False,0,0.5294117647058824,1.0,0.45210790634155273,7.893052577972412,-0.45210790634155273,SPAN_TOO_LONG
0015-0008-0003,Kinh đô của nhà Nguyên nay thuộc tỉnh nào của Trung Quốc?,Bắc Kinh,"Đại hãn quốc"", bao gồm đất tổ của người Mông Cổ và Trung Quốc, đến thời Hốt Tất Liệt thì được gọi là nhà Nguyên",True,False,0,0.0,1.0,1.220130443572998,7.3017258644104,-1.220130443572998,WRONG_SPAN
0015-0008-0004,Nơi nào đã bị sự tàn phá bởi quân nhà Minh khi họ đuổi theo nhà Nguyên?,kinh thành Hòa Lâm,,True,True,0,0.0,1.0,3.367953300476074,5.2430009841918945,-3.367953300476074,ANSWERABLE_PREDICTED_EMPTY
0015-0008-0005,Nhà Thanh được hình thành từ hãn quốc nào?,,"Đại hãn quốc"", bao gồm đất tổ của người Mông Cổ và Trung Quốc, đến thời Hốt Tất Liệt thì được gọi là nhà Nguyên",False,False,0,0.0,1.0,0.6363630294799805,7.931490898132324,-0.6363630294799805,UNANSWERABLE_FALSE_POSITIVE
0015-0008-0006,Nơi nào được chọn làm biên giới của nhà Nguyên?,,,False,True,1,1.0,1.0,3.286877155303955,5.3819260597229,-3.286877155303955,CORRECT_NO_ANSWER
0015-0008-0007,Vào năm nào thì nhà Minh đã thay thế vị trí nhà Nguyên?,1368,năm 1368,True,False,0,0.6666666666666666,1.0,-1.7469120025634766,8.698467254638672,1.7469120025634766,SPAN_TOO_LONG
0015-0008-0008,Nơi nào được chọn làm kinh đô của nhà Nguyên?,Bắc Kinh,,True,True,0,0.0,1.0,2.1266908645629883,6.462166786193848,-2.1266908645629883,ANSWERABLE_PREDICTED_EMPTY
0015-0008-0009,Nhà Nguyên được hình thành từ hãn quốc nào?,Đại hãn quốc,Đại hãn quốc,True,False,1,1.0,1.0,-2.6985864639282227,10.036859512329102,2.6985864639282227,CORRECT
0015-0009-0001,"Vào thế kỷ XV, hậu duệ của Thành Cát Tư Hãn giành lại quyền lực từ phe nào?",người Ngõa Lạt,Dã Tiên bị ám sát vào năm 1454,True,False,0,0.0,1.0,-1.2875337600708008,8.46605110168457,1.2875337600708008,WRONG_SPAN
0015-0009-0002,Vào năm nào thì Trung Quốc đã bị tấn công bởi người Ngõa Lạt?,1449,,True,True,0,0.0,1.0,3.4002137184143066,5.067500591278076,-3.4002137184143066,ANSWERABLE_PREDICTED_EMPTY
0015-0009-0003,Người Mông Cổ vẫn cai trị tại khu vực nào khi họ bị đuổi khỏi Trung Quốc?,Bắc Nguyên,Bắc Nguyên,True,False,1,1.0,1.0,0.8128480911254883,7.821706771850586,-0.8128480911254883,CORRECT
0015-0009-0004,Đến thời điểm nào thì lợi thế đã thuộc về hậu duệ của Thành Cát Tư Hãn?,1454,dòng hậu duệ của Thành Cát Tư Hãn giành lại quyền lực,True,False,0,0.0,1.0,-1.8508214950561523,9.201308250427246,1.8508214950561523,WRONG_SPAN
0015-0009-0005,Minh Anh Tông đã bị lực lượng Dã Tiên bắt trong sự kiện nào?,Thổ Mộc bảo,sự biến Thổ Mộc bảo,True,False,0,0.7499999999999999,1.0,-3.295248508453369,10.682287216186523,3.295248508453369,SPAN_TOO_LONG
0015-0009-0006,Lực lượng Dã Tiên đã bị Minh Anh Tông bắt trong sự kiện nào?,,sự biến Thổ Mộc bảo,False,False,0,0.0,1.0,-2.9411778450012207,10.539875030517578,2.9411778450012207,UNANSWERABLE_FALSE_POSITIVE
0015-0009-0007,Sự tranh chấp quyền lực tại Mông Cổ với điển hình là sự tranh chấp của các thế lực nào?,dòng hậu duệ Thành Cát Tư Hãn và người Ngõa Lạt không phải hậu duệ của ông,,True,True,0,0.0,1.0,4.4134626388549805,4.451141357421875,-4.4134626388549805,ANSWERABLE_PREDICTED_EMPTY
0015-0010-0001,"Năm 1557, tu viện nào đã được thành lập?",,thành phố Hohhot nay thuộc Nội Mông,False,False,0,0.0,1.0,-1.706437110900879,9.770803451538086,1.706437110900879,UNANSWERABLE_FALSE_POSITIVE
0015-0010-0002,Sau sự kiện gì thì A Nhĩ Thản Hãn quyết định đưa phật giáo Tây Tạng đến Mông Cổ?,A Nhĩ Thản Hãn gặp Đạt Lai Lạt Ma vào năm 1578,A Nhĩ Thản Hãn gặp Đạt Lai Lạt Ma,True,False,0,0.8571428571428571,1.0,-3.4824461936950684,10.023014068603516,3.4824461936950684,SPAN_TOO_SHORT
0015-0010-0003,Tất cả dân tộc Mông Cổ đã được thống nhất vào đầu thế kỷ XVI bởi ai?,Đạt Diên Hãn và phu nhân là Mãn Đô Hải,A Nhĩ Thản Hãn của bộ lạc Thổ Mặc Đặc,True,False,0,0.10000000000000002,1.0,1.7877888679504395,7.02333402633667,-1.7877888679504395,PARTIAL_SPAN
0015-0010-0004,Sau sự kiện gì thì A Nhĩ Thản Hãn quyết định đưa phật giáo Mông Cổ đến Tây Tạng?,,A Nhĩ Thản Hãn gặp Đạt Lai Lạt Ma,False,False,0,0.0,1.0,0.128753662109375,8.189245223999023,-0.128753662109375,UNANSWERABLE_FALSE_POSITIVE
0015-0010-0005,Các tu viện đã nhận được điều gì từ các nhà qúy tộc Mông Cổ?,nắm giữ quyền lực thế tục đáng kể,,True,True,0,0.0,1.0,4.268424987792969,4.596761703491211,-4.268424987792969,ANSWERABLE_PREDICTED_EMPTY
0015-0010-0006,"Năm 1585, tu viện nào đã được thành lập?",Erdene Zuu,Tu viện Erdene Zuu,True,False,0,0.6666666666666666,1.0,-2.5670948028564453,10.075587272644043,2.5670948028564453,SPAN_TOO_LONG
0015-0010-0007,Bà nội của vị vua đất nước Mông Cổ giữa thế kỷ XVI tên là gì?,Mãn Đô Hải,A Nhĩ Thản Hãn,True,False,0,0.0,1.0,0.11702442169189453,8.682029724121094,-0.11702442169189453,WRONG_SPAN
0015-0010-0008,Thành phố nào đã được ra đời bởi A Nhĩ Thản?,Hohhot,thành phố Hohhot nay thuộc Nội Mông,True,False,0,0.25,1.0,1.7067489624023438,6.997655868530273,-1.7067489624023438,SPAN_TOO_LONG
0015-0011-0001,Đến thời điểm nào thì tòan bộ Mông Cổ hiện nay đều thuộc nhà Thanh?,Người Khách Nhĩ Khách cuối cùng quy phục nhà Thanh vào năm 1691,"Người Khách Nhĩ Khách cuối cùng quy phục nhà Thanh vào năm 1691, đến lúc này tòan bộ Mông Cổ ngày nay thuộc quyền cai trị của nhà Thanh",True,False,0,0.6190476190476191,1.0,-2.016839027404785,10.02706241607666,2.016839027404785,SPAN_TOO_LONG
0015-0011-0002,Nhà Thanh có các cuộc đối đầu với người Mãn để làm gì?,,,False,True,1,1.0,1.0,3.3799800872802734,5.191080093383789,-3.3799800872802734,CORRECT_NO_ANSWER
0015-0011-0003,Lâm Đan Hãn có các cuộc đối đầu với người Mãn để làm gì?,tranh nhau cướp bóc các thành thị của Trung Quốc,nhằm tranh nhau cướp bóc các thành thị của Trung Quốc,True,False,0,0.9523809523809523,1.0,-0.9935007095336914,8.63768196105957,0.9935007095336914,SPAN_TOO_LONG
0015-0011-0004,Dịch bênh và chiến tranh đã giết chết bao nhiêu người Chuẩn Cát Nhĩ?,60 vạn hoặc hơn,,True,True,0,0.0,1.0,2.8063735961914062,5.832201957702637,-2.8063735961914062,ANSWERABLE_PREDICTED_EMPTY
0015-0011-0005,Nơi mà nhà Thanh thực hiện cuộc chinh phục và tiêu diệt những người Chuẩn Cát Nhĩ cuối cùng là ở đâu hiện nay?,Tân Cương,tòan bộ Mông Cổ,True,False,0,0.0,1.0,1.286890983581543,7.4349260330200195,-1.286890983581543,WRONG_SPAN
0015-0011-0006,Người nào đã khai sinh ra nhà Thanh?,người Mãn,Người Khách Nhĩ Khách,True,False,0,0.3333333333333333,1.0,1.6681747436523438,7.024946212768555,-1.6681747436523438,SPAN_TOO_LONG
0015-0012-0001,Trung Quốc có tất cả bao nhiêu tu viện tính đến năm 1911?,,,False,True,1,1.0,1.0,1.8185033798217773,6.5755720138549805,-1.8185033798217773,CORRECT_NO_ANSWER
0015-0012-0002,Bằng cách nào để nhà Thanh cai trị Ngọai Mông đến năm 1911?,"duy trì quyền cai trị Ngọai Mông thông qua một lọat liên minh và thông hôn, cũng như các phương thức quân sự và kinh tế",một lọat liên minh và thông hôn,True,False,0,0.42424242424242425,1.0,-1.0269241333007812,9.406841278076172,1.0269241333007812,SPAN_TOO_SHORT
0015-0012-0003,Dân du mục nghèo khổ ngày càng gia tăng là do điều gì?,"Thái độ của giới qúy tộc Mông Cổ, cùng với hành động cho vay nặng lãi của các thương nhân Trung Quốc, cùng thu thuế bằng vàng thay vì động vật",Thái độ của giới qúy tộc Mông Cổ,True,False,0,0.41025641025641024,1.0,-1.4514923095703125,9.70779037475586,1.4514923095703125,SPAN_TOO_SHORT
0015-0012-0004,Tỷ lệ tăng nhân trong dân số Ngọai Mông là bao nhiêu vào năm 1911?,21%,115.000 tăng nhân tại đó chiếm đến 21% dân số,True,False,0,0.16666666666666669,1.0,-0.06815910339355469,8.330461502075195,0.06815910339355469,SPAN_TOO_LONG
0015-0012-0005,Giới vương công như thế nào trong suốt thế kỷ XIX?,tăng cường quyền đại diện song lại ít chịu trách nhiệm hơn đối với thần dân của mình,giới vương công tăng cường quyền đại diện,True,False,0,0.3846153846153846,1.0,-2.6028952598571777,10.264891624450684,2.6028952598571777,SPAN_TOO_SHORT
0015-0012-0006,Ngọai Mông có tất cả bao nhiêu tu viện tính đến năm 1911?,700 tu viện,tu viện lớn nhỏ tại Ngọai Mông,True,False,0,0.4,1.0,1.4451675415039062,6.7876739501953125,-1.4451675415039062,SPAN_TOO_LONG
0015-0013-0001,Cách nào đã được Mông Cổ sử dụng để thành lập chế độ cộng sản tại Liên Xô?,,Liên Xô lập ra một chế độ cộng sản tại Mông Cổ bằng cách tiêu diệt những người liên Mông Cổ,False,False,0,0.0,1.0,-0.800300121307373,8.613381385803223,0.800300121307373,UNANSWERABLE_FALSE_POSITIVE
0015-0013-0002,"Vào năm 1928, ai là người đã lên nằm quyền Cộng hòa Nhân dân Mông Cổ?",Khorloogiin Choibalsan,Khorloogiin Choibalsan,True,False,1,1.0,1.0,-3.2841453552246094,10.207237243652344,3.2841453552246094,CORRECT
0015-0013-0003,Chủ nghĩa mà những người lãnh đạo ban đầu của Liên Xô theo là gì?,,chủ nghĩa liên Mông Cổ,False,False,0,0.0,1.0,-0.04927539825439453,8.362690925598145,0.04927539825439453,UNANSWERABLE_FALSE_POSITIVE
0015-0013-0004,Sau khi Bogd Khaan qua đời thì đất nước nào đã thành lập tại Liên Xô?,,Nước Cộng hòa Nhân dân Mông Cổ,False,False,0,0.0,1.0,0.36328792572021484,8.117870330810547,-0.36328792572021484,UNANSWERABLE_FALSE_POSITIVE
0015-0013-0005,Những nguyên nhân được đưa ra lý giải cho cái chết của Bogd Khaan là gì?,"ung thư thanh quản, hoặc theo một số nguồn là dưới tay các điệp viên Liên Xô",,True,True,0,0.0,1.0,4.840730667114258,3.990046501159668,-4.840730667114258,ANSWERABLE_PREDICTED_EMPTY
0015-0013-0006,Sau khi Bogd Khaan qua đời thì đất nước nào đã thành lập tại Mông Cổ?,Cộng hòa Nhân dân Mông Cổ,Nước Cộng hòa Nhân dân Mông Cổ,True,False,0,0.923076923076923,1.0,0.6479172706604004,7.9376540184021,-0.6479172706604004,SPAN_TOO_LONG
0015-0013-0007,Chủ nghĩa mà những người lãnh đạo ban đầu của Cộng hòa Nhân dân Mông Cổ theo là gì?,chủ nghĩa liên Mông Cổ,chủ nghĩa liên Mông Cổ,True,False,1,1.0,1.0,-2.095444679260254,9.705343246459961,2.095444679260254,CORRECT
0015-0013-0008,Cách nào đã được Liên Xô sử dụng để thành lập chế độ cộng sản tại Mông Cổ?,tiêu diệt những người liên Mông Cổ,Liên Xô lập ra một chế độ cộng sản tại Mông Cổ bằng cách tiêu diệt những người liên Mông Cổ,True,False,0,0.5,1.0,-2.3599367141723633,9.494241714477539,2.3599367141723633,SPAN_TOO_LONG
0015-0014-0001,Kiểu thanh trừng nào đã được bắt đầu sử dụng vào năm 1937 tại Liên Xô?,,Thanh trừng kiểu Stalin,False,False,0,0.0,1.0,-3.4855446815490723,10.042985916137695,3.4855446815490723,UNANSWERABLE_FALSE_POSITIVE
0015-0014-0002,Người Mông Cổ đã nói điều gì quan trọng hơn so với Bohumír Šmeral?,,"Nhân dân Mông Cổ không quan trọng, đất mới quan trọng. Đất Mông Cổ lớn hơn Anh, Pháp và Đức""",False,False,0,0.0,1.0,-1.0904273986816406,9.11239242553711,1.0904273986816406,UNANSWERABLE_FALSE_POSITIVE
0015-0014-0003,Kết quả dành cho những người lãnh đạo Mông Cổ không chịu thi hành khủng bố Nga theo lệnh người Mông Cổ là gì?,,cựu chủ tịch và thủ tướng Peljidiin Genden và cựu thủ tướng Anandyn Amar,False,False,0,0.0,1.0,-0.17495441436767578,8.63760757446289,0.17495441436767578,UNANSWERABLE_FALSE_POSITIVE
0015-0014-0004,Số người đã chết thông qua thanh trừng kiểu Stalin tại Mông Cổ là bao nhiêu?,30.000 người,sát hại trên 30.000 người,True,False,0,0.6666666666666666,1.0,0.7473068237304688,7.6488037109375,-0.7473068237304688,SPAN_TOO_LONG
0015-0014-0005,Kết quả dành cho những người lãnh đạo Mông Cổ không chịu thi hành khủng bố Mông Cổ theo lệnh người Nga là gì?,bị người Nga hành quyết,cựu chủ tịch và thủ tướng Peljidiin Genden và cựu thủ tướng Anandyn Amar,True,False,0,0.0,1.0,-0.26455116271972656,8.718780517578125,0.26455116271972656,WRONG_SPAN
0015-0014-0006,Kiểu thanh trừng nào đã được bắt đầu sử dụng vào năm 1937 tại Mông Cổ?,Stalin,Thanh trừng kiểu Stalin,True,False,0,0.4,1.0,-3.7550973892211914,10.110666275024414,3.7550973892211914,SPAN_TOO_LONG
0015-0014-0007,Bohumír Šmeral đã nói điều gì quan trọng hơn so với người Mông Cổ?,"Nhân dân Mông Cổ không quan trọng, đất mới quan trọng","""Nhân dân Mông Cổ không quan trọng, đất mới quan trọng. Đất Mông Cổ lớn hơn Anh, Pháp và Đức""",True,False,0,0.7096774193548387,1.0,-1.1147193908691406,9.153524398803711,1.1147193908691406,SPAN_TOO_LONG
0015-0014-0008,Số người theo Stalin đã chết thông qua thanh trừng tại Mông Cổ là bao nhiêu?,,,False,True,1,1.0,1.0,3.3136157989501953,5.410646438598633,-3.3136157989501953,CORRECT_NO_ANSWER
0015-0014-0009,Vì sao mà người Buryat bị ngăn chặn bởi người Nga vào năm 1930 khi họ di cư đến Mông Cổ?,đề phòng tái thống nhất liên Mông Cổ,nhằm đề phòng tái thống nhất liên Mông Cổ,True,False,0,0.9411764705882353,1.0,-3.6869301795959473,10.25985336303711,3.6869301795959473,SPAN_TOO_LONG
0015-0015-0001,Hội nghị Yalta vào tháng 2 năm 1945 đã quy định điều gì?,Liên Xô tham gia Chiến tranh Thái Bình Dương,Liên Xô tham gia Chiến tranh Thái Bình Dương,True,False,1,1.0,1.0,0.467864990234375,7.692207336425781,-0.467864990234375,CORRECT
0015-0015-0002,Cuộc bầu cử diễn ra vào ngày nào với kết quả tuyệt đối số phiếu dành cho độc lập?,ngày 20 tháng 10 năm 1945,,True,True,0,0.0,1.0,2.37460994720459,6.088261604309082,-2.37460994720459,ANSWERABLE_PREDICTED_EMPTY
0015-0015-0003,Trung Quốc đã liên kết với nước nào trong Chia rẽ Trung-Xô?,,Mông Cổ liên kết vững chắc với Liên Xô,False,False,0,0.0,1.0,-1.3231544494628906,8.84984302520752,1.3231544494628906,UNANSWERABLE_FALSE_POSITIVE
0015-0015-0004,Sự công nhận lẫn nhau giữa Đài Loan và Cộng hòa Nhân dân Trung Hoa đã diễn ra vào ngày nào?,,họ và Mông Cổ xác nhận công nhận lẫn nhau vào ngày 6 tháng 10 năm 1949,False,False,0,0.0,1.0,-0.9977827072143555,8.28475570678711,0.9977827072143555,UNANSWERABLE_FALSE_POSITIVE
0015-0015-0005,Sự công nhận lẫn nhau giữa Mông Cổ và Cộng hòa Nhân dân Trung Hoa đã diễn ra vào ngày nào?,ngày 6 tháng 10 năm 1949,ngày 6 tháng 10 năm 1949,True,False,1,1.0,1.0,-1.9955482482910156,8.514893531799316,1.9955482482910156,CORRECT
0015-0015-0006,Nguyên nhân những nổ lực mà Mông Cổ đã bỏ ra nhưng mãi đến năm 1960 mới giành được ghế thành viên tại Liên Hiệp Quốc là gì?,Hoa Kỳ và Trung Hoa Dân Quốc tại Đài Loan phủ quyết,nhiều nỗ lực trước đó thất bại do Hoa Kỳ và Trung Hoa Dân Quốc tại Đài Loan phủ quyết,True,False,0,0.7499999999999999,1.0,-0.2745332717895508,8.361284255981445,0.2745332717895508,SPAN_TOO_LONG
0015-0015-0007,Cuộc bầu cử diễn ra vào ngày nào với kết quả tuyệt đối số phiếu dành cho Liên Xô?,,,False,True,1,1.0,1.0,2.5192084312438965,6.085297107696533,-2.5192084312438965,CORRECT_NO_ANSWER
0015-0015-0008,Mông Cổ đã liên kết với nước nào trong Chia rẽ Trung-Xô?,Liên Xô,Mông Cổ liên kết vững chắc với Liên Xô,True,False,0,0.3636363636363636,1.0,-1.9899330139160156,9.361985206604004,1.9899330139160156,SPAN_TOO_LONG
0015-0016-0001,Các địch thủ chính trị của Yumjaagiin Tsedenbal đã bị ông tiêu diệt với sự hỗ trợ từ nước nào?,Liên Xô,Liên Xô hỗ trợ hòan tòan,True,False,0,0.5,1.0,-1.050027847290039,9.000608444213867,1.050027847290039,SPAN_TOO_LONG
0015-0016-0002,Quốc hội đã làm gì khi tình trạnh sức khỏe của Yumjaagiin Tsedenbal có tình trạng rất xấu?,tuyên bố ông nghỉ hưu và thay thế ông bằng Jambyn Batmönkh,quốc hội tuyên bố ông nghỉ hưu và thay thế ông bằng Jambyn Batmönkh,True,False,0,0.923076923076923,1.0,-3.0479345321655273,9.705329895019531,3.0479345321655273,SPAN_TOO_LONG
0015-0016-0003,Mong muốn của Liên Xô là giúp cho Mông Cổ có mối quan hệ mật thiết hơn với nước nào?,,,False,True,1,1.0,1.0,1.9508042335510254,6.600244998931885,-1.9508042335510254,CORRECT_NO_ANSWER
0015-0016-0004,Mong muốn của Yumjaagiin Tsedenbal là giúp cho Mông Cổ có mối quan hệ mật thiết hơn với nước nào?,Liên Xô,Liên Xô,True,False,1,1.0,1.0,-0.06735038757324219,8.0574312210083,0.06735038757324219,CORRECT
0015-0016-0005,Ai là người đứng đầu Mông Cổ kể từ ngày 26 tháng 1 năm 1952?,Yumjaagiin Tsedenbal,Yumjaagiin Tsedenbal,True,False,1,1.0,1.0,-0.5808696746826172,8.940240859985352,0.5808696746826172,CORRECT
0015-0016-0006,Đã bao nhiêu lần Yumjaagiin Tsedenbal đệ trình kế họach hợp nhất Mông Cổ và Liên Xô trong suốt thời gian ông cầm quyền?,năm đến tám lần,,True,True,0,0.0,1.0,2.514129161834717,5.910437107086182,-2.514129161834717,ANSWERABLE_PREDICTED_EMPTY
0015-0016-0007,Quốc hội đã làm gì khi tình trạnh sức khỏe của Jambyn Batmönkh có tình trạng rất xấu?,,quốc hội tuyên bố ông nghỉ hưu,False,False,0,0.0,1.0,-3.0391879081726074,9.675530433654785,3.0391879081726074,UNANSWERABLE_FALSE_POSITIVE
0015-0017-0001,Những vấn đề nào mà Trung Quốc phải đối mặt vào những năm đầu của thập niên 1990?,,,False,True,1,1.0,1.0,2.7495126724243164,5.752739906311035,-2.7495126724243164,CORRECT_NO_ANSWER
0015-0017-0002,APEC là tên viết tắt của tổ chức nào?,Diễn đàn Hợp tác Kinh tế châu Á - Thái Bình Dương,Diễn đàn Hợp tác châu Á (ACD,True,False,0,0.6666666666666665,1.0,0.6374568939208984,7.753451347351074,-0.6374568939208984,SPAN_TOO_SHORT
0015-0017-0003,Những điều gì tại Mông Cổ đã bị tác động bởi sự tan rã của Liên Xô?,chính trường và thanh niên Mông Cổ,,True,True,0,0.0,1.0,3.3921475410461426,5.190070629119873,-3.3921475410461426,ANSWERABLE_PREDICTED_EMPTY
0015-0017-0004,Tổ chức nào mà Trung Quốc được trao cho vị trí quan sát viên?,,Tổ chức Hợp tác Thượng Hải,False,False,0,0.0,1.0,-2.64523983001709,9.0426025390625,2.64523983001709,UNANSWERABLE_FALSE_POSITIVE
0015-0017-0005,Những vấn đề nào mà Mông Cổ phải đối mặt vào những năm đầu của thập niên 1990?,lạm phát cao và thiếu hụt thực phẩm,,True,True,0,0.0,1.0,1.8436646461486816,6.607715129852295,-1.8436646461486816,ANSWERABLE_PREDICTED_EMPTY
0015-0017-0006,Tổ chức nào mà Mông Cổ được trao cho vị trí quan sát viên?,Tổ chức Hợp tác Thượng Hải,Tổ chức Hợp tác Thượng Hải,True,False,1,1.0,1.0,-2.438138961791992,8.992212295532227,2.438138961791992,CORRECT
0015-0017-0007,APEC là tên bí mật của tổ chức nào?,,Diễn đàn Hợp tác châu Á (ACD,False,False,0,0.0,1.0,0.7933521270751953,7.65898323059082,-0.7933521270751953,UNANSWERABLE_FALSE_POSITIVE
0015-0017-0008,Điều gì đã được sinh ra nhờ vào cuộc cách mạng dân chủ hòa bình năm 1990?,hệ thống đa đảng và kinh tế thị trường,hệ thống đa đảng và kinh tế thị trường,True,False,1,1.0,1.0,-2.3267393112182617,9.944185256958008,2.3267393112182617,CORRECT
0015-0018-0001,"Năm 2008, Đảng Nhân dân Cách mạng Mông Cổ đã thành lập tổ chức nào?",chính phủ liên minh với Đảng Dân chủ,Đảng Nhân dân Cách mạng Mông Cổ thành lập một chính phủ liên minh với Đảng Dân chủ,True,False,0,0.6153846153846153,1.0,-0.5736532211303711,8.051158905029297,0.5736532211303711,SPAN_TOO_LONG
0015-0018-0002,Chính phủ của Đảng Cộng Hòa Cách mạng Mông Cổ đã được ra đời vào thời gian nào?,,,False,True,1,1.0,1.0,2.881171703338623,5.700703144073486,-2.881171703338623,CORRECT_NO_ANSWER
0015-0018-0003,"Năm 2004, cuộc bầu cử diễn ra với sự thắng lợi của đảng nào?",Đảng Nhân dân Cách mạng Mông Cổ,Đảng Nhân dân Cách mạng Mông Cổ,True,False,1,1.0,1.0,-0.7512292861938477,8.249565124511719,0.7512292861938477,CORRECT
0015-0018-0004,Vấn đề gì mà Đảng Nhân dân Cách mạng gặp phải trước sự chiến thắng của mình tại bầu cử?,các cáo buộc gian lận phiếu và các cuộc náo lọan sau đó,,True,True,0,0.0,1.0,2.784867763519287,5.559224605560303,-2.784867763519287,ANSWERABLE_PREDICTED_EMPTY
0015-0018-0005,Vị tổng thống Mông Cổ đắc cử năm 1997 và đã đắc cử một lần nữa vào năm nào?,Natsagiin Bagabandi,"Ứng cử viên của Đảng Nhân dân Cách mạng là Natsagiin Bagabandi đắc cử làm tổng thống năm 1997, và tái đắc cử vào năm 2001",True,False,0,0.14285714285714288,1.0,0.6136536598205566,7.474655628204346,-0.6136536598205566,SPAN_TOO_LONG
0015-0018-0006,Chính phủ của Đảng Nhân dân Cách mạng Mông Cổ đã được ra đời vào thời gian nào?,2008,,True,True,0,0.0,1.0,2.345513343811035,5.909026145935059,-2.345513343811035,ANSWERABLE_PREDICTED_EMPTY
0015-0018-0007,Vấn đề gì mà Đảng Nhân dân Cách mạng gặp phải trước sự chiến thắng của Đảng Dân chủ tại bầu cử?,,,False,True,1,1.0,1.0,3.1369943618774414,5.182940483093262,-3.1369943618774414,CORRECT_NO_ANSWER
0015-0019-0001,Năm 2016 thì đảng nào đã chiến thắng trong bầu cử quốc hội?,Đảng Nhân dân Mông Cổ,Đảng Nhân dân Mông Cổ,True,False,1,1.0,1.0,-2.272252082824707,8.868780136108398,2.272252082824707,CORRECT
0015-0019-0002,"Năm 2012, ai là người chiến thắng trong cuộc bầu cử tổng thống?",,Đảng Nhân dân Mông Cổ,False,False,0,0.0,1.0,-1.527604103088379,8.113866806030273,1.527604103088379,UNANSWERABLE_FALSE_POSITIVE
0015-0019-0003,"Năm 2009, ai là người chiến thắng trong cuộc bầu cử tổng thống?",Tsakhiagiin Elbegdorj,Đảng Nhân dân Mông Cổ,True,False,0,0.0,1.0,1.4575681686401367,6.381012916564941,-1.4575681686401367,WRONG_SPAN
0015-0019-0004,Đảng Nhân dân Cách mạng Mông Cổ đã thất bại trong cuộc bầu cử tổng thống năm 2009 trước đối thủ là đảng nào?,Đảng Dân chủ,Đảng Nhân dân Mông Cổ,True,False,0,0.5,1.0,-0.07054710388183594,8.165473937988281,0.07054710388183594,SPAN_TOO_LONG
0015-0019-0005,Đảng Nhân dân Mông Cổ đã đối mặt với điều gì đầu tiên vào năm 2012?,chịu thất bại lần đầu tiên lịch sử tại kỳ bầu cử địa phương,Đảng Nhân dân Mông Cổ (bỏ từ 'cách mạng' năm 2010) chịu thất bại lần đầu tiên lịch sử tại kỳ bầu cử địa phương,True,False,0,0.717948717948718,1.0,-1.9370598793029785,9.176669120788574,1.9370598793029785,SPAN_TOO_LONG
0015-0019-0006,Năm 2016 thì đảng nào đã chiến thắng trong chiến tranh quốc hội?,,Đảng Nhân dân Mông Cổ,False,False,0,0.0,1.0,-1.2457456588745117,8.51345443725586,1.2457456588745117,UNANSWERABLE_FALSE_POSITIVE
0015-0019-0007,Kể từ năm nào thì Đảng Cách mạng Nhân dân Mông Cổ đã đổi thành Đảng Nhân Dân Mông Cổ?,năm 2010,,True,True,0,0.0,1.0,1.8875017166137695,6.731484413146973,-1.8875017166137695,ANSWERABLE_PREDICTED_EMPTY
0015-0019-0008,Đảng Dân chủ Mông Cổ đã thất bại trong cuộc bầu cử tổng thống năm 2009 trước đối thủ là đảng nào?,,Đảng Nhân dân Mông Cổ,False,False,0,0.0,1.0,0.17925024032592773,7.84652853012085,-0.17925024032592773,UNANSWERABLE_FALSE_POSITIVE
0015-0020-0001,Thủ tướng là chức vụ do ai bổ nhiệm?,Tổng thống,,True,True,0,0.0,1.0,4.880785703659058,3.5217955112457275,-4.880785703659058,ANSWERABLE_PREDICTED_EMPTY
0015-0020-0002,Ai là người đề xuất nhằm bầu ra nội các?,Nhân dân,,True,True,0,0.0,1.0,3.0602145195007324,5.034254550933838,-3.0602145195007324,ANSWERABLE_PREDICTED_EMPTY
0015-0020-0003,Những đảng lớn nhất tại Mông Cổ là đảng nào?,Đảng Nhân dân Mông Cổ và Đảng Dân chủ,Đảng Nhân dân Mông Cổ và Đảng Dân chủ,True,False,1,1.0,1.0,0.5573630332946777,7.574220180511475,-0.5573630332946777,CORRECT
0015-0020-0004,"Hiện nay, Mông Cổ là nước như thế nào?","một nước cộng hòa dân chủ đại nghị bán tổng thống, theo đó tổng thống được bầu cử trực tiếp",Mông Cổ hiện nay là một nước cộng hòa dân chủ đại nghị bán tổng thống,True,False,0,0.6111111111111112,1.0,-0.5659632682800293,8.359062194824219,0.5659632682800293,SPAN_TOO_SHORT
0015-0020-0005,Quan điểm Mông Cổ là quốc gia tự do là của tổ chức nào?,Tổ chức phi chính phủ Freedom House,Mông Cổ là quốc gia tự do,True,False,0,0.0,1.0,0.11285591125488281,7.580471038818359,-0.11285591125488281,WRONG_SPAN
0015-0020-0006,Quan điểm Pháp là quốc gia tự do là của tổ chức nào?,,,False,True,1,1.0,1.0,1.9508447647094727,6.442627906799316,-1.9508447647094727,CORRECT_NO_ANSWER
0015-0020-0007,Ai là người đề xuất nhằm bầu ra bộ trưởng?,,,False,True,1,1.0,1.0,4.376150608062744,4.104407787322998,-4.376150608062744,CORRECT_NO_ANSWER
0015-0021-0001,Ai đã trở thành thủ tướng vào năm 2012?,Norovyn Altankhuyag,,True,True,0,0.0,1.0,2.4098100662231445,6.107510566711426,-2.4098100662231445,ANSWERABLE_PREDICTED_EMPTY
0015-0021-0002,Đảng nào đã chịu sự chi phối của Chính phủ liên minh trong khỏang thời gian 1996-2000?,,Đảng Dân chủ,False,False,0,0.0,1.0,-0.2803382873535156,8.057031631469727,0.2803382873535156,UNANSWERABLE_FALSE_POSITIVE
0015-0021-0003,"Năm 2018, Đảng nào đã giành chiến thắng trong cuộc bầu cử quốc hội?",,Đảng Nhân dân Mông Cổ,False,False,0,0.0,1.0,0.16716718673706055,7.858829021453857,-0.16716718673706055,UNANSWERABLE_FALSE_POSITIVE
0015-0021-0004,Trong những khỏang thời gian nào thì Đảng Nhân dân Mông Cổ thành lập chính phủ?,"từ năm 1921 đến năm 1996, và từ năm 2000 đến năm 2004",,True,True,0,0.0,1.0,3.432555675506592,5.27163553237915,-3.432555675506592,ANSWERABLE_PREDICTED_EMPTY
0015-0021-0005,Chính phủ liên minh đã chịu sự chi phối của đảng nào trong khỏang thời gian 1996-2000?,Đảng Dân chủ,Đảng Dân chủ,True,False,1,1.0,1.0,-1.222184181213379,8.69576644897461,1.222184181213379,CORRECT
0015-0021-0006,Ai đã trở thành đại tướng vào năm 2012?,,,False,True,1,1.0,1.0,3.818187713623047,4.834000587463379,-3.818187713623047,CORRECT_NO_ANSWER
0015-0021-0007,Ai là người đã thay thế Norovyn Altankhuyag vào năm 2014?,Chimediin Saikhanbileg,Chimediin Saikhanbileg,True,False,1,1.0,1.0,-2.082674980163574,9.978549003601074,2.082674980163574,CORRECT
0015-0021-0008,"Năm 2016, Đảng nào đã giành chiến thắng trong cuộc bầu cử quốc hội?",Đảng Nhân dân Mông Cổ,Đảng Nhân dân Mông Cổ,True,False,1,1.0,1.0,-1.6164207458496094,8.349411964416504,1.6164207458496094,CORRECT
0015-0021-0009,Ai là người đã thay thế Jargaltulgyn Erdenebat vào năm 2014?,,Chimediin Saikhanbileg,False,False,0,0.0,1.0,-2.0155410766601562,9.733415603637695,2.0155410766601562,UNANSWERABLE_FALSE_POSITIVE
0015-0022-0001,Những yêu cầu dành cho người có muốn trở thành Tổng thống Mông Cổ được Hiến pháp là gì?,"một người sinh ra tại Mông Cổ, ít nhất 45 tuổi, và đã sống ở Mông Cổ trong năm năm trước khi nhậm chức","phải là một người sinh ra tại Mông Cổ, ít nhất 45 tuổi, và đã sống ở Mông Cổ trong năm năm trước khi nhậm chức",True,False,0,0.9600000000000001,1.0,-0.5959806442260742,7.846156120300293,0.5959806442260742,SPAN_TOO_LONG
0015-0022-0002,Điều kiện để Tổng thống Mông Cổ có thể làm vô hiệu hóa sự ngăn cản từ nghị viên đến quyết định của họ là gì?,,"Tổng thống Mông Cổ chủ yếu có vai trò biểu tượng, nhưng có thể ngăn cản các quyết định của nghị viện",False,False,0,0.0,1.0,1.1407198905944824,6.979370594024658,-1.1407198905944824,UNANSWERABLE_FALSE_POSITIVE
0015-0022-0003,Có bao nhiêu yêu cầu dành cho một cá nhân muốn trở thành tổng thống?,ba yêu cầu,"phải là một người sinh ra tại Mông Cổ, ít nhất 45 tuổi, và đã sống ở Mông Cổ trong năm năm trước khi nhậm chức",True,False,0,0.0,1.0,-2.966218948364258,8.809738159179688,2.966218948364258,WRONG_SPAN
0015-0022-0004,Tsakhiagiin Elbegdorj đã tái đắc cử vào năm nào?,2013,"Tổng thống hiện tại là Tsakhiagiin Elbegdorj, người từng hai lần làm thủ tướng và là một thành viên của Đảng Dân chủ được bầu lên làm tổng thống năm 2009 và tái cử vào năm 2013",True,False,0,0.052631578947368425,1.0,-0.27933645248413086,7.106421947479248,0.27933645248413086,SPAN_TOO_LONG
0015-0022-0005,Có bao nhiêu yêu cầu dành cho một cá nhân muốn trở thành thủ tướng?,,"phải là một người sinh ra tại Mông Cổ, ít nhất 45 tuổi, và đã sống ở Mông Cổ trong năm năm trước khi nhậm chức",False,False,0,0.0,1.0,-2.0186820030212402,8.344526290893555,2.0186820030212402,UNANSWERABLE_FALSE_POSITIVE
0015-0022-0006,Tsakhiagiin Elbegdorj đã tái bầu cử vào năm nào?,,"Tổng thống hiện tại là Tsakhiagiin Elbegdorj, người từng hai lần làm thủ tướng và là một thành viên của Đảng Dân chủ được bầu lên làm tổng thống năm 2009 và tái cử vào năm 2013",False,False,0,0.0,1.0,-0.17187929153442383,7.273989677429199,0.17187929153442383,UNANSWERABLE_FALSE_POSITIVE
0015-0022-0007,Điều kiện để nghị viên có thể làm vô hiệu hóa sự ngăn cản từ Tổng thống Mông Cổ đến quyết định của họ là gì?,biểu quyết thuận với hơn hai phần ba số phiếu,,True,True,0,0.0,1.0,3.1412811279296875,5.142899513244629,-3.1412811279296875,ANSWERABLE_PREDICTED_EMPTY
0015-0022-0008,Tổng thống Tsakhiagiin Elbegdorj của Mông Cổ đã bao nhiêu lần giữ đại tướng?,,"Tổng thống hiện tại là Tsakhiagiin Elbegdorj, người từng hai lần làm thủ tướng",False,False,0,0.0,1.0,-0.9137821197509766,8.014141082763672,0.9137821197509766,UNANSWERABLE_FALSE_POSITIVE
0015-0022-0009,Tổng thống Tsakhiagiin Elbegdorj của Mông Cổ đã bao nhiêu lần giữ thủ tướng?,hai lần,"Tổng thống hiện tại là Tsakhiagiin Elbegdorj, người từng hai lần làm thủ tướng",True,False,0,0.25,1.0,-1.029186725616455,7.812851428985596,1.029186725616455,SPAN_TOO_LONG
0015-0023-0001,Những quốc gia mà Mông Cổ vẫn duy trì mối quan hệ thân cận và ngọai giao là những quốc gia nào?,"Hoa Kỳ, Nga, Bắc Triều Tiên và Hàn Quốc, Nhật Bản, và Cộng hòa Nhân dân Trung Hoa","Hoa Kỳ, Nga, Bắc Triều Tiên và Hàn Quốc, Nhật Bản, và Cộng hòa Nhân dân Trung Hoa",True,False,1,1.0,1.0,-3.8301901817321777,10.954179763793945,3.8301901817321777,CORRECT
0015-0023-0002,Mông Cổ đã ủng hộ cuộc xâm lược Iraq năm 2003 bằng cách nào?,nhiều lần gửi binh sĩ với số lượng mỗi lần từ 103 tới 180 quân tới Iraq,"Mông Cổ ủng hộ cuộc xâm lược Iraq năm 2003, và đã nhiều lần gửi binh sĩ với số lượng mỗi lần từ 103 tới 180 quân tới Iraq",True,False,0,0.7391304347826086,1.0,-2.0866127014160156,9.718338012695312,2.0866127014160156,SPAN_TOO_LONG
0015-0023-0003,Mục đích của việc Mông Cổ gửi một tiểu đòan đến Chad vào năm 2009 là gì?,hỗ trợ cho MINURCAT,MINURCAT,True,False,0,0.4,1.0,-0.7792854309082031,8.987375259399414,0.7792854309082031,SPAN_TOO_SHORT
0015-0023-0004,Iraq đã ủng hộ cuộc xâm lược Mông Cổ năm 2003 bằng cách nào?,,"Mông Cổ ủng hộ cuộc xâm lược Iraq năm 2003, và đã nhiều lần gửi binh sĩ với số lượng mỗi lần từ 103 tới 180 quân tới Iraq",False,False,0,0.0,1.0,-1.8526091575622559,9.749208450317383,1.8526091575622559,UNANSWERABLE_FALSE_POSITIVE
0015-0023-0005,Cuộc chiến nào mà Mông Cổ đã ủng hộ?,cuộc xâm lược Iraq,cuộc xâm lược Iraq,True,False,1,1.0,1.0,1.7208857536315918,7.026550769805908,-1.7208857536315918,CORRECT
0015-0023-0006,"Tại Afghanistan, Mông Cổ hiện nay đã triển khai bao nhiêu quân?",Khỏang 130 lính,Khỏang 130 lính,True,False,1,1.0,1.0,-1.4858274459838867,9.51504135131836,1.4858274459838867,CORRECT
0015-0024-0001,Kỷ lục nào thuộc thủ đô Ulan Bator?,nhiệt độ trung bình thấp nhất,,True,True,0,0.0,1.0,6.34735107421875,2.61544132232666,-6.34735107421875,ANSWERABLE_PREDICTED_EMPTY
0015-0024-0002,Đặc điểm mùa mưa tại Mông Cô là gì?,,,False,True,1,1.0,1.0,4.984823226928711,3.9762516021728516,-4.984823226928711,CORRECT_NO_ANSWER
0015-0024-0003,Tại Mông Cổ thì sa mạc Sahara nằm ở vị trí nào?,,,False,True,1,1.0,1.0,3.7471256256103516,5.104379653930664,-3.7471256256103516,CORRECT_NO_ANSWER
0015-0024-0004,Lượng mưa trung bình tại phía bắc Mông Cổ là bao nhiêu?,20 tới 35 centimét một năm,,True,True,0,0.0,1.0,3.6031298637390137,5.234351634979248,-3.6031298637390137,ANSWERABLE_PREDICTED_EMPTY
0015-0024-0005,Kỷ lục nào thuộc phía nam Mông Cổ?,,,False,True,1,1.0,1.0,4.905778884887695,3.993427276611328,-4.905778884887695,CORRECT_NO_ANSWER
0015-0024-0006,Lượng mưa trung bình thấp nhất tại Mông Cổ là ở đâu?,phía nam,,True,True,0,0.0,1.0,2.4945974349975586,6.277994155883789,-2.4945974349975586,ANSWERABLE_PREDICTED_EMPTY
0015-0024-0007,Tại Mông Cổ thì sa mạc Gobi nằm ở vị trí nào?,Vùng cư cực nam,Vùng cư cực nam,True,False,1,1.0,1.0,-0.05230140686035156,8.545721054077148,0.05230140686035156,CORRECT
0015-0024-0008,Đặc điểm mùa đông tại Mông Cô là gì?,dài và lạnh,,True,True,0,0.0,1.0,5.152374744415283,3.821786403656006,-5.152374744415283,ANSWERABLE_PREDICTED_EMPTY
0015-0025-0001,Khi vùng đất sa mạc bị tàn phá thì dẫn đến điều gì?,,Các vùng đất Gobi rất mong manh và dễ bị tàn phá bởi sự quá tải,False,False,0,0.0,1.0,0.5470290184020996,7.810836315155029,-0.5470290184020996,UNANSWERABLE_FALSE_POSITIVE
0015-0025-0002,Đặc điểm của vùng đất sa mạc là gì?,,,False,True,1,1.0,1.0,1.8835396766662598,6.598008632659912,-1.8835396766662598,CORRECT_NO_ANSWER
0015-0025-0003,Đặc điểm của vùng đất Gobi là gì?,một vùng đá vô dụng nơi thậm chí cả lạc đà hai bướu cũng không sống nổi,"Các vùng đất Gobi rất mong manh và dễ bị tàn phá bởi sự quá tải, dẫn tới sự mở rộng của sa mạc thực sự",True,False,0,0.04651162790697675,1.0,0.9122858047485352,7.481667518615723,-0.9122858047485352,SPAN_TOO_LONG
0015-0025-0004,Tên gọi Gobi là nhằm chỉ vùng đất nào?,một thảo nguyên sa mạc,,True,True,0,0.0,1.0,3.4499382972717285,5.21358060836792,-3.4499382972717285,ANSWERABLE_PREDICTED_EMPTY
0015-0025-0005,Sự phân biệt của người Mông Cổ giữa Gobi và sa mạc có đặc điểm như thế nào?,phân biệt Gobi khỏi sa mạc thực sự,Người Mông Cổ phân biệt Gobi khỏi sa mạc thực sự,True,False,0,0.8421052631578948,1.0,-1.3830537796020508,9.386876106262207,1.3830537796020508,SPAN_TOO_LONG
0015-0025-0006,Đặc tính của vùng đất có tên gọi Gobi là gì?,không có đủ thực vật cho những con marmot nhưng đủ cho lạc đà,,True,True,0,0.0,1.0,2.312735080718994,6.129912853240967,-2.312735080718994,ANSWERABLE_PREDICTED_EMPTY
0015-0025-0007,Sự phân biệt của người Mông Cổ giữa Gobi và thảo nguyên có đặc điểm như thế nào?,,Người Mông Cổ phân biệt Gobi khỏi sa mạc thực sự,False,False,0,0.0,1.0,0.1280841827392578,8.252799987792969,-0.1280841827392578,UNANSWERABLE_FALSE_POSITIVE
0015-0025-0008,Khi vùng đất Gobi bị tàn phá thì dẫn đến điều gì?,dẫn tới sự mở rộng của sa mạc thực sự,Các vùng đất Gobi rất mong manh và dễ bị tàn phá bởi sự quá tải,True,False,0,0.07692307692307693,1.0,-0.022678375244140625,8.296945571899414,0.022678375244140625,SPAN_TOO_LONG
0015-0026-0001,Năm lòai động vật có vú phổ biến nhất tại Mông Cổ là gì?,"ngựa, dê, cừu, bò, lạc đà","ngựa, dê, cừu, bò, lạc đà",True,False,1,1.0,1.0,-4.36039924621582,10.887024879455566,4.36039924621582,CORRECT
0015-0026-0002,Có bao nhiêu lòai cá trong hệ động vật Mông Cổ?,75,Hệ sinh vật và động vật Mông Cổ có tổng số 138 lòai động vật có vú,True,False,0,0.0,1.0,0.7409334182739258,7.066299915313721,-0.7409334182739258,WRONG_SPAN
0015-0026-0003,Tổng số cá thể của năm lòai động vật có vú phổ biến nhất tại Mông Cổ là bao nhiêu?,60 triệu con,"ngựa, dê, cừu, bò, lạc đà",True,False,0,0.0,1.0,-2.9218597412109375,10.275209426879883,2.9218597412109375,WRONG_SPAN
0015-0026-0004,Số lượng ngựa Mông Cổ hiện nay là bao nhiêu?,"khỏang trên 2,5 triệu con","ngựa, dê, cừu, bò, lạc đà",True,False,0,0.0,1.0,-2.184607982635498,9.397382736206055,2.184607982635498,WRONG_SPAN
0015-0026-0005,Số lượng dê Mông Cổ hiện nay là bao nhiêu?,,"ngựa, dê, cừu, bò, lạc đà",False,False,0,0.0,1.0,-2.014997959136963,9.626341819763184,2.014997959136963,UNANSWERABLE_FALSE_POSITIVE
0015-0026-0006,Số lượng lòai chim tại Mông Cổ là bao nhiêu?,449 lòai,449 lòai chim,True,False,0,0.8,1.0,-1.6486053466796875,8.972681045532227,1.6486053466796875,SPAN_TOO_LONG
0015-0027-0001,Hơn phân nữa lượng hàng xuất khẩu của nước nào là sang Mông Cổ?,,,False,True,1,1.0,1.0,2.2329869270324707,6.179564952850342,-2.2329869270324707,CORRECT_NO_ANSWER
0015-0027-0002,"Năm 2006, tỷ lệ người Mông Cổ sống dưới mức nghèo khổ là bao nhiêu?",32.2%,"tỷ lệ dân số sống dưới mức nghèo khổ ước tính là 35.6% năm 1998, 36.1% năm 2002–2003, 32.2% năm 2006",True,False,0,0.14814814814814814,1.0,-1.4073548316955566,9.080610275268555,1.4073548316955566,SPAN_TOO_LONG
0015-0027-0003,Tốc độ tăng GDP bình quân của Mông Cổ là bao nhiêu kể từ năm 2002?,7.5%,GDP đã tăng ổn định từ năm 2002 ở tốc độ 7.5%,True,False,0,0.2666666666666667,1.0,1.6313838958740234,6.754358291625977,-1.6313838958740234,SPAN_TOO_LONG
0015-0027-0004,Hơn phân nữa lượng hàng xuất khẩu của Mông Cổ là sang nước nào?,Trung Quốc,68.4% xuất khẩu của Mông Cổ là sang Trung Quốc,True,False,0,0.3076923076923077,1.0,1.4493417739868164,6.900758743286133,-1.4493417739868164,SPAN_TOO_LONG
0015-0027-0005,Tốc độ tăng GDP bình quân của Mông Cổ là bao nhiêu kể từ năm 2004?,,,False,True,1,1.0,1.0,3.687471866607666,4.984433650970459,-3.687471866607666,CORRECT_NO_ANSWER
0015-0027-0006,"Năm 2006, con số 3.2% và 6.0% biểu thị cho điều gì?",tỷ lệ thất nghiệp và lạm phát,"tỷ lệ dân số sống dưới mức nghèo khổ ước tính là 35.6% năm 1998, 36.1% năm 2002–2003, 32.2% năm 2006, và cả tỷ lệ thất nghiệp và lạm phát",True,False,0,0.34146341463414637,1.0,-3.063897132873535,10.02998161315918,3.063897132873535,SPAN_TOO_LONG
0015-0027-0007,"Năm 2006, tỷ lệ người Nga sống dưới mức nghèo khổ là bao nhiêu?",,tỷ lệ dân số sống dưới mức nghèo khổ,False,False,0,0.0,1.0,0.23793697357177734,7.585744380950928,-0.23793697357177734,UNANSWERABLE_FALSE_POSITIVE
0015-0027-0008,"Năm 2004, Mông Cổ đã phải trả cho Nga một khỏan nợ trị giá bao nhiêu?",$250 triệu,Một khỏan nợ nước ngòai lớn ($11 tỷ) với Nga đã được chính phủ Mông Cổ giải quyết năm 2004 với một khỏan chi trả $250 triệu,True,False,0,0.13793103448275862,1.0,-2.844512939453125,9.427286148071289,2.844512939453125,SPAN_TOO_LONG
0015-0028-0001,"Năm 2002, tỷ lệ tăng trưởng sản xuất công nghiệp là bao nhiêu?",4.1%,4.1%,True,False,1,1.0,1.0,-2.198719024658203,8.842002868652344,2.198719024658203,CORRECT
0015-0028-0002,Trong GDP thì các ngành nông nghiệp chiếm tỷ lệ bao nhiêu?,20.4%,Công nghiệp,True,False,0,0.0,1.0,0.870823860168457,7.234930038452148,-0.870823860168457,WRONG_SPAN
0015-0028-0003,Những ngành công nghiệp tại Mông Cổ là gì?,"vật liệu xây dựng, khai mỏ (than, đồng, môlípđen, fluorspar, kẽm, tungsten, và vàng), dầu, thực phẩm và đồ uống, chế biến các sản phẩm từ gia súc, và casơmia và sản xuất sợi tự nhiên",,True,True,0,0.0,1.0,3.0643792152404785,5.310434818267822,-3.0643792152404785,ANSWERABLE_PREDICTED_EMPTY
0015-0028-0004,Điều gì là minh chứng cho việc ngành khai mỏ là ngành quan trọng nhất trong các ngành công nghiệp Mông Cổ?,"số lượng công ty Trung Quốc, Nga và Canada có mặt và tiến hành kinh doanh tại Mông Cổ",,True,True,0,0.0,1.0,2.0582761764526367,6.253623008728027,-2.0582761764526367,ANSWERABLE_PREDICTED_EMPTY
0015-0028-0005,Điều gì là minh chứng cho việc ngành sản xuất sợi tự nhiên là ngành quan trọng nhất trong các ngành công nghiệp Mông Cổ?,,casơmia và sản xuất sợi tự nhiên,False,False,0,0.0,1.0,1.0815491676330566,7.386880397796631,-1.0815491676330566,UNANSWERABLE_FALSE_POSITIVE
0015-0029-0001,Các văn phòng của các công ty cộng nghệ từ những nước nào đã có mặt tại Mông Cổ?,Hàn Quốc và Cộng hòa Nhân dân Trung Hoa,Hàn Quốc và Cộng hòa Nhân dân Trung Hoa,True,False,1,1.0,1.0,-2.2677206993103027,9.728716850280762,2.2677206993103027,CORRECT
0015-0029-0002,Những công ty từ các nước láng giềng mở văn phòng tại Mông Cổ là có ý định tập trung làm gì?,phát triển phần mềm,phát triển phần mềm hơn là sản xuất phần cứng,True,False,0,0.5714285714285715,1.0,1.281782627105713,7.058419704437256,-1.281782627105713,SPAN_TOO_LONG
0015-0029-0003,Mobicom Corporation và Magicnet là những công ty như thế nào?,những nhà điều hành điện thọai di động và ISP lớn nhất ở Mông Cổ,"Một số công ty viễn thông và nhà cung cấp dịch vụ internet đã được thành lập dẫn tới sự cạnh tranh lớn trên thị trường internet và điện thọai, đặc biệt là điện thọai di động",True,False,0,0.2692307692307693,1.0,-0.3864288330078125,8.817089080810547,0.3864288330078125,SPAN_TOO_LONG
0015-0029-0004,Điều gì đã xảy ra từ việc các công ty viễn thông và các nhà cung cấp internet xuất hiện?,sự cạnh tranh lớn trên thị trường internet và điện thọai,"Mobicom Corporation và Magicnet, đây là những nhà điều hành điện thọai di động và ISP lớn nhất ở Mông Cổ",True,False,0,0.25,1.0,1.084275722503662,7.5112223625183105,-1.084275722503662,SPAN_TOO_LONG
0015-0029-0005,Những công ty từ Mông Cổ mở văn phòng tại các nước láng giềng là có ý định tập trung làm gì?,,Hàn Quốc và Cộng hòa Nhân dân Trung Hoa,False,False,0,0.0,1.0,0.17386913299560547,7.907031059265137,-0.17386913299560547,UNANSWERABLE_FALSE_POSITIVE
0015-0029-0006,Điều gì đã xảy ra từ việc các công ty truyền thông và các nhà cung cấp internet xuất hiện?,,,False,True,1,1.0,1.0,4.034686088562012,4.831103324890137,-4.034686088562012,CORRECT_NO_ANSWER
0015-0030-0001,Số người có độ tuổi dưới 30 chiếm tỷ lệ bao nhiêu tại Hoa Kỳ?,,"59% trong tổng dân số dưới 30 tuổi, 27% trong số đó dưới 14",False,False,0,0.0,1.0,1.2512168884277344,7.217517852783203,-1.2512168884277344,UNANSWERABLE_FALSE_POSITIVE
0015-0030-0002,Điều gì xảy ra trước sự gia tăng về kinh tế và dân số khá trẻ tại Mông Cổ?,,,False,True,1,1.0,1.0,2.5809011459350586,6.1331682205200195,-2.5809011459350586,CORRECT_NO_ANSWER
0015-0030-0003,Văn phòng Điều tra Hoa Kỳ đã đưa ra dân số Mông Cổ là bao nhiêu vào tháng 7 năm 2007?,2.951.786 người,Tổng dân số Mông Cổ vào tháng 7 năm 2007 ước tính bởi Văn phòng Điều tra Hoa Kỳ là 2.951.786 người,True,False,0,0.2857142857142857,1.0,-1.0275921821594238,8.968168258666992,1.0275921821594238,SPAN_TOO_LONG
0015-0030-0004,Ước tính vào năm 2007 thì tốc độ tăng trưởng dân số tại Mông Cổ là bao nhiêu?,1.2%,Tỷ lệ tăng trưởng dân số của Mông Cổ ở mức 1.2%,True,False,0,0.2666666666666667,1.0,-0.10881519317626953,7.703876495361328,0.10881519317626953,SPAN_TOO_LONG
0015-0030-0005,Số người có độ tuổi dưới 30 chiếm tỷ lệ bao nhiêu tại Mông Cổ?,Khỏang 59%,"59% trong tổng dân số dưới 30 tuổi, 27% trong số đó dưới 14",True,False,0,0.125,1.0,-0.7524409294128418,8.617074966430664,0.7524409294128418,SPAN_TOO_LONG
0015-0030-0006,Văn phòng Điều tra Mông Cổ đã đưa ra dân số Hoa Kỳ là bao nhiêu vào tháng 7 năm 2007?,,Tổng dân số Mông Cổ,False,False,0,0.0,1.0,-0.003509521484375,8.323539733886719,0.003509521484375,UNANSWERABLE_FALSE_POSITIVE
0015-0030-0007,Điều gì xảy ra trước sự gia tăng về dân số và dân số khá trẻ tại Mông Cổ?,đặt ra một số vấn đề với nền kinh tế Mông Cổ,,True,True,0,0.0,1.0,2.8290624618530273,5.910856246948242,-2.8290624618530273,ANSWERABLE_PREDICTED_EMPTY
0015-0030-0008,2.629.000 là dân số Mông Cổ vào giữa năm 2007 và số liệu đó do tổ chức nào đưa ra?,Cục Kinh tế và các Vấn đề Xã hội Liên hiệp quốc Phòng dân số,Cục Kinh tế và các Vấn đề Xã hội Liên hiệp quốc Phòng dân số,True,False,1,1.0,1.0,-5.153654098510742,10.678157806396484,5.153654098510742,CORRECT
0015-0031-0001,Trong dân số Trung Quốc thì 90% là người gì?,,Người Khalkha chiếm 90% dân số Mông Cổ,False,False,0,0.0,1.0,0.7935471534729004,7.731187343597412,-0.7935471534729004,UNANSWERABLE_FALSE_POSITIVE
0015-0031-0002,"Tại Mông Cổ, ngòai người Khalkha thì còn có những ai?","Buryat, Durbet Mông Cổ và các nhóm khác ở phía bắc và Dariganga Mông Cổ",Người Khalkha chiếm 90% dân số Mông Cổ,True,False,0,0.1739130434782609,1.0,1.427278995513916,7.2874321937561035,-1.427278995513916,SPAN_TOO_SHORT
0015-0031-0003,Tỷ lệ sắc tộc Buryat là bao nhiêu trong dân số Mông Cổ?,,"Buryat, Durbet Mông Cổ và các nhóm khác ở phía bắc và Dariganga Mông Cổ ở phía đông",False,False,0,0.0,1.0,-0.4131650924682617,8.44310188293457,0.4131650924682617,UNANSWERABLE_FALSE_POSITIVE
0015-0031-0004,"Trong nhóm người Turk thì ngòai người Kazakh, Tuva, và Chantuu còn có những người nào?","người Tungus, Trung Quốc, và người Nga","Người Turk (Kazakh, Tuva, và Chantuu (Uzbek) chiếm 7% dân số Mông Cổ, và số còn lại là người Tungus, Trung Quốc, và người Nga",True,False,0,0.43750000000000006,1.0,-3.852283477783203,10.00478744506836,3.852283477783203,SPAN_TOO_LONG
0015-0031-0005,Người Nga đa phần đã không còn ở lại Mông Cổ kể từ sự kiện nào?,sự rút lui hỗ trợ kinh tế và sự sụp đổ của Liên bang Xô viết năm 1991,,True,True,0,0.0,1.0,3.6509265899658203,5.067699432373047,-3.6509265899658203,ANSWERABLE_PREDICTED_EMPTY
0015-0031-0006,Trong dân số Mông Cổ thì 90% là người gì?,Người Khalkha,Người Khalkha chiếm 90% dân số Mông Cổ,True,False,0,0.4,1.0,-0.17942047119140625,8.41322135925293,0.17942047119140625,SPAN_TOO_LONG
0015-0031-0007,Tỷ lệ sắc tộc Mông Cổ là bao nhiêu trong dân số Mông Cổ?,85%,Người Khalkha chiếm 90% dân số Mông Cổ,True,False,0,0.0,1.0,1.5784225463867188,6.966980934143066,-1.5784225463867188,WRONG_SPAN
0015-0032-0001,Lý do mà có những người lớn tuổi và có học tại Đức lại sử dụng được tiếng Mông Cổ là gì?,,,False,True,1,1.0,1.0,3.4247970581054688,5.3609113693237305,-3.4247970581054688,CORRECT_NO_ANSWER
0015-0032-0002,"Tại Mông Cổ, ngôn ngữ nào dành cho người điếc?",ngôn ngữ ký hiệu Mông Cổ,ngôn ngữ ký hiệu Mông Cổ,True,False,1,1.0,1.0,0.11137676239013672,8.101629257202148,-0.11137676239013672,CORRECT
0015-0032-0003,Vì sao mà tại Mông Cổ lại có sự phổ biến dần của tiếng Triều Tiên?,có hàng chục nghìn người Mông Cổ làm việc ở Hàn Quốc,Tiếng Triều Tiên đã trở thành phổ thông bởi có hàng chục nghìn người Mông Cổ làm việc ở Hàn Quốc,True,False,0,0.7272727272727273,1.0,1.3881034851074219,7.199787139892578,-1.3881034851074219,SPAN_TOO_LONG
0015-0032-0004,Tiếng nói phổ biến sau tiếng Nga tại Mông Cổ là tiếng nào?,tiếng Anh,Tiếng Nga,True,False,0,0.5,1.0,1.0470223426818848,7.580355167388916,-1.0470223426818848,PARTIAL_SPAN
0015-0032-0005,Các ngôn ngữ nào được sử dụng tại phía tây Mông Cổ?,"tiếng Kazakh và tiếng Tuva, cùng với các ngôn ngữ khác",,True,True,0,0.0,1.0,1.899958610534668,6.827469825744629,-1.899958610534668,ANSWERABLE_PREDICTED_EMPTY
0015-0032-0006,Lý do mà có những người lớn tuổi và có học tại Mông Cổ lại sử dụng được tiếng Đức là gì?,họ đã từng theo học tại Đông Đức cũ,Một số người có học và lớn tuổi Mông Cổ nói một chút tiếng Đức,True,False,0,0.16666666666666669,1.0,1.779088020324707,6.854976654052734,-1.779088020324707,SPAN_TOO_LONG
0015-0032-0007,Các ngôn ngữ nào được sử dụng tại phía tây Nga?,,tiếng Kazakh và tiếng Tuva,False,False,0,0.0,1.0,1.4246649742126465,7.22855806350708,-1.4246649742126465,UNANSWERABLE_FALSE_POSITIVE
0015-0033-0001,Tại vùng đất của Mông Cổ ngày nay thì trước kia đã được thực hiện những hình thức của các tôn giáo nào?,Tengri giáo và Shaman giáo,Tengri giáo và Shaman giáo,True,False,1,1.0,1.0,-0.8002147674560547,9.085124015808105,0.8002147674560547,CORRECT
0015-0033-0002,Vì sao mà các hình thức của Phật giáo và Shaman giáo được thực hiện nhiều tại vùng đất Mông Cổ xưa kia?,,những đức tin đó là phổ thông trong số những người du mục trong lịch sử châu Á,False,False,0,0.0,1.0,1.6198272705078125,6.758563995361328,-1.6198272705078125,UNANSWERABLE_FALSE_POSITIVE
0015-0033-0003,Tôn giáo nào đã dần thay thế Tengri giáo và Shaman giáo tại Mông Cổ?,Phật giáo Tây Tạng,"Shaman giáo đã để lại một dấu ấn trong văn hóa tôn giáo Mông Cổ, và vẫn tiếp tục được thực hiện. Trong tầng lớp tinh hoa của Mông Cổ thời Đế chế Mông Cổ, Hồi giáo",True,False,0,0.04878048780487805,1.0,-0.8307008743286133,8.556192398071289,0.8307008743286133,SPAN_TOO_LONG
0015-0033-0004,Vì sao mà các hình thức của Tengri giáo và Shaman giáo được thực hiện nhiều tại vùng đất Mông Cổ xưa kia?,những đức tin đó là phổ thông trong số những người du mục trong lịch sử châu Á,bởi những đức tin đó là phổ thông trong số những người du mục trong lịch sử châu Á,True,False,0,0.972972972972973,1.0,-2.1747498512268066,9.967290878295898,2.1747498512268066,SPAN_TOO_LONG
0015-0033-0005,Hồi giáo là tôn giáo được ưa chuộng trong giai cấp nào?,tầng lớp tinh hoa của Mông Cổ thời Đế chế Mông Cổ,,True,True,0,0.0,1.0,2.0078964233398438,6.416563034057617,-2.0078964233398438,ANSWERABLE_PREDICTED_EMPTY
0015-0033-0006,Lý do nào mà Hồi giáo trở thành tôn giáo được ưa chuộng ở tầng lớp tinh hoa Mông Cổ?,ba trong bốn vị hãn danh tiếng nhất đều là tín đồ Hồi giáo,"Hồi giáo dần được ưa chuộng hơn những tôn giáo khác, bởi ba trong bốn vị hãn danh tiếng nhất đều là tín đồ Hồi giáo",True,False,0,0.7000000000000001,1.0,0.02584362030029297,7.886521339416504,-0.02584362030029297,SPAN_TOO_LONG
0015-0033-0007,Phật giáo là tôn giáo được ưa chuộng trong giai cấp nào?,,,False,True,1,1.0,1.0,3.0177574157714844,5.563905715942383,-3.0177574157714844,CORRECT_NO_ANSWER
0015-0034-0001,Vào năm nào thì sự tan rã của các tôn giáo đã diễn ra?,,,False,True,1,1.0,1.0,2.536473274230957,6.251824378967285,-2.536473274230957,CORRECT_NO_ANSWER
0015-0034-0002,Thiên chúa giáo và Hồi giáo đã có cơ hội phát triển kể từ sau khi sự kiện gì xảy ra?,Sự chấm dứt đàn áp tôn giáo trong thập niên 1990,,True,True,0,0.0,1.0,3.396399974822998,5.266011714935303,-3.396399974822998,ANSWERABLE_PREDICTED_EMPTY
0015-0034-0003,Vào năm nào thì Thiên chúa giáo tại Mông Cổ chỉ có 4 tín độ?,năm 1989,,True,True,0,0.0,1.0,4.928619384765625,3.8072595596313477,-4.928619384765625,ANSWERABLE_PREDICTED_EMPTY
0015-0034-0004,Vào năm nào thì sự tan rã của chủ nghĩa cộng sản đã diễn ra?,1991,Sự sụp đổ của chủ nghĩa cộng sản năm 1991,True,False,0,0.18181818181818182,1.0,0.118133544921875,8.384963989257812,-0.118133544921875,SPAN_TOO_LONG
0015-0034-0005,Thiên chúa giáo và cộng sản đã có cơ hội phát triển kể từ sau khi sự kiện gì xảy ra?,,,False,True,1,1.0,1.0,4.064806938171387,4.655917167663574,-4.064806938171387,CORRECT_NO_ANSWER
0015-0034-0006,Vào năm 2008 thì số lượng tín đồ của Thiên chúa giáo là bao nhiêu?,khỏang 40.000,số lượng tín đồ Thiên chúa,True,False,0,0.0,1.0,1.465463638305664,6.777469635009766,-1.465463638305664,WRONG_SPAN
0015-0034-0007,Vào năm 2008 thì số lượng tín đồ của Hồi giáo là bao nhiêu?,,,False,True,1,1.0,1.0,2.2549476623535156,6.08683967590332,-2.2549476623535156,CORRECT_NO_ANSWER
0015-0035-0001,Nhân kỷ niệm sự kiện nào mà Lễ hội Naadam được tổ chức ngày 11 tháng 1 đến ngày 13 tháng 7?,ngày Cách mạng Dân chủ Quốc gia và thành lập Nhà nước Đại Mông Cổ,ngày Cách mạng Dân chủ Quốc gia và thành lập Nhà nước Đại Mông Cổ,True,False,1,1.0,1.0,-4.125905990600586,9.387731552124023,4.125905990600586,CORRECT
0015-0035-0002,Ngòai vật ra thì còn có môn thể thao nào góp mặt trong lễ hội Naadam?,"Mông Cổ, bắn cung, đua ngựa","bắn cung, đua ngựa (qua những khỏang cách điền dã dài, chứ không phải đua những quãng ngắn quanh một sân vận động như kiểu phương Tây), và vật",True,False,0,0.2285714285714286,1.0,-1.723073959350586,9.54112434387207,1.723073959350586,SPAN_TOO_LONG
0015-0035-0003,Nhân kỷ niệm sự kiện nào mà Lễ hội Naadam được tổ chức ngày ngày 13 tháng 7 đến 11 tháng 1 năm sau?,,ngày Cách mạng Dân chủ Quốc gia và thành lập Nhà nước Đại Mông Cổ,False,False,0,0.0,1.0,-3.8907670974731445,9.65373420715332,3.8907670974731445,UNANSWERABLE_FALSE_POSITIVE
0015-0035-0004,Có bao nhiêu môn thể thao được chơi trong lễ hội Naadam?,ba,"bắn cung, đua ngựa (qua những khỏang cách điền dã dài, chứ không phải đua những quãng ngắn quanh một sân vận động như kiểu phương Tây), và vật",True,False,0,0.0,1.0,-2.3749799728393555,9.777685165405273,2.3749799728393555,WRONG_SPAN
0015-0036-0001,Luật mới đối với Người khổng lồ đã được nghị viện Mông Cổ thêm vào kể từ năm nào?,,iarudi và Khartsaga (Chim ưng),False,False,0,0.0,1.0,0.43708324432373047,7.2926506996154785,-0.43708324432373047,UNANSWERABLE_FALSE_POSITIVE
0015-0036-0002,Danh hiệu mà người chiến thắng ở vòng bảy và tám có ngĩa là gì?,voi,zaan,True,False,0,0.0,1.0,-0.4531693458557129,8.428288459777832,0.4531693458557129,WRONG_SPAN
0015-0036-0003,Người khổng lồ là danh hiệu dành cho ai ở môn đô vật?,avarga,Đô vật trở thành vô địch tuyệt đối được trao danh hiệu avarga (Người khổng lồ,True,False,0,0.11764705882352941,1.0,0.8656492233276367,7.586773872375488,-0.8656492233276367,SPAN_TOO_LONG
0015-0036-0004,Danh hiệu nào sẽ được trao cho người chiến thắng ở vòng mười và mười một?,arslan,arslan (sư tử),True,False,0,0.5,1.0,-1.269808292388916,9.058053016662598,1.269808292388916,SPAN_TOO_LONG
0015-0036-0005,Luật mới đối với Naadam đã được nghị viện Mông Cổ thêm vào kể từ năm nào?,năm 2003,Bắt đầu từ năm 2003,True,False,0,0.5714285714285715,1.0,-1.6272468566894531,7.919214248657227,1.6272468566894531,SPAN_TOO_LONG
0015-0036-0006,Những danh hiệu nào đã được thêm vào kể từ năm 2003?,danh hiệu iarudi và Khartsaga,iarudi và Khartsaga (Chim ưng),True,False,0,0.6,1.0,-0.18580245971679688,8.728118896484375,0.18580245971679688,PARTIAL_SPAN
0015-0037-0001,Các công trình có cấu trúc như yurt cần được mở rộng cho đủ số lượng tín đồ thì các nhà sư Mông Cổ đã làm gì?,,các cấu trúc với 6 và 12 góc với các mái kiểu kim tự tháp để thích hợp với hình dáng tròn của yurt,False,False,0,0.0,1.0,-2.345757007598877,9.61099910736084,2.345757007598877,UNANSWERABLE_FALSE_POSITIVE
0015-0037-0002,Tên gọi nào dược sử dụng để chỉ những nơi cư ngụ của người Mông Cổ trước kia?,yurt,"yurt (Tiếng Mông Cổ: ger). Theo nghệ sĩ và nhà phê bình nghệ thuật Mông Cổ N. Chultem, các yurt và lều trại",True,False,0,0.08333333333333333,1.0,0.5522613525390625,7.870903968811035,-0.5522613525390625,SPAN_TOO_LONG
0015-0037-0003,Theo quan điểm của ai thì các yurt là được bắt đầu từ kiến trúc truyền thống Mông Cổ?,,các yurt và lều trại,False,False,0,0.0,1.0,-1.1776838302612305,9.410279273986816,1.1776838302612305,UNANSWERABLE_FALSE_POSITIVE
0015-0037-0004,Điều gì đã xảy ra khi tiến hành mở rộng hơn nữa các ngôi đền?,hình dạng bậc hai của các đền,,True,True,0,0.0,1.0,2.98095703125,5.554473876953125,-2.98095703125,ANSWERABLE_PREDICTED_EMPTY
0015-0037-0005,Các công trình có cấu trúc như yurt cần được mở rộng cho đủ số lượng tín đồ thì các kiến trúc sư Mông Cổ đã làm gì?,sử dụng các cấu trúc với 6 và 12 góc với các mái kiểu kim tự tháp để thích hợp với hình dáng tròn của yurt,các cấu trúc với 6 và 12 góc với các mái kiểu kim tự tháp để thích hợp với hình dáng tròn của yurt,True,False,0,0.9600000000000001,1.0,-3.5532894134521484,10.242847442626953,3.5532894134521484,SPAN_TOO_SHORT
0015-0037-0006,Theo quan điểm của ai thì kiến trúc truyền thống Mông Cổ là được bắt đầu từ các yurt?,N. Chultem,các yurt và lều trại,True,False,0,0.0,1.0,-1.8202829360961914,9.802604675292969,1.8202829360961914,WRONG_SPAN
0015-0037-0007,"Vật liệu nào đã đươc dùng thay thế cho các bức tường kiểu lưới mắt cáo, cột chống mái và các lớp nỉ?","đá, gạch, các dầm và những tấm ván","đá, gạch, các dầm và những tấm ván",True,False,1,1.0,1.0,-3.267883777618408,10.508977890014648,3.267883777618408,CORRECT
0015-0038-0001,Đại diện cho phong cách kiến trúc Trung Quốc là công trình nào?,,Đền bậc hai Tsogchin tại lama Gandan ở Ulan Bator là một sự tổng hợp truyền thống Mông Cổ và Trung Quốc. Đền Maitreya,False,False,0,0.0,1.0,1.5068860054016113,7.2903361320495605,-1.5068860054016113,UNANSWERABLE_FALSE_POSITIVE
0015-0038-0002,Ai là người đã thiết kể cho ngôi đền dạng bậc hai Batu-Tsagaan?,Zanabazar,Zanabazar,True,False,1,1.0,1.0,-2.5604724884033203,10.614770889282227,2.5604724884033203,CORRECT
0015-0038-0003,Vị trí tọa lạc của đền Lavrin là ở đâu?,lama Erdene Zuu,Đền Lavrin (thế kỷ XVIII) tại lama Erdene Zuu được xây dựng theo truyền thống Tây Tạng,True,False,0,0.3,1.0,0.9024596214294434,7.841230869293213,-0.9024596214294434,SPAN_TOO_LONG
0015-0038-0004,Trước khi bị tháo dỡ thì đền Maitreya mang phong cách kiến trúc gì?,Tây Tạng-Mông Cổ,Đền Maitreya (đã bị dỡ ra năm 1938) là một ví dụ về kiến trúc Tây Tạng-Mông Cổ,True,False,0,0.34782608695652173,1.0,-0.6820793151855469,9.073221206665039,0.6820793151855469,SPAN_TOO_LONG
0015-0038-0005,Hiện nay thì lama Choijing Lamiin Sume đang được sử dụng làm gì?,bảo tàng,đền được xây dựng theo truyền thống Trung Quốc,True,False,0,0.0,1.0,-3.5883493423461914,10.508695602416992,3.5883493423461914,WRONG_SPAN
0015-0038-0006,Đại diện cho phong cách kiến trúc yurt là công trình nào?,lama Dashi-Choiling,lama Dashi-Choiling,True,False,1,1.0,1.0,-1.1357755661010742,9.731106758117676,1.1357755661010742,CORRECT
0015-0039-0001,Khi Liên Xô tan rã thì thay thế cho nhà nước độc đảng là một chế độ như thế nào?,chế độ dân chủ đa đảng,Nhà nước độc đảng đã phát triển trở thành một chế độ dân chủ đa đảng,True,False,0,0.5454545454545454,1.0,-0.04527854919433594,8.348413467407227,0.04527854919433594,SPAN_TOO_LONG
0015-0039-0002,Tờ báo nào đã được ra đời thông qua mối quan hệ thân cận của báo chí Mông Cổ với Liên Xô?,Unen,"tờ báo Unen (""Sự thật"") tương tự tờ Pravda Xô viết",True,False,0,0.16666666666666669,1.0,-1.389986515045166,8.958536148071289,1.389986515045166,SPAN_TOO_LONG
0015-0039-0003,Điều gì là không được phép tại Mông Cổ trong thời gian thực hiện cải cách trong thập niên 1990?,sự tồn tại của truyền thông độc lập,"chính phủ kiểm sóat chặt chẽ truyền thông và quản lý mọi công việc xuất bản, và không cho phép sự tồn tại của truyền thông độc lập",True,False,0,0.4444444444444445,1.0,-2.2745361328125,9.336784362792969,2.2745361328125,SPAN_TOO_LONG
0015-0039-0004,Điều gì là không được phép tại Liên Xô trong thời gian thực hiện cải cách trong thập niên 1990?,,"chính phủ kiểm sóat chặt chẽ truyền thông và quản lý mọi công việc xuất bản, và không cho phép sự tồn tại của truyền thông độc lập",False,False,0,0.0,1.0,-1.7707786560058594,9.139286994934082,1.7707786560058594,UNANSWERABLE_FALSE_POSITIVE
0015-0039-0005,Điều gì được đưa lên hàng đầu khi chế độ của Liên Bang Xô Viết được hình thành?,,,False,True,1,1.0,1.0,2.130497932434082,6.1011457443237305,-2.130497932434082,CORRECT_NO_ANSWER
0015-0039-0006,Tờ báo nào đã được ra đời thông qua mối quan hệ thân cận của báo chí Mông Cổ với chế độ dân chủ?,,"tờ báo Unen (""Sự thật"") tương tự tờ Pravda Xô viết",False,False,0,0.0,1.0,0.6270661354064941,7.5438714027404785,-0.6270661354064941,UNANSWERABLE_FALSE_POSITIVE
0015-0039-0007,Tổ chức nào quản lí mối quan hệ thân thiết của Liên Xô với báo chí Mông Cổ?,Đảng Cộng sản,,True,True,0,0.0,1.0,3.176753044128418,5.326556205749512,-3.176753044128418,ANSWERABLE_PREDICTED_EMPTY
0015-0039-0008,Điều gì được đưa lên hàng đầu khi chế độ dân chủ đa đảng được hình thành?,những quyền tự do của truyền thông,những quyền tự do của truyền thông,True,False,1,1.0,1.0,-0.4932527542114258,8.30545425415039,0.4932527542114258,CORRECT
0015-0040-0001,Nếu được xếp hạng 1 trong bảng xếp hạng môi trường báo chí thì điều đó đồng nghĩa với điều gì đối với các sinh viên?,,tự do nhất,False,False,0,0.0,1.0,-2.0737199783325195,9.660623550415039,2.0737199783325195,UNANSWERABLE_FALSE_POSITIVE
0015-0040-0002,Thông qua sự kiện nào mà môi trường tự nhiên đã được cải thiện?,,,False,True,1,1.0,1.0,5.87725830078125,2.826045036315918,-5.87725830078125,CORRECT_NO_ANSWER
0015-0040-0003,Nếu được xếp hạng 1 trong bảng xếp hạng môi trường báo chí thì điều đó đồng nghĩa với điều gì đối với ngành báo chí?,tự do nhất,tự do nhất,True,False,1,1.0,1.0,-1.950484275817871,9.54612922668457,1.950484275817871,CORRECT
0015-0040-0004,Lý do nào đã khiến cho số nhân viên làm việc trong ngành báo chí tăng lên?,Những cuộc cải cách thị trường,,True,True,0,0.0,1.0,3.773707866668701,4.867771625518799,-3.773707866668701,ANSWERABLE_PREDICTED_EMPTY
0015-0040-0005,Thông qua sự kiện nào mà môi trường báo chí đã được cải thiện?,"chính phủ thảo luận một Đạo luật Tự do Thông tin, và lọai bỏ bất kỳ một sự liên quan nào của truyền thông tới chính phủ",,True,True,0,0.0,1.0,4.282227516174316,4.2303056716918945,-4.282227516174316,ANSWERABLE_PREDICTED_EMPTY
0015-0040-0006,Tổ chức nào đã đưa ra số liệu về xếp hạng môi trường báo chí?,Tổ chức Phóng viên Không Biên giới,Tổ chức Phóng viên Không Biên giới,True,False,1,1.0,1.0,-0.7613396644592285,8.098943710327148,0.7613396644592285,CORRECT
0015-0040-0007,Tổ chức nào đã đưa ra số liệu về xếp hạng của các chính phủ?,,,False,True,1,1.0,1.0,1.8740010261535645,6.561202526092529,-1.8740010261535645,CORRECT_NO_ANSWER
0016-0001-0001,Thành phố chính cùng các khu vực ngọai ô phụ cận nằm trên hòn đảo lớn thuộc sông nào?,Saint-Laurent,sông Saint-Laurent (tiếng Anh: Saint Lawrence),True,False,0,0.4444444444444445,1.0,-3.70811128616333,9.348068237304688,3.70811128616333,SPAN_TOO_LONG
0016-0001-0002,Đảo Montréal có vị trí địa lí như thế nào?,"nằm ở phía tây-nam của Thành phố Québec - thủ phủ của tỉnh bang - khỏang 200 km, và độ 150 km về phía đông của Ottawa - thủ đô của Canada",đảo Montréal,True,False,0,0.0,1.0,1.2756867408752441,7.534940242767334,-1.2756867408752441,WRONG_SPAN
0016-0001-0003,"Thành phố nào đối diện qua phía nam của sông Saint-Laurent là Longeuil, Brossard, Saint-Hubert,...?",Montréal,Laval,True,False,0,0.0,1.0,-2.498812198638916,10.04404354095459,2.498812198638916,WRONG_SPAN
0016-0001-0004,Đảo Montréal và các đảo nhỏ hơn lân cận chiếm diện tích bao nhiêu?,500 km²,Tổng cộng diện tích của đảo Montréal và các đảo nhỏ hơn xung quanh Montréal khỏang 500 km²,True,False,0,0.19999999999999998,1.0,-1.826303482055664,9.121986389160156,1.826303482055664,SPAN_TOO_LONG
0016-0002-0001,"Vào năm 1642, ai là người thành lập ra Montréal thuộc một làng ngày nay?",,Ville-Marie,False,False,0,0.0,1.0,-4.229351997375488,10.541433334350586,4.229351997375488,UNANSWERABLE_FALSE_POSITIVE
0016-0002-0002,Những thổ dân nào sinh sống trên hòn đảo Montréal hàng ngàn năm trước?,"Algonquin, Huron và Iroquois","thổ dân Algonquin, Huron và Iroquois",True,False,0,0.8,1.0,0.5767126083374023,8.161321640014648,-0.5767126083374023,SPAN_TOO_LONG
0016-0002-0003,Những thổ dân nào sinh sống trên hòn đảo Bắc Mỹ hàng ngàn năm trước?,,"thổ dân Algonquin, Huron và Iroquois",False,False,0,0.0,1.0,0.13964557647705078,8.510061264038086,-0.13964557647705078,UNANSWERABLE_FALSE_POSITIVE
0016-0002-0004,Thời gian nào là thời gian vàng kim của Algonquin?,,,False,True,1,1.0,1.0,3.1737422943115234,5.606691360473633,-3.1737422943115234,CORRECT_NO_ANSWER
0016-0002-0005,Jacques Cartier đến thám hiểm khu vực Bắc Mỹ vào năm nào?,1535,1535,True,False,1,1.0,1.0,0.9733152389526367,7.477341651916504,-0.9733152389526367,CORRECT
0016-0002-0006,"Vào những năm 1760, vùng đất Montréal ngòai người Pháp thì còn thu hút những cư dân nào đến làm việc và sinh sống?","Anh, Ireland, Scotland và những nơi khác ở Âu Châu",Ville-Marie,True,False,0,0.0,1.0,1.7306156158447266,7.057245254516602,-1.7306156158447266,WRONG_SPAN
0016-0002-0007,Thời gian nào là thời gian vàng kim của Montréal?,Từ thập niên 1860 đến thập niên 1930,,True,True,0,0.0,1.0,2.302933692932129,6.45158576965332,-2.302933692932129,ANSWERABLE_PREDICTED_EMPTY
0016-0002-0008,"Vào năm 1642, ai là người thành lập ra một làng thuộc Montréal ngày nay?",aul de Chomedey de Maisonneuve và Jeanne Mance,Ville-Marie,True,False,0,0.0,1.0,-4.39027738571167,10.504161834716797,4.39027738571167,WRONG_SPAN
0016-0003-0001,Ở Đại Tây Dương có các nhà thờ to nhỏ khác nhau dưới sự ảnh hưởng của tôn giáo nào?,,Giáo hội Công giáo La Mã,False,False,0,0.0,1.0,-2.589397430419922,9.287368774414062,2.589397430419922,UNANSWERABLE_FALSE_POSITIVE
0016-0003-0002,Bằng chứng nào cho thấy Montréal là một thành phố đa văn hóa?,"Dưới ảnh hưởng của hai nền văn hóa Anh và văn hóa Pháp, cộng thêm vào đó là dân cư nói nhiều thứ tiếng",,True,True,0,0.0,1.0,4.9916605949401855,3.836691379547119,-4.9916605949401855,ANSWERABLE_PREDICTED_EMPTY
0016-0003-0003,Montréal là một thành phố quan trọng dối với Bắc Mỹ nói riêng và thế giới nói chung về những phương diện nào?,"hương mại, kỹ nghệ, đầu tư, chính trị, du lịch và nhất là về các họat động văn hóa",,True,True,0,0.0,1.0,5.008352279663086,3.8272247314453125,-5.008352279663086,ANSWERABLE_PREDICTED_EMPTY
0016-0003-0004,Tại sao Montréal trở thành một cái gạch nối tự nhiên giữa châu Âu và Bắc Mỹ?,"Dưới ảnh hưởng của hai nền văn hóa Anh và văn hóa Pháp, cộng thêm vào đó là dân cư nói nhiều thứ tiếng","Dưới ảnh hưởng của hai nền văn hóa Anh và văn hóa Pháp, cộng thêm vào đó là dân cư nói nhiều thứ tiếng",True,False,1,1.0,1.0,-3.390882968902588,10.757923126220703,3.390882968902588,CORRECT
0016-0003-0005,Bắc Mỹ là một thành phố quan trọng dối với Montréal nói riêng và thế giới nói chung về những phương diện nào?,,,False,True,1,1.0,1.0,5.140484571456909,3.739513635635376,-5.140484571456909,CORRECT_NO_ANSWER
0016-0003-0006,Ở Montréal có cá nhà thờ to nhỏ khác nhau dưới sự ảnh hưởng của tôn giáo nào?,Giáo hội Công giáo La Mã,Giáo hội Công giáo La Mã,True,False,1,1.0,1.0,-2.5335311889648438,9.38359260559082,2.5335311889648438,CORRECT
0016-0003-0007,Tại sao châu Âu trở thành một cái gạch nối tự nhiên giữa Montréal và Bắc Mỹ?,,"Dưới ảnh hưởng của hai nền văn hóa Anh và văn hóa Pháp, cộng thêm vào đó là dân cư nói nhiều thứ tiếng",False,False,0,0.0,1.0,-3.214033603668213,10.713234901428223,3.214033603668213,UNANSWERABLE_FALSE_POSITIVE
0016-0004-0001,Cư dân ở Montréal đã làm gì vào ngày Thánh bổn mạng của Ireland?,tổ chức một đám rước cho vị thánh này,"Montréal tổ chức một đám rước cho vị thánh này, to thứ nhì trên thế giới (sau New York)",True,False,0,0.6428571428571429,1.0,0.6618614196777344,8.03482437133789,-0.6618614196777344,SPAN_TOO_LONG
0016-0004-0002,Tính tình cư dân ở Montréal như thế nào?,"phóng khóang, ít bảo thủ",,True,True,0,0.0,1.0,3.6928815841674805,5.106095314025879,-3.6928815841674805,ANSWERABLE_PREDICTED_EMPTY
0016-0004-0003,Montréal được chọn là nơi tỏ chức Triễn lãm Quốc tế vào năm nào?,1967,Thế vận hội mùa hè 1976,True,False,0,0.0,1.0,1.1484475135803223,7.393712520599365,-1.1484475135803223,WRONG_SPAN
0016-0004-0004,Cư dân ở Ireland đã làm gì vào ngày Thánh bổn mạng của Montréal?,,"Montréal tổ chức một đám rước cho vị thánh này, to thứ nhì trên thế giới (sau New York)",False,False,0,0.0,1.0,1.0074748992919922,7.635829925537109,-1.0074748992919922,UNANSWERABLE_FALSE_POSITIVE
0016-0004-0005,Thành phố nào tổ chức một lễ lớn cho Thánh bổn mạng?,New York,Ireland,True,False,0,0.0,1.0,0.7587313652038574,7.782843112945557,-0.7587313652038574,WRONG_SPAN
0016-0005-0001,Liên hoan phim thế giới Montréal xếp sau những liên hoan phim nào?,Liên hoan phim Cannes,Liên hoan phim thế giới Montréal,True,False,0,0.6,1.0,-0.4719247817993164,8.85301685333252,0.4719247817993164,SPAN_TOO_LONG
0016-0005-0002,Liên hoan phim nào uy tín nhất thế giới?,Liên hoan phim Cannes,Liên hoan phim thế giới Montréal,True,False,0,0.6,1.0,-0.29587650299072266,8.982731819152832,0.29587650299072266,SPAN_TOO_LONG
0016-0005-0003,Liên hoan phim thế giới Montréal xếp trước những liên hoan phim nào?,,Liên hoan phim thế giới Montréal,False,False,0,0.0,1.0,-0.715240478515625,9.116052627563477,0.715240478515625,UNANSWERABLE_FALSE_POSITIVE
0016-0005-0004,"Khi đến khoe tài tại Montréal, các nhạc sĩ, nghệ sĩ đã sử dụng ngôn ngữ nào?",tiếng Pháp,Francopholie,True,False,0,0.0,1.0,-3.749361991882324,10.732653617858887,3.749361991882324,WRONG_SPAN
0016-0005-0005,"Khi đến khoe tài tại Hy Lạp, các nhạc sĩ, nghệ sĩ đã sử dụng ngôn ngữ nào?",,Francopholie,False,False,0,0.0,1.0,-2.8117589950561523,10.541168212890625,2.8117589950561523,UNANSWERABLE_FALSE_POSITIVE
0016-0005-0006,"Về phương diện phim ảnh, Montréal có điều gì khác biệt so với các thành phố khác?",Montréal có 3 liên hoan phim diễn ra hàng năm,,True,True,0,0.0,1.0,1.924117088317871,6.876482963562012,-1.924117088317871,ANSWERABLE_PREDICTED_EMPTY
0016-0006-0001,"Theo thống kê năm 2001, cư dân gốc Việt xếp thứ mấy tại Toronto?",thứ nhì,25.605 cư dân gốc Việt đông thứ nhì sau cộng đồng người Việt tại Toronto,True,False,0,0.2222222222222222,1.0,-4.148763656616211,9.283498764038086,4.148763656616211,SPAN_TOO_LONG
0016-0006-0002,"Trong khỏang thời gian nào mà tại Canada, Montréal là nơi tiếp nhận người Việt nhiều nhất?",từ 1975 đến 1985,từ 1975 đến 1985,True,False,1,1.0,1.0,-0.3398780822753906,8.67243766784668,0.3398780822753906,CORRECT
0016-0006-0003,"Theo thống kê năm 2001, cư dân gốc Toronto xếp thứ mấy tại Việt?",,25.605 cư dân gốc Việt,False,False,0,0.0,1.0,-3.7376976013183594,9.556716918945312,3.7376976013183594,UNANSWERABLE_FALSE_POSITIVE
0016-0006-0004,Số lượng người Việt ở Montréal trước 1975 là khỏang bao nhiêu?,100 người,cộng đồng người Việt ở Montréal chỉ độ 100 người,True,False,0,0.33333333333333337,1.0,-0.14987564086914062,8.486175537109375,0.14987564086914062,SPAN_TOO_LONG
0016-0006-0005,"Trong khỏang thời gian nào mà tại Việt Nam, Montréal là nơi tiếp nhận người Canada nhiều nhất?",,từ 1975 đến 1985,False,False,0,0.0,1.0,1.433349609375,7.160955429077148,-1.433349609375,UNANSWERABLE_FALSE_POSITIVE
0016-0006-0006,Cộng đồng người Việt ở đâu xếp sau Toronto Canada về mặt số lượng con người?,Montréal,,True,True,0,0.0,1.0,2.3445825576782227,5.991402626037598,-2.3445825576782227,ANSWERABLE_PREDICTED_EMPTY
0016-0007-0001,Montreal cup cấp một thị trường dâu tây lớn nhất cho khu vực nào trên thế giới?,Bắc Mỹ,dâu tây lớn nhất nhất cho thị trường Bắc Mỹ,True,False,0,0.33333333333333337,1.0,1.7615442276000977,6.761693000793457,-1.7615442276000977,SPAN_TOO_LONG
0016-0007-0002,Chợ Montreal ở Le Marche des Saveurs du Quebe nổi tiếng là một trong những nơi nổi tiếng về đặc sản nào?,,,False,True,1,1.0,1.0,2.065377712249756,6.4591755867004395,-2.065377712249756,CORRECT_NO_ANSWER
0016-0007-0003,Chợ nào ở Montréal nổi tiếng về thịt hun khói và rượu táo?,Le Marche des Saveurs du Quebec,,True,True,0,0.0,1.0,1.9995718002319336,6.616538047790527,-1.9995718002319336,ANSWERABLE_PREDICTED_EMPTY
0016-0007-0004,Ở Montreal có đặc sản gì nổi tiếng khắp thế giới?,dâu tây Quebec,đặc sản dâu tây Quebec,True,False,0,0.7499999999999999,1.0,0.35116100311279297,7.408647060394287,-0.35116100311279297,SPAN_TOO_LONG
0016-0007-0005,Chợ Le Marche des Saveurs du Quebe ở Montreal nổi tiếng là một trong những nơi nổi tiếng về đặc sản nào?,"phô mai tươi, thịt hun khói, xi-rô, rượu vang, rượu táo và một lượng lớn quà tặng","phô mai tươi, thịt hun khói, xi-rô, rượu vang, rượu táo và một lượng lớn quà tặng",True,False,1,1.0,1.0,1.4233531951904297,7.062080383300781,-1.4233531951904297,CORRECT
0016-0007-0006,Ở Bắc Mỹ có đặc sản gì nổi tiếng khắp thế giới?,,,False,True,1,1.0,1.0,2.2650485038757324,6.287660121917725,-2.2650485038757324,CORRECT_NO_ANSWER
0017-0001-0001,Franklin Delano Roosevelt là ai?,Tổng thống Hoa Kỳ thứ 32,,True,True,0,0.0,1.0,3.0789241790771484,5.59739875793457,-3.0789241790771484,ANSWERABLE_PREDICTED_EMPTY
0017-0001-0002,Ông đã vượt qua đối thủ nào trong cuộc tranh cử tổng thống vào tháng 11 năm 1932?,Herbert Hoover,Herbert Hoover,True,False,1,1.0,1.0,-2.5261049270629883,9.244962692260742,2.5261049270629883,CORRECT
0017-0001-0003,Franklin là ai?,,,False,True,1,1.0,1.0,2.8135461807250977,5.865265846252441,-2.8135461807250977,CORRECT_NO_ANSWER
0017-0001-0004,Tổng thống Roosevelt đã có những thành tựu gì trong sự nghiệp chính trị của mình?,"Là tổng thống Hoa Kỳ duy nhất được bầu hơn hai nhiệm kỳ, ông tạo ra một liên minh bền vững giúp tái tổ chức nền chính trị Hoa Kỳ trong nhiều thập niên",,True,True,0,0.0,1.0,2.5890350341796875,6.098407745361328,-2.5890350341796875,ANSWERABLE_PREDICTED_EMPTY
0017-0001-0005,Roosevelt đã mang lại cho Hoa Kỳ điều gì trong những năm đương nhiệm?,làm cho tinh thần quốc gia sống dậy,,True,True,0,0.0,1.0,2.986515522003174,5.725379467010498,-2.986515522003174,ANSWERABLE_PREDICTED_EMPTY
0017-0001-0006,Hoa Kỳ đã mang lại cho Roosevelt điều gì trong những năm đương nhiệm?,,,False,True,1,1.0,1.0,2.8450570106506348,5.880534648895264,-2.8450570106506348,CORRECT_NO_ANSWER
0017-0001-0007,Tổng thống thứ 31 của Mỹ là ai?,Herbert Hoover,Franklin Delano Roosevelt,True,False,0,0.0,1.0,1.039151668548584,7.432943820953369,-1.039151668548584,WRONG_SPAN
0017-0001-0008,Franklin Delano Roosevelt có vai trò gì trong tình hình chiến sự thế giới trong giữa thế kỷ XX?,khuôn mặt trung tâm,,True,True,0,0.0,1.0,2.350701332092285,6.251678466796875,-2.350701332092285,ANSWERABLE_PREDICTED_EMPTY
0017-0001-0009,Tổng thống Herbert Hoover đã có những thành tựu gì trong sự nghiệp chính trị của mình?,,,False,True,1,1.0,1.0,2.986109733581543,5.663897514343262,-2.986109733581543,CORRECT_NO_ANSWER
0017-0002-0001,Sự nghiệp tổng thống của Roosevelt bắt đầu vào thời gian nào?,ngày 4 tháng 3 năm 1933,,True,True,0,0.0,1.0,2.923882484436035,5.949736595153809,-2.923882484436035,ANSWERABLE_PREDICTED_EMPTY
0017-0002-0002,Chương trình nào của Mỹ đã giúp giải quyết khủng hỏang và cải cách kinh tế trong nhiệm kỳ đầu của tổng thống Roosevelt?,chương trình kinh tế Kinh tế Mới,chương trình kinh tế Kinh tế Mới,True,False,1,1.0,1.0,-1.4816217422485352,9.555281639099121,1.4816217422485352,CORRECT
0017-0002-0003,"Các quy định kiểm sóat thương nghiệp do Roosevelt lập nên đã có những thay đổi như thế nào vào thời ""hậu Roosevelt""?","Phần lớn các quy định kiểm sóat thương nghiệp chấm dứt vào khỏang thời gian từ năm 1975–85, trừ quy định kiểm sóat đối với Phố Wall do Ủy ban Giao dịch và Chứng khóan Hoa Kỳ đảm trách vẫn còn tồn tại đến ngày nay",quy định kiểm sóat đối với Phố Wall,True,False,0,0.2909090909090909,1.0,1.4437932968139648,7.32351016998291,-1.4437932968139648,SPAN_TOO_SHORT
0017-0002-0004,Hoa Kỳ đã gặp những khó khăn gì trong nỗ lực cải thiện tình hình kinh tế của Roosevelt?,,,False,True,1,1.0,1.0,4.2629547119140625,4.65147590637207,-4.2629547119140625,CORRECT_NO_ANSWER
0017-0002-0005,Sự nghiệp tổng thống của Hoa Kỳ bắt đầu vào thời gian nào?,,,False,True,1,1.0,1.0,3.360629081726074,5.533209800720215,-3.360629081726074,CORRECT_NO_ANSWER
0017-0002-0006,Roosevelt đã gặp những khó khăn gì trong nỗ lực cải thiện tình hình kinh tế Hoa Kỳ?,"Liên minh bảo thủ lưỡng đảng hình thành vào năm 1937 đã ngăn cản ông ""đưa người"" vào Tối cao Pháp viện Hoa Kỳ hoặc thông qua quá nhiều luật mới; liên minh này cũng đã hủy bỏ phần lớn các chương trình trợ cấp khi tình trạng thất nghiệp thực tế chấm dứt trong suốt Chiến tranh thế giới thứ hai",,True,True,0,0.0,1.0,3.9547691345214844,4.970146179199219,-3.9547691345214844,ANSWERABLE_PREDICTED_EMPTY
0017-0002-0007,"Trong nhiệm kỳ đầu tiên của mình, Roosevelt đã có những thay đổi nào?",FDR đã hướng dẫn Quốc hội Hoa Kỳ thông qua chương trình kinh tế Kinh tế Mới,,True,True,0,0.0,1.0,2.2870616912841797,6.56141471862793,-2.2870616912841797,ANSWERABLE_PREDICTED_EMPTY
0017-0002-0008,Việc thông qua chương trình kinh tế Kinh tế Mới nhằm mục đích gì?,"giải cứu khủng hỏang (đặc biệt là tạo ra các việc làm của chính phủ dành cho người thất nghiệp) và cải cách kinh tế (theo ông có nghĩa là lập ra quy định kiểm sóat đối với Phố Wall, ngân hàng và giao thông)","giải cứu khủng hỏang (đặc biệt là tạo ra các việc làm của chính phủ dành cho người thất nghiệp) và cải cách kinh tế (theo ông có nghĩa là lập ra quy định kiểm sóat đối với Phố Wall, ngân hàng và giao thông)",True,False,1,1.0,1.0,-1.3739681243896484,9.714531898498535,1.3739681243896484,CORRECT
0017-0003-0001,"Thông qua đạo luật Lend-Lease, Roosevelt đã có hành động gì?",Roosevelt cung cấp viện trợ cho các quốc gia chiến đấu chống Đức Quốc xã bên cạnh Anh Quốc,Roosevelt cung cấp viện trợ cho các quốc gia chiến đấu chống Đức Quốc xã bên cạnh Anh Quốc,True,False,1,1.0,1.0,-1.8441991806030273,9.722103118896484,1.8441991806030273,CORRECT
0017-0003-0002,"Ông là người có nhiều chỉ trích trong Thế chiến thứ 2 nhưng đưa nền kinh tế Mỹ phát triển chưa từng có, nhân vật lịch sử này là ai?",Roosevelt,,True,True,0,0.0,1.0,2.5380702018737793,6.124746799468994,-2.5380702018737793,ANSWERABLE_PREDICTED_EMPTY
0017-0003-0003,"Vào lúc Chiến tranh thế giới thứ hai sắp bùng nổ, Roosevelt đã có những hành động gì?",FDR đã giang tay hỗ trợ tài chính và ngọai giao mạnh mẽ cho Trung Hoa và Anh Quốc trong lúc vẫn duy trì chính thức tình trạng trung lập,FDR đã giang tay hỗ trợ tài chính và ngọai giao mạnh mẽ cho Trung Hoa và Anh Quốc trong lúc vẫn duy trì chính thức tình trạng trung lập,True,False,1,1.0,1.0,0.8162651062011719,7.837270736694336,-0.8162651062011719,CORRECT
0017-0003-0004,Việc duy trì chính thức tình trạng trung lập của Hoa Kỳ có mục đích gì?,"phải tạo cho nước Mỹ thành ""kho vũ khí dân chủ"" — cung cấp đạn dược vũ khí trong khi các quốc gia khác thực hiện việc chiến đấu","phải tạo cho nước Mỹ thành ""kho vũ khí dân chủ"" — cung cấp đạn dược vũ khí trong khi các quốc gia khác thực hiện việc chiến đấu",True,False,1,1.0,1.0,-0.5705795288085938,8.981613159179688,0.5705795288085938,CORRECT
0017-0003-0005,Roosevelt đóng vai trò gì trong chiến tranh thế giới thứ 2?,trông coi việc tổng động viên tòan lực nền kinh tế Hoa Kỳ để hỗ trợ cho những nỗ lực chiến tranh của đồng minh,,True,True,0,0.0,1.0,3.3979501724243164,5.212635040283203,-3.3979501724243164,ANSWERABLE_PREDICTED_EMPTY
0017-0003-0006,Việc trung lập chính thức tình trạng duy trì của Hoa Kỳ có mục đích gì?,,"phải tạo cho nước Mỹ thành ""kho vũ khí dân chủ"" — cung cấp đạn dược vũ khí trong khi các quốc gia khác thực hiện việc chiến đấu",False,False,0,0.0,1.0,0.27150917053222656,8.203805923461914,-0.27150917053222656,UNANSWERABLE_FALSE_POSITIVE
0017-0003-0007,"Vào lúc Chiến tranh thế giới thứ nhất sắp bùng nổ, Roosevelt đã có những hành động gì?",,FDR đã giang tay hỗ trợ tài chính và ngọai giao mạnh mẽ cho Trung Hoa và Anh Quốc trong lúc vẫn duy trì chính thức tình trạng trung lập,False,False,0,0.0,1.0,1.1737141609191895,7.493574619293213,-1.1737141609191895,UNANSWERABLE_FALSE_POSITIVE
0017-0003-0008,Quốc hội Hoa Kỳ đã cho phép Roosevelt làm điều gì trong chiến tranh thế giới thứ 2?,cho phép tuyên chiến với Nhật Bản sau khi Nhật Bản tấn công Trân Châu Cảng vào ngày 7 tháng 12 năm 1941,Roosevelt cung cấp viện trợ cho các quốc gia chiến đấu chống Đức Quốc xã bên cạnh Anh Quốc. Ông được Quốc hội Hoa Kỳ gần như nhất trí cho phép tuyên chiến với Nhật Bản,True,False,0,0.23728813559322037,1.0,1.0489020347595215,7.333699703216553,-1.0489020347595215,SPAN_TOO_LONG
0017-0003-0009,"Thông qua đạo luật của Trung Hoa, Roosevelt đã có hành động gì?",,,False,True,1,1.0,1.0,3.2026214599609375,5.427043914794922,-3.2026214599609375,CORRECT_NO_ANSWER
0017-0003-0010,Quốc hội Hoa Kỳ đã cho phép Roosevelt làm điều gì trong chiến tranh thế giới thứ nhất?,,Roosevelt cung cấp viện trợ cho các quốc gia chiến đấu chống Đức Quốc xã bên cạnh Anh Quốc. Ông được Quốc hội Hoa Kỳ gần như nhất trí cho phép tuyên chiến với Nhật Bản,False,False,0,0.0,1.0,1.2655682563781738,7.164336681365967,-1.2655682563781738,UNANSWERABLE_FALSE_POSITIVE
0017-0004-0001,Roosevelt đã tác động như thế nào đến nền chính trị Mỹ?,"Roosevelt đã chi phối nền chính trị Mỹ, không chỉ trong suốt 12 năm làm tổng thống mà còn nhiều thập niên về sau",,True,True,0,0.0,1.0,5.3897864818573,3.2804863452911377,-5.3897864818573,ANSWERABLE_PREDICTED_EMPTY
0017-0004-0002,Roosevelt đã làm những gì để Mỹ có thể chi phối nền chính trị?,,,False,True,1,1.0,1.0,2.916752815246582,5.7109174728393555,-2.916752815246582,CORRECT_NO_ANSWER
0017-0004-0003,Các học giả đã đánh giá Roosevelt như thế nào?,là một trong số các tổng thống vĩ đại của Hoa Kỳ,,True,True,0,0.0,1.0,3.7366905212402344,4.858501434326172,-3.7366905212402344,ANSWERABLE_PREDICTED_EMPTY
0017-0004-0004,Roosevelt đã làm những gì để có thể chi phối nền chính trị Mỹ?,Ông là nhạc trưởng của việc tái phối trí cử tri mà sau đó hình thành nên Hệ thống đảng phái lần thứ 5,,True,True,0,0.0,1.0,2.9296140670776367,5.687804222106934,-2.9296140670776367,ANSWERABLE_PREDICTED_EMPTY
0017-0004-0005,Sức ảnh hưởng của chính phủ Roosevelt đã tác động đến những tổ chức nào?,Liên Hiệp Quốc và Hệ thống Bretton Woods,Liên Hiệp Quốc và Hệ thống Bretton Woods,True,False,1,1.0,1.0,-0.7263622283935547,9.042255401611328,0.7263622283935547,CORRECT
0017-0004-0006,Liên minh New Deal của Roosevelt đã có những thành tựu gì?,"qui tụ được các công đòan lao động, những cỗ máy thành phố lớn (?), các sắc tộc da trắng, những người nhận trợ cấp xã hội, người Mỹ gốc châu Phi và những người nông dân da trắng ở miền Nam Hoa Kỳ","các công đòan lao động, những cỗ máy thành phố lớn (?), các sắc tộc da trắng, những người nhận trợ cấp xã hội, người Mỹ gốc châu Phi và những người nông dân da trắng",True,False,0,0.8974358974358974,1.0,-0.4166545867919922,8.279522895812988,0.4166545867919922,SPAN_TOO_SHORT
0017-0004-0007,Roosevelt đã đánh giá các học giả như thế nào?,,,False,True,1,1.0,1.0,3.263747215270996,5.322152137756348,-3.263747215270996,CORRECT_NO_ANSWER
0017-0004-0008,Những tổ chức nào đã tác động đến sức ảnh hưởng của chính phủ Roosevelt?,,Liên Hiệp Quốc và Hệ thống Bretton Woods,False,False,0,0.0,1.0,-1.2047433853149414,9.21609878540039,1.2047433853149414,UNANSWERABLE_FALSE_POSITIVE
0017-0004-0009,Roosevelt bị tác động như thế nào từ nền chính trị Mỹ?,,,False,True,1,1.0,1.0,5.581015586853027,3.1482667922973633,-5.581015586853027,CORRECT_NO_ANSWER
0017-0004-0010,Tại sao Roosevelt được đánh giá là một trong những tổng thống vĩ đại của nước Mỹ?,"Roosevelt đã chi phối nền chính trị Mỹ, không chỉ trong suốt 12 năm làm tổng thống mà còn nhiều thập niên về sau",Roosevelt,True,False,0,0.07999999999999999,1.0,1.4567556381225586,7.027390480041504,-1.4567556381225586,SPAN_TOO_SHORT
0017-0004-0011,Liên minh Roosevelt của New Deal đã có những thành tựu gì?,,"các công đòan lao động, những cỗ máy thành phố lớn (?), các sắc tộc da trắng, những người nhận trợ cấp xã hội, người Mỹ gốc châu Phi và những người nông dân da trắng",False,False,0,0.0,1.0,-0.9754571914672852,8.712904930114746,0.9754571914672852,UNANSWERABLE_FALSE_POSITIVE
0017-0005-0001,"Franklin Delano Roosevelt ngưỡng mộ Theodore Roosevelt ở những đặc điểm nào, khiến Franklin trở thành hình mẫu lý tưởng của Theodore?",,,False,True,1,1.0,1.0,3.187382221221924,5.452850818634033,-3.187382221221924,CORRECT_NO_ANSWER
0017-0005-0002,"Trước khi trở thành vợ của Fraklin Delano Roosevelt, Anna Eleanor Roosevelt và Fraklin có mối quan hệ đặc biệt gì?",Cả hai đều là hậu duệ của một người Hà Lan tên Claes Martensz van Rosenvelt (Roosevelt) đến vùng đất New Amsterdam (nay là Manhattan của thành phố New York) từ Hà Lan trong thập niên 1640,,True,True,0,0.0,1.0,1.9292550086975098,6.734353542327881,-1.9292550086975098,ANSWERABLE_PREDICTED_EMPTY
0017-0005-0003,Hiệu trưởng Endicott Peabody bị ảnh hưởng bởi Franklin Delano Roosevelt như thế nào?,,"Franklin tiếp nhận ảnh hưởng của hiệu trưởng Endicott Peabody, người đã dạy cho cậu hiểu rằng nghĩa vụ của người tín hữu Cơ Đốc là giúp đỡ người kém may mắn",False,False,0,0.0,1.0,-0.7784919738769531,9.072003364562988,0.7784919738769531,UNANSWERABLE_FALSE_POSITIVE
0017-0005-0004,Ai là người có ảnh hưởng đến trường Groton trong những năm đi học của Franklin Delano Roosevelt?,,,False,True,1,1.0,1.0,3.3356852531433105,5.286779880523682,-3.3356852531433105,CORRECT_NO_ANSWER
0017-0005-0005,Hiệu trưởng Endicott Peabody đã ảnh hưởng đến Franklin Delano Roosevelt như thế nào?,"dạy cho cậu hiểu rằng nghĩa vụ của người tín hữu Cơ Đốc là giúp đỡ người kém may mắn, ông cũng khuyến khích học sinh tham gia tích cực vào các họat động cộng đồng","Franklin tiếp nhận ảnh hưởng của hiệu trưởng Endicott Peabody, người đã dạy cho cậu hiểu rằng nghĩa vụ của người tín hữu Cơ Đốc là giúp đỡ người kém may mắn",True,False,0,0.5882352941176471,1.0,-0.21165084838867188,8.606734275817871,0.21165084838867188,SPAN_TOO_SHORT
0017-0005-0006,Ai là người có ảnh hưởng đến Franklin Delano Roosevelt trong những năm đi học tại trường Groton?,hiệu trưởng Endicott Peabody,,True,True,0,0.0,1.0,3.4322729110717773,5.183261871337891,-3.4322729110717773,ANSWERABLE_PREDICTED_EMPTY
0017-0005-0007,Đã có những sự kiện gì xảy ra trong khỏang thời gian Franklin theo học tại Harvard?,người anh em họ năm đời của Franklin là Theodore Roosevelt đắc cử tổng thống,,True,True,0,0.0,1.0,3.057605266571045,5.592386722564697,-3.057605266571045,ANSWERABLE_PREDICTED_EMPTY
0017-0005-0008,"Franklin Delano Roosevelt ngưỡng mộ Theodore Roosevelt ở những đặc điểm nào, khiến Theodore trở thành hình mẫu lý tưởng của Franklin?",chính phong thái lãnh đạo cương quyết của Theodore và nhiệt tâm cải cách,,True,True,0,0.0,1.0,3.209456443786621,5.441769599914551,-3.209456443786621,ANSWERABLE_PREDICTED_EMPTY
0017-0005-0009,Franklin và Eleanor là hậu dệ của ai?,Claes Martensz van Rosenvelt,Eleanor và Theodore,True,False,0,0.0,1.0,1.107041358947754,7.200568199157715,-1.107041358947754,WRONG_SPAN
0017-0006-0001,Chồng của Eleanor có 1 người như thế nào?,"một chàng trai tuấn tú, tài hoa và giỏi giao tiếp",,True,True,0,0.0,1.0,5.929175138473511,2.7489941120147705,-5.929175138473511,ANSWERABLE_PREDICTED_EMPTY
0017-0006-0002,"Tại hôn lễ của Fraklin và Eleanor, Theodore xuất hiện với vai trò gì?",người thay mặt người cha đã quá cố của cô dâu,Hôn lễ tổ chức ngày 17 tháng 3 năm 1905 có sự hiện diện của Theodore Roosevelt như là người thay mặt người cha đã quá cố của cô dâu,True,False,0,0.5365853658536585,1.0,1.3536615371704102,6.930357933044434,-1.3536615371704102,SPAN_TOO_LONG
0017-0006-0003,Roosevelt gặp điều gì khó khăn khi quyết định kết hôn với Eleanor?,sự chống đối quyết liệt của mẹ FDR,,True,True,0,0.0,1.0,2.8059897422790527,5.565365314483643,-2.8059897422790527,ANSWERABLE_PREDICTED_EMPTY
0017-0006-0004,Thành quả của cuộc hôn nhân giữa Eleanor và Fraklin là gì?,Họ có sáu người con,,True,True,0,0.0,1.0,5.4424824714660645,3.2085824012756348,-5.4424824714660645,ANSWERABLE_PREDICTED_EMPTY
0017-0006-0005,Eleanor có tính cách như thế nào?,"Eleanor kín đáo và không thích đời sống xã hội, lúc đầu cô chỉ muốn chăm sóc nhà cửa và nuôi dạy con cái",,True,True,0,0.0,1.0,4.224933624267578,4.322380065917969,-4.224933624267578,ANSWERABLE_PREDICTED_EMPTY
0017-0006-0006,Món quà mà mẹ của Roosevelt tặng vợ chồng ông sau ngày cưới là gì?,ngôi nhà,,True,True,0,0.0,1.0,4.665984392166138,3.938707113265991,-4.665984392166138,ANSWERABLE_PREDICTED_EMPTY
0017-0007-0001,Những người con như Franklin và Eleanor đã phải chịu khó khăn gì trong cuộc sống?,,,False,True,1,1.0,1.0,4.284431457519531,4.348150253295898,-4.284431457519531,CORRECT_NO_ANSWER
0017-0007-0002,Cuộc sống gia đình của những người con của Roosevelt diễn ra như thế nào?,"19 lần kết hôn, 15 lần ly dị và sinh 29 người con",,True,True,0,0.0,1.0,4.794489860534668,3.8031301498413086,-4.794489860534668,ANSWERABLE_PREDICTED_EMPTY
0017-0007-0003,Những thành tích mà bốn người con trai của Roosevelt đạt được là gì?,"Cả bốn người con trai đều là sĩ quan quân đội tham gia Chiến tranh thế giới thứ hai, tất cả đều được tặng thưởng huân chương biểu dương sự dũng cảm của họ trên chiến trường",,True,True,0,0.0,1.0,4.74530553817749,3.9323067665100098,-4.74530553817749,ANSWERABLE_PREDICTED_EMPTY
0017-0007-0004,Những người con của Franklin và Eleanor đã phải chịu khó khăn gì trong cuộc sống?,"cuộc sống xáo trộn, bị lu mờ vì sự nổi tiếng của ông bố và bà mẹ",,True,True,0,0.0,1.0,4.535735130310059,4.09017276763916,-4.535735130310059,ANSWERABLE_PREDICTED_EMPTY
0017-0007-0005,"Ngòai FDR, Jr. tham gia quốc hội, người con nào cũa FDR tham gia Hạ viện Mỹ?",James,"Hai người được bầu vào Hạ viện Hoa Kỳ: FDR, Jr. phục vụ ba nhiệm kỳ, đại diện khu vực phía tây Thượng Manhattan. Còn James phục vụ 6 nhiệm kỳ, đại diện khu quốc hội số 26 của tiểu bang California",True,False,0,0.046511627906976744,1.0,0.3124537467956543,7.8175225257873535,-0.3124537467956543,SPAN_TOO_LONG
0017-0008-0001,"Bên cạnh Roosevelt, Eleanor còn có những mối quan hệ nào khác?",,Roosevelt còn có những mối quan hệ lãng mạn bên ngòai hôn nhân,False,False,0,0.0,1.0,-0.5807180404663086,9.079891204833984,0.5807180404663086,UNANSWERABLE_FALSE_POSITIVE
0017-0008-0002,"Sự việc Roosevelt có quan hệ tình cảm với Lucy Mercer, bị Eleanor phát hiện khi nào?",Tháng 9 năm 1918,,True,True,0,0.0,1.0,1.8143930435180664,6.762775421142578,-1.8143930435180664,ANSWERABLE_PREDICTED_EMPTY
0017-0008-0003,Vụ việc ly hôn của Eleanor và Roosevelt được giải quyết như thế nào?,"Qua trung gian của Louis Howe, một cố vấn của Franklin, hai người hòa giải với nhau, nhưng trong thời gian còn lại của cuộc hôn nhân, Eleanor đến sống một mình trong một ngôi nhà ở Hyde Park tại Valkill",,True,True,0,0.0,1.0,4.675863742828369,4.09566068649292,-4.675863742828369,ANSWERABLE_PREDICTED_EMPTY
0017-0008-0004,"Roosevelt đã có mối quan hệ với ai, trong quan hệ bên ngòai hôn nhân?",Lucy Mercer,"cô thư ký của Eleanor, Lucy Mercer",True,False,0,0.4444444444444445,1.0,-0.7036027908325195,9.241059303283691,0.7036027908325195,SPAN_TOO_LONG
0017-0008-0005,"Bên cạnh Eleanor, Roosevelt còn có những mối quan hệ nào khác?",những mối quan hệ lãng mạn bên ngòai hôn nhân,Roosevelt còn có những mối quan hệ lãng mạn bên ngòai hôn nhân,True,False,0,0.8695652173913044,1.0,-0.5760841369628906,8.955016136169434,0.5760841369628906,SPAN_TOO_LONG
0017-0008-0006,"Sau khi phát hiện Roosevlet lừa dối mình, Eleanor đã có quyết định gì?",Eleanor đến gặp chồng với những bức thư trên tay và yêu cầu ly dị,,True,True,0,0.0,1.0,4.664151668548584,4.1894097328186035,-4.664151668548584,ANSWERABLE_PREDICTED_EMPTY
0017-0008-0007,Nguyên nhân nào dẫn đến Eleanor rạn vỡ tình cảm với Roosevelt?,Roosevelt còn có những mối quan hệ lãng mạn bên ngòai hôn nhân,,True,True,0,0.0,1.0,4.382536888122559,4.327078819274902,-4.382536888122559,ANSWERABLE_PREDICTED_EMPTY
0017-0009-0001,"Sự kiện nào đã đưa Roosevelt nhậm chức 1/1/1991 và trở thành thủ lĩnh nhóm ""phản lọan""?",Chiến thắng vang dội của đảng Dân chủ năm ấy đã đưa Roosevelt đến thủ phủ tiểu bang là Albany,Roosevelt nhậm chức ngày 1 tháng 1 năm 1911,True,False,0,0.13793103448275865,1.0,0.8249588012695312,7.738714218139648,-0.8249588012695312,SPAN_TOO_SHORT
0017-0009-0002,"Bộ máy chính trị ""Tammany Hall"" là gì?",nhóm chính trị thuộc đảng Dân chủ luôn đóng vai trò chính kiểm sóat chính trường thành phố New York,phản lọan,True,False,0,0.0,1.0,0.06327438354492188,8.000627517700195,-0.06327438354492188,WRONG_SPAN
0017-0009-0003,"Trước Roosevelt, từ năm 1984 có những ai của đảng Dân chủ đắc cử vào Thượng viện ở quận Dutches?",chưa có một ứng viên đảng Dân chủ nào,,True,True,0,0.0,1.0,2.458190441131592,6.265040874481201,-2.458190441131592,ANSWERABLE_PREDICTED_EMPTY
0017-0009-0004,Tại sao việc James A. O'Gorman được bầu cử vào thượng viện Hoa Kỳ lại được cho là một sự thành công đối với Roosevelt?,Roosevelt đạt được mục tiêu của mình: đó là chọc giận bộ máy chính trị Tammany Hall bằng cách ngăn chặn người mà nhóm này chọn lựa làm ứng cử viên là William F. Sheehan,Roosevelt đạt được mục tiêu của mình: đó là chọc giận bộ máy chính trị Tammany Hall bằng cách ngăn chặn người mà nhóm này chọn lựa làm ứng cử viên là William F. Sheehan,True,False,1,1.0,1.0,0.4317474365234375,8.07435417175293,-0.4317474365234375,CORRECT
0017-0009-0005,Tại sao việc bầu cử Thượng viện Hoa Kỳ lại gặp phải kết quả bế tắc?,sự tranh giành của hai phe phái trong 74 ngày,sự tranh giành của hai phe phái trong 74 ngày,True,False,1,1.0,1.0,0.022798538208007812,8.502690315246582,-0.022798538208007812,CORRECT
0017-0010-0001,"Trong chiến dịch vận động tranh cử chức Phó Tổng thống năm 1920, trong cái bài diễn văn của mình, Roosevelt đã khẳng định điểu gì?",chính ông đã sọan bản hiến pháp mà Hoa Kỳ áp đặt cho Haiti năm 1915,"Roosevelt tuyên bố rằng, với tư cách Phụ tá Bộ trưởng Hải quân, chính ông đã sọan bản hiến pháp mà Hoa Kỳ áp đặt cho Haiti năm 1915",True,False,0,0.7111111111111111,1.0,-2.01912784576416,9.305594444274902,2.01912784576416,SPAN_TOO_LONG
0017-0010-0002,James là ai?,,,False,True,1,1.0,1.0,2.692192554473877,6.099481105804443,-2.692192554473877,CORRECT_NO_ANSWER
0017-0010-0003,"Năm 1914, trong cuộc bầu cử sơ bộ của Roosevelt, ai là người đã đánh bại đảng Dân chủ?",,James W. Gerard,False,False,0,0.0,1.0,-2.7925024032592773,10.493609428405762,2.7925024032592773,UNANSWERABLE_FALSE_POSITIVE
0017-0010-0004,"Giữ chức vụ Phụ tá Bộ trưởng Hải quân Hoa Kỳ, Roosevelt đã có những đóng góp gì?",Roosevelt tích cực họat động nhằm mở rộng quân chủng Hải quân và thành lập lực lượng Hải quân Trù bị,,True,True,0,0.0,1.0,5.029727935791016,3.805561065673828,-5.029727935791016,ANSWERABLE_PREDICTED_EMPTY
0017-0010-0005,Ai là người sọan ra bản hiến pháp được Mỹ áp đặt cho Haiti vào năm 1915?,Roosevelt,"Roosevelt tuyên bố rằng, với tư cách Phụ tá Bộ trưởng Hải quân",True,False,0,0.14285714285714288,1.0,-0.5719051361083984,8.691176414489746,0.5719051361083984,SPAN_TOO_LONG
0017-0010-0006,"Tổng thống Wilson đã có chỉ thị gì với Hải quân, tại các quốc gia vùng Trung Mỹ và Caribbe?",Hải quân và Thủy quân Lục chiến can thiệp vào các quốc gia vùng Trung Mỹ và Caribbe,lực lượng Hải quân và Thủy quân Lục chiến,True,False,0,0.5185185185185185,1.0,-1.6518020629882812,8.984779357910156,1.6518020629882812,SPAN_TOO_SHORT
0017-0010-0007,"Trong chiến dịch của mình khi tranh cử chức Phó Tổng thống năm 1920, trong các bài diễn văn vận động, Roosevelt đã khẳng định điều gì?",,"Roosevelt tuyên bố rằng, với tư cách Phụ tá Bộ trưởng Hải quân, chính ông đã sọan bản hiến pháp mà Hoa Kỳ áp đặt cho Haiti năm 1915",False,False,0,0.0,1.0,-1.9580202102661133,9.302425384521484,1.9580202102661133,UNANSWERABLE_FALSE_POSITIVE
0017-0010-0008,"Năm 1914, trong cuộc bầu cử sơ bộ của đảng Dân chủ, ai là người đã đánh bại Roosevelt?",James W. Gerard,James W. Gerard,True,False,1,1.0,1.0,-2.4241724014282227,10.39289665222168,2.4241724014282227,CORRECT
0017-0010-0009,James W. Gerard là ai?,một người được nhóm Tammany Hall ủng hộ,,True,True,0,0.0,1.0,3.185464382171631,5.576046466827393,-3.185464382171631,ANSWERABLE_PREDICTED_EMPTY
0017-0011-0001,Làm việc tại Bộ Hải quân đã giúp ông những gì?,cách đàm phán với giới lãnh đạo Quốc hội và các bộ ngành khác trong chính phủ để vận động thông qua ngân sách,,True,True,0,0.0,1.0,4.216421127319336,4.475536346435547,-4.216421127319336,ANSWERABLE_PREDICTED_EMPTY
0017-0011-0002,Roosevelt đã đề xuất điều gì để đối phó với sự tấn công của tàu ngầm Đức nhắm vào tàu thủy của phe Đồng minh?,việc xây dựng hàng rào thủy lôi ở Biển Bắc từ Na Uy đến Scotland,phương sách sử dụng tàu ngầm,True,False,0,0.0,1.0,-3.3877859115600586,9.330098152160645,3.3877859115600586,WRONG_SPAN
0017-0011-0003,"Năm 1918, Roosevelt và Pháp đến Anh với mục đích gì?",,,False,True,1,1.0,1.0,2.2247323989868164,6.205445289611816,-2.2247323989868164,CORRECT_NO_ANSWER
0017-0011-0004,Sự việc gì đã dẫn đến quyết định từ chức trợ tá Bộ trưởng Hải quân của Roosevelt?,vì vụ tai tiếng tình dục ở Newport xảy ra giữa các thủy thủ Hải quân và dân đồng tình luyến ái địa phương được đăng tải trên Thời báo New York và Nhật báo Providence,vụ tai tiếng tình dục ở Newport xảy ra giữa các thủy thủ Hải quân và dân đồng tình luyến ái địa phương được đăng tải trên Thời báo New York và Nhật báo Providence,True,False,0,0.9859154929577464,1.0,0.6994190216064453,7.784366607666016,-0.6994190216064453,SPAN_TOO_SHORT
0017-0011-0005,"Năm 1918, Roosevelt đến Anh và Pháp với mục đích gì?",thị sát các căn cứ hải quân của Mỹ,Roosevelt đến thăm hai nước Anh và Pháp,True,False,0,0.0,1.0,1.142622947692871,7.077515602111816,-1.142622947692871,WRONG_SPAN
0017-0011-0006,Sự việc gì đã dẫn đến quyết định trợ tá từ chức Bộ trưởng Hải quân của Roosevelt?,,vụ tai tiếng tình dục ở Newport xảy ra giữa các thủy thủ Hải quân và dân đồng tình luyến ái địa phương được đăng tải trên Thời báo New York và Nhật báo Providence,False,False,0,0.0,1.0,1.3532061576843262,7.182244777679443,-1.3532061576843262,UNANSWERABLE_FALSE_POSITIVE
0017-0011-0007,"Trong chuyến đi thị sát của mình, Roosevelt đã gặp được nhân vật quan trọng nào?",Winston Churchill,,True,True,0,0.0,1.0,4.877671241760254,3.880422592163086,-4.877671241760254,ANSWERABLE_PREDICTED_EMPTY
0017-0011-0008,"Trong chuyến đi thị sát của nhân vật quan trọng nào, Roosevelt đã gặp được?",,,False,True,1,1.0,1.0,5.125590562820435,3.647087812423706,-5.125590562820435,CORRECT_NO_ANSWER
0017-0012-0001,"Liên danh tranh cử của Đảng Dân chủ, bên cạnh Roosevelt còn có ai?",James M. Cox,,True,True,0,0.0,1.0,3.131300926208496,5.443170547485352,-3.131300926208496,ANSWERABLE_PREDICTED_EMPTY
0017-0012-0002,"Liên danh tranh cử của Roosevelt, bên cạnh Đảng Dân chủ còn có ai?",,,False,True,1,1.0,1.0,2.9915542602539062,5.579659461975098,-2.9915542602539062,CORRECT_NO_ANSWER
0017-0012-0003,"Trong liên danh tranh cử của Đảng Dân chủ, Roosevelt được đề cử là ứng viên cho chức vụ gì?",Phó Tổng thống Hoa Kỳ,Phó Tổng thống Hoa Kỳ,True,False,1,1.0,1.0,0.5869894027709961,7.861838340759277,-0.5869894027709961,CORRECT
0017-0012-0004,Kết quả của cuộc bầu của tổng thống giữa hai Đảng Dân chủ và phe Cộng hòa là như thế nào?,liên danh tranh cử của Cox-Roosevelt bị liên danh tranh cử của phe Cộng hòa là Warren G. Harding đánh bại thảm hại,,True,True,0,0.0,1.0,3.998880386352539,4.630849838256836,-3.998880386352539,ANSWERABLE_PREDICTED_EMPTY
0017-0012-0005,"Trong liên danh tranh cử của Đảng Dân chủ, Roosevelt tự đề cử là ứng viên cho chức vụ gì?",,Phó Tổng thống Hoa Kỳ,False,False,0,0.0,1.0,0.6822347640991211,7.803174018859863,-0.6822347640991211,UNANSWERABLE_FALSE_POSITIVE
0017-0012-0006,Kết quả của cuộc bầu của tổng thống giữa hai Đảng Ohio và New York là như thế nào?,,,False,True,1,1.0,1.0,6.254895925521851,2.4624788761138916,-6.254895925521851,CORRECT_NO_ANSWER
0017-0012-0007,"Sau khi bị đánh bại bởi liên danh tranh cử của Đảng Cộng hòa, Roosevelt đã làm những gì?",trở về hành nghề pháp lý tại New York và gia nhập Câu lạc bộ Civitan New York vừa mới được thành lập,,True,True,0,0.0,1.0,2.3368406295776367,6.218182563781738,-2.3368406295776367,ANSWERABLE_PREDICTED_EMPTY
0017-0013-0001,"Trong kì nghỉ phép của mình tại Đảo Campobello, Roosevelt đã phải gặp tình trạng khó khăn nào?","Roosevelt bị nhiễm bệnh mà theo các bác sĩ của ông tin là bệnh bại liệt, dẫn đến tình trạng bị bại liệt hòan tòan và vĩnh viễn từ thắt lưng trở xuống",Roosevelt bị nhiễm bệnh mà theo các bác sĩ của ông tin là bệnh bại liệt,True,False,0,0.653061224489796,1.0,1.5830693244934082,6.9256911277771,-1.5830693244934082,SPAN_TOO_SHORT
0017-0013-0002,"Sau khi cố gắng mắc chứng bệnh bại liệt, Roosevelt đã điều trị bệnh bại liệt của mình như thế nào?",,,False,True,1,1.0,1.0,1.8495197296142578,6.717648506164551,-1.8495197296142578,CORRECT_NO_ANSWER
0017-0013-0003,"Với việc lãnh đạo của Roosevelt trong tổ chức ""Qũy Quốc gia cho Trẻ em bại liệt"", hình tượng của ông được mọi người tưởng nhớ như thế nào?",hình ông được khắc trên đồng tiền kim lọai 10 xu,"Roosevelt giúp thành lập Qũy Quốc gia cho Trẻ em bại liệt, ngày nay được gọi là ""March of Dimes"" (tạm dịch: cuộc đi bộ của tiền kim lọai 10 xu)",True,False,0,0.2857142857142857,1.0,0.7490224838256836,7.782846450805664,-0.7490224838256836,SPAN_TOO_LONG
0017-0013-0004,Việc bị bại liệt khiến cho Roosevelt đã có những quyết định gì khi ông trở thành Tổng thống Hoa Kỳ?,Roosevelt giúp thành lập Qũy Quốc gia cho Trẻ em bại liệt,Qũy Quốc gia cho Trẻ em bại liệt,True,False,0,0.8,1.0,0.4213113784790039,8.112812042236328,-0.4213113784790039,SPAN_TOO_SHORT
0017-0013-0005,Viện Phục hồi Roosevelt Warm Springs được Roosevelt thành lập khi nào?,Trong năm 1926,Qũy Quốc gia cho Trẻ em bại liệt,True,False,0,0.0,1.0,-1.2790069580078125,9.120363235473633,1.2790069580078125,WRONG_SPAN
0017-0013-0006,"Sau khi mắc chứng bệnh bại liệt, Roosevelt đã cố gắng điệu trị bệnh bại liệt của mình như thế nào?","cố thử nhiều cách trị liệu vật lý, kể cả thủy liệu pháp (hydrotherapy)",,True,True,0,0.0,1.0,2.0707616806030273,6.518450736999512,-2.0707616806030273,ANSWERABLE_PREDICTED_EMPTY
0017-0013-0007,"Với việc tổ chức của Roosevelt trong lãnh đạo ""Qũy Quốc gia cho Trẻ em bại liệt"", hình tượng của ông được mọi người tưởng nhớ như thế nào?",,"Roosevelt giúp thành lập Qũy Quốc gia cho Trẻ em bại liệt, ngày nay được gọi là ""March of Dimes"" (tạm dịch: cuộc đi bộ của tiền kim lọai 10 xu)",False,False,0,0.0,1.0,0.5506315231323242,7.970223426818848,-0.5506315231323242,UNANSWERABLE_FALSE_POSITIVE
0017-0014-0001,Roosevelt đã làm như thế nào để có thể đứng vững trước công chúng khi mà ông tập bước đi?,,,False,True,1,1.0,1.0,2.844808578491211,5.595769882202148,-2.844808578491211,CORRECT_NO_ANSWER
0017-0014-0002,Chiếc xe hơi của Roosevelt đã được thiết kế như thế nào để có thể phù hợp với ông?,Chiếc xe hơi của ông có bộ điều khiển tay được thiết kế đặc biệt,,True,True,0,0.0,1.0,2.952695846557617,5.486364364624023,-2.952695846557617,ANSWERABLE_PREDICTED_EMPTY
0017-0014-0003,Roosevelt đã tập bước đi như thế nào khi mắc chứng bại liệt?,"Với những thanh sắt kẹp vào hông và chân, Roosevelt tự mình tập bước đi trong những khỏang cách ngắn với sự trợ giúp của một cây gậy",,True,True,0,0.0,1.0,2.5237526893615723,5.892558574676514,-2.5237526893615723,ANSWERABLE_PREDICTED_EMPTY
0017-0014-0004,Roosevelt đã làm như thế nào để có thể đứng vững trước công chúng khi mà ông không ngồi xe lăn?,Roosevelt thường xuất hiện trước công chúng trong tư thế đứng thẳng người với một phụ tá hoặc một trong các con trai của ông đứng kế bên,,True,True,0,0.0,1.0,3.1536197662353516,5.235513687133789,-3.1536197662353516,ANSWERABLE_PREDICTED_EMPTY
0017-0014-0005,Roosevelt đã mắc chứng bại liệt như thế nào khi tập bước đi?,,,False,True,1,1.0,1.0,4.48721981048584,4.095105171203613,-4.48721981048584,CORRECT_NO_ANSWER
0017-0015-0001,Kết quả cuộc tranh cử tổng thống năm 1928 của Smith như thế nào?,Smith thất cử tổng thống một cách thảm bại,,True,True,0,0.0,1.0,1.8128347396850586,6.238860130310059,-1.8128347396850586,ANSWERABLE_PREDICTED_EMPTY
0017-0015-0002,"Được đề cử với tư cách ứng viên tổng thống, Smith đã đáp lại Roosevelt như thế nào?",Smith đáp lại bằng cách yêu cầu Roosevelt ra tranh cử chức thống đốc tiểu bang New York năm 1928,,True,True,0,0.0,1.0,3.273026943206787,4.9642415046691895,-3.273026943206787,ANSWERABLE_PREDICTED_EMPTY
0017-0015-0003,Roosevelt đã hàn gắn rào cản cách biệt với Đảng Dân chủ như thế nào?,"giúp Alfred E. Smith đắc cử thống đốc tiểu bang New York năm 1922, và thậm chí ông còn là một người ủng hộ tích cực cho Smith chống lại người cháu họ của mình là đảng viên Cộng hòa Theodore Roosevelt, Jr. năm 1924",,True,True,0,0.0,1.0,3.1522531509399414,5.195258140563965,-3.1522531509399414,ANSWERABLE_PREDICTED_EMPTY
0017-0015-0004,"Trong suốt thập niên 1920, Roosevelt đã có những động thái gì đối với phe đối lập?","Roosevelt duy trì liên lạc và hàn gắn rào cản cách biệt với Đảng Dân chủ trong suốt thập niên 1920, đặc biệt là tại New York",,True,True,0,0.0,1.0,5.870394706726074,2.6708154678344727,-5.870394706726074,ANSWERABLE_PREDICTED_EMPTY
0017-0015-0005,"Trong các đại hội ở tiểu bang của Đảng Dân chủ, Roosevelt đã có những hành động nào?",,,False,True,1,1.0,1.0,3.8246259689331055,4.66166877746582,-3.8246259689331055,CORRECT_NO_ANSWER
0017-0015-0006,Kết quả cuộc tranh cử tổng thống năm 1920 của Smith như thế nào?,,,False,True,1,1.0,1.0,5.271992444992065,3.1458590030670166,-5.271992444992065,CORRECT_NO_ANSWER
0017-0015-0007,"Trong các đại hội tòan quốc của Đảng Dân chủ, Roosevelt đã có những hành động nào?",Roosevelt đã đọc diễn văn đề cử Smith,Roosevelt đã đọc diễn văn đề cử Smith,True,False,1,1.0,1.0,-0.8857932090759277,8.817587852478027,0.8857932090759277,CORRECT
0017-0016-0001,Nhờ đâu mà Roosevelt lại trở thành ứng cử viên sáng giá nhất của Đảng Dân chủ?,Nhờ hậu thuẫn của tiểu bang đông dân nhất,Nhờ hậu thuẫn của tiểu bang đông dân nhất,True,False,1,1.0,1.0,-3.3486242294311523,10.466796875,3.3486242294311523,CORRECT
0017-0016-0002,Những đồng minh của Herbert Hoover trong liên minh tòan quốc bao gồm những ai?,,"trùm báo chí William Randolph Hearst, lãnh tụ cộng đồng Ái Nhĩ Lan Joseph P. Kennedy và nhà lãnh đạo tiểu bang California William G. McAdoo",False,False,0,0.0,1.0,-1.0223922729492188,9.35717487335205,1.0223922729492188,UNANSWERABLE_FALSE_POSITIVE
0017-0016-0003,Cuộc đua tranh sự đề cử của Đảng Dân chủ tại sao lại trở nên quyết liệt hơn trước?,"có những dấu hiệu cho thấy tổng thống đương nhiệm, Herbert Hoover, sẽ thất bại trong kỳ bầu cử tổng thống năm 1932",,True,True,0,0.0,1.0,3.0094552040100098,5.574758052825928,-3.0094552040100098,ANSWERABLE_PREDICTED_EMPTY
0017-0016-0004,"So với ứng viên, Roosevelt có lợi thế như thế nào tại Đảng Dân chủ?",,,False,True,1,1.0,1.0,2.331817626953125,6.191454887390137,-2.331817626953125,CORRECT_NO_ANSWER
0017-0016-0005,Việc quay sang ủng hộ Roosevelt - nhà lãnh đạo tiểu bang Texas của John Nance Garner đã đem lại cho ông này điều gì?,,FDR,False,False,0,0.0,1.0,-0.857417106628418,9.123205184936523,0.857417106628418,UNANSWERABLE_FALSE_POSITIVE
0017-0016-0006,Việc quay sang ủng hộ Roosevelt của John Nance Garner - nhà lãnh đạo tiểu bang Texas đã đem lại cho ông này điều gì?,vị lãnh đạo này được đề cử vào chức vụ phó tổng thống trong liên danh tranh cử của Roosevelt,FDR,True,False,0,0.0,1.0,-0.6388750076293945,8.923521995544434,0.6388750076293945,WRONG_SPAN
0017-0016-0007,"So với Smith, Roosevelt có lợi thế như thế nào tại Đảng Dân chủ?",Al Smith được một số đại gia thành phố hậu thuẫn nhưng mất quyền kiểm sóat đảng Dân chủ tại tiểu bang New York vào tay Roosevelt,,True,True,0,0.0,1.0,3.7218756675720215,4.854940891265869,-3.7218756675720215,ANSWERABLE_PREDICTED_EMPTY
0017-0016-0008,Những đồng minh của Roosevelt trong liên minh tòan quốc bao gồm những ai?,"trùm báo chí William Randolph Hearst, lãnh tụ cộng đồng Ái Nhĩ Lan Joseph P. Kennedy và nhà lãnh đạo tiểu bang California William G","trùm báo chí William Randolph Hearst, lãnh tụ cộng đồng Ái Nhĩ Lan Joseph P. Kennedy và nhà lãnh đạo tiểu bang California William G. McAdoo",True,False,0,0.9803921568627451,1.0,-1.5535345077514648,9.752023696899414,1.5535345077514648,SPAN_TOO_LONG
0017-0017-0001,Roosevelt và Đảng Dân chủ đã có những động thái gì trong quá trình tranh cử của mình?,tổng động viên một phạm vi rộng lớn các tầng lớp xã hội,,True,True,0,0.0,1.0,2.861538887023926,5.953300476074219,-2.861538887023926,ANSWERABLE_PREDICTED_EMPTY
0017-0017-0002,Khẩu hiệu mà Roosevelt thường sử dụng trong suốt thời gian tranh cử là gì?,"""Tôi xin cam kết với các bạn, Tôi xin cam kết với bản thân mình một đối sách mới ( a new deal) cho nhân dân Mỹ""","""Tôi xin cam kết với các bạn, Tôi xin cam kết với bản thân mình một đối sách mới ( a new deal) cho nhân dân Mỹ""",True,False,1,1.0,1.0,0.7380514144897461,7.839241981506348,-0.7380514144897461,CORRECT
0017-0017-0003,Cuộc vận động tranh cử của Roosevelt diễn ra trong tình hình như thế nào tại Hoa Kỳ lúc bấy giờ?,Cuộc vận động tranh cử được tiến hành dưới cái bóng của Đại khủng hỏang,,True,True,0,0.0,1.0,2.5219926834106445,6.357362747192383,-2.5219926834106445,ANSWERABLE_PREDICTED_EMPTY
0017-0017-0004,Câu nói của Roosevelt đã được sử dụng như thế nào?,đã tạo ra một khẩu hiệu mà sau đó được dùng làm tên cho chương trình hành động của chính phủ ông cũng như liên minh mới của ông,,True,True,0,0.0,1.0,4.6765336990356445,4.197039604187012,-4.6765336990356445,ANSWERABLE_PREDICTED_EMPTY
0017-0018-0001,"Hoover đã có những phản hồi như thế nào về nhận định ""bi quan"" của Roosevelt về bộ máy công nghiệp Hoa Kỳ lúc bấy giờ?","Hoover chê trách chủ nghĩa bi quan đó như là một sự phủ nhận ""triển vọng của cuộc sống Mỹ... đó là chỉ dẫn đầy tuyệt vọng.""","bộ máy công nghiệp của chúng ta được xây dựng; vấn đề hiện nay là có phải chăng dưới những điều kiện hiện tại nó được xây quá mức hay không. Giới hạn cuối cùng của chúng ta đã đến đích từ lâu rồi.""",True,False,0,0.056338028169014086,1.0,1.4870390892028809,7.216019153594971,-1.4870390892028809,SPAN_TOO_LONG
0017-0018-0002,Roosevelt đã kìm hãm tranh cử với chủ trương gì?,,"""cắt giảm mạnh và ngay tức khắc tất cả chi tiêu công cộng"", ""bãi bỏ các cơ quan và các ủy ban vô dụng, kết hợp lại các cơ quan văn phòng và lọai trừ lãng phí quan liêu.""",False,False,0,0.0,1.0,-1.1019325256347656,9.17984390258789,1.1019325256347656,UNANSWERABLE_FALSE_POSITIVE
0017-0018-0003,Tại sao vấn đề cấm rươu cồn lại tăng thêm số phiếu mới cho Roosevelt?,mang lại thêm tiền thu nhập mới qua đánh thuế,,True,True,0,0.0,1.0,2.984341621398926,5.693350791931152,-2.984341621398926,ANSWERABLE_PREDICTED_EMPTY
0017-0018-0004,Roosevelt đã chỉ trích Hoover về việc gì?,Roosevelt tố cáo Hoover thất bại phục hồi thịnh vượng hoặc thậm chí thất bại trong việc kìm hãm đà xuống dốc của nền kinh tế,,True,True,0,0.0,1.0,1.9021539688110352,6.612727165222168,-1.9021539688110352,ANSWERABLE_PREDICTED_EMPTY
0017-0018-0005,Nhà kinh tế học Marriner Eccles đã có những nhận xét như thế nào về cuộc tranh cử giữa Roosevelt và đối thủ của mình - Hoover?,"""Trong các giai đọan phát triển sau đó của cuộc vận động tranh cử, các bài diễn văn tranh cử đọc giống như có nhiều chỗ sai sót mà trong đó cả Roosevelt và Hoover thường đọc các hàng chữ của nhau.""",,True,True,0,0.0,1.0,2.8258581161499023,5.909432411193848,-2.8258581161499023,ANSWERABLE_PREDICTED_EMPTY
0017-0018-0006,Roosevelt đã vận động tranh cử với chủ trương gì?,"""cắt giảm mạnh và ngay tức khắc tất cả chi tiêu công cộng"", ""bãi bỏ các cơ quan và các ủy ban vô dụng, kết hợp lại các cơ quan văn phòng và lọai trừ lãng phí quan liêu.""","""cắt giảm mạnh và ngay tức khắc tất cả chi tiêu công cộng"", ""bãi bỏ các cơ quan và các ủy ban vô dụng, kết hợp lại các cơ quan văn phòng và lọai trừ lãng phí quan liêu.""",True,False,1,1.0,1.0,-2.2402687072753906,9.860689163208008,2.2402687072753906,CORRECT
0017-0018-0007,Roosevelt bị chỉ trích Hoover về việc gì?,,,False,True,1,1.0,1.0,2.545992851257324,6.039178848266602,-2.545992851257324,CORRECT_NO_ANSWER
0017-0019-0001,Tại sao Roosevelt lại từ chối họp bàn với Hoover về nền kinh tế?,điều đó có thể sẽ trói buộc ông,,True,True,0,0.0,1.0,1.867170810699463,6.590819835662842,-1.867170810699463,ANSWERABLE_PREDICTED_EMPTY
0017-0019-0002,"Trong vụ ám sát hụt Roosevelt, nạn nhân của vụ ám sát này là ai?",Anton Cermak,,True,True,0,0.0,1.0,5.540843486785889,3.218935489654541,-5.540843486785889,ANSWERABLE_PREDICTED_EMPTY
0017-0019-0003,Tại sao Hoover lại từ chối họp bàn với Roosevelt về nền kinh tế?,,,False,True,1,1.0,1.0,1.9405393600463867,6.54409122467041,-1.9405393600463867,CORRECT_NO_ANSWER
0017-0019-0004,Roosevelt đã gặp những mối nguy hiểm nào trong quãng thời gian tranh cử?,"Tháng 2 năm 1933, Roosevelt thóat chết trong một vụ có thể là mưu sát bởi tay súng Giuseppe Zangara",,True,True,0,0.0,1.0,5.4952003955841064,3.237090826034546,-5.4952003955841064,ANSWERABLE_PREDICTED_EMPTY
0017-0019-0005,Roosevelt đã tạo những mối nguy hiểm nào trong quãng thời gian tranh cử?,,,False,True,1,1.0,1.0,5.4067511558532715,3.321345806121826,-5.4067511558532715,CORRECT_NO_ANSWER
0017-0019-0006,"Trong vụ ám sát hụt Hoover, nạn nhân của vụ ám sát này là ai?",,,False,True,1,1.0,1.0,5.248875856399536,3.5058887004852295,-5.248875856399536,CORRECT_NO_ANSWER
0017-0019-0007,"Trước cuộc bầu cử, Roosevelt đã có những việc làm gì?",,,False,True,1,1.0,1.0,4.407361030578613,4.378028869628906,-4.407361030578613,CORRECT_NO_ANSWER
0017-0019-0008,Những biểu hiện nào cho thấy chiều hướng đi xuống của nền kinh tế Mỹ lúc bấy giờ?,Nền kinh tế lao xuống vực thẳm cho đến khi hệ thống ngân hàng bắt đầu ngưng họat động hòan tòan trên tòan quốc,,True,True,0,0.0,1.0,4.282075881958008,4.4819536209106445,-4.282075881958008,ANSWERABLE_PREDICTED_EMPTY
0017-0019-0009,"Sau cuộc bầu cử, Roosevelt đã có những việc làm gì?",Roosevelt từ chối lời thỉnh cầu họp bàn với Hoover để thảo ra một chương trình phối hợp nhằm chấm dứt chiều hướng đi xuống của nền kinh tế và trấn an giới đầu tư,,True,True,0,0.0,1.0,3.025005340576172,5.759428024291992,-3.025005340576172,ANSWERABLE_PREDICTED_EMPTY
0017-0020-0001,Một trong những hệ quả của cuộc khủng hỏang kinh tế Mĩ năm 1933 là gì?,Hai triệu người trở thành vô gia cư,,True,True,0,0.0,1.0,4.966513633728027,3.803050994873047,-4.966513633728027,ANSWERABLE_PREDICTED_EMPTY
0017-0020-0002,Một trong những hệ quả của cuộc khủng hỏang kinh tế Mĩ năm 1929 là gì?,,,False,True,1,1.0,1.0,4.939594984054565,3.890667200088501,-4.939594984054565,CORRECT_NO_ANSWER
0017-0020-0003,"Vào thời điểm Roosevelt nhậm chức, nước Mỹ đã và đang đối mặt với khó khăn gì?",Một phần tư lực lượng lao động mất việc làm. Nông dân đang khốn đốn vì nông phẩm hạ giá 60%. Sản xuất công nghiệp chỉ còn hơn một nửa so với cùng kỳ năm 1929. Hai triệu người trở thành vô gia cư. Vì thiếu việc làm nên các tổ chức tội phạm và giới sống ngòai pháp luật ngày càng gia tăng,,True,True,0,0.0,1.0,4.467252731323242,4.337583541870117,-4.467252731323242,ANSWERABLE_PREDICTED_EMPTY
0017-0020-0004,"Trong ngày tuyên thệ nhậm chức tổng thống của Mỹ, đã có những gì đã xảy ra tại nước của Roosevelt?",,,False,True,1,1.0,1.0,3.9670729637145996,4.810022830963135,-3.9670729637145996,CORRECT_NO_ANSWER
0017-0020-0005,"Trước khi Roosevelt tuyên thệ nhậm chức, đã có sự kiện quan trọng nào xảy ra?",Hitler được bổ nhiệm làm Thủ tướng Đức,,True,True,0,0.0,1.0,4.330021381378174,4.445540904998779,-4.330021381378174,ANSWERABLE_PREDICTED_EMPTY
0017-0020-0006,"Trong ngày tuyên thệ nhậm chức tổng thống của Roosevelt, đã có những gì đã xảy ra tại nước Mỹ?","Chiều ngày 4 tháng 3, tất cả ngân hàng tại 32 trên 48 tiểu bang cũng như Đặc khu Columbia đều đóng cửa",,True,True,0,0.0,1.0,5.222805023193359,3.5881872177124023,-5.222805023193359,ANSWERABLE_PREDICTED_EMPTY
0017-0020-0007,Tình trạng thất nghiệp tăng cao đã dẫn đến những tác hại gì cho xã hội Mỹ lúc bấy giờ?,các tổ chức tội phạm và giới sống ngòai pháp luật ngày càng gia tăng,,True,True,0,0.0,1.0,5.681140422821045,3.159397602081299,-5.681140422821045,ANSWERABLE_PREDICTED_EMPTY
0017-0021-0001,"Ý nghĩa của ""cứu nguy"" trong xếp lọai chương trình của các sử gia là gì?",là vấn đề cấp bách vì có đến hàng chục triệu người thất nghiệp,"cứu nguy, hồi phục và cải cách""",True,False,0,0.0,1.0,-3.8142271041870117,10.572317123413086,3.8142271041870117,WRONG_SPAN
0017-0021-0002,Roosevelt đã giới thiệu những đề nghị của ông đến dân chúng ở những thời điểm nào?,30 lần nói chuyện buổi tối trên sóng phát thanh,,True,True,0,0.0,1.0,1.8868255615234375,6.314420700073242,-1.8868255615234375,ANSWERABLE_PREDICTED_EMPTY
0017-0021-0003,"Việc ""cải cách"" trong chương trình của Roosevelt có nghĩa là gì?","có nghĩa là sửa chữa dài hạn những gì sai trái, đặc biệt là với hệ thống ngân hàng và tài chính","cứu nguy, hồi phục và cải cách""",True,False,0,0.06896551724137931,1.0,0.5796394348144531,7.733524322509766,-0.5796394348144531,SPAN_TOO_SHORT
0017-0021-0004,"Tại các sử gia lại cho rằng chương trình của Roosevelt lại có khả năng ""hồi phục""?",có nghĩa là thúc đẩy nền kinh tế quay trở về trạng thái bình thường,"cứu nguy, hồi phục và cải cách""",True,False,0,0.0,1.0,-0.05761909484863281,8.437934875488281,0.05761909484863281,WRONG_SPAN
0017-0021-0005,Roosevelt đã giới thiệu những đề nghị của dân chúng đến ông ở những thời điểm nào?,,,False,True,1,1.0,1.0,2.3507604598999023,5.931267738342285,-2.3507604598999023,CORRECT_NO_ANSWER
0017-0021-0006,"Ý nghĩa của ""cứu nguy"" trong xếp lọai chương trình của Roosevelt là gì?",,"cứu nguy, hồi phục và cải cách""",False,False,0,0.0,1.0,-3.4184579849243164,10.503896713256836,3.4184579849243164,UNANSWERABLE_FALSE_POSITIVE
0017-0021-0007,Các sử gia đánh giá chương trình của Roosevelt như thế nào?,"cứu nguy, hồi phục và cải cách","cứu nguy, hồi phục và cải cách""",True,False,1,1.0,1.0,-0.1339893341064453,8.450183868408203,0.1339893341064453,CORRECT
0017-0022-0001,George Norris xem nguyên nhân của cuộc Đại Suy thóai là do đâu?,,khủng hỏang niềm tin,False,False,0,0.0,1.0,-3.874863624572754,10.899724960327148,3.874863624572754,UNANSWERABLE_FALSE_POSITIVE
0017-0022-0002,Việc dựa vào các thượng nghị sĩ và nhóm cố vấn chuyên môn của tổng thống có mục đích gì?,thiết kế các chương trình hành động,"Tổng thống phải dựa vào những thượng nghị sĩ như George Norris, Robert F. Wagner và Hugo Black cũng như nhóm cố vấn chuyên môn được tuyển chọn từ giới trí thức khoa bảng",True,False,0,0.0,1.0,-0.9319796562194824,8.930556297302246,0.9319796562194824,WRONG_SPAN
0017-0022-0003,Roosevelt xem nguyên nhân của cuộc Đại Suy thóai là do đâu?,do khủng hỏang niềm tin vì người dân cảm thấy e ngại khi quyết định chi tiêu hoặc đầu tư,khủng hỏang niềm tin,True,False,0,0.33333333333333337,1.0,-3.986164093017578,10.83027172088623,3.986164093017578,SPAN_TOO_SHORT
0017-0022-0004,Việc dựa vào các tổng thống và nhóm cố vấn chuyên môn của thượng nghị sĩ có mục đích gì?,,"Tổng thống phải dựa vào những thượng nghị sĩ như George Norris, Robert F. Wagner và Hugo Black cũng như nhóm cố vấn chuyên môn được tuyển chọn từ giới trí thức khoa bảng",False,False,0,0.0,1.0,-0.5989675521850586,8.665369033813477,0.5989675521850586,UNANSWERABLE_FALSE_POSITIVE
0017-0022-0005,Các chương trình hành động được Roosevelt quyết định dựa trên những ai?,"dựa vào những thượng nghị sĩ như George Norris, Robert F. Wagner và Hugo Black cũng như nhóm cố vấn chuyên môn được tuyển chọn từ giới trí thức khoa bảng",,True,True,0,0.0,1.0,1.9088058471679688,6.463481903076172,-1.9088058471679688,ANSWERABLE_PREDICTED_EMPTY
0017-0022-0006,Roosevelt hành động được các chương trình quyết định dựa trên những ai?,,,False,True,1,1.0,1.0,2.4974708557128906,6.0416717529296875,-2.4974708557128906,CORRECT_NO_ANSWER
0017-0022-0007,"Từ ngày 9 tháng 3 đến 16 tháng 6 năm 1933, Roosevelt đã có những hành động gì?","ông đệ trình Quốc hội con số kỷ lục các dự luật, và tất cả đều được thông qua",ông đệ trình Quốc hội con số kỷ lục các dự luật,True,False,0,0.7741935483870968,1.0,1.4174175262451172,6.688449859619141,-1.4174175262451172,SPAN_TOO_SHORT
0017-0022-0008,"Trong 100 ngày đầu tiên của mình trên cương vị tổng thống, Fraklin Roosevelt đã có những việc là gì?",cứu trợ khẩn cấp,,True,True,0,0.0,1.0,3.900805950164795,4.793799877166748,-3.900805950164795,ANSWERABLE_PREDICTED_EMPTY
0017-0023-0001,Roosevelt đắc cử tổng thống Mỹ trong hòan cảnh nào?,khi nước Mỹ đang trong tình trạng hốt hỏang vì sự sụp đổ của hệ thống ngân hàng,,True,True,0,0.0,1.0,3.328861713409424,5.295166492462158,-3.328861713409424,ANSWERABLE_PREDICTED_EMPTY
0017-0023-0002,Lễ nhậm chức của tổng thống Roosevelt diễn ra khi nào?,ngày 4 tháng 3 năm 1933,Lễ nhậm chức của Roosevelt vào ngày 4 tháng 3 năm 1933,True,False,0,0.6666666666666666,1.0,1.1239542961120605,7.277540683746338,-1.1239542961120605,SPAN_TOO_LONG
0017-0023-0003,"Ngày 5 tháng 3 năm 1933, Quốc hội Hoa Kỳ đã có những quyết định nào?","Quốc hội Hoa Kỳ thông qua Đạo luật Ngân hàng Khẩn cấp (Emergency Banking Act) tuyên bố một ""ngày lễ ngân hàng"" và thông báo một chương trình cho phép các ngân hàng mở cửa lại",,True,True,0,0.0,1.0,2.056072235107422,6.487217903137207,-2.056072235107422,ANSWERABLE_PREDICTED_EMPTY
0017-0023-0004,Roosevelt đề nghị tổng thống Mỹ trong hòan cảnh nào?,,,False,True,1,1.0,1.0,3.4809679985046387,5.08976411819458,-3.4809679985046387,CORRECT_NO_ANSWER
0017-0023-0005,Một trong những câu nói nổi tiếng của Roosevelt là gì?,"""Điều duy nhất mà chúng ta nên sợ hãi là nỗi sợ của chính mình""","""Điều duy nhất mà chúng ta nên sợ hãi là nỗi sợ của chính mình""",True,False,1,1.0,1.0,-0.2118539810180664,8.559916496276855,0.2118539810180664,CORRECT
0017-0023-0006,Một trong những câu nói ít nổi tiếng của Roosevelt là gì?,,"""Điều duy nhất mà chúng ta nên sợ hãi là nỗi sợ của chính mình""",False,False,0,0.0,1.0,-0.09570980072021484,8.459722518920898,0.09570980072021484,UNANSWERABLE_FALSE_POSITIVE
0017-0024-0001,Roosevelt đã có những việc làm gì trong vấn đề giáo dục quốc gia cho tài chính?,,,False,True,1,1.0,1.0,6.694457054138184,1.9986019134521484,-6.694457054138184,CORRECT_NO_ANSWER
0017-0024-0002,Vì lí do gì mà đạo luật tiền thưởng khổng lồ được thông qua mặc cho sự phủ quyết của Roosevelt?,sức ép của các cựu chiến binh,Roosevelt vẫn giữ vững lập trường của mình nhưng vào năm 1936 vì sức ép của các cựu chiến binh,True,False,0,0.5185185185185185,1.0,-0.6762447357177734,8.358589172363281,0.6762447357177734,SPAN_TOO_LONG
0017-0024-0003,"Sau khi đắc cử, Roosevelt đã thực hiện lời hứa của mình lúc tranh cử như thế nào?","cắt giảm ngân sách liên bang, bao gồm việc cắt giảm 40% phúc lợi dành cho cựu chiến binh và cắt giảm tổng thể chi tiêu quân sự",,True,True,0,0.0,1.0,2.745548725128174,5.490899562835693,-2.745548725128174,ANSWERABLE_PREDICTED_EMPTY
0017-0024-0004,Roosevelt đã có những việc làm gì trong vấn đề tài chính quốc gia cho giáo dục?,giảm chi tiêu,,True,True,0,0.0,1.0,6.894491910934448,1.8735096454620361,-6.894491910934448,ANSWERABLE_PREDICTED_EMPTY
0017-0024-0005,Thành tựu mà Roosevelt đạt được trong những chính sách của mình về tài chính quốc gia là gì?,thành công trong nỗ lực cắt giảm tiền lương chính phủ và ngân sách dành cho lục quân và hải quân,,True,True,0,0.0,1.0,6.455853462219238,2.200307846069336,-6.455853462219238,ANSWERABLE_PREDICTED_EMPTY
0017-0024-0006,Vì lí do gì mà đạo luật tiền thưởng khổng lồ của Roosevelt được thông qua mặc cho sự phủ quyết?,,Roosevelt vẫn giữ vững lập trường của mình nhưng vào năm 1936 vì sức ép của các cựu chiến binh,False,False,0,0.0,1.0,-0.5377664566040039,8.371928215026855,0.5377664566040039,UNANSWERABLE_FALSE_POSITIVE
0017-0024-0007,Tại sao các cuộc biểu tình phản đối của các cựu binh lại bùng phát lúc Roosevelt đương nhiệm?,Ông cắt khỏi danh sách hưu bổng khỏang 500.000 cựu chiến binh và quả phụ cũng như cắt giảm phúc lợi đối với những người còn lại,Roosevelt vẫn giữ vững lập trường của mình,True,False,0,0.0,1.0,1.6520581245422363,6.523970127105713,-1.6520581245422363,WRONG_SPAN
0017-0025-0001,Cái tên ban đầu của Đảng Dân chủ là gì?,,,False,True,1,1.0,1.0,4.712637901306152,4.025501251220703,-4.712637901306152,CORRECT_NO_ANSWER
0017-0025-0002,Các quy trình lập pháp này bao gồm những việc gì?,gồm có việc thành lập ra Cơ quan Quản trị Tiến trình Xây dựng Công chánh (Works Progress Administration),"việc thành lập ra Cơ quan Quản trị Tiến trình Xây dựng Công chánh (Works Progress Administration), viết tắt là WPA.",True,False,0,0.8500000000000001,1.0,1.7046489715576172,7.004474639892578,-1.7046489715576172,SPAN_TOO_LONG
0017-0025-0003,Đạo luật An sinh xã hội được thiết lập để đem lại tác dụng gì trong đời sống xã hội Mĩ lúc bấy giờ?,"hứa hẹn nền an ninh kinh tế cho người già, người nghèo và người bệnh","Đạo luật An sinh Xã hội thiết lập nên hệ thống an sinh xã hội và hứa hẹn nền an ninh kinh tế cho người già, người nghèo và người bệnh",True,False,0,0.6521739130434783,1.0,-1.0622272491455078,9.074649810791016,1.0622272491455078,SPAN_TOO_LONG
0017-0025-0004,Cái tên ban đầu của Đạo luật Quan hệ Lao động Quốc gia là gì?,Đạo luật Wagner,Đạo luật Wagner,True,False,1,1.0,1.0,-0.4436359405517578,7.417677879333496,0.4436359405517578,CORRECT
0017-0025-0005,Nội dung của đạo luật Wagner qui định điều gì?,"quyền liên bang của công nhân được quyền thành lập công đòan, quyền thương thuyết tập thể và quyền tham gia đình công","Đạo luật An sinh Xã hội thiết lập nên hệ thống an sinh xã hội và hứa hẹn nền an ninh kinh tế cho người già, người nghèo và người bệnh. Thượng nghị sĩ Robert Wagner thảo ra Đạo luật Wagner mà sau đó chính thức trở thành Đạo luật Quan hệ Lao động Quốc gia",True,False,0,0.10126582278481013,1.0,1.370622158050537,7.242498874664307,-1.370622158050537,SPAN_TOO_LONG
0017-0025-0006,Cơ quan Quản trị Tiến trình Xây dựng Công chánh được thành lập với mục đích gì?,thiết lập ban cứu nguy quốc gia để thuê mướn 2 triệu gia trưởng trên tòan quốc,WPA.,True,False,0,0.0,1.0,-0.4923973083496094,8.706289291381836,0.4923973083496094,WRONG_SPAN
0017-0025-0007,Các quy trình lập pháp này không bao gồm những việc gì?,,,False,True,1,1.0,1.0,2.0330677032470703,6.743137359619141,-2.0330677032470703,CORRECT_NO_ANSWER
0017-0026-0001,Khó khăn mà New Deal lần thứ hai phải đối mặt đó là gì?,cộng đồng thương mại,cộng đồng thương mại,True,False,1,1.0,1.0,-1.071390151977539,9.327205657958984,1.071390151977539,CORRECT
0017-0026-0002,Các đảng viên Dân chủ bảo thủ đã làm gì để đánh trả lại New Deal lần thứ 2?,thành lập Liên đòan Tự do Mỹ,Liên đòan Tự do Mỹ,True,False,0,0.8333333333333333,1.0,-0.34154510498046875,8.439315795898438,0.34154510498046875,SPAN_TOO_SHORT
0017-0026-0003,Các đảng viên New Deal bảo thủ đã làm gì để đánh trả lại Dân chủ lần thứ 2?,,Liên đòan Tự do Mỹ,False,False,0,0.0,1.0,0.2643623352050781,7.969063758850098,-0.2643623352050781,UNANSWERABLE_FALSE_POSITIVE
0017-0026-0004,Nhờ đâu mà Roosevelt lại có thể trở nên một lực lượng hậu thuẫn vững chắc cho các công đòan trong các cuộc tranh cử?,,"các công đòan, được thêm năng lực nhờ vào Đạo luật Wagner",False,False,0,0.0,1.0,-1.8019723892211914,9.63029670715332,1.8019723892211914,UNANSWERABLE_FALSE_POSITIVE
0017-0026-0005,Nhờ đâu mà các công đòan lại có thể trở nên một lực lượng hậu thuẫn vững chắc cho Roosevelt trong các cuộc tranh cử?,nhờ vào Đạo luật Wagner,"các công đòan, được thêm năng lực nhờ vào Đạo luật Wagner",True,False,0,0.5882352941176471,1.0,-1.849818229675293,9.61882209777832,1.849818229675293,SPAN_TOO_LONG
0017-0026-0006,Tổng thống Mỹ sau khi thành lập đã có những hành động gì nhắm vào Liên đòan Tự do của Roosevelt?,,Liên đòan Tự do Mỹ,False,False,0,0.0,1.0,1.4939861297607422,7.1205596923828125,-1.4939861297607422,UNANSWERABLE_FALSE_POSITIVE
0017-0026-0007,Lực lượng nào được sự hỗ trợ Roosevelt ở các cuộc tranh cử?,,các công đòan,False,False,0,0.0,1.0,-2.3212928771972656,10.311901092529297,2.3212928771972656,UNANSWERABLE_FALSE_POSITIVE
0017-0026-0008,Lực lượng nào đứng sau hỗ trợ Roosevelt ở các cuộc tranh cử?,các công đòan,các công đòan,True,False,1,1.0,1.0,-1.1699438095092773,9.67359733581543,1.1699438095092773,CORRECT
0017-0026-0009,Khó khăn mà New Deal lần thứ nhất phải đối mặt đó là gì?,,cộng đồng thương mại,False,False,0,0.0,1.0,-0.8554782867431641,9.206323623657227,0.8554782867431641,UNANSWERABLE_FALSE_POSITIVE
0017-0026-0010,Liên đòan Tự do Mỹ sau khi thành lập đã có những hành động gì nhắm vào tổng thống Roosevelt?,Họ tấn công Roosevelt một cách điên cuồng và so sánh ông với Marx và Lênin,,True,True,0,0.0,1.0,1.9946422576904297,6.630558013916016,-1.9946422576904297,ANSWERABLE_PREDICTED_EMPTY
0017-0027-0001,Roosevelt đã có những động thái gì để đối mặt với tỉ lệ nợ quốc gia ở mức cao như vậy?,"Roosevelt đã quân bình ngân sách ""thường lệ""",,True,True,0,0.0,1.0,2.946725368499756,5.64519739151001,-2.946725368499756,ANSWERABLE_PREDICTED_EMPTY
0017-0027-0002,Roosevelt đã có những động thái gì để tránh mặt với tỉ lệ nợ quốc gia ở mức cao như vậy?,,,False,True,1,1.0,1.0,2.526460647583008,5.967679977416992,-2.526460647583008,CORRECT_NO_ANSWER
0017-0027-0003,Nợ quốc gia dưới thời Hoover có những biến đổi tiêu cực nào?,"nợ quốc gia tính theo phần trăm tổng sản lượng quốc gia tăng gấp đôi dưới thời Hoover từ 16% lên đến 33,6% tổng sản lượng quốc gia năm 1932","nợ quốc gia tính theo phần trăm tổng sản lượng quốc gia tăng gấp đôi dưới thời Hoover từ 16% lên đến 33,6% tổng sản lượng quốc gia năm 1932",True,False,1,1.0,1.0,0.9500207901000977,7.513106346130371,-0.9500207901000977,CORRECT
0017-0027-0004,Chi tiêu chính phủ quốc gia Hoa Kỳ đã có những thay đổi như thế nào dưới thời tổng thống Roosevelt?,"tăng từ 8,0% tổng sản lượng quốc gia dưới thời Tổng thống Hoover năm 1932 lên 10,2% tổng sản lượng quốc gia năm 1936",,True,True,0,0.0,1.0,5.046642303466797,3.697284698486328,-5.046642303466797,ANSWERABLE_PREDICTED_EMPTY
0017-0028-0001,Tổng sản lượng quốc gia Anh đã có những thay đổi như thế nào trong các năm từ 1932-1940?,,Tổng sản lượng quốc gia năm 1936,False,False,0,0.0,1.0,0.5330381393432617,8.120719909667969,-0.5330381393432617,UNANSWERABLE_FALSE_POSITIVE
0017-0028-0002,Các nhà kinh tế học đề nghị giải pháp gì để giải quyết nền kinh tế Mĩ lúc bấy giờ?,Chi tiêu thâm thủng,Chi tiêu thâm thủng,True,False,1,1.0,1.0,0.39702415466308594,8.253474235534668,-0.39702415466308594,CORRECT
0017-0028-0003,Một trong những thay đổi tích cực của nền kinh tế Hoa Kỳ trong nhiệm kỳ đầu của Roosevelt là gì?,Thất nghiệp giảm đáng kể,,True,True,0,0.0,1.0,3.017836570739746,5.7978925704956055,-3.017836570739746,ANSWERABLE_PREDICTED_EMPTY
0017-0028-0004,Một trong những thay đổi tích cực của nền kinh tế Anh trong nhiệm kỳ đầu của Roosevelt là gì?,,,False,True,1,1.0,1.0,3.240114212036133,5.599437713623047,-3.240114212036133,CORRECT_NO_ANSWER
0017-0028-0005,Tại sao nạn thất nghiệp chỉ có thế biến mất khi và chỉ khi xảy ra chiến tranh thế giới thứ hai?,những người thất nghiệp trước đây được tuyển mộ quân dịch,,True,True,0,0.0,1.0,3.950517177581787,4.901290416717529,-3.950517177581787,ANSWERABLE_PREDICTED_EMPTY
0017-0028-0006,Tổng sản lượng quốc gia Hoa Kỳ đã có những thay đổi như thế nào trong các năm từ 1932-1940?,Tổng sản lượng quốc gia năm 1936 là 34% cao hơn so với năm 1932 và 58% cao hơn trong năm 1940,Tổng sản lượng quốc gia năm 1936,True,False,0,0.4827586206896552,1.0,0.4042034149169922,8.249509811401367,-0.4042034149169922,SPAN_TOO_SHORT
0017-0028-0007,Nền kinh tế của Hoa Kỳ đã có những chuyển biến tích cực ra sao ở thời kì hậu Hooven?,"nền kinh tế phát triển 58% từ năm 1932 đến năm 1940 trong khỏang thời gian 8 năm hòa bình, và rồi phát triển 56% từ 1940 đến 1945 trong khỏang thời gian 5 năm chiến tranh",,True,True,0,0.0,1.0,4.254639625549316,4.618290901184082,-4.254639625549316,ANSWERABLE_PREDICTED_EMPTY
0017-0029-0001,Tỉ lệ thất nghiệp cao nhất trong nhiệm kỳ của Roosevelt rơi vào khỏang bao nhiêu?,,"18,31 triệu việc làm bị mất",False,False,0,0.0,1.0,-1.8005146980285645,9.390851020812988,1.8005146980285645,UNANSWERABLE_FALSE_POSITIVE
0017-0029-0002,Tỉ lệ gia tăng việc làm trung bình hằng năm dưới thời Roosevelt là bao nhiêu?,"5,3%","5,3%",True,False,1,1.0,1.0,-6.052546977996826,9.969196319580078,6.052546977996826,CORRECT
0017-0029-0003,Đặc điểm của nền kinh tế ngòai nhiệm kỳ của Roosevelt là gì?,,Nền kinh tế phát triển nhanh trong nhiệm kỳ của Roosevelt,False,False,0,0.0,1.0,1.1267633438110352,7.487130165100098,-1.1267633438110352,UNANSWERABLE_FALSE_POSITIVE
0017-0029-0004,Tỉ lệ gia tăng việc làm trung bình hằng năm sau thời Roosevelt là bao nhiêu?,,"5,3%",False,False,0,0.0,1.0,-6.087134838104248,9.961492538452148,6.087134838104248,UNANSWERABLE_FALSE_POSITIVE
0017-0029-0005,Số người thất nghiệp trong nhiệm kỳ của Roosevelt là bao nhiêu?,"khỏang 18,31 triệu",,True,True,0,0.0,1.0,3.3067893981933594,5.111218452453613,-3.3067893981933594,ANSWERABLE_PREDICTED_EMPTY
0017-0029-0006,Tỉ lệ thất nghiệp trung bình trong nhiệm kỳ của Roosevelt rơi vào khỏang bao nhiêu?,13%,"18,31 triệu việc làm bị mất",True,False,0,0.0,1.0,-2.0354089736938477,9.439958572387695,2.0354089736938477,WRONG_SPAN
0017-0029-0007,Đặc điểm của nền kinh tế trong nhiệm kỳ của Roosevelt là gì?,Nền kinh tế phát triển nhanh,,True,True,0,0.0,1.0,1.8928017616271973,6.665666103363037,-1.8928017616271973,ANSWERABLE_PREDICTED_EMPTY
0017-0029-0008,Số người có việc làm trong nhiệm kỳ của Roosevelt là bao nhiêu?,,,False,True,1,1.0,1.0,4.445771217346191,4.151841163635254,-4.445771217346191,CORRECT_NO_ANSWER
0017-0029-0009,Mặt trái của sự phát triển nhanh nền kinh tế thời kỳ Roosevelt là gì?,sự phát triển này được theo sau là tình trạng thất nghiệp liên tục ở mức độ cao,tình trạng thất nghiệp liên tục ở mức độ cao,True,False,0,0.7142857142857143,1.0,1.0862069129943848,7.429270267486572,-1.0862069129943848,SPAN_TOO_SHORT
0017-0030-0001,Thuế sổ lương được Roosevelt đưa ra nhằm mục đích gì?,nhằm gây qũy cho chương trình mới là An sinh Xã hội năm 1937,thuế sổ lương (payroll tax) cũng bắt đầu được đưa ra nhằm gây qũy cho chương trình mới là An sinh Xã hội năm 1937,True,False,0,0.717948717948718,1.0,1.6517877578735352,6.827496528625488,-1.6517877578735352,SPAN_TOO_LONG
0017-0030-0002,"Nhiều lọai thuế đã được đưa ra ở các tiểu bang, nguyên nhân do đâu?",dưới sức ép tài chính do Đại suy thóai gây ra,đa số các tiểu bang đều đưa ra thêm nhiều lọai thuế hay tăng thuế trong đó có thuế thu nhập cũng như thuế gián thu,True,False,0,0.05405405405405406,1.0,-2.2806038856506348,10.21541690826416,2.2806038856506348,SPAN_TOO_LONG
0017-0030-0003,Quốc hội đã làm gì để có thể tài trợ cho chiến tranh?,Quốc hội mở rộng thu thuế đối với hầu hết những ai đi làm đều phải trả thuế thu nhập liên bang,Quốc hội mở rộng thu thuế đối với hầu hết những ai đi làm đều phải trả thuế thu nhập liên bang,True,False,1,1.0,1.0,-0.922123908996582,8.792045593261719,0.922123908996582,CORRECT
0017-0030-0004,Lệnh Hành pháp số 9250 được Roosevelt ban hành với mục đích chính là gì?,nhằm tăng tỉ lệ thuế cận biên lên đến 100% đối với những ai có tiền lương vượt trên 25.000 đô la (sau thuế),nhằm tăng tỉ lệ thuế cận biên lên đến 100% đối với những ai có tiền lương vượt trên 25.000 đô la (sau thuế),True,False,1,1.0,1.0,-2.5371036529541016,10.020809173583984,2.5371036529541016,CORRECT
0017-0030-0005,"Trong thời gian chiến tranh, Roosevelt đã có những đề nghị như thế nào đối với các lọai thuế thu nhập?",tăng tỉ lệ thuế thu nhập thậm chí cao hơn đối với cá nhân (lên đến một tỉ lệ thuế cận biên là 91%) và đại công ty,"ông thúc ép tăng tỉ lệ thuế thu nhập thậm chí cao hơn đối với cá nhân (lên đến một tỉ lệ thuế cận biên là 91%) và đại công ty, giới hạn mức lương cao đối với các viên chức lãnh đạo các công ty",True,False,0,0.7567567567567568,1.0,-1.9397010803222656,9.892974853515625,1.9397010803222656,SPAN_TOO_LONG
0017-0030-0006,Quốc hội đã làm gì để có thể tạo sức ép cho chiến tranh?,,,False,True,1,1.0,1.0,2.7635498046875,5.730107307434082,-2.7635498046875,CORRECT_NO_ANSWER
0017-0031-0001,Việc kết thúc những nỗ lực lớn của các cường quốc trong việc kết thúc cuộc khủng hỏang thế giới đã giúp cho Roosevelt việc gì?,thực hiện chính sách kinh tế riêng của Hoa Kỳ,Thông điệp gây xôn xao của Roosevelt gởi đến hội nghị tiền tệ thế giới năm 1933,True,False,0,0.07407407407407408,1.0,-1.8393640518188477,9.398056030273438,1.8393640518188477,SPAN_TOO_LONG
0017-0031-0002,Sự kiện nào đã đánh dấu sự trỗi dậy mạnh mẽ của chủ nghĩa biệt lập?,Việc không ký vào hiệp ước tham gia Hội Quốc Liên năm 1919,Việc không ký vào hiệp ước tham gia Hội Quốc Liên năm 1919,True,False,1,1.0,1.0,-0.6504182815551758,9.022928237915039,0.6504182815551758,CORRECT
0017-0031-0003,Thông điệp mà hội nghị tiền tệ thế giới gửi đến Roosevelt đã dẫn đến điều gì?,,Thông điệp gây xôn xao của Roosevelt gởi đến hội nghị tiền tệ thế giới năm 1933 thực sự kết thúc tất cả những nỗ lực lớn của các cường quốc nhằm hợp tác trong công cuộc kết thúc cuộc khủng hỏang thế giới,False,False,0,0.0,1.0,0.8723597526550293,7.287865161895752,-0.8723597526550293,UNANSWERABLE_FALSE_POSITIVE
0017-0031-0004,Thông điệp mà Roosevelt gửi đến hội nghị tiền tệ thế giới đã dẫn đến điều gì?,kết thúc tất cả những nỗ lực lớn của các cường quốc nhằm hợp tác trong công cuộc kết thúc cuộc khủng hỏang thế giới,Thông điệp gây xôn xao của Roosevelt gởi đến hội nghị tiền tệ thế giới năm 1933 thực sự kết thúc tất cả những nỗ lực lớn của các cường quốc nhằm hợp tác trong công cuộc kết thúc cuộc khủng hỏang thế giới,True,False,0,0.7246376811594203,1.0,-0.2870960235595703,8.243858337402344,0.2870960235595703,SPAN_TOO_LONG
0017-0031-0005,Chủ nghĩa biệt lập trong chính sách ngọai giao của Hoa Kỳ là gì?,không tham gia vào các tổ chức thế giới,,True,True,0,0.0,1.0,2.3460617065429688,6.134517669677734,-2.3460617065429688,ANSWERABLE_PREDICTED_EMPTY
0017-0031-0006,Việc kết thúc những nỗ lực lớn của thế giới trong việc kết thúc cuộc khủng hỏang các cường quốc đã giúp cho Roosevelt việc gì?,,Thông điệp gây xôn xao của Roosevelt gởi đến hội nghị tiền tệ thế giới năm 1933,False,False,0,0.0,1.0,-1.6278715133666992,9.327234268188477,1.6278715133666992,UNANSWERABLE_FALSE_POSITIVE
0017-0031-0007,Sự kiện nào đã đánh dấu sự trỗi dậy mạnh mẽ của hội nghị tiền tệ thế giới?,,Việc không ký vào hiệp ước tham gia Hội Quốc Liên năm 1919,False,False,0,0.0,1.0,0.9328975677490234,7.512966156005859,-0.9328975677490234,UNANSWERABLE_FALSE_POSITIVE
0017-0032-0001,"Tháng 12 năm 1823, đã đánh dấu cột mốc của sự kiện quan trọng nào?",,,False,True,1,1.0,1.0,2.890852451324463,5.772404193878174,-2.890852451324463,CORRECT_NO_ANSWER
0017-0032-0002,"""Chính sách lân bang tốt"" của Roosevelt mang vai trò như thế nào trong chính sách đối ngọai của Hoa Kỳ?",Các hiệp ước mới được ký kết với Cuba và Panama đã kết thúc tình trạng của họ là quốc gia được Hoa Kỳ bảo hộ,Đây là một sự tái định lượng chính sách của Hoa Kỳ đối với châu Mỹ La Tinh,True,False,0,0.2272727272727273,1.0,-1.1970272064208984,9.415606498718262,1.1970272064208984,SPAN_TOO_SHORT
0017-0032-0003,"Tháng 12 năm 1933, đã đánh dấu cột mốc của sự kiện quan trọng nào?",Roosevelt ký văn kiện Hội nghị Montevideo về quyền lợi và nghĩa vụ của các quốc gia,"Tháng 12 năm 1933, Roosevelt ký văn kiện Hội nghị Montevideo về quyền lợi và nghĩa vụ của các quốc gia, từ bỏ quyền can thiệp đơn phương vào công việc nội bộ của các quốc gia châu Mỹ La Tinh",True,False,0,0.5862068965517241,1.0,1.5838050842285156,6.8162336349487305,-1.5838050842285156,SPAN_TOO_LONG
0017-0032-0004,"Sau khi Học thuyết Monroe ra đời, các khu vực châu Mỹ Latinh được đánh giá là khu vực như thế nào?",khu vực này đã từng được xem như là một vùng ảnh hưởng của Hoa Kỳ,,True,True,0,0.0,1.0,2.847337245941162,5.934360980987549,-2.847337245941162,ANSWERABLE_PREDICTED_EMPTY
0017-0032-0005,"""Chính sách lân bang tốt"" của Roosevelt mang vai trò như thế nào trong chính sách đối ngọai của Cuba?",,Đây là một sự tái định lượng chính sách của Hoa Kỳ đối với châu Mỹ La Tinh,False,False,0,0.0,1.0,-0.28878021240234375,8.659231185913086,0.28878021240234375,UNANSWERABLE_FALSE_POSITIVE
0017-0032-0006,"Trong văn kiện Hội nghị Montevideo về quyền lợi và nghĩa vụ của các quốc gia, Hoa Kỳ đã cam kết điều gì?",từ bỏ quyền can thiệp đơn phương vào công việc nội bộ của các quốc gia châu Mỹ La Tinh,từ bỏ quyền can thiệp đơn phương vào công việc nội bộ của các quốc gia châu Mỹ La Tinh,True,False,1,1.0,1.0,-4.0268988609313965,10.4012451171875,4.0268988609313965,CORRECT
0017-0032-0007,"""Học thuyết Monroe"" là gì?",,"Chính sách lân bang tốt""",False,False,0,0.0,1.0,0.4235849380493164,8.196696281433105,-0.4235849380493164,UNANSWERABLE_FALSE_POSITIVE
0017-0032-0008,"""Chính sách lân bang tốt"" là gì?",Sáng kiến chính về chính sách ngọai giao trong nhiệm kỳ đầu tiên của Roosevelt,Đây là một sự tái định lượng chính sách của Hoa Kỳ đối với châu Mỹ La Tinh,True,False,0,0.2424242424242424,1.0,1.2610273361206055,7.299111366271973,-1.2610273361206055,SPAN_TOO_LONG
0017-0032-0009,"Trong văn kiện các quốc gia về quyền lợi và nghĩa vụ của Hội nghị Montevideo, Hoa Kỳ đã cam kết điều gì?",,từ bỏ quyền can thiệp đơn phương vào công việc nội bộ của các quốc gia châu Mỹ La Tinh,False,False,0,0.0,1.0,-2.58321475982666,10.013492584228516,2.58321475982666,UNANSWERABLE_FALSE_POSITIVE
0017-0033-0001,Liên minh New Deal đã đóng góp vai trò như thế nào đối với Đảng Dân chủ?,hậu thuẫn cho đảng Dân chủ cho đến thập niên 1960,Liên minh New Deal,True,False,0,0.0,1.0,1.271594524383545,7.336121082305908,-1.271594524383545,WRONG_SPAN
0017-0033-0002,Liên minh New Deal đã đóng góp vai trò như thế nào đối với tiểu bang Kansas?,,Liên minh New Deal,False,False,0,0.0,1.0,1.3902921676635742,7.274858474731445,-1.3902921676635742,UNANSWERABLE_FALSE_POSITIVE
0017-0033-0003,Kết quả của cuộc bầu cử tổng thống năm 1936 là gì?,"Roosevelt và Garner chiến thắng với tỉ lệ 60,8% phiếu bầu phổ thông và chiến thắng gần như ở tất cả các tiểu bang, trừ Maine và Vermont",,True,True,0,0.0,1.0,4.689647674560547,4.050490379333496,-4.689647674560547,ANSWERABLE_PREDICTED_EMPTY
0017-0033-0004,Alf Landon đã có thái độ như thế nào đối với chương trình New Deal?,chấp nhận phần lớn chương trình New Deal nhưng phản bác rằng nó không có lợi cho doanh nghiệp và quá nhiều lãng phí,"Roosevelt vận động tranh cử dựa vào các chương trình New Deal của ông chống lại đối thủ Alf Landon, Thống đốc tiểu bang Kansas, là người chấp nhận phần lớn chương trình New Deal",True,False,0,0.2711864406779661,1.0,0.9082293510437012,7.5821709632873535,-0.9082293510437012,SPAN_TOO_LONG
0017-0033-0005,Kết quả của cuộc bầu cử Quốc hội năm 1936 là gì?,,,False,True,1,1.0,1.0,5.339808225631714,3.4134247303009033,-5.339808225631714,CORRECT_NO_ANSWER
0017-0033-0006,"Trong cuộc tranh cử tổng thống năm 1936, Roosevelt đã dựa vào lợi thế gì để tranh cử với Alf Landon?",các chương trình New Deal,Roosevelt vận động tranh cử dựa vào các chương trình New Deal,True,False,0,0.5882352941176471,1.0,-1.704214096069336,9.440336227416992,1.704214096069336,SPAN_TOO_LONG
0017-0033-0007,Roosevelt đã nhận được sự ủng hộ to lớn như thế nào trong cuộc tranh tranh cử?,"Roosevelt được hậu thuẫn bởi một liên minh cử tri gồm các đảng viên Dân chủ truyền thống trên tòan quốc, các nông gia nhỏ, cư dân miền Nam Hoa Kỳ, người công giáo La Mã, các cỗ máy thành phố lớn, các liên đòan lao động, người Mỹ gốc châu Phi ở miền bắc, người Do Thái, giới trí thức và người theo chủ nghĩa tự do chính trị",,True,True,0,0.0,1.0,5.8404340744018555,2.944063186645508,-5.8404340744018555,ANSWERABLE_PREDICTED_EMPTY
0017-0034-0001,Chương trình kích cầu cấp tiến mà Roosevelt đưa ra đã đem lại tác dụng gì?,"giúp tạo ra đỉnh điểm 3,3 triệu việc làm do WPA quản lý vào năm 1938",xin Quốc hội chi 5 tỷ đô la cho công chánh và giải cứu Cơ quan Quản trị Tiến trình Xây dựng Công chánh (WPA),True,False,0,0.09523809523809526,1.0,-1.4302396774291992,9.228719711303711,1.4302396774291992,SPAN_TOO_LONG
0017-0034-0002,"Trong nhiệm kỳ hai của Roosevelt, Hoa Kỳ đã có những thay đổi như thế nào?","Hoa Kỳ có được một Cơ quan đặc trách Gia cư Hoa Kỳ, một Đạo luật Điều chỉnh Nông nghiệp thứ hai và Đạo luật Tiêu chuẩn Lao động Công bằng năm 1938 cho ra đời lương tối thiểu","Hoa Kỳ có được một Cơ quan đặc trách Gia cư Hoa Kỳ, một Đạo luật Điều chỉnh Nông nghiệp thứ hai và Đạo luật Tiêu chuẩn Lao động Công bằng năm 1938 cho ra đời lương tối thiểu",True,False,1,1.0,1.0,1.5238142013549805,7.035215377807617,-1.5238142013549805,CORRECT
0017-0034-0003,Chương trình kích cầu cấp tiến mà Roosevelt giải cứu đã đem lại tác dụng gì?,,Cơ quan Quản trị Tiến trình Xây dựng Công chánh (WPA),False,False,0,0.0,1.0,-1.6236753463745117,9.251615524291992,1.6236753463745117,UNANSWERABLE_FALSE_POSITIVE
0017-0034-0004,"Để giải quyết tình trạnh tồi tệ trở lại của nền kinh tế Hoa Kỳ năm 1937, Roosevelt đã có những quyết định như thế nào?","Roosevelt đưa ra một chương trình kích cầu cấp tiến, xin Quốc hội chi 5 tỷ đô la cho công chánh và giải cứu Cơ quan Quản trị Tiến trình Xây dựng Công chánh (WPA)","Roosevelt đưa ra một chương trình kích cầu cấp tiến, xin Quốc hội chi 5 tỷ đô la cho công chánh và giải cứu Cơ quan Quản trị Tiến trình Xây dựng Công chánh (WPA)",True,False,1,1.0,1.0,0.4578981399536133,7.96047306060791,-0.4578981399536133,CORRECT
0017-0035-0001,"Đầu năm 1937, đảng Dân Chủ đã phản đối quyết định ""gây sửng sốt"" gì của Roosevelt?",bổ nhiệm 5 thẩm phán tối cao pháp viện mới,đề nghị một luật mới cho phép ông bổ nhiệm 5 thẩm phán tối cao pháp viện mới,True,False,0,0.7142857142857143,1.0,1.0077786445617676,7.557034969329834,-1.0077786445617676,SPAN_TOO_LONG
0017-0035-0002,Những chương trình của Roosevelt đã phải đối mặt với rào cản khó khăn nào?,Tối cao Pháp viện Hoa Kỳ,Tối cao Pháp viện Hoa Kỳ,True,False,1,1.0,1.0,-0.7497367858886719,9.437976837158203,0.7497367858886719,CORRECT
0017-0035-0003,"Tại sao quyết kế họach ""lấp đầy tòa án"" của Roosevelt lại bị phản đối một cách kịch liệt như vậy?",dường như làm đảo lộn tam quyền phân lập và trao cho tổng thống cả quyền kiểm sóat ngành tư pháp,nó dường như làm đảo lộn tam quyền phân lập và trao cho tổng thống cả quyền kiểm sóat ngành tư pháp,True,False,0,0.9767441860465117,1.0,-2.319186210632324,10.45125675201416,2.319186210632324,SPAN_TOO_LONG
0017-0035-0004,"Tối cao Pháp viện Hoa Kỳ đã có những hành động gì để ""lật ngược"" các chương trình của Roosevelt?",tối cao pháp viện đồng thanh phán quyết rằng Đạo luật Phục hồi Quốc gia (NRA) là một sự ủy thác quyền lực một cách vi hiến của ngành lập pháp trao cho tổng thống,Tối cao Pháp viện Hoa Kỳ là rào cản chính đối với những chương trình của Roosevelt trong suốt nhiệm kỳ hai,True,False,0,0.21052631578947367,1.0,0.5225162506103516,8.012317657470703,-0.5225162506103516,SPAN_TOO_SHORT
0017-0036-0001,Tại sao Roosevelt lại tự dấn thân vào các cuộc bầu cử sơ bộ đảng Dân chủ năm 1938?,Vì quyết tâm vượt qua sự chống đối của các đảng viên Dân chủ bảo thủ,"Roosevelt bị thất bại chua cay, chỉ đánh gục được một mục tiêu, đó là một đảng viên Dân chủ bảo thủ từ Thành phố New York",True,False,0,0.27906976744186046,1.0,-0.2425861358642578,8.606781005859375,0.2425861358642578,SPAN_TOO_LONG
0017-0036-0002,Roosevelt tham gia vào cuộc bầu cử sơ bộ đảng Dân chủ với mục đích gì?,Vì quyết tâm vượt qua sự chống đối của các đảng viên Dân chủ bảo thủ,tích cực vận động cho các ứng viên có thái độ ủng hộ hơn dành cho chương trình cải cách New Deal,True,False,0,0.10526315789473685,1.0,1.5313668251037598,6.9671807289123535,-1.5313668251037598,SPAN_TOO_LONG
0017-0036-0003,Roosevelt đã bị tố cáo về những việc làm gì?,tìm cách thâu tóm đảng Dân chủ và dùng chiêu thức thuyết phục cử tri rằng họ độc lập để được tái đắc cử,,True,True,0,0.0,1.0,4.6765241622924805,4.107810020446777,-4.6765241622924805,ANSWERABLE_PREDICTED_EMPTY
0017-0036-0004,Thành quả mà Roosevelt đạt được sau khi dấn thân vào các cuộc bầu cửu sơ bộ đảng Dân chủ là gì?,"Roosevelt bị thất bại chua cay, chỉ đánh gục được một mục tiêu, đó là một đảng viên Dân chủ bảo thủ từ Thành phố New York",,True,True,0,0.0,1.0,2.0339841842651367,6.54379940032959,-2.0339841842651367,ANSWERABLE_PREDICTED_EMPTY
0017-0036-0005,Thành quả mà Roosevelt đạt được trước khi dấn thân vào các cuộc bầu cử sơ bộ đảng Dân chủ là gì?,,,False,True,1,1.0,1.0,1.9029383659362793,6.673482418060303,-1.9029383659362793,CORRECT_NO_ANSWER
0017-0036-0006,Tại sao Roosevelt lại bị dấn thân vào các cuộc bầu cử sơ bộ đảng Dân chủ năm 1938?,,"Roosevelt bị thất bại chua cay, chỉ đánh gục được một mục tiêu, đó là một đảng viên Dân chủ bảo thủ từ Thành phố New York",False,False,0,0.0,1.0,-0.5539484024047852,8.833399772644043,0.5539484024047852,UNANSWERABLE_FALSE_POSITIVE
0017-0036-0007,"Để vượt qua sự chống đối của các đảng viên Dân chủ bảo thủ, Roosevelt đã có quyết định gì?",Roosevelt tự dấn thân vào các cuộc bầu cử sơ bộ đảng Dân chủ năm 1938,"Roosevelt tự dấn thân vào các cuộc bầu cử sơ bộ đảng Dân chủ năm 1938, tích cực vận động cho các ứng viên có thái độ ủng hộ hơn dành cho chương trình cải cách New Deal",True,False,0,0.5925925925925926,1.0,0.4924755096435547,7.763300895690918,-0.4924755096435547,SPAN_TOO_LONG
0017-0036-0008,"Để vượt qua sự thuyết phục của các đảng viên Dân chủ bảo thủ, Roosevelt đã có quyết định gì?",,,False,True,1,1.0,1.0,1.9575438499450684,6.409313678741455,-1.9575438499450684,CORRECT_NO_ANSWER
0017-0037-0001,Luật cuối cùng mà Roosevelt đề nghị được quốc hội thông qua là luật nào?,Luật lương tối thiểu năm 1938,Luật lương tối thiểu năm 1938,True,False,1,1.0,1.0,-2.9256057739257812,9.819571495056152,2.9256057739257812,CORRECT
0017-0037-0002,"Tại kì nhóm họp năm 1939 của Quốc hội, đã có những quyết định gì được đưa ra đến từ hai đảng phái?",lập ra một liên minh Bảo thủ,,True,True,0,0.0,1.0,3.0121254920959473,5.391725063323975,-3.0121254920959473,ANSWERABLE_PREDICTED_EMPTY
0017-0037-0003,Việc thành lập liên minh Bảo thủ đã tác động như thế nào đến Roosevelt?,Sự ra đời của liên minh bảo thủ này gần như kết thúc khả năng của Roosevelt đưa các đề nghị của mình lên quốc hội để được thông qua thành luật,đảng Cộng hòa,True,False,0,0.0,1.0,-0.8865575790405273,8.194263458251953,0.8865575790405273,WRONG_SPAN
0017-0037-0004,"Tại kì nhóm họp năm 1938 của Quốc hội, đã có những quyết định gì được đưa ra đến từ hai đảng phái?",,,False,True,1,1.0,1.0,3.7694382667541504,4.745381832122803,-3.7694382667541504,CORRECT_NO_ANSWER
0017-0037-0005,Đa phần số ghế bị mất của đảng Dân chủ trong thượng viện và hạ viện thuộc về những ai?,các đảng viên Dân chủ ủng hộ New Deal,,True,True,0,0.0,1.0,2.3392744064331055,5.989947319030762,-2.3392744064331055,ANSWERABLE_PREDICTED_EMPTY
0017-0037-0006,"Trong cuộc bầu cử tháng 11 năm 1938, Đảng Dân chủ đã chịu những tổn thất gì?",mất 6 ghế thượng viện và 71 ghế hạ viện,mất 6 ghế thượng viện và 71 ghế hạ viện,True,False,1,1.0,1.0,-0.3253602981567383,8.121997833251953,0.3253602981567383,CORRECT
0017-0037-0007,Đa phần số ghế bầu cử của đảng Dân chủ trong thượng viện và hạ viện thuộc về những ai?,,,False,True,1,1.0,1.0,2.222235679626465,6.124587059020996,-2.222235679626465,CORRECT_NO_ANSWER
0017-0038-0001,Roosevelt đã có những phản ứng như thế nào đối với Đạo luật Trung lập mà Quốc hội Hoa Kỳ đã thông qua?,Roosevelt chống đối đạo luật,,True,True,0,0.0,1.0,2.69439697265625,5.767905235290527,-2.69439697265625,ANSWERABLE_PREDICTED_EMPTY
0017-0038-0002,Vì lí do gì mà Roosevelt lại chống đối Đạo luật Trung lập?,dựa trên lập luận rằng đạo luật đang trừng phạt nạn nhân của sự xâm lược,"đạo luật đang trừng phạt nạn nhân của sự xâm lược, trong trường hợp này là Ethiopia, đạo luật cũng hạn chế quyền hạn tổng thống trong nỗ lực trợ giúp các quốc gia thân thiện",True,False,0,0.42307692307692313,1.0,0.621891975402832,7.669269561767578,-0.621891975402832,SPAN_TOO_LONG
0017-0038-0003,Việc Adolf Hitler được bầu chọn làm quốc trưởng Đức Quốc Xã đã gây nên nỗi lo lắng gì?,bùng nổ một cuộc thế chiến mới,nỗi e sợ bùng nổ một cuộc thế chiến mới,True,False,0,0.8235294117647058,1.0,1.6778478622436523,6.864789009094238,-1.6778478622436523,SPAN_TOO_LONG
0017-0038-0004,Roosevelt đã có những phản ứng như thế nào đối với Đạo luật Trung lập mà Quốc hội Ý đã thông qua?,,,False,True,1,1.0,1.0,3.1434879302978516,5.335719108581543,-3.1434879302978516,CORRECT_NO_ANSWER
0017-0038-0005,Theo Đạo luật Trung lập Hoa Kỳ đã có những động thái như thế nào?,ra lệnh cấm vận chuyển vũ khí từ Mỹ đến các nước tham chiến,,True,True,0,0.0,1.0,3.732900619506836,4.962270736694336,-3.732900619506836,ANSWERABLE_PREDICTED_EMPTY
0017-0038-0006,Điều gì khiên Roosevelt buộc phải ký ban hành Đạo luật Trung lập?,sự ủng hộ của công chúng dành cho đạo luật quá lớn,sự ủng hộ của công chúng dành cho đạo luật quá lớn,True,False,1,1.0,1.0,-0.30195140838623047,7.991138458251953,0.30195140838623047,CORRECT
0017-0039-0001,Sự kiện gì đã diễn ra vào tháng 5 năm 1938?,một cuộc đảo chính bất thành nổ ra do phong trào phát xít Integralista tại Brasil thực hiện,,True,True,0,0.0,1.0,4.570046424865723,4.212441444396973,-4.570046424865723,ANSWERABLE_PREDICTED_EMPTY
0017-0039-0002,Điều gì đã khiến chính phủ Roosevelt phải bị khích động?,Sự việc Brasil tố cáo Đức hậu thuẫn cho cuộc đảo chính Integralista,Brasil tố cáo Đức hậu thuẫn cho cuộc đảo chính Integralista có một ảnh hưởng khích động đối với chính phủ Roosevelt vì nó gây hoang mang rằng tham vọng của người Đức không chỉ giới hạn trong khu vực châu Âu mà trên tòan thế giới,True,False,0,0.36666666666666675,1.0,-0.8338184356689453,8.957244873046875,0.8338184356689453,SPAN_TOO_LONG
0017-0039-0003,Brasil tố cáo Đức hậu thuẫn cho cuộc đảo chính đã gây tác động như thế nào với chính phủ Hoa Kỳ?,có một ảnh hưởng khích động đối với chính phủ Roosevelt,nó gây hoang mang rằng tham vọng của người Đức không chỉ giới hạn trong khu vực châu Âu mà trên tòan thế giới,True,False,0,0.0,1.0,-2.852769374847412,10.476218223571777,2.852769374847412,WRONG_SPAN
0017-0039-0004,Tại sao sự việc Brasil tố cáo Đức hậu thuẫn cho cuộc đảo chính diễn ra trên nước này lại gây khích động cho chính phủ Roosevelt?,"cho rằng Đại sứ Đức, Tiến sĩ Karl Ritter, có nhúng tay vào cuộc đảo chính này và tuyên bố rằng ông ta là persona non grata",nó gây hoang mang rằng tham vọng của người Đức không chỉ giới hạn trong khu vực châu Âu mà trên tòan thế giới,True,False,0,0.07843137254901962,1.0,-3.2682652473449707,10.495813369750977,3.2682652473449707,SPAN_TOO_SHORT
0017-0039-0005,Sự kiện gì đã diễn ra vào tháng Một năm 1938?,,,False,True,1,1.0,1.0,4.924944162368774,3.8853490352630615,-4.924944162368774,CORRECT_NO_ANSWER
0017-0039-0006,Chính phủ Roosevelt đã có một cái nhìn gì khác sau khi biết được ý đồ của Đức Quốc Xã?,"chế độ Đức Quốc xã: một chế độ khó ưa, tuy nhiên trên cơ bản không phải là vấn đề đáng lo đối với Mỹ",,True,True,0,0.0,1.0,3.359858512878418,5.218750953674316,-3.359858512878418,ANSWERABLE_PREDICTED_EMPTY
0017-0040-0001,"Với phát biểu của Đại sứ Mĩ về mỗi liên hệ giữa Pháp và Mỹ, người ta đã đồn đóan điều gì về câu nói ấy của ông?",nếu chiến tranh bùng nổ vì Tiệp Khắc thì Hoa Kỳ sẽ tham chiến bên cạnh phe Đồng minh,"""Pháp và Hoa Kỳ đòan kết với nhau trong chiến tranh và hòa bình""",True,False,0,0.24242424242424243,1.0,-1.0042543411254883,9.42876148223877,1.0042543411254883,SPAN_TOO_SHORT
0017-0040-0002,"Theo Roosevelt, nếu Đức gây chiến với Tiệp Khắc thì Hoa Kỳ sẽ hành động như thế nào?",giữ lập trường trung lập,Hoa Kỳ sẽ tham chiến bên cạnh phe Đồng minh,True,False,0,0.0,1.0,0.8903217315673828,7.523041725158691,-0.8903217315673828,WRONG_SPAN
0017-0040-0003,"Trước những đồn đóan rằng thế giới sẽ tham chiến chiến tranh Hoa Kỳ, Roosevelt đã có những phản ứng như thế nào?",,"""Pháp và Hoa Kỳ đòan kết với nhau trong chiến tranh và hòa bình"" khiến cho trong giới báo chí có nhiều đồn đóan rằng nếu chiến tranh bùng nổ vì Tiệp Khắc",False,False,0,0.0,1.0,1.1540827751159668,7.4442830085754395,-1.1540827751159668,UNANSWERABLE_FALSE_POSITIVE
0017-0040-0004,"Việc bức điện tín ""Good man"" được Roosevelt gửi đến cho Neville Chamberlain khi ông này trở về Luân Đôn, đã gây nên tranh cãi gì về ý nghĩa bức điện tín này?",Phần đông ý kiến cho rằng bức điện tín mang ý nghĩa chúc mừng trong khi nhóm thiểu số thì phản bác lời giải nghĩa đó,"Roosevelt gởi cho ông một bức điện tín chỉ có hai chữ ""Good Man"" (nghĩa thông thường là ""tốt lắm"")",True,False,0,0.2173913043478261,1.0,-0.3034210205078125,8.55232048034668,0.3034210205078125,SPAN_TOO_SHORT
0017-0040-0005,Đại sứ Mĩ đã có đồn đóan như thế nào về tình hữu nghị giữa Pháp và Mĩ?,,"""Pháp và Hoa Kỳ đòan kết với nhau trong chiến tranh và hòa bình""",False,False,0,0.0,1.0,-1.197434425354004,9.627540588378906,1.197434425354004,UNANSWERABLE_FALSE_POSITIVE
0017-0040-0006,Đại sứ Mĩ đã có phát biểu như thế nào về tình hữu nghị giữa Pháp và Mĩ?,"""Pháp và Hoa Kỳ đòan kết với nhau trong chiến tranh và hòa bình""","Đại sứ Mỹ và cũng là bạn thân của Roosevelt, William C. Bullitt, đã phát biểu rằng ""Pháp và Hoa Kỳ đòan kết với nhau trong chiến tranh và hòa bình""",True,False,0,0.6222222222222222,1.0,-0.9990663528442383,9.565779685974121,0.9990663528442383,SPAN_TOO_LONG
0017-0040-0007,"Trước những đồn đóan rằng Hoa Kỳ sẽ tham chiến chiến tranh thế giới, Roosevelt đã có những phản ứng như thế nào?",bác bỏ,"""Pháp và Hoa Kỳ đòan kết với nhau trong chiến tranh và hòa bình"" khiến cho trong giới báo chí có nhiều đồn đóan rằng nếu chiến tranh bùng nổ vì Tiệp Khắc",True,False,0,0.0,1.0,1.1819849014282227,7.44582462310791,-1.1819849014282227,WRONG_SPAN
0017-0040-0008,"Theo Roosevelt, nếu Tiệp Khắc gây chiến với Đức thì Hoa Kỳ sẽ hành động như thế nào?",,Hoa Kỳ sẽ tham chiến bên cạnh phe Đồng minh,False,False,0,0.0,1.0,1.3662981986999512,7.089817523956299,-1.3662981986999512,UNANSWERABLE_FALSE_POSITIVE
0017-0041-0001,Việc cuộc hội đàm bí mật giữa Pháp và Mỹ đã dẫn đến những hệ quả gì?,dấy lên một làn sóng lớn của chủ nghĩa biệt lập chống lại Roosevelt,nguyên mẫu máy bay đầu tiên của lọai oanh tạc cơ DB-7,True,False,0,0.07407407407407408,1.0,0.04290485382080078,8.574043273925781,-0.04290485382080078,SPAN_TOO_SHORT
0017-0041-0002,Nội dung bí mật của Đạo luật Johnson 1934 là gì?,,cấm cho các quốc gia vỡ nợ tiền mượn trong thời Chiến tranh thế giới thứ nhất mượn thêm tiền,False,False,0,0.0,1.0,-3.5844788551330566,10.730195999145508,3.5844788551330566,UNANSWERABLE_FALSE_POSITIVE
0017-0041-0003,Nội dung chủ yếu của Đạo luật Johnson 1934 là gì?,cấm cho các quốc gia vỡ nợ tiền mượn trong thời Chiến tranh thế giới thứ nhất mượn thêm tiền,cấm cho các quốc gia vỡ nợ tiền mượn trong thời Chiến tranh thế giới thứ nhất mượn thêm tiền,True,False,1,1.0,1.0,-3.243231773376465,10.686468124389648,3.243231773376465,CORRECT
0017-0041-0004,Cuộc họp giữa Roosevetlt với Pháp vào tháng 10 năm 1938 diễn ra với mục đích gì?,để xem có cách nào khắc phục được các luật lệ trung lập của Mỹ và cho phép Pháp mua các phi cơ Mỹ để lấp khỏang trống sản xuất trong ngành công nghiệp chế tạo phi cơ Pháp,,True,True,0,0.0,1.0,2.241985321044922,6.356139183044434,-2.241985321044922,ANSWERABLE_PREDICTED_EMPTY
0017-0041-0005,Jean Monnet đến Washington vào tháng 11 năm 1938 để làm gì?,đặt mua 1.000 phi cơ chiến đấu Mỹ cho Không quân Pháp,đặt mua 1.000 phi cơ chiến đấu Mỹ cho Không quân Pháp,True,False,1,1.0,1.0,-2.4702820777893066,9.598615646362305,2.4702820777893066,CORRECT
0017-0041-0006,Tổng thống Pháp Édouard Daladier đã nói với Roosevelt điều gì trong báo cáo của ông gửi cho Ngài thủ tướng?,,"""Nếu tôi có ba hoặc bốn ngàn phi cơ thì Hội nghị München đã không bao giờ xảy ra""",False,False,0,0.0,1.0,-1.3685302734375,9.562702178955078,1.3685302734375,UNANSWERABLE_FALSE_POSITIVE
0017-0041-0007,Thủ tướng Pháp Édouard Daladier đã nói với Roosevelt điều gì trong báo cáo của ông gửi cho Ngài tổng thống?,"""Nếu tôi có ba hoặc bốn ngàn phi cơ thì Hội nghị München đã không bao giờ xảy ra","""Nếu tôi có ba hoặc bốn ngàn phi cơ thì Hội nghị München đã không bao giờ xảy ra""",True,False,1,1.0,1.0,-1.5065326690673828,9.608940124511719,1.5065326690673828,CORRECT
0017-0041-0008,Việc cuộc hội đàm bí mật giữa Anh và Mỹ đã dẫn đến những hệ quả gì?,,,False,True,1,1.0,1.0,2.278852939605713,6.450740337371826,-2.278852939605713,CORRECT_NO_ANSWER
0017-0042-0001,Việc Tây Âu giành thắng lợi ở phát xít Đức đã tác động như thế nào đến quân đội Anh Quốc?,,,False,True,1,1.0,1.0,3.5161919593811035,5.3342413902282715,-3.5161919593811035,CORRECT_NO_ANSWER
0017-0042-0002,Roosevelt nhận được sự ủng hộ từ những ai?,"""Ủy ban Phòng vệ Mỹ bằng cách Trợ giúp Đồng minh""",,True,True,0,0.0,1.0,2.0696496963500977,6.516833305358887,-2.0696496963500977,ANSWERABLE_PREDICTED_EMPTY
0017-0042-0003,Việc phát xít Đức giành thắng lợn ở Tây Âu đã tác động như thế nào đến quân đội Anh Quốc?,"Anh Quốc trở nên suy yếu, dễ bị xâm chiếm",,True,True,0,0.0,1.0,3.500338554382324,5.368197441101074,-3.500338554382324,ANSWERABLE_PREDICTED_EMPTY
0017-0042-0004,"Vào tháng 7 năm 1940, FDR đã có quyết định gì đối với quân đội Hoa Kỳ?","FDR bổ nhiệm hai lãnh tụ theo chủ nghĩa can thiệp thuộc Đảng Cộng hòa, Henry L. Stimson và Frank Knox, làm bộ trưởng chiến tranh và bộ trưởng hải quân theo thứ tự vừa kể","FDR bổ nhiệm hai lãnh tụ theo chủ nghĩa can thiệp thuộc Đảng Cộng hòa, Henry L. Stimson và Frank Knox, làm bộ trưởng chiến tranh và bộ trưởng hải quân",True,False,0,0.9253731343283582,1.0,-0.9226655960083008,9.450867652893066,0.9226655960083008,SPAN_TOO_SHORT
0017-0042-0005,Những cuộc chiến nào đã bùng nổ kể từ tháng 4 năm 1940?,"Đức xâm chiếm Đan Mạch và Na Uy, theo sau là xâm chiếm Hà Lan, Bỉ, Luxembourg, và Pháp vào tháng 5",,True,True,0,0.0,1.0,3.786844253540039,5.099674224853516,-3.786844253540039,ANSWERABLE_PREDICTED_EMPTY
0017-0042-0006,Phản ứng của chính phủ Hoa Kỳ như thế nào trước những quyết định của Roosevelt?,"Cả hai đảng ủng hộ các chương trình của ông nhanh chóng xây dựng các lực lượng quân sự Mỹ, nhưng những người theo chủ nghĩa biệt lập cảnh báo rằng Roosevelt sẽ đưa quốc gia lâm vào một cuộc chiến không cần thiết với Đức",,True,True,0,0.0,1.0,3.133164405822754,5.663061141967773,-3.133164405822754,ANSWERABLE_PREDICTED_EMPTY
0017-0043-0001,Roosevelt đã nhận ý kiến của ai về chính sách ngọai giao của mình?,Harry Hopkins,Harry Hopkins,True,False,1,1.0,1.0,-1.2978053092956543,8.826217651367188,1.2978053092956543,CORRECT
0017-0043-0002,"Trong chương trình ""fireside chats"", phương hướng chính mà Roosevelt muốn Hoa Kỳ hướng đến là gì?","Nước Mỹ phải là ""Kho thuốc đạn dân chủ""","Kho thuốc đạn dân chủ""",True,False,0,0.7142857142857143,1.0,0.5879507064819336,8.185396194458008,-0.5879507064819336,SPAN_TOO_SHORT
0017-0043-0003,Mục tiêu của Roosevelt khi ông cho vay mượn viện trợ là gì?,kết thúc chủ nghĩa thuộc địa của châu Âu,,True,True,0,0.0,1.0,2.0733137130737305,6.587133407592773,-2.0733137130737305,ANSWERABLE_PREDICTED_EMPTY
0017-0043-0004,Roosevelt đã nhận ý kiến của ai về chính sách ngọai giao của Anh Quốc?,,Roosevelt nhờ đến Harry Hopkins,False,False,0,0.0,1.0,-0.7428145408630371,8.409908294677734,0.7428145408630371,UNANSWERABLE_FALSE_POSITIVE
0017-0043-0005,Tình trạng tài chính của Anh quốc như thế nào vào cuối năm 1940?,các nguồn tài chính của Anh Quốc đã cạn kiệt,,True,True,0,0.0,1.0,2.655771255493164,5.976177215576172,-2.655771255493164,ANSWERABLE_PREDICTED_EMPTY
0017-0043-0006,"Ngày 2 tháng 9 năm 1940, Roosevelt đã có hành động ""thách thức các đạo luật trung lập"" nào?",ký hiệp ước trao 50 chiếc khu trục hạm cho Anh Quốc để đổi lấy quyền sử dụng các căn cứ hải quân của Anh Quốc tại các đảo thuộc Anh Quốc trong vùng biển Caribe và Newfoundland,ký hiệp ước trao 50 chiếc khu trục hạm cho Anh Quốc để đổi lấy quyền sử dụng các căn cứ hải quân của Anh Quốc tại các đảo thuộc Anh Quốc trong vùng biển Caribe và Newfoundland,True,False,1,1.0,1.0,-3.597463607788086,10.002510070800781,3.597463607788086,CORRECT
0017-0043-0007,Mục tiêu của Roosevelt khi ông vay mượn viện trợ là gì?,,,False,True,1,1.0,1.0,2.843179702758789,5.898448944091797,-2.843179702758789,CORRECT_NO_ANSWER
0017-0044-0001,Các đại biểu đã ủng hộ Roosevelt nhiều như thế nào?,"Các đại biểu kinh ngạc; rồi bỗng dưng loa phóng thanh la to ""Chúng tôi cần Roosevelt... Thế giới cần Roosevelt!"" Các đại biểu như cuồng dại và ông được đề cử với tỉ lệ 946 - 147",,True,True,0,0.0,1.0,4.115814208984375,4.393110275268555,-4.115814208984375,ANSWERABLE_PREDICTED_EMPTY
0017-0044-0002,Vai trò của James Farley trong chiến dịch tranh cử cửa Roosevelt các năm 1932 và 1936 là gì?,giám đốc điều hành chiến dịch vận động tranh cử của Roosevelt,"bộ trưởng bưu điện và chủ tịch Đảng Dân chủ, từng là giám đốc điều hành chiến dịch vận động tranh cử của Roosevelt",True,False,0,0.6666666666666666,1.0,1.2738642692565918,7.20231294631958,-1.2738642692565918,SPAN_TOO_LONG
0017-0044-0003,Việc các đời tổng thống không tranh cử lần thứ ba bắt đầu từ khi nào?,từ khi tổng thống George Washington từ chối ra tranh cử nhiệm kỳ thứ ba vào năm 1796,,True,True,0,0.0,1.0,3.9629945755004883,4.647583961486816,-3.9629945755004883,ANSWERABLE_PREDICTED_EMPTY
0017-0044-0004,Vai trò của James Farley trong chiến dịch tranh cử cửa Roosevelt các năm 1796 và 1936 là gì?,,,False,True,1,1.0,1.0,3.1310157775878906,5.395134925842285,-3.1310157775878906,CORRECT_NO_ANSWER
0017-0044-0005,Hai trong số những đảng viên Dân chủ đang tìm cách nhận sự đề cử của bộ trưởng nông nghiệp là ai?,,Henry A. Wallace,False,False,0,0.0,1.0,0.35256385803222656,8.06423568725586,-0.35256385803222656,UNANSWERABLE_FALSE_POSITIVE
0017-0044-0006,Hai trong số những đảng viên Dân chủ đang tìm cách nhận sự đề cử của đảng Dân chủ là ai?,Bộ trưởng Ngọai giao Cordell Hull và hai là James Farley,một là Bộ trưởng Ngọai giao Cordell Hull và hai là James Farley,True,False,0,0.9166666666666666,1.0,0.31063175201416016,8.025906562805176,-0.31063175201416016,SPAN_TOO_LONG
0017-0044-0007,Tu chính án 22 đã quy định điều gì về nhiệm kỳ của các tổng thống?,mỗi tổng thống chỉ được phục vụ hai nhiệm kỳ,,True,True,0,0.0,1.0,2.108448028564453,5.913233757019043,-2.108448028564453,ANSWERABLE_PREDICTED_EMPTY
0017-0045-0001,Ai là đối thủ của Roosevelt trong lần tranh cử năm 1937?,,,False,True,1,1.0,1.0,2.9362592697143555,5.558921813964844,-2.9362592697143555,CORRECT_NO_ANSWER
0017-0045-0002,Roosevelt đã có ý định gì trong chiến dịch tranh cử lần thứ ba của mình?,Roosevelt nhấn mạnh ý định của ông là sẽ làm mọi việc như có thể để giữ Hoa Kỳ ngòai cuộc chiến,,True,True,0,0.0,1.0,3.7989578247070312,4.67324161529541,-3.7989578247070312,ANSWERABLE_PREDICTED_EMPTY
0017-0045-0003,Roosevelt đã chiến thắng chiến dịch tranh cử như thế nào?,"tỉ lệ 55% phiếu bầu phổ thông, thắng 38 trong số 48 tiểu bang",,True,True,0,0.0,1.0,4.184206485748291,4.2679972648620605,-4.184206485748291,ANSWERABLE_PREDICTED_EMPTY
0017-0045-0004,"Trước Henry A.Wallace, ai là người giữ vai trò phó tổng thống Hoa Kỳ?",John Nance Garner,Phó Tổng thống Hoa Kỳ,True,False,0,0.0,1.0,-0.42893314361572266,8.601910591125488,0.42893314361572266,WRONG_SPAN
0017-0045-0005,"Trước Roosevelt, ai là người giữ vai trò phó tổng thống Hoa Kỳ?",,,False,True,1,1.0,1.0,5.069549322128296,3.5732691287994385,-5.069549322128296,CORRECT_NO_ANSWER
0017-0045-0006,Ai là đối thủ của Roosevelt trong lần tranh cử năm 1940?,Wendell Willkie,,True,True,0,0.0,1.0,5.016120910644531,3.467564582824707,-5.016120910644531,ANSWERABLE_PREDICTED_EMPTY
0017-0046-0001,Hoa Kỳ đã thay đổi như thế nào cho đến năm 1940?,"Hoa Kỳ một mặt nới rộng và tái vũ trang Lục quân Hoa Kỳ và Hải quân Hoa Kỳ, một mặt trở thành ""kho thuốc súng của dân chủ"" bằng cách trợ giúp Anh Quốc, Pháp, Trung Hoa và (sau tháng 6 năm 1941) Liên Xô",,True,True,0,0.0,1.0,2.877300262451172,5.82472038269043,-2.877300262451172,ANSWERABLE_PREDICTED_EMPTY
0017-0046-0002,Hoa Kỳ đã thay đổi như thế nào cho đến tháng 1 năm 1940?,,,False,True,1,1.0,1.0,3.622255325317383,5.09086799621582,-3.622255325317383,CORRECT_NO_ANSWER
0017-0046-0003,Điều gì đã chi phối Roosevelt trong nhiệm kỳ thứ 3 của mình?,Chiến tranh thế giới thứ hai tại châu Âu và tại Thái Bình Dương,Chiến tranh thế giới thứ hai tại châu Âu và tại Thái Bình Dương,True,False,1,1.0,1.0,-0.022734642028808594,8.823796272277832,0.022734642028808594,CORRECT
0017-0046-0004,Tại sao Roosevelt lại quyết định tiến hành tái vũ trang Hoa Kỳ?,vì đang phải đối mặt với sự phản đối mạnh mẽ của chủ nghĩa biệt lập từ các lãnh tụ Quốc hội chống đối tái vũ trang như Thượng nghị sĩ William Borah và Thượng nghị sĩ Robert Taft,,True,True,0,0.0,1.0,2.7387003898620605,5.997049808502197,-2.7387003898620605,ANSWERABLE_PREDICTED_EMPTY
0017-0047-0001,Do đâu mà lượng di dân của những người gốc Phi lại nhỏ đến vậy?,,,False,True,1,1.0,1.0,1.8712258338928223,6.832362651824951,-1.8712258338928223,CORRECT_NO_ANSWER
0017-0047-0002,Việc xây dựng lực lượng quân sự đã đem lại lợi ích gì cho Hoa Kỳ?,kích thích sự phát triển kinh tế,kích thích sự phát triển kinh tế,True,False,1,1.0,1.0,-0.3252449035644531,8.74583625793457,0.3252449035644531,CORRECT
0017-0047-0003,"Trong suốt thời chiến, tình hình trong nước của Hoa Kỳ như thế nào?",Mặt trận trong nước có sự thay đổi xã hội rất năng động,Mặt trận trong nước có sự thay đổi xã hội rất năng động trong suốt thời chiến,True,False,0,0.8666666666666666,1.0,1.0134587287902832,7.518168926239014,-1.0134587287902832,SPAN_TOO_LONG
0017-0047-0004,Sự khan hiếm nhân công lao động tại các khu vực trung tâm sản xuất chính tại Hoa Kỳ đã dẫn đến điều gì tại nước này?,có những dòng di dân lớn gồm những người Mỹ gốc châu Phi từ các nông trại ở miền Nam cũng như các nông gia nhỏ và các công nhân từ các vùng nông thôn và thị trấn nhỏ khắp nơi trên tòan quốc,có những dòng di dân lớn gồm những người Mỹ gốc châu Phi từ các nông trại ở miền Nam cũng như các nông gia nhỏ và các công nhân từ các vùng nông thôn và thị trấn nhỏ khắp nơi trên tòan quốc,True,False,1,1.0,1.0,-3.1997151374816895,10.851123809814453,3.1997151374816895,CORRECT
0017-0047-0005,Do đâu mà lượng di dân của những người gốc phi lại lớn đến vậy?,Vì khan hiếm nhân công lao động tại các khu vực trung tâm sản xuất chính trên tòan quốc,,True,True,0,0.0,1.0,2.2560501098632812,6.5099592208862305,-2.2560501098632812,ANSWERABLE_PREDICTED_EMPTY
0017-0047-0006,Việc khan hiếm lực lượng quân sự đã đem lại lợi ích gì cho Hoa Kỳ?,,kích thích sự phát triển kinh tế,False,False,0,0.0,1.0,1.7714753150939941,6.7685933113098145,-1.7714753150939941,UNANSWERABLE_FALSE_POSITIVE
0017-0047-0007,Tình hình thất nghiệp của châu Phi thay đổi như thế nào vào năm 1941?,,,False,True,1,1.0,1.0,2.7530155181884766,6.055656433105469,-2.7530155181884766,CORRECT_NO_ANSWER
0017-0047-0008,"Trong suốt thời bình, tình hình trong nước của Hoa Kỳ như thế nào?",,,False,True,1,1.0,1.0,3.0830392837524414,5.694210052490234,-3.0830392837524414,CORRECT_NO_ANSWER
0017-0047-0009,Tình hình thất nghiệp của Hoa Kỳ thay đổi như thế nào vào năm 1941?,thất nghiệp rơi xuống dưới 1 triệu người,,True,True,0,0.0,1.0,3.0271878242492676,5.7843337059021,-3.0271878242492676,ANSWERABLE_PREDICTED_EMPTY
0017-0048-0001,Cuộc gặp gỡ giữa Roosevelt và Thủ tướng Anh Quốc Winston vào ngày 14 tháng 8 năm 1941 diễn ra với mục đích gì?,,Roosevelt gặp Thủ tướng Anh Quốc Winston Churchill ngày 14 tháng 8 năm 1941 để phác thảo ra Hiến chương Đại Tây Dương,False,False,0,0.0,1.0,-0.8443470001220703,9.010113716125488,0.8443470001220703,UNANSWERABLE_FALSE_POSITIVE
0017-0048-0002,"Dự định của ""Kế họach Chiến Thắng"" khi tham gia cùng với Đồng minh trong thế chiến thứ 2 là gì?",dự tính gia tăng viện trợ cho các quốc gia Đồng minh và cần đến 10 triệu binh sĩ phục vụ,"""Kế họach Chiến thắng",True,False,0,0.0,1.0,1.5625801086425781,7.021991729736328,-1.5625801086425781,WRONG_SPAN
0017-0048-0003,"Tháng 7 năm 1941, Henry Stimson nhận lệnh của Roosevelt làm nhiệm vụ gì?",bắt đầu lập kế họach cho sự tham chiến hòan tòan của Hoa Kỳ,Bộ trưởng Chiến tranh Henry Stimson bắt đầu lập kế họach cho sự tham chiến hòan tòan,True,False,0,0.7096774193548386,1.0,0.6838030815124512,7.656464099884033,-0.6838030815124512,SPAN_TOO_LONG
0017-0048-0004,"Giữa năm 1941, Roosevelt đưa Hoa Kỳ đứng về phe đồng minh, ông đã dùng chính sách gì khi ấy?","chính sách ""tất cả là viện trợ, không tham chiến.""","tất cả là viện trợ, không tham chiến",True,False,0,0.888888888888889,1.0,-0.08323955535888672,8.333158493041992,0.08323955535888672,SPAN_TOO_SHORT
0017-0048-0005,"""Kế họach Chiến Thắng"" được đưa ra với vai trò như thế nào?","cung cấp cho tổng thống ước tính cần thiết về con số tổng động viên nhân lực, công nghiệp và tiếp vận để đánh bại ""kẻ thù tiềm năng"" của Hoa Kỳ","""Kế họach Chiến thắng"" được đưa ra dưới sự chỉ đạo của Albert Wedemeyer",True,False,0,0.043478260869565216,1.0,-0.28356456756591797,8.563322067260742,0.28356456756591797,SPAN_TOO_SHORT
0017-0048-0006,Cuộc gặp gỡ giữa Roosevelt và Thủ tướng Anh Quốc Winston Chirchill vào ngày 14 tháng 8 năm 1941 diễn ra với mục đích gì?,phác thảo ra Hiến chương Đại Tây Dương,Roosevelt gặp Thủ tướng Anh Quốc Winston Churchill ngày 14 tháng 8 năm 1941 để phác thảo ra Hiến chương Đại Tây Dương,True,False,0,0.5161290322580645,1.0,-0.8126802444458008,9.040117263793945,0.8126802444458008,SPAN_TOO_LONG
0017-0048-0007,"Tháng 7 năm 1941, Roosevelt nhận lệnh của Henry Stimson làm nhiệm vụ gì?",,kế họach cho sự tham chiến hòan tòan,False,False,0,0.0,1.0,1.2702150344848633,7.157055854797363,-1.2702150344848633,UNANSWERABLE_FALSE_POSITIVE
0017-0049-0001,Tại sao cảnh báo đến các tư lệnh Lục quân và Hải quân Hoa Kỳ tại Hawaii lại không gửi đến đúng thời điểm?,vì lỗi của bộ máy hành chính,"Thông điệp được gửi qua dịch vụ điện tín ""Western Union Telegram"" đến Tây Duyên hải Hoa Kỳ và sau đó qua dịch vụ vô tuyến ""RCA Radio"" đến thành phố Honolulu với nội dung đã được mã hóa",True,False,0,0.0,1.0,0.6159625053405762,7.99049711227417,-0.6159625053405762,WRONG_SPAN
0017-0049-0002,Tại sao cảnh báo đến các tư lệnh Lục quân và Hải quân Hawaii tại Hoa Kỳ lại không gửi đến đúng thời điểm?,,"Thông điệp được gửi qua dịch vụ điện tín ""Western Union Telegram"" đến Tây Duyên hải Hoa Kỳ và sau đó qua dịch vụ vô tuyến ""RCA Radio"" đến thành phố Honolulu với nội dung đã được mã hóa",False,False,0,0.0,1.0,0.840202808380127,7.786374568939209,-0.840202808380127,UNANSWERABLE_FALSE_POSITIVE
0017-0049-0003,Thông tin liên lạc với bán đảo của Hawaii được gửi đi như thế nào?,,"Thông điệp được gửi qua dịch vụ điện tín ""Western Union Telegram"" đến Tây Duyên hải Hoa Kỳ và sau đó qua dịch vụ vô tuyến ""RCA Radio"" đến thành phố Honolulu với nội dung đã được mã hóa",False,False,0,0.0,1.0,1.6431784629821777,6.907595157623291,-1.6431784629821777,UNANSWERABLE_FALSE_POSITIVE
0017-0049-0004,Những thông điệp được gửi từ Washington đến các đảo Hawaii có mục đích gì?,cảnh báo cho lục quân và hải quân tại Hawaii để họ giăng sẵn bẫy đối phó với một cuộc tấn công của người Nhật,,True,True,0,0.0,1.0,3.220061779022217,5.504786968231201,-3.220061779022217,ANSWERABLE_PREDICTED_EMPTY
0017-0049-0005,"Tại sao các thông điệp được chuyển đi lại không được đánh dấu ""khẩn cấp""?","do chủ ý của các vị tướng lãnh ở thủ đô Washington vì họ cho rằng nếu thông điệp được đánh dấu ""khẩn cấp"" và được gởi đến các vị tư lệnh tại Hawaii thì có thể gây sự chú ý của các điệp viên Nhật Bản ở Tây Duyên hải","thông điệp này không được đánh dấu ""khẩn cấp"" nào",True,False,0,0.2295081967213115,1.0,1.110147476196289,7.255304336547852,-1.110147476196289,SPAN_TOO_SHORT
0017-0049-0006,Thông tin liên lạc thông tin với các đảo của Hawaii được gửi đi như thế nào?,"Thông điệp được gửi qua dịch vụ điện tín ""Western Union Telegram"" đến Tây Duyên hải Hoa Kỳ và sau đó qua dịch vụ vô tuyến ""RCA Radio"" đến thành phố Honolulu với nội dung đã được mã hóa","Thông điệp được gửi qua dịch vụ điện tín ""Western Union Telegram"" đến Tây Duyên hải Hoa Kỳ và sau đó qua dịch vụ vô tuyến ""RCA Radio"" đến thành phố Honolulu với nội dung đã được mã hóa",True,False,1,1.0,1.0,0.18654251098632812,8.298528671264648,-0.18654251098632812,CORRECT
0017-0049-0007,Sự bất cập trong việc truyền thông tin từ Washington đến các đảo Hawaii là gì?,"thông điệp này không được đánh dấu ""khẩn cấp"" nào vì thế nó được gửi đi theo thứ tự nhận được như các thông điệp khác",,True,True,0,0.0,1.0,4.158572196960449,4.600371360778809,-4.158572196960449,ANSWERABLE_PREDICTED_EMPTY
0017-0050-0001,Tại sao người đưa tin bằng xe đạp lại phải di chuyển vòng vo mà không chuyển thẳng trực tiếp đến nơi nhận?,tránh đợt bom nổ đầu tiên,thông điệp được giao bằng xe đạp,True,False,0,0.0,1.0,0.7793207168579102,7.864310264587402,-0.7793207168579102,WRONG_SPAN
0017-0050-0002,Ai là người nhận trách nhiệm gửi những thông điệp đi?,Đại tá French,Đại tá French,True,False,1,1.0,1.0,1.3960037231445312,7.292140960693359,-1.3960037231445312,CORRECT
0017-0050-0003,Đại tá French đã sử dụng phương pháp liên lạc nào thay cho hệ thống liên lạc vô tuyến của Bộ Chiến tranh Honolulu với Hoa Kỳ sau khi nó không còn liên lạc được nữa?,,"cách nhanh nhất để gửi nó đến Hawaii là bằng các phương tiện dịch vụ thương mại; có nghĩa là dùng dịch vụ điện tín ""Western Union"" đến San Francisco, và từ đó dùng sóng vô tuyến thương mại đến Honolulu",False,False,0,0.0,1.0,-1.212132453918457,9.348272323608398,1.212132453918457,UNANSWERABLE_FALSE_POSITIVE
0017-0050-0004,Thông điệp được truyền đến Honolulu như thế nào?,"Thông điệp được lưu trữ tại trung tâm truyền tin Lục quân lúc 12:01 trưa (6:31 sáng, giờ Hawaii); được chuyển tải bằng điện tín đến dịch vụ Western Union xong vào lúc 12:17 trưa (6:47 sáng, Hawaii); được dịch vụ RCA Honolulu nhận được vào lúc 1:03 trưa (7:33 sáng, Hawaii); được phòng truyền tin, Đồn Shafter tại Hawaii nhận được vào khỏang 5:15 chiều (11:45 sáng, Hawaii) sau vụ tấn công",,True,True,0,0.0,1.0,1.8114137649536133,6.830117225646973,-1.8114137649536133,ANSWERABLE_PREDICTED_EMPTY
0017-0050-0005,"Sau khi nhận ra việc truyền tải thông tin liên lạc điện tín giữa dịch vụ RCA ở Honolulu và Đồn Shafter không thực hiện được, người ta đã phải dùng đến cách nào?",giao bằng xe đạp,thông điệp được giao bằng xe đạp,True,False,0,0.7272727272727273,1.0,-3.836822986602783,10.232610702514648,3.836822986602783,SPAN_TOO_LONG
0017-0050-0006,"Sau khi nhận ra việc truyền tải thông tin liên lạc điện tín giữa dịch vụ RCA ở Shafter và Đồn Honolulu không thực hiện được, người ta đã phải dùng đến cách nào?",,thông điệp được giao bằng xe đạp,False,False,0,0.0,1.0,-3.847416877746582,10.228899002075195,3.847416877746582,UNANSWERABLE_FALSE_POSITIVE
0017-0050-0007,Thông điệp được truyền đến Hoa Kỳ như thế nào?,,,False,True,1,1.0,1.0,2.273108959197998,6.438903331756592,-2.273108959197998,CORRECT_NO_ANSWER
0017-0050-0008,Đại tá French đã sử dụng phương pháp liên lạc nào thay cho hệ thống liên lạc vô tuyến của Bộ Chiến tranh Hoa Kỳ với Honolulu sau khi nó không còn liên lạc được nữa?,bằng các phương tiện dịch vụ thương mại,"cách nhanh nhất để gửi nó đến Hawaii là bằng các phương tiện dịch vụ thương mại; có nghĩa là dùng dịch vụ điện tín ""Western Union"" đến San Francisco, và từ đó dùng sóng vô tuyến thương mại đến Honolulu",True,False,0,0.326530612244898,1.0,-1.7617712020874023,9.71956729888916,1.7617712020874023,SPAN_TOO_LONG
0017-0050-0009,Tại sao người đưa tin bằng xe đạp lại phải di chuyển thẳng trực tiếp mà không chuyển vòng vo đến nơi nhận?,,thông điệp được giao bằng xe đạp,False,False,0,0.0,1.0,0.7655010223388672,7.869899749755859,-0.7655010223388672,UNANSWERABLE_FALSE_POSITIVE
0017-0051-0001,"Trong bài ""Diễn văn Ghê tởm"", nhân viên đã có những phát biểu gì?",,"""Ngày hôm qua, 7 tháng 12 năm 1941 — một ngày mà đáng ghê tởm (vì hành động bất ngờ và tàn bạo của Nhật) — Hoa Kỳ bị lực lượng hải quân và không lực Đế quốc Nhật Bản cố ý và bất ngờ tấn công",False,False,0,0.0,1.0,1.0858654975891113,7.255929470062256,-1.0858654975891113,UNANSWERABLE_FALSE_POSITIVE
0017-0051-0002,Hoa Kỳ đã có những phản ứng như thế nào sau khi bị Nhật Bản tấn công tại Trân Châu Cảng?,Thái độ phản chiến tại Hoa Kỳ biến mất trong đêm và Hoa Kỳ đòan kết đằng sau Roosevelt,,True,True,0,0.0,1.0,3.9877328872680664,4.653301239013672,-3.9877328872680664,ANSWERABLE_PREDICTED_EMPTY
0017-0051-0003,Hoa Kỳ đã có những phản ứng như thế nào sau khi bị Trân Châu Cảng tấn công tại Nhật Bản?,,,False,True,1,1.0,1.0,5.032990217208862,3.685279130935669,-5.032990217208862,CORRECT_NO_ANSWER
0017-0051-0004,"Trong bài ""Diễn văn Ghê tởm"", Roosevelt đã có những phát biểu gì?","""Ngày hôm qua, 7 tháng 12 năm 1941 — một ngày mà đáng ghê tởm (vì hành động bất ngờ và tàn bạo của Nhật) — Hoa Kỳ bị lực lượng hải quân và không lực Đế quốc Nhật Bản cố ý và bất ngờ tấn công.""","""Ngày hôm qua, 7 tháng 12 năm 1941 — một ngày mà đáng ghê tởm (vì hành động bất ngờ và tàn bạo của Nhật) — Hoa Kỳ bị lực lượng hải quân và không lực Đế quốc Nhật Bản cố ý và bất ngờ tấn công",True,False,1,1.0,1.0,0.6854195594787598,7.70216703414917,-0.6854195594787598,CORRECT
0017-0051-0005,Tại sao Roosevelt lại cho rằng ngày 7 tháng 12 năm 1941 lại là 1 ngày đáng ghê tởm?,vì hành động bất ngờ và tàn bạo của Nhật,Hoa Kỳ bị lực lượng hải quân và không lực Đế quốc Nhật Bản cố ý và bất ngờ tấn công,True,False,0,0.25806451612903225,1.0,-1.2374153137207031,9.272160530090332,1.2374153137207031,SPAN_TOO_LONG
0017-0051-0006,"Trong cuộc tấn công ngày 7 tháng 12 năm 1941 của mình nhắm vào Hoa Kỳ tại Trân Châu Cảng, Nhật Bản đã gây ra những thiệt hại gì cho Hoa Kỳ?","phá hủy hoặc làm hư hại 16 chiến hạm trong đó phần lớn là các thiết giáp hạm của hạm đội, giết chết gần 3000 binh sĩ và nhân viên dân sự Mỹ","phá hủy hoặc làm hư hại 16 chiến hạm trong đó phần lớn là các thiết giáp hạm của hạm đội, giết chết gần 3000 binh sĩ và nhân viên dân sự Mỹ",True,False,1,1.0,1.0,-0.5812444686889648,8.859695434570312,0.5812444686889648,CORRECT
0017-0051-0007,"Sau khi tấn công Hoa Kỳ tại Chân Trâu Cảng, Nhật Bản đã có những động thái nào ngay sau đó?","Trong những tuần sau đó, người Nhật chiếm Philippines và các thuộc địa của Hà Lan và Anh Quốc ở Đông Nam Á, chiếm được Singapore vào tháng 2 năm 1942 và tiến công qua Miến Điện đến biên giới Ấn Độ thuộc Anh vào tháng 5, cắt đứt đường tiếp tế trên bộ đến Trung Hoa Dân Quốc",,True,True,0,0.0,1.0,3.55795955657959,5.159514427185059,-3.55795955657959,ANSWERABLE_PREDICTED_EMPTY
0017-0052-0001,"Mặc dù bị tấn công bởi Nhật Bản tại Trân Châu Cảng, tuy nhiên Roosevelt lại có những quyết định như thế nào?",Roosevelt đã quyết định rằng việc đánh bại Đức Quốc xã là ưu tiên hàng đầu của Hoa Kỳ,,True,True,0,0.0,1.0,4.613549709320068,4.072994709014893,-4.613549709320068,ANSWERABLE_PREDICTED_EMPTY
0017-0052-0002,"Liên minh không chính thức giữa Hoa Kỳ, Anh Quốc, Đức Quốc xã và Liên Xô được lập ra với mục tiêu hướng tới là gì?",,"ngăn chặn sự tiến công của Đức vào Liên Xô và Bắc Phi, mở một cuộc xâm nhập vào Tây Âu với mục tiêu đè bẹp Đức Quốc xã giữa hai mặt trận, và cứu Trung Hoa rồi đánh bại Nhật Bản",False,False,0,0.0,1.0,-2.376628875732422,9.258554458618164,2.376628875732422,UNANSWERABLE_FALSE_POSITIVE
0017-0052-0003,Hoa Kỳ đã triển khai chiến lược nào vào thế chiến thứ 2 ngày 2 tháng 11 năm 1941?,,,False,True,1,1.0,1.0,2.664947986602783,6.036648273468018,-2.664947986602783,CORRECT_NO_ANSWER
0017-0052-0004,Cuộc gặp gỡ giữa Roosevevelt và Churchill đầu tháng 12 năm 1941 diễn ra với mục đích gì?,,,False,True,1,1.0,1.0,3.756402015686035,4.913786888122559,-3.756402015686035,CORRECT_NO_ANSWER
0017-0052-0005,Hoa Kỳ đã triển khai chiến lược nào vào thế chiến thứ 2 ngày 11 tháng 2 năm 1941?,"chiến lược ""châu Âu trước tiên""",,True,True,0,0.0,1.0,2.0656657218933105,6.607746601104736,-2.0656657218933105,ANSWERABLE_PREDICTED_EMPTY
0017-0052-0006,"Liên minh không chính thức giữa Hoa Kỳ, Anh Quốc, Trung Hoa và Liên Xô được lập ra với mục tiêu hướng tới là gì?","ngăn chặn sự tiến công của Đức vào Liên Xô và Bắc Phi, mở một cuộc xâm nhập vào Tây Âu với mục tiêu đè bẹp Đức Quốc xã giữa hai mặt trận, và cứu Trung Hoa rồi đánh bại Nhật Bản",": ngăn chặn sự tiến công của Đức vào Liên Xô và Bắc Phi, mở một cuộc xâm nhập vào Tây Âu với mục tiêu đè bẹp Đức Quốc xã giữa hai mặt trận, và cứu Trung Hoa rồi đánh bại Nhật Bản",True,False,1,1.0,1.0,-3.432554244995117,9.694061279296875,3.432554244995117,CORRECT
0017-0052-0007,Cuộc gặp gỡ giữa Roosevevelt và Churchill cuối tháng 12 năm 1941 diễn ra với mục đích gì?,"họach định ra một liên minh không chính thức rộng lớn hơn giữa Hoa Kỳ, Anh Quốc, Trung Hoa và Liên Xô",,True,True,0,0.0,1.0,3.1097002029418945,5.501278877258301,-3.1097002029418945,ANSWERABLE_PREDICTED_EMPTY
0017-0053-0001,Hoa Kỳ đã viện trợ cho các nước phe đồng minh như thế nào?,"gởi $50 tỷ đô-la hàng viện trợ theo Đạo luật Lend Lease, chủ yếu đến Anh Quốc sau đó là Liên Xô, Trung Hoa và các lực lượng Đồng minh khác",,True,True,0,0.0,1.0,5.983548164367676,2.9308881759643555,-5.983548164367676,ANSWERABLE_PREDICTED_EMPTY
0017-0053-0002,"""Bộ ba đại gia"" gồm những ai?","Roosevelt, Churchill, và Joseph Stalin",,True,True,0,0.0,1.0,2.285672187805176,6.512513160705566,-2.285672187805176,ANSWERABLE_PREDICTED_EMPTY
0017-0053-0003,Các nước đồng minh họach định chiến lược với nhau bằng những phương cách như thế nào?,bằng một lọat các hội nghị cấp cao cũng như liên lạc qua các kênh quân sự và ngọai giao,Đồng minh họach định chiến lược bằng một lọat các hội nghị cấp cao cũng như liên lạc qua các kênh quân sự và ngọai giao,True,False,0,0.8695652173913044,1.0,-2.0292224884033203,9.929299354553223,2.0292224884033203,SPAN_TOO_LONG
0017-0053-0004,Sự hợp tác chính thức giữa các nước trong phe đồng minh đã họach định kế họach tác chiến như thế nào?,,Đồng minh họach định chiến lược bằng một lọat các hội nghị cấp cao cũng như liên lạc qua các kênh quân sự và ngọai giao,False,False,0,0.0,1.0,0.18268966674804688,8.282848358154297,-0.18268966674804688,UNANSWERABLE_FALSE_POSITIVE
0017-0053-0005,Sự hợp tác không chính thức giữa các nước trong phe đồng minh đã họach định kế họach tác chiến như thế nào?,"quân Mỹ và Anh Quốc tập trung lực lượng tại phía Tây, quân Liên Xô chiến đấu ở mặt trận phía Đông, và quân Trung Hoa, Anh Quốc, Mỹ chiến đấu tại vùng Thái Bình Dương",Đồng minh họach định chiến lược bằng một lọat các hội nghị cấp cao cũng như liên lạc qua các kênh quân sự và ngọai giao,True,False,0,0.12903225806451615,1.0,-0.3143043518066406,8.641687393188477,0.3143043518066406,SPAN_TOO_SHORT
0017-0053-0006,"""Bộ ba đại gia"" hợp tác không chính thức với ai trong kế họach đánh bại Phát xít?",cùng với Đặc cấp Thượng tướng Tưởng Giới Thạch,"quân Mỹ và Anh Quốc tập trung lực lượng tại phía Tây, quân Liên Xô chiến đấu ở mặt trận phía Đông, và quân Trung Hoa, Anh Quốc, Mỹ chiến đấu tại vùng Thái Bình Dương",True,False,0,0.0,1.0,-2.375648021697998,10.050321578979492,2.375648021697998,WRONG_SPAN
0017-0053-0007,"""Bộ ba đại gia"" hợp tác chính thức với ai trong kế họach đánh bại Phát xít?",,"quân Mỹ và Anh Quốc tập trung lực lượng tại phía Tây, quân Liên Xô chiến đấu ở mặt trận phía Đông, và quân Trung Hoa, Anh Quốc, Mỹ chiến đấu tại vùng Thái Bình Dương",False,False,0,0.0,1.0,-1.888636589050293,9.692770004272461,1.888636589050293,UNANSWERABLE_FALSE_POSITIVE
0017-0054-0001,Quân Đồng minh đã phải gặp những thất bại nào khi tiến công đánh quân Đức?,Quân Đồng Minh gặp một số thất bại khi quân Đức phản kích đánh Ardennes và Alsace tháng 12 năm 1944 – tháng 1 năm 1945,quân Đức phản kích đánh Ardennes và Alsace tháng 12 năm 1944 – tháng 1 năm 1945,True,False,0,0.7804878048780487,1.0,0.8679389953613281,7.677000045776367,-0.8679389953613281,SPAN_TOO_SHORT
0017-0054-0002,Các cuộc tiến công của Đồng minh diễn ra như thế nào?,"Đồng minh tiến hành xâm chiếm Maroc và Algérie thuộc Pháp (Chiến dịch Torch) vào tháng 11 năm 1942, xâm chiếm Sicilia (Chiến dịch Husky) vào tháng 7 năm 1943, và xâm chiếm lục địa Ý (Chiến dịch Avalanche) vào tháng 9 năm 1943",,True,True,0,0.0,1.0,4.631824970245361,4.11056661605835,-4.631824970245361,ANSWERABLE_PREDICTED_EMPTY
0017-0054-0003,Ai là người được Roosevelt lựa chọn cho vị trí chỉ huy Chiên dịch Overlord?,Dwight D. Eisenhower,Dwight D. Eisenhower,True,False,1,1.0,1.0,-1.8057365417480469,9.822647094726562,1.8057365417480469,CORRECT
0017-0054-0004,"Chiến dịch ném bom chiến lược năm 1945, đã gây thiệt hại thế nào cho Đức?",,cày nát tất cả các thành phố chính của Đức và cắt đứt các nguồn tiếp tế dầu,False,False,0,0.0,1.0,-0.5836410522460938,8.618474960327148,0.5836410522460938,UNANSWERABLE_FALSE_POSITIVE
0017-0054-0005,"Đang khi các lực lượng Đồng minh tiếng gần vào Berlin, thì biến cố gì đã xảy ra?",Roosevelt qua đời,,True,True,0,0.0,1.0,2.155477523803711,6.536077499389648,-2.155477523803711,ANSWERABLE_PREDICTED_EMPTY
0017-0054-0006,"Chiến dịch ném bom chiến lược năm 1944, đã gây thiệt hại thế nào cho Đức?",cày nát tất cả các thành phố chính của Đức và cắt đứt các nguồn tiếp tế dầu,cày nát tất cả các thành phố chính của Đức và cắt đứt các nguồn tiếp tế dầu,True,False,1,1.0,1.0,-3.8551530838012695,9.993184089660645,3.8551530838012695,CORRECT
0017-0055-0001,"Mục tiêu của chiến lược ""nhảy đảo"" trong vùng Thái Bình Dương là gì?","giành lấy các căn cứ mà từ đó không lực chiến lược có thể được đưa vào phục vụ để oanh tạc đất Nhật Bản, và từ đó có thể tiến công xâm chiếm Nhật Bản sau này","Mục tiêu của chiến thuật này là giành lấy các căn cứ mà từ đó không lực chiến lược có thể được đưa vào phục vụ để oanh tạc đất Nhật Bản, và từ đó có thể tiến công xâm chiếm Nhật Bản sau này",True,False,0,0.9156626506024096,1.0,-2.927037239074707,10.353211402893066,2.927037239074707,SPAN_TOO_LONG
0017-0055-0002,"Mục tiêu của chiến lược ""nhảy đảo"" trong vùng Hoa Kỳ là gì?",,"Mục tiêu của chiến thuật này là giành lấy các căn cứ mà từ đó không lực chiến lược có thể được đưa vào phục vụ để oanh tạc đất Nhật Bản, và từ đó có thể tiến công xâm chiếm Nhật Bản sau này",False,False,0,0.0,1.0,-2.4702954292297363,10.127046585083008,2.4702954292297363,UNANSWERABLE_FALSE_POSITIVE
0017-0055-0003,"Tại Nhật Bản, Hoa Kỳ đã chặn đứng sự tiến công của Thái Bình Dương như thế nào?",,,False,True,1,1.0,1.0,4.617913246154785,4.088561058044434,-4.617913246154785,CORRECT_NO_ANSWER
0017-0055-0004,Lực lượng Úc và Mỹ đã có những tiến bộ như thế nào vào tháng 6 năm 1942?,"bắt đầu có tiến bộ tuy đắt giá và chậm chạp bằng chiến thuật được gọi là ""nhảy đảo"" trong vùng Thái Bình Dương","chiến thuật được gọi là ""nhảy đảo""",True,False,0,0.45161290322580644,1.0,0.043238162994384766,7.843296051025391,-0.043238162994384766,SPAN_TOO_SHORT
0017-0055-0005,"Tại Thái Bình Dương, Hoa Kỳ đã chặn đứng sự tiến công của Nhật bản như thế nào?",Hải quân Hoa Kỳ đã ghi được một chiến thắng mang tính định đọat trong Trận Midway,,True,True,0,0.0,1.0,4.662396430969238,4.0650434494018555,-4.662396430969238,ANSWERABLE_PREDICTED_EMPTY
0017-0055-0006,Roosevelt đã nhượng bộ điều gì đối với những đòi hỏi của công chúng và Quốc hội?,phải tận lực hơn trong việc chống Nhật Bản,phải tận lực hơn trong việc chống Nhật Bản,True,False,1,1.0,1.0,-3.825155258178711,10.264236450195312,3.825155258178711,CORRECT
0017-0055-0007,Mục tiêu tiên quyết của Roosevelt là gì?,đánh bại Đức,,True,True,0,0.0,1.0,4.187982082366943,4.392124652862549,-4.187982082366943,ANSWERABLE_PREDICTED_EMPTY
0017-0056-0001,Roosevelt đã có những phát biểu như thế nào về mối quan hệ giữa ông và Stalin?,"""Tôi thì có một linh cảm rằng Stalin không phải là hạng người như thế.... Tôi nghĩ rằng nếu tôi cho ông ta mọi thứ mà tôi có thể cho và không đòi hỏi ông ta cho lại cái gì, theo nghĩa vụ qúy phái, ông ta sẽ không tìm cách thôn tính bất cứ mọi thứ và sẽ làm việc với tôi vì một thế giới dân chủ và hòa bình.""",,True,True,0,0.0,1.0,4.4916253089904785,4.291329860687256,-4.4916253089904785,ANSWERABLE_PREDICTED_EMPTY
0017-0056-0002,Churchill đã có những nhìn nhận sai gì về Stalin?,,,False,True,1,1.0,1.0,4.0718793869018555,4.622715950012207,-4.0718793869018555,CORRECT_NO_ANSWER
0017-0056-0003,Roosevelt đã có những phát biểu như thế nào về cuộc chiến giữa ông và Stalin?,,,False,True,1,1.0,1.0,4.59903621673584,4.207110404968262,-4.59903621673584,CORRECT_NO_ANSWER
0017-0056-0004,"Tại hội nghị của Roosevelta, Tehran, Churchill và Stalin đã bàn luận với nhau những vấn đề gì?",,"Roosevelt họp mặt với Churchill và lãnh tụ Trung Quốc Quốc dân đảng Tưởng Giới Thạch tại Hội nghị Cairo vào tháng 11 năm 1943, và rồi sau đó đến Tehran để bàn thảo với Churchill và Stalin",False,False,0,0.0,1.0,0.8868770599365234,7.691242218017578,-0.8868770599365234,UNANSWERABLE_FALSE_POSITIVE
0017-0056-0005,Churchill đã có những nhìn nhận gì vê Stalin?,Churchill xem Stalin là một bạo chúa khi ông cảnh báo về một mối thống trị tiềm năng độc tài của Stalin đối với châu Âu,,True,True,0,0.0,1.0,3.581099510192871,5.147412300109863,-3.581099510192871,ANSWERABLE_PREDICTED_EMPTY
0017-0056-0006,Stalin có những động thái như thế nào đối với Roosevelt?,Stalin ủng hộ kế họach của Roosevelt về việc thành lập Liên Hiệp Quốc và hứa tham chiến chống Nhật Bản 90 ngày sau khi Đức bị đánh bại,,True,True,0,0.0,1.0,4.7453649044036865,3.984605073928833,-4.7453649044036865,ANSWERABLE_PREDICTED_EMPTY
0017-0056-0007,Hội nghị Cairo diễn ra vào tháng 11 năm 1943 với sự gặp mặt của những ai?,Roosevelt họp mặt với Churchill và lãnh tụ Trung Quốc Quốc dân đảng Tưởng Giới Thạch,Roosevelt họp mặt với Churchill và lãnh tụ Trung Quốc Quốc dân đảng Tưởng Giới Thạch,True,False,1,1.0,1.0,-3.1583547592163086,9.825813293457031,3.1583547592163086,CORRECT
0017-0056-0008,Churchill có những động thái như thế nào đối với Roosevelt?,,,False,True,1,1.0,1.0,3.4229860305786133,5.291986465454102,-3.4229860305786133,CORRECT_NO_ANSWER
0017-0056-0009,Hội nghị Cairo diễn ra vào tháng 11 năm 1944 với sự gặp mặt của những ai?,,Roosevelt họp mặt với Churchill và lãnh tụ Trung Quốc Quốc dân đảng Tưởng Giới Thạch,False,False,0,0.0,1.0,-2.669801712036133,9.63656997680664,2.669801712036133,UNANSWERABLE_FALSE_POSITIVE
0017-0056-0010,"Tại hội nghị Tehran, Roosevelt, Churchill và Stalin đã bàn luận với nhau những vấn đề gì?",kế họach xâm chiếm nước Pháp năm 1944,"Roosevelt họp mặt với Churchill và lãnh tụ Trung Quốc Quốc dân đảng Tưởng Giới Thạch tại Hội nghị Cairo vào tháng 11 năm 1943, và rồi sau đó đến Tehran để bàn thảo với Churchill và Stalin",True,False,0,0.043478260869565216,1.0,1.1014175415039062,7.538948059082031,-1.1014175415039062,SPAN_TOO_LONG
0017-0057-0001,Tình trạng sức khỏe của Stalin như thế nào lúc ông đến Yalta để họp bàn với Roosevelt và Churchill?,,sức khỏe sa sút trầm trọng,False,False,0,0.0,1.0,-0.6186971664428711,8.692112922668457,0.6186971664428711,UNANSWERABLE_FALSE_POSITIVE
0017-0057-0002,Tình trạng sức khỏe của Roosevelt như thế nào lúc ông đến Yalta để họp bàn với Stalin và Churchill?,sa sút trầm trọng,sức khỏe sa sút trầm trọng,True,False,0,0.8,1.0,-0.6311321258544922,8.774931907653809,0.6311321258544922,SPAN_TOO_LONG
0017-0057-0003,Tại sao Hội nghị Yalta lại nhận sự chỉ trích của người Mỹ gốc Đông Âu?,vì đã thất bại trong việc ngăn chặn sự thành lập Khối Đông Âu,,True,True,0,0.0,1.0,2.1457080841064453,6.505224227905273,-2.1457080841064453,ANSWERABLE_PREDICTED_EMPTY
0017-0057-0004,Averill Harriman đã có những nhận xét như thế nào về Liên Xô trong điện tín của ông gửi cho Roosevelt?,"""chúng ta phải thừa nhận rõ ràng rằng chương trinh của Liên Xô là thiết lập chủ nghĩa tòan trị, chấm dứt tự do cá nhân và dân chủ như chúng ta đã biết.""","""chúng ta phải thừa nhận rõ ràng rằng chương trinh của Liên Xô là thiết lập chủ nghĩa tòan trị, chấm dứt tự do cá nhân và dân chủ như chúng ta đã biết.""",True,False,1,1.0,1.0,0.3923778533935547,8.156152725219727,-0.3923778533935547,CORRECT
0017-0057-0005,"Đầu năm 1945, tình hình chiến sự ở quân Đồng minh của Châu Âu đã có những diễn biến như thế nào?",,,False,True,1,1.0,1.0,5.026739120483398,3.782651901245117,-5.026739120483398,CORRECT_NO_ANSWER
0017-0057-0006,"Đầu năm 1945, tình hình chiến sự ở Châu Âu của quân Đồng minh đã có những diễn biến như thế nào?",quân đội Đồng minh tiến vào Đức và lực lượng Xô Viết kiểm sóat được Ba Lan,,True,True,0,0.0,1.0,4.65046501159668,4.157426834106445,-4.65046501159668,ANSWERABLE_PREDICTED_EMPTY
0017-0058-0001,Bác sĩ Emmanuel Libman đã có dự đóan như thế nào về sức khỏe của Roosevelt?,"""Không cần biết Roosevelt có được tái đắc cử hay không thì ông cũng sẽ chết vì chảy máu vỏ não trong vòng 6 tháng""",Trạng thái căng thẳng của bệnh bại liệt và sự gắng sức chịu đựng của ông trong suốt trên 20 năm cộng thêm những năm làm việc căng thẳng và cả đời hút thuốc,True,False,0,0.06779661016949153,1.0,1.6857051849365234,6.775171279907227,-1.6857051849365234,SPAN_TOO_LONG
0017-0058-0002,"Trong khỏang thời gian sức khỏe bị hao mòn, Roosevelt đã mắc phải những chứng bệnh nào?","bệnh cao máu, phổi thủng, xơ vữa động mạch và các bệnh về tim mạch","bệnh cao máu, phổi thủng, xơ vữa động mạch và các bệnh về tim mạch",True,False,1,1.0,1.0,-1.2031116485595703,9.40650749206543,1.2031116485595703,CORRECT
0017-0058-0003,Sức khỏe của Roosevelt có dấu hiệu đi xuống từ khi nào?,từ năm 1940,Trạng thái căng thẳng của bệnh bại liệt và sự gắng sức chịu đựng của ông trong suốt trên 20 năm cộng thêm những năm làm việc căng thẳng và cả đời hút thuốc,True,False,0,0.05405405405405406,1.0,-0.04571247100830078,8.239252090454102,0.04571247100830078,SPAN_TOO_LONG
0017-0058-0004,Đã có những tin đồn nào về sức khỏe của Roosevelt sau quãng thời gian ông mắc bệnh?,,Trạng thái căng thẳng của bệnh bại liệt,False,False,0,0.0,1.0,-0.30487823486328125,8.67158317565918,0.30487823486328125,UNANSWERABLE_FALSE_POSITIVE
0017-0058-0005,Đã có những tin đồn nào về sức khỏe của Roosevelt trong quãng thời gian ông mắc bệnh?,có tin lan truyền rằng ông cũng bị mổ để lấy khối u ác tính phía trên mắt trái,Trạng thái căng thẳng của bệnh bại liệt,True,False,0,0.0,1.0,-0.3317584991455078,8.673053741455078,0.3317584991455078,WRONG_SPAN
0017-0058-0006,Những tác nhân nào gây nên sự suy giảm sức khỏe của Roosevelt?,Trạng thái căng thẳng của bệnh bại liệt và sự gắng sức chịu đựng của ông trong suốt trên 20 năm cộng thêm những năm làm việc căng thẳng và cả đời hút thuốc,,True,True,0,0.0,1.0,1.8405179977416992,6.811171531677246,-1.8405179977416992,ANSWERABLE_PREDICTED_EMPTY
0017-0058-0007,"Trong khỏang thời gian sức khỏe ít hao mòn, Roosevelt đã mắc phải những chứng bệnh nào?",,"bệnh cao máu, phổi thủng, xơ vữa động mạch và các bệnh về tim mạch",False,False,0,0.0,1.0,-0.9394855499267578,9.170930862426758,0.9394855499267578,UNANSWERABLE_FALSE_POSITIVE
0017-0059-0001,"Biết được tình hình sức khỏe của Roosevelt, các đảng viên thường trực của Đảng Dân chủ đã có những động thái gì?",một mực muốn bỏ Phó Tổng thống Henry A. Wallace,Phó Tổng thống Henry A. Wallace,True,False,0,0.7499999999999999,1.0,0.7327766418457031,7.697233200073242,-0.7327766418457031,SPAN_TOO_SHORT
0017-0059-0002,Ai là người Roosevelt lựa chọn để thay thế cho Wallace?,Harry S. Truman,Harry S. Truman,True,False,1,1.0,1.0,1.7961626052856445,6.552648544311523,-1.7961626052856445,CORRECT
0017-0059-0003,Đối thủ của James F. Byrnes trong cuộc bầu cử tổng thống năm 1944 là ai?,,"James F. Byrnes của tiểu bang Nam Carolina, rồi bị Thống đốc Indiana là Henry F. Schricker từ chối, Roosevelt thay thế Wallace bằng một thượng nghị sĩ ít tiếng tăm là Harry S. Truman",False,False,0,0.0,1.0,-0.6517972946166992,8.568353652954102,0.6517972946166992,UNANSWERABLE_FALSE_POSITIVE
0017-0059-0004,Tại sao Đảng Dân chủ lại một mực muốn bỏ Phó Tổng thống Henry A. Wallace?,vì ông được cho là thân Liên Xô,ông được cho là thân Liên Xô,True,False,0,0.9333333333333333,1.0,0.626802921295166,7.820960521697998,-0.626802921295166,SPAN_TOO_SHORT
0017-0059-0005,Đối thủ của Roosevelt trong cuộc bầu cử tổng thống năm 1944 là ai?,Thomas E. Dewey,Harry S. Truman,True,False,0,0.0,1.0,0.3134589195251465,7.808345317840576,-0.3134589195251465,WRONG_SPAN
0017-0059-0006,Tại sao Đảng Dân chủ lại một mực muốn bầu Phó Tổng thống Henry A. Wallace?,,ông được cho là thân Liên Xô,False,False,0,0.0,1.0,0.5783324241638184,7.796163082122803,-0.5783324241638184,UNANSWERABLE_FALSE_POSITIVE
0017-0059-0007,"Trong cuộc bầu cử tổng thống năm 1944, liên danh Roosevelt và Truman đã có kết quả như thế nào?",liên danh Roosevelt và Truman thắng 53% phiếu bầu phổ thông và thắng tại 36 tiểu bang,liên danh Roosevelt và Truman thắng 53% phiếu bầu phổ thông,True,False,0,0.7857142857142858,1.0,-1.579458236694336,8.781351089477539,1.579458236694336,SPAN_TOO_SHORT
0017-0060-0001,Roosevelt đã bay đến Ai Cập với mục đích gì?,gặp Quốc vương Ai Cập là Farouk I và Hòang đế Ethiopia là Haile Selassie,,True,True,0,0.0,1.0,1.9473304748535156,6.676799774169922,-1.9473304748535156,ANSWERABLE_PREDICTED_EMPTY
0017-0060-0002,"Sau khi rời Hội nghị của Roosevelt, điểm đến tiếp theo mà Yalta hướng đến là nơi nào?",,,False,True,1,1.0,1.0,3.1770272254943848,5.537323474884033,-3.1770272254943848,CORRECT_NO_ANSWER
0017-0060-0003,Cuộc gặp gỡ giữa Roosevelt và vua Abdulaziz có ý nghĩa như thế nào?,mang ý nghĩa trọng đại trong quan hệ ngọai giao giữa Hoa Kỳ và Ả Rập Xê Út thậm chí cho đến ngày nay,vua Abdulaziz,True,False,0,0.0,1.0,0.5606288909912109,7.668483734130859,-0.5606288909912109,WRONG_SPAN
0017-0060-0004,Y sĩ Lord đã có phát biểu như thế nào về bệnh tình của Roosevelt?,,,False,True,1,1.0,1.0,4.19331693649292,4.596500873565674,-4.19331693649292,CORRECT_NO_ANSWER
0017-0060-0005,Cuộc gặp gỡ giữa Abdulaziz và vua Roosevelt có ý nghĩa như thế nào?,,vua Abdulaziz - vị vua khai quốc của Ả Rập Xê Út,False,False,0,0.0,1.0,0.7965373992919922,7.486169815063477,-0.7965373992919922,UNANSWERABLE_FALSE_POSITIVE
0017-0060-0006,"Sau khi rời Hội nghị Yalta, điểm đến tiếp theo mà Roosevelt hướng đến là nơi nào?",Ai Cập,,True,True,0,0.0,1.0,2.6721649169921875,5.991416931152344,-2.6721649169921875,ANSWERABLE_PREDICTED_EMPTY
0017-0060-0007,Y sĩ Lord Moran đã có phát biểu như thế nào về bệnh tình của Roosevelt?,"""Bệnh tình của ông rất là nặng. Ông có tất cả triệu chứng của bệnh xơ cứng mạch máu não trong thời kỳ cuối, vì vậy tôi cho rằng ông chỉ còn sống vài tháng""",,True,True,0,0.0,1.0,2.2767724990844727,6.412848472595215,-2.2767724990844727,ANSWERABLE_PREDICTED_EMPTY
0017-0060-0008,"Ngày 18 tháng 2, tại Algérie, Roosevelt đã có cuộc gặp gỡ với những ai?","Roosevelt hội ý với các đại sứ Mỹ đặc trách Anh Quốc, Pháp và Ý","Roosevelt hội ý với các đại sứ Mỹ đặc trách Anh Quốc, Pháp và Ý",True,False,1,1.0,1.0,-0.6579709053039551,8.551910400390625,0.6579709053039551,CORRECT
0017-0060-0009,"Ngày 18 tháng 2, tại Ả Rập Xê Út, Roosevelt đã có cuộc gặp gỡ với những ai?",,vua Abdulaziz - vị vua khai quốc của Ả Rập Xê Út,False,False,0,0.0,1.0,0.05042839050292969,7.847040176391602,-0.05042839050292969,UNANSWERABLE_FALSE_POSITIVE
0017-0061-0001,"Tại ""hội nghị Crimean"", Roosevelt đã có phát biểu gì?","""phải nêu rõ mục tiêu kết thúc một hệ thống hành động đơn phương, những liên minh biệt lập, những khu vực ảnh hưởng, những cán cân quyền lực, và tất cả những mưu mô khác đã được thử nghiệm hàng thế kỷ qua – và luôn bị thất bại. Chúng ta đề nghị thay thế tất cả những thứ này bằng một tổ chức tòan cầu mà ở đó tất cả các quốc gia yêu chuộng hòa bình cuối cùng có cơ hội tham gia vào.""",,True,True,0,0.0,1.0,3.995314121246338,4.867284297943115,-3.995314121246338,ANSWERABLE_PREDICTED_EMPTY
0017-0061-0002,Điều gì đã cho thấy Roosevelt nhượng bộ đối với sự bất lực của cơ thể mình?,Ông phải ngồi để đọc diễn văn,,True,True,0,0.0,1.0,2.377535820007324,6.243552207946777,-2.377535820007324,ANSWERABLE_PREDICTED_EMPTY
0017-0061-0003,Điều gì đã cho thấy Roosevelt bất lực đối với sự nhượng bộ của cơ thể mình?,,,False,True,1,1.0,1.0,3.43513822555542,5.362254619598389,-3.43513822555542,CORRECT_NO_ANSWER
0017-0061-0004,"Khi đọc diễn văn trước Quốc hội, Roosevelt phải đọc diễn văn trong tình trạng như thế nào?",hòan tòan tỉnh táo,Ông phải ngồi để đọc diễn văn trong Quốc hội,True,False,0,0.0,1.0,0.40557003021240234,8.235933303833008,-0.40557003021240234,WRONG_SPAN
0017-0061-0005,"Khi đọc diễn văn trước Quốc hội ngày 1 tháng 3 về Hội nghị Yalta, mọi người đã bất ngờ điều gì với Roosevelt?",nhiều người đã phải giật mình khi nhận thấy ông trông rất già và ốm yếu,ông trông rất già và ốm yếu,True,False,0,0.6086956521739131,1.0,-0.9681329727172852,9.451013565063477,0.9681329727172852,SPAN_TOO_SHORT
0017-0062-0001,Stalin đã có cáo buộc quân Đồng minh về điều gì?,Stalin tố cáo Đồng minh phương Tây đang mưu toan tìm kiếm hòa bình riêng với Hitler phía sau lưng vị lãnh tụ này,,True,True,0,0.0,1.0,2.594125270843506,5.8317646980285645,-2.594125270843506,ANSWERABLE_PREDICTED_EMPTY
0017-0062-0002,"Trong suốt tháng 3 năm 1945, Hitler đã tố cáo Stalin về điều gì?",,"tố cáo Stalin phá vỡ những thỏa thuận thực thi của vị lãnh tụ Liên Xô tại Hội nghị Yalta về Ba Lan, Đức, tù binh, và các vấn đề khác",False,False,0,0.0,1.0,0.6801319122314453,7.624235153198242,-0.6801319122314453,UNANSWERABLE_FALSE_POSITIVE
0017-0062-0003,"Trong suốt tháng 3 năm 1945, Roosevelt đã tố cáo Stalin về điều gì?","phá vỡ những thỏa thuận thực thi của vị lãnh tụ Liên Xô tại Hội nghị Yalta về Ba Lan, Đức, tù binh, và các vấn đề khác","tố cáo Stalin phá vỡ những thỏa thuận thực thi của vị lãnh tụ Liên Xô tại Hội nghị Yalta về Ba Lan, Đức, tù binh, và các vấn đề khác",True,False,0,0.9491525423728813,1.0,0.1537494659423828,8.057025909423828,-0.1537494659423828,SPAN_TOO_LONG
0017-0062-0004,Roosevelt đã có phản ứng như thế nào với lời tố cáo của Stalin dành cho Đồng minh?,"Roosevelt trả lời rằng: ""Tôi không thể nào mà không có một cảm giác tức giận đối với những người chỉ điểm cho ông, bất cứ họ là ai, vì đã diễn đạt lại sai một cách đê hèn như thế về những hành động của tôi hay hành động của những thuộc cấp đáng tin của tôi.""",,True,True,0,0.0,1.0,3.281933307647705,5.286205768585205,-3.281933307647705,ANSWERABLE_PREDICTED_EMPTY
0017-0063-0001,Tại sao Roosevelt lại di chuyển đến Warm Springs vào ngày 29 tháng 3 năm 1945?,để nghỉ ngơi,Roosevelt đến Warm Springs để nghỉ ngơi trước khi ông xuất hiện tại hội nghị thành lập Liên Hiệp Quốc,True,False,0,0.2608695652173913,1.0,-0.2818622589111328,8.589153289794922,0.2818622589111328,SPAN_TOO_LONG
0017-0063-0002,Tại sao Roosevelt lại di chuyển đến Warm Springs vào ngày 29 tháng 4 năm 1945?,,Roosevelt đến Warm Springs để nghỉ ngơi trước khi ông xuất hiện tại hội nghị thành lập Liên Hiệp Quốc,False,False,0,0.0,1.0,-0.30735015869140625,8.591226577758789,0.30735015869140625,UNANSWERABLE_FALSE_POSITIVE
0017-0063-0003,Sự kiện Roosevelt đã đẫn đến điều gì?,"Giống như sau này Allen Drury có nói, ""như thế là kết thúc một thời đại, vì thế bắt đầu một thời đại mới.""",,True,True,0,0.0,1.0,4.055940628051758,4.49311637878418,-4.055940628051758,ANSWERABLE_PREDICTED_EMPTY
0017-0063-0004,"Trưa ngày 4 tháng 12, Roosevelt đã gặp phải điều gì?",,,False,True,1,1.0,1.0,4.261137962341309,4.3416748046875,-4.261137962341309,CORRECT_NO_ANSWER
0017-0063-0005,Sự kiện Franklin đã đẫn đến điều gì?,,,False,True,1,1.0,1.0,4.161960601806641,4.379671096801758,-4.161960601806641,CORRECT_NO_ANSWER
0017-0063-0006,"Sau khi Roosevelt qua đời, Thời báo New York đã có phát biểu như thế nào về ông?","""Con người sẽ qùy gối để cảm ơn Thượng đế một trăm năm kể từ bây giờ vì Franklin D. Roosevelt đã ở trong Nhà Trắng""","""Con người sẽ qùy gối để cảm ơn Thượng đế một trăm năm kể từ bây giờ vì Franklin D. Roosevelt đã ở trong Nhà Trắng""",True,False,1,1.0,1.0,0.29396533966064453,8.071011543273926,-0.29396533966064453,CORRECT
0017-0063-0007,"Trước khi Roosevelt qua đời, Thời báo New York đã có phát biểu như thế nào về ông?",,"""Con người sẽ qùy gối để cảm ơn Thượng đế một trăm năm kể từ bây giờ vì Franklin D. Roosevelt đã ở trong Nhà Trắng""",False,False,0,0.0,1.0,1.390913963317871,7.054835319519043,-1.390913963317871,UNANSWERABLE_FALSE_POSITIVE
0017-0063-0008,"Trưa ngày 12 tháng 4, Roosevelt đã gặp phải điều gì?",bị đau phía sau đầu,Tôi hơi bị đau phía sau đầu,True,False,0,0.8333333333333333,1.0,0.19632959365844727,7.635301113128662,-0.19632959365844727,SPAN_TOO_LONG
0017-0063-0009,Bác sĩ tim trực bên cạnh tổng thống đã chẩn đóan ông mắc chứng bệnh gì?,chứng chảy máu não (đột quy),tổng thống bị chứng chảy máu não (đột quy),True,False,0,0.8,1.0,-3.9007883071899414,10.074831008911133,3.9007883071899414,SPAN_TOO_LONG
0017-0064-0001,"Bên cạnh nhận được tin rằng chồng mình mất, bà Eleanor còn biết được những thông tin gì thêm về Roosevelt?",Anna đã sắp xếp các cuộc gặp gỡ cho Roosevelt gặp Mercer và rằng Mercer đã ở bên cạnh ông lúc ông mất,,True,True,0,0.0,1.0,2.5771961212158203,6.093371391296387,-2.5771961212158203,ANSWERABLE_PREDICTED_EMPTY
0017-0064-0002,Việc Roosevelt quá sức trong công việc đã khiến cho con gái ông có những quyết định gì?,"con gái ông, Anna Roosevelt Boettiger phải dọn vào ở gần bên ông để hỗ trợ",Anna Roosevelt Boettiger,True,False,0,0.3157894736842105,1.0,-0.048492431640625,8.718843460083008,0.048492431640625,SPAN_TOO_SHORT
0017-0064-0003,Lucy Mercer Rutherfurd có quan hệ gì đối với Roosevelt?,người tình cũ,,True,True,0,0.0,1.0,2.798625946044922,5.619926452636719,-2.798625946044922,ANSWERABLE_PREDICTED_EMPTY
0017-0064-0004,Việc Roosevelt đủ sức trong công việc đã khiến cho con gái ông có những quyết định gì?,,Anna Roosevelt Boettiger,False,False,0,0.0,1.0,1.2905120849609375,7.489987373352051,-1.2905120849609375,UNANSWERABLE_FALSE_POSITIVE
0017-0064-0005,"Bên cạnh nhận được tin rằng chồng mình mất, bà Roosevelt còn biết được những thông tin gì thêm về Eleanor?",,,False,True,1,1.0,1.0,2.9441661834716797,5.727425575256348,-2.9441661834716797,CORRECT_NO_ANSWER
0017-0065-0001,"Sau khi qua đời, thi thể của Roosevelt được đặt ở đâu?",một cỗ quan tài có quấn quốc kỳ Mỹ,Roosevelt được đưa về thị trấn Hyde Park bằng xe lửa,True,False,0,0.0,1.0,1.14900541305542,7.012197017669678,-1.14900541305542,WRONG_SPAN
0017-0065-0002,"Sau lễ tang tại thị trấn, thi thể Roosevelt được đưa đi đâu?",,Roosevelt được đưa về thị trấn Hyde Park bằng xe lửa,False,False,0,0.0,1.0,-1.3872880935668945,9.088630676269531,1.3872880935668945,UNANSWERABLE_FALSE_POSITIVE
0017-0065-0003,Xác của Roosevelt được chôn cất ở đâu khi bà mất?,,vườn hồng của ngôi nhà gia đình Roosevelt,False,False,0,0.0,1.0,1.5413131713867188,6.6558427810668945,-1.5413131713867188,UNANSWERABLE_FALSE_POSITIVE
0017-0065-0004,"Sau lễ tang tại Nhà Trắng, thi thể Roosevelt được đưa đi đâu?","Roosevelt được đưa về thị trấn Hyde Park bằng xe lửa, được bốn binh sĩ của Lục quân, Hải quân, Thủy quân lục chiến và Tuần duyên canh giữ",Roosevelt được đưa về thị trấn Hyde Park bằng xe lửa,True,False,0,0.5499999999999999,1.0,-2.343263626098633,9.598226547241211,2.343263626098633,SPAN_TOO_SHORT
0017-0065-0005,"Theo di nguyện của Roosevelt, thi thể của ông được chôn cất ở đâu?","Roosevelt được chôn cất trong vườn hồng của ngôi nhà gia đình Roosevelt (nay được gọi là Home of Franklin D. Roosevelt National Historic Site, tạm dịch là Di tích Lịch sử Quốc gia Nhà của Franklin D. Roosevelt) ở thị trấn Hyde Park ngày 15 tháng 4",Roosevelt được chôn cất trong vườn hồng của ngôi nhà gia đình Roosevelt,True,False,0,0.4262295081967213,1.0,1.210010051727295,6.951109409332275,-1.210010051727295,SPAN_TOO_SHORT
0017-0065-0006,Xác của vợ Roosevelt được chôn cất ở đâu khi bà mất?,bên cạnh ông,,True,True,0,0.0,1.0,1.8154516220092773,6.421839714050293,-1.8154516220092773,ANSWERABLE_PREDICTED_EMPTY
0017-0066-0001,Việc Roosevelt gọi điện khiến cho Đức Quốc xã đã có thái độ như thế nào?,,,False,True,1,1.0,1.0,4.8426127433776855,3.9742064476013184,-4.8426127433776855,CORRECT_NO_ANSWER
0017-0066-0002,Cái chết của Roosevelt đã tác động như thế nào đến nhân dân Nhật Bản?,,,False,True,1,1.0,1.0,4.942089796066284,3.872950792312622,-4.942089796066284,CORRECT_NO_ANSWER
0017-0066-0003,Paul Joseph Göbbels đã làm gì sau khi hay tin Roosevelt qua đời?,nghĩ rằng năm 1945 sẽ là năm phát xít Đức lấy lại thế thượng phong,Bộ trưởng Bộ Tuyên truyền Đức Quốc xã là Paul Joseph Göbbels trở nên vui sướng,True,False,0,0.12903225806451615,1.0,1.0198888778686523,7.57694149017334,-1.0198888778686523,SPAN_TOO_LONG
0017-0066-0004,"Cho đến khi mất, Hoa Kỳ đã trải qua bao nhiêu năm giữ vị trí tổng thống Roosevelt?",,,False,True,1,1.0,1.0,4.565280914306641,4.213050842285156,-4.565280914306641,CORRECT_NO_ANSWER
0017-0066-0005,Cái chết của Roosevelt đã tác động như thế nào đến nhân dân Hoa Kỳ?,gây sốc và thương tiếc khắp tòan quốc Hoa Kỳ,,True,True,0,0.0,1.0,4.369235992431641,4.429683685302734,-4.369235992431641,ANSWERABLE_PREDICTED_EMPTY
0017-0066-0006,"Trong suốt 12 năm làm tổng thống của mình, Roosevelt đã có những đóng góp nào cho Hoa Kỳ?",dẫn dắt Hoa Kỳ vượt qua một số các cuộc khủng hỏang lớn nhất của Hoa Kỳ cho đến khi Đức Quốc xã gần như bị đánh bại và sự bại trận của Nhật Bản cũng đang trong tầm nhìn thấy được,,True,True,0,0.0,1.0,2.4469966888427734,6.226736068725586,-2.4469966888427734,ANSWERABLE_PREDICTED_EMPTY
0017-0066-0007,"Cho đến khi mất, Roosevelt đã trải qua bao nhiêu năm giữ vị trí tổng thống Hoa Kỳ?",12 năm,,True,True,0,0.0,1.0,4.602420330047607,4.168655872344971,-4.602420330047607,ANSWERABLE_PREDICTED_EMPTY
0017-0066-0008,Roosevelt đã làm gì sau khi hay tin Paul Joseph Göbbels qua đời?,,Bộ trưởng Bộ Tuyên truyền Đức Quốc xã là Paul Joseph Göbbels trở nên vui sướng,False,False,0,0.0,1.0,0.971226692199707,7.573825836181641,-0.971226692199707,UNANSWERABLE_FALSE_POSITIVE
0017-0066-0009,Việc Roosevelt qua đời khiến cho Đức Quốc xã đã có thái độ như thế nào?,"Bộ trưởng Bộ Tuyên truyền Đức Quốc xã là Paul Joseph Göbbels trở nên vui sướng, ông ta nghĩ rằng năm 1945 sẽ là năm phát xít Đức lấy lại thế thượng phong",,True,True,0,0.0,1.0,3.52658748626709,5.2704362869262695,-3.52658748626709,ANSWERABLE_PREDICTED_EMPTY
0017-0067-0001,"Trong Bộ Tư pháp của chính phủ Roosevelt, Bộ phận Nhân quyền làm việc cùng với cơ quan nào?",Hội Quốc gia vì Tiến bộ của Người da màu,Bộ phận Nhân quyền cùng làm việc bên cạnh với Hội Quốc gia vì Tiến bộ của Người da màu (NAACP),True,False,0,0.6451612903225806,1.0,-5.512693405151367,9.754740715026855,5.512693405151367,SPAN_TOO_LONG
0017-0067-0002,Tại sao các nhóm nhân quyền lại tích cực làm việc với Roosevelt?,,"Roosevelt làm việc với các nhóm nhân quyền khác trong các trường hợp đối phó với sự hung bạo của cảnh sát, các vụ hợp tác hành quyết nạn nhân, và các vụ vi phạm quyền đầu phiếu",False,False,0,0.0,1.0,1.028177261352539,7.65489387512207,-1.028177261352539,UNANSWERABLE_FALSE_POSITIVE
0017-0067-0003,Tại sao Roosevelt lại tích cực làm việc với các nhóm nhân quyền?,gởi một thông điệp mãnh liệt đến những kẻ theo chủ nghĩa da trắng ưu việt (white supremacist) ở miền Nam Hoa Kỳ và các đồng minh chính trị của bọn họ ở thủ đô Washington,"Roosevelt làm việc với các nhóm nhân quyền khác trong các trường hợp đối phó với sự hung bạo của cảnh sát, các vụ hợp tác hành quyết nạn nhân, và các vụ vi phạm quyền đầu phiếu",True,False,0,0.08108108108108107,1.0,-0.2732381820678711,8.827679634094238,0.2732381820678711,SPAN_TOO_LONG
0017-0067-0004,"Việc Roosevelt làm việc với các nhóm nhân quyền đã có những tác động như thế nào đến ""Nhân quyền"" ở Hoa Kỳ?",các hành động này đã gởi một thông điệp mãnh liệt đến những kẻ theo chủ nghĩa da trắng ưu việt (white supremacist) ở miền Nam Hoa Kỳ và các đồng minh chính trị của bọn họ ở thủ đô Washington,"Roosevelt làm việc với các nhóm nhân quyền khác trong các trường hợp đối phó với sự hung bạo của cảnh sát, các vụ hợp tác hành quyết nạn nhân, và các vụ vi phạm quyền đầu phiếu",True,False,0,0.12658227848101267,1.0,-0.14849853515625,8.736507415771484,0.14849853515625,SPAN_TOO_SHORT
0017-0067-0005,"Theo sử gia Kevin J. McMahon, thời kỳ ""Roosevelt"" đã có những ảnh hưởng như thế nào đến Hoa Kỳ?",các bước dài tiến triển trong thời kỳ này đã là nền tảng cho phong trào nhân quyền của người Mỹ gốc châu Phi,các bước dài tiến triển trong thời kỳ này đã là nền tảng cho phong trào nhân quyền của người Mỹ gốc châu Phi,True,False,1,1.0,1.0,1.636338710784912,7.226444721221924,-1.636338710784912,CORRECT
0017-0067-0006,"Trong Bộ Nhân quyền của chính phủ Roosevelt, Bộ phận Tư pháp làm việc cùng với cơ quan nào?",,Bộ phận Nhân quyền cùng làm việc bên cạnh với Hội Quốc gia vì Tiến bộ của Người da màu (NAACP),False,False,0,0.0,1.0,-5.7462921142578125,9.816932678222656,5.7462921142578125,UNANSWERABLE_FALSE_POSITIVE
0017-0068-0001,Có bao nhiêu thường trú nhân gốc ý phải chịu bị giới hạn đi lại khi Ý giao chiến với Hoa Kỳ?,khỏang 600.000,khỏang 600.000 thường trú nhân gốc Ý,True,False,0,0.5454545454545454,1.0,-3.5265049934387207,9.545890808105469,3.5265049934387207,SPAN_TOO_LONG
0017-0068-0002,Những thường trú nhân gốc Ý đã phải chịu nghịch cảnh gì khi Hoa Kỳ chiến tranh với Ý?,bị giới hạn việc đi lại,khỏang 600.000 thường trú nhân gốc Ý (công dân Ý không có quốc tịch Mỹ) bị giới hạn việc đi lại,True,False,0,0.42857142857142855,1.0,-2.285654067993164,9.924149513244629,2.285654067993164,SPAN_TOO_LONG
0017-0068-0003,Có bao nhiêu thường trú nhân gốc Ý không giới hạn đi lại khi Ý giao chiến với Hoa Kỳ?,,khỏang 600.000 thường trú nhân gốc Ý (công dân Ý không có quốc tịch Mỹ,False,False,0,0.0,1.0,-3.174642562866211,9.364316940307617,3.174642562866211,UNANSWERABLE_FALSE_POSITIVE
0017-0068-0004,"Lệnh Ban hành số 9066 mà Roosevelt hành pháp, có hiệu lực với ai?",,mọi người bị xếp lọai là những người thuộc quốc gia thù địch,False,False,0,0.0,1.0,-1.4691104888916016,8.974203109741211,1.4691104888916016,UNANSWERABLE_FALSE_POSITIVE
0017-0068-0005,Những thường trú nhân gốc Ý đã phải chịu nghịch cảnh gì khi Ý chiến tranh với Hoa Kỳ?,,khỏang 600.000 thường trú nhân gốc Ý (công dân Ý không có quốc tịch Mỹ) bị giới hạn việc đi lại,False,False,0,0.0,1.0,-1.5683584213256836,9.496538162231445,1.5683584213256836,UNANSWERABLE_FALSE_POSITIVE
0017-0068-0006,"Trong Thế chiến thứ nhất, những ai phải chịu cuộc sống khó khăn tại Hoa Kỳ?",,,False,True,1,1.0,1.0,3.4034557342529297,5.359572410583496,-3.4034557342529297,CORRECT_NO_ANSWER
0017-0068-0007,"Lệnh Hành pháp số 9066 mà Roosevelt ban hành, có hiệu lực với ai?",mọi người bị xếp lọai là những người thuộc quốc gia thù địch,được áp dụng đối với mọi người bị xếp lọai là những người thuộc quốc gia thù địch,True,False,0,0.8387096774193548,1.0,-3.482381820678711,9.754937171936035,3.482381820678711,SPAN_TOO_LONG
0017-0068-0008,"Những ""thường trú nhân gốc Ý"" là những ai?",công dân Ý không có quốc tịch Mỹ,,True,True,0,0.0,1.0,2.623290538787842,6.023693561553955,-2.623290538787842,ANSWERABLE_PREDICTED_EMPTY
0017-0068-0009,"Trong Thế chiến thứ hai, những ai phải chịu cuộc sống khó khăn tại Hoa Kỳ?",Những công dân thuộc quốc gia thù địch đang sống tại Hoa Kỳ và những người có tổ tiên Nhật Bản,,True,True,0,0.0,1.0,3.333261489868164,5.426153182983398,-3.333261489868164,ANSWERABLE_PREDICTED_EMPTY
0017-0068-0010,"Những ""thường trú nhân gốc Nhật"" là những ai?",,,False,True,1,1.0,1.0,5.385420322418213,3.371971607208252,-5.385420322418213,CORRECT_NO_ANSWER
0017-0069-0001,"Trong suốt trong và sau nhiệm kì của mình, những người chỉ trích Roosevelt đã đặt ra nhiều nghi vấn về những vấn đề gì của ông?",các chính sách và lập trường,"sự củng cố quyền lực của ông vì thời gian dài làm tổng thống, sự phục vụ của ông qua hai cuộc khủng hỏang lớn, và sự ủng hộ lớn lao của công chúng dành cho ông",True,False,0,0.046511627906976744,1.0,-2.943317413330078,10.204765319824219,2.943317413330078,SPAN_TOO_LONG
0017-0069-0002,Việc Roosevelt ủng hộ các chương trình của chính phủ đã có tác động gì đến Hoa Kỳ?,,chủ trương của Roosevelt về các chương trình xã hội của chính phủ,False,False,0,0.0,1.0,1.1410045623779297,7.345342636108398,-1.1410045623779297,UNANSWERABLE_FALSE_POSITIVE
0017-0069-0003,Chủ trương của Roosevelt trong các chương trình xã hội có ảnh hưởng như thế nào?,công cụ trong việc tái định nghĩa chủ nghĩa tự do cho các thế hệ kế tục,chủ trương của Roosevelt về các chương trình xã hội của chính phủ,True,False,0,0.13333333333333333,1.0,0.15952205657958984,7.995265007019043,-0.15952205657958984,SPAN_TOO_SHORT
0017-0069-0004,Việc Roosevelt mở rộng các chương trình của chính phủ đã có tác động gì đến Hoa Kỳ?,tái định nghĩa vai trò của chính phủ tại Hoa Kỳ,chủ trương của Roosevelt về các chương trình xã hội của chính phủ,True,False,0,0.24999999999999994,1.0,0.005306243896484375,8.231929779052734,-0.005306243896484375,SPAN_TOO_LONG
0017-0069-0005,Chủ trương của Roosevelt trong các chỉ trích xã hội có ảnh hưởng như thế nào?,,chủ trương của Roosevelt về các chương trình xã hội của chính phủ,False,False,0,0.0,1.0,1.2005715370178223,7.292481899261475,-1.2005715370178223,UNANSWERABLE_FALSE_POSITIVE
0017-0070-0001,Giải thưởng Trâu Vàng được trao thưởng với ý nghĩa gì?,,,False,True,1,1.0,1.0,3.4638795852661133,4.9920759201049805,-3.4638795852661133,CORRECT_NO_ANSWER
0017-0070-0002,"Năm 1924, Roosevelt đóng vai trò gì trong các hội hướng đạo?",chủ tịch,,True,True,0,0.0,1.0,3.9174985885620117,4.522202491760254,-3.9174985885620117,ANSWERABLE_PREDICTED_EMPTY
0017-0070-0003,"Sau khi làm tổng thống, vai trò của Roosevelt trong Hội Nam Hướng đạo Mỹ là gì?",chủ tịch vinh dự của Hội Nam Hướng đạo Mỹ,Roosevelt là chủ tịch vinh dự của Hội Nam Hướng đạo Mỹ,True,False,0,0.9090909090909091,1.0,-0.6039719581604004,7.878885269165039,0.6039719581604004,SPAN_TOO_LONG
0017-0070-0004,Giải thưởng Trâu Bạc được trao thưởng với ý nghĩa gì?,ghi công sự đóng góp ủng hộ xuất sắc mà người được tặng thưởng dành cho giới trẻ trên cấp bậc quốc gia,để ghi công sự đóng góp ủng hộ xuất sắc mà người được tặng thưởng dành cho giới trẻ trên cấp bậc quốc gia,True,False,0,0.9787234042553191,1.0,-0.1472487449645996,7.823867321014404,0.1472487449645996,SPAN_TOO_LONG
0017-0070-0005,"Năm 1930, Roosevelt đã được Hội Nam Hướng đạo Mỹ vinh danh như thế nào?",Giải Trâu Bạc,Hội Nam Hướng đạo Mỹ (BSA) đã vinh danh ông bằng giải thưởng cao nhất của họ dành cho người lớn,True,False,0,0.08333333333333333,1.0,-0.23863744735717773,7.858292102813721,0.23863744735717773,SPAN_TOO_LONG
0017-0070-0006,Việc thành lập Trại Hướng đạo Sông Ten có mục đích gì?,,Trại Hướng đạo Sông Ten Mile từ năm 1924–1928 để phục vụ các hướng đạo sinh của Thành phố New York,False,False,0,0.0,1.0,-0.8350858688354492,9.102378845214844,0.8350858688354492,UNANSWERABLE_FALSE_POSITIVE
0017-0070-0007,"Năm 1928, Roosevelt đã được Hội Nam Hướng đạo Mỹ vinh danh như thế nào?",,,False,True,1,1.0,1.0,3.3676109313964844,5.062347412109375,-3.3676109313964844,CORRECT_NO_ANSWER
0017-0070-0008,Việc thành lập Trại Hướng đạo Sông Ten Mile có mục đích gì?,phục vụ các hướng đạo sinh của Thành phố New York,Trại Hướng đạo Sông Ten Mile từ năm 1924–1928 để phục vụ các hướng đạo sinh của Thành phố New York,True,False,0,0.6666666666666666,1.0,-0.24426651000976562,8.39814567565918,0.24426651000976562,SPAN_TOO_LONG
0017-0071-0001,"Trong suốt thời gian đương nhiệm, Roosevelt đã có những việc làm gì đối với những mẫu tem của Hoa Kỳ?","chính Roosevelt đã đích thân chấp thuận các mẫu tem mới của Hoa Kỳ, tổng cộng khỏang 200 mẫu tem",,True,True,0,0.0,1.0,2.075857162475586,6.263298034667969,-2.075857162475586,ANSWERABLE_PREDICTED_EMPTY
0017-0071-0002,Roosevelt đã bổ nhiệm James Farley cho vị trí gì?,Bộ trưởng Bưu điện Hoa Kỳ,Bộ trưởng Bưu điện Hoa Kỳ,True,False,1,1.0,1.0,-1.3982386589050293,8.948270797729492,1.3982386589050293,CORRECT
0017-0071-0003,"Farley đã chấp thuận những hành động gì giúp phổ biến môn ""sưu tầm tem""?",,"Roosevelt bổ nhiệm James Farley làm Bộ trưởng Bưu điện Hoa Kỳ, và chính Farley đã gia tăng con số phát hành tem kỷ niệm hàng năm và tạo ra nhiều bộ tem khác",False,False,0,0.0,1.0,0.2249317169189453,7.659209251403809,-0.2249317169189453,UNANSWERABLE_FALSE_POSITIVE
0017-0071-0004,Giới truyền thông đăng tải sự yêu thích của Roosevelt đối với việc sưu tầm tem đã tác động như thế nào đến lọai hình giải trí này?,giúp phổ biến nó thành một sở thích,các họat động sưu tầm tem của ông đã giúp phổ biến nó thành một sở thích,True,False,0,0.6399999999999999,1.0,0.3894510269165039,7.714432716369629,-0.3894510269165039,SPAN_TOO_LONG
0017-0071-0005,Một trong những sở thích của James Farley là gì?,,,False,True,1,1.0,1.0,5.31746244430542,3.4014945030212402,-5.31746244430542,CORRECT_NO_ANSWER
0017-0071-0006,"Farley đã có những hành động gì giúp phổ biến môn ""sưu tầm tem""?",Farley đã gia tăng con số phát hành tem kỷ niệm hàng năm và tạo ra nhiều bộ tem khác,"Roosevelt bổ nhiệm James Farley làm Bộ trưởng Bưu điện Hoa Kỳ, và chính Farley đã gia tăng con số phát hành tem kỷ niệm hàng năm và tạo ra nhiều bộ tem khác",True,False,0,0.7407407407407407,1.0,1.346893310546875,6.862333297729492,-1.346893310546875,SPAN_TOO_LONG
0017-0071-0007,James Farley đã bổ nhiệm Roosevelt cho vị trí gì?,,Bộ trưởng Bưu điện Hoa Kỳ,False,False,0,0.0,1.0,-0.794041633605957,8.677664756774902,0.794041633605957,UNANSWERABLE_FALSE_POSITIVE
0017-0071-0008,Một trong những sở thích của Roosevelt là gì?,sưu tầm tem,,True,True,0,0.0,1.0,5.633019924163818,3.06809663772583,-5.633019924163818,ANSWERABLE_PREDICTED_EMPTY
0018-0001-0001,Đất nước Việt Nam nằm ở tọa lạc như thế nào?,,Uganda,False,False,0,0.0,1.0,0.7505249977111816,7.24612283706665,-0.7505249977111816,UNANSWERABLE_FALSE_POSITIVE
0018-0001-0002,Có bao nhiêu khu vực (ngòai Uganda) có chung quyền khai thác diện tích mặt hồ Victoria?,Kenya và Tanzania,"Phía Nam Uganda là vùng hồ Victoria, có chủ quyền gần 1/2 diện tích mặt hồ, chia sẻ quyền khai thác cùng Kenya và Tanzania",True,False,0,0.20689655172413793,1.0,0.1702718734741211,7.6998796463012695,-0.1702718734741211,SPAN_TOO_LONG
0018-0001-0003,Có bao nhiêu khu vực (ngòai Uganda) có chung quyền khai thác diện tích lưu vực sông Nin?,,Uganda,False,False,0,0.0,1.0,1.3688840866088867,6.779152870178223,-1.3688840866088867,UNANSWERABLE_FALSE_POSITIVE
0018-0001-0004,Quốc gia cùng với Kenya được Uganda chia sẻ chủ quyền hồ Victoria tọa lạc ở đâu so với lãnh thổ Uganda?,phía Nam,Uganda,True,False,0,0.0,1.0,1.495560646057129,6.6233320236206055,-1.495560646057129,WRONG_SPAN
0018-0001-0005,"Phiên âm quốc tế của tên gọi ""Uganda"" bao gồm những phiên âm nào?",/juːˈɡændə/ yew-GAN-də hoặc /juːˈɡɑːndə/ yew-GAHN-də,"Cộng hòa Uganda""",True,False,0,0.0,1.0,1.5468010902404785,6.8024373054504395,-1.5468010902404785,WRONG_SPAN
0018-0001-0006,Đất nước Uganda nằm ở tọa lạc như thế nào?,"Giáp Kenya về phía Đông, phía Tây giáp với CHDC Congo, Tây Nam giáp Rwanda, phía Bắc giáp Nam Sudan và phía Nam giáp Tanzania",Uganda,True,False,0,0.0,1.0,1.5025300979614258,6.816339492797852,-1.5025300979614258,WRONG_SPAN
0018-0001-0007,Nền khí hậu chủ đạo của Uganda là gì?,khí hậu xích đạo,Uganda,True,False,0,0.0,1.0,1.5597453117370605,6.7376627922058105,-1.5597453117370605,WRONG_SPAN
0018-0001-0008,Con sông lớn nào chảy qua khu vực đất nước Kenya?,,Uganda,False,False,0,0.0,1.0,1.4165029525756836,6.826414108276367,-1.4165029525756836,UNANSWERABLE_FALSE_POSITIVE
0018-0001-0009,Con sông lớn nào chảy qua khu vực đất nước Uganda?,sông Nin,,True,True,0,0.0,1.0,1.9576301574707031,6.450984954833984,-1.9576301574707031,ANSWERABLE_PREDICTED_EMPTY
0018-0002-0001,Uganda bắt đầu chiếm đóng tại khu vực của Thực dân Anh vào thời gian nào?,,,False,True,1,1.0,1.0,3.3842296600341797,5.115989685058594,-3.3842296600341797,CORRECT_NO_ANSWER
0018-0002-0002,Tên gọi quốc gia Anh được xuất phát từ đâu?,,,False,True,1,1.0,1.0,2.143977165222168,6.0990400314331055,-2.143977165222168,CORRECT_NO_ANSWER
0018-0002-0003,Thủ đô Kampala trở nên độc lập khi nào trước khi tổng thống Yoweri Kaguta Museven lên cầm quyền vào năm 1986?,năm 1962,Uganda,True,False,0,0.0,1.0,0.6765613555908203,7.360286712646484,-0.6765613555908203,WRONG_SPAN
0018-0002-0004,Tình hình chính trị của đất nước Uganda sau thắng lợi giành độc lập như thế nào?,"nội chiến, huynh đệ tương tàng",,True,True,0,0.0,1.0,2.5007858276367188,5.865291595458984,-2.5007858276367188,ANSWERABLE_PREDICTED_EMPTY
0018-0002-0005,"Năm 1962, sự kiện nào gì đáng chú ý nhất diễn ra tại Uganda?",Uganda giành được độc lập từ Anh,,True,True,0,0.0,1.0,2.014552593231201,6.339736461639404,-2.014552593231201,ANSWERABLE_PREDICTED_EMPTY
0018-0002-0006,Thực dân Anh bắt đầu chiếm đóng tại khu vực Uganda vào thời gian nào?,cuối những năm 1800,,True,True,0,0.0,1.0,3.7236976623535156,4.767607688903809,-3.7236976623535156,ANSWERABLE_PREDICTED_EMPTY
0018-0002-0007,Tổng thiệt hại nhân thân mà Uganda phải chịu là bao nhiêu?,hàng chục ngàn thương vong,,True,True,0,0.0,1.0,4.1501569747924805,4.4052324295043945,-4.1501569747924805,ANSWERABLE_PREDICTED_EMPTY
0018-0002-0008,Tên gọi quốc gia Uganda được xuất phát từ đâu?,từ vương quốc Buganda,,True,True,0,0.0,1.0,2.2509446144104004,5.956239223480225,-2.2509446144104004,ANSWERABLE_PREDICTED_EMPTY
0018-0002-0009,"Năm 1800, sự kiện nào gì đáng chú ý nhất diễn ra tại Uganda?",,,False,True,1,1.0,1.0,2.9928951263427734,5.5331573486328125,-2.9928951263427734,CORRECT_NO_ANSWER
0018-0002-0010,Tổng thiệt hại nhân thân mà người Anh phải chịu là bao nhiêu?,,,False,True,1,1.0,1.0,3.4303083419799805,5.078775405883789,-3.4303083419799805,CORRECT_NO_ANSWER
0018-0003-0001,"Sau cuộc đảo chính quân sự thành công, chế độ cai trị của Tanzania mới được nhận xét như thế nào?",,,False,True,1,1.0,1.0,3.0052614212036133,5.615090370178223,-3.0052614212036133,CORRECT_NO_ANSWER
0018-0003-0002,Năm nào đã đánh dấu sự độc tài của Uganda?,,,False,True,1,1.0,1.0,3.731229782104492,4.831048965454102,-3.731229782104492,CORRECT_NO_ANSWER
0018-0003-0003,Sự giúp đỡ của Đại tá Idi Amin đã giúp ích gì đối với Thủ tướng Obote?,giành quyền kiểm sóat Chính phủ từ năm 1966,Thủ tướng Obote giành quyền kiểm sóat Chính phủ,True,False,0,0.6666666666666666,1.0,-1.6072330474853516,9.410223007202148,1.6072330474853516,PARTIAL_SPAN
0018-0003-0004,Tình hình đất nước Uganda kể từ năm 1979 như thế nào?,"rơi vào tình trạng vô tổ chức về mặt chính trị, kinh tế bị tàn phá, nạn cướp bóc gia tăng",,True,True,0,0.0,1.0,2.4107236862182617,5.994559288024902,-2.4107236862182617,ANSWERABLE_PREDICTED_EMPTY
0018-0003-0005,"Sau cuộc đảo chính quân sự thành công, chế độ cai trị của chính quyền mới được nhận xét như thế nào?",chế độ cai trị độc tài và khát máu,,True,True,0,0.0,1.0,4.386651039123535,4.319334983825684,-4.386651039123535,ANSWERABLE_PREDICTED_EMPTY
0018-0003-0006,Năm nào đã đánh dấu sự độc lập của Uganda?,năm 1962,,True,True,0,0.0,1.0,1.8819303512573242,6.366255760192871,-1.8819303512573242,ANSWERABLE_PREDICTED_EMPTY
0018-0003-0007,Những thiệt hại trầm trọng về sau khi Thủ tướng Obote để Idi Amin lật đổ chính quyền?,"Đất nước rơi vào tình trạng vô tổ chức về mặt chính trị, kinh tế bị tàn phá, nạn cướp bóc gia tăng do không ai kiểm sóat các phần tử quân sự","Đại tá Idi Amin, Thủ tướng Obote giành quyền kiểm sóat Chính phủ từ năm 1966. Obote bị lật đổ sau cuộc đảo chính quân sự",True,False,0,0.2033898305084746,1.0,1.3846807479858398,6.9257659912109375,-1.3846807479858398,SPAN_TOO_SHORT
0018-0004-0001,Chính sách chính trị - ngọai giao của Mỹ đã làm thay đổi mối quan hệ giữa quốc gia này với những quốc gia khác như thế nào?,,,False,True,1,1.0,1.0,2.318413734436035,6.296019554138184,-2.318413734436035,CORRECT_NO_ANSWER
0018-0004-0002,Đất nước Uganda tham vọng thiết lập chế độ chính trị đa đảng ở những quốc gia nào?,,,False,True,1,1.0,1.0,3.3050103187561035,5.296238422393799,-3.3050103187561035,CORRECT_NO_ANSWER
0018-0004-0003,Những quốc gia nào tham vọng thiết lập chế độ chính trị đa đảng ở đất nước Uganda?,các nước phương Tây và Mỹ,các nước phương Tây và Mỹ,True,False,1,1.0,1.0,1.6097040176391602,6.775702476501465,-1.6097040176391602,CORRECT
0018-0004-0004,Ai là người đã đứng ra phản đối chính sách bóc lột của các quốc gia chưa có nền công nghiệp phát triển ở những nước ngọai quốc?,,,False,True,1,1.0,1.0,2.788642406463623,5.793406963348389,-2.788642406463623,CORRECT_NO_ANSWER
0018-0004-0005,Chính sách chính trị - ngọai giao của Uganda đã làm thay đổi mối quan hệ giữa quốc gia này với những quốc gia khác như thế nào?,quan hệ theo hướng ôn hòa,,True,True,0,0.0,1.0,5.760921955108643,2.9838500022888184,-5.760921955108643,ANSWERABLE_PREDICTED_EMPTY
0018-0004-0006,Những lời lẽ nào được Uganda đưa ra trước khi kiên quyết chống lại các nước phương Tây và Mỹ?,"tuyên bố đi theo đường lối trung lập, không liên kết, ủng hộ các phong trào giải phóng dân tộc",Uganda kiên quyết chống lại việc các nước phương Tây và Mỹ muốn áp dụng chế độ đa đảng,True,False,0,0.05128205128205128,1.0,1.1355443000793457,7.132022380828857,-1.1355443000793457,SPAN_TOO_SHORT
0018-0004-0007,Chính sách bóc lột của những nước công nghiệp phát triển tập trung khai thác ở những mặt nào?,sức lực và tài nguyên,,True,True,0,0.0,1.0,4.532520294189453,4.124073028564453,-4.532520294189453,ANSWERABLE_PREDICTED_EMPTY
0018-0004-0008,Ai là người đã đứng ra phản đối chính sách bóc lột của những nước ngọai quốc ở các quốc gia chưa có nền công nghiệp phát triển?,Tổng thống Museveni,,True,True,0,0.0,1.0,2.8945212364196777,5.691469669342041,-2.8945212364196777,ANSWERABLE_PREDICTED_EMPTY
0018-0005-0001,Chính phủ nhà nước Uganda đã ra những quyết sách gì để giúp cải thiện nền kinh tế quốc dân giai đọan 1990-1999?,"xây dựng cơ sở hạ tầng, tập trung cải thiện sản xuất và xuất khẩu, giảm mức lạm phát",,True,True,0,0.0,1.0,3.2833805084228516,5.073038101196289,-3.2833805084228516,ANSWERABLE_PREDICTED_EMPTY
0018-0005-0002,Chính phủ nhà nước Ấn Độ đã ra những quyết sách gì để giúp cải thiện nền kinh tế quốc dân giai đọan 1990-1999?,,,False,True,1,1.0,1.0,2.1309866905212402,6.176262378692627,-2.1309866905212402,CORRECT_NO_ANSWER
0018-0005-0003,Việc Cộng hòa Congo tham chiến tại chiến trường Uganda đã gây ra thách thức nào cho nền kinh tế Uganda?,,Uganda tham gia vào cuộc chiến ở Cộng hòa Dân chủ Congo,False,False,0,0.0,1.0,-1.272104263305664,8.753387451171875,1.272104263305664,UNANSWERABLE_FALSE_POSITIVE
0018-0005-0004,"Nhờ những nguyên nhân khách quan nào, Uganda đã vực lại được nền kinh tế nước mình?",sự giúp đỡ của nước ngòai và các tổ chức quốc tế,,True,True,0,0.0,1.0,3.727473735809326,4.7143025398254395,-3.727473735809326,ANSWERABLE_PREDICTED_EMPTY
0018-0005-0005,Nhằm phục hồi và phát triển kinh tế nhanh chóng thì Uganda đã chuyển mình mạnh mẽ nhưng đã không khả quan nữa là do đâu?,do Uganda tham gia vào cuộc chiến ở Cộng hòa Dân chủ Congo,,True,True,0,0.0,1.0,2.7903804779052734,5.659849166870117,-2.7903804779052734,ANSWERABLE_PREDICTED_EMPTY
0018-0005-0006,Những giải pháp cải thiện nền kinh tế mà chính phủ Uganda đề ra trong những năm 1986 là gì?,"cải cách tiền tệ, nâng giá các mặt hàng xuất khẩu, cải thiện tiền lương công chức nhà nước",,True,True,0,0.0,1.0,3.905101776123047,4.546041488647461,-3.905101776123047,ANSWERABLE_PREDICTED_EMPTY
0018-0005-0007,Việc Uganda tham chiến tại chiến trường Cộng hòa Congo đã gây ra thách thức nào cho nền kinh tế Uganda?,duy trì mức tăng trưởng khả quan,"Uganda tham gia vào cuộc chiến ở Cộng hòa Dân chủ Congo, tình trạng tham nhũng gia tăng và chậm trễ trong quyết định cải cách kinh tế của Chính phủ",True,False,0,0.052631578947368425,1.0,-1.440286636352539,9.074045181274414,1.440286636352539,SPAN_TOO_LONG
0018-0006-0001,Sự lan rộng của khủng hỏang kinh tế Uganda đã tác động đến họat động kinh tế nào của thế giới?,,,False,True,1,1.0,1.0,1.8771228790283203,6.899040222167969,-1.8771228790283203,CORRECT_NO_ANSWER
0018-0006-0002,Yêu cầu của những chính sách cải cách kinh tế của Uganda là gì?,"cải cách chính sách tiền tệ, tăng giá các sản phẩm xăng dầu và cải thiện lương công chức nhà nước",,True,True,0,0.0,1.0,4.1575469970703125,4.651716232299805,-4.1575469970703125,ANSWERABLE_PREDICTED_EMPTY
0018-0006-0003,Thách thức của kinh tế Uganda vào năm 2011 là gì?,sự bất ổn định ở Nam Sudan,,True,True,0,0.0,1.0,2.135965347290039,6.433263778686523,-2.135965347290039,ANSWERABLE_PREDICTED_EMPTY
0018-0006-0004,Lực lượng lao động ở Uganda tham gia đông đảo vào lĩnh vực kinh tế nào?,Nông nghiệp,Nông nghiệp,True,False,1,1.0,1.0,1.357266902923584,7.529810428619385,-1.357266902923584,CORRECT
0018-0006-0005,Vị trí của Nam Sudan có ý nghĩa như thế nào?,một địa điểm quan trọng của các trại tị nạn cho người dân Sudan,,True,True,0,0.0,1.0,2.4613423347473145,6.084960460662842,-2.4613423347473145,ANSWERABLE_PREDICTED_EMPTY
0018-0006-0006,Yêu cầu của những chính sách cải cách chính phủ của Uganda là gì?,,,False,True,1,1.0,1.0,4.42711067199707,4.412258148193359,-4.42711067199707,CORRECT_NO_ANSWER
0018-0006-0007,Sự lan rộng của khủng hỏang kinh tế thế giới đã tác động đến họat động kinh tế nào của Uganda?,xuất khẩu,Khủng hỏang kinh tế tòan cầu đã ảnh hưởng đến xuất khẩu của Uganda,True,False,0,0.25,1.0,1.7344536781311035,6.932435512542725,-1.7344536781311035,SPAN_TOO_LONG
0018-0006-0008,Lực lượng dân tị nạn ở Uganda tham gia đông đảo vào lĩnh vực kinh tế nào?,,,False,True,1,1.0,1.0,2.1008009910583496,6.780885219573975,-2.1008009910583496,CORRECT_NO_ANSWER
0018-0006-0009,Nhờ phục hồi và ổn định nền kinh tế mà Uganda đã giải quyết được khỏang nợ 2 tỷ USD và trong tương lai sẽ có các nguồn thu chủ yếu nào?,từ dầu và thuế,Doanh thu từ dầu và thuế,True,False,0,0.8,1.0,-0.0666341781616211,8.619579315185547,0.0666341781616211,SPAN_TOO_LONG
0018-0007-0001,"Hiện nay, kinh tế Uganda cần phải tập trung phát triển những họat động kinh tế nào song song với nông nghiệp?","chăn nuôi gia súc, và đánh bắt cá",,True,True,0,0.0,1.0,1.819540023803711,6.864567756652832,-1.819540023803711,ANSWERABLE_PREDICTED_EMPTY
0018-0007-0002,Phần lớn nguồn nhân lực phát triển ở khu vực I của nền kinh tế Uganda tham gia vào họat động kinh tế nào?,Nông nghiệp,,True,True,0,0.0,1.0,1.811258316040039,6.986879348754883,-1.811258316040039,ANSWERABLE_PREDICTED_EMPTY
0018-0007-0003,"Con số 17,12 tỷ USD biểu thị thông số kinh tế nào của Uganda?",tổng sản phẩm quốc nội,"cà phê, chè, ngô, chuối, đường, bông, thuốc lá, khoai tây, hoa, các sản phẩm từ hoa, thịt dê, bò, đậu…",True,False,0,0.15384615384615385,1.0,1.790903091430664,6.794587135314941,-1.790903091430664,SPAN_TOO_LONG
0018-0007-0004,"Con số 5,8 tỷ USD biểu thị thông số kinh tế nào của Uganda?",,,False,True,1,1.0,1.0,2.3799962997436523,6.2270402908325195,-2.3799962997436523,CORRECT_NO_ANSWER
0018-0007-0005,Những nông sản chủ lực của nền nông nghiệp tại Uganda bao gồm những gì?,"cà phê, chè, ngô, chuối, đường, bông, thuốc lá, khoai tây, hoa, các sản phẩm từ hoa, thịt dê, bò, đậu","cà phê, chè, ngô, chuối, đường, bông, thuốc lá, khoai tây, hoa, các sản phẩm từ hoa, thịt dê, bò, đậu…",True,False,1,1.0,1.0,-0.29133129119873047,8.819024085998535,0.29133129119873047,CORRECT
0018-0007-0006,"Vào năm 2010, tổng thu nhập cá nhân của mỗi người trên tổng số nông dân Uganda trung bình vào khỏang bao nhiêu?",,Thu nhập bình quân đầu người của nước này là khỏang 500 USD/người năm 2010,False,False,0,0.0,1.0,1.694505214691162,7.009149074554443,-1.694505214691162,UNANSWERABLE_FALSE_POSITIVE
0018-0007-0007,"Vào năm 2010, tổng thu nhập cá nhân của mỗi người trên tổng dân số Uganda trung bình vào khỏang bao nhiêu?",500 USD,,True,True,0,0.0,1.0,2.138151168823242,6.591488838195801,-2.138151168823242,ANSWERABLE_PREDICTED_EMPTY
0018-0007-0008,80% người lao động Uganda tham gia vào ngành sản xuất nào?,Nông nghiệp,Nông nghiệp,True,False,1,1.0,1.0,-1.5507011413574219,8.29783821105957,1.5507011413574219,CORRECT
0018-0007-0009,Những nông sản chủ lực của nền nông nghiệp trên thế giới bao gồm những gì?,,"cà phê, chè, ngô, chuối, đường, bông, thuốc lá, khoai tây, hoa, các sản phẩm từ hoa, thịt dê, bò, đậu…",False,False,0,0.0,1.0,0.31827545166015625,8.32866382598877,-0.31827545166015625,UNANSWERABLE_FALSE_POSITIVE
0019-0001-0001,Trong số 50 tiểu bang của Hoa Kỳ thì bang Texas đứng ở vị trí thứ mấy về diện tích?,thứ hai,Texas,True,False,0,0.0,1.0,1.0466675758361816,7.3033623695373535,-1.0466675758361816,WRONG_SPAN
0019-0001-0002,Những bang nào của México giáp ranh với bang Texas của Hoa Kỳ?,"bang Chihuahua, Coahuila, Nuevo León, và Tamaulipas",,True,True,0,0.0,1.0,2.9394912719726562,5.456097602844238,-2.9394912719726562,ANSWERABLE_PREDICTED_EMPTY
0019-0001-0003,Ở phía tây nam của bang Arkansas là bang nào?,Texas,Texas,True,False,1,1.0,1.0,1.1107735633850098,6.896543979644775,-1.1107735633850098,CORRECT
0019-0001-0004,Dân số của bang Texas là bao nhiêu?,"26,1 triệu",Texas,True,False,0,0.0,1.0,1.7333989143371582,6.502792835235596,-1.7333989143371582,WRONG_SPAN
0019-0001-0005,Nếu đi từ phía nam đến phía bắc thì sau khi qua Texas là đến bang nào?,Oklahoma,,True,True,0,0.0,1.0,2.1269993782043457,6.3186211585998535,-2.1269993782043457,ANSWERABLE_PREDICTED_EMPTY
0019-0002-0001,Trong số các thành phố của Hoa Kỳ thì thành phố lớn thứ tư có vị trí thuộc bang nào?,Texas,,True,True,0,0.0,1.0,3.3017749786376953,5.41740608215332,-3.3017749786376953,ANSWERABLE_PREDICTED_EMPTY
0019-0002-0002,"Tại Hoa Kỳ, vùng đô thị lớn thứ năm là vùng nào?",Đại Houston,Dallas–Fort Worth và Đại Houston,True,False,0,0.5,1.0,-2.1694374084472656,10.154305458068848,2.1694374084472656,SPAN_TOO_LONG
0019-0002-0003,Điều gì được thể hiện qua tên gọi bang ngôi sao cô độc của Texas?,Texas nguyên là một nước cộng hòa độc lập và nhắc nhở đến cuộc đấu tranh giành độc lập của Texas từ México,Texas có biệt danh là Lone Star State,True,False,0,0.12903225806451613,1.0,-0.07174968719482422,8.285592079162598,0.07174968719482422,SPAN_TOO_SHORT
0019-0002-0004,"Trong tiếng Caddo thì tên gọi ""Tejas"" có nghĩa là gì?",bằng hữu,Texas,True,False,0,0.0,1.0,-0.8949341773986816,7.847901821136475,0.8949341773986816,WRONG_SPAN
0019-0002-0005,Thành phố lớn thứ bảy tại Hoa Kỳ là thành phố lớn thứ mấy tại bang mà nó tọa lạc?,lớn thứ hai,,True,True,0,0.0,1.0,2.197214126586914,6.475111961364746,-2.197214126586914,ANSWERABLE_PREDICTED_EMPTY
0019-0003-0001,Đặc trưng địa chất tại bang Texas là gì?,Đứt đọan Balcones,,True,True,0,0.0,1.0,4.454889535903931,3.925586462020874,-4.454889535903931,ANSWERABLE_PREDICTED_EMPTY
0019-0003-0002,Tỷ lệ diện tích hoang mạc tại bang Texas là bao nhiêu?,dưới 10 phần trăm,chỉ dưới 10 phần trăm diện tích đất của tiểu bang là hoang mạc,True,False,0,0.4444444444444445,1.0,1.5828676223754883,6.355751037597656,-1.5828676223754883,SPAN_TOO_LONG
0019-0003-0003,Những nơi tập trung dân cư của bang Texas trước đây là gì?,"thảo nguyên, rừng, và bờ biển",,True,True,0,0.0,1.0,5.290965557098389,3.217799663543701,-5.290965557098389,ANSWERABLE_PREDICTED_EMPTY
0019-0003-0004,Địa hình của bang Texas có sự thay đổi như thế nào khi đi từ đông sang tây?,"biến đổi từ đầm lầy ven biển và rừng thông, đến các đồng bằng gợn sóng và gò đồi gồ ghề, và cuối cùng là hoang mạc và các dãy núi của vùng Big Bend","địa hình của Texas biến đổi từ đầm lầy ven biển và rừng thông, đến các đồng bằng gợn sóng và gò đồi gồ ghề, và cuối cùng là hoang mạc và các dãy núi của vùng Big Bend",True,False,0,0.945945945945946,1.0,-0.39676952362060547,8.263873100280762,0.39676952362060547,SPAN_TOO_LONG
0019-0003-0005,Những khu vực nào của Hoa Kỳ mà cảnh quan bang Texas có nét tương đồng?,Nam và Tây Nam Hoa Kỳ,,True,True,0,0.0,1.0,5.989699840545654,2.530526638031006,-5.989699840545654,ANSWERABLE_PREDICTED_EMPTY
0019-0004-0001,"Nguyên nhân dẫn đến sự ra đời của thuật ngữ ""six flags over Texas"" là gì?",bắt nguồn từ việc lãnh thổ này từng nằm dưới quyền quản lý của một vài quốc gia,sáu quốc kỳ bay trên đất Texas,True,False,0,0.08,1.0,-1.6897001266479492,9.761488914489746,1.6897001266479492,SPAN_TOO_SHORT
0019-0004-0002,Quốc gia đầu tiên của châu Âu đã tuyên bố chủ quyền đối với Texas là gì?,Tây Ban Nha,Tây Ban Nha là quốc gia châu Âu đầu tiên tuyên bố chủ quyền đối với khu vực Texas,True,False,0,0.2727272727272727,1.0,-1.2228021621704102,8.939346313476562,1.2228021621704102,SPAN_TOO_LONG
0019-0004-0003,Khi Texas gia nhập vào Hoa Kỳ thì Texas đã trở thành bang thứ mấy của Hoa Kỳ?,bang thứ 28,bang thứ 28 của Liên bang,True,False,0,0.6666666666666666,1.0,0.148101806640625,8.284526824951172,-0.148101806640625,SPAN_TOO_LONG
0019-0004-0004,Trong thời kỳ Hoa Kỳ nội chiến thì bang Texas đã có hành động gì?,"thóat ly khỏi Hợp chúng quốc vào đầu năm 1861, và gia nhập vào Liên minh miền Nam",,True,True,0,0.0,1.0,1.9460067749023438,6.721675872802734,-1.9460067749023438,ANSWERABLE_PREDICTED_EMPTY
0019-0004-0005,Vào năm nào thì Texas đã giành được độc lập?,năm 1836,Texas giành độc lập vào năm 1836,True,False,0,0.4444444444444445,1.0,1.7670884132385254,6.704951763153076,-1.7670884132385254,SPAN_TOO_LONG
0019-0005-0001,Sau nội chiến thì ngành kinh tế nào tại Texas đã trở nên phát triển?,bò,bò,True,False,1,1.0,1.0,-0.8968000411987305,8.082601547241211,0.8968000411987305,CORRECT
0019-0005-0002,Điều gì đã được dẫn đến khi Texas là trung tâm của ngành kinh tế về bò trong một thời gian dài?,người ta liên hệ Texas với hình ảnh của những chàng cao bồi,"bò. Do là trung tâm của ngành kinh tế này trong một thời gian lâu dài, người ta liên hệ Texas với hình ảnh của những chàng cao bồi",True,False,0,0.6190476190476191,1.0,0.5938234329223633,7.9792070388793945,-0.5938234329223633,SPAN_TOO_LONG
0019-0005-0003,Vào giữa thế kỷ XX thì nền kinh tế mà Texas hướng đến là gì?,một nền kinh tế đa dạng hóa và công nghiệp công nghệ cao,dầu,True,False,0,0.0,1.0,1.2346086502075195,7.158203125,-1.2346086502075195,WRONG_SPAN
0019-0005-0004,Ngòai Texas thì bang nào tại Hoa Kỳ cùng dẫn đầu trong bảng danh sách các bang có công ty lọt vào Fortune 500?,California,"Texas đứng đầu trong các tiểu bang có công ty lọt vào Fortune 500, đồng hạng với California",True,False,0,0.10526315789473684,1.0,-1.8868694305419922,9.336854934692383,1.8868694305419922,SPAN_TOO_LONG
0019-0005-0005,Ở những ngành kinh tế nào thì bang Texas phát triển đứng đầu tại Hoa Kỳ?,"nông nghiệp, hóa dầu, năng lượng, máy tính và điện tử, hàng không vũ trụ, và khoa học y sinh","nông nghiệp, hóa dầu, năng lượng, máy tính và điện tử, hàng không vũ trụ, và khoa học y sinh",True,False,1,1.0,1.0,0.35714054107666016,8.165190696716309,-0.35714054107666016,CORRECT
0019-0006-0001,Những bang nào của México giáp với bang Texas thông qua dòng sông Rio Grande?,"các tiểu bang Chihuahua, Coahuila, Nuevo León, và Tamaulipas",,True,True,0,0.0,1.0,3.9942402839660645,4.664191722869873,-3.9942402839660645,ANSWERABLE_PREDICTED_EMPTY
0019-0006-0002,Từ bang Texas muốn qua được tiểu bang Nuevo León của México cần phải đi qua ranh giới tự nhiên nào?,sông Rio Grande,,True,True,0,0.0,1.0,1.893845558166504,6.489438056945801,-1.893845558166504,ANSWERABLE_PREDICTED_EMPTY
0019-0006-0003,Ranh giới tự nhiên của Texas và Louisiana là gì?,sông Sabine,sông Sabine,True,False,1,1.0,1.0,0.5772747993469238,7.642195224761963,-0.5772747993469238,CORRECT
0019-0006-0004,Đường kinh độ nào là ranh giới giữa Texas và New México?,kinh độ 103°T,103°T.,True,False,0,0.5,1.0,-0.2850961685180664,7.360784530639648,0.2850961685180664,SPAN_TOO_SHORT
0019-0006-0005,Tại bang Texas thì El Paso có vị trí tại đâu?,mũi cực tây của bang,El Paso nằm ở mũi cực tây của bang- được tạo thành từ vĩ tuyến 32°B và Rio Grande,True,False,0,0.4166666666666667,1.0,-0.04690837860107422,8.252847671508789,0.04690837860107422,SPAN_TOO_LONG
0019-0007-0001,Số lượng vùng sinh thái riêng biệt tại bang Texas là bao nhiêu?,11 vùng,11 vùng sinh thái riêng biệt,True,False,0,0.5,1.0,0.5006504058837891,7.719732284545898,-0.5006504058837891,SPAN_TOO_LONG
0019-0007-0002,Từ Đông sang Tây thì bang Texas được chia thành các khu vực nào?,"Đồng bằng Ven biển vịnh México, Đất thấp nội địa, Đại Bình nguyên, Bồn địa và Núi","Đồng bằng Ven biển vịnh México, Đất thấp nội địa, Đại Bình nguyên, Bồn địa và Núi",True,False,1,1.0,1.0,-0.3376169204711914,8.794468879699707,0.3376169204711914,CORRECT
0019-0007-0003,Tại vùng đồng bằng ven biển bao quanh vịnh México thì tại đây có thảm thực vật là gì?,các rừng thông dày,Vùng Đồng bằng ven biển bao quanh vịnh México nằm ở phần đông nam của bang. Thảm thực vật trong vùng này gồm có các rừng thông dày,True,False,0,0.25,1.0,-1.8066987991333008,9.561455726623535,1.8066987991333008,SPAN_TOO_LONG
0019-0007-0004,Khu vực của vùng Đại Bình nguyên tại Texas trải dài trên những vùng nào?,từ Vùng Cán xoong của tiểu bang và Llano Estacado cho đến Vùng Đồi Texas gần Austin,Vùng Cán xoong của tiểu bang và Llano Estacado cho đến Vùng Đồi Texas gần Austin,True,False,0,0.9696969696969697,1.0,-1.317164421081543,9.285120010375977,1.317164421081543,SPAN_TOO_SHORT
0019-0007-0005,"Vùng ""Trans-Pecos"" còn có tên gọi khác là gì?",Viễn Tây Texas,"Vùng ""Viễn Tây Texas",True,False,0,0.8571428571428571,1.0,-1.037302017211914,9.392976760864258,1.037302017211914,SPAN_TOO_LONG
0019-0008-0001,Nhờ vào điều gì mà tại bang Texas lại có sự biến đổi khí hậu ở mức cao?,có diện tích rộng lớn và có vị trí nằm tại nơi giao nhau của nhiều vùng khí hậu,,True,True,0,0.0,1.0,2.627758502960205,5.94995641708374,-2.627758502960205,ANSWERABLE_PREDICTED_EMPTY
0019-0008-0002,Tại khu vực nào của bang Texas có mùa đông ôn hòa?,vùng Ven biển vịnh México,vùng Ven biển vịnh México,True,False,1,1.0,1.0,-2.9797611236572266,9.629758834838867,2.9797611236572266,CORRECT
0019-0008-0003,Lượng mưa trung bình tại cực tây của Texas là bao nhiêu mm?,220 mm,"Cực tây của tiểu bang là El Paso có lượng mưa trung bình năm là 8,7 inch (220 mm), trong khi các khu vực ở Đông Nam Texas có lượng mưa trung bình năm là 64 inch (1.600 mm)",True,False,0,0.09302325581395349,1.0,0.5790157318115234,7.7417707443237305,-0.5790157318115234,SPAN_TOO_LONG
0019-0008-0004,64 inch là lượng mưa trung bình của khu vực nào tại bang Texas?,khu vực ở Đông Nam Texas,các khu vực ở Đông Nam Texas,True,False,0,0.923076923076923,1.0,-2.0466575622558594,8.75595474243164,2.0466575622558594,SPAN_TOO_LONG
0019-0008-0005,Bang Texas có cực tây là tại nơi nào?,El Paso,Cực tây của tiểu bang là El Paso,True,False,0,0.4,1.0,1.1829643249511719,7.352154731750488,-1.1829643249511719,SPAN_TOO_LONG
0019-0009-0001,Ai là người đã làm ra văn bản lịch sử đầu tiên có liên quan đến Texas?,Alonso Álvarez de Pineda,bản đồ Duyên hải Vịnh México,True,False,0,0.0,1.0,-0.4451904296875,8.680099487304688,0.4451904296875,WRONG_SPAN
0019-0009-0002,Texas lần đầu được đề cập đến trong văn bản lịch sử nào?,bản đồ Duyên hải Vịnh México,Texas là một bản đồ Duyên hải Vịnh México,True,False,0,0.8,1.0,0.8036203384399414,7.631221771240234,-0.8036203384399414,SPAN_TOO_LONG
0019-0009-0003,Nguyên nhân khiến cho một nửa thổ dân chết khi người Tây Ban Nha đổ bộ lên khu vực Texas vào năm 1528 là gì?,một lọai bệnh đường ruột,một lọai bệnh đường ruột,True,False,1,1.0,1.0,-3.7632546424865723,10.721284866333008,3.7632546424865723,CORRECT
0019-0009-0004,Vào năm 1528 thì ai là những người đầu tiên đặt chân lên Texas?,người Tây Ban Nha,"""một nửa số thổ dân chết vì một lọai bệnh đường ruột",True,False,0,0.0,1.0,-0.0536651611328125,8.329300880432129,0.0536651611328125,WRONG_SPAN
0019-0009-0005,Vào năm nào thì tác phẩm văn bản lịch sử đầu tiên đề cập đến Texas được ra đời?,năm 1519,một bản đồ Duyên hải Vịnh México,True,False,0,0.0,1.0,0.4591188430786133,8.004705429077148,-0.4591188430786133,WRONG_SPAN
0019-0010-0001,Ai là người đã mô tả cuộc chạm trán của ông với người Querechos và Teyas vào năm 1541?,Francisco Vasquez de Coronado,Hai lọai người đi quanh các bình nguyên này cùng những con bò,True,False,0,0.0,1.0,-2.4598684310913086,9.962105751037598,2.4598684310913086,WRONG_SPAN
0019-0010-0002,Những lọai người đi quanh bình nguyên cùng những con bò mà được Francisco Vasquez de Coronado miêu tả là những lọai người nào?,một được gọi là Querechos và dân tộc kia là Teyas,một được gọi là Querechos và dân tộc kia là Teyas,True,False,1,1.0,1.0,-2.892364501953125,10.288949966430664,2.892364501953125,CORRECT
0019-0010-0003,Theo như Francisco Vasquez de Coronado thì những lọai người đi quanh bình nguyên họ mặc gì trên người?,da,Hai lọai người đi quanh các bình nguyên này cùng những con bò,True,False,0,0.0,1.0,0.5148124694824219,8.102474212646484,-0.5148124694824219,WRONG_SPAN
0019-0010-0004,Thức ăn của những người Querechos và Teyas được Francisco Vasquez de Coronado ghi chép lại là gì?,"họ ăn thịt, thậm chí đôi khi là ăn sống, họ thậm chí cũng uống máu khi khát",Hai lọai người đi quanh các bình nguyên này cùng những con bò,True,False,0,0.0,1.0,-0.897979736328125,9.0199556350708,0.897979736328125,WRONG_SPAN
0019-0010-0005,Thân hình của những người mà Francisco Vasquez de Coronado đã đối đầu năm 1541 được ông miêu tả như thế nào?,rất cường tráng,Hai lọai người đi quanh các bình nguyên này cùng những con bò,True,False,0,0.0,1.0,-1.044112205505371,9.232613563537598,1.044112205505371,WRONG_SPAN
0019-0011-0001,Lý do mà một số đòan truyền giáo được ra đời tại Đông Texas vào năm 1690 là gì?,nhà cầm quyền Tây Ban Nha lo ngại rằng Pháp tạo ra mối đe dọa cạnh tranh,,True,True,0,0.0,1.0,2.306878089904785,6.125334739685059,-2.306878089904785,ANSWERABLE_PREDICTED_EMPTY
0019-0011-0002,Điều gì đã khiến cho các nhà truyền giáo Tây Ban Nha đã phải đến México?,người da đỏ kháng cự,,True,True,0,0.0,1.0,4.000255584716797,4.652159690856934,-4.000255584716797,ANSWERABLE_PREDICTED_EMPTY
0019-0011-0003,Trước động thái nào của người Pháp mà các đòan truyền giáo mới được ra đời tại Đông Texas?,bắt đầu định cư tại Louisiana,"chính quyền Tây Ban Nha vào năm 1716 phản ứng bằng cách hình thành một lọat các đòan truyền giáo mới ở Đông Texas. Hai năm sau đó, họ thành lập San Antonio",True,False,0,0.0,1.0,-0.5563788414001465,7.967033386230469,0.5563788414001465,WRONG_SPAN
0019-0011-0004,"Sau sự kiện các đòan truyền giáo được hình thành, vào năm 1718, người Tây Ban Nha đã làm gì?","thành lập San Antonio, khu định cư dân sự đầu tiên của người Tây Ban Nha tại khu vực",chính quyền Tây Ban Nha vào năm 1716 phản ứng bằng cách hình thành một lọat các đòan truyền giáo mới ở Đông Texas,True,False,0,0.186046511627907,1.0,0.44687938690185547,7.710095405578613,-0.44687938690185547,SPAN_TOO_LONG
0019-0011-0005,Vào năm nào thì các đòan truyền giáo một lần nữa được người Tây Ban Nha thành lập?,năm 1716,,True,True,0,0.0,1.0,3.9899659156799316,4.5179314613342285,-3.9899659156799316,ANSWERABLE_PREDICTED_EMPTY
0019-0012-0001,Vì sao mà người Tây Ban Nha lại không còn ý chí quyết tâm chuyển đến khu vực Texas?,Do các bộ lạc da đỏ có thái độ thù địch và khỏang cách xa từ các thuộc địa lân cận của Tây Ban Nha,,True,True,0,0.0,1.0,3.950772762298584,4.884548664093018,-3.950772762298584,ANSWERABLE_PREDICTED_EMPTY
0019-0012-0002,Những bộ lạc nào tức giận trước Hiệp ước hòa bình giữa Tây Ban Nha với người Lipan Apache?,"Comanche, Tonkawa, và Hasinai","Comanche, Tonkawa, và Hasinai",True,False,1,1.0,1.0,-3.9921140670776367,10.852951049804688,3.9921140670776367,CORRECT
0019-0012-0003,"Vào năm 1785, các bộ lạc nào đã bị đánh bại bởi Tây Ban Nha với sự trợ giúp từ người Comanche?",Lipan Apache và Karankawa,các bộ lạc Lipan Apache và Karankawa,True,False,0,0.7272727272727273,1.0,-3.7440223693847656,10.17363166809082,3.7440223693847656,SPAN_TOO_LONG
0019-0012-0004,"Năm 1749, người Tây Ban Nha đã ký hiệp ước Hòa Bình với bộ lạc nào?",Lipan Apache,"người Lipan Apache khiến nhiều bộ lạc tức giận, bao gồm Comanche, Tonkawa, và Hasinai",True,False,0,0.23529411764705882,1.0,-6.064581394195557,10.09653091430664,6.064581394195557,SPAN_TOO_LONG
0019-0013-0001,Điều gì đã được khẳng định bởi nhà cầm quyền Hoa Kỳ khi Hoa Kỳ mua Louisiana của Pháp năm 1803?,thỏa thuận cũng bao gồm cả Texas,nhà cầm quyền Hoa Kỳ khẳng định rằng thỏa thuận cũng bao gồm cả Texas,True,False,0,0.6363636363636364,1.0,-2.0388317108154297,9.9068603515625,2.0388317108154297,SPAN_TOO_LONG
0019-0013-0002,"Năm 1819, biên giới giữa Hoa Kỳ và Tây Ban Nha được xác định ở đâu?",sông Sabine,Biên giới giữa Tân Tây Ban Nha và Hoa Kỳ cuối cùng được xác định tại sông Sabine,True,False,0,0.19999999999999998,1.0,-3.880549430847168,9.574978828430176,3.880549430847168,SPAN_TOO_LONG
0019-0013-0003,Texas trở thành lãnh thổ của nước nào sau khi chiến tranh giành độc lập México kết thúc?,México,lãnh thổ Texas trở thành một phần của México,True,False,0,0.19999999999999998,1.0,-2.4523677825927734,9.542747497558594,2.4523677825927734,SPAN_TOO_LONG
0019-0013-0004,Texas khi thuộc về México đã được sắp xếp thuộc vào các tiểu bang nào?,Coahuila và Tejas,,True,True,0,0.0,1.0,4.686378479003906,3.9188156127929688,-4.686378479003906,ANSWERABLE_PREDICTED_EMPTY
0019-0013-0005,Vào năm nào thì cuộc chiến giành độc lập tại México kết thúc?,Năm 1821,"Năm 1821, Chiến tranh giành độc lập México kết thúc, lãnh thổ Texas trở thành một phần của México",True,False,0,0.1904761904761905,1.0,-0.7724523544311523,8.39509391784668,0.7724523544311523,SPAN_TOO_LONG
0019-0014-0001,Sự cai trị của México gặp sự chống đối đầu tiên bởi cuộc nổi lọan Anahuac xảy ra năm nào?,năm 1832,"1832 là cuộc nổi dậy công khai đầu tiên chống lại sự cai trị của México, trùng hợp với một cuộc nổi dậy chống tổng thống ở México",True,False,0,0.06666666666666667,1.0,0.03871297836303711,7.744121074676514,-0.03871297836303711,SPAN_TOO_LONG
0019-0014-0002,Trước cuộc chiến chống lại sự cai trị của México thì Texas đã đứng về phe nào?,Liên bang chủ nghĩa,Liên bang chủ nghĩa,True,False,1,1.0,1.0,-2.355344772338867,8.655805587768555,2.355344772338867,CORRECT
0019-0014-0003,"Vào năm 1832, người Texas đã làm gì khi chống đối lại chính phủ tại México?",đuổi tòan bộ binh sĩ México ra khỏi Đông Texas,,True,True,0,0.0,1.0,2.5597987174987793,5.94596529006958,-2.5597987174987793,ANSWERABLE_PREDICTED_EMPTY
0019-0014-0004,Mục đích mà Hội nghị năm 1832 được người Texas tiến hành là gì?,"thảo luận về yêu cầu được trở thành một tiểu bang riêng, cùng các vấn đề khác",Người Texas tập hợp tại Hội nghị năm 1832 để thảo luận về yêu cầu được trở thành một tiểu bang riêng,True,False,0,0.6153846153846153,1.0,0.32706642150878906,8.023252487182617,-0.32706642150878906,SPAN_TOO_LONG
0019-0014-0005,Vào năm nào thì Hội nghị của người Texas lại được tổ chức và lặp lại đòi hỏi của nó?,năm 1833,Hội nghị năm 1833,True,False,0,0.6666666666666666,1.0,-0.5430107116699219,8.279016494750977,0.5430107116699219,SPAN_TOO_LONG
0019-0015-0001,Sự đối đầu căng thẳng xảy ra giữa các thế lực nào trong México?,phe liên bang chủ nghĩa và phe trung ương tập quyền chủ nghĩa,,True,True,0,0.0,1.0,1.8116536140441895,6.795591831207275,-1.8116536140441895,ANSWERABLE_PREDICTED_EMPTY
0019-0015-0002,Tổ chức nào vào năm 1835 đã được ra đời bởi người Texas?,Ủy ban Tương ứng và An tòan,Ủy ban Tương ứng và An tòan,True,False,1,1.0,1.0,-1.0400981903076172,9.176965713500977,1.0400981903076172,CORRECT
0019-0015-0003,Cuối năm 1835 trận đánh nào ở Texas đã phát triển thành xung đột vũ trang?,trận Gonzales,tại trận Gonzales,True,False,0,0.8,1.0,0.2030162811279297,7.825599670410156,-0.2030162811279297,SPAN_TOO_LONG
0019-0015-0004,Sau bao lâu cuộc Cách mạng Texas được bùng phát thì các đội quân México đã bị người Texas đuổi ra khỏi khu vực?,hai tháng,,True,True,0,0.0,1.0,3.457186222076416,5.159986972808838,-3.457186222076416,ANSWERABLE_PREDICTED_EMPTY
0019-0015-0005,Tình hình tại Texas như thế nào trong vòng hai tháng đầu của năm 1836?,Texas lâm vào tình trạng không có sự quản lý tòan bộ,Texas lâm vào tình trạng không có sự quản lý tòan bộ,True,False,1,1.0,1.0,-0.9624471664428711,9.019908905029297,0.9624471664428711,CORRECT
0019-0016-0001,Ai là tổng thống của México?,Antonio Lopez de Santa Anna,,True,True,0,0.0,1.0,6.215805530548096,2.4032912254333496,-6.215805530548096,ANSWERABLE_PREDICTED_EMPTY
0019-0016-0002,Đỉnh cao của cuộc đánh bại lại sự chống cự của người Texas là trận nào?,cuộc tàn sát Goliad,cuộc tàn sát Goliad,True,False,1,1.0,1.0,1.0609102249145508,7.156760215759277,-1.0609102249145508,CORRECT
0019-0016-0003,Trong trận nào thì quân Texas đã mất lợi thế hòan tòan trước quân của Santa Anna?,trận Alamo,trận Alamo,True,False,1,1.0,1.0,1.5842013359069824,6.880582332611084,-1.5842013359069824,CORRECT
0019-0016-0004,Hậu quả nào xảy ra sau các thất bại của quân Texas?,Tin tức về các thất bại gây ra tâm trạng hoang mang trong những người định cư tại Texas,,True,True,0,0.0,1.0,4.422453880310059,4.255699157714844,-4.422453880310059,ANSWERABLE_PREDICTED_EMPTY
0019-0016-0005,Sau thời gian bao nhiêu thì quân của Jose de Urrea đã giành được lợi thế trước quân Texas?,13 ngày,,True,True,0,0.0,1.0,2.7688441276550293,5.716263294219971,-2.7688441276550293,ANSWERABLE_PREDICTED_EMPTY
0019-0017-0001,Cộng hòa Texas đã được thành lập trước Tuyên ngôn độc lập được ký vào ngày nào?,ngày 2 tháng 3,Các đại biểu người Texas mới được bầu cho Hội nghị 1836 nhanh chóng ký kết một bản Tuyên ngôn độc lập vào ngày 2 tháng 3,True,False,0,0.25806451612903225,1.0,1.3054075241088867,6.546369552612305,-1.3054075241088867,SPAN_TOO_LONG
0019-0017-0002,Bản Tuyên ngôn độc lập của Cộng hòa Texas đã được ký trong hội nghị nào?,Hội nghị 1836,Hội nghị 1836,True,False,1,1.0,1.0,-1.068737506866455,8.591177940368652,1.068737506866455,CORRECT
0019-0017-0003,Những người nào đã được sự liên hiệp bởi chính phủ Texas?,những người định cư khác tại Texas trong Runaway Scrape,,True,True,0,0.0,1.0,4.172994613647461,4.402948379516602,-4.172994613647461,ANSWERABLE_PREDICTED_EMPTY
0019-0017-0004,Quân của Santa Anna đã thua trận trước quân của ai?,Sam Houston,,True,True,0,0.0,1.0,4.572452545166016,4.1709136962890625,-4.572452545166016,ANSWERABLE_PREDICTED_EMPTY
0019-0017-0005,Hiệp ước nào mà Santa Anna đã bị ép ký khi ông bị bắt tại trận San Jacinto?,Hiệp ước Velasco,,True,True,0,0.0,1.0,2.559420585632324,5.96002197265625,-2.559420585632324,ANSWERABLE_PREDICTED_EMPTY
0019-0018-0001,Tại Texas thì ai là lãnh đạo của phe dân tộc chủ nghĩa?,Mirabeau B. Lamar,Phe dân tộc chủ nghĩa do Mirabeau B. Lamar,True,False,0,0.5,1.0,-0.20193099975585938,8.407524108886719,0.20193099975585938,SPAN_TOO_LONG
0019-0018-0002,Texas tiếp tục mở rộng lãnh thổ về hướng nào?,phía Thái Bình Dương,,True,True,0,0.0,1.0,2.7543935775756836,5.9421186447143555,-2.7543935775756836,ANSWERABLE_PREDICTED_EMPTY
0019-0018-0003,Thế lực đối đầu với phe dân tộc chủ nghĩa do ai làm lãnh đạo?,Sam Houston,Phe dân tộc chủ nghĩa,True,False,0,0.0,1.0,0.9895792007446289,7.458982467651367,-0.9895792007446289,WRONG_SPAN
0019-0018-0004,Thế lực đối đầu với dân tộc chủ nghĩa có chủ trương như thế nào?,sáp nhập Texas và Hợp chúng quốc Hoa Kỳ và cùng tồn tại hòa bình với người da đỏ,,True,True,0,0.0,1.0,2.1234397888183594,6.442440986633301,-2.1234397888183594,ANSWERABLE_PREDICTED_EMPTY
0019-0018-0005,Giữa hai phe đối đầu tại Texas thì tình tiết đặc trưng là cuộc chiến nào?,Chiến tranh Lưu trữ Texas,Chiến tranh Lưu trữ Texas,True,False,1,1.0,1.0,-1.9548659324645996,8.912266731262207,1.9548659324645996,CORRECT
0019-0019-0001,Nước Cộng hòa đã bắt đầu làm gì kể từ năm 1837?,tiến hành một số nỗ lực nhằm thượng lượng về việc sáp nhập vào Hợp chúng quốc Hoa Kỳ,nước Cộng hòa đã tiến hành một số nỗ lực nhằm thượng lượng về việc sáp nhập vào Hợp chúng quốc Hoa Kỳ,True,False,0,0.9047619047619047,1.0,1.5292129516601562,6.841943740844727,-1.5292129516601562,SPAN_TOO_LONG
0019-0019-0002,Những lý do dẫn đến việc chậm chạp trong việc sát nhập Texas vào Liên Bang là gì?,"Sự phản đối bên trong nước cộng hòa đến từ phe dân tộc chủ nghĩa, cùng với phe phản đối phế nô mạnh mẽ tại Hoa Kỳ",Texas gia nhập vào Hợp chúng quốc Hoa Kỳ với địa vị là một tiểu bang cấu thành của Liên bang,True,False,0,0.125,1.0,1.2765278816223145,7.147188663482666,-1.2765278816223145,SPAN_TOO_SHORT
0019-0019-0003,"Vào năm 1844, Texas đã được sát nhập vào Hoa Kỳ khi sự kiện nào diễn ra?",nhân vật bành trướng chủ nghĩa James K. Polk giành chiến thắng trong cuộc bầu cử Tổng thống Hoa Kỳ,Texas cuối cùng được sáp nhập vào Hoa Kỳ khi nhân vật bành trướng chủ nghĩa James K. Polk giành chiến thắng trong cuộc bầu cử Tổng thống Hoa Kỳ năm 1844,True,False,0,0.7692307692307693,1.0,-2.1457557678222656,8.973045349121094,2.1457557678222656,SPAN_TOO_LONG
0019-0019-0004,Texas được Hoa Kỳ phê duyệt cho sự gia nhập vào ngày tháng năm nào?,ngày 29 tháng 12 năm 1845,Texas gia nhập vào Hợp chúng quốc Hoa Kỳ,True,False,0,0.0,1.0,-0.1781940460205078,7.816539287567139,0.1781940460205078,WRONG_SPAN
0019-0019-0005,Texas được gia nhập vào Liên Bang với địa vị là gì?,một tiểu bang cấu thành của Liên bang,Texas gia nhập vào Hợp chúng quốc Hoa Kỳ với địa vị là một tiểu bang cấu thành của Liên bang,True,False,0,0.5517241379310345,1.0,-3.1843786239624023,9.2183256149292,3.1843786239624023,SPAN_TOO_LONG
0019-0020-0001,México đã làm gì với Hoa Kỳ khi Texas trở thành một phần của Hoa Kỳ?,đọan tuyệt quan hệ ngọai giao với Hoa Kỳ,,True,True,0,0.0,1.0,5.214405536651611,3.5497336387634277,-5.214405536651611,ANSWERABLE_PREDICTED_EMPTY
0019-0020-0002,Biên giới của Texas theo México là nơi nào?,sông Nueces,,True,True,0,0.0,1.0,4.018183708190918,4.714173316955566,-4.018183708190918,ANSWERABLE_PREDICTED_EMPTY
0019-0020-0003,Vì sao mà Hoa Kỳ có thể thực hiện được điều mà Texas tuyên bố về biên giới lãnh thổ?,Hoa Kỳ có sức mạnh quân sự và ý chí chính trị,Hoa Kỳ có sức mạnh quân sự và ý chí chính trị,True,False,1,1.0,1.0,1.5275754928588867,7.134332656860352,-1.5275754928588867,CORRECT
0019-0020-0004,"Vào ngày 13 tháng 1 năm 1846, Tướng Zachary Taylor đã nhận được lệnh gì từ tổng thống Polk?",tiến về phía nam đến Rio Grande,Tướng Zachary Taylor tiến về phía nam đến Rio Grande,True,False,0,0.8235294117647058,1.0,-3.3693947792053223,9.838869094848633,3.3693947792053223,SPAN_TOO_LONG
0019-0020-0005,Nơi diễn ra các trận đánh đầu tiên của Chiến tranh Hoa Kỳ-México là ở đâu?,Texas,"bao vây Fort Texas, trận Palo Alto và trận Resaca de la Palma",True,False,0,0.14285714285714288,1.0,-2.7674560546875,10.608518600463867,2.7674560546875,SPAN_TOO_LONG
0019-0021-0001,Sau sự kiện nào thì tình hình chiến tranh lại diễn ra tại Texas vào năm 1860?,cuộc bầu cử tổng thống,,True,True,0,0.0,1.0,3.0301761627197266,5.498781204223633,-3.0301761627197266,ANSWERABLE_PREDICTED_EMPTY
0019-0021-0002,Có bao nhiêu tiểu bang tại vùng Hạ Nam đã làm theo Nam Carolina sau khi Abraham Lincoln đắc cử?,Năm tiểu bang,Năm tiểu bang khác ở vùng Hạ Nam cũng nhanh chóng làm theo Nam Carolina,True,False,0,0.33333333333333337,1.0,-1.673069953918457,9.235179901123047,1.673069953918457,SPAN_TOO_LONG
0019-0021-0003,Hội nghị đã có quyết định gì từ kết quả bỏ phiếu ngày 1 tháng 2?,thông qua một Sắc lệnh Ly khai khỏi Hợp chúng quốc Hoa Kỳ,Hội nghị thông qua một Sắc lệnh Ly khai khỏi Hợp chúng quốc Hoa Kỳ,True,False,0,0.9285714285714286,1.0,-0.1560521125793457,8.093017578125,0.1560521125793457,SPAN_TOO_LONG
0019-0021-0004,Tổ chức nào mà Texas đã gia nhập sau khi ly khai khỏi Hợp chúng quốc Hoa Kỳ?,Liên minh miền Nam Hoa Kỳ,Texas gia nhập vào Liên minh miền Nam Hoa Kỳ,True,False,0,0.7499999999999999,1.0,1.7199058532714844,6.564861297607422,-1.7199058532714844,SPAN_TOO_LONG
0019-0021-0005,Sắc lệnh ly khai khỏi hợp chúng quốc Hoa Kỳ được cử tri Texas chấp thuận khi nào?,ngày 23 tháng 2 năm 1861,Các cử tri Texas chấp thuận Sắc lệnh này,True,False,0,0.0,1.0,0.6944398880004883,7.256856918334961,-0.6944398880004883,WRONG_SPAN
0019-0022-0001,Texas đã có vai trò gì trong Nội chiến Hoa Kỳ?,đóng góp một lượng lớn binh lính và khí tài cho phần còn lại của Liên minh quốc,,True,True,0,0.0,1.0,2.797222137451172,5.652951240539551,-2.797222137451172,ANSWERABLE_PREDICTED_EMPTY
0019-0022-0002,Nơi nào của Texas đã từng rơi vào tay quân Liên bang trong thời gian ngắn?,cảng chính của tiểu bang là Galveston,Quân đội Liên bang từng chiếm được cảng chính của tiểu bang là Galveston,True,False,0,0.6666666666666666,1.0,-0.09973335266113281,8.421035766601562,0.09973335266113281,SPAN_TOO_LONG
0019-0022-0003,Khi sự kiện nào diễn ra thì vai trò là một bang tiếp tế của Texas đã kết thúc?,Liên bang chiếm được sông Mississippi,Texas trong việc là một tiểu bang tiếp tế chấm dứt vào giữa năm 1863 sau khi Liên bang chiếm được sông Mississippi,True,False,0,0.41379310344827586,1.0,-0.4076099395751953,8.263677597045898,0.4076099395751953,SPAN_TOO_LONG
0019-0022-0004,Nơi nào đã diễn ra cuộc chiến cuối cùng trong cuộc Nội chiến Hoa Kỳ?,Palmito Ranch ở gần Brownsville,,True,True,0,0.0,1.0,2.8855676651000977,5.571932792663574,-2.8855676651000977,ANSWERABLE_PREDICTED_EMPTY
0019-0023-0001,Nền kinh tế của bang Texas đã bị đánh một đòn mạnh thông qua sự kiện nào?,Đại khủng hỏang và Dust Bowl,Đại khủng hỏang và Dust Bowl,True,False,1,1.0,1.0,-2.1142654418945312,10.626899719238281,2.1142654418945312,CORRECT
0019-0023-0002,"Trong những năm Dust Bowl, những người di cư đã bị bỏ rơi ở đâu?",những khu vực tồi tệ nhất của Texas,những khu vực tồi tệ nhất của Texas,True,False,1,1.0,1.0,-1.0668668746948242,8.423452377319336,1.0668668746948242,CORRECT
0019-0023-0003,Từ thời kỳ Dust Bowl trở đi thì những người da đen di cư đến những nơi nào?,miền Bắc Hoa Kỳ hay California,những người da đen rời khỏi Texas trong cuộc Đại di cư để đến làm việc tại miền Bắc Hoa Kỳ hay California và để thóat khỏi áp bức phân biệt chủng tộc,True,False,0,0.3076923076923077,1.0,-1.255697250366211,9.352718353271484,1.255697250366211,SPAN_TOO_LONG
0019-0023-0004,Người Anglo có đặc điểm nhận diện là gì?,người da trắng không nói tiếng Tây Ban Nha,người da trắng không nói tiếng Tây Ban Nha,True,False,1,1.0,1.0,0.6993527412414551,7.607324123382568,-0.6993527412414551,CORRECT
0019-0023-0005,Tỷ lệ người Anglo vào năm 1940 tại Texas là bao nhiêu?,74%,"người da trắng không nói tiếng Tây Ban Nha), 14,4 cư dân là người da đen, và 11,5 cư dân là người nói tiếng Tây Ban Nha",True,False,0,0.0,1.0,-0.7086787223815918,7.992459774017334,0.7086787223815918,WRONG_SPAN
0019-0024-0001,Một lượng tiền lớn đã được Liên bang sử dụng để làm gì trong Thế chiến thứ hai?,"xây dựng các căn cứ quân sự, các nhà máy vũ khí, các trại giam giữ tù binh chiến tranh và viện quân y","liên bang đổ tiền vào việc xây dựng các căn cứ quân sự, các nhà máy vũ khí, các trại giam giữ tù binh chiến tranh và viện quân y",True,False,0,0.888888888888889,1.0,0.6657657623291016,7.8393402099609375,-0.6657657623291016,SPAN_TOO_LONG
0019-0024-0002,Có bao nhiêu thanh niên đã ở lại phục vụ tại Texas trong Chiến tranh thế giới thứ hai?,750.000 thanh niên,750.000 thanh niên ở lại phục vụ,True,False,0,0.6666666666666666,1.0,0.2710232734680176,7.3854498863220215,-0.2710232734680176,SPAN_TOO_LONG
0019-0024-0003,Vì sao những nông dân Texas bỏ làm nông nghiệp mà làm cho các công việc phục vụ chiến tranh?,mức lương cao hơn,,True,True,0,0.0,1.0,2.3423709869384766,6.117560386657715,-2.3423709869384766,ANSWERABLE_PREDICTED_EMPTY
0019-0024-0004,Trong danh sách các bang đã xản suất nhiều quân giới nhất cho Hoa Kỳ trong Chiến tranh thế giới thứ hai thì Texas đã ở vị trí thứ mấy?,thứ 11,Texas,True,False,0,0.0,1.0,-0.08252954483032227,8.055049896240234,0.08252954483032227,WRONG_SPAN
0019-0024-0005,Tỷ lệ quân giới của Hoa Kỳ được chế tạo tại Texas là bao nhiêu?,"3,1 phần trăm","Texas chế tạo ra 3,1 phần trăm tổng số quân giới",True,False,0,0.5,1.0,-3.702667236328125,8.715676307678223,3.702667236328125,SPAN_TOO_LONG
0019-0025-0001,"Tại Texas, tất cả những việc làm của các quan chức phải chịu trách nhiệm trước ai?",công chúng,Thư ký Chính quyền,True,False,0,0.0,1.0,1.7979860305786133,6.89846134185791,-1.7979860305786133,WRONG_SPAN
0019-0025-0002,Khi thống đốc Texas là George W. Bush thì lúc này tại Texas ai là Phó thống đốc Dân chủ?,Bob Bullock,Bob Bullock,True,False,1,1.0,1.0,-2.5255279541015625,9.70936393737793,2.5255279541015625,CORRECT
0019-0025-0003,Land Commissioner là chức vụ gì trong chính quyền Texas?,Bộ trưởng đất đai,"Bộ trưởng tài chính công (Comptroller of Public Accounts), Bộ trưởng đất đai",True,False,0,0.47058823529411764,1.0,-2.3952722549438477,9.676349639892578,2.3952722549438477,SPAN_TOO_LONG
0019-0025-0004,Số lượng thành viên của Ủy ban Đường sắt Texas là bao nhiêu?,ba thành viên,Bộ trưởng Giáo dục,True,False,0,0.0,1.0,-2.705376625061035,9.010004043579102,2.705376625061035,WRONG_SPAN
0019-0025-0005,Do điều gì mà Thống đốc tại Texas lại bị giới hạn về quyền lực?,Texas có một hệ thống gồm nhiều nhánh hành pháp,,True,True,0,0.0,1.0,2.0892248153686523,6.5052995681762695,-2.0892248153686523,ANSWERABLE_PREDICTED_EMPTY
0019-0026-0001,Cơ quan gì của Texas được xếp vào hàng các cơ quan phức tạp nhất tại Hoa Kỳ?,Cơ quan tư pháp,Cơ quan tư pháp của Texas,True,False,0,0.8,1.0,-0.6283483505249023,8.746131896972656,0.6283483505249023,SPAN_TOO_LONG
0019-0026-0002,Số lượng tòa án thượng phẩm tại Texas là bao nhiêu?,hai tòa án,,True,True,0,0.0,1.0,1.941183090209961,6.596749305725098,-1.941183090209961,ANSWERABLE_PREDICTED_EMPTY
0019-0026-0003,Những tòa án thượng thẩm tại Texas là các tòa án nào?,"Tòa Thượng thẩm Texas với các trường hợp dân sự, và Tòa Chống án Tội phạm Texas","Tòa Thượng thẩm Texas với các trường hợp dân sự, và Tòa Chống án Tội phạm Texas",True,False,1,1.0,1.0,-4.402876853942871,11.10689926147461,4.402876853942871,CORRECT
0019-0026-0004,Kể từ thời điểm nào thì Texas đứng đầu Hoa Kỳ về số vụ hành quyết?,khi hình phạt này được phục hồi trong vụ án Gregg v. Georgia,Texas áp dụng hình phạt tử hình; dẫn đầu tại Hoa Kỳ về số vụ hành quyết kể từ khi hình phạt này được phục hồi trong vụ án Gregg v. Georgia,True,False,0,0.5777777777777777,1.0,-2.8918228149414062,9.710983276367188,2.8918228149414062,SPAN_TOO_LONG
0019-0026-0005,Đối với các vị trí còn trống trong hội đồng Texas sẽ do ai đề cử vào các vị trí đó?,Thống đốc,Thống đốc bổ nhiệm người vào những vị trí còn trống. Texas áp dụng hình phạt tử hình,True,False,0,0.19999999999999998,1.0,1.5388684272766113,7.067349910736084,-1.5388684272766113,SPAN_TOO_LONG
0019-0027-0001,Trên tòan bang Texas thì lực lượng nào có thể thực thi luật pháp có thẩm quyền?,Sư đòan biệt động Texas (Texas Ranger Division),Sư đòan biệt động Texas,True,False,0,0.7692307692307693,1.0,-3.4585628509521484,10.113334655761719,3.4585628509521484,SPAN_TOO_SHORT
0019-0027-0002,Vai trò hành động của Sư đòan biệt động Texas là gì?,"cảnh sát chống bạo động và trinh thám, bảo vệ thống đốc, truy nã đối tượng phạm tội, và họat động như một lực lượng bán quân sự của nước cộng hòa và bang",,True,True,0,0.0,1.0,3.622185707092285,4.841601371765137,-3.622185707092285,ANSWERABLE_PREDICTED_EMPTY
0019-0027-0003,Vào năm nào thì Sư đòan biệt động Texas đã được thành lập chính thức?,năm 1835,,True,True,0,0.0,1.0,2.0120911598205566,5.914816379547119,-2.0120911598205566,ANSWERABLE_PREDICTED_EMPTY
0019-0027-0004,Những vụ án mà Biệt động Texas đã điều tra trong nhiều năm qua là gì?,"các vụ phạm tội khác nhau, từ giết người đến tham nhũng chính trị",,True,True,0,0.0,1.0,4.567026138305664,4.052116394042969,-4.567026138305664,ANSWERABLE_PREDICTED_EMPTY
0019-0027-0005,Ai là người đã khai sinh ra Sư đòan biệt động Texas?,Stephen F. Austin,,True,True,0,0.0,1.0,2.822652816772461,5.51142692565918,-2.822652816772461,ANSWERABLE_PREDICTED_EMPTY
0019-0028-0001,Tại Texas thì khuynh hướng chính trị nghiêng về hướng nào?,bảo thủ tài chính và xã hội,,True,True,0,0.0,1.0,4.759708881378174,4.113919734954834,-4.759708881378174,ANSWERABLE_PREDICTED_EMPTY
0019-0028-0002,Tỷ lệ số phiếu đã giúp cho George W. Bush chiến thắng tai Texas là bao nhiêu?,"60,1% số phiếu",,True,True,0,0.0,1.0,1.9950103759765625,6.707225799560547,-1.9950103759765625,ANSWERABLE_PREDICTED_EMPTY
0019-0028-0003,"Cuộc bầu cử tổng thống Hoa Kỳ năm 2008, ai là người đã dành chiến thắng tại Texas?",John McCain,John McCain,True,False,1,1.0,1.0,-2.761444091796875,9.36224365234375,2.761444091796875,CORRECT
0019-0028-0004,Những nơi nào tại Texas thường bỏ phiếu cho người Cộng Hòa?,các khu vực nông thôn và ngọai ô,"Các quân dọc theo Rio Grande gần biên giới với México thường bỏ phiếu cho những người Dân chủ, trong khi hầu hết các khu vực nông thôn và ngọai ô",True,False,0,0.41025641025641024,1.0,-1.4288530349731445,9.244858741760254,1.4288530349731445,SPAN_TOO_LONG
0019-0028-0005,Những nơi nào thường bỏ phiếu cho Đảng Dân Chủ trong các cuộc bỏ phiếu?,"Austin, Dallas, Houston, và San Antonio","Các quân dọc theo Rio Grande gần biên giới với México thường bỏ phiếu cho những người Dân chủ, trong khi hầu hết các khu vực nông thôn và ngọai ô",True,False,0,0.05405405405405405,1.0,0.6670761108398438,7.869436264038086,-0.6670761108398438,SPAN_TOO_LONG
0019-0029-0001,Hai người đại diện của bang Texas tại thượng viện Hoa Kỳ trong cuộc bầu cử năm 2010 là thuộc đảng nào?,Đảng Cộng hòa,Đảng Cộng hòa,True,False,1,1.0,1.0,-3.002124309539795,10.392139434814453,3.002124309539795,CORRECT
0019-0029-0002,Tại Texas thì Quốc hội Hoa Kỳ khóa 113 đã có bao nhiêu đơn vị bầu cử thuộc đảng Cộng Hòa?,24 đơn vị,24 đơn vị do Đảng Cộng hòa nắm giữ và 12 đơn vị do Đảng Dân chủ,True,False,0,0.3,1.0,-4.237790107727051,9.708768844604492,4.237790107727051,SPAN_TOO_LONG
0019-0029-0003,Kể từ khi nào thì chức vụ tòan bang đã không còn được người tại Texas bầu cử cho người Dân Chủ?,năm 1994,Từ năm 1994,True,False,0,0.8,1.0,-1.1848783493041992,8.889143943786621,1.1848783493041992,SPAN_TOO_LONG
0019-0029-0004,Lý do bắt nguồn nào đã làm cho bang Texas có sự tồn tại của Đảng Dân chủ?,"chủ yếu từ một số nhóm thiểu số ở Đông Texas và Nam Texas cũng như cử tri thành thị, đặc biệt là Beaumont, El Paso, Austin, San Antonio, Dallas, và Houston","một số nhóm thiểu số ở Đông Texas và Nam Texas cũng như cử tri thành thị, đặc biệt là Beaumont, El Paso, Austin, San Antonio, Dallas, và Houston",True,False,0,0.9508196721311475,1.0,1.7826814651489258,6.859807968139648,-1.7826814651489258,SPAN_TOO_SHORT
0019-0029-0005,Quốc hội Hoa Kỳ khóa 113 đã có bao nhiêu đơn vị bầu cử tại Texas?,36 đơn vị,24 đơn vị do Đảng Cộng hòa nắm giữ và 12 đơn vị do Đảng Dân chủ,True,False,0,0.2,1.0,-3.11484432220459,9.058198928833008,3.11484432220459,SPAN_TOO_LONG
0019-0030-0001,Tại Texas có những nhóm người dân tộc châu Âu lớn nào?,"Người Đức, người Ireland, và người Anh","Người Đức, người Ireland, và người Anh",True,False,1,1.0,1.0,-1.3181943893432617,9.505825996398926,1.3181943893432617,CORRECT
0019-0030-0002,Dân số của người Mỹ gốc Đức là bao nhiêu tại bang Texas?,"2,7 triệu người",Người Mỹ gốc Ireland,True,False,0,0.25,1.0,-0.14270877838134766,8.272796630859375,0.14270877838134766,PARTIAL_SPAN
0019-0030-0003,Tỷ lệ dân cư tại Texas là người Mỹ gốc Ý là bao nhiêu?,"2,0%",472.000 người Mỹ gốc Ý,True,False,0,0.0,1.0,-1.7668390274047852,9.035634994506836,1.7668390274047852,WRONG_SPAN
0019-0030-0004,Vào năm 1980 thì tại bang Texas đã có tỷ lệ nguời Anh sinh sống là bao nhiêu?,27%,người Anh,True,False,0,0.0,1.0,0.2987079620361328,8.092586517333984,-0.2987079620361328,WRONG_SPAN
0019-0030-0005,Dân số của người Mỹ gốc Pháp tại Texas là bao nhiêu?,khỏang 600.000 người,600.000 người Mỹ gốc Pháp và 472.000 người Mỹ gốc Ý,True,False,0,0.3529411764705882,1.0,-0.8246006965637207,8.617046356201172,0.8246006965637207,SPAN_TOO_LONG
0019-0031-0001,Nhóm người có số lượng lớn nhất tại Texas là nhóm người nào?,người gốc Âu không có nguồn gốc Mỹ Latinh và Iberia,Người gốc Mỹ Latinh hoặc Iberia,True,False,0,0.5882352941176471,1.0,-0.5865478515625,8.949270248413086,0.5865478515625,SPAN_TOO_SHORT
0019-0031-0002,Người gốc Mỹ Latinh hoặc Iberia tại Texas chiếm tỷ lệ bao nhiêu trong dân số Texas?,36%,Người gốc Mỹ Latinh hoặc Iberia là nhóm cư dân lớn thứ hai tại Texas sau người gốc Âu không có nguồn gốc Mỹ Latinh và Iberia,True,False,0,0.0,1.0,0.6721363067626953,7.377416610717773,-0.6721363067626953,WRONG_SPAN
0019-0031-0003,"Tại Texas, số lượng người Cuba sinh sống là bao nhiêu?",gần 38.000 người,,True,True,0,0.0,1.0,2.8746628761291504,5.442216396331787,-2.8746628761291504,ANSWERABLE_PREDICTED_EMPTY
0019-0031-0004,Người nước nào chiếm tỷ lệ thấp nhất trong dân cư Texas?,"Costa Rica, Venezuela, và Argentina",Người gốc Mỹ Latinh hoặc Iberia,True,False,0,0.0,1.0,1.6153006553649902,6.842814922332764,-1.6153006553649902,WRONG_SPAN
0019-0031-0005,Người có nguồn gốc México sinh sống tại Texas với số lượng bao nhiêu?,"7,3 triệu người","7,3 triệu người có nguồn gốc México",True,False,0,0.6666666666666666,1.0,-0.11979913711547852,7.8637614250183105,0.11979913711547852,SPAN_TOO_LONG
0019-0032-0001,Những thành phố nào tại Texas có dân số trên 1 triệu người?,"Houston, San Antonio, và Dallas","Dallas–Fort Worth–Arlington, Houston–Sugar Land–Baytown, San Antonio–New Braunfels, và Austin–Round Rock–San Marcos",True,False,0,0.4347826086956522,1.0,0.9132499694824219,7.6843366622924805,-0.9132499694824219,SPAN_TOO_LONG
0019-0032-0002,Tại Texas có bao nhiêu thành phố có dân số lớn hơn 600.000 người vào năm 2010?,sáu thành phố,"Austin, Fort Worth, và El Paso",True,False,0,0.0,1.0,-2.805675506591797,9.970626831054688,2.805675506591797,WRONG_SPAN
0019-0032-0003,Những thành phố tại Texas có dân số trên 600.000 người đều nằm trong danh sách gì của Hoa Kỳ?,20 thành phố lớn nhất Hoa Kỳ,"Austin, Fort Worth, và El Paso",True,False,0,0.0,1.0,-2.3447227478027344,10.073174476623535,2.3447227478027344,WRONG_SPAN
0019-0032-0004,Những vùng đô thị Texas có dân số trên 1 triệu người là những vùng nào?,"Dallas–Fort Worth–Arlington, Houston–Sugar Land–Baytown, San Antonio–New Braunfels, và Austin–Round Rock–San Marcos","Dallas–Fort Worth–Arlington, Houston–Sugar Land–Baytown, San Antonio–New Braunfels, và Austin–Round Rock–San Marcos",True,False,1,1.0,1.0,-2.114236354827881,10.00820541381836,2.114236354827881,CORRECT
0019-0032-0005,"Vùng đô thị nào tại Texas có 5,7 triệu dân?",Houston,"Dallas–Fort Worth–Arlington, Houston–Sugar Land–Baytown, San Antonio–New Braunfels, và Austin–Round Rock–San Marcos",True,False,0,0.10526315789473684,1.0,-2.8545494079589844,10.03323745727539,2.8545494079589844,SPAN_TOO_LONG
0019-0033-0001,Ở phía tây Texas có bao nhiêu xa lộ liên tiểu bang?,Ba xa lộ,I-35,True,False,0,0.0,1.0,1.2151141166687012,7.044693470001221,-1.2151141166687012,WRONG_SPAN
0019-0033-0002,Xa lộ tiểu bang I-10 đi từ nơi nào đến nơi nào?,San Antonio đến Houston,,True,True,0,0.0,1.0,2.6100807189941406,5.797399520874023,-2.6100807189941406,ANSWERABLE_PREDICTED_EMPTY
0019-0033-0003,"Diện tích của vùng ""Tam giác đô thị Texas"" là bao nhiêu dặm vuông Anh?",60.000 dặm vuông Anh,Vùng này có diện tích 60.000 dặm vuông Anh (160.000 km2),True,False,0,0.5555555555555556,1.0,-1.7027645111083984,8.179254531860352,1.7027645111083984,SPAN_TOO_LONG
0019-0033-0004,Tỷ lệ dân số tại vùng Tam giác đô thị Texas chiếm bao nhiêu phần của dân số tòan bang Texas?,gần 75%,17 triệu cư dân hay gần 75% dân số tòan bang,True,False,0,0.3076923076923077,1.0,-1.748032569885254,8.910371780395508,1.748032569885254,SPAN_TOO_LONG
0019-0033-0005,Tiểu bang nào có số lượng quận nhiều đứng sau Texas?,Georgia,"Texas có 254 quận, nhiều hơn bất kỳ tiểu bang nào khác trong nước, xếp sau là Georgia",True,False,0,0.10526315789473684,1.0,1.0636653900146484,7.0129547119140625,-1.0636653900146484,SPAN_TOO_LONG
0019-0034-0001,Khỏang thời gian nào thì văn hóa truyền thống được hình thành ở Texas?,các thế kỷ XVIII và XIX,,True,True,0,0.0,1.0,2.4534964561462402,6.06111478805542,-2.4534964561462402,ANSWERABLE_PREDICTED_EMPTY
0019-0034-0002,Văn hóa Texas đã trở thành như thế nào nhờ vào sự nhập cư?,một nồi nung chảy các văn hóa từ khắp thế giới,,True,True,0,0.0,1.0,3.189708709716797,5.520071029663086,-3.189708709716797,ANSWERABLE_PREDICTED_EMPTY
0019-0034-0003,Hình ảnh nào được gắn liền với bang Texas?,hình ảnh cao bồi thể hiện trong phim Viễn Tây và nhạc đồng quê miền tây,,True,True,0,0.0,1.0,2.652863025665283,5.970052242279053,-2.652863025665283,ANSWERABLE_PREDICTED_EMPTY
0019-0034-0004,Sự pha trộn từ những miền nào trong văn hóa Texas ở phương diện lịch sử?,"miền Nam, miền Tây, và miền Tây Nam","miền Nam, miền Tây, và miền Tây Nam",True,False,1,1.0,1.0,-2.2511401176452637,9.926738739013672,2.2511401176452637,CORRECT
0019-0035-0001,Houston nằm trong số năm thành phố như thế nào tại Hoa Kỳ?,có các công ty thường trực chuyên nghiệp về mọi lọai hình nghệ thuật biểu diễn chính,,True,True,0,0.0,1.0,2.1855831146240234,6.580321311950684,-2.1855831146240234,ANSWERABLE_PREDICTED_EMPTY
0019-0035-0002,Những địa điểm tổ chức nghệ thuật biểu diễn chính tại Texas là gì?,"Nhà hát Lớn Houston, Dàn nhạc giao hưởng Houston, đòan ba-lê Houston, và Sân khấu Alley",,True,True,0,0.0,1.0,2.7952499389648438,5.946008682250977,-2.7952499389648438,ANSWERABLE_PREDICTED_EMPTY
0019-0035-0003,Vị trí tọa lạc của Khu sân khấu Houston là ở đâu?,giữa khu trung tâm Houston,,True,True,0,0.0,1.0,1.9168782234191895,6.84951639175415,-1.9168782234191895,ANSWERABLE_PREDICTED_EMPTY
0019-0035-0004,Khu sân khấu Houston đứng ở vị trí thứ hai tòan quốc về điều gì?,số ghế sân khấu trong một khu vực trung tâm tập trung,"số ghế sân khấu trong một khu vực trung tâm tập trung, í.948 ghế cho biểu diễn trực tiếp và 1.480 ghế xem phim",True,False,0,0.631578947368421,1.0,-2.6825122833251953,9.812723159790039,2.6825122833251953,SPAN_TOO_LONG
0019-0035-0005,Số ghế xem phim ở Khu sân khấu Houston là bao nhiêu?,1.480 ghế,948 ghế cho biểu diễn trực tiếp và 1.480 ghế xem phim,True,False,0,0.375,1.0,-3.6586899757385254,9.851690292358398,3.6586899757385254,SPAN_TOO_LONG
0019-0036-0001,Mỗi học sinh tại Texas thì bang phải chi bao nhiêu tiền vào khỏang giữa năm 2006 và 2007?,$7.275,Texas chi $7.275 cho mỗi học sinh,True,False,0,0.4,1.0,-2.3659629821777344,9.495706558227539,2.3659629821777344,SPAN_TOO_LONG
0019-0036-0002,Tại Texas thì cứ bao nhiêu học sinh thì sẽ tương ứng với một giáo viên?,"14,9",,True,True,0,0.0,1.0,2.14078426361084,6.355556488037109,-2.14078426361084,ANSWERABLE_PREDICTED_EMPTY
0019-0036-0003,Các quyền nào mà các khu vực trường học ở Texas có?,quyền đánh thuế cư dân của họ và trưng thu các tài sản thuộc sở hữu cá nhân,Các khu vực trường học có quyền đánh thuế cư dân của họ và trưng thu các tài sản thuộc sở hữu cá nhân,True,False,0,0.8571428571428571,1.0,1.246870994567871,7.207493782043457,-1.246870994567871,SPAN_TOO_LONG
0019-0036-0004,Kế họach Robin Hood có nội dung là gì?,chuyển thuế tài sản từ các khu vực trường học thịnh vượng sang các khu vực trường học nghèo hơn,,True,True,0,0.0,1.0,2.0564699172973633,6.381967544555664,-2.0564699172973633,ANSWERABLE_PREDICTED_EMPTY
0019-0036-0005,Có bao nhiêu khu vực trường học tại bang Texas?,trên 1.000 khu vực,Texas có trên 1.000 khu vực trường học,True,False,0,0.7142857142857143,1.0,0.005861759185791016,7.940221309661865,-0.005861759185791016,SPAN_TOO_LONG
0019-0037-0001,"Năm 2010, Texas đừng vị trí thứ mấy tại Hoa Kỳ về tổng sản phẩm tiểu bang?",thứ nhì,"Texas có tổng sản phẩm tiểu bang là (GSP) là 1.207 tỷ đô la Mỹ, xếp hạng thứ nhì tại Hoa Kỳ",True,False,0,0.16,1.0,-1.1723833084106445,8.908553123474121,1.1723833084106445,SPAN_TOO_LONG
0019-0037-0002,GSP của Texas ngang bằng với các nước có nền kinh tế lớn thứ mấy trên thế giới?,thứ 11 và 12,GDP của Ấn Độ hay Canada,True,False,0,0.0,1.0,-0.8592605590820312,8.669400215148926,0.8592605590820312,WRONG_SPAN
0019-0037-0003,Trong 4 đơn vị hành chính cấp một quốc gia có nền kinh tế lớn nhất thế giới thì ngọai trừ Anh và Texas còn có các đơn vị nào khác?,"California, và Tokyo","Nền kinh tế Texas lớn thứ tư trong số các đơn vị hành chính cấp một quốc gia trên tòan cầu, sau Anh (một phần của Liên hiệp Vương quốc Anh), California, và Tokyo",True,False,0,0.1621621621621622,1.0,-2.162548542022705,10.011398315429688,2.162548542022705,SPAN_TOO_LONG
0019-0037-0004,Tỷ lệ thất nghiệp tại Texas vào tháng 10 năm 2013 là bao nhiêu?,"6,2%","6,2%",True,False,1,1.0,1.0,-2.3372182846069336,9.063230514526367,2.3372182846069336,CORRECT
0019-0037-0005,Vào năm nào thì cư dân Texas có thu nhập bình quân là 36.484 đô là Mỹ?,năm 2009,Thu nhập bình quân đầu người của Texas vào năm 2009,True,False,0,0.3076923076923077,1.0,-0.5337691307067871,8.4112548828125,0.5337691307067871,SPAN_TOO_LONG
0019-0038-0001,Đất nông nghiệp của tiểu bang nào là có diện tích lớn nhất Hoa Kỳ?,Texas,Texas,True,False,1,1.0,1.0,0.5579843521118164,7.5279388427734375,-0.5579843521118164,CORRECT
0019-0038-0002,Những sản lượng vật nuôi nào mà Texas đứng đầu cả nước?,cừu và dê,Texas dẫn đầu tòan quốc về sản lượng vật nuôi. Bò nhà,True,False,0,0.0,1.0,1.5466227531433105,6.875860691070557,-1.5466227531433105,WRONG_SPAN
0019-0038-0003,Texas đứng đầu Hoa Kỳ về điều gì trong lĩnh vực tài nguyên khóang sản?,"sản xuất xi măng, đá dăm, vôi, muối, cát và sỏi","Texas dẫn đầu về sản xuất xi măng, đá dăm, vôi, muối, cát và sỏi",True,False,0,0.846153846153846,1.0,-5.562921047210693,9.440240859985352,5.562921047210693,SPAN_TOO_LONG
0019-0038-0004,Sản xuất bông tại Texas đứng vị trí thứ mấy ở Hoa Kỳ?,dẫn đầu,Texas dẫn đầu tòan quốc về sản xuất bông,True,False,0,0.3636363636363636,1.0,-0.1026754379272461,8.451281547546387,0.1026754379272461,SPAN_TOO_LONG
0019-0038-0005,Sản phẩm có giá trị nhất trong nông nghiệp Texas là gì?,Bò nhà,Bò nhà,True,False,1,1.0,1.0,-0.9217805862426758,9.287012100219727,0.9217805862426758,CORRECT
0019-0039-0001,Lọai điện nào mà Texas có sản lượng đứng đầu tại Hoa Kỳ?,phong điện,Trại phong điện Roscoe,True,False,0,0.6666666666666666,1.0,1.1876955032348633,7.092638969421387,-1.1876955032348633,SPAN_TOO_LONG
0019-0039-0002,"Công suất của trại phong điện Roscoe ở Roscoe, Texas là bao nhiêu?","781,5 megawatt (MW)","Trại phong điện Roscoe ở Roscoe, Texas, là một trong các trại phong điện lớn nhất thế giới tính đến năm 2009 với công suất 781,5 megawatt (MW)",True,False,0,0.2424242424242424,1.0,-4.32707405090332,9.578815460205078,4.32707405090332,SPAN_TOO_LONG
0019-0039-0003,Texas có được điều gì về sự lớn mạnh của ngành nông nghiệp và lâm nghiệp?,một lượng sinh khối khổng lồ để sử dụng trong ngành năng lượng sinh học,ngành nông nghiệp và lâm nghiệp lớn mạnh có thể cung cấp cho Texas một lượng sinh khối khổng lồ để sử dụng trong ngành năng lượng sinh học,True,False,0,0.6818181818181819,1.0,-0.9320969581604004,8.700547218322754,0.9320969581604004,SPAN_TOO_LONG
0019-0039-0004,Texas dẫn đầu Hoa Kỳ về xử lý năng lượng tái tạo như thế nào?,năng lượng tái tạo thương mại hóa,,True,True,0,0.0,1.0,4.868223428726196,3.9265477657318115,-4.868223428726196,ANSWERABLE_PREDICTED_EMPTY
0019-0039-0005,Tiềm năng của ngành năng lượng Texas lớn nhất tại Hoa Kỳ là phát triển về lọai điện nào?,điện mặt trời,,True,True,0,0.0,1.0,3.2330360412597656,5.3953399658203125,-3.2330360412597656,ANSWERABLE_PREDICTED_EMPTY
0019-0040-0001,Vào năm nào thì tuyến đường cao tốc đầu tiên tại Texas được thông xe?,năm 1948,"Tuyến đường cao tốc đầu tiên tại Texas là Gulf Freeway, mở cửa vào năm 1948 tại Houston",True,False,0,0.19999999999999998,1.0,1.0516047477722168,7.599305629730225,-1.0516047477722168,SPAN_TOO_LONG
0019-0040-0002,Sân bay nào tại Texas có được quy mô và lượng hành khách lớn nhất?,Sân bay quốc tế Dallas-Forth Worth (DFW),Sân bay quốc tế Dallas-Forth Worth (DFW),True,False,1,1.0,1.0,-1.586237907409668,9.748230934143066,1.586237907409668,CORRECT
0019-0040-0003,Có tất cả bao nhiêu hải cảng tại Texas?,khỏang 1.150 hải cảng,,True,True,0,0.0,1.0,4.959132194519043,3.497694969177246,-4.959132194519043,ANSWERABLE_PREDICTED_EMPTY
0019-0040-0004,Cảng Houston đứng thứ 10 thế giới về điều gì?,số tấn hàng hóa,số tấn hàng hóa,True,False,1,1.0,1.0,-2.112473487854004,9.822875022888184,2.112473487854004,CORRECT
0019-0040-0005,Cảng nào tại Hoa Kỳ đang là cảng bận rộn nhất về số tấn hàng hóa ngọai thương?,Cảng Houston,Cảng Houston,True,False,1,1.0,1.0,-1.6299409866333008,9.372093200683594,1.6299409866333008,CORRECT
0019-0041-0001,Ba đội tuyển NBA của Texas là những đội nào?,"Houston Rockets, San Antonio Spurs, và Dallas Mavericks",Texas cũng có một đội tuyển WNBA (San Antonio) và hai đội tuyển MLS (Houston Dynamo VÀ FC Dallas),True,False,0,0.37037037037037035,1.0,-1.495676040649414,9.4628267288208,1.495676040649414,SPAN_TOO_LONG
0019-0041-0002,"Texas có bao nhiêu đội tuyển NFL trong giải đấu ""Big Four""?",hai đội tuyển,hai đội tuyển NFL,True,False,0,0.8571428571428571,1.0,-3.1691455841064453,9.618406295776367,3.1691455841064453,SPAN_TOO_LONG
0019-0041-0003,Vùng đô thị phức hợp Dallas–Fort Worth được đánh giá như thế nào trong việc tham dự giải Big Four?,"có các đội tuyển thể thao tham gia tòan bộ giải đấu chuyên nghiệp ""Big Four",Texas cũng có một đội tuyển WNBA (San Antonio) và hai đội tuyển MLS (Houston Dynamo VÀ FC Dallas),True,False,0,0.17142857142857143,1.0,-2.11134672164917,9.742172241210938,2.11134672164917,SPAN_TOO_LONG
0019-0041-0004,"Ngòai giải đấu ""Big Four"" thì Texas còn có các đội tuyển nào nữa?",một đội tuyển WNBA (San Antonio) và hai đội tuyển MLS (Houston Dynamo VÀ FC Dallas,một đội tuyển WNBA (San Antonio) và hai đội tuyển MLS (Houston Dynamo VÀ FC Dallas),True,False,1,1.0,1.0,-5.38668155670166,10.286091804504395,5.38668155670166,CORRECT
0019-0042-0001,Môn thể thao nào đặc biệt nhất trong thể thao trường học tại Texas?,bóng bầu dục Mỹ,bóng bầu dục Mỹ,True,False,1,1.0,1.0,-1.153982162475586,9.44706916809082,1.153982162475586,CORRECT
0019-0042-0002,Số lượng trường Division I-FBS tại Texas là bao nhiêu?,10 trường,"10 trường Division I-FBS, đông nhất tòan quốc",True,False,0,0.3636363636363636,1.0,-2.4068799018859863,8.89474868774414,2.4068799018859863,SPAN_TOO_LONG
0019-0042-0003,Big 12 Conference có những đội nào tại Texas tham gia?,"Baylor Bears, Texas Longhorns, TCU Horned Frogs, và Texas Tech Red Raiders","Bốn trong số các đội tuyển đại học của bang là Baylor Bears, Texas Longhorns, TCU Horned Frogs, và Texas Tech Red Raiders",True,False,0,0.6857142857142856,1.0,-1.500779151916504,9.286951065063477,1.500779151916504,SPAN_TOO_LONG
0019-0042-0004,Lý do nào mà TCU được Big 12 mời tham dự?,Texas A&M Aggies rời khỏi Big 12 và tham gia Southeastern Conference vào năm 2012,Texas A&M Aggies rời khỏi Big 12 và tham gia Southeastern Conference vào năm 2012,True,False,1,1.0,1.0,-3.5451412200927734,10.907733917236328,3.5451412200927734,CORRECT
0019-0042-0005,Trước khi TCU tham gia Big 12 thì họ đã tham gia giải đấu nào?,Mountain West Conference,Texas A&M Aggies rời khỏi Big 12 và tham gia Southeastern Conference,True,False,0,0.125,1.0,-2.6280784606933594,10.397579193115234,2.6280784606933594,SPAN_TOO_LONG
