question_id,is_answerable,gold_answer,predicted_span,null_score,best_span_score,score_margin,reader_confidence_display
0001-0001-0001,True,"trở thành một trong những trung tâm văn hóa của thế giới, thủ đô của nghệ thuật và giải trí",Paris,8.762543678283691,3.7822365760803223,-4.980307102203369,0.29841037552545147
0001-0001-0002,False,,Paris,8.645156860351562,3.0139718055725098,-5.631185054779053,0.2631155979364507
0001-0001-0003,True,giáo dục và nghệ thuật,Paris,8.804492950439453,1.910177230834961,-6.894315719604492,0.20272132295032536
0001-0001-0004,True,Paris,Paris,8.664131164550781,5.029312610626221,-3.6348185539245605,0.3791385087367067
0001-0001-0005,True,nghệ thuật và giải trí,Paris,8.82284927368164,1.5670086145401,-7.2558406591415405,0.1874673572653601
0001-0001-0006,True,thế kỷ 10,"Vào thế kỷ 10, Paris đã là một trong những thành phố chính của Pháp cùng các cung điện hòang gia, các tu viện và nhà thờ. Từ thế kỷ 12, Paris",8.813680648803711,2.1212592124938965,-6.6924214363098145,0.21163433760275643
0001-0001-0007,True,nằm ở điểm gặp nhau của các hành trình thương mại đường bộ và đường sông,Paris,8.678934097290039,2.7496533393859863,-5.929280757904053,0.24787706833387832
0001-0002-0001,True,Kinh đô ánh sáng,Paris,8.899499893188477,3.556629180908203,-5.342870712280273,0.27841496811603106
0001-0002-0002,True,"Sự nhộn nhịp, các công trình kiến trúc và không khí nghệ sĩ",Paris,8.964661598205566,3.0426406860351562,-5.92202091217041,0.24824106865202647
0001-0002-0003,False,,Paris,8.934244155883789,3.7731597423553467,-5.161084413528442,0.2883373869330707
0001-0002-0004,False,,"Paris trở thành một trong những trung tâm trung chuyển lớn nhất trên thế giới và được coi như một trong bốn ""thành phố tòan cầu"" cùng với New York, Luân Đôn và Tokyo",8.02415657043457,8.584643363952637,0.5604867935180664,0.6535109567014173
0001-0002-0005,True,Thành phố còn được xem như kinh đô của thời trang cao cấp với nhiều khu phố xa xỉ cùng các trung tâm thương mại lớn,Paris,8.565892219543457,7.276172637939453,-1.289719581604004,0.5342376810044877
0001-0002-0006,True,"Là nơi đặt trụ sở chính của các tổ chức quốc tế như OECD, UNESCO... cộng với những họat động đa dạng về tài chính, kinh doanh, chính trị và du lịch","những họat động đa dạng về tài chính, kinh doanh, chính trị và du lịch",7.970963001251221,8.821501731872559,0.8505387306213379,0.6709478575763581
0001-0002-0007,True,Paris,"New York, Luân Đôn và Tokyo",8.089662551879883,8.599172592163086,0.5095100402832031,0.650401690913801
0001-0002-0008,True,"New York, Luân Đôn và Tokyo","Paris trở thành một trong những trung tâm trung chuyển lớn nhất trên thế giới và được coi như một trong bốn ""thành phố tòan cầu"" cùng với New York, Luân Đôn và Tokyo",8.163153648376465,8.468650817871094,0.3054971694946289,0.6378318056024018
0001-0003-0001,True,nhiều tệ nạn,tệ nạn,8.679956436157227,4.686053276062012,-3.993903160095215,0.35669686037102144
0001-0003-0002,True,The City of Lights,Thành phố ánh sáng,8.27147102355957,6.7884907722473145,-1.4829802513122559,0.5212911549825356
0001-0003-0003,True,"cuối thế kỷ 17, trung tướng cảnh sát đầu tiên của Paris Gabriel Nicolas de La Reynie ra lệnh thắp sáng những khu vực công cộng nhiều tệ nạn của thành phố","nghĩa đen của nó: cuối thế kỷ 17, trung tướng cảnh sát đầu tiên của Paris Gabriel Nicolas de La Reynie ra lệnh thắp sáng những khu vực công cộng nhiều tệ nạn của thành phố",8.02975845336914,6.589852333068848,-1.439906120300293,0.5241797857332156
0001-0003-0004,False,,Paris,8.387811660766602,3.900714874267578,-4.487096786499023,0.3268862357665311
0001-0003-0005,True,Kinh đô ánh sáng,Paris,8.682137489318848,3.7828545570373535,-4.899282932281494,0.30299011748905785
0001-0004-0001,True,thêm hai chữ a và d,"Từ ""parisien"" trong tiếng Pháp là tính từ của Paris",8.642250061035156,8.896220207214355,0.2539701461791992,0.6346262001931327
0001-0004-0002,True,"Venezia, Paris","Venezia, Paris",8.796692848205566,4.273318290710449,-4.523374557495117,0.3247442068414675
0001-0004-0003,False,,Paris,8.701265335083008,6.097904682159424,-2.603360652923584,0.4462221991941162
0001-0005-0001,True,những chiếc mũ panama,Paris và một trong các ngọai ô là Pantin,8.670799255371094,4.555332183837891,-4.115467071533203,0.34923430036637776
0001-0005-0002,False,,Paris,8.709190368652344,3.9552392959594727,-4.753951072692871,0.3113032284832964
0001-0005-0003,True,Pantruche,"Paris là ""Paname"" từ đầu thế kỷ 20 khi những chiếc mũ panama",8.576793670654297,6.685202121734619,-1.8915915489196777,0.4938452690531536
0001-0006-0001,False,,đồi Montmartre,8.736379623413086,4.738130569458008,-3.998249053955078,0.35642884671486064
0001-0006-0002,True,nhà thờ Saint-Pierre,đồi Montmartre,8.67718505859375,7.325767517089844,-1.3514175415039062,0.5301087086112328
0001-0006-0003,True,Île de la Cité ở phía tây và Île Saint-Louis ở phía đông,đồi Montmartre,8.714755058288574,5.02690315246582,-3.687851905822754,0.37578868211702415
0001-0006-0004,True,Seine,đồi Montmartre,8.728723526000977,4.826379776000977,-3.90234375,0.3623640267954883
0001-0006-0005,False,,Île de la Cité ở phía tây và Île Saint-Louis ở phía đông,8.522993087768555,8.332256317138672,-0.1907367706298828,0.6064886882938902
0001-0006-0006,True,phía nam,Montparnasse cao 66 m; Butte aux Cailles 63 m; đồi Sainte-Geneviève 61 m,8.28946590423584,8.788677215576172,0.49921131134033203,0.6497719661180407
0001-0006-0007,False,,đồi Montmartre,8.675792694091797,7.1768903732299805,-1.4989023208618164,0.5202230207467634
0001-0007-0001,True,phân định với ngọai ô bằng các đại lộ vành đai dài 35 km,nội ô Paris,8.611991882324219,8.318130493164062,-0.29386138916015625,0.5998537960132845
0001-0007-0002,False,,các đại lộ vành đai dài 35 km,7.76005744934082,8.951324462890625,1.1912670135498047,0.6908432018355908
0001-0007-0003,True,các đại lộ vành đai,Paris,8.770203590393066,6.933852195739746,-1.8363513946533203,0.497557170096175
0001-0007-0004,True,Quận 12 ở phía Đông,rừng Vincennes rộng 995 hecta thuộc Quận 12 ở phía Đông,8.440169334411621,7.936699867248535,-0.5034694671630859,0.5862568149566879
0001-0007-0005,True,bức tường thành Thiers,bức tường thành Thiers,7.649658679962158,10.322905540466309,2.6732468605041504,0.7689561255916734
0001-0007-0006,False,,rừng Vincennes,8.56472110748291,7.3208465576171875,-1.2438745498657227,0.5373027344246216
0001-0008-0001,True,cổ sinh vật học và giải phẫu so sánh của Georges Cuvier,cổ sinh vật học và giải phẫu so sánh,8.74024772644043,4.855867385864258,-3.884380340576172,0.36348045328923656
0001-0008-0002,True,sự tạo thành của dãy Alps,bồn Paris,8.547444343566895,6.8325042724609375,-1.714940071105957,0.5057158615593609
0001-0008-0003,False,,bồn Paris,8.75338363647461,5.016182899475098,-3.7372007369995117,0.3726822171933518
0001-0008-0004,False,,bồn Paris,7.8777666091918945,9.106571197509766,1.228804588317871,0.6929941053122317
0001-0008-0005,True,Bồn Paris,Bồn Paris,8.647275924682617,7.273768424987793,-1.3735074996948242,0.5286293645231767
0001-0008-0006,True,"khối núi Vosges, khối núi Massif central, khối núi Armorica","Đây là một bồn thềm lục địa trên những khối núi từ thời Đại cổ sinh như khối núi Vosges, khối núi Massif central, khối núi Armorica",8.5691556930542,5.443877696990967,-3.1252779960632324,0.4118700790981723
0001-0008-0007,False,,Bồn Paris,8.583606719970703,6.527562618255615,-2.056044101715088,0.48280037444783375
0001-0008-0008,False,,Bồn Paris,8.675533294677734,6.662159442901611,-2.013373851776123,0.48566499766188803
0001-0008-0009,True,"bồn Paris bị đóng lại, chỉ còn mở ra phía biển Manche và Đại Tây Dương",bồn Paris,7.073596477508545,9.802022933959961,2.728426456451416,0.7715807860135487
0001-0008-0010,True,báo trước cho sự hình thành lưu vực sông Loire và sông Seine,bồn Paris,8.76092529296875,4.945069313049316,-3.8158559799194336,0.3677526825870215
0001-0009-0001,True,Montmartre và Bagneux,"Tầng động vật này đã được đặt theo tên tiếng La Tinh của Paris: Lutetia. Lòng đất của Paris mang nhiều đặc tính với sự hiện diện của đá vôi, thạch cao và đá vôi silic",8.840864181518555,4.773261547088623,-4.067602634429932,0.3521640286748207
0001-0009-0002,False,,"Tầng động vật này đã được đặt theo tên tiếng La Tinh của Paris: Lutetia. Lòng đất của Paris mang nhiều đặc tính với sự hiện diện của đá vôi, thạch cao và đá vôi silic",8.899033546447754,3.540463924407959,-5.358569622039795,0.2775679774295766
0001-0009-0003,True,Oise,"Tầng động vật này đã được đặt theo tên tiếng La Tinh của Paris: Lutetia. Lòng đất của Paris mang nhiều đặc tính với sự hiện diện của đá vôi, thạch cao và đá vôi silic",8.912630081176758,4.227843761444092,-4.684786319732666,0.31530309794559563
0001-0009-0004,True,Oise,"Đá vôi được khai thác cho tới thế kỷ 14 ở tả ngạn sông Seine, từ quảng trường Italie tới phố Vaugirard. Ngày nay sự khai thác chuyển về Oise",8.524602890014648,6.811615943908691,-1.712986946105957,0.5058470959237888
0001-0009-0005,False,,"đá vôi, thạch cao và đá vôi silic",8.514863967895508,6.835557460784912,-1.6793065071105957,0.5081100096565432
0001-0009-0006,True,thế kỷ 14,"Tầng động vật này đã được đặt theo tên tiếng La Tinh của Paris: Lutetia. Lòng đất của Paris mang nhiều đặc tính với sự hiện diện của đá vôi, thạch cao và đá vôi silic",8.866961479187012,4.101130485534668,-4.765830993652344,0.31061900364841394
0001-0009-0007,False,,"Tầng động vật này đã được đặt theo tên tiếng La Tinh của Paris: Lutetia. Lòng đất của Paris mang nhiều đặc tính với sự hiện diện của đá vôi, thạch cao và đá vôi silic",8.936674118041992,3.9530293941497803,-4.983644723892212,0.2982225774165405
0001-0009-0008,True,thạch cao và đá vôi,tầng Lutetia với các lớp đọng giàu thạch cao và đá vôi,8.391522407531738,8.093864440917969,-0.29765796661376953,0.5996088128742144
0001-0009-0009,True,"đá vôi, thạch cao và đá vôi silic","đá vôi, thạch cao và đá vôi silic",8.460012435913086,7.461637496948242,-0.9983749389648438,0.5536625136801866
0001-0010-0001,False,,Kênh Saint-Martin,7.465936660766602,10.091297149658203,2.6253604888916016,0.7666613317615392
0001-0010-0002,True,sông Seine ở phần hạ lưu,Kênh Saint-Martin,8.539205551147461,7.354557991027832,-1.184647560119629,0.5412582603245041
0001-0010-0003,True,phố Faubourg-du-Temple ở quảng trường Bastille,Saint-Denis,7.762969017028809,9.030500411987305,1.267531394958496,0.6952043888020462
0001-0010-0004,True,Saint-Martin,"Sông Bièvre phía nam, ngày nay ngầm hòan tòan dưới đất. Kênh Saint-Martin",8.35476303100586,6.736106872558594,-1.6186561584472656,0.5121840713277578
0001-0010-0005,False,,Saint-Martin,8.775127410888672,4.706577301025391,-4.068550109863281,0.35210592584917816
0001-0010-0006,True,cánh cung,Saint-Martin,8.800769805908203,5.488118648529053,-3.3126511573791504,0.3997260828527584
0001-0011-0001,False,,khí hậu Paris cũng đôi khi đột biến,8.524900436401367,5.582406997680664,-2.942493438720703,0.42382111371826225
0001-0011-0002,True,ngày 28 tháng 6 năm 1948,khí hậu Paris cũng đôi khi đột biến,8.621386528015137,5.488173484802246,-3.1332130432128906,0.411353499998157
0001-0011-0003,False,,khí hậu Paris cũng đôi khi đột biến,8.614295959472656,5.918808937072754,-2.6954870223999023,0.4401112859578797
0001-0011-0004,True,"mùa hè mát, trung bình 18°C; mùa đông không quá lạnh, trung bình 6 °C; các mùa đều mưa nhiều và thời tiết thất thường",khí hậu Paris cũng đôi khi đột biến,8.517589569091797,6.1959357261657715,-2.3216538429260254,0.46500167766499456
0001-0011-0005,False,,khí hậu Paris cũng đôi khi đột biến,8.626611709594727,4.688333034515381,-3.9382786750793457,0.3601351305617888
0001-0011-0006,True,đại dương,khí hậu Paris cũng đôi khi đột biến,8.51643180847168,6.919602870941162,-1.5968289375305176,0.5136499019671271
0001-0012-0001,True,Clovis I,Paris,8.709418296813965,3.5260121822357178,-5.183406114578247,0.2871077256924721
0001-0012-0002,True,thế kỷ 17,Paris,8.646123886108398,3.719625473022461,-4.9264984130859375,0.301447381550523
0001-0012-0003,False,,Paris,8.683450698852539,3.6122913360595703,-5.071159362792969,0.2933227621534235
0001-0012-0004,True,thế kỷ 1,Paris,8.706613540649414,3.3986895084381104,-5.307924032211304,0.28030610669556794
0001-0012-0005,True,Paris,Paris,8.613283157348633,5.769990921020508,-2.843292236328125,0.4303456519784446
0001-0012-0006,True,người Parisii,Paris,8.727392196655273,2.5599584579467773,-6.167433738708496,0.23613573763480866
0001-0013-0001,True,40.000 năm,"sự sống của con người đã liên tục ở đây suốt thời kỳ Đồ đá mới, nhưng không có nhiều hiểu biết về khỏang thời gian từ thời Tiền sử cho tới thời kỳ Gaule La Mã",8.743309020996094,3.073366641998291,-5.669942378997803,0.26110066334766946
0001-0013-0002,False,,"sự sống của con người đã liên tục ở đây suốt thời kỳ Đồ đá mới, nhưng không có nhiều hiểu biết về khỏang thời gian từ thời Tiền sử cho tới thời kỳ Gaule La Mã",8.64850902557373,3.8536689281463623,-4.794840097427368,0.30895170203403
0001-0013-0003,True,khỏang năm 4.000 đến 3.800 trước Công Nguyên,con người đã sinh sống thường xuyên ở bờ trái một nhánh cũ của sông Seine,8.762334823608398,2.779902935028076,-5.982431888580322,0.24522304738363715
0001-0013-0004,False,,"sự sống của con người đã liên tục ở đây suốt thời kỳ Đồ đá mới, nhưng không có nhiều hiểu biết về khỏang thời gian từ thời Tiền sử cho tới thời kỳ Gaule La Mã",8.768087387084961,2.998244524002075,-5.769842863082886,0.2559531998812932
0001-0013-0005,True,những công cụ đá được tìm thấy ở bờ sông Seine,"sự sống của con người đã liên tục ở đây suốt thời kỳ Đồ đá mới, nhưng không có nhiều hiểu biết về khỏang thời gian từ thời Tiền sử cho tới thời kỳ Gaule La Mã",8.694540977478027,3.2846951484680176,-5.40984582901001,0.2748125971543767
0001-0014-0001,True,Hippodamos,Lutetia được đổi tên thành Paris,8.842178344726562,7.575131416320801,-1.2670469284057617,0.5357538403737095
0001-0014-0002,False,,Lutetia được đổi tên thành Paris,8.707350730895996,8.498165130615234,-0.20918560028076172,0.6053045215491802
0001-0014-0003,False,,Lutetia được đổi tên thành Paris,8.759357452392578,6.748684883117676,-2.0106725692749023,0.4858463791618001
0001-0014-0004,True,Thánh Geneviève,Thánh Geneviève,8.61046028137207,8.059062957763672,-0.5513973236083984,0.5831284369013172
0001-0014-0005,True,Thánh Denis,Lutetia được đổi tên thành Paris,8.714521408081055,7.675179481506348,-1.039341926574707,0.5509396215557989
0001-0014-0006,True,Lutetia,Lutetia được đổi tên thành Paris,8.547245025634766,8.9924955368042,0.4452505111694336,0.6464639872892394
0001-0015-0001,True,hòa ước Saint-Clair-sur-Epte năm 911,hòa ước Saint-Clair-sur-Epte năm 911,8.688783645629883,5.967648983001709,-2.721134662628174,0.4384131743405614
0001-0015-0002,False,,"Năm 845, những người Viking tới đánh Paris",8.514580726623535,6.103263854980469,-2.4113168716430664,0.45901109929001016
0001-0015-0003,False,,Paris,8.686033248901367,5.137580871582031,-3.548452377319336,0.38461840879623055
0001-0015-0004,False,,Clovis I,8.576265335083008,6.790106296539307,-1.7861590385437012,0.5009301250993998
0001-0015-0005,True,Năm 845,Năm 845,8.428852081298828,6.887238025665283,-1.541614055633545,0.5173568117438642
0001-0015-0006,True,Clovis I,Clovis I,8.58248519897461,7.556639671325684,-1.0258455276489258,0.5518370121643896
0001-0015-0007,True,Childéric I,Clovis I,8.585391998291016,6.71525239944458,-1.8701395988464355,0.4952866898468295
0001-0016-0001,True,Louis VI,"vua Louis VI, rồi Philippe Auguste",8.624378204345703,7.645733833312988,-0.9786443710327148,0.554972778447605
0001-0016-0002,True,thế kỷ 11,"Lúa mì vào thành phố từ phố Saint-Honoré, dạ ở phố Saint-Denis, và cá từ biển Bắc và biển Manche đến Paris ở phố Poissonniers",8.86353874206543,4.042938709259033,-4.8206000328063965,0.30747530391525135
0001-0016-0003,False,,vương triều Capet đã chọn Orléans. Hugues Capet,8.88776969909668,4.432251453399658,-4.4555182456970215,0.3287566973758089
0001-0016-0004,True,Orléans,Orléans. Hugues Capet,8.889558792114258,4.107369899749756,-4.782188892364502,0.30967822327920885
0001-0017-0001,True,Paris,Paris,8.765375137329102,5.0296478271484375,-3.735727310180664,0.3727748174800751
0001-0017-0002,True,thương mại và tài chính,Tả ngạn sông Seine,8.913347244262695,4.116052150726318,-4.797295093536377,0.30881082810323907
0001-0017-0003,True,nhà thờ Đức Bà,nhà thờ Đức Bà,8.227136611938477,8.538080215454102,0.310943603515625,0.6381699300857957
0001-0017-0004,False,,Tả ngạn sông Seine,8.912092208862305,4.2633209228515625,-4.648771286010742,0.3173968240110149
0001-0017-0005,True,nạn dịch hạch đen,nạn dịch hạch đen,8.632070541381836,7.907530307769775,-0.7245402336120605,0.5717727967339642
0001-0017-0006,True,giáo dục,Tả ngạn sông Seine,8.913378715515137,4.235846996307373,-4.677531719207764,0.31572424329714893
0001-0018-0001,False,,"Chiến tranh Trăm năm vẫn tiếp tục, Paris",8.712711334228516,3.280947208404541,-5.431764125823975,0.2736399908650373
0001-0018-0002,True,người Anh,Paris,8.678643226623535,4.614398956298828,-4.064244270324707,0.3523700116671661
0001-0018-0003,True,quan thái thú Étienne Marcel,"Chiến tranh Trăm năm vẫn tiếp tục, Paris",8.70285415649414,3.3992719650268555,-5.303582191467285,0.2805416122661387
0001-0018-0004,True,dễ dàng thóat khi có binh biến,các vị vua không còn ở trong trung tâm thành,8.33731460571289,7.872559070587158,-0.4647555351257324,0.588778716121284
0001-0019-0001,True,Henri de Navarre,vua Henri III,8.782265663146973,6.9986419677734375,-1.7836236953735352,0.5011005019405697
0001-0019-0002,True,Giáo hội Pháp,"Những người Công giáo tàn sát những người Kháng Cách khắp Paris với số nạn nhân trong khỏang 2 ngàn tới 10 ngàn người. Giáo hội Pháp, đặc biệt ở Paris, nổi dậy chống lại vua Henri III",8.86534309387207,4.065176963806152,-4.800166130065918,0.30864612580306494
0001-0019-0003,True,1594,vua Henri III,8.745464324951172,3.689025402069092,-5.05643892288208,0.2941436389890773
0001-0019-0004,True,2 ngàn tới 10 ngàn,"Giáo hội Pháp, đặc biệt ở Paris, nổi dậy chống lại vua Henri III",8.913884162902832,3.332174777984619,-5.581709384918213,0.26570224497961015
0001-0019-0005,True,8,8 cuộc xung đột liên tiếp,8.300629615783691,9.557315826416016,1.2566862106323242,0.6945863145476358
0001-0019-0006,False,,8 cuộc xung đột liên tiếp,8.510551452636719,8.447978973388672,-0.06257247924804688,0.6146799237692279
0001-0019-0007,False,,vua Henri III,8.91220474243164,3.3392326831817627,-5.572972059249878,0.26616072497774107
0001-0019-0008,False,,vua Henri III,8.817804336547852,6.7591071128845215,-2.05869722366333,0.48262229521999106
0001-0020-0001,True,Palais-Royal,vị vua trẻ Louis XV sống tại cung điện Tuileries,7.723416328430176,7.923135280609131,0.19971895217895508,0.6312381795299065
0001-0020-0002,True,Jean-Baptiste,Louis XIV,8.495613098144531,2.948563575744629,-5.547049522399902,0.26752394036925314
0001-0020-0003,True,Louis XIII,"Louis XIII, và tiếp đó là Louis XIV",8.425439834594727,5.637105941772461,-2.7883338928222656,0.4339708963086383
0001-0020-0004,False,,cung điện Tuileries,8.573418617248535,4.432287216186523,-4.141131401062012,0.34766807635520386
0001-0021-0001,False,,Louis XV,8.850826263427734,2.3903188705444336,-6.460507392883301,0.2222222765598076
0001-0021-0002,True,vườn Luxembourg,Louis XV,8.831876754760742,2.202777862548828,-6.629098892211914,0.21448820753666398
0001-0021-0003,True,Paris,Điện Panthéon,6.240238189697266,10.34620475769043,4.105966567993164,0.8302706978503199
0001-0021-0004,True,Louis XV vẫn yêu thích thành phố,quảng trường Louis XV,7.6743927001953125,8.35409164428711,0.6796989440917969,0.6607308432075921
0001-0022-0001,True,những người nổi dậy tới Versailles,"nhà vua phải quay trở lại Paris, trú ngụ ở cung điện Tuileries",8.607159614562988,6.08854341506958,-2.518616199493408,0.4518578898406835
0001-0022-0002,False,,nhà vua,8.73831558227539,2.656881809234619,-6.0814337730407715,0.24033090742624968
0001-0022-0003,True,Quốc hội lập hiến,Versailles,8.59951400756836,5.608562469482422,-2.9909515380859375,0.42064347121013695
0001-0022-0004,True,Quốc hội,Jacques de Flesselles,8.716943740844727,2.571998119354248,-6.1449456214904785,0.23722782792764224
0001-0023-0001,True,Đa số vẫn ủng hộ chế độ quân chủ,Louis XVI,8.85603141784668,4.942201137542725,-3.913830280303955,0.361650915229609
0001-0023-0002,True,Ngày 21 tháng 9 năm 1792,Cộng hòa,8.828836441040039,5.937334060668945,-2.8915023803710938,0.42717166640780946
0001-0023-0003,True,Louis XVI bị hành quyết,Louis XVI,8.525362014770508,5.68627405166626,-2.839087963104248,0.4306227219797865
0001-0023-0004,True,mừng một năm ngày phá ngục Bastille,"Vua Louis XVI cùng hòang gia bị tống giam ở Tour du Temple. Ngày 21 tháng 9 năm 1792, chính quyền tuyên bố chấm dứt chế độ quân chủ và lập ra nền Cộng hòa",8.939092636108398,4.574589729309082,-4.364502906799316,0.334178033254915
0001-0023-0005,True,Tình hình chính trị rối lọan,"Tình hình chính trị rối lọan đẩy Pháp vào cuộc chiến tranh với Áo và các đồng minh. Ngày 20 tháng 4 năm 1792, Pháp khai chiến với Áo",8.867347717285156,5.586786270141602,-3.2805614471435547,0.40179759012469124
0001-0023-0006,False,,Cộng hòa,8.83220100402832,7.074729919433594,-1.7574710845947266,0.5028579536631181
0001-0024-0001,True,Paris với Saint-Germain-en-Laye,"tuyến đường sắt đầu tiên của Pháp hòan thành, nối Paris với Saint-Germain-en-Laye",8.521690368652344,7.2507123947143555,-1.2709779739379883,0.535491011150487
0001-0024-0002,True,"Balzac, Victor Hugo hay Eugène Sue","Balzac, Victor Hugo hay Eugène Sue",8.787630081176758,4.3160400390625,-4.471590042114258,0.32780404874563945
0001-0024-0003,True,"Các nhà ga Saint-Lazare, Gare du Nord, các tuyến đường sắt Paris-Orléans, Paris-Rouen được xây dựng","Các nhà ga Saint-Lazare, Gare du Nord, các tuyến đường sắt Paris-Orléans, Paris-Rouen",8.631946563720703,6.600643157958984,-2.0313034057617188,0.4844611899413285
0001-0024-0004,False,,"Balzac, Victor Hugo hay Eugène Sue",8.77249526977539,4.7878522872924805,-3.98464298248291,0.3572682397861416
0001-0024-0005,False,,đường sắt,8.765302658081055,5.545321941375732,-3.2199807167053223,0.40571781552930386
0001-0025-0001,False,,"Paris có những thay đổi triệt để. Trong vòng không đến 20 năm, từ một thành phố với cấu trúc cũ, Paris trở thành một thành phố hiện đại",8.634090423583984,4.744743347167969,-3.8893470764160156,0.36317162274167086
0001-0025-0002,True,Ngày 1 tháng năm 1860,Paris trở thành 20 quận,8.258729934692383,6.909795761108398,-1.3489341735839844,0.5302749848736801
0001-0025-0003,True,Napoléon III cùng Nam tước Haussmann,"các con phố, đại lộ được vẽ lại, quy định về mặt ngòai các ngôi nhà, bố trí các không gian xanh",8.62025260925293,5.371562957763672,-3.248689651489258,0.4038585070865062
0001-0025-0004,True,thời Napoléon III,"Paris có những thay đổi triệt để. Trong vòng không đến 20 năm, từ một thành phố với cấu trúc cũ, Paris trở thành một thành phố hiện đại",8.632506370544434,4.6820878982543945,-3.950418472290039,0.35938350381287737
0001-0026-0001,True,Hai cuộc triển lãm thế giới vào năm 1889 và 1900,"Paris trở thành trung tâm văn hóa của thế giới. Thành phố sản sinh ra nhiều nghệ sĩ lớn cùng rất nhiều các nhà văn, họa sĩ nổi tiếng của Pháp và khắp nơi trên thế giới tới Paris",8.928287506103516,4.083184242248535,-4.8451032638549805,0.30607458007881755
0001-0026-0002,True,Belle Époque,"Paris trở thành trung tâm văn hóa của thế giới. Thành phố sản sinh ra nhiều nghệ sĩ lớn cùng rất nhiều các nhà văn, họa sĩ nổi tiếng của Pháp và khắp nơi trên thế giới tới Paris",8.815987586975098,6.353940963745117,-2.4620466232299805,0.4556268646026396
0001-0026-0003,True,"Grand Palais, Petit Palais và cầu Alexandre-III","Tuyến tàu điện ngầm đầu tiên cùng Grand Palais, Petit Palais và cầu Alexandre-III",8.521488189697266,9.620052337646484,1.0985641479492188,0.6854958996967645
0001-0026-0004,False,,"Tuyến tàu điện ngầm đầu tiên cùng Grand Palais, Petit Palais và cầu Alexandre-III",8.851593017578125,8.097970962524414,-0.7536220550537109,0.5698576746367685
0001-0026-0005,True,Tháp Eiffel,"Tháp Eiffel xây dựng nhân triển lãm năm 1889, kỷ niệm 100 năm Cách mạng Pháp. Tuyến tàu điện ngầm đầu tiên cùng Grand Palais, Petit Palais và cầu Alexandre-III",7.577134132385254,9.254349708557129,1.677215576171875,0.7180256484951798
0001-0026-0006,False,,"Paris trở thành trung tâm văn hóa của thế giới. Thành phố sản sinh ra nhiều nghệ sĩ lớn cùng rất nhiều các nhà văn, họa sĩ nổi tiếng của Pháp và khắp nơi trên thế giới tới Paris",8.780008316040039,7.642824649810791,-1.137183666229248,0.5444244528452608
0001-0026-0007,True,175 rạp chiếu phim,175 rạp chiếu phim được mở ở Paris,8.676019668579102,8.771799087524414,0.0957794189453125,0.6247110448658877
0001-0026-0008,False,,Tháp Eiffel,8.340503692626953,8.948541641235352,0.6080379486083984,0.6563995195587393
0001-0027-0001,True,chung cư bình dân được lập nên,Paris,8.744384765625,5.196963787078857,-3.5474209785461426,0.38468403097789466
0001-0027-0002,True,ba tỷ franc,Paris,8.758611679077148,3.877265453338623,-4.881346225738525,0.3040093131789296
0001-0027-0003,True,chịu các cuộc ném bom và nã pháo của quân đội Đức,thành phố phải đối mặt với những khủng hỏang về kinh tế và xã hội,8.664856910705566,4.9799909591674805,-3.684865951538086,0.37597697649909556
0001-0028-0001,True,Charles de Gaulle,tổng thống Charles de Gaulle,8.292171478271484,7.300176620483398,-0.9919948577880859,0.554086283683537
0001-0028-0002,False,,"Ngày 17 tháng 10 năm 1961, một cuộc biểu tình cho nền độc lập của Algérie",8.840656280517578,2.090501546859741,-6.750154733657837,0.20905666397890624
0001-0028-0003,True,một biểu tượng của sự hòa giải,"Ngày 17 tháng 10 năm 1961, một cuộc biểu tình cho nền độc lập của Algérie",8.83938980102539,2.0228326320648193,-6.816557168960571,0.20612058309595957
0001-0028-0004,False,,tổng thống Charles de Gaulle,8.325907707214355,7.16692590713501,-1.1589818000793457,0.5429707864187003
0001-0028-0005,True,"Ngày 17 tháng 10 năm 1961, một cuộc biểu tình cho nền độc lập của Algérie bị cảnh sát đàn áp, ước tính 32 tới 325 người chết. Từ ngày 22 tháng 3 năm 1968, một phong trào sinh viên, bắt đầu từ Đại học Nanterre lan dần tới khu phố La Tinh trở thành một vụ bạo lọan","Ngày 17 tháng 10 năm 1961, một cuộc biểu tình cho nền độc lập của Algérie",8.812231063842773,3.3544774055480957,-5.457753658294678,0.2722536259633611
0001-0028-0006,False,,"Ngày 17 tháng 10 năm 1961, một cuộc biểu tình cho nền độc lập của Algérie",8.835575103759766,3.001140832901001,-5.834434270858765,0.2526607135843067
0001-0029-0001,False,,"vụ tấn công Charlie Hebdo, vụ nổ súng tại Montrouge, và cuộc khủng hỏang con tin Porte de Vincennes, đồng thời lên tiếng ủng hộ cho tự do ngôn luận, tự do báo chí và chống chủ nghĩa khủng bố",8.715681076049805,4.403785705566406,-4.311895370483398,0.3373318169283786
0001-0029-0002,True,hai kẻ Hồi giáo cực đoan,"một tên khủng bố thứ ba, tuyên bố y là một thành viên của ISIS",8.772892951965332,3.8831710815429688,-4.889721870422363,0.3035331537560735
0001-0029-0003,True,"tưởng niệm các nạn nhân của vụ tấn công Charlie Hebdo, vụ nổ súng tại Montrouge, và cuộc khủng hỏang con tin Porte de Vincennes, đồng thời lên tiếng ủng hộ cho tự do ngôn luận, tự do báo chí và chống chủ nghĩa khủng bố","vụ tấn công Charlie Hebdo, vụ nổ súng tại Montrouge, và cuộc khủng hỏang con tin Porte de Vincennes, đồng thời lên tiếng ủng hộ cho tự do ngôn luận, tự do báo chí và chống chủ nghĩa khủng bố",8.633601188659668,4.8417439460754395,-3.7918572425842285,0.36925387372116814
0001-0029-0004,True,ngày 10 và 11 tháng 1 năm 2015,"các cuộc tuần hành đã có sự tham gia của khỏang bốn triệu người dân cả nước, trở thành đợt tuần hành công cộng lớn nhất tại Pháp kể từ năm 1944",8.739083290100098,3.1364011764526367,-5.602682113647461,0.2646037867524136
0001-0030-0001,True,"đa dạng, không đặc trưng",vùng Île-de-France,8.818244934082031,4.6261091232299805,-4.192135810852051,0.3445652040423476
0001-0030-0002,True,ngành công nghiệp giải trí,vùng Île-de-France,8.900819778442383,4.653141498565674,-4.247678279876709,0.34120127392369615
0001-0030-0003,True,"sản xuất hàng tiêu dùng, xây dựng, xe hơi, năng lượng",vùng Île-de-France,8.740425109863281,3.9905786514282227,-4.749846458435059,0.3115398259018878
0001-0030-0004,True,dịch vụ,"vùng Île-de-France có 18.548 người làm việc trong lĩnh vực nông nghiệp, công nghiệp có 847.802 lao động, còn các ngành dịch vụ",8.721357345581055,4.61632776260376,-4.105029582977295,0.3498722062577338
0001-0030-0005,False,,vùng Île-de-France,8.809576034545898,4.691408157348633,-4.118167877197266,0.3490693235468151
0001-0030-0006,False,,vùng Île-de-France,8.812403678894043,4.283382415771484,-4.529021263122559,0.3244114516192867
0001-0031-0001,True,10% những nhân công hưởng lương cao nhất nhận được gấp bốn lần 10% hưởng lương thấp nhất,10% những nhân công hưởng lương cao nhất nhận được gấp bốn lần 10% hưởng lương thấp nhất,8.85574722290039,4.484682083129883,-4.371065139770508,0.3337856629487041
0001-0031-0002,True,"13,1 euro một giờ",mức lương trung bình ở Paris là 19 euro một giờ,8.212034225463867,9.919740676879883,1.7077064514160156,0.7196820943883026
0001-0031-0003,False,,mức lương trung bình ở Paris là 19 euro một giờ,8.788484573364258,6.984678268432617,-1.8038063049316406,0.49974421260119484
0001-0031-0004,True,Nội ô Paris,Quận 8,8.902027130126953,2.7688417434692383,-6.133185386657715,0.23780032412885205
0001-0031-0005,False,,Quận 8,8.918830871582031,2.737483263015747,-6.181347608566284,0.235461780066204
0001-0031-0006,True,"6%, trong khi ở các tỉnh lên đến 10 %","13,3 euro",8.471043586730957,6.98403263092041,-1.4870109558105469,0.5210207726308026
0001-0031-0007,False,,10% những nhân công hưởng lương cao nhất nhận được gấp bốn lần 10% hưởng lương thấp nhất,8.853635787963867,4.640926361083984,-4.212709426879883,0.3433173238952295
0001-0032-0001,False,,"Có thể thấy ở đây sự hiện diện của 1.500 công ty, trong đó có 14 trong 20 công ty hàng đầu của Pháp và 15 trong 50 công ty hàng đầu của thế giới",8.624191284179688,4.354090690612793,-4.2701005935668945,0.3398477602971435
0001-0032-0002,True,"1.500 công ty, trong đó có 14 trong 20 công ty hàng đầu của Pháp và 15 trong 50 công ty hàng đầu của thế giới","Có thể thấy ở đây sự hiện diện của 1.500 công ty, trong đó có 14 trong 20 công ty hàng đầu của Pháp và 15 trong 50 công ty hàng đầu của thế giới",8.52443790435791,5.858572959899902,-2.665864944458008,0.44207428546245237
0001-0032-0003,True,giá bất động sản quá cao và diện tích các văn phòng rất giới hạn,"Có thể thấy ở đây sự hiện diện của 1.500 công ty, trong đó có 14 trong 20 công ty hàng đầu của Pháp và 15 trong 50 công ty hàng đầu của thế giới",8.66635513305664,2.8677234649658203,-5.79863166809082,0.25448224799339125
0001-0032-0004,True,"tháp Areva, tháp EDF, tháp Gan","tháp Areva, tháp EDF, tháp Gan...",8.596940040588379,3.385300397872925,-5.211639642715454,0.2855568880565848
0001-0032-0005,True,"các nhà chọc trời như tháp Areva, tháp EDF, tháp Gan... có tới 3 triệu m² văn phòng và tập trung 150.000 nhân viên",giá bất động sản quá cao và diện tích các văn phòng rất giới hạn,8.605783462524414,5.313846588134766,-3.2919368743896484,0.4010628596193916
0001-0033-0001,True,Paris,"tòan vùng Île-de-France có 2.508 khách sạn với 154.745 phòng, trong đó 1.534 khách sạn nằm trong Paris",8.574498176574707,5.8762969970703125,-2.6982011795043945,0.4399315165435133
0001-0033-0002,True,"chiếm 12,8% nhân công của thành phố, tức 147.000 người",Lĩnh vực du lịch hiện nay đóng một vai trò quan trọng trong nền kinh tế Paris,8.601370811462402,5.387194633483887,-3.2141761779785156,0.40609407193627306
0001-0033-0003,False,,"tòan vùng Île-de-France có 2.508 khách sạn với 154.745 phòng, trong đó 1.534 khách sạn nằm trong Paris. Tuy là một thành phố đắt đỏ, nhưng giá các khách sạn 2 sao",8.392414093017578,5.905317306518555,-2.4870967864990234,0.4539572325187992
0001-0033-0004,False,,Lĩnh vực du lịch,8.631704330444336,5.36707067489624,-3.2646336555480957,0.4028270955056122
0001-0033-0005,True,"giá các khách sạn 2 sao của Paris lại thấp, đứng thứ 17 trên tổng số 20 đô thị lớn của thế giới","tòan vùng Île-de-France có 2.508 khách sạn với 154.745 phòng, trong đó 1.534 khách sạn nằm trong Paris. Tuy là một thành phố đắt đỏ, nhưng giá các khách sạn 2 sao",8.52359390258789,5.193507194519043,-3.3300867080688477,0.3986020516181386
0001-0034-0001,True,một trong những thành phố đắt nhất và bị cho là kém hiếu khách,Paris,8.592414855957031,3.818911552429199,-4.773503303527832,0.3101775558868653
0001-0034-0002,True,đứng thứ 52 về chất lượng đón tiếp,Paris,8.474222183227539,3.9212453365325928,-4.552976846694946,0.3230017456480247
0001-0034-0003,True,Paris,Paris,7.947209358215332,7.699373722076416,-0.24783563613891602,0.6028197123184921
0001-0035-0001,True,27.400 euro,27.400 euro thu nhập trung bình cho mỗi người,8.742658615112305,3.0071756839752197,-5.735482931137085,0.2577160915895857
0001-0035-0002,True,những dân cư nghèo và trung bình dần được thay thế bằng một tầng lớp mới khá giả hơn,những dân cư nghèo và trung bình dần được thay thế bằng một tầng lớp mới khá giả hơn,8.822834968566895,3.9003682136535645,-4.92246675491333,0.30167563815804144
0001-0035-0003,False,,Paris,8.78154182434082,3.0358097553253174,-5.745732069015503,0.2571894144745724
0001-0035-0004,False,,Paris là thành phố đứng thứ 12 nước Pháp về tỷ lệ phải đóng thuế tài sản,8.61923599243164,6.020176887512207,-2.5990591049194336,0.446507941169731
0001-0035-0005,True,đứng thứ 12 nước Pháp về tỷ lệ phải đóng thuế tài sản,Paris là thành phố đứng thứ 12 nước Pháp về tỷ lệ phải đóng thuế tài sản,8.665780067443848,5.515469074249268,-3.15031099319458,0.41024107245228336
0001-0036-0001,False,,những người dân phía tây thường giàu có hơn phía đông,8.6885986328125,5.743503570556641,-2.9450950622558594,0.423650349519695
0001-0036-0002,True,Quận 7,Quận 7,8.404641151428223,7.5767316818237305,-0.8279094696044922,0.5649562625134769
0001-0036-0003,False,,Quận 7,8.445169448852539,8.007311820983887,-0.43785762786865234,0.590528164787665
0001-0036-0004,True,những người dân phía tây thường giàu có hơn phía đông,những người dân phía tây thường giàu có hơn phía đông,8.728248596191406,6.174385070800781,-2.553863525390625,0.44951228141970995
0001-0036-0005,True,7%,"Người dân ở các Quận 6, 7, 8 và 16 có thu nhập cao hơn các Quận 10, 18, 19, 20",8.626577377319336,5.342171669006348,-3.2844057083129883,0.4015492425860006
0001-0037-0001,True,"32,6% các gia đình Paris có gốc ngòai Liên minh châu Âu ở mức nghèo",chủng tộc,8.951849937438965,3.8510022163391113,-5.1008477210998535,0.29167129237168266
0001-0037-0002,True,"Các Quận 18, 19 và 20","Quận 18, 19 và 20 tập trung tới 40% dân nghèo của Paris",8.934066772460938,3.5755615234375,-5.3585052490234375,0.27757144725382116
0001-0037-0003,False,,Chênh lệch mức sống phân bố theo địa lý còn kéo dài ra cả ngòai ngọai ô,8.963088035583496,2.386913776397705,-6.576174259185791,0.21689484034203907
0001-0037-0004,False,,"Quận 18, 19 và 20 tập trung tới 40% dân nghèo của Paris",8.914968490600586,3.6575775146484375,-5.257390975952148,0.28305452482502513
0001-0037-0005,True,"Các Quận 18, 19 và 20",Các xã thuộc Hauts-de-Seine gần Quận 16 giàu có hơn các xã thuộc Seine-Saint-Denis gần Quận 19,8.982282638549805,3.6039395332336426,-5.378343105316162,0.2765034154377887
0001-0038-0001,True,27%,Tỷ lệ sinh của Paris,8.253951072692871,6.436549186706543,-1.8174018859863281,0.4988305783423268
0001-0038-0002,False,,Tỷ lệ sinh của Paris,8.385246276855469,6.449146270751953,-1.9361000061035156,0.4908549661855067
0001-0038-0003,False,,tỷ lệ ly hôn,8.450233459472656,5.592385768890381,-2.8578476905822754,0.429386756431187
0001-0038-0004,True,Tỷ lệ số gia đình chỉ có bố hoặc mẹ của Paris cũng cao hơn trung bình nước Pháp,tỷ lệ ly hôn,8.467609405517578,5.760025501251221,-2.7075839042663574,0.43931018305275366
0001-0038-0005,True,"bởi giá bất động sản cao, các gia đình thường sống trong một diện tích nhỏ hẹp","Lý do bởi giá bất động sản cao, các gia đình thường sống trong một diện tích nhỏ hẹp",8.598114013671875,6.076268196105957,-2.521845817565918,0.451642877383116
0001-0039-0001,False,,các căn hộ không có diện tích rộng và giá bất động sản quá cao khiến nhiều gia đình chuyển ra sống ngòai ngọai ô,8.76877498626709,3.962136745452881,-4.806638240814209,0.3082750196934854
0001-0039-0002,True,các căn hộ không có diện tích rộng và giá bất động sản quá cao,Với lý do các căn hộ không có diện tích rộng và giá bất động sản quá cao,7.549628734588623,8.982086181640625,1.432457447052002,0.7045161829963769
0001-0039-0003,True,"Hơn một nửa - 58,1% vào năm 1999 - số căn hộ của Paris chỉ gồm một hoặc hai phòng",các căn hộ không có diện tích rộng và giá bất động sản quá cao khiến nhiều gia đình chuyển ra sống ngòai ngọai ô,8.757692337036133,4.01890754699707,-4.7387847900390625,0.31217793030523905
0001-0039-0004,True,"dân số quá đông, tâm lý stress của đô thị, ô nhiễm, giá cả đắt đỏ, kém an ninh","Những người quyết định ở lại cũng đối mặt với một số khó khăn: dân số quá đông, tâm lý stress của đô thị, ô nhiễm, giá cả đắt đỏ, kém an ninh...",8.667139053344727,6.277021408081055,-2.390117645263672,0.46042646095126744
0001-0039-0005,False,,"Những người quyết định ở lại cũng đối mặt với một số khó khăn: dân số quá đông, tâm lý stress của đô thị, ô nhiễm, giá cả đắt đỏ, kém an ninh...",8.629440307617188,6.455420017242432,-2.174020290374756,0.47488662008607924
0001-0039-0006,False,,các căn hộ không có diện tích rộng và giá bất động sản quá cao,7.965364456176758,8.812265396118164,0.8469009399414062,0.6707319343479021
0001-0040-0001,False,,"23,1% dân số của thành phố sinh ngòai lãnh thổ chính quốc Pháp",8.506172180175781,7.4095611572265625,-1.0966110229492188,0.5471281140072324
0001-0040-0002,False,,Paris,8.798583984375,3.7291457653045654,-5.069438219070435,0.29341867154241075
0001-0040-0003,True,Trung Quốc và châu Phi,Paris,8.772705078125,3.724559783935547,-5.048145294189453,0.2946067180612661
0001-0040-0004,True,"Theo cuộc điều tra năm 2011, có 23,1% dân số của thành phố sinh ngòai lãnh thổ chính quốc Pháp",Paris,8.732271194458008,4.2544169425964355,-4.477854251861572,0.3274331237629728
0001-0040-0005,True,"23,1%","23,1% dân số của thành phố sinh ngòai lãnh thổ chính quốc Pháp",8.53378963470459,7.368102073669434,-1.1656875610351562,0.5425234465432631
0001-0041-0001,True,chạy trốn cuộc khủng hỏang nông nghiệp,"các nông dân Đức tới, chạy trốn cuộc khủng hỏang nông nghiệp",8.65199089050293,8.713871955871582,0.061881065368652344,0.6225723444169335
0001-0041-0002,False,,những người Ý và Do Thái,8.938985824584961,5.573558807373047,-3.365427017211914,0.3963270274153012
0001-0042-0001,True,Hungary,Cựu Tổng thống Pháp Nicolas Sarkozy tuy sinh ở Paris nhưng là người gốc Hungary,7.962059020996094,6.666106224060059,-1.2959527969360352,0.5338207430735064
0001-0042-0002,False,,Cựu Tổng thống Pháp Nicolas Sarkozy tuy sinh ở Paris nhưng là người gốc Hungary,8.474929809570312,7.0301103591918945,-1.444819450378418,0.5238503668417066
0001-0042-0003,False,,nhà hóa học người Ba Lan Marie Curie,8.728185653686523,3.5664987564086914,-5.161686897277832,0.288304156105588
0001-0042-0004,True,sau khi mất được đưa vào điện Panthéon và in trên tờ 500 franc của Pháp,nhà hóa học người Ba Lan Marie Curie,8.671469688415527,5.273377418518066,-3.398092269897461,0.39422818857401637
0001-0042-0005,True,Do Thái,nhà văn Marcel Proust và nghệ sĩ Sarah Bernhardt đều mang một phần máu Do Thái và đã nổi danh khắp thế giới. Tiếp đó là nhà hóa học người Ba Lan Marie Curie,8.488641738891602,4.949099540710449,-3.5395421981811523,0.38518545236055224
0001-0043-0001,False,,New York,8.513026237487793,4.672551155090332,-3.840475082397461,0.3662153453134827
0001-0043-0002,False,,số lượng người vô gia cư ở Paris,8.58543872833252,5.28544807434082,-3.299990653991699,0.4005429404283567
0001-0043-0003,True,8.000 người,khỏang 8.000 người vô gia cư,8.606164932250977,3.980675220489502,-4.625489711761475,0.3187542431926429
0001-0043-0004,True,50.000 người vô gia cư trên tổng số 7 triệu dân,50.000 người vô gia cư,8.004376411437988,7.38387393951416,-0.6205024719238281,0.5786060144508602
0001-0043-0005,True,"3,5 triệu dân",Paris,8.577351570129395,3.417170524597168,-5.160181045532227,0.2883872177178805
0001-0044-0001,True,"gặp các vấn đề về sức khỏe, cả thể chất lẫn tâm lý","48% các nữ vô gia cư trong khỏang từ 18 tới 30 tuổi. Con số đó ở nam giới là 22%, và 57% đàn ông vô gia cư trong khỏang 31 tới 50 tuổi",8.885948181152344,3.4166579246520996,-5.469290256500244,0.2716396376248352
0001-0044-0002,True,"17% người vô gia cư là nữ giới, và cứ 3 nữ vô gia cư thì một người kèm theo con nhỏ, có thể cùng bố đưa trẻ hoặc không","57% số người vô gia cư là độc thân, chỉ có 8% có gia đình và một phần ba còn lại đã ly hôn hoặc góa",8.869453430175781,3.8784427642822266,-4.991010665893555,0.2978083582526782
0001-0044-0003,True,31 tới 50 tuổi,17% người vô gia cư là nữ giới,8.611723899841309,6.503750324249268,-2.107973575592041,0.4793156855345332
0001-0044-0004,False,,"57% số người vô gia cư là độc thân, chỉ có 8% có gia đình và một phần ba còn lại đã ly hôn hoặc góa",8.863689422607422,4.069453239440918,-4.794236183166504,0.3089863616179097
0001-0045-0001,True,Sainte-Geneviève,Đại học Paris,8.741387367248535,3.29101300239563,-5.450374364852905,0.27264681391060486
0001-0045-0002,False,,Đại học Paris,8.698771476745605,3.0145251750946045,-5.684246301651001,0.2603595498438248
0001-0045-0003,False,,Đại học Paris,8.727113723754883,2.682297945022583,-6.0448157787323,0.2421325646571185
0001-0045-0004,True,thần học và triết học,Đại học Paris,8.720104217529297,2.565140962600708,-6.154963254928589,0.2367409122578571
0001-0045-0005,True,"khoa luật, y, dược, văn, thần học và khoa học","sáu khoa luật, y, dược, văn, thần học và khoa học",8.45897102355957,6.612021446228027,-1.846949577331543,0.4968449842733743
0001-0045-0006,False,,"Đại học Paris hiện đại hợp thành bởi sáu khoa luật, y, dược, văn, thần học và khoa học",8.656058311462402,4.294771194458008,-4.3612871170043945,0.33437039623501
0001-0046-0001,True,Cao nguyên nhỏ Saclay,Cao nguyên nhỏ Saclay,8.540977478027344,7.066631317138672,-1.4743461608886719,0.5218702933572329
0001-0046-0002,True,cuộc nổi lọan của sinh viên năm 1968,"Cao nguyên nhỏ Saclay ở phía nam thành phố trở thành một địa điểm quan trọng. Trên một diện tích đủ rộng, nơi đây tập trung Đại học Paris XI",8.916608810424805,3.6411173343658447,-5.27549147605896,0.282068192265279
0001-0046-0003,True,tìm những khu vực rộng hơn ngòai ngọai thành,"Cao nguyên nhỏ Saclay ở phía nam thành phố trở thành một địa điểm quan trọng. Trên một diện tích đủ rộng, nơi đây tập trung Đại học Paris XI",8.856353759765625,3.8143181800842285,-5.0420355796813965,0.2949481285843353
0001-0047-0001,False,,"Sorbonne và Trường Sư phạm (École normale supérieure), Trường Mỏ (École des Mines) cùng Collège de France",8.718416213989258,5.117964744567871,-3.6004514694213867,0.38131548145274985
0001-0047-0002,True,Các trường đại học Paris từ I đến VII,"Các trường đại học Paris từ I đến VII đều ở trong nội ô, mặc dù Paris-Dauphine nằm hơi lệch tâm. Có thể nhận thấy bên tả ngạn",8.662281036376953,5.335329055786133,-3.3269519805908203,0.3988040621174091
0001-0047-0003,True,"Sorbonne và Trường Sư phạm (École normale supérieure), Trường Mỏ (École des Mines) cùng Collège de France","Sorbonne và Trường Sư phạm (École normale supérieure), Trường Mỏ (École des Mines) cùng Collège de France...",8.009614944458008,10.171319961547852,2.1617050170898438,0.7436299906114158
0001-0047-0004,True,Bốn,Các trường đại học Paris từ I đến VII đều ở trong nội ô,8.604639053344727,6.121469497680664,-2.4831695556640625,0.45421892105266887
0001-0048-0001,True,"600.000 sinh viên, chiếm hơn một phần tư số sinh viên ở Pháp","tòan vùng Île-de-France có tổng cộng khỏang 600.000 sinh viên, chiếm hơn một phần tư số sinh viên ở Pháp. Trong đó, một nửa sinh viên thuộc các trường nội thành Paris",8.60435676574707,5.745532512664795,-2.8588242530822754,0.4293224405713238
0001-0048-0002,True,CROUS,CROUS,7.977650165557861,9.233436584472656,1.255786418914795,0.694535003280217
0001-0048-0003,True,Cité internationale universitaire,Cư xá đại học lớn nhất Paris là Cité internationale universitaire,8.392379760742188,8.48924732208252,0.09686756134033203,0.6247796174397292
0001-0049-0001,True,"Thành phố được bao bọc bởi một hệ thống các đại lộ vành đai và từ các cửa ô của Paris, các đường quốc lộ, xa lộ tỏa đi khắp vùng và tới các tỉnh","Thành phố được bao bọc bởi một hệ thống các đại lộ vành đai và từ các cửa ô của Paris, các đường quốc lộ, xa lộ tỏa đi khắp vùng và tới các tỉnh. Việc đậu xe ở Paris",8.391457557678223,3.827723503112793,-4.56373405456543,0.3223697631418755
0001-0049-0002,True,Haussmann,Haussmann,8.399771690368652,3.8316214084625244,-4.568150281906128,0.3221104989866649
0001-0049-0003,True,khá khó khăn,Việc đậu xe ở Paris,8.534520149230957,3.463719367980957,-5.07080078125,0.29334274231743684
0001-0049-0004,False,,"Thành phố được bao bọc bởi một hệ thống các đại lộ vành đai và từ các cửa ô của Paris, các đường quốc lộ, xa lộ tỏa đi khắp vùng và tới các tỉnh. Việc đậu xe ở Paris",8.42579460144043,3.5037317276000977,-4.922062873840332,0.3016985097230243
0001-0049-0005,False,,Việc đậu xe ở Paris,8.591397285461426,3.177062511444092,-5.414334774017334,0.27457218925918697
0001-0050-0001,False,,các làn đường được phép chạy chung với xe búyt,8.601237297058105,5.123289108276367,-3.4779481887817383,0.3891137510510742
0001-0050-0002,True,"Cùng với các làn đường được phép chạy chung với xe búyt, ở nhiều phố những người đi xe đạp còn có làn đường riêng, tổng cộng dài 371 km",các làn đường được phép chạy chung với xe búyt,8.449756622314453,5.9033098220825195,-2.5464468002319336,0.45000566029531325
0001-0050-0003,True,Vélib',hệ thống dịch vụ xe đạp tự do,7.547964096069336,8.34561538696289,0.7976512908935547,0.6678016234867947
0001-0050-0004,True,khuyến khích giao thông công cộng và xe đạp,hệ thống dịch vụ xe đạp tự do,8.662940979003906,1.8494229316711426,-6.813518047332764,0.20625429307959064
0001-0050-0005,False,,hệ thống dịch vụ xe đạp tự do,8.660003662109375,1.897141933441162,-6.762861728668213,0.20849243414459814
0001-0051-0001,True,Charles-de-Gaulle ở phía đông bắc và Orly ở phía nam,Charles-de-Gaulle ở phía đông bắc và Orly ở phía nam,8.68968391418457,6.826803207397461,-1.8628807067871094,0.49577445549022847
0001-0051-0002,False,,"Paris là thành phố châu Âu có lượng hành khách trung chuyển lớn nhất, 82,5 triệu và 2,24 triệu tấn hàng hóa trong 2006",8.00457763671875,8.466917037963867,0.4623394012451172,0.6475131300658439
0001-0051-0003,True,Orly,Charles-de-Gaulle ở phía đông bắc và Orly ở phía nam,8.35775375366211,8.12844181060791,-0.22931194305419922,0.6040112701404987
0001-0051-0004,False,,sân bay quốc tế Charles-de-Gaulle,8.760101318359375,6.147727966308594,-2.6123733520507812,0.44562362168581365
0001-0051-0005,True,"đường cao tốc, xe búyt và tuyến RER B",sân bay quốc tế Charles-de-Gaulle,8.730756759643555,6.653284072875977,-2.077472686767578,0.48136220298301735
0001-0051-0006,True,Charles-de-Gaulle,Charles-de-Gaulle,8.530220031738281,8.207588195800781,-0.3226318359375,0.5979960785888134
0001-0051-0007,True,Paris,"Paris là thành phố châu Âu có lượng hành khách trung chuyển lớn nhất, 82,5 triệu và 2,24 triệu tấn hàng hóa trong 2006",8.099298477172852,8.307899475097656,0.2086009979248047,0.6317937658541571
0001-0052-0001,True,"Ngòai các họat động thể thao, nó còn là nơi tổ chức nhiều buổi hòa nhạc lớn",nó còn là nơi tổ chức nhiều buổi hòa nhạc lớn,8.431900024414062,8.262850761413574,-0.16904926300048828,0.607879135213554
0001-0052-0002,False,,nó còn là nơi tổ chức nhiều buổi hòa nhạc lớn,8.441221237182617,8.039216995239258,-0.4020042419433594,0.5928565150972986
0001-0052-0003,False,,Sân Stade de France,8.780403137207031,6.8200578689575195,-1.9603452682495117,0.489226308690835
0001-0052-0004,True,Công viên các hòang tử (Parc des Princes),Sân Stade Charléty,8.823753356933594,5.854920387268066,-2.9688329696655273,0.42209309846760246
0001-0052-0005,False,,Sân Stade Charléty,8.70382022857666,7.966666221618652,-0.7371540069580078,0.5709424037979586
0001-0052-0006,True,Stade de France,Sân Stade de France,8.664379119873047,8.16209888458252,-0.5022802352905273,0.5863343519428564
0001-0053-0001,False,,Khu vực trung tâm Paris,8.458534240722656,4.56510066986084,-3.8934335708618164,0.36291760999521633
0001-0053-0002,True,nam tước Haussmann,Khu vực trung tâm Paris,8.602703094482422,4.5312581062316895,-4.071444988250732,0.3519284279311623
0001-0053-0003,True,37 cây cầu,Khu vực trung tâm Paris,8.515832901000977,4.704722881317139,-3.811110019683838,0.3680493540374723
0001-0053-0004,True,Haussmann,nam tước Haussmann,8.132648468017578,9.295759201049805,1.1631107330322266,0.6892243956993809
0001-0053-0005,False,,Trung tâm của thành phố Paris,7.936552047729492,8.624929428100586,0.6883773803710938,0.6612535799530359
0001-0054-0001,True,đại lộ Winston-Churchill,Grand Palais và Petit Palais ở hai bên đại lộ Winston-Churchill,8.74998664855957,6.583798885345459,-2.1661877632141113,0.4754116733075371
0001-0054-0002,True,"sân giữa của Palais de Chaillot, cạnh quảng trường Trocadéro","sân giữa của Palais de Chaillot, cạnh quảng trường Trocadéro",8.737255096435547,6.734691619873047,-2.0025634765625,0.48639089806201957
0001-0054-0003,True,"các công trình quan trọng, cả cổ và hiện đại","các công trình quan trọng, cả cổ và hiện đại",8.665907859802246,6.404082298278809,-2.2618255615234375,0.4690046649335492
0001-0054-0004,False,,"các công trình quan trọng, cả cổ và hiện đại",8.709627151489258,6.105713844299316,-2.6039133071899414,0.4461854902098133
0001-0055-0001,False,,"Kim tự tháp kính Louvre không nằm trên đường thẳng này, mà được xây lệnh sang một bên",8.36514663696289,7.228245735168457,-1.1369009017944336,0.5444433048240969
0001-0055-0002,True,khu đô thị hiện đại La Défense,Axe historique,8.647534370422363,5.539074897766113,-3.10845947265625,0.41296562179238994
0001-0055-0003,True,"Kim tự tháp kính Louvre không nằm trên đường thẳng này, mà được xây lệnh sang một bên","Kim tự tháp kính Louvre không nằm trên đường thẳng này, mà được xây lệnh sang một bên",8.167200088500977,7.434942245483398,-0.7322578430175781,0.5712647769254878
0001-0055-0004,True,Axe historique,Axe historique,8.399360656738281,9.671491622924805,1.2721309661865234,0.6954663091877049
0001-0055-0005,False,,Axe historique,8.700955390930176,6.509786128997803,-2.191169261932373,0.47373723474882334
0001-0056-0001,True,những tòa nhà mới có độ cao trên 37 mét phải có giấy phép đặc biệt,những tòa nhà mới có độ cao trên 37 mét phải có giấy phép đặc biệt,8.471597671508789,4.994373321533203,-3.477224349975586,0.38916000233108555
0001-0056-0002,False,,"Để bảo đảm mỹ quan, mặt ngòai các tòa nhà ở Paris phải tuân theo những quy định của thành phố, như về màu sắc, kiểu cửa sổ...",8.340051651000977,5.020750045776367,-3.3193016052246094,0.39929721796497336
0001-0056-0003,True,"màu sắc, kiểu cửa sổ","Để bảo đảm mỹ quan, mặt ngòai các tòa nhà ở Paris phải tuân theo những quy định của thành phố, như về màu sắc, kiểu cửa sổ...",8.389738082885742,4.593707084655762,-3.7960309982299805,0.3689926103524296
0001-0056-0004,True,Tour Generali,Tháp Montparnasse,8.337007522583008,7.6277995109558105,-0.7092080116271973,0.5727816067290978
0001-0057-0001,False,,"Đại lộ Opéra gần nhà hát Opéra Garnier và khu mua sắm Galeries Lafayette, Printemps... là nơi có nhiều văn phòng hàng không, du lịch. Phố Mouffetard",8.855193138122559,3.0530569553375244,-5.802136182785034,0.25430356694255135
0001-0057-0002,True,có nhiều cửa hiệu thời trang cao cấp và khách sạn sang trọng Plaza Athénée,Đại lộ Montaigne là nơi có nhiều cửa hiệu thời trang cao cấp và khách sạn sang trọng Plaza Athénée,8.75910758972168,5.902686595916748,-2.8564209938049316,0.4294807221684067
0001-0057-0003,True,Đại lộ Saint-Michel,Đại lộ Saint-Michel,8.152164459228516,9.61912727355957,1.4669628143310547,0.7064433563163705
0001-0058-0001,True,Trocadéro,Vendôme,8.563661575317383,8.456110000610352,-0.10755157470703125,0.6118123521778407
0001-0058-0002,False,,Vendôme,8.732349395751953,8.429604530334473,-0.30274486541748047,0.599280490635223
0001-0058-0003,True,Quinconces ở Bordeaux,quảng trường lớn nhất là Concorde,8.50266170501709,8.687456130981445,0.18479442596435547,0.6303038426500104
0001-0058-0004,False,,Vendôme,8.565851211547852,8.361011505126953,-0.20483970642089844,0.6055835813695316
0001-0058-0005,False,,Vendôme,8.67939567565918,8.513933181762695,-0.16546249389648438,0.6081089251491764
0001-0058-0006,True,Concorde,Vendôme,8.646407127380371,8.534424781799316,-0.11198234558105469,0.611529452385054
0001-0058-0007,True,"Bộ Tư pháp, khách sạn Ritz",Vendôme,8.807500839233398,7.409234046936035,-1.3982667922973633,0.5269706609041491
0001-0059-0001,False,,Sainte-Chapelle,7.928918361663818,9.173008918762207,1.2440905570983887,0.6938675993618957
0001-0059-0002,True,tâm của Paris,Sainte-Chapelle,8.565174102783203,5.783514976501465,-2.7816591262817383,0.43441167681714676
0001-0059-0003,True,Cầu Pont Neuf,"Sainte-Chapelle, xây dựng gần Conciergerie, được xem như một kiệt tác của kiến trúc Gothic. Cầu Pont Neuf",8.387083053588867,8.135835647583008,-0.2512474060058594,0.6026001128011939
0001-0059-0004,True,đảo Île de la Cité,Sainte-Chapelle,8.60972785949707,5.709395408630371,-2.900332450866699,0.4265909669407593
0001-0059-0005,False,,Sainte-Chapelle,8.677412033081055,5.612797737121582,-3.0646142959594727,0.41582568438157
0001-0059-0006,True,kiến trúc Gothic,"xây dựng gần Conciergerie, được xem như một kiệt tác của kiến trúc Gothic",7.624664306640625,7.615222930908203,-0.009441375732421875,0.6180569700000219
0001-0060-0001,True,Kiến trúc đương đại,"Kiến trúc đương đại của Paris được hiện diện bởi Trung tâm Pompidou, xây từ những năm 1970, là nơi có bảo tàng Nghệ thuật hiện đại và một thư viện quan trọng mở cửa cho công chúng",8.607176780700684,8.385683059692383,-0.22149372100830078,0.60451381679372
0001-0060-0002,False,,Viện thế giới Ả Rập,8.82873249053955,7.337841510772705,-1.4908909797668457,0.5207604863943208
0001-0060-0003,False,,"bảo tàng Branly về nghệ thuật và văn minh châu Phi, Á, Đại Dương và Mỹ thiết kế bởi Jean Nouvel hòan thành 2006",8.853363037109375,5.515508651733398,-3.3378543853759766,0.39810162990112524
0001-0060-0004,True,kiến trúc sư Ieoh Ming Pei,kiến trúc sư Ieoh Ming Pei,8.470890045166016,8.978328704833984,0.5074386596679688,0.6502750765873234
0001-0060-0005,True,"nghệ thuật và văn minh châu Phi, Á, Đại Dương và Mỹ","bảo tàng Branly về nghệ thuật và văn minh châu Phi, Á, Đại Dương và Mỹ",8.390705108642578,8.599184036254883,0.2084789276123047,0.6317861325247361
0001-0060-0006,False,,Trung tâm Pompidou,8.861350059509277,6.464630126953125,-2.3967199325561523,0.45998559118261406
0001-0060-0007,True,"Guimard, Plumet hay Lavirotte với phong cách Tân nghệ thuật, kế đó Mallet-Stevens, Roux-Spitz, Dudok, Henri Sauvage, Le Corbusier, Auguste Perret","bảo tàng Branly về nghệ thuật và văn minh châu Phi, Á, Đại Dương và Mỹ thiết kế bởi Jean Nouvel hòan thành 2006",8.852959632873535,5.131874084472656,-3.721085548400879,0.37369551281682445
0001-0061-0001,True,Rừng Boulogne và rừng Vincennes,Rừng Boulogne và rừng Vincennes,8.625221252441406,6.236464500427246,-2.38875675201416,0.4605173427381616
0001-0061-0002,True,tạo ra các không gian xanh,Paris,8.845965385437012,4.436985969543457,-4.408979415893555,0.3315232014115531
0001-0061-0003,False,,Rừng Boulogne và rừng Vincennes,8.7547607421875,3.334019899368286,-5.420740842819214,0.2742293352093531
0001-0061-0004,False,,các khu vườn của Paris,8.729528427124023,3.0053954124450684,-5.724133014678955,0.25830015587335997
0001-0061-0005,True,kỹ sư Jean-Charles Alphand và họa sĩ phong cảnh Jean-Pierre Barillet-Deschamps,các khu vườn của Paris,8.69489860534668,3.782748222351074,-4.9121503829956055,0.3022601571906455
0001-0062-0001,True,những khu vườn gia đình hoặc giáo dục,những khu vườn gia đình hoặc giáo dục,8.480806350708008,8.730795860290527,0.24998950958251953,0.6343780548943003
0001-0062-0002,False,,công viên Bercy,8.725178718566895,6.746918678283691,-1.9782600402832031,0.48802304216210746
0001-0062-0003,True,Bernard Tschumi,một khu vực lò mổ cũ,8.610877990722656,5.1619486808776855,-3.4489293098449707,0.3909695322042706
0001-0062-0004,True,khu vực lò mổ cũ,Vườn Éole,8.671438217163086,3.4787917137145996,-5.192646503448486,0.28659960741381585
0001-0063-0001,True,trung tâm của hội họa đầu thế kỷ 20,Chợ Tàu Paris,8.89791488647461,6.888050556182861,-2.009864330291748,0.48590065025794626
0001-0063-0002,False,,Chợ Tàu Paris,9.051759719848633,5.916233062744141,-3.135526657104492,0.411202918266465
0001-0063-0003,True,Quận La Tinh,Chợ Tàu Paris,9.006036758422852,6.042637348175049,-2.9633994102478027,0.4224494146057938
0001-0063-0004,False,,Chợ Tàu Paris,9.019906997680664,6.0772504806518555,-2.9426565170288086,0.42381040912249324
0001-0063-0005,False,,Chợ Tàu Paris,9.015954971313477,5.845463752746582,-3.1704912185668945,0.40892928702779335
0001-0063-0006,True,Paris,Chợ Tàu Paris,9.003839492797852,6.448172569274902,-2.555666923522949,0.44939232989540034
0001-0063-0007,True,khu phố sinh viên,Quận La Tinh là khu phố sinh viên,8.926798820495605,6.622733116149902,-2.304065704345703,0.4661780193110178
0001-0064-0001,True,"bảo tàng Picasso, Không gian Dalí, bảo tàng Rodin, bảo tàng Eugène Delacroix",viện bảo tàng Louvre,8.552835464477539,6.329221725463867,-2.223613739013672,0.47156346106256797
0001-0064-0002,True,Louvre,viện bảo tàng Louvre,8.410295486450195,7.307465553283691,-1.102829933166504,0.5467138774809545
0001-0064-0003,False,,viện bảo tàng Louvre,8.511008262634277,6.324399948120117,-2.18660831451416,0.4740428990752067
0001-0064-0004,False,,"Bảo tàng Quai Branly (Musée du quai Branly) về nghệ thuật và văn minh châu Phi, châu Á, châu Đại Dương, châu Mỹ",7.953031539916992,8.353825569152832,0.40079402923583984,0.6437280615827101
0001-0064-0005,True,cung điện của các vị vua,lâu đài Versailles,8.622203826904297,6.843542098999023,-1.7786617279052734,0.5014339488623084
0001-0064-0006,True,viện bảo tàng Louvre,"Bảo tàng Quai Branly (Musée du quai Branly) về nghệ thuật và văn minh châu Phi, châu Á, châu Đại Dương, châu Mỹ",8.648665428161621,5.2844438552856445,-3.3642215728759766,0.39640455437723654
0001-0064-0007,True,"nghệ thuật và văn minh châu Phi, châu Á, châu Đại Dương, châu Mỹ","Bảo tàng Quai Branly (Musée du quai Branly) về nghệ thuật và văn minh châu Phi, châu Á, châu Đại Dương, châu Mỹ",7.885750770568848,8.256966590881348,0.3712158203125,0.6419025448911806
0001-0065-0001,True,triều vua François Đệ nhất,""" François-Mitterrand """,8.533656120300293,6.958468437194824,-1.5751876831054688,0.5151030121185715
0001-0065-0002,True,""" Richelieu "" là thư viện cổ, nhỏ hơn, nằm ở trung tâm, còn "" François-Mitterrand "" là một công trình kiến trúc hiện đại gồm bốn tòa nhà cao tầng ở khu Paris Rive Gauche",""" François-Mitterrand """,8.573089599609375,6.757343292236328,-1.8157463073730469,0.49894183429487365
0001-0065-0003,True,lưu trữ tư liệu quan trọng bậc nhất thế giới với khỏang 30 triệu cuốn sách gồm nhiều phiên bản gốc giá trị,""" Richelieu """,8.371140480041504,7.096488952636719,-1.2746515274047852,0.5352453799927743
0001-0066-0001,True,55 thư viện phổ thông và khỏang 10 thư viện chuyên đề,"thư viện của chính quyền thành phố đều miễn phí, kể cả các thư viện chuyên đề có thể cấm vị thành viên",8.518857955932617,5.527080535888672,-2.9917774200439453,0.4205893701243845
0001-0066-0002,False,,"Thư viện quốc gia Pháp hay thư viện Mazarine, các thư viện của chính quyền thành phố đều miễn phí, kể cả các thư viện chuyên đề có thể cấm vị thành viên",8.464200973510742,5.999694347381592,-2.4645066261291504,0.4554628568170202
0001-0066-0003,False,,"thư viện của chính quyền thành phố đều miễn phí, kể cả các thư viện chuyên đề có thể cấm vị thành viên",8.590022087097168,5.389155864715576,-3.200866222381592,0.4069572531628383
0001-0066-0004,True,"một triệu cuốn sách, ảnh, bản đồ liên quan tới lịch sử thành phố","thư viện của chính quyền thành phố đều miễn phí, kể cả các thư viện chuyên đề có thể cấm vị thành viên",8.466407775878906,5.553457260131836,-2.9129505157470703,0.4257615058821702
0001-0066-0005,True,"Những sách, tạp chí, truyện tranh... được mượn tự do, còn các đĩa nhạc, video thì cần trả một số tiền trung bình hàng năm","thư viện của chính quyền thành phố đều miễn phí, kể cả các thư viện chuyên đề có thể cấm vị thành viên",8.574113845825195,6.229574680328369,-2.344539165496826,0.4634716308709444
0001-0067-0001,True,tháng 1 năm 2015,"phòng hòa nhạc giao hưởng hiện đại của Paris, mở cửa vào tháng 1 năm 2015",8.528534889221191,9.734111785888672,1.2055768966674805,0.6916641405632578
0001-0067-0002,False,,"khu thể thao liên hợp Paris-Bercy ở khu Bercy, sân vận động Stade de France ở Saint-Denis thuộc ngọai ô, và sân vận động Công viên các hòang tử",9.06373119354248,6.258058547973633,-2.8056726455688477,0.43282638944629015
0001-0067-0003,True,"Bobino, Olympia, La Cigale hoặc Le Splendid","phòng hòa nhạc của Paris: Bobino, Olympia, La Cigale hoặc Le Splendid",8.965593338012695,5.633017063140869,-3.332576274871826,0.3984416416441242
0001-0067-0004,False,,"Philharmonie de Paris, phòng hòa nhạc giao hưởng hiện đại của Paris, mở cửa vào tháng 1 năm 2015",9.082521438598633,3.6474204063415527,-5.43510103225708,0.2734617435814816
0001-0067-0005,True,"một trong những phòng hòa nhạc luôn dành cho jazz, nhưng cũng có các thể lọai nhạc khác",phòng hòa nhạc luôn dành cho jazz,7.967849254608154,9.450422286987305,1.4825730323791504,0.7073127913619814
0001-0068-0001,True,quán Moulin de la galette và cà phê hòa nhạc Élysée Montmartre cùng Château-Rouge,quán Moulin de la galette và cà phê hòa nhạc Élysée Montmartre cùng Château-Rouge,8.38453483581543,9.777191162109375,1.3926563262939453,0.7022841391429162
0001-0068-0002,True,một chiếc thuyền được cải tạo thành hộp đêm,một chiếc thuyền được cải tạo thành hộp đêm,7.3410491943359375,8.445178031921387,1.1041288375854492,0.6858182938454009
0001-0068-0003,False,,"Các sàn với nhạc điện tử như Le Rex, Batofar - một chiếc thuyền được cải tạo thành hộp đêm",8.397472381591797,7.117586612701416,-1.2798857688903809,0.5348953643446896
0001-0068-0004,False,,quán Moulin de la galette và cà phê hòa nhạc Élysée Montmartre cùng Château-Rouge,8.680456161499023,7.404480934143066,-1.275975227355957,0.5351568669572999
0001-0068-0005,True,"hộp đêm Queen, vũ trường L'Étoile, Le Cab",Các quán rượu và cà phê hòa nhạc,8.727083206176758,5.354776859283447,-3.3723063468933105,0.395884689907029
0001-0069-0001,True,Le Grand Rex,"UGC, Gaumont",8.719457626342773,5.31997537612915,-3.399482250213623,0.3941389641374756
0001-0069-0002,True,nhỏ hơn 1.000 chỗ,Paris có hơn 374 phòng chiếu phim,8.704010009765625,4.140418529510498,-4.563591480255127,0.3223781350973439
0001-0069-0003,True,chiếm một thị phần lớn tại các rạp,phim Hollywood chiếm một thị phần lớn tại các rạp của Paris,8.665125846862793,7.458320617675781,-1.2068052291870117,0.5397790228027034
0001-0069-0004,False,,Paris,8.708883285522461,5.178606986999512,-3.530276298522949,0.38577546482925124
0001-0069-0005,True,"UGC, Gaumont","UGC, Gaumont",7.300882339477539,10.386430740356445,3.0855484008789062,0.7880572517776625
0001-0070-0001,True,quy họach lại thành phố cùng sự xuất hiện các đại lộ lớn với vỉa hè,Những quán cà phê vườn,8.433106422424316,7.511514663696289,-0.9215917587280273,0.5587571598786107
0001-0070-0002,True,"Montmartre, Champs-Élysées","nơi tập trung nhiều sinh viên như trong quận La Tinh, nơi chủ yếu cho khách du lịch như Montmartre, Champs-Élysées",8.583349227905273,5.954489231109619,-2.6288599967956543,0.44452907209210096
0001-0070-0003,True,quán Café Procope,Những quán cà phê vườn,8.523635864257812,5.943181037902832,-2.5804548263549805,0.4477441854630885
0001-0070-0004,False,,Những quán cà phê vườn,8.631294250488281,5.160839080810547,-3.4704551696777344,0.3895926305279169
0001-0070-0005,False,,Những quán cà phê vườn,8.60003662109375,5.992086410522461,-2.607950210571289,0.44591736458455505
0001-0071-0001,True,Antoine Beauvilliers,La Taverne Anglaise đã trở thành một hình mẫu cho các nhà hàng ở Paris,8.41923713684082,5.6610426902771,-2.7581944465637207,0.435962029173029
0001-0071-0002,False,,La Taverne Anglaise,8.452634811401367,5.927903652191162,-2.524731159210205,0.45145080046197933
0001-0071-0003,True,La Taverne Anglaise,La Taverne Anglaise,8.269196510314941,7.219574928283691,-1.04962158203125,0.5502558929379259
0001-0071-0004,True,"món ăn ngon, thức ăn được chuẩn bị rất tỉ mỉ và trình bày rất khéo léo",La Taverne Anglaise,8.573709487915039,5.092777252197266,-3.4809322357177734,0.38892309985892703
0001-0072-0001,False,,"Chez Jenny là một ví dụ cho ẩm thực vùng Grand Est, Aux Lyonnais với các món từ Lyon...",8.63388729095459,5.630396842956543,-3.003490447998047,0.4198222902332503
0001-0072-0002,True,"Ý, Ấn Độ, Trung Quốc, Việt Nam, Thái Lan","Chez Jenny là một ví dụ cho ẩm thực vùng Grand Est, Aux Lyonnais với các món từ Lyon...",8.62778091430664,5.501688003540039,-3.1260929107666016,0.4118170184094555
0001-0072-0003,True,Nhờ giao thông đường sắt vào giữa thế kỷ 19 và cách mạng công nghiệp,"Chez Jenny là một ví dụ cho ẩm thực vùng Grand Est, Aux Lyonnais với các món từ Lyon... Sau đó, những người nhập cư",8.57817268371582,6.497950553894043,-2.0802221298217773,0.48117769699130775
0001-0072-0004,False,,"Chez Jenny là một ví dụ cho ẩm thực vùng Grand Est, Aux Lyonnais với các món từ Lyon... Sau đó, những người nhập cư",8.661931991577148,5.523111343383789,-3.1388206481933594,0.41098855731264555
0001-0072-0005,True,nhà hàng được trang trí theo phong cách Tân nghệ thuật,Maxim's - nhà hàng được trang trí theo phong cách Tân nghệ thuật,8.007732391357422,8.080056190490723,0.07232379913330078,0.6232317060329476
0001-0073-0001,False,,khách sạn Ritz trên quảng trường Vendôme mở cửa năm 1898 và khách sạn Crillon trên quảng trường Concorde,8.096741676330566,7.7384185791015625,-0.3583230972290039,0.595687571106424
0001-0073-0002,False,,khách sạn Ritz trên quảng trường Vendôme mở cửa năm 1898 và khách sạn Crillon trên quảng trường Concorde năm 1909,8.727287292480469,2.517820358276367,-6.209466934204102,0.2341038089309916
0001-0073-0003,False,,khách sạn Ritz trên quảng trường Vendôme mở cửa năm 1898 và khách sạn Crillon trên quảng trường Concorde năm 1909,8.591869354248047,4.257872104644775,-4.3339972496032715,0.3360050414532781
0001-0073-0004,True,Concorde,quảng trường Concorde,7.657460689544678,7.3257646560668945,-0.3316960334777832,0.597410214232123
0001-0073-0005,True,những cuộc Triển lãm thế giới được tổ chức ở đây đã kéo theo một số lượng lớn du khách từ khắp nơi tới thành phố,khách sạn Ritz trên quảng trường Vendôme mở cửa năm 1898 và khách sạn Crillon trên quảng trường Concorde năm 1909,8.615704536437988,4.000118255615234,-4.615586280822754,0.3193325927352766
0001-0073-0006,True,năm 1898,khách sạn Ritz,8.46761417388916,7.425605773925781,-1.042008399963379,0.550762285341297
0001-0074-0001,True,chặng đích của cuộc đua xe đạp Tour de France,"duyệt binh truyền thống tại đại lộ Champs-Élysées. Cũng vào cuối tháng này, Champs-Élysées là chặng đích của cuộc đua xe đạp Tour de France",8.330101013183594,8.266767501831055,-0.06333351135253906,0.6146314709079499
0001-0074-0002,True,thay đổi một phần bờ sông Seine thành bãi biển nhân tạo với cát và các ghế vải gập,"thành phố tổ chức Paris-Plage, thay đổi một phần bờ sông Seine thành bãi biển nhân tạo với cát và các ghế vải gập",8.368103981018066,8.304718971252441,-0.063385009765625,0.6146281920607997
0001-0074-0003,True,Tháng mười,Hội chợ quốc tế nghệ thuật đương đại - FIAC,8.728804588317871,6.188360214233398,-2.5404443740844727,0.4504050285663635
0001-0074-0004,True,bảy,cuộc đua xe đạp,8.69780158996582,6.394743919372559,-2.3030576705932617,0.46624545082228874
0001-0075-0001,False,,Métro là hai nhật báo miễn phí,7.7448015213012695,8.225631713867188,0.48083019256591797,0.6486467394097181
0001-0075-0002,True,Zurban và Le Pariscope,họat động văn hóa cho thiếu nhi,8.504182815551758,6.296023368835449,-2.2081594467163086,0.47259876624232366
0001-0075-0003,True,Paris,Paris,8.672754287719727,5.519893169403076,-3.1528611183166504,0.4100752344674941
0001-0075-0004,True,không có nguồn gốc ở Paris,Le Parisien là nhật báo chính của Paris. 20 phút và Métro là hai nhật báo miễn phí,7.8005876541137695,8.199355125427246,0.39876747131347656,0.6436031183696618
0001-0075-0005,False,,họat động văn hóa cho thiếu nhi,8.551557540893555,6.149480819702148,-2.4020767211914062,0.4596279359477836
0001-0075-0006,False,,"20 phút và Métro là hai nhật báo miễn phí, không có nguồn gốc ở Paris, nhưng được nhiều người dân thành phố đọc. Những hành khách đọc các tờ báo miền phí",8.71993637084961,4.503893852233887,-4.216042518615723,0.3431153602731196
0001-0076-0001,True,thế kỷ 20,Pablo Picasso,8.684764862060547,6.117707252502441,-2.5670576095581055,0.44863482444580294
0001-0076-0002,True,"Rousseau, Voltaire","hội họa, với các trường phái Ấn tượng, Hậu ấn tượng",8.775983810424805,3.7037675380706787,-5.072216272354126,0.29326387578256197
0001-0076-0003,True,thủ đô của hội họa,"thành phố trở thành thủ đô của hội họa, với các trường phái Ấn tượng, Hậu ấn tượng",7.373448371887207,9.139701843261719,1.7662534713745117,0.7228460042801279
0001-0077-0001,True,"Ngày 28 tháng 12 năm 1895, buổi chiếu phim đầu tiên của anh em Auguste và Louis Lumière tổ chức tại Salon Indien nằm dưới tầng hầm quán cà phê Grand Café",buổi chiếu phim đầu tiên của anh em Auguste và Louis Lumière tổ chức tại Salon Indien nằm dưới tầng hầm quán cà phê Grand Café ở Paris,8.218798637390137,9.237491607666016,1.018692970275879,0.6808488945058966
0001-0077-0002,True,"Vincent van Gogh, Paul Cézanne, Auguste Rodin, Alfred Sisley, Paul Gauguin, Auguste Renoir, Camille Pissarro","Vincent van Gogh, Paul Cézanne, Auguste Rodin, Alfred Sisley, Paul Gauguin, Auguste Renoir, Camille Pissarro...",8.70016098022461,5.159022331237793,-3.5411386489868164,0.3850838312949052
0001-0077-0003,False,,bức tranh Ấn tượng mặt trời mọc,8.579941749572754,8.875131607055664,0.29518985748291016,0.6371915356769505
0001-0077-0004,False,,buổi chiếu phim đầu tiên của anh em Auguste và Louis Lumière tổ chức tại Salon Indien nằm dưới tầng hầm quán cà phê Grand Café ở Paris,8.472707748413086,8.53657054901123,0.06386280059814453,0.622697507543989
0001-0077-0005,True,bức tranh Ấn tượng mặt trời mọc,bức tranh Ấn tượng mặt trời mọc,8.415332794189453,9.939455032348633,1.5241222381591797,0.7096195633830883
0001-0077-0006,False,,"Vincent van Gogh, Paul Cézanne, Auguste Rodin, Alfred Sisley, Paul Gauguin, Auguste Renoir, Camille Pissarro...",8.705126762390137,6.82850456237793,-1.876622200012207,0.4948510950953986
0001-0078-0001,False,,tiểu thuyết,8.77515697479248,3.9236321449279785,-4.851524829864502,0.30570808246873876
0001-0078-0002,True,đầu thế kỷ 20,tiểu thuyết,8.787771224975586,6.172065734863281,-2.6157054901123047,0.44540235790725763
0001-0078-0003,True,Georges Braque và Pablo Picasso,tiểu thuyết,8.7889404296875,3.981869697570801,-4.807070732116699,0.3082502297755797
0001-0078-0004,True,Marcel Proust,Marcel Proust,8.708781242370605,7.13215446472168,-1.5766267776489258,0.5150063912290958
0001-0078-0005,False,,tiểu thuyết,8.838430404663086,5.4393744468688965,-3.3990559577941895,0.39416632758847914
0001-0079-0001,True,nước Pháp,nước Pháp,8.311312675476074,7.398108959197998,-0.9132037162780762,0.5593129864094941
0001-0079-0002,True,Pháp,Những thợ may Pháp,8.626961708068848,4.5970330238342285,-4.029928684234619,0.35447787104754797
0001-0079-0003,False,,cách ăn mặc của người Paris,8.495077133178711,5.814665794372559,-2.6804113388061523,0.4411100931211958
0001-0079-0004,True,Những du khách tới Paris và mang về các bộ quần áo rồi lại được những nhà may địa phương bắt chước,"đường sắt và tàu thủy hơi nước giúp đi lại ở châu Âu được dễ dàng hơn, những phụ nữ giàu có đã tìm tới Paris để mua sắm quần áo. Những thợ may Pháp được xem như hàng đầu và cách ăn mặc của người Paris",8.562516212463379,5.371885299682617,-3.1906309127807617,0.40762142779985777
0001-0079-0005,False,,nước Pháp,8.282320022583008,7.456060409545898,-0.8262596130371094,0.5650652601340866
0001-0079-0006,False,,Những thợ may Pháp,8.441793441772461,4.847448825836182,-3.5943446159362793,0.381702820524069
0001-0080-0001,False,,tòan bộ ngành thời trang,8.826257705688477,2.7613415718078613,-6.064916133880615,0.24114246239622938
0001-0080-0002,True,"Yves Saint Laurent, Pierre Cardin, Givenchy","thời trang may đo cao cấp Haute couture xuất hiện ở Paris mặc dù cha đẻ của nó là Charles Frederick Worth, một nhà may người Anh. Sau đó, Haute couture được các nhà tạo mẫu ở Paris",8.86541748046875,2.9037609100341797,-5.96165657043457,0.24625814287972392
0001-0080-0003,True,chuẩn mực cho tất cả phụ nữ ở các thành phố lớn trên thế giới,thời trang Paris,8.81193733215332,3.217606782913208,-5.594330549240112,0.2650408560063061
0001-0080-0004,False,,Haute couture được các nhà tạo mẫu ở Paris,8.714567184448242,5.231390953063965,-3.4831762313842773,0.3887797530247405
0001-0080-0005,True,Anh,"thời trang may đo cao cấp Haute couture xuất hiện ở Paris mặc dù cha đẻ của nó là Charles Frederick Worth, một nhà may người Anh",8.737335205078125,5.578719139099121,-3.158616065979004,0.40970105784628574
0001-0081-0001,True,"Galeries Lafayette, Printemps, Le Bon Marché, La Samaritaine và BHV","Paris có tất cả năm hệ thống đại cửa hàng: Galeries Lafayette, Printemps, Le Bon Marché, La Samaritaine và BHV.",8.618485450744629,7.91849422454834,-0.6999912261962891,0.5733877503711369
0001-0081-0002,True,một ý tưởng cách mạng,các cửa hàng hiện đại,8.33134651184082,8.943977355957031,0.6126308441162109,0.6566779138172655
0001-0081-0003,True,Le Bon Marché,"Paris có tất cả năm hệ thống đại cửa hàng: Galeries Lafayette, Printemps, Le Bon Marché, La Samaritaine và BHV.",8.725994110107422,6.965274810791016,-1.7607192993164062,0.502639677051815
0001-0081-0004,False,,"Paris có tất cả năm hệ thống đại cửa hàng: Galeries Lafayette, Printemps, Le Bon Marché, La Samaritaine và BHV.",8.680068016052246,6.832244396209717,-1.8478236198425293,0.49678625014267097
0001-0082-0001,True,"Gồm hơn 100 tác phẩm, gồm cả tiểu thuyết, truyện ngắn, tiểu luận","Tấn trò đời (La Comédie Humaine). Gồm hơn 100 tác phẩm, gồm cả tiểu thuyết, truyện ngắn, tiểu luận... Tấn trò đời với vô số các nhân vật ở Paris",8.714720726013184,7.254075050354004,-1.4606456756591797,0.5227891428519841
0001-0082-0002,False,,Tấn trò đời,8.76902961730957,6.415644645690918,-2.3533849716186523,0.4628804083953284
0001-0082-0003,False,,Tấn trò đời,8.79063892364502,7.492922306060791,-1.2977166175842285,0.5337027530287013
0001-0082-0004,True,nền Quân chủ tháng bảy,"Tấn trò đời (La Comédie Humaine). Gồm hơn 100 tác phẩm, gồm cả tiểu thuyết, truyện ngắn, tiểu luận... Tấn trò đời với vô số các nhân vật ở Paris",8.522089958190918,7.575803756713867,-0.9462862014770508,0.5571199535128162
0001-0082-0005,True,Honoré de Balzac,"Tấn trò đời (La Comédie Humaine). Gồm hơn 100 tác phẩm, gồm cả tiểu thuyết, truyện ngắn, tiểu luận... Tấn trò đời với vô số các nhân vật ở Paris",8.618985176086426,7.216291427612305,-1.402693748474121,0.5266740212391128
0001-0083-0001,True,"miêu tả cuộc sống nhiều mặt của thành phố, khiến Paris trở thành cổ điển",Bí mật thành Paris,8.59390640258789,5.387017250061035,-3.2068891525268555,0.40656658078555175
0001-0083-0002,False,,Bí mật thành Paris,8.64211654663086,4.872209548950195,-3.769906997680664,0.3706291454675913
0001-0083-0003,True,tầng lớn dưới đáy xã hội,tầng lớn dưới đáy xã hội,8.216697692871094,9.058860778808594,0.8421630859375,0.6704506081024041
0001-0083-0004,True,các tầng lớp cao,Bí mật thành Paris,8.686717987060547,4.906994819641113,-3.7797231674194336,0.37001386181815915
0001-0083-0005,False,,Nhà thờ Đức Bà Paris,8.52621078491211,6.852341651916504,-1.6738691329956055,0.5084753059980591
0001-0084-0001,True,Andrew Lloyd Webber,tiểu thuyết Bóng ma trong nhà hát (Le Fantôme de l'Opéra) của Gaston Leroux,8.85875415802002,7.649569511413574,-1.2091846466064453,0.5396201316624976
0001-0084-0002,True,"một thành phố hoang đường, đôi khi khôi hài và nực cười","Paris thành một thành phố hoang đường, đôi khi khôi hài và nực cười",8.311549186706543,9.367134094238281,1.0555849075317383,0.6829998549257934
0001-0084-0003,True,"Le Ventre de Paris, Nana, Au Bonheur des Dames",Thành phố Paris,8.868002891540527,5.086907386779785,-3.781095504760742,0.36992787643387764
0001-0085-0001,True,thế kỷ 19,đời sống thường nhật của Paris,8.688776016235352,7.1866254806518555,-1.502150535583496,0.5200050907860231
0001-0086-0001,True,Tân nghệ thuật,Tân nghệ thuật,8.685052871704102,7.454041004180908,-1.2310118675231934,0.5381621964306376
0001-0086-0002,True,Palais-Royal với các cây cột của nhà điêu khắc Daniel Buren hay ở Trung tâm Pompidou với đài phun nước Stravinski của Jean Tinguely và Niki de Saint Phalle,Palais-Royal với các cây cột của nhà điêu khắc Daniel Buren hay ở Trung tâm Pompidou với đài phun nước Stravinski của Jean Tinguely và Niki de Saint Phalle,8.679996490478516,6.460882186889648,-2.219114303588867,0.47186485984273263
0001-0086-0003,False,,"François Rude với bức phù điêu La Marseillaise trên Khải Hòan Môn, hay Jean-Baptiste Carpeaux với đài phun nước tại Đài thiên văn",8.835891723632812,6.368618011474609,-2.467273712158203,0.45527838742073357
0001-0086-0004,False,,đài phun nước tại Đài thiên văn,8.562994956970215,7.669373512268066,-0.8936214447021484,0.5606100081303991
0001-0086-0005,True,Jean-Baptiste Carpeaux,"François Rude với bức phù điêu La Marseillaise trên Khải Hòan Môn, hay Jean-Baptiste Carpeaux với đài phun nước tại Đài thiên văn",8.7269926071167,7.983736038208008,-0.7432565689086914,0.570540514784221
0001-0087-0001,False,,Lịch sử Pháp cũng ảnh hưởng tới âm nhạc của Paris,8.833758354187012,1.8519577980041504,-6.981800556182861,0.19894705656802067
0001-0087-0002,True,thời Phục Hưng,Lịch sử Pháp cũng ảnh hưởng tới âm nhạc của Paris,8.793949127197266,2.4374265670776367,-6.356522560119629,0.2270908906149161
0001-0087-0003,True,công nghệ in ấn,Lịch sử Pháp cũng ảnh hưởng tới âm nhạc của Paris,8.889405250549316,1.19723641872406,-7.692168831825256,0.1702526034098923
0001-0087-0004,True,biểu tượng cho những người cách mạng vào năm 1792,Lịch sử Pháp cũng ảnh hưởng tới âm nhạc của Paris,8.60422134399414,6.075555324554443,-2.5286660194396973,0.45118888051198597
0001-0088-0001,True,""" la divine "" Sarah Bernhardt",""" la divine "" Sarah Bernhardt",8.567415237426758,9.478986740112305,0.9115715026855469,0.6745596782456681
0001-0088-0002,False,,"Paul Dukas, Camille Saint-Saëns hay Georges Bizet đã làm nước Pháp trở thành bậc thầy của âm nhạc ba lê",8.8909273147583,3.9562857151031494,-4.934641599655151,0.30098664598375063
0001-0088-0003,False,,nhạc sĩ người Áo,8.728342056274414,4.898125648498535,-3.830216407775879,0.3668556181612747
0001-0088-0004,False,,""" la divine "" Sarah Bernhardt",8.69357681274414,9.06177043914795,0.3681936264038086,0.6417157872849035
0001-0088-0005,True,Âm nhạc cho khiêu vũ,"Paul Dukas, Camille Saint-Saëns hay Georges Bizet đã làm nước Pháp trở thành bậc thầy của âm nhạc ba lê",8.848292350769043,3.550318479537964,-5.297973871231079,0.28084599148207406
0001-0088-0006,True,"Paul Dukas, Camille Saint-Saëns hay Georges Bizet","Paul Dukas, Camille Saint-Saëns hay Georges Bizet",8.607131958007812,6.585878372192383,-2.0212535858154297,0.48513592332928784
0001-0089-0001,True,gợi lại những hiện thực về thời gian thành phố bị Đức Quốc xã chiếm đóng năm 1943,Hôtel du Nord,8.856895446777344,6.611010551452637,-2.245884895324707,0.4700719168705745
0001-0089-0002,False,,Paris huyền thọai và vĩnh hằng,8.470163345336914,9.048835754394531,0.5786724090576172,0.6546170183591191
0001-0089-0003,True,Montmartre,Hôtel du Nord,8.271078109741211,8.845525741577148,0.5744476318359375,0.6543602131355842
0001-0089-0004,True,""" Atmosphère, atmosphère, est-ce que j'ai une gueule d'atmosphère? ""","Atmosphère, atmosphère, est-ce que j'ai une gueule d'atmosphère? """,8.453619003295898,9.483072280883789,1.0294532775878906,0.6814770684861711
0001-0089-0005,False,,"Atmosphère, atmosphère, est-ce que j'ai une gueule d'atmosphère? """,8.73088264465332,7.106387615203857,-1.624495029449463,0.5117919190528604
0001-0090-0001,True,"một họa sĩ trẻ ở Paris, đã thành công rực rỡ, đạt giải Oscar cho phim hay nhất","bộ phim ca nhạc An American in Paris, nói về một họa sĩ trẻ ở Paris",8.485821723937988,8.637283325195312,0.15146160125732422,0.6282135502462523
0001-0091-0001,True,các phim khoa học viễn tưởng,Chú chuột đầu bếp,8.798030853271484,3.8767457008361816,-4.921285152435303,0.30174255443615905
0001-0091-0002,True,thời Belle Époque,Bóng ma trong nhà hát,8.735483169555664,8.507153511047363,-0.22832965850830078,0.6040744223931854
0001-0091-0003,True,Mỹ,Chú chuột đầu bếp,8.585151672363281,7.70635461807251,-0.8787970542907715,0.5615913447258366
0001-0091-0004,True,Nicole Kidman,Nicole Kidman vào vai cô ca sĩ Satine của quán Moulin Rouge yêu chàng nhà văn Christian,8.187801361083984,9.054845809936523,0.8670444488525391,0.6719266566158031
0001-0091-0005,False,,Da Vinci code (2006) tiếp tục chọn Paris,8.86313247680664,3.7991786003112793,-5.063953876495361,0.2937244045149713
0002-0001-0001,True,ngày 4 tháng 9 năm 1774,ngày 4 tháng 9 năm 1774,7.763820648193359,9.254854202270508,1.4910335540771484,0.7077833817991056
0002-0001-0002,True,do mối quan tâm đến gỗ đàn hương từ Nouvelle-Calédonie,mối quan tâm đến gỗ đàn hương từ Nouvelle-Calédonie,5.313920021057129,9.524598121643066,4.2106781005859375,0.8342004001716545
0002-0001-0003,True,năm 1796,năm 1796,7.689997673034668,9.711761474609375,2.021763801574707,0.7363930977110453
0002-0001-0004,True,James Cook,Nhà thám hiểm người Anh James Cook,7.565932273864746,9.897356033325195,2.331423759460449,0.7522303108707241
0002-0001-0005,False,,ngày 4 tháng 9 năm 1774 trong hành trình thứ nhì của ông,8.339975357055664,7.432559967041016,-0.9074153900146484,0.5596964583489509
0002-0001-0006,True,James Cook,Nhà thám hiểm người Anh James Cook là người châu Âu đầu tiên trông thấy Nouvelle-Calédonie,8.292474746704102,7.692840576171875,-0.5996341705322266,0.5799731179044474
0002-0001-0007,True,phần đông bắc của đảo khiến ông nhớ đến Scotland,Nouvelle-Calédonie,7.4865922927856445,10.27862548828125,2.7920331954956055,0.7745801577240353
0002-0002-0001,True,40,40 trong số này định cư tại thuộc địa,5.670119285583496,9.65613079071045,3.986011505126953,0.8256782688141617
0002-0002-0002,True,Nouvelle-Calédonie,Nouvelle-Calédonie,8.205896377563477,10.37877082824707,2.1728744506835938,0.7442019602542482
0002-0002-0003,True,năm 1879 và 1880,Từ năm 1873 đến năm 1876,6.223016738891602,8.097657203674316,1.8746404647827148,0.7286448104838976
0002-0002-0004,True,Đô đốc Febvrier Despointes,Đô đốc Febvrier Despointes,7.193843841552734,10.437261581420898,3.243417739868164,0.7950583911413384
0002-0002-0005,True,Từ năm 1873 đến năm 1876,Từ năm 1873 đến năm 1876,6.361987113952637,8.509649276733398,2.1476621627807617,0.742909689360848
0002-0002-0006,False,,22.000 tù nhân hình sự và chính trị bị đưa sang Nouvelle-Calédonie,6.78102970123291,9.888901710510254,3.1078720092773438,0.789057769939631
0002-0002-0007,True,khỏan 22.000 tù nhân,22.000 tù nhân hình sự và chính trị bị đưa sang Nouvelle-Calédonie,6.899834156036377,9.718648910522461,2.818814754486084,0.775834657148069
0002-0003-0001,False,,Dân số người Kanak giảm từ 60.000,7.826854705810547,7.493500709533691,-0.33335399627685547,0.5973030216774144
0002-0003-0002,False,,200 người Pháp và 1.000 người Kanak,8.544637680053711,5.968686103820801,-2.57595157623291,0.44804352172953416
0002-0003-0003,True,tù trưởng cấp cao Atal của La Foa,tù trưởng cấp cao Atal của La Foa thống nhất nhiều bộ lạc tại miền trung và phát động chiến tranh du kích,8.081035614013672,8.670256614685059,0.5892210006713867,0.6552578259547477
0002-0003-0004,True,200 người,200 người Pháp và 1.000 người Kanak thiệt mạng,8.360745429992676,6.731009483337402,-1.6297359466552734,0.5114399143816382
0002-0003-0005,False,,"tù trưởng cấp cao Atal của La Foa thống nhất nhiều bộ lạc tại miền trung và phát động chiến tranh du kích, khiến 200 người Pháp và 1.000 người Kanak",8.790904998779297,2.311190605163574,-6.479714393615723,0.22133120027610542
0002-0003-0006,True,đậu mùa và sởi,Người châu Âu mang đến các bệnh mới như đậu mùa và sởi,7.272101402282715,9.336132049560547,2.064030647277832,0.7385926404637517
0002-0003-0007,True,27.100,Dân số người Kanak giảm từ 60.000 vào năm 1878 xuống còn 27.100,6.299592971801758,9.06351089477539,2.763917922973633,0.7732578379582673
0002-0003-0008,True,Người châu Âu mang đến các bệnh mới như đậu mùa và sởi,Dân số người Kanak giảm từ 60.000,8.625267028808594,4.844970703125,-3.7802963256835938,0.36997794892070274
0002-0003-0009,True,bị hạn chế trong các khu vực riêng,Cư dân bản địa bị lọai trừ khỏi kinh tế Pháp,8.686874389648438,5.784988880157471,-2.901885509490967,0.4264888526991107
0002-0004-0001,True,trận chiến biển Coral,trận chiến biển Coral,7.077943325042725,10.24766731262207,3.1697239875793457,0.7918118045717127
0002-0004-0002,True,đến 50.000,lãnh thổ,8.817594528198242,2.589296340942383,-6.228298187255859,0.23319743347437616
0002-0004-0003,True,đại bản quan của lực lượng hải quân và lục quân của Hoa Kỳ tại Nam Thái Bình Dương,Nouméa là đại bản quan của lực lượng hải quân và lục quân của Hoa Kỳ,8.791646957397461,4.1021623611450195,-4.689484596252441,0.31503051453343967
0002-0004-0004,False,,Pháp quốc Tự do,8.898551940917969,1.8349472284317017,-7.063604712486267,0.19546587404933402
0002-0004-0005,True,Hội đồng tòan thể Nouvelle-Calédonie nhất trí ủng hộ chính phủ Pháp quốc Tự do,Hội đồng tòan thể Nouvelle-Calédonie nhất trí ủng hộ chính phủ Pháp quốc Tự do,8.89034652709961,3.6372125148773193,-5.25313401222229,0.2832867982670198
0002-0004-0006,True,Đông Dương,Đông Dương,8.738828659057617,7.160479545593262,-1.5783491134643555,0.5148907520304572
0002-0004-0007,True,50.000,Nouméa,8.623128890991211,5.562822341918945,-3.0603065490722656,0.41610699221594977
0002-0005-0001,True,bất mãn và hỗn lọan nghiêm trọng,gây nên bất mãn và hỗn lọan nghiêm trọng,6.620090007781982,10.444581985473633,3.8244919776916504,0.8193404681127803
0002-0005-0002,False,,"năm đạo luật, đều gây nên bất mãn và hỗn lọan nghiêm trọng",7.4672651290893555,9.476068496704102,2.008803367614746,0.735716268649306
0002-0005-0003,True,cuộc bắt cóc con tin đẫm máu tại Ouvéa,vào năm 1988 khi xảy ra cuộc bắt cóc con tin đẫm máu tại Ouvéa,7.226902008056641,8.366802215576172,1.1399002075195312,0.6878864461244879
0002-0005-0004,True,"Nouvelle-Calédonie thông qua năm đạo luật, đều gây nên bất mãn và hỗn lọan nghiêm trọng",Các hiệp định Matignon được ký kết vào ngày 26 tháng 6 năm 1988 đảm bảo một thập niên ổn định,8.75656509399414,4.667092323303223,-4.089472770690918,0.35082398606133547
0002-0005-0005,False,,"Từ năm 1976 đến năm 1988, Nouvelle-Calédonie thông qua năm đạo luật",7.586180686950684,7.472443580627441,-0.11373710632324219,0.6114173920743476
0002-0005-0006,True,năm đạo luật,"năm đạo luật, đều gây nên bất mãn và hỗn lọan nghiêm trọng",7.0604658126831055,9.917441368103027,2.856975555419922,0.7776135911948342
0002-0005-0007,True,đảm bảo một thập niên ổn định,đảm bảo một thập niên ổn định,6.9388580322265625,9.539851188659668,2.6009931564331055,0.7654875387376666
0002-0005-0008,False,,bất mãn và hỗn lọan nghiêm trọng,7.7684102058410645,9.940303802490234,2.17189359664917,0.7441517657739347
0002-0005-0009,True,chuyển giao thẩm quyền cho chính quyền địa phương,dần chuyển giao thẩm quyền cho chính quyền địa phương,6.874162673950195,8.938863754272461,2.0647010803222656,0.7386274337235904
0002-0005-0010,False,,đảm bảo một thập niên ổn định,7.0718674659729,8.976768493652344,1.9049010276794434,0.7302501143513719
0002-0006-0001,False,,"tù trưởng thị tộc, và gồm có 341 bộ lạc có người đứng đầu là tù trưởng bộ lạc",8.482536315917969,7.088266372680664,-1.3942699432373047,0.5272384637781082
0002-0006-0002,True,tù bang tục lệ,"tù trưởng thị tộc, và gồm có 341 bộ lạc có người đứng đầu là tù trưởng bộ lạc",8.48988151550293,5.848165988922119,-2.6417155265808105,0.4436759652867534
0002-0006-0003,False,,341 bộ lạc có người đứng đầu là tù trưởng bộ lạc,8.4810791015625,5.907688140869141,-2.5733909606933594,0.44821374562516914
0002-0006-0004,True,có quyền hạ về đề xuất luật liên quan đến bản sắc Kanak,"Thượng viện Tục lệ là hội nghị của một số hội đồng truyền thống của người Kanak, và có quyền hạ về đề xuất luật liên quan đến bản sắc Kanak",8.48517894744873,6.707036018371582,-1.7781429290771484,0.5014688123581404
0002-0006-0005,True,hình sự,"hệ thống tục lệ đưa ra. Tuy nhiên, quyền hạn của hệ thống này bị hạn chế mạnh trong các vấn đề hình sự",8.24526596069336,5.071073055267334,-3.1741929054260254,0.408688804492614
0002-0006-0006,True,các vấn đề hình sự,hình sự,7.914003372192383,7.213831424713135,-0.700171947479248,0.5733758673141908
0002-0006-0007,True,trưởng thị tộc,"tù trưởng thị tộc, và gồm có 341 bộ lạc có người đứng đầu là tù trưởng bộ lạc",8.081756591796875,9.077945709228516,0.9961891174316406,0.6795330226185134
0002-0006-0008,True,341 bộ lạc,341 bộ lạc có người đứng đầu là tù trưởng bộ lạc,8.26744270324707,7.346535682678223,-0.9209070205688477,0.5588025390124806
0002-0007-0001,False,,"Không quân gồm có ba máy bay chuyên chở Casa, bốn máy bay trực thăng Puma và một máy bay trực thăng Fennec, có căn cứ tại Tontouta. Ngòai ra, 760 nhân viên hiến binh được triển khai trên quần đảo",8.791727066040039,4.563416004180908,-4.228311061859131,0.3423724560416751
0002-0007-0002,False,,"Koumac, Nandaï, Tontouta, Plum, và Nouméa",8.519041061401367,7.449945449829102,-1.0690956115722656,0.5489601021739116
0002-0007-0003,False,,"một trung đòan của lực lượng hải quân lục chiến, lực lượng hải quân gồm hai tàu tuần tra lớp P400, một tàu đổ bộ lớp BATRAL, và một tàu tuần tra của Hiến binh Hàng hải",8.307884216308594,6.731752395629883,-1.576131820678711,0.5150396227951447
0002-0007-0004,True,"Koumac, Nandaï, Tontouta, Plum, và Nouméa","Koumac, Nandaï, Tontouta, Plum, và Nouméa",7.994183540344238,9.4343900680542,1.440206527709961,0.7049496193396073
0002-0007-0005,True,760 nhân viên,760 nhân viên hiến binh,8.424251556396484,5.992027282714844,-2.4322242736816406,0.45761586855176756
0002-0007-0006,True,"hai tàu tuần tra lớp P400, một tàu đổ bộ lớp BATRAL, và một tàu tuần tra của Hiến binh Hàng hải","một trung đòan của lực lượng hải quân lục chiến, lực lượng hải quân gồm hai tàu tuần tra lớp P400, một tàu đổ bộ lớp BATRAL, và một tàu tuần tra của Hiến binh Hàng hải",8.209006309509277,6.933281898498535,-1.2757244110107422,0.5351736386897155
0002-0007-0007,True,bốn máy bay,ba máy bay chuyên chở Casa,6.016700744628906,9.48194694519043,3.4652462005615234,0.8046035053259607
0002-0007-0008,True,Không quân,Lực lượng vũ trang Nouvelle-Calédonie FANC,7.576937198638916,8.793964385986328,1.217027187347412,0.6923201573296767
0002-0007-0009,True,2.000 binh sĩ,khỏang 2.000 binh sĩ,7.486598968505859,8.20835018157959,0.7217512130737305,0.6632601472205043
0002-0008-0001,False,,"Nouvelle-Calédonie thông qua một hiệu kỳ Kanak, cùng tồn tại với cờ tam tài Pháp trong vai trò hiệu kỳ chính thức của lãnh thổ",7.480314254760742,9.512642860412598,2.0323286056518555,0.7369439964590835
0002-0008-0002,True,hiệu kỳ Kanak,Nouvelle-Calédonie thông qua một hiệu kỳ Kanak,8.269857406616211,8.23221492767334,-0.037642478942871094,0.6162658876593515
0002-0008-0003,True,số ít quốc gia và lãnh thổ có hai hiệu kỳ chính thức,Nouvelle-Calédonie nằm trong số ít quốc gia và lãnh thổ có hai hiệu kỳ chính thức,7.07114839553833,8.598345756530762,1.5271973609924316,0.7097898638071373
0002-0008-0004,True,cờ tam tài Pháp,"hiệu kỳ Kanak, cùng tồn tại với cờ tam tài Pháp",6.016971111297607,9.16821002960205,3.1512389183044434,0.7909915209709601
0002-0008-0005,True,tháng 7 năm 2010,"Nouvelle-Calédonie thông qua một hiệu kỳ Kanak, cùng tồn tại với cờ tam tài Pháp trong vai trò hiệu kỳ chính thức của lãnh thổ",7.08979606628418,9.122001647949219,2.032205581665039,0.7369375856698335
0002-0009-0001,True,Galarino,Galarino,8.181744575500488,10.54171371459961,2.359969139099121,0.7536576546330289
0002-0009-0002,True,100 km/h,"gió có tốc độ lên đến 100 km/h, giật 250 km/h",8.245750427246094,9.249002456665039,1.0032520294189453,0.679946322335186
0002-0009-0003,True,từ 27 °C đến 30 °C,mùa nóng ẩm,8.716291427612305,9.092855453491211,0.37656402587890625,0.6422329337228826
0002-0009-0004,True,ảnh hưởng từ đại dương và gió mậu dịch làm giảm độ ẩm,Khí hậu nhiệt đới tại đây ôn hòa cao độ nhờ ảnh hưởng từ đại dương và gió mậu dịch làm giảm độ ẩm vốn có thể lên đến gần 80%,7.7872114181518555,9.356447219848633,1.5692358016967773,0.7121120210028582
0002-0009-0005,True,mùa mát khô,mùa mát khô,7.989056587219238,9.754926681518555,1.7658700942993164,0.722825358151012
0002-0009-0006,True,"39,1 °C",Nhiệt độ trung bình năm là 23 °C,8.840423583984375,5.062539100646973,-3.7778844833374023,0.3701290796224412
0002-0009-0007,False,,mùa nóng ẩm,8.860288619995117,7.987114429473877,-0.8731741905212402,0.561963438303205
0002-0010-0001,True,Nouvelle-Calédonie,lòai thực vật hạt kín ký sinh,7.945187568664551,8.5031156539917,0.5579280853271484,0.6533552007768287
0002-0010-0002,True,35 lòai,13 lòai đặc hữu của Nouvelle-Calédonie,5.861933708190918,10.381410598754883,4.519476890563965,0.8453648917481691
0002-0010-0003,True,hàng chục triệu năm trước,các lòai tổ tiên bị cô lập tại khu vực,7.80539608001709,8.80776596069336,1.0023698806762695,0.6798947171433125
0002-0010-0004,True,lòai thực vật có hoa phân kỳ sớm nhất của thế giới,"lòai thực vật có hoa phân kỳ sớm nhất của thế giới, đó là Amborella trichopoda, ở tại hoặc gần cơ sở tổ tiên chung của tòan bộ các thực vật có hoa",8.141820907592773,8.79256820678711,0.6507472991943359,0.6589841397243695
0002-0010-0005,True,43 lòai,13 lòai đặc hữu của Nouvelle-Calédonie,7.047109603881836,8.597232818603516,1.5501232147216797,0.711057635352365
0002-0010-0006,True,13 lòai,44 lòai thực vật hạt trần bản địa,6.785072326660156,9.254554748535156,2.469482421875,0.7590820781723334
0002-0011-0001,False,,các lòai gỗ sồi phương nam (Nothofagus) bản địa,8.57199764251709,8.63010311126709,0.05810546875,0.6223338387397013
0002-0011-0002,True,có độc và hàm lượng khóang không phù hợp với hầu hết thực vật ngọai lai,Đất gồm đá siêu mafic (địa hình mỏ) là nơi trú ẩn cho nhiều lòai thực vật bản địa do tại đó có độc và hàm lượng khóang không phù hợp với hầu hết thực vật ngọai lai,7.159233570098877,9.978511810302734,2.8192782402038574,0.7758563239430155
0002-0011-0003,True,đất có tính a xít,đất có tính a xít,7.471892356872559,10.141413688659668,2.6695213317871094,0.7687781598186253
0002-0011-0004,True,có các lòai gỗ sồi phương nam (Nothofagus) bản địa,các lòai gỗ sồi phương nam (Nothofagus) bản địa,8.811418533325195,7.913946151733398,-0.8974723815917969,0.5603550081098699
0002-0011-0005,True,Lòai dương xỉ lớn nhất thế giới,Cyathea novae-caledoniae,8.649138450622559,8.412346839904785,-0.23679161071777344,0.6035302796944776
0002-0011-0006,True,các vùng đất có chứa kim lọai,các vùng đất có chứa kim lọai,5.858154296875,8.686759948730469,2.8286056518554688,0.7762920404738515
0002-0012-0001,False,,17.436,8.209489822387695,7.795043468475342,-0.4144463539123535,0.5920489802391575
0002-0012-0002,True,"1,7%",Tăng trưởng dân số ở mức cao tại tỉnh Nam,8.305769920349121,7.975658416748047,-0.3301115036010742,0.5975126504181496
0002-0012-0003,True,15%,"Tăng trưởng tự nhiên chiếm 85% tăng trưởng dân số, 15% còn lại là nhờ di cư thuần",7.076696395874023,9.691840171813965,2.6151437759399414,0.766169682996129
0002-0012-0004,False,,dân số Nouvelle-Calédonie đạt 268.767,7.961402893066406,8.944141387939453,0.9827384948730469,0.6787451548038954
0002-0012-0005,True,"2,2 trẻ","Tổng tỷ suất sinh giảm từ 3,2 trẻ trên một nữ giới vào năm 1990 xuống 2,2 trẻ",7.945046901702881,9.644938468933105,1.6998915672302246,0.7192581098831404
0002-0012-0006,True,268.767,268.767,6.940905570983887,9.653814315795898,2.7129087448120117,0.7708448010547866
0002-0012-0007,False,,"Tổng tỷ suất sinh giảm từ 3,2 trẻ trên một nữ giới vào năm 1990 xuống 2,2 trẻ",8.308175086975098,9.146577835083008,0.8384027481079102,0.6702272382492821
0002-0012-0008,True,17.436 người,17.436,7.162483215332031,8.184772491455078,1.0222892761230469,0.6810589158107304
0002-0013-0001,True,tỉnh Nam,"tỉnh Quần đảo Loyauté, 74% dân số tỉnh Bắc và 27% dân số tỉnh Nam",8.247125625610352,7.804139137268066,-0.44298648834228516,0.590194757360571
0002-0013-0002,True,94%,"94% dân số tỉnh Quần đảo Loyauté, 74% dân số tỉnh Bắc và 27% dân số tỉnh Nam",7.459912300109863,9.299834251403809,1.8399219512939453,0.7267956471856746
0002-0013-0003,True,Melanesia,Người Kanak thuộc nhóm Melanesia,6.866745948791504,9.382614135742188,2.5158681869506836,0.7613549339078262
0002-0013-0004,False,,"thị tộc ""đất liền"" hay ""biển""",8.386458396911621,8.145587921142578,-0.24087047576904297,0.6032678981529095
0002-0013-0005,True,tùy theo vị trí quê hương và phạm vi chiếm đóng của tổ tiên họ,"thị tộc ""đất liền"" hay ""biển""",8.030599594116211,8.347776412963867,0.31717681884765625,0.6385567315315509
0002-0013-0006,True,vị thế kinh tế-xã hội thấp hơn so với người gốc Âu và những người định cư khác,Người Kanak có xu hướng ở vị thế kinh tế-xã hội thấp hơn so với người gốc Âu,8.610450744628906,5.557203769683838,-3.0532469749450684,0.41656812011897737
0002-0014-0001,False,,"32.354 người sinh tại quần đảo, 33.551 người sinh tại các nơi khác của Pháp, và 5.816 người sinh tại nước ngòai",4.909330368041992,10.677081108093262,5.7677507400512695,0.8843455548053368
0002-0014-0002,True,32.354 người,"32.354 người sinh tại quần đảo, 33.551 người sinh tại các nơi khác của Pháp, và 5.816 người sinh tại nước ngòai",4.066394329071045,10.58055305480957,6.514158725738525,0.9033381762914701
0002-0014-0003,True,Pháp lập một thuộc địa hình sự trên quần đảo,là khi Pháp lập một thuộc địa hình sự trên quần đảo,6.984678268432617,9.535173416137695,2.550495147705078,0.7630419967659264
0002-0014-0004,True,người sinh tại Nouvelle-Calédonie có quan hệ tổ tiên từ những người Pháp định cư ban đầu,"32.354 người sinh tại quần đảo, 33.551 người sinh tại các nơi khác của Pháp, và 5.816 người sinh tại nước ngòai",7.847625255584717,9.210799217224121,1.3631739616394043,0.7006245245645971
0002-0014-0005,True,họ được cấp đất để định cư,họ được cấp đất để định cư,7.686017036437988,9.468246459960938,1.7822294235229492,0.7237055187523549
0002-0014-0006,False,,"32.354 người sinh tại quần đảo, 33.551 người sinh tại các nơi khác của Pháp, và 5.816 người sinh tại nước ngòai",8.370871543884277,8.97067642211914,0.5998048782348633,0.6559002103102312
0002-0014-0007,True,các khu vực nông thôn thuộc duyên hải phía tây đảo chính,"32.354 người sinh tại quần đảo, 33.551 người sinh tại các nơi khác của Pháp, và 5.816 người sinh tại nước ngòai",7.864058017730713,9.850894927978516,1.9868369102478027,0.7345665805697151
0002-0014-0008,False,,"32.354 người sinh tại quần đảo, 33.551 người sinh tại các nơi khác của Pháp, và 5.816 người sinh tại nước ngòai",8.292001724243164,8.757762908935547,0.4657611846923828,0.6477230340536919
0002-0015-0001,True,tiếng Wallis và tiếng Java,tiếng Wallis và tiếng Java,8.460850715637207,7.588512420654297,-0.8723382949829102,0.5620187478345042
0002-0015-0002,True,"1,1%","97,3% dân số từ 15 tuổi trở lên tường trình rằng họ có thể nói, đọc và viết tiếng Pháp, trong khi chỉ 1,1% tường trình rằng họ không có kiến thức về tiếng Pháp",5.322303771972656,9.872729301452637,4.5504255294799805,0.8464492704226915
0002-0015-0003,True,các khu định cư của người Pháp hình thành,"các khu định cư của người Pháp hình thành, và tiếng Pháp nay còn thâm chí được nói trong các làng hẻo lánh nhất",8.536581039428711,8.152021408081055,-0.38455963134765625,0.5939878836622686
0002-0015-0004,True,"thiếu tiếp cận phổ thông đối với giáo dục công lập trước năm 1953, song cũng là do nhập cư và đa dạng dân tộc","thiếu tiếp cận phổ thông đối với giáo dục công lập trước năm 1953, song cũng là do nhập cư và đa dạng dân tộc",7.977808952331543,8.887702941894531,0.9098939895629883,0.6744606800133498
0002-0015-0005,True,"97,3%","97,3% dân số từ 15 tuổi trở lên tường trình rằng họ có thể nói, đọc và viết tiếng Pháp",7.218530178070068,9.777453422546387,2.5589232444763184,0.7634513761978201
0002-0015-0006,False,,"97,3% dân số từ 15 tuổi trở lên tường trình rằng họ có thể nói, đọc và viết tiếng Pháp",8.218046188354492,8.132362365722656,-0.08568382263183594,0.6132074770973643
0002-0016-0001,True,Nam Đảo,ngữ hệ Nam Đảo,6.7153730392456055,10.146862030029297,3.4314889907836914,0.8031729657099507
0002-0016-0002,True,phía bắc của Grande Terre,phần phía bắc của Grande Terre,7.080451965332031,10.087667465209961,3.0072154998779297,0.7845190533811705
0002-0016-0003,True,Drehu,Drehu,8.098501205444336,9.885980606079102,1.7874794006347656,0.7239876102172751
0002-0016-0004,True,mầm non,Các ngôn ngữ Kanak được dạy từ mầm non,8.458980560302734,7.0172200202941895,-1.441760540008545,0.5240554568553287
0002-0016-0005,True,họ không có kiến thức gì về chúng,"35,8% dân số từ 15 trở lên tường trình rằng họ có thể nói (không nhất thiết là đọc và viết) một ngôn ngữ bản địa, trong khi 58,7% tường trình rằng họ không có kiến thức gì về chúng",7.307610511779785,9.153687477111816,1.8460769653320312,0.7271240459750187
0002-0017-0001,True,Giáo hội Phúc Âm Tự do và Giáo hội Phúc Âm,Giáo hội Phúc Âm Tự do và Giáo hội Phúc Âm,4.114771842956543,10.758966445922852,6.644194602966309,0.9063475800834293
0002-0017-0002,False,,Giáo hội Phúc Âm Tự do và Giáo hội Phúc Âm,4.583642482757568,10.713974952697754,6.1303324699401855,0.8939467090211842
0002-0017-0003,True,"gười gốc Âu, Ouvéa, Việt và một nửa cộng đồng thiểu số Melanesia và Polynesia",Giáo hội Phúc Âm Tự do và Giáo hội Phúc Âm,8.312141418457031,8.817852020263672,0.5057106018066406,0.6501694318473539
0002-0017-0004,True,Cơ Đốc giáo,Cơ Đốc giáo,6.082324028015137,10.446235656738281,4.3639116287231445,0.8398192204481623
0002-0017-0005,True,những người thực dân Pháp đưa đến,"Công giáo La Mã được những người thực dân Pháp đưa đến. Trên quần đảo cũng có một số giáo hội Tin Lành, trong đó Giáo hội Phúc Âm Tự do và Giáo hội Phúc Âm",7.7119951248168945,9.919057846069336,2.2070627212524414,0.7459474775199412
0002-0017-0006,True,người Melanesia,Giáo hội Phúc Âm Tự do và Giáo hội Phúc Âm,7.696441650390625,10.086736679077148,2.3902950286865234,0.7551679533362743
0002-0018-0001,True,"8,38 euro","8,38 euro",6.712055206298828,9.254999160766602,2.5429439544677734,0.7626747966619157
0002-0018-0002,True,"9,89 tỷ USD","9,89 tỷ USD",6.305147171020508,8.426860809326172,2.121713638305664,0.7415752320471416
0002-0018-0003,True,"bất bình đẳng đáng kể về phân phối thu nhập, và mất cân bằng cấu trúc kéo dài giữa tỉnh Nam chi phối về kinh tế với tỉnh Bắc và Quần đảo Loyauté kém phát triển",New Zealand,8.378969192504883,7.209386348724365,-1.1695828437805176,0.5422635615308522
0002-0018-0004,True,franc CFP,franc CFP,6.010447978973389,9.495229721069336,3.4847817420959473,0.8054277660877291
0002-0018-0005,True,một trong các nền kinh tế lớn nhất tại Nam Thái Bình Dương,New Zealand,8.505132675170898,6.666587829589844,-1.8385448455810547,0.4974097717795262
0002-0019-0001,False,,"xuất khẩu hàng hóa và dịch vụ từ Nouvelle-Calédonie đạt 2,11 tỷ USD, 75,6% trong đó là sản phẩm khóang sản và hợp kim (chủ yếu là quặng niken",8.803638458251953,5.085135459899902,-3.718502998352051,0.37385800250805495
0002-0019-0002,True,"3,11 tỷ USD","Tăng trưởng GDP thực là 3,8% vào năm 2010 và 3,2% vào năm 2011",8.477365493774414,7.673169136047363,-0.8041963577270508,0.5665222585070838
0002-0019-0003,False,,"2,11 tỷ USD",7.387044906616211,9.523639678955078,2.136594772338867,0.7423410771336758
0002-0019-0004,True,"giá niken trên thế giới tăng lên và nhu cầu nội địa gia tăng khiến số việc làm tăng, cũng như dầu tư kinh doanh mạnh","Tăng trưởng GDP thực là 3,8% vào năm 2010 và 3,2% vào năm 2011, nhờ vào giá niken trên thế giới tăng lên và nhu cầu nội địa gia tăng khiến số việc làm tăng, cũng như dầu tư kinh doanh mạnh",8.75180721282959,6.118037223815918,-2.633769989013672,0.4442032008422889
0002-0019-0005,True,chính quốc Pháp và các tỉnh hải ngọai,"2,11 tỷ USD, 75,6% trong đó là sản phẩm khóang sản và hợp kim (chủ yếu là quặng niken và fero-nicken)",8.170954704284668,8.241077423095703,0.07012271881103516,0.6230927661177081
0002-0019-0006,True,"3,11 tỷ USD","2,11 tỷ USD",7.233227729797363,9.66458511352539,2.4313573837280273,0.7572029580026212
0002-0019-0007,True,"2,11 tỷ USD","2,11 tỷ USD",6.6693525314331055,9.969099044799805,3.299746513366699,0.7975145184148758
0002-0020-0001,True,400.000,"Du lịch còn kém phát triển, có 100.000 du khách mỗi năm, so với 400.000 tại Quần đảo Cook và 200.000 tại Vanuatu",8.984943389892578,4.515973091125488,-4.46897029876709,0.3279592364098731
0002-0020-0002,True,20%,thực phẩm,8.893989562988281,6.238180160522461,-2.6558094024658203,0.44274106221857296
0002-0020-0003,True,"1,4 triệu km²","Vùng đặc quyền kinh tế của Nouvelle-Calédonie rộng 1,4 triệu km²",7.8542680740356445,9.62899398803711,1.7747259140014648,0.7233020313462735
0002-0020-0004,False,,"Vùng đặc quyền kinh tế của Nouvelle-Calédonie rộng 1,4 triệu km²",8.423835754394531,8.923569679260254,0.49973392486572266,0.6498039343766813
0002-0020-0005,True,hơn 15%,"Hỗ trợ tài chính từ Pháp có quy mô đáng kể, chiếm hơn 15% GDP",7.622811794281006,8.196538925170898,0.5737271308898926,0.6543164081291429
0002-0020-0006,True,khoai lang; khoai môn; chuối táo quạ; dừa,khoai lang; khoai môn; chuối táo quạ; dừa,5.490842342376709,10.322319030761719,4.83147668838501,0.8560135399485538
0002-0020-0007,False,,"Du lịch còn kém phát triển, có 100.000 du khách mỗi năm, so với 400.000 tại Quần đảo Cook và 200.000 tại Vanuatu",9.013338088989258,3.201199531555176,-5.812138557434082,0.25379404115265053
0002-0020-0008,False,,Hỗ trợ tài chính từ Pháp,8.806268692016602,5.385895729064941,-3.42037296295166,0.3927988184529602
0002-0021-0001,True,thập niên 1980,reggae và khởi nguồn trong thập niên 1980,7.833057403564453,8.545171737670898,0.7121143341064453,0.6626813400703859
0002-0021-0002,True,"đức tin của xã hội bộ lạc truyền thống, và bao gồm các vật tổ, mặt nạ, khung cửa, hoặc flèche faîtière",đức tin của xã hội bộ lạc truyền thống,8.74495792388916,7.274779319763184,-1.4701786041259766,0.5221498145486388
0002-0021-0003,True,Pháp sáp nhập Nouvelle-Calédonie,cọc vật tổ cao 12m kỷ niệm việc Pháp sáp nhập Nouvelle-Calédonie,7.6676788330078125,8.41666316986084,0.7489843368530273,0.6648931646287621
0002-0021-0004,True,Đan rổ,Đan rổ,6.727317810058594,10.491168975830078,3.7638511657714844,0.8169150712720258
0002-0021-0005,True,Renzo Piano,kiến trúc sư người Ý Renzo Piano,7.101092338562012,9.531089782714844,2.429997444152832,0.7571357452420766
0002-0021-0006,False,,Đan rổ,8.96505069732666,6.3963470458984375,-2.5687036514282227,0.44852537869317355
0002-0021-0007,False,,Văn hóa Jean-Marie Tjibaou,8.449942588806152,8.44387149810791,-0.0060710906982421875,0.6182708069985995
0002-0022-0001,True,các nhóm người Kanak,các nhóm người Kanak,7.050176620483398,11.028596878051758,3.9784202575683594,0.8253843687382371
0002-0022-0002,True,"RFO radio Nouvelle-Calédonie, Océane FM, NRJ, Radio Djiido, và Radio Rythmes Bleus",RFO,8.079293251037598,9.2741060256958,1.1948127746582031,0.6910467299159471
0002-0022-0003,False,,các nhóm người Kanak,6.950040817260742,10.989173889160156,4.039133071899414,0.8277239904009142
0002-0022-0004,True,tháng 9 năm 2011,hòan thành chuyển đổi truyền hình số tại New Nouvelle-Calédonie,8.836520195007324,8.00861930847168,-0.8279008865356445,0.5649568295693808
0002-0022-0005,False,,"France 2, France 3, France 4, France 5, France Ô, France 24 và Arte",6.264364242553711,10.480052947998047,4.215688705444336,0.8343866020749016
0002-0022-0006,True,"France 2, France 3, France 4, France 5, France Ô, France 24 và Arte","France 2, France 3, France 4, France 5, France Ô, France 24 và Arte",6.303332805633545,10.288046836853027,3.9847140312194824,0.8256280639331046
0002-0022-0007,False,,hòan thành chuyển đổi truyền hình số tại New Nouvelle-Calédonie,8.895784378051758,6.748244285583496,-2.1475400924682617,0.47666193600507145
0002-0022-0008,True,Hãng truyền thông công cộng France Télévision,Hãng truyền thông công cộng France Télévision,5.152257442474365,11.067679405212402,5.915421962738037,0.8883439330575233
0002-0023-0001,True,Đội tuyển bóng ném Nouvelle-Calédonie từng vô địch châu Đại Dương,Đội tuyển bóng ném Nouvelle-Calédonie từng vô địch châu Đại Dương,8.339488983154297,8.395652770996094,0.056163787841796875,0.6222111590502502
0002-0023-0002,False,,một vòng của giải vô địch đua xe châu Á Thái Bình Dương FIA (APRC),8.36148738861084,9.457541465759277,1.0960540771484375,0.685350418426661
0002-0023-0003,True,năm 1950,Đội tuyển bóng đá Nouvelle-Calédonie bắt đầu thi đấu vào năm 1950,7.2232513427734375,8.306089401245117,1.0828380584716797,0.6845838310129077
0002-0023-0004,True,một vòng của giải vô địch đua xe châu Á Thái Bình Dương FIA,một vòng của giải vô địch đua xe châu Á Thái Bình Dương FIA (APRC),7.6779069900512695,10.254880905151367,2.5769739151000977,0.7643265112836303
0002-0023-0005,False,,"Đội tuyển bóng đá Nouvelle-Calédonie bắt đầu thi đấu vào năm 1950, và được nhận vào FIFA vào năm 2004",7.08768367767334,9.443376541137695,2.3556928634643555,0.7534441825569262
0002-0023-0006,True,quan sát viên của Liên đòan bóng đá châu Đại Dương,Đội tuyển bóng đá Nouvelle-Calédonie,7.733780384063721,8.741323471069336,1.0075430870056152,0.6801972838979822
0002-0023-0007,True,năm 2004,"Đội tuyển bóng đá Nouvelle-Calédonie bắt đầu thi đấu vào năm 1950, và được nhận vào FIFA vào năm 2004",6.523756980895996,9.00436782836914,2.4806108474731445,0.759628704310231
0002-0023-0008,False,,Nouvelle-Calédonie có vị thế quan sát viên của Liên đòan bóng đá châu Đại Dương,8.351436614990234,7.540675640106201,-0.8107609748840332,0.5660888677447679
0003-0001-0001,True,Hoa Kỳ,Canada,7.638580322265625,7.5489420890808105,-0.08963823318481445,0.6129553293524113
0003-0001-0002,False,,Canada,8.269479751586914,7.196351051330566,-1.0731287002563477,0.5486916591513338
0003-0001-0003,False,,Canada,7.6875810623168945,7.587746620178223,-0.09983444213867188,0.6123049025313608
0003-0001-0004,True,Biên giới chung của Canada với Hoa Kỳ,Canada,8.095739364624023,7.247391700744629,-0.8483476638793945,0.5636054975533445
0003-0001-0005,True,Canada,Canada,7.518298625946045,7.604756832122803,0.08645820617675781,0.6241234358031943
0003-0001-0006,True,"Lãnh thổ Canada gồm mười tỉnh bang và ba vùng lãnh thổ liên bang, trải dài từ Đại Tây Dương ở phía đông sang Thái Bình Dương ở phía tây, và giáp Bắc Băng Dương ở phía bắc",Canada,8.308501243591309,7.2529191970825195,-1.055582046508789,0.5498593586349904
0003-0001-0007,True,cực bắc,Canada,8.39224910736084,7.097330093383789,-1.2949190139770508,0.5338898957943529
0003-0002-0001,False,,người Anh và người Pháp,8.710062026977539,4.6907734870910645,-4.019288539886475,0.35513260351751413
0003-0002-0002,True,từ cuối thế kỷ XV,ba thuộc địa hợp thành thuộc địa liên bang tự trị Canada,8.61514663696289,4.5476975440979,-4.06744909286499,0.3521734448441935
0003-0002-0003,True,người Anh và người Pháp,người Anh và người Pháp,8.44189453125,7.596874713897705,-0.8450198173522949,0.5638255005717807
0003-0002-0004,False,,ba thuộc địa hợp thành thuộc địa liên bang tự trị Canada,8.67470932006836,3.538275718688965,-5.1364336013793945,0.2896989880032886
0003-0002-0005,True,năm 1982,Quy chế Westminster 1931,6.722851276397705,7.789267539978027,1.0664162635803223,0.6836298930964984
0003-0002-0006,False,,Canada,8.767318725585938,3.2408716678619385,-5.526447057723999,0.2686105392343898
0003-0002-0007,True,năm 1982,Các quan hệ cuối cùng giữa hai bên bị đọan tuyệt vào năm 1982 theo Đạo luật Canada 1982,8.542709350585938,5.738887786865234,-2.803821563720703,0.43294854282221257
0003-0002-0008,True,Anh,ba thuộc địa hợp thành thuộc địa liên bang tự trị Canada,8.737025260925293,3.4609646797180176,-5.276060581207275,0.28203721443883734
0003-0002-0009,True,ngày 1 tháng 7 năm 1867,thuộc địa liên bang tự trị Canada,8.66899299621582,3.769796371459961,-4.899196624755859,0.3029950170103255
0003-0003-0001,True,tiếng Anh và tiếng Pháp,Canada là quốc gia song ngữ chính thức (tiếng Anh và tiếng Pháp,8.54434585571289,4.743366718292236,-3.8009791374206543,0.36868297261485733
0003-0003-0002,True,Nữ hòang Elizabeth II,Nữ hòang Elizabeth II,8.201125144958496,7.659905910491943,-0.5412192344665527,0.5837933567642398
0003-0003-0003,False,,Canada là một nền dân chủ đại nghị liên bang và một quốc gia quân chủ lập hiến,8.51530647277832,5.771069526672363,-2.744236946105957,0.43688482176840676
0003-0003-0004,True,nền dân chủ đại nghị liên bang và một quốc gia quân chủ lập hiến,Canada là một nền dân chủ đại nghị liên bang và một quốc gia quân chủ lập hiến,8.387609481811523,6.9097161293029785,-1.477893352508545,0.5216323697289521
0003-0003-0005,True,nguồn tài nguyên tự nhiên phong phú và hệ thống thương mại phát triển cao,Canada là một nền dân chủ đại nghị liên bang và một quốc gia quân chủ lập hiến,8.401777267456055,5.760903358459473,-2.640873908996582,0.44373180583270677
0003-0003-0006,True,tiếng Pháp,Canada là quốc gia song ngữ chính thức (tiếng Anh và tiếng Pháp,6.4398040771484375,7.503177642822266,1.0633735656738281,0.6834529734244313
0003-0003-0007,False,,Canada là một nền dân chủ đại nghị liên bang và một quốc gia quân chủ lập hiến,8.582250595092773,5.930175304412842,-2.6520752906799316,0.44298872154196356
0003-0003-0008,True,Do tiếp nhận người nhập cư quy mô lớn từ nhiều quốc gia,Canada có quan hệ lâu dài và phức tạp với Hoa Kỳ,8.059765815734863,7.168853282928467,-0.8909125328063965,0.5607893667689124
0003-0004-0001,True,thứ 11,chỉ số phát triển con người cao thứ 11,7.6421990394592285,8.54446792602539,0.9022688865661621,0.6740104892584702
0003-0004-0002,False,,Canada,8.245074272155762,7.005141258239746,-1.2399330139160156,0.5375661247799214
0003-0004-0003,True,Canada,Canada,7.444492340087891,7.454787254333496,0.010294914245605469,0.6193085403731152
0003-0004-0004,True,Canada là một thành viên của Tổ chức Hiệp ước Bắc Đại Tây Dương (NATO),Tổ chức Hiệp ước Bắc Đại Tây Dương (NATO),8.225261688232422,7.233159065246582,-0.9921026229858398,0.5540791264854286
0003-0004-0005,True,"G8, G20","G8, G20, Hiệp định Thương mại Tự do Bắc Mỹ, Diễn đàn Hợp tác Kinh tế châu Á - Thái Bình Dương",8.286489486694336,7.631932258605957,-0.6545572280883789,0.5763724719101866
0003-0004-0006,True,"G8, G20, Hiệp định Thương mại Tự do Bắc Mỹ, Diễn đàn Hợp tác Kinh tế châu Á - Thái Bình Dương",Canada,7.779889106750488,6.417997360229492,-1.361891746520996,0.5294073251308822
0003-0005-0001,True,để chỉ đường,Canada,8.222825050354004,7.696650505065918,-0.5261745452880859,0.5847756456692434
0003-0005-0002,True,Donnacona,Donnacona,5.766177654266357,10.917003631591797,5.1508259773254395,0.8662741090332976
0003-0005-0003,False,,Canada,8.642131805419922,5.174535751342773,-3.4675960540771484,0.38977541304132346
0003-0005-0004,False,,Canada,8.626091003417969,5.202312469482422,-3.423778533935547,0.3925805024020656
0003-0005-0005,False,,Donnacona,8.70048999786377,6.316593170166016,-2.383896827697754,0.46084191464001206
0003-0005-0006,False,,Canada,8.715619087219238,5.477398872375488,-3.23822021484375,0.4045362339963883
0003-0005-0007,True,"""làng"" hay ""khu định cư""",Canada,8.552876472473145,4.137970447540283,-4.414906024932861,0.3311702414029004
0003-0005-0008,True,chỉ đường cho nhà thám hiểm người Pháp Jacques Cartier đến làng Stadacona,Canada,8.706892013549805,5.6151814460754395,-3.0917105674743652,0.4140574867571073
0003-0005-0009,True,Tên gọi Canada bắt nguồn từ kanata trong ngôn ngữ của người Iroquois Saint Lawrence,Canada,8.400899887084961,5.093548774719238,-3.3073511123657227,0.40006797497099955
0003-0006-0001,False,,Anh Quốc mở rộng trên quy mô rất lớn lãnh thổ Canada,8.448925971984863,6.081145286560059,-2.3677806854248047,0.46191847350941784
0003-0006-0002,False,,"Thượng Canada và khu vực có truyền thống nói tiếng Pháp là Hạ Canada, chúng tái thống nhất thành tỉnh Canada",8.595624923706055,3.555837392807007,-5.039787530899048,0.29507380733248073
0003-0006-0003,True,năm 1841,tỉnh Canada,8.494251251220703,4.880938529968262,-3.6133127212524414,0.3805002255831087
0003-0006-0004,True,Pháp,phần lãnh thổ nằm dọc theo sông Saint-Laurent thuộc Tân Pháp,8.234380722045898,7.568727970123291,-0.6656527519226074,0.5756440727682574
0003-0006-0005,True,phía bắc,khu vực này là Thượng Canada và khu vực có truyền thống nói tiếng Pháp là Hạ Canada,6.439733028411865,8.653976440429688,2.2142434120178223,0.7463130953149205
0003-0006-0006,True,Anh Quốc mở rộng trên quy mô rất lớn lãnh thổ Canada theo Đạo luật Quebec 1774,Anh Quốc mở rộng trên quy mô rất lớn lãnh thổ Canada,8.469239234924316,5.754090785980225,-2.715148448944092,0.4388093896632943
0003-0006-0007,True,phía bắc,phần lớn Ontario,8.204168319702148,6.538223743438721,-1.6659445762634277,0.5090076811523739
0003-0007-0001,False,,Các đặc trưng của các xã hội Thổ dân Canada,8.625051498413086,4.797618389129639,-3.8274331092834473,0.36702941287273494
0003-0007-0002,True,bắc bộ khu vực Yukon,Các di chỉ khảo cổ học người Da đỏ cổ đại (Paleo-Indian) tại bình nguyên Old Crow và các động Bluefish,8.51368236541748,6.6783857345581055,-1.835296630859375,0.49762804961337403
0003-0007-0003,True,7500 TCN,Các di chỉ khảo cổ học người Da đỏ cổ đại (Paleo-Indian) tại bình nguyên Old Crow và các động Bluefish,8.646781921386719,4.304702281951904,-4.3420796394348145,0.3355204998328095
0003-0007-0004,False,,lòai người,8.622550964355469,6.7409162521362305,-1.8816347122192383,0.49451428747177845
0003-0007-0005,True,"Các đặc trưng của các xã hội Thổ dân Canada gồm có các khu định cư thường xuyên, nông nghiệp, kết cấu phân tầng xã hội phức tạp, và các mạng lưới mậu dịch",các xã hội Thổ dân Canada,8.463963508605957,6.1047258377075195,-2.3592376708984375,0.4624892918847825
0003-0007-0006,True,đường cầu lục địa Bering,Beringia theo đường cầu lục địa Bering,8.684965133666992,4.764950752258301,-3.9200143814086914,0.36126724330583504
0003-0007-0007,True,đường cầu lục địa Bering,Beringia theo đường cầu lục địa Bering,8.362396240234375,8.685647010803223,0.32325077056884766,0.638933477166079
0003-0007-0008,False,,lòai người,8.66769027709961,5.948601722717285,-2.719088554382324,0.43854859328056256
0003-0007-0009,True,Các di chỉ khảo cổ học người Da đỏ cổ đại (Paleo-Indian) tại bình nguyên Old Crow và các động Bluefish,Các di chỉ khảo cổ học người Da đỏ cổ đại (Paleo-Indian) tại bình nguyên Old Crow và các động Bluefish,8.640328407287598,5.744425296783447,-2.8959031105041504,0.4268822322388225
0003-0008-0001,True,Do hậu quả từ quá trình thực dân hóa của người châu Âu,"các dân tộc Thổ dân Canada phải chịu tổn thất do các dịch bệnh truyền nhiễm mới được đưa đến bùng phát lặp lại nhiều lần, như dịch cúm, dịch sởi, dịch đầu mùa",8.820724487304688,5.644255638122559,-3.176468849182129,0.4085409679860636
0003-0008-0002,True,"Các dân tộc Trước tiên (First Nations), Inuit, và Métis","Các dân tộc Trước tiên (First Nations), Inuit, và Métis",8.883455276489258,7.1846489906311035,-1.6988062858581543,0.5067998974775497
0003-0008-0003,True,"các dân tộc Thổ dân Canada phải chịu tổn thất do các dịch bệnh truyền nhiễm mới được đưa đến bùng phát lặp lại nhiều lần, như dịch cúm, dịch sởi, dịch đầu mùa (do Thổ dân không có miễn dịch tự nhiên), kết quả là dân số của họ giảm từ 40-80% trong các thế kỷ sau khi người châu Âu đến","các dân tộc Thổ dân Canada phải chịu tổn thất do các dịch bệnh truyền nhiễm mới được đưa đến bùng phát lặp lại nhiều lần, như dịch cúm, dịch sởi, dịch đầu mùa",8.384695053100586,9.327049255371094,0.9423542022705078,0.6763735422583107
0003-0008-0004,False,,"Các dân tộc Trước tiên (First Nations), Inuit, và Métis",8.89744758605957,4.557662487030029,-4.339785099029541,0.33565802304273207
0003-0008-0005,False,,"các dân tộc Thổ dân Canada phải chịu tổn thất do các dịch bệnh truyền nhiễm mới được đưa đến bùng phát lặp lại nhiều lần, như dịch cúm, dịch sởi, dịch đầu mùa",8.848762512207031,5.1295881271362305,-3.719174385070801,0.37381575724967264
0003-0008-0006,True,"phải chịu tổn thất do các dịch bệnh truyền nhiễm mới được đưa đến bùng phát lặp lại nhiều lần, như dịch cúm, dịch sởi, dịch đầu mùa","Các dân tộc Trước tiên (First Nations), Inuit, và Métis",8.8930025100708,5.24678897857666,-3.6462135314941406,0.37841776544786376
0003-0008-0007,False,,"Các dân tộc Trước tiên (First Nations), Inuit, và Métis",8.869144439697266,7.040865898132324,-1.8282785415649414,0.49809966344760076
0003-0008-0008,True,200.000 đến hai triệu,"Các dân tộc Trước tiên (First Nations), Inuit, và Métis",8.844474792480469,5.664882659912109,-3.1795921325683594,0.40833811850618207
0003-0009-0001,True,ngày 24 tháng 7,Pháp quốc quốc vương vạn tuế,8.28011703491211,7.718166828155518,-0.5619502067565918,0.5824387128855112
0003-0009-0002,False,,sông St. Lawrence,9.042001724243164,3.4305427074432373,-5.611459016799927,0.26414495546721506
0003-0009-0003,True,John Cabot,thủy thủ người Ý John Cabot khám phá ra vùng duyên hải Đại Tây Dương của Canada cho Vương quốc Anh,8.776317596435547,8.579172134399414,-0.1971454620361328,0.6060774775507123
0003-0009-0004,True,thủy thủ người Ý John Cabot,người Norse định cư trong một thời gian ngắn tại L'Anse aux Meadows thuộc Newfoundland,8.47921371459961,8.801689147949219,0.3224754333496094,0.6388853952605763
0003-0009-0005,True,Jacques Cartier,Pháp quốc quốc vương vạn tuế,8.241329193115234,8.00535774230957,-0.23597145080566406,0.6035830310117632
0003-0009-0006,True,Ý,thủy thủ người Ý John Cabot khám phá ra vùng duyên hải Đại Tây Dương của Canada cho Vương quốc Anh,9.059736251831055,3.5888450145721436,-5.470891237258911,0.27155450059982594
0003-0009-0007,False,,Pháp quốc quốc vương vạn tuế,8.396970748901367,7.184420585632324,-1.212550163269043,0.5393953777052657
0003-0009-0008,False,,Canada,8.961324691772461,5.83228874206543,-3.1290359497070312,0.4116254084710513
0003-0009-0009,True,khi người Norse định cư trong một thời gian ngắn tại L'Anse aux Meadows thuộc Newfoundland vào khỏang năm 1000 CN,người Norse định cư trong một thời gian ngắn tại L'Anse aux Meadows thuộc Newfoundland vào khỏang năm 1000 CN,8.684049606323242,7.9465532302856445,-0.7374963760375977,0.5709198592847674
0003-0010-0001,True,Pháp,"các thương nhân da lông thú và các nhà truyền giáo Cơ Đốc thăm dò Ngũ Đại Hồ, vịnh Hudson, và lưu vực sông Mississippi đến Louisiana",8.66153335571289,7.426239013671875,-1.2352943420410156,0.5378760738840068
0003-0010-0002,True,Port Royal,Port Royal vào năm 1605 và thành phố Québec,8.758420944213867,5.508502006530762,-3.2499189376831055,0.4037789546681119
0003-0010-0003,True,da lông thú,tranh chấp quyền kiểm sóat đối với mậu dịch da lông thú,8.817731857299805,7.219974040985107,-1.5977578163146973,0.5135875267118795
0003-0010-0004,True,Anh,"St. John's, Newfoundland",8.919970512390137,3.4472765922546387,-5.472693920135498,0.2714586574851747
0003-0010-0005,False,,"St. John's, Newfoundland",8.86525821685791,5.676095485687256,-3.1891627311706543,0.4077167266260488
0003-0010-0006,True,Humphrey Gilbert,"Nhà thám hiểm người Pháp Samuel de Champlain đến vào năm 1603, và thiết lập các khu định cư thường xuyên đầu tiên của người châu Âu tại Port Royal",8.88815689086914,4.2687225341796875,-4.619434356689453,0.31910780312513354
0003-0011-0001,True,bốn cuộc chiến bùng nổ tại Bắc Mỹ thuộc địa hóa,Mặt trận Bắc Mỹ,8.85524845123291,5.658129692077637,-3.1971187591552734,0.40720038869855135
0003-0011-0002,True,Cupids và Ferryland trên đảo Newfoundland,Mười ba thuộc địa ở phía nam,8.697892189025879,7.360891342163086,-1.337000846862793,0.5310738977324202
0003-0011-0003,True,bốn,Một lọat bốn cuộc chiến bùng nổ tại Bắc Mỹ thuộc địa hóa,8.602889060974121,6.7169952392578125,-1.8858938217163086,0.49422810742123385
0003-0011-0004,False,,Mười ba thuộc địa ở phía nam,8.876070976257324,6.367980003356934,-2.5080909729003906,0.45255873318897727
0003-0011-0005,True,năm 1610,Nova Scotia đại lục nằm dưới quyền cai trị của người Anh theo Hiệp định Utrecht 1713; Hiệp định Paris (1763) nhượng lại Canada và hầu hết Tân Pháp,8.81410026550293,3.1973979473114014,-5.616702318191528,0.26387109421079474
0003-0012-0001,False,,"đạo luật Québec vào năm 1774, mở rộng lãnh thổ của Québec đến Ngũ Đại Hồ và thung lũng sông Ohio",8.102920532226562,5.974289417266846,-2.128631114959717,0.477930017087101
0003-0012-0002,True,"Anh Quốc thông qua đạo luật Québec vào năm 1774, mở rộng lãnh thổ của Québec đến Ngũ Đại Hồ và thung lũng sông Ohio","đạo luật Québec vào năm 1774, mở rộng lãnh thổ của Québec đến Ngũ Đại Hồ và thung lũng sông Ohio",6.7119140625,7.648373603820801,0.9364595413208008,0.6760266086650293
0003-0012-0003,False,,"Anh Quốc thông qua đạo luật Québec vào năm 1774, mở rộng lãnh thổ của Québec đến Ngũ Đại Hồ và thung lũng sông Ohio",8.819013595581055,3.2512965202331543,-5.5677170753479,0.2664367162277007
0003-0012-0004,True,"tạo nên tỉnh Quebec từ Tân Pháp, và sáp nhập đảo Cape Breton vào Nova Scotia","ngôn ngữ Pháp, đức tin Công giáo La Mã, và dân luật Pháp",8.78829574584961,2.8266353607177734,-5.961660385131836,0.24625795254904562
0003-0012-0005,True,"Anh Quốc cũng tái lập ngôn ngữ Pháp, đức tin Công giáo La Mã, và dân luật Pháp","Anh Quốc thông qua đạo luật Québec vào năm 1774, mở rộng lãnh thổ của Québec đến Ngũ Đại Hồ và thung lũng sông Ohio",8.774587631225586,3.4994430541992188,-5.275144577026367,0.28208707586653453
0003-0012-0006,True,năm 1769,Đảo St. John's (nay là đảo Prince Edward,7.701495170593262,9.379144668579102,1.6776494979858398,0.7180492633674094
0003-0013-0001,True,Anh ngữ,Hạ Canada (sau là Québec) Pháp ngữ,8.661537170410156,6.9070000648498535,-1.7545371055603027,0.5030551130328247
0003-0013-0002,False,,Đạo luật Hiến pháp 1791,8.726980209350586,5.2575483322143555,-3.4694318771362305,0.38965804579121904
0003-0013-0003,True,Pháp ngữ,Hạ Canada (sau là Québec) Pháp ngữ,8.651266098022461,7.287890434265137,-1.3633756637573242,0.5293079482243005
0003-0013-0004,True,Anh Quốc công nhận tình trạng độc lập của Hoa Kỳ và nhượng lại các lãnh thổ ở phía nam của Ngũ Đại Hồ cho Hoa Kỳ,Đạo luật Hiến pháp 1791,8.670586585998535,4.744683265686035,-3.9259033203125,0.36090204818684596
0003-0013-0005,False,,Hạ Canada (sau là Québec) Pháp ngữ và Thượng Canada (sau là Ontario) Anh ngữ,8.765068054199219,5.7466230392456055,-3.0184450149536133,0.4188434869098324
0003-0013-0006,True,Nhằm hòa giải những người nói tiếng Anh trung thành tại Quebec,Quebec,8.947526931762695,4.076107501983643,-4.871419429779053,0.3045742006404744
0003-0013-0007,True,1791,Hạ Canada (sau là Québec) Pháp ngữ và Thượng Canada (sau là Ontario) Anh ngữ,8.866915702819824,3.9878296852111816,-4.879086017608643,0.3041378791544377
0003-0014-0001,True,626.628 người,626.628 người nhập cư châu Âu được ghi chép là đã đặt chân lên các cảng tại Canada,7.1944146156311035,9.392290115356445,2.197875499725342,0.7454791871913359
0003-0014-0002,True,Hoa Kỳ và Anh Quốc,Hoa Kỳ và Anh Quốc,8.779617309570312,6.964216232299805,-1.8154010772705078,0.49896503399440045
0003-0014-0003,True,chạy trốn Nạn đói lớn Ireland cũng như ngững người Scot nói tiếng Gael phải dời đi theo Thanh trừ Cao địa,những người Ireland chạy trốn Nạn đói lớn Ireland,8.74211311340332,4.585279941558838,-4.156833171844482,0.34671145979597157
0003-0014-0004,False,,những người Ireland chạy trốn Nạn đói lớn Ireland,8.705808639526367,4.189326286315918,-4.516482353210449,0.3251505981193593
0003-0014-0005,False,,Canada,8.830896377563477,3.362342596054077,-5.468553781509399,0.2716788075443351
0003-0014-0006,False,,626.628 người nhập cư châu Âu được ghi chép là đã đặt chân lên các cảng tại Canada,7.59874153137207,9.43575382232666,1.8370122909545898,0.726640317363628
0003-0014-0007,True,năm 1815,hiện tượng nhập cư quy mô lớn từ đảo Anh và đảo Ireland,8.638408660888672,6.446836471557617,-2.1915721893310547,0.47371023241355076
0003-0015-0001,True,Hiệp định Oregon,Hiệp định Oregon,8.11556625366211,6.9715423583984375,-1.1440238952636719,0.5439683743210533
0003-0015-0002,True,Anh Quốc và Hoa Kỳ ký kết Hiệp định Oregon vào năm 1846,Hiệp định này mở đường cho việc hình thành các thuộc địa đảo Vancouver (1849) và British Columbia (1858),8.751320838928223,6.607548236846924,-2.143772602081299,0.4769145694088184
0003-0015-0003,False,,Hiệp định Oregon,8.550958633422852,5.72141695022583,-2.8295416831970215,0.4312520019663395
0003-0015-0004,False,,Nguyện vọng của người Canada về việc có chính phủ chịu trách nhiệm,8.921828269958496,5.728533744812012,-3.1932945251464844,0.40744855199176616
0003-0015-0005,True,Nguyện vọng của người Canada về việc có chính phủ chịu trách nhiệm,Nguyện vọng của người Canada về việc có chính phủ chịu trách nhiệm,8.913782119750977,5.694972038269043,-3.2188100814819336,0.4057936884592459
0003-0015-0006,True,1840,Thượng và Hạ Canada,8.796464920043945,7.034282684326172,-1.7621822357177734,0.5025413689314404
0003-0015-0007,False,,các thuộc địa đảo Vancouver (1849) và British Columbia (1858),8.867765426635742,3.7156982421875,-5.152067184448242,0.28883501683072266
0003-0015-0008,True,nhanh chóng thất bại,tòan bộ các tỉnh Bắc Mỹ thuộc Anh từ năm 1849. Anh Quốc và Hoa Kỳ ký kết Hiệp định Oregon,8.88936710357666,3.340649127960205,-5.548717975616455,0.26743606636187583
0003-0016-0001,True,ngày 1 tháng 7 năm 1867,Liên minh Canada,8.584585189819336,4.039945125579834,-4.544640064239502,0.3234919741953162
0003-0016-0002,True,"Ontario, Québec, Nova Scotia, và New Brunswick","bốn tỉnh – Ontario, Québec, Nova Scotia, và New Brunswick",8.531726837158203,6.2223124504089355,-2.3094143867492676,0.4658202447482197
0003-0016-0003,True,1873,British Columbia và Đảo Vancouver (được hợp nhất vào năm 1866) gia nhập Liên minh,8.394123077392578,5.4642839431762695,-2.9298391342163086,0.4246519700580415
0003-0016-0004,True,sự bất bình của người Métis bùng phát,Nổi dậy Red River,8.227621078491211,7.344296455383301,-0.8833246231079102,0.5612916820286419
0003-0016-0005,False,,Nổi dậy Red River và hình thành tỉnh Manitoba,8.141950607299805,7.7041215896606445,-0.43782901763916016,0.5905300243951553
0003-0017-0001,False,,"Cơn sốt vàng Klondike tại các Lãnh thổ Tây Bắc, chính phủ Canada lập ra Lãnh thổ Yukon",8.042074203491211,4.685547828674316,-3.3565263748168945,0.3968995859601571
0003-0017-0002,True,chính sách quốc gia về thuế quan,chính sách quốc gia về thuế quan,6.837164402008057,8.29201602935791,1.4548516273498535,0.7057677663959376
0003-0017-0003,False,,Canada,8.070281028747559,4.728436470031738,-3.3418445587158203,0.39784465128980745
0003-0017-0004,True,Năm 1898,"Cơn sốt vàng Klondike tại các Lãnh thổ Tây Bắc, chính phủ Canada lập ra Lãnh thổ Yukon",7.893734931945801,5.620108604431152,-2.2736263275146484,0.4682147676838937
0003-0017-0005,True,"chính phủ tài trợ việc xây dựng ba tuyến đường sắt xuyên lục địa, mở cửa các thảo nguyên cho họat động định cư theo Đạo luật Thổ địa Lãnh thổ tự trị","chính phủ tài trợ việc xây dựng ba tuyến đường sắt xuyên lục địa, mở cửa các thảo nguyên cho họat động định cư theo Đạo luật Thổ địa Lãnh thổ tự trị, và thiết lập Kị cảnh Tây-Bắc để khẳng định quyền lực trên lãnh thổ này",8.085389137268066,4.9331865310668945,-3.152202606201172,0.41011805641837507
0003-0017-0006,True,công nghiệp chế tạo,Canada,8.64626693725586,1.83408522605896,-6.812181711196899,0.2063131071881546
0003-0018-0001,True,Quân đòan Canada,Quân đòan Canada,7.228640079498291,10.133989334106445,2.9053492546081543,0.7798540965252957
0003-0018-0002,True,Anh Quốc,Anh Quốc,8.71678638458252,8.027976036071777,-0.6888103485107422,0.5741227669237242
0003-0018-0003,True,Anh Quốc vẫn duy trì quyền kiểm sóat trên lĩnh vực đối ngọai của Canada theo Đạo luật Liên minh,việc cường quốc này tuyên chiến vào năm 1914 tự động đưa Canada vào Chiến tranh thế giới thứ nhất,8.67160415649414,7.5635151863098145,-1.1080889701843262,0.5463635268095767
0003-0018-0004,False,,Anh Quốc,8.752233505249023,6.368821620941162,-2.3834118843078613,0.46087430359618864
0003-0018-0005,True,"Trong số xấp xỉ 625.000 người Canada phục vụ trong Chiến tranh thế giới thứ nhất, có khỏang 60.000 bị giết và 173.000 bị thương",Chiến tranh thế giới thứ nhất,8.845579147338867,4.156495094299316,-4.689084053039551,0.31505374818490167
0003-0018-0006,True,hủ tướng Bảo thủ Robert Borden cho tiến hành nghĩa vụ quân sự cưỡng bách bất chấp sự phản đối dữ dội của người Québec Pháp ngữ,Thủ tướng Bảo thủ Robert Borden cho tiến hành nghĩa vụ quân sự cưỡng bách,8.838369369506836,6.1559600830078125,-2.6824092864990234,0.44097769579117785
0003-0018-0007,False,,Thủ tướng Bảo thủ Robert Borden cho tiến hành nghĩa vụ quân sự cưỡng bách,8.805892944335938,6.374241828918457,-2.4316511154174805,0.4576541088298321
0003-0019-0001,True,William Lyon Mackenzie King,chính phủ Tự do của Thủ tướng William Lyon Mackenzie King,8.699831008911133,6.430668830871582,-2.269162178039551,0.4685135619217263
0003-0019-0002,True,"kinh tế bị suy thóai, khiến tòan quốc gặp cảnh gian khổ",tòan quốc gặp cảnh gian khổ,7.847743988037109,9.992776870727539,2.1450328826904297,0.7427746784929466
0003-0019-0003,True,"Trận Dieppe năm 1942, Đồng Minh xâm chiếm Ý, đổ bộ Normandie, trận Normandie, và trận Scheldt vào năm 1944","Quân Canada đóng vai trò quan trọng trong nhiều trận chiến then chốt của đại chiến, gồm có Trận Dieppe năm 1942, Đồng Minh xâm chiếm Ý, đổ bộ Normandie, trận Normandie, và trận Scheldt",8.821331977844238,4.473560333251953,-4.347771644592285,0.33517947016343336
0003-0019-0004,False,,tòan quốc gặp cảnh gian khổ,8.65612506866455,9.232545852661133,0.576420783996582,0.6544801634037621
0003-0019-0005,False,,"Trận Dieppe năm 1942, Đồng Minh xâm chiếm Ý, đổ bộ Normandie, trận Normandie, và trận Scheldt",8.862752914428711,3.895470380783081,-4.96728253364563,0.2991438790401295
0003-0019-0006,True,trang thiết bị quân sự,"các ngành công nghiệp của quốc gia sản xuất các trang thiết bị quân sự cho Canada, Anh Quốc, Trung Quốc và Liên Xô",8.610745429992676,9.024247169494629,0.4135017395019531,0.6445110825101418
0003-0019-0007,True,tháng 12 năm 1939,Các đơn vị lục quân Canada đầu tiên đến Anh Quốc vào tháng 12 năm 1939,8.608414649963379,6.440762519836426,-2.167652130126953,0.4753135053491345
0003-0020-0001,True,thi hành song ngữ chính thức (tiếng Anh và tiếng Pháp),"thi hành song ngữ chính thức (tiếng Anh và tiếng Pháp) vào năm 1969, và lập thể chế đa nguyên văn hóa chính thức vào năm 1971",8.812575340270996,3.3780317306518555,-5.434543609619141,0.27349151434727637
0003-0020-0002,True,chấp thuận quốc kỳ lá phong hiện nay vào năm 1965,"việc chấp thuận quốc kỳ lá phong hiện nay vào năm 1965, thi hành song ngữ chính thức (tiếng Anh và tiếng Pháp) vào năm 1969, và lập thể chế đa nguyên văn hóa chính thức vào năm 1971",8.557297706604004,6.315365791320801,-2.241931915283203,0.4703366176562712
0003-0020-0003,False,,"thi hành song ngữ chính thức (tiếng Anh và tiếng Pháp) vào năm 1969, và lập thể chế đa nguyên văn hóa chính thức vào năm 1971",8.79366397857666,4.268739700317383,-4.524924278259277,0.3246528655666186
0003-0020-0004,True,hình thành một bản sắc Canada mới,"Tăng trưởng kinh tế thời hậu chiến của Canada là sự kết hợp các chính sách của các chính phủ Tự do kế tiếp nhau, dẫn đến hình thành một bản sắc Canada mới",8.721284866333008,4.008113384246826,-4.713171482086182,0.3136581965096932
0003-0020-0005,False,,"Tăng trưởng kinh tế thời hậu chiến của Canada là sự kết hợp các chính sách của các chính phủ Tự do kế tiếp nhau, dẫn đến hình thành một bản sắc Canada mới, biểu thị thông qua việc chấp thuận quốc kỳ lá phong hiện nay",8.841804504394531,2.256338119506836,-6.585466384887695,0.216470892176611
0003-0020-0006,True,năm 1971,lập thể chế đa nguyên văn hóa chính thức vào năm 1971,8.20999813079834,7.963170528411865,-0.2468276023864746,0.6028845867701946
0003-0021-0001,True,Mặt trận giải phóng Québec (FLQ),Mặt trận giải phóng Québec (FLQ) cấp tiến,7.696551322937012,9.755796432495117,2.0592451095581055,0.7383441999717646
0003-0021-0002,False,,"Mặt trận giải phóng Québec (FLQ) cấp tiến kích động Khủng thỏang Tháng Mười với một lọat vụ đánh bom và bắt cóc vào năm 1970, Đảng Người Québec ủng hộ chủ quyền",8.785354614257812,4.686437606811523,-4.098917007446289,0.3502460370372328
0003-0021-0003,True,Tây bộ Canada,Tây bộ Canada,8.766179084777832,6.997159004211426,-1.7690200805664062,0.5020818689114195
0003-0021-0004,False,,Hòa ước Hồ Meech,8.817014694213867,5.340882778167725,-3.4761319160461426,0.38922980958821496
0003-0021-0005,False,,Hòa ước Hồ Meech đã thất bại vào năm 1990. Điều này dẫn đến việc hình thành khối Người Québec tại Québec và cổ vũ Đảng Cải cách Canada tại Tây bộ Canada,8.843358993530273,4.753539085388184,-4.08981990814209,0.35080273489525343
0003-0021-0006,True,Cách mạng Yên tĩnh,"Mặt trận giải phóng Québec (FLQ) cấp tiến kích động Khủng thỏang Tháng Mười với một lọat vụ đánh bom và bắt cóc vào năm 1970, Đảng Người Québec ủng hộ chủ quyền",8.862796783447266,4.964241981506348,-3.898554801940918,0.3625993869727798
0003-0021-0007,True,thất bại,Các nỗ lực nhằm hòa giải với chủ nghĩa dân tộc Québec bằng hiến pháp,8.551191329956055,6.902063369750977,-1.6491279602050781,0.5101373595323486
0003-0022-0001,True,Khủng hỏang Oka năm 1990,Khủng hỏang Oka năm 1990,8.794878005981445,9.452709197998047,0.6578311920166016,0.659411924704413
0003-0022-0002,True,gìn giữ hòa bình trong thập kỷ 1990,"họat động trong một số sứ mệnh gìn giữ hòa bình trong thập kỷ 1990, bao gồm sứ mệnh UNPROFOR tại Nam Tư cũ",8.652233123779297,7.780024528503418,-0.8722085952758789,0.5620273296658814
0003-0022-0003,False,,"Chuyến bay 182 của Air India phát nổ vào năm 1985, vụ mưu sát hàng lọat lớn nhất trong lịch sử Canada",8.871451377868652,5.907385349273682,-2.9640660285949707,0.42240569547042867
0003-0022-0004,True,"Chúng gồm có Chuyến bay 182 của Air India phát nổ vào năm 1985, vụ mưu sát hàng lọat lớn nhất trong lịch sử Canada; Thảm sát trường Bách khoa École vào năm 1989, một vụ xả súng đại học với mục tiêu là các nữ sinh; và Khủng hỏang Oka năm 1990","Chuyến bay 182 của Air India phát nổ vào năm 1985, vụ mưu sát hàng lọat lớn nhất trong lịch sử Canada",8.680133819580078,7.369523048400879,-1.3106107711791992,0.5328400903087928
0003-0022-0005,True,Chuyến bay 182 của Air India phát nổ vào năm 1985,Chuyến bay 182 của Air India phát nổ vào năm 1985,7.382454872131348,10.689981460571289,3.3075265884399414,0.7978520244797064
0003-0022-0006,False,,Chuyến bay 182 của Air India phát nổ vào năm 1985,8.211928367614746,10.442109107971191,2.2301807403564453,0.747123331314061
0003-0022-0007,False,,"họat động trong một số sứ mệnh gìn giữ hòa bình trong thập kỷ 1990, bao gồm sứ mệnh UNPROFOR tại Nam Tư cũ",8.763227462768555,7.355255603790283,-1.4079718589782715,0.5263203231796661
0003-0023-0001,True,Saint Pierre và Miquelon,Saint Pierre và Miquelon,8.66781997680664,7.005827903747559,-1.661992073059082,0.509273204469314
0003-0023-0002,False,,"Greenland thuộc Vương quốc Đan Mạch nằm ở phía đông bắc, còn Saint Pierre và Miquelon thuộc Pháp thì nằm ở phía nam đảo Newfoundland của Canada",8.857824325561523,4.390987873077393,-4.466836452484131,0.3280856684242445
0003-0023-0003,True,Hoa Kỳ liền kề ở phía nam và bang Alaska của Hoa Kỳ ở phía tây bắc,"Canada trải dài từ Đại Tây Dương ở phía đông đến Thái Bình Dương ở phía tây, phía bắc là Bắc Băng Dương. Greenland thuộc Vương quốc Đan Mạch",8.815921783447266,4.438228607177734,-4.377693176269531,0.33338959159196563
0003-0023-0004,False,,Canada,8.845569610595703,5.372988700866699,-3.472580909729004,0.3894567526223054
0003-0023-0005,True,Nga,Canada,8.748530387878418,5.891981601715088,-2.85654878616333,0.4294723052439659
0003-0023-0006,True,Greenland,Greenland thuộc Vương quốc Đan Mạch,8.755634307861328,7.0983500480651855,-1.6572842597961426,0.5095894615587212
0003-0023-0007,False,,"Canada trải dài từ Đại Tây Dương ở phía đông đến Thái Bình Dương ở phía tây, phía bắc là Bắc Băng Dương. Greenland thuộc Vương quốc Đan Mạch",8.803940773010254,4.510245323181152,-4.293695449829102,0.33842628576840733
0003-0023-0008,True,"Đại Tây Dương ở phía đông đến Thái Bình Dương ở phía tây, phía bắc là Bắc Băng Dương","Greenland thuộc Vương quốc Đan Mạch nằm ở phía đông bắc, còn Saint Pierre và Miquelon thuộc Pháp thì nằm ở phía nam đảo Newfoundland của Canada",8.835323333740234,4.09719181060791,-4.738131523132324,0.312215637036153
0003-0023-0009,False,,Canada,8.879539489746094,4.3006591796875,-4.578880310058594,0.3214810258886021
0003-0024-0001,False,,Canada,8.652213096618652,4.716731071472168,-3.9354820251464844,0.36030838050643343
0003-0024-0002,True,trạm Alert,Canada,8.634352684020996,4.453515529632568,-4.180837154388428,0.34525143142943615
0003-0024-0003,True,Canada-Hoa Kỳ,Hoa Kỳ,8.692787170410156,5.530341148376465,-3.1624460220336914,0.40945209871027577
0003-0024-0004,False,,trạm Alert của Quân đội Canada,8.771953582763672,4.790430068969727,-3.9815235137939453,0.3574608114375892
0003-0024-0005,True,năm 1925,phần thuộc vùng Bắc Cực,8.042577743530273,8.349494934082031,0.3069171905517578,0.6379199762453079
0003-0024-0006,True,"mũi phía bắc của đảo Ellesmere – vĩ độ 82,5°B – cách Bắc Cực 817 kilômét (508 mi)","trạm Alert của Quân đội Canada, nằm ở mũi phía bắc của đảo Ellesmere – vĩ độ 82,5°B – cách Bắc Cực 817 kilômét (508 mi)",8.263611793518066,7.471162796020508,-0.7924489974975586,0.5672975554727687
0003-0025-0001,True,Dãy núi Rocky của Canada và Dãy núi Coast,Dãy núi Rocky của Canada và Dãy núi Coast,8.825902938842773,5.860228538513184,-2.96567440032959,0.4223002178991976
0003-0025-0002,True,sát hại 2.000 người Nisga'a và hủy diệt làng của họ tại thung lũng sông Nass ở bắc bộ British Columbia,sát hại 2.000 người Nisga'a và hủy diệt làng của họ tại thung lũng sông Nass ở bắc bộ British Columbia,8.452703475952148,8.672811508178711,0.2201080322265625,0.6325130295255205
0003-0025-0003,False,,Mật độ dân số của Canada,8.781967163085938,5.363490104675293,-3.4184770584106445,0.39292037505806754
0003-0025-0004,True,"Canada có khỏang 31.700 hồ lớn hơn 3 kilômét vuông (300 ha), nhiều hơn bất kỳ quốc gia nào khác, và chứa nhiều nước ngọt của thế giới",Mật độ dân số của Canada,8.781868934631348,4.799825191497803,-3.982043743133545,0.3574286933381199
0003-0025-0005,True,"hành lang Thành phố Québec – Windsor, nằm tại Nam bộ Québec và Nam bộ Ontario dọc theo Ngũ Đại Hồ và sông St. Lawrence",hành lang Thành phố Québec – Windsor,8.711344718933105,6.354526996612549,-2.3568177223205566,0.4626510034642041
0003-0025-0006,True,tám,Mật độ dân số của Canada,8.775308609008789,4.684463024139404,-4.090845584869385,0.35073994816257503
0003-0025-0007,False,,Canada,8.848320960998535,5.245818138122559,-3.6025028228759766,0.3811854042021473
0003-0025-0008,False,,"hành lang Thành phố Québec – Windsor, nằm tại Nam bộ Québec và Nam bộ Ontario dọc theo Ngũ Đại Hồ và sông St. Lawrence",8.796526908874512,5.100782871246338,-3.695744037628174,0.375291184878482
0003-0026-0001,False,,British Columbia Duyên hải,8.937712669372559,4.228301525115967,-4.709411144256592,0.31387583781643524
0003-0026-0002,True,dưới −40 °C (−40 °F),"Nhiệt độ tối cao trung bình mùa đông và mùa hè tại Canada khác biệt giữa các khu vực. Mùa đông có thể khắc nghiệt tại nhiều nơi của quốc gia, đặc biệt là trong vùng nội địa và các tỉnh thảo nguyên",8.86108684539795,4.660148620605469,-4.2009382247924805,0.34403103538820945
0003-0026-0003,True,British Columbia Duyên hải,British Columbia Duyên hải,8.806000709533691,6.208073616027832,-2.5979270935058594,0.44658314397650184
0003-0026-0004,False,,British Columbia Duyên hải,8.893136978149414,4.291323184967041,-4.601813793182373,0.32013781591645907
0003-0026-0005,True,gần −15 °C (5 °F),"Nhiệt độ tối cao trung bình mùa đông và mùa hè tại Canada khác biệt giữa các khu vực. Mùa đông có thể khắc nghiệt tại nhiều nơi của quốc gia, đặc biệt là trong vùng nội địa và các tỉnh thảo nguyên",8.758952140808105,6.30016565322876,-2.4587864875793457,0.45584423186524553
0003-0026-0006,True,Mùa đông,British Columbia Duyên hải,8.912720680236816,4.351224899291992,-4.561495780944824,0.3225012075918811
0003-0027-0001,False,,Sở giao dịch chứng khóan Toronto là sở giao dịch chứng khóan lớn thứ bảy trên thế giới với 1.577 công ty niêm yết vào năm 2012. Canada,8.818222045898438,5.401562690734863,-3.416659355163574,0.39303693021708463
0003-0027-0002,True,Tổ chức Hợp tác và Phát triển kinh tế (OECD) và G8,Canada,8.886030197143555,5.010100841522217,-3.875929355621338,0.3640061923577103
0003-0027-0003,False,,Sở giao dịch chứng khóan Toronto,8.674310684204102,9.445904731750488,0.7715940475463867,0.6662459515965012
0003-0027-0004,True,Ngân hàng Canada,Canada,8.814754486083984,5.353799819946289,-3.4609546661376953,0.3902001146838667
0003-0027-0005,True,"Năm 2008, lượng hàng hóa nhập khẩu của Canada có giá trị trên 442,9 tỷ CAD, trong đó 280,8 tỷ CAD bắt nguồn từ Hoa Kỳ, 11,7 tỷ CAD bắt nguồn từ Nhật Bản, và 11,3 tỷ CAD bắt nguồn từ Anh Quốc",Canada,8.834236145019531,5.444003105163574,-3.390233039855957,0.39473281411291444
0003-0027-0006,True,Sở giao dịch chứng khóan Toronto,Sở giao dịch chứng khóan Toronto,7.731888771057129,10.337005615234375,2.605116844177246,0.7656864675032793
0003-0028-0001,False,,các ngành đốn gỗ và dầu mỏ,8.675037384033203,5.669579029083252,-3.005458354949951,0.41969345096174865
0003-0028-0002,True,ngành công nghiệp dịch vụ,các ngành đốn gỗ và dầu mỏ,8.637679100036621,5.999012470245361,-2.6386666297912598,0.4438782635104325
0003-0028-0003,True,ngành công nghiệp dịch vụ,các ngành đốn gỗ và dầu mỏ,8.523590087890625,6.730806827545166,-1.792783260345459,0.5004849718242207
0003-0028-0004,True,"sự phát triển của các ngành chế tạo, khai mỏ, và các lĩnh vực dịch vụ",Canada có sự khác biệt về tầm quan trọng của khu vực sơ khai,8.723753929138184,4.753744602203369,-3.9700093269348145,0.3581720056593042
0003-0028-0005,True,"Kể từ đầu thế kỷ XX, sự phát triển của các ngành chế tạo, khai mỏ, và các lĩnh vực dịch vụ đã chuyển đổi Canada từ một nền kinh tế nông thôn mức độ lớn sang nền kinh tế đô thị hóa, công nghiệp",Canada có sự khác biệt về tầm quan trọng của khu vực sơ khai,8.619823455810547,4.878576278686523,-3.7412471771240234,0.3724279590896411
0003-0029-0001,True,dựa vào các mỏ khóang sản lân cận hoặc các nguồn gỗ,Canada cũng là một trong các quốc gia lớn nhất về cung cấp nông sản trên thế giới; Các thảo nguyên Canada,8.799043655395508,2.980731964111328,-5.81831169128418,0.25347991511776286
0003-0029-0002,True,"Canada cũng là một trong các quốc gia lớn nhất về cung cấp nông sản trên thế giới; Các thảo nguyên Canada là một trong những nơi sản xuất có tầm quan trọng tòan cầu nhất về lúa mì, cải dầu, và các lọai hạt khác",Canada,8.782257080078125,4.113746166229248,-4.668510913848877,0.3162483429633967
0003-0029-0003,True,thiếc và urani,"vàng, niken, nhôm, thép, quặng sắt, than cốc, và chì",8.787643432617188,4.777083396911621,-4.010560035705566,0.3556701101499495
0003-0029-0004,True,Các mỏ cát dầu Athabasca và các tài sản khác khiến Canada sở hữu 13% trữ lượng dầu tòan cầu,Canada,8.867246627807617,3.7144992351531982,-5.152747392654419,0.28879746069471807
0003-0029-0005,False,,Canada cũng là một trong các quốc gia lớn nhất về cung cấp nông sản trên thế giới; Các thảo nguyên Canada,8.833486557006836,3.504004716873169,-5.329481840133667,0.27913858001166086
0003-0030-0001,False,,Chương trình Năng lượng quốc gia (NEP) và Cơ quan Đánh giá đầu tư nước ngòai (FIRA),8.617998123168945,6.1193766593933105,-2.4986214637756348,0.4531894403463744
0003-0030-0002,True,Hiệp định Thương mại tự do Canada – Hoa Kỳ (FTA) năm 1988 đã lọai trừ thuế quan giữa hai quốc gia,Hiệp định Thương mại tự do Canada – Hoa Kỳ,8.774269104003906,4.54083251953125,-4.233436584472656,0.3420623157517134
0003-0030-0003,True,Cơ quan Đánh giá đầu tư nước ngòai (FIRA),Chương trình Năng lượng quốc gia (NEP) và Cơ quan Đánh giá đầu tư nước ngòai (FIRA),8.82144832611084,5.430349349975586,-3.391098976135254,0.3946772030431629
0003-0030-0004,False,,Canada với Hoa Kỳ tăng lên đáng kể từ sau Chiến tranh thế giới thứ hai,8.71800422668457,4.7385382652282715,-3.979465961456299,0.3575878538621459
0003-0030-0005,True,sau Chiến tranh thế giới thứ hai,Sự hội nhập của kinh tế Canada với Hoa Kỳ tăng lên đáng kể từ sau Chiến tranh thế giới thứ hai,8.69907283782959,6.219250679016113,-2.4798221588134766,0.45444199269167845
0003-0030-0006,True,các mối quan tâm về sự độc lập năng lượng và sở hữu ngọai quốc trong lĩnh vực chế tạo,Chương trình Năng lượng quốc gia (NEP) và Cơ quan Đánh giá đầu tư nước ngòai (FIRA),8.501100540161133,7.157800674438477,-1.3432998657226562,0.530652210339744
0003-0030-0007,True,khuyến khích đầu tư nước ngòai,Cơ quan Đánh giá đầu tư nước ngòai (FIRA,6.9046807289123535,7.749682426452637,0.8450016975402832,0.6706191750306961
0003-0030-0008,False,,"Chương trình Năng lượng quốc gia (NEP) và Cơ quan Đánh giá đầu tư nước ngòai (FIRA). Trong thập niên 1980, Thủ tướng Brian Mulroney thuộc Đảng Cấp tiến Bảo thủ đã bãi bỏ NEP",8.104211807250977,7.574969291687012,-0.5292425155639648,0.5845753879897274
0003-0031-0001,True,"các tay máy robot Canadarm, Canadarm2 và Dextre",Canada cũng sản xuất thành công và sử dụng rộng rãi tên lửa thám không Black Brant,8.443426132202148,6.742871284484863,-1.7005548477172852,0.5066824137669964
0003-0031-0002,True,một nước tiên phong,"Canada là một bên tham gia trong trạm vũ trụ quốc tế (ISS), và là một nước tiên phong trong người máy không gian",8.575998306274414,5.704740524291992,-2.871257781982422,0.42850378464500005
0003-0031-0003,True,"Radarsat-1 và 2, ISIS và MOST","Radarsat-1 và 2, ISIS và MOST.",8.529001235961914,6.685443878173828,-1.843557357788086,0.49707293631406213
0003-0031-0004,False,,Canada cũng sản xuất thành công và sử dụng rộng rãi tên lửa thám không Black Brant,8.745027542114258,5.231788635253906,-3.5132389068603516,0.38686120761969656
0003-0031-0005,True,ISS,"Canada là một bên tham gia trong trạm vũ trụ quốc tế (ISS), và là một nước tiên phong trong người máy không gian",8.652999877929688,3.8982832431793213,-4.754716634750366,0.3112591109924342
0003-0031-0006,False,,"Radarsat-1 và 2, ISIS và MOST.",8.072657585144043,8.901323318481445,0.8286657333374023,0.6696484874907596
0003-0032-0001,False,,"tòan quyền, phó tổng đốc, tham nghị sĩ, thẩm phán tòa án liên bang, và người đứng đầu các công ty quốc doanh (Crown corporations), và các cơ quan của chính phủ",8.835138320922852,5.447406768798828,-3.3877315521240234,0.39489347681245274
0003-0032-0002,True,Nội các,Tòan quyền,8.666504859924316,8.177589416503906,-0.48891544342041016,0.5872054307505289
0003-0032-0003,False,,Tòan quyền hay quân chủ,8.700383186340332,6.5231828689575195,-2.1772003173828125,0.47467346285312323
0003-0032-0004,True,Trong các tình thế khủng hỏang nhất định,"tòan quyền, phó tổng đốc, tham nghị sĩ, thẩm phán tòa án liên bang, và người đứng đầu các công ty quốc doanh (Crown corporations), và các cơ quan của chính phủ",8.72901725769043,6.317314624786377,-2.4117026329040527,0.4589853500802222
0003-0032-0005,True,hạn chế trong việc tham gia trực tiếp vào các lĩnh vực cai trị,Các nhân vật quân chủ và phó quân chủ,8.752314567565918,6.355294227600098,-2.3970203399658203,0.45996553286934627
0003-0032-0006,True,Thủ tướng Canada,Tòan quyền hay quân chủ,8.764120101928711,5.614724636077881,-3.14939546585083,0.41030061537802565
0003-0033-0001,False,,"Đảng Bảo thủ (đảng cầm quyèn), Đảng Tân Dân chủ (đối lập chính thức), Đảng Tự do, Khối Người Québec, và Đảng Xanh",8.247156143188477,7.770071029663086,-0.4770851135253906,0.5879760426387396
0003-0033-0002,True,bầu theo đa số giản đơn trong một khu vực tuyển cử,Tham nghị viện,8.443766593933105,4.9154558181762695,-3.528310775756836,0.38590066405385376
0003-0033-0003,True,75,Tham nghị viện,8.519378662109375,5.366465091705322,-3.1529135704040527,0.41007182365383854
0003-0033-0004,True,"Tổng tuyển cử phải do tòan quyền yêu cầu, theo cố vấn của thủ tướng trong vòng bốn năm tính từ cuộc bầu cử trước đó, hoặc nếu chính phủ thất bại trong một cuộc bỏ phiếu tín nhiệm tại nghị viện",Tham nghị viện,8.534234046936035,4.6507720947265625,-3.8834619522094727,0.36353757081829763
0003-0033-0005,True,"Đảng Bảo thủ (đảng cầm quyèn), Đảng Tân Dân chủ (đối lập chính thức), Đảng Tự do, Khối Người Québec, và Đảng Xanh","Đảng Bảo thủ (đảng cầm quyèn), Đảng Tân Dân chủ (đối lập chính thức), Đảng Tự do, Khối Người Québec, và Đảng Xanh",8.180929183959961,7.961302280426025,-0.21962690353393555,0.6046337811467093
0003-0034-0001,True,Hiến pháp Canada,Đạo luật Hiến pháp 1982,8.67273998260498,5.442284107208252,-3.2304558753967285,0.40503908492680785
0003-0034-0002,True,khẳng định sự cai trị dựa trên tiền lệ nghị viện và phân chia quyền lực giữa các chính phủ liên bang và cấp tỉnh,Đạo luật Hiến pháp 1867,8.440659523010254,6.363856315612793,-2.076803207397461,0.4814071302914712
0003-0034-0003,True,Hiến chương đảm bảo các quyền lợi và quyền tự do mà theo thường lệ không thể bị chà đạp bởi bất kỳ chính phủ nào,tu chính hiến pháp,8.471963882446289,7.239002704620361,-1.2329611778259277,0.5380319613702121
0003-0034-0004,True,Quy chế Westminster 1931 trao đầy đủ quyền tự trị và Đạo luật Hiến pháp 1982,Đạo luật Hiến pháp 1982,8.76086711883545,5.453364372253418,-3.3075027465820312,0.4000581920877047
0003-0035-0001,False,,một lọat 11 hiệp định được gọi là Các hiệp định Được đánh số,8.193869590759277,8.7783203125,0.5844507217407227,0.6549681099995597
0003-0035-0002,True,Các hiệp định Được đánh số,một lọat 11 hiệp định được gọi là Các hiệp định Được đánh số,7.8260955810546875,9.164093971252441,1.337998390197754,0.6992031620235829
0003-0035-0003,True,"Đạo luật người Da đỏ (Indian Act), các hiệp định khác nhau và các án lệ pháp",Đạo luật người Da đỏ,8.699459075927734,8.612325668334961,-0.08713340759277344,0.6131150532727994
0003-0035-0004,False,,"cung cấp các dịch vụ như y tế, và miễn thuế",8.700122833251953,5.777924537658691,-2.9221982955932617,0.42515385880726375
0003-0035-0005,True,"Các quyền lợi này có thể bao gồm cung cấp các dịch vụ như y tế, và miễn thuế","cung cấp các dịch vụ như y tế, và miễn thuế",8.607538223266602,6.545080184936523,-2.062458038330078,0.48236987452796093
0003-0035-0006,True,tương đối hòa bình,một lọat 11 hiệp định được gọi là Các hiệp định Được đánh số,8.816381454467773,5.089450359344482,-3.726931095123291,0.3733278261621918
0003-0036-0001,True,cố vấn của thủ tướng và bộ trưởng tư pháp,Chín thành viên của Tối cao pháp viện do tòan quyền,7.805602073669434,8.05474853515625,0.2491464614868164,0.6343254917207867
0003-0036-0002,True,Chánh án Richard Wagner,"Tối cao pháp viện Canada là tòa án cao nhất và nơi phân xử cuối cùng, từ ngày 18 tháng 12 năm 2017 đứng đầu tòa là Chánh án Richard Wagner",8.0615816116333,8.504629135131836,0.44304752349853516,0.6463286357136072
0003-0036-0003,True,giải thích các pháp luật và có quyền phủ định các đạo luật của nghị viện nếu chúng vi hiến,Tối cao pháp viện Canada,8.397380828857422,7.1658430099487305,-1.2315378189086914,0.5381270576886467
0003-0036-0004,False,,Tối cao pháp viện Canada,8.44332218170166,6.9777398109436035,-1.4655823707580566,0.5224580713129563
0003-0036-0005,False,,Tối cao pháp viện Canada,8.413076400756836,7.600406646728516,-0.8126697540283203,0.565962832676089
0003-0036-0006,True,Nội các liên bang cũng bổ nhiệm các thẩm phán cho các tòa cấp cao có quyền hạn cấp tỉnh và lãnh thổ,Tối cao pháp viện Canada,8.164560317993164,7.892366886138916,-0.27219343185424805,0.6012510132843994
0003-0037-0001,False,,Canada có quan hệ tích cực với Hà Lan,8.526378631591797,3.7121834754943848,-4.814195156097412,0.3078420248849788
0003-0037-0002,True,"Canada và Hoa Kỳ chia sẻ đường biên giới không được bảo vệ dài nhất thế giới, hợp tác trong các chiến dịch và tập luyện quân sự, và là đối tác thương mại lớn nhất của nhau",Canada có quan hệ tích cực với Hà Lan,8.42442512512207,4.569488525390625,-3.8549365997314453,0.3653135637143051
0003-0037-0003,False,,Canada có quan hệ tích cực với Hà Lan,8.538267135620117,4.384452819824219,-4.153814315795898,0.3468952850775238
0003-0037-0004,True,Canada từng góp phần giải phóng Hà Lan trong Chiến tranh thế giới thứ hai,Canada có quan hệ tích cực với Hà Lan,8.354368209838867,5.347900867462158,-3.006467342376709,0.4196273965918966
0003-0037-0005,True,tư cách viên của minh trong Thịnh vượng chung các quốc gia và Cộng đồng Pháp ngữ,Canada có quan hệ tích cực với Hà Lan,8.318815231323242,4.786430835723877,-3.5323843955993652,0.3856412007477408
0003-0037-0006,True,duy trì quan hệ đầy đủ với Cuba và từ chối chính thức tham gia trong Cuộc xâm chiếm Iraq năm 2003,"Canada tuy vậy vẫn có một chính sách đối ngọai độc lập, đáng chú ý nhất là việc duy trì quan hệ đầy đủ với Cuba và từ chối chính thức tham gia trong Cuộc xâm chiếm Iraq năm 2003",7.392508506774902,8.909988403320312,1.5174798965454102,0.7092515088270256
0003-0038-0001,True,Anh Quốc,Canada,8.727554321289062,3.6862587928771973,-5.041295528411865,0.29498949823310416
0003-0038-0002,True,Canada gắn bó chặt chẽ với Đế quốc Anh và Thịnh vượng chung,"Canada là một thành viên sáng lập của Liên Hiệp Quốc vào năm 1945 và của NATO vào năm 1949. Trong Chiến tranh Lạnh, Canada",8.777490615844727,2.6861157417297363,-6.09137487411499,0.23984337594576363
0003-0038-0003,True,"Chiến tranh Boer lần thứ hai, Chiến tranh thế giới thứ nhất và Chiến tranh thế giới thứ hai","Chiến tranh Boer lần thứ hai, Chiến tranh thế giới thứ nhất và Chiến tranh thế giới thứ hai",8.71430778503418,7.200900077819824,-1.5134077072143555,0.519249763679523
0003-0038-0004,True,"Canada chủ trương đa phương hóa, tiến hành các nỗ lực nhằm giải quyết các vấn đề tòan cầu bằng cách cộng tác với các quốc gia khác","Canada chủ trương đa phương hóa, tiến hành các nỗ lực nhằm giải quyết các vấn đề tòan cầu",8.786338806152344,3.6786251068115234,-5.10771369934082,0.2912901392549013
0003-0038-0005,False,,"Chiến tranh Boer lần thứ hai, Chiến tranh thế giới thứ nhất và Chiến tranh thế giới thứ hai",8.715045928955078,7.0716352462768555,-1.6434106826782227,0.5105214021920451
0003-0038-0006,False,,"Canada chủ trương đa phương hóa, tiến hành các nỗ lực nhằm giải quyết các vấn đề tòan cầu",8.736053466796875,3.99676251411438,-4.739290952682495,0.3121487161796895
0003-0039-0001,True,Lester B. Pearson,Lực lượng gìn giữ hòa bình Liên Hiệp Quốc,8.435912132263184,7.558372497558594,-0.8775396347045898,0.5616745606226978
0003-0039-0002,True,làm giảm căng thẳng bằng đề xuất triển khai Lực lượng gìn giữ hòa bình Liên Hiệp Quốc,Lực lượng gìn giữ hòa bình Liên Hiệp Quốc,8.656205177307129,9.010122299194336,0.35391712188720703,0.6408329846920406
0003-0039-0003,True,Khủng hỏang Kênh đào Suez,"Khủng hỏang Kênh đào Suez năm 1956, Thủ tướng tương lai Lester B. Pearson làm giảm căng thẳng bằng đề xuất triển khai Lực lượng gìn giữ hòa bình Liên Hiệp Quốc",8.689261436462402,7.17802095413208,-1.5112404823303223,0.5193951858114021
0003-0039-0004,False,,"Canada thỉnh thỏang phải đối mặt với các tranh luận về sự dính líu của họ đến các quốc gia khác, đáng chú ý là trong Vụ việc Somalia",8.835477828979492,6.0005598068237305,-2.8349180221557617,0.43089757233603676
0003-0039-0005,True,Canada thỉnh thỏang phải đối mặt với các tranh luận về sự dính líu của họ đến các quốc gia khác,"Canada thỉnh thỏang phải đối mặt với các tranh luận về sự dính líu của họ đến các quốc gia khác, đáng chú ý là trong Vụ việc Somalia",8.55026626586914,6.806645393371582,-1.7436208724975586,0.5037886601006817
0003-0039-0006,False,,"Khủng hỏang Kênh đào Suez năm 1956, Thủ tướng tương lai Lester B. Pearson làm giảm căng thẳng bằng đề xuất triển khai Lực lượng gìn giữ hòa bình Liên Hiệp Quốc",8.607572555541992,8.029359817504883,-0.5782127380371094,0.5813751821425747
0003-0039-0007,False,,Lực lượng gìn giữ hòa bình Liên Hiệp Quốc,8.862445831298828,6.495323181152344,-2.3671226501464844,0.46196243790552566
0003-0040-0001,False,,"Canada, Ý, Anh Quốc, Na Uy, và Nga",8.726591110229492,5.866775035858154,-2.859816074371338,0.42925712221886236
0003-0040-0002,True,Nga tiến hành chiếm thám hiểm dưới nước đến Bắc Cực,Nga tiến hành chiếm thám hiểm dưới nước đến Bắc Cực,8.54701042175293,6.7715277671813965,-1.7754826545715332,0.5016475836735262
0003-0040-0003,True,"1,5 tỷ đô la Mỹ","Canada, Ý, Anh Quốc, Na Uy, và Nga tuyên bố cam kết chung của họ cho một dự án 1,5 tỷ đô la Mỹ nhằm giúp đỡ phát triển vắc-xin cho các quốc gia đang phát triển",8.834114074707031,1.8755533695220947,-6.9585607051849365,0.1999444897042875
0003-0040-0004,True,tháng 2 năm 2007,"Canada, Ý, Anh Quốc, Na Uy, và Nga",8.42660903930664,7.837093353271484,-0.5895156860351562,0.5806355498898743
0003-0040-0005,True,"Canada, Ý, Anh Quốc, Na Uy, và Nga","Canada, Ý, Anh Quốc, Na Uy, và Nga",8.739296913146973,5.722038745880127,-3.0172581672668457,0.4189211449992144
0003-0041-0001,True,Tổng thu nhập của các tỉnh nhiều hơn của chính phủ liên bang,Canada,8.486936569213867,5.678542137145996,-2.808394432067871,0.43264679287654917
0003-0041-0002,True,bảo đảm các tiêu chuẩn thống nhất hợp lý về các dịch vụ và thuế được thi hành giữa các tỉnh giàu hơn và nghèo hơn,các tiêu chuẩn thống nhất hợp lý về các dịch vụ và thuế được thi hành giữa các tỉnh giàu hơn và nghèo hơn,8.069060325622559,8.719137191772461,0.6500768661499023,0.6589436399138724
0003-0041-0003,True,Các tỉnh có quyền tự trị lớn hơn các lãnh thổ,Các tỉnh,8.365026473999023,6.789226531982422,-1.5757999420166016,0.515061905158031
0003-0041-0004,True,Canada là một liên bang gồm có mười tỉnh và ba lãnh thổ,Canada là một liên bang gồm có mười tỉnh và ba lãnh thổ,8.51750659942627,5.225367546081543,-3.2921390533447266,0.40104980503950605
0003-0041-0005,False,,Canada,8.574091911315918,4.935245990753174,-3.638845920562744,0.37888371278465727
0003-0041-0006,False,,Canada là một liên bang gồm có mười tỉnh và ba lãnh thổ,8.538981437683105,5.040620803833008,-3.4983606338500977,0.38781027724235756
0003-0042-0001,True,dân số già hơn,Canada đang trải qua biến đổi nhân khẩu học theo hướng dân số già hơn,8.469942092895508,6.876437187194824,-1.5935049057006836,0.513873110946904
0003-0042-0002,True,80%,"Xấp xỉ 80% người Canada sống tại các khu vực đô thị tập trung tại hành lang thành phố Québec –Windsor, Lower Mainland tại British Columbia, và hành lang Calgary–Edmonton tại Alberta",8.2257080078125,6.244084358215332,-1.981623649597168,0.4877971364802726
0003-0042-0003,True,81,81,7.885438919067383,7.715330123901367,-0.17010879516601562,0.6078112460790224
0003-0042-0004,False,,Khỏang bốn phần năm dân số Canada sống cách với biên giới Hoa Kỳ dưới 150 kilômét (93 mi),8.467470169067383,5.965575695037842,-2.501894474029541,0.4529714276812374
0003-0042-0005,False,,81,8.144392013549805,7.41986083984375,-0.7245311737060547,0.5717733930231795
0003-0042-0006,True,dưới 150 kilômét (93 mi),Khỏang bốn phần năm dân số Canada sống cách với biên giới Hoa Kỳ dưới 150 kilômét (93 mi),8.03813362121582,7.971462249755859,-0.06667137145996094,0.6144189315287465
0003-0042-0007,False,,Canada đang trải qua biến đổi nhân khẩu học theo hướng dân số già hơn,8.624139785766602,5.857691287994385,-2.766448497772217,0.43541652524343993
0003-0042-0008,False,,Canada,8.730721473693848,4.666508197784424,-4.064213275909424,0.3523719129444971
0003-0042-0009,True,"hành lang thành phố Québec –Windsor, Lower Mainland tại British Columbia, và hành lang Calgary–Edmonton tại Alberta","Canada đang trải qua biến đổi nhân khẩu học theo hướng dân số già hơn, với nhiều người nghỉ hưu hơn và ít người trong độ tuổi lao động hơn. Năm 2006, tuổi trung bình của cư dân Canada",8.639389038085938,4.332230567932129,-4.307158470153809,0.33761650755756567
0003-0043-0001,True,"tăng trưởng 18,4%","dân số dân tộc thiểu số hữu hình tăng trưởng 18,4%. Năm 1961, dưới 2% dân số Canada (khỏang 300.000 người) có thể được phân lọai thuộc một nhóm dân tộc thiểu số hữu hình, và dưới 1% là thổ dân",8.462039947509766,9.169916152954102,0.7078762054443359,0.6624266363487679
0003-0043-0002,False,,Dân số thổ dân,8.93399429321289,5.3308210372924805,-3.60317325592041,0.3811428954339712
0003-0043-0003,True,4%,4% dân số Canada tuyên bố họ có đặc tính thổ dân,8.796197891235352,4.973834991455078,-3.8223628997802734,0.3673460957231789
0003-0043-0004,True,Nam Á,"người Nam Á (5,6%), người Hoa (5%) và người Da đen",8.961074829101562,4.518251895904541,-4.4428229331970215,0.3295102038896812
0003-0043-0005,False,,"người Nam Á (5,6%), người Hoa (5%) và người Da đen (3,5%). Từ năm 2011 đến năm 2016, dân số dân tộc thiểu số hữu hình",8.902422904968262,4.057793140411377,-4.844629764556885,0.3061016137928109
0003-0043-0006,False,,"dân số dân tộc thiểu số hữu hình tăng trưởng 18,4%. Năm 1961, dưới 2% dân số Canada (khỏang 300.000 người) có thể được phân lọai thuộc một nhóm dân tộc thiểu số hữu hình, và dưới 1% là thổ dân",8.837297439575195,7.518845081329346,-1.3184523582458496,0.5323153651013951
0003-0043-0007,True,gần gấp hai lần,Dân số thổ dân,8.890153884887695,6.242913246154785,-2.64724063873291,0.4433094146202576
0003-0044-0001,True,hơn 10%,Canada cũng chấp nhận một lượng lớn người tị nạn,8.603392601013184,3.238158702850342,-5.365233898162842,0.27720890521676167
0003-0044-0002,True,"Toronto, Montreal và Vancouver","các khu vực đô thị lớn như Toronto, Montreal và Vancouver",8.65982723236084,2.59163236618042,-6.06819486618042,0.24098122105474168
0003-0044-0003,True,Canada,Canada,8.304101943969727,7.100693702697754,-1.2034082412719727,0.5400058505642692
0003-0044-0004,True,chính sách kinh tế và đòan tụ gia đình,"Canada là một trong những quốc gia có tỷ lệ nhập cư bình quân trên người cao nhất thế giới, được thúc đẩy từ chính sách kinh tế và đòan tụ gia đình",8.13819408416748,8.85472297668457,0.7165288925170898,0.6629465465257663
0003-0045-0001,True,"38,7%",Công giáo Rôma,8.593242645263672,5.41988468170166,-3.1733579635620117,0.40874304323052124
0003-0045-0002,False,,"khỏang 23,9% cư dân Canada coi rằng mình không tôn giáo",8.691638946533203,4.986600399017334,-3.705038547515869,0.3747056233045296
0003-0045-0003,True,Kitô giáo,Kitô giáo; trong đó Công giáo Rôma,8.417909622192383,6.54404878616333,-1.8738608360290527,0.49503664248311696
0003-0045-0004,True,"Canada là quốc gia đa tôn giáo, bao gồm nhiều tín ngưỡng và phong tục","Canada là quốc gia đa tôn giáo, bao gồm nhiều tín ngưỡng và phong tục",8.693290710449219,6.174745559692383,-2.518545150756836,0.4518626201266111
0003-0045-0005,False,,Kitô giáo; trong đó Công giáo Rôma,8.548467636108398,5.214603900909424,-3.3338637351989746,0.398358695410542
0003-0045-0006,True,"Năm 2011, khỏang 23,9% cư dân Canada coi rằng mình không tôn giáo, so với 16,5% vào năm 2001","khỏang 23,9% cư dân Canada coi rằng mình không tôn giáo",8.626389503479004,6.1570329666137695,-2.4693565368652344,0.4551395427951362
0003-0046-0001,False,,"tóan học, khoa học, và đọc",8.685956954956055,4.669422149658203,-4.016534805297852,0.35530214079135886
0003-0046-0002,False,,"Canada là quốc gia có giáo dục nhất trên thế giới. Chương trình đánh giá học sinh quốc tế (PISA) chỉ ra rằng học sinh Canada biểu hiện tốt hơn mức trung bình của OECD, đặc biệt là trong tóan học, khoa học, và đọc",8.816084861755371,2.7786619663238525,-6.0374228954315186,0.24249741802678657
0003-0046-0003,True,"học sinh Canada biểu hiện tốt hơn mức trung bình của OECD, đặc biệt là trong tóan học, khoa học, và đọc","học sinh Canada biểu hiện tốt hơn mức trung bình của OECD, đặc biệt là trong tóan học, khoa học, và đọc",8.615201950073242,5.823117256164551,-2.7920846939086914,0.4337232510318379
0003-0046-0004,True,5–7,"Canada là quốc gia có giáo dục nhất trên thế giới. Chương trình đánh giá học sinh quốc tế (PISA) chỉ ra rằng học sinh Canada biểu hiện tốt hơn mức trung bình của OECD, đặc biệt là trong tóan học, khoa học, và đọc",8.829439163208008,2.8647682666778564,-5.964670896530151,0.24610777684082769
0003-0046-0005,True,Chương trình đánh giá học sinh quốc tế (PISA),Canada,8.776406288146973,3.4281978607177734,-5.348208427429199,0.27812680860480266
0003-0046-0006,True,Độ tuổi bắt buộc đến trường có phạm vi từ 5–7 đến 16–18 tuổi,Độ tuổi bắt buộc đến trường có phạm vi từ 5–7 đến 16–18 tuổi,8.578425407409668,9.452072143554688,0.8736467361450195,0.6723177587844726
0003-0047-0001,True,tiếng Anh và tiếng Pháp,Tiếng Anh và tiếng Pháp,7.841716766357422,9.057480812072754,1.215764045715332,0.6922478267369758
0003-0047-0002,True,ngang nhau,Tiếng Anh và tiếng Pháp,7.921720504760742,8.778083801269531,0.8563632965087891,0.6712934278220432
0003-0047-0003,True,Canada có hai ngôn ngữ chính thức là tiếng Anh và tiếng Pháp,Tiếng Anh và tiếng Pháp,8.343036651611328,7.459113121032715,-0.8839235305786133,0.5612520392500481
0003-0047-0004,False,,Tiếng Anh và tiếng Pháp,8.103764533996582,6.807225704193115,-1.2965388298034668,0.5337815410689672
0003-0047-0005,True,các ngôn ngữ thiểu số có địa vị chính thức được đảm bảo có trường học sử dụng chúng tại tất cả các tỉnh và lãnh thổ,Tiếng Anh và tiếng Pháp,8.031959533691406,6.768766403198242,-1.263193130493164,0.536011485554154
0003-0048-0001,True,New Brunswick,"New Brunswick là tỉnh chính thức song ngữ duy nhất, có cộng đồng thiểu số Acadia nói tiếng Pháp",8.753660202026367,5.613983631134033,-3.139676570892334,0.4109328625051164
0003-0048-0002,False,,"New Brunswick là tỉnh chính thức song ngữ duy nhất, có cộng đồng thiểu số Acadia nói tiếng Pháp",8.741801261901855,5.581723213195801,-3.1600780487060547,0.40960601892200355
0003-0048-0003,True,Ontario,New Brunswick,8.800869941711426,7.132284164428711,-1.6685857772827148,0.5088302463339389
0003-0048-0004,True,Québec,New Brunswick,8.80653190612793,6.222260475158691,-2.5842714309692383,0.44749052095888264
0003-0048-0005,True,Hiến chương Pháp ngữ 1977,tiếng Pháp,8.230402946472168,8.86678409576416,0.6363811492919922,0.6581157959279752
0003-0049-0001,True,"11 nhóm ngôn ngữ Thổ dân, bao gồm hơn 65 phương ngôn riêng biệt",tiếng Pháp,8.60377311706543,7.005036354064941,-1.5987367630004883,0.5135217888826888
0003-0049-0002,True,có số người nói thành thạo đủ lớn để được xem là có thể sinh tồn trường kỳ,tiếng Pháp,8.674394607543945,6.475467205047607,-2.198927402496338,0.4732173471446475
0003-0049-0003,True,"Các tỉnh khác không có ngôn ngữ chính thức như vậy, song tiếng Pháp được sử dụng như một ngôn ngữ trong giảng dạy, trong tòa án, và cho các dịch vụ chính quyền khác, cùng với tiếng Anh","Manitoba, Ontario, và Québec cho phép nói cả tiếng Anh và tiếng Pháp",7.916723251342773,9.118592262268066,1.201869010925293,0.6914515401170296
0003-0049-0004,True,Các Lãnh thổ Tây Bắc,"Manitoba, Ontario, và Québec cho phép nói cả tiếng Anh và tiếng Pháp",8.622514724731445,6.286641597747803,-2.3358731269836426,0.4640509379268893
0003-0049-0005,False,,tiếng Pháp,8.788684844970703,6.009882926940918,-2.778801918029785,0.43460038958047625
0003-0049-0006,False,,"Manitoba, Ontario, và Québec cho phép nói cả tiếng Anh và tiếng Pháp",8.139930725097656,8.980962753295898,0.8410320281982422,0.670383429621365
0003-0049-0007,False,,tiếng Pháp,8.67031478881836,7.303571701049805,-1.3667430877685547,0.5290824255704843
0003-0050-0001,True,nhiều nhà bình luận nói tiếng Pháp nói về một văn hóa Québec khác biệt với văn hóa Canada Anh ngữ,"Québec là nơi có bản sắc mạnh hóa mạnh, và nhiều nhà bình luận nói tiếng Pháp nói về một văn hóa Québec khác biệt với văn hóa Canada Anh ngữ",8.892410278320312,6.466213703155518,-2.426196575164795,0.4580180526551254
0003-0050-0002,False,,"Québec là nơi có bản sắc mạnh hóa mạnh, và nhiều nhà bình luận nói tiếng Pháp nói về một văn hóa Québec khác biệt với văn hóa Canada Anh ngữ",8.989289283752441,5.171777248382568,-3.817512035369873,0.3676491855915008
0003-0050-0003,False,,Québec,7.114401340484619,10.316923141479492,3.202521800994873,0.7932613769176862
0003-0050-0004,True,"tài trợ công khai chăm sóc sức khỏe, áp thuế cao hơn để tái phân phối của cải, xóa bỏ tử hình, những nôc lự mạnh mẽ nhằm lọai trừ nghèo khổ, kiểm sóat súng nghiêm ngặt, và hợp pháp hóa hôn nhân đồng tính",hợp pháp hóa hôn nhân đồng tính,8.34980583190918,7.184875011444092,-1.164930820465088,0.542573931990669
0003-0050-0005,False,,hợp pháp hóa hôn nhân đồng tính,8.894043922424316,5.336258411407471,-3.5577855110168457,0.3840247844178685
0003-0050-0006,True,Québec,Québec,6.388399600982666,10.506402015686035,4.118002414703369,0.8307261309584127
0003-0050-0007,True,"những ảnh hưởng của các dân tộc thành phần, và các chính sách nhằm thúc đẩy đa nguyên văn hóa được bảo vệ theo hiến pháp","Văn hóa Canada rút ra từ những ảnh hưởng của các dân tộc thành phần, và các chính sách nhằm thúc đẩy đa nguyên văn hóa được bảo vệ theo hiến pháp",8.904867172241211,5.466379165649414,-3.438488006591797,0.391638037535418
0003-0050-0008,False,,Québec,9.010087966918945,3.2404661178588867,-5.769621849060059,0.25596451404712306
0003-0051-0001,True,"Anh Quốc, Pháp, và thổ dân","Truyền thông và giải trí Mỹ phổ biến, nếu không nói là chi phối, tại Canada Anh ngữ; ngược lại, nhiều văn hóa phẩm và nghệ sĩ giải trí của Canada thành công tại Hoa Kỳ và tòan cầu",8.930030822753906,4.622507095336914,-4.307523727416992,0.3375945511791571
0003-0051-0002,False,,"Công ty Phát thanh-Truyền hình Canada (CBC), Cục Điện ảnh Quốc gia Canada (NFB), và Ủy ban Phát thanh-Truyền hình và Viễn thông Canada (CRTC)",8.92387580871582,3.8537473678588867,-5.070128440856934,0.29338020727038927
0003-0051-0003,True,"Việc duy trì một văn hóa Canada riêng biệt được chính phủ ủng hộ thông qua các chương trình, các đạo luật, và các thể chế như Công ty Phát thanh-Truyền hình Canada (CBC), Cục Điện ảnh Quốc gia Canada (NFB), và Ủy ban Phát thanh-Truyền hình và Viễn thông Canada (CRTC)","Công ty Phát thanh-Truyền hình Canada (CBC), Cục Điện ảnh Quốc gia Canada (NFB), và Ủy ban Phát thanh-Truyền hình và Viễn thông Canada (CRTC)",8.780329704284668,5.696437835693359,-3.0838918685913086,0.41456747953693357
0003-0051-0004,True,"ngôn ngữ, nghệ thuật và âm nhạc",Canada vốn đã đa nguyên văn hóa,8.840994834899902,5.165746212005615,-3.675248622894287,0.3765837001755573
0003-0052-0001,True,phong cảnh và chân dung về những người bản địa tại vùng Duyên hải Tây Bắc Thái Bình Dương,hội họa phong cảnh Canada,8.729259490966797,5.884011268615723,-2.845248222351074,0.4302167634499695
0003-0052-0002,True,dân tộc chủ nghĩa và duy tâm chủ nghĩa,dân tộc chủ nghĩa và duy tâm chủ nghĩa,8.314530372619629,7.334873676300049,-0.9796566963195801,0.5549055705307447
0003-0052-0003,False,,hội họa phong cảnh Canada,8.683884620666504,7.821091651916504,-0.86279296875,0.5626502332944318
0003-0052-0004,False,,Sự nghiệp hội họa phong cảnh Canada của Tom Thomson kéo dài một thập kỷ cho đến khi ông mất vào năm 1917,8.5692138671875,6.632244110107422,-1.9369697570800781,0.4907965377452694
0003-0052-0005,True,Tom Thomson – họa sĩ nổi tiếng nhất của quốc gia – hay Group of Seven,hội họa phong cảnh Canada,8.765472412109375,4.891977310180664,-3.873495101928711,0.36415768855288944
0003-0052-0006,True,kéo dài một thập kỷ,Sự nghiệp hội họa phong cảnh Canada,8.536850929260254,7.403521537780762,-1.1333293914794922,0.5446814073693536
0003-0052-0007,True,một thập kỷ,Sự nghiệp hội họa phong cảnh Canada của Tom Thomson kéo dài một thập kỷ cho đến khi ông mất vào năm 1917,8.44875717163086,7.344734191894531,-1.1040229797363281,0.5466344022100378
0003-0053-0001,True,The Bold Canadian,Âm nhạc ái quốc,8.658700942993164,7.26117467880249,-1.3975262641906738,0.5270202800547391
0003-0053-0002,True,"Nelly Furtado, Avril Lavigne, Michael Bublé, Drake, The Weeknd và Justin Bieber","Nelly Furtado, Avril Lavigne, Michael Bublé, Drake, The Weeknd và Justin Bieber",8.805046081542969,6.41787052154541,-2.3871755599975586,0.46062293958970335
0003-0053-0003,False,,Âm nhạc ái quốc,8.756624221801758,4.8942484855651855,-3.8623757362365723,0.36485004631319273
0003-0053-0004,True,Ủy ban Phát thanh-Truyền hình và Viễn thông Canada,Ủy ban Phát thanh-Truyền hình và Viễn thông Canada,6.1830596923828125,10.669023513793945,4.485963821411133,0.8441836128467975
0003-0053-0005,True,"Ngành công nghiệp âm nhạc của Canada sản sinh ra những nhà sọan nhạc, nhạc sĩ, ban nhạc nổi tiếng ở tầm quốc tế","Một số nghệ sĩ Canada chính thống với các hợp đồng thu âm tòan cầu như Nelly Furtado, Avril Lavigne, Michael Bublé, Drake, The Weeknd và Justin Bieber",8.80848503112793,6.5429487228393555,-2.265536308288574,0.46875626508889184
0003-0053-0006,False,,Ủy ban Phát thanh-Truyền hình và Viễn thông Canada,8.597528457641602,9.89571762084961,1.2981891632080078,0.6969477879173647
0003-0053-0007,True,trên 200 năm,"Quốc ca của Canada là ""O Canada""",8.73084831237793,5.194645881652832,-3.5362024307250977,0.3853980755236048
0003-0053-0008,False,,Âm nhạc ái quốc,8.635539054870605,7.69722843170166,-0.9383106231689453,0.5576488604484539
0003-0053-0009,False,,"Một số nghệ sĩ Canada chính thống với các hợp đồng thu âm tòan cầu như Nelly Furtado, Avril Lavigne, Michael Bublé, Drake, The Weeknd và Justin Bieber",8.836371421813965,4.2685675621032715,-4.567803859710693,0.32213083249363084
0003-0054-0001,True,bi đá trên băng và bóng đá Canada,khúc côn cầu trên băng và bóng vợt,8.640546798706055,8.906030654907227,0.2654838562011719,0.6353435401502238
0003-0054-0002,False,,Giải khúc côn cầu Quốc gia (NHL),8.209941864013672,7.989140510559082,-0.22080135345458984,0.6045583107888323
0003-0054-0003,True,"Canada tham gia vào hầu như mọi kỳ Thế vận hội kể từ lần đầu tham gia vào năm 1900, và từng tổ chức một số sự kiện thể thao quốc tế cao cấp, bao gồm Thế vận hội Mùa hè 1976 tại Montréal, Thế vận hội Mùa đông 1988 tại Calgary, Thế vận hội Mùa đông 2010 tại Vancouver và Giải vô địch bóng chày thế giới 1994 và Giải vô địch bóng đá U-20 thế giới 2007",khúc côn cầu trên băng và bóng vợt,8.765473365783691,6.703853607177734,-2.061619758605957,0.4824261379318472
0003-0054-0004,True,thập niên 1770,khúc côn cầu trên băng và bóng vợt,8.404973030090332,10.068741798400879,1.6637687683105469,0.7172932519701308
0003-0054-0005,True,năm 2026,Giải khúc côn cầu Quốc gia (NHL). Các môn thể thao đông khán giả khác tại Canada gồm có bi đá trên băng và bóng đá Canada,8.500954627990723,6.94902229309082,-1.5519323348999023,0.516664215938325
0003-0054-0006,False,,khúc côn cầu trên băng và bóng vợt,8.737542152404785,7.209189414978027,-1.5283527374267578,0.5182468554148665
0003-0054-0007,True,khúc côn cầu trên băng và bóng vợt,khúc côn cầu trên băng và bóng vợt,8.144580841064453,10.735994338989258,2.5914134979248047,0.7650249591774991
0004-0001-0001,True,trừng phạt kinh tế,Iraq,8.64069938659668,4.628528118133545,-4.012171268463135,0.35557086201054067
0004-0001-0002,False,,"những trận đánh trên không và trên bộ bên trong Iraq, Kuwait và những vùng giáp biên giới Ả Rập Xê Út",8.73658561706543,3.7270827293395996,-5.00950288772583,0.2967699214586351
0004-0001-0003,False,,Iraq đã bắn tên lửa vào các thành phố của Israel,8.551226615905762,6.11822509765625,-2.4330015182495117,0.4575640127329928
0004-0001-0004,True,Cuộc chiến không mở rộng ra ngòai vùng biên giới Iraq/Kuwait/Ả Rập Xê Út,Iraq đã bắn tên lửa vào các thành phố của Israel,8.565710067749023,5.781342506408691,-2.784367561340332,0.4342328077704929
0004-0001-0005,True,"Iraq, Kuwait và những vùng giáp biên giới Ả Rập Xê Út","những trận đánh trên không và trên bộ bên trong Iraq, Kuwait và những vùng giáp biên giới Ả Rập Xê Út",8.676971435546875,4.209085464477539,-4.467885971069336,0.3280234805331444
0004-0001-0006,True,việc Iraq xâm chiếm Kuwait ngày 2 tháng 8 năm 1990,Iraq,8.530277252197266,5.891383647918701,-2.6388936042785645,0.443863202819296
0004-0001-0007,True,"Iraq cho rằng (nhưng không chứng minh được) Kuwait đã ""khoan nghiêng"" giếng dầu của họ vào biên giới Iraq","Iraq xâm chiếm Kuwait ngày 2 tháng 8 năm 1990, sau khi Iraq cho rằng (nhưng không chứng minh được) Kuwait đã ""khoan nghiêng"" giếng dầu của họ vào biên giới Iraq",8.526918411254883,4.896026611328125,-3.630891799926758,0.3793870035223764
0004-0001-0008,True,Iraq xâm chiếm Kuwait ngày 2 tháng 8 năm 1990,Sự kiện dẫn tới chiến tranh là việc Iraq xâm chiếm Kuwait,8.72946548461914,2.638683557510376,-6.090781927108765,0.23987243625946847
0004-0002-0001,True,"Chiến dịch ""Lá chắn sa mạc"" (Desert Shield)","""Chiến tranh Vùng Vịnh"" và ""Chiến tranh vịnh Ba Tư""",8.742368698120117,7.762515544891357,-0.9798531532287598,0.5548925275934382
0004-0002-0002,True,ngày 22 tháng 3 năm 2003,"cuộc xung đột năm 1991 hiện nay thường được gọi là ""Chiến tranh Vùng Vịnh lần thứ nhất",7.927783012390137,9.119101524353027,1.1913185119628906,0.690846158394831
0004-0002-0003,True,Chiến tranh vịnh Ba Tư,"""Chiến tranh Vùng Vịnh"" và ""Chiến tranh vịnh Ba Tư""",8.270017623901367,9.910379409790039,1.6403617858886719,0.716015617328912
0004-0002-0004,True,Desert Storm,"Chiến dịch ""Lá chắn sa mạc"" (Desert Shield) và ""Bão táp sa mạc"" (Desert Storm) và ở Anh là Chiến dịch Granby",7.876367568969727,9.848767280578613,1.9723997116088867,0.7338092242221258
0004-0002-0005,True,Cuộc chiến của mọi cuộc chiến,"Cuộc chiến của mọi cuộc chiến""",7.881926536560059,10.337566375732422,2.4556398391723633,0.7584009498442883
0004-0002-0006,False,,"""Chiến tranh Vùng Vịnh"" và ""Chiến tranh vịnh Ba Tư""",8.783924102783203,6.418647766113281,-2.365276336669922,0.4620857962371834
0004-0002-0007,True,Harb Tahrir al-Kuwait,"Harb Tahrir al-Kuwait hay ""Chiến tranh giải phóng Kuwait""",8.625393867492676,7.639220237731934,-0.9861736297607422,0.5544728656554679
0004-0002-0008,False,,"Chiến dịch ""Lá chắn sa mạc"" (Desert Shield) và ""Bão táp sa mạc"" (Desert Storm) và ở Anh là Chiến dịch Granby",8.109359741210938,9.675829887390137,1.5664701461791992,0.7119595897574053
0004-0003-0001,True,"""caza tự trị"" bên trong Iraq của Đế chế Ottoman","Kuwait bị coi là một ""caza tự trị"" bên trong Iraq của Đế chế Ottoman",8.479585647583008,3.7043213844299316,-4.775264263153076,0.3100762828911797
0004-0003-0002,True,Anh,Kuwait và Iraq,8.450410842895508,7.154449939727783,-1.2959609031677246,0.5338202008191718
0004-0003-0003,False,,Iraq không bao giờ chấp nhận chủ quyền của Kuwait và vào thập niên 1960 Anh đã phải triển khai quân đội để bảo vệ Kuwait khỏi ý định sáp nhập của Iraq,8.332283020019531,3.1641879081726074,-5.168095111846924,0.28795084317863956
0004-0003-0004,False,,1913,8.386409759521484,6.5033979415893555,-1.883011817932129,0.4944217559470172
0004-0003-0005,True,những quan chức Iraq,nền độc lập của Kuwait hay chính quyền Emir tại Kuwait,8.386064529418945,5.183209419250488,-3.202855110168457,0.4068282325628673
0004-0003-0006,True,năm 1913,1913,8.178085327148438,6.851396083831787,-1.3266892433166504,0.531764111290563
0004-0003-0007,True,Anh,Iraq không bao giờ chấp nhận chủ quyền của Kuwait và vào thập niên 1960 Anh đã phải triển khai quân đội để bảo vệ Kuwait khỏi ý định sáp nhập của Iraq,8.322158813476562,3.261441707611084,-5.0607171058654785,0.29390493048061783
0004-0003-0008,True,chiến tranh thế giới thứ nhất,Kuwait thuộc quyền cai trị của Anh,8.474967956542969,5.302573204040527,-3.1723947525024414,0.4088056172357906
0004-0004-0001,True,"xác nhận việc Kuwait từng là một phần của lãnh thổ Iraq và đã bị chủ nghĩa thực dân tách ra một cách không công bằng, và Iraq sáp nhập Kuwait để bù ""phí tổn kinh tế"" khi họ phải bảo vệ Kuwait trước Iran cũng như việc Kuwait đã khoan nghiêng vào các giếng dầu của họ",để xác nhận việc Kuwait từng là một phần của lãnh thổ Iraq và đã bị chủ nghĩa thực dân tách ra một cách không công bằng,7.217598915100098,8.196910858154297,0.9793119430541992,0.6785442821553437
0004-0004-0002,True,Iraq,"Iraq sáp nhập Kuwait để bù ""phí tổn kinh tế"" khi họ phải bảo vệ Kuwait trước Iran cũng như việc Kuwait đã khoan nghiêng vào các giếng dầu của họ",8.793641090393066,3.6898272037506104,-5.103813886642456,0.29150659473894946
0004-0004-0003,True,Iraq là nước đệm chống lại Iran bảo vệ cho tòan bộ các nước Ả Rập,Iraq là nước đệm chống lại Iran bảo vệ cho tòan bộ các nước Ả Rập,6.575902938842773,10.494131088256836,3.9182281494140625,0.8230401537111272
0004-0004-0004,True,"Iraq sáp nhập Kuwait để bù ""phí tổn kinh tế"" khi họ phải bảo vệ Kuwait trước Iran cũng như việc Kuwait đã khoan nghiêng vào các giếng dầu của họ",Kuwait từng là một phần của lãnh thổ Iraq và đã bị chủ nghĩa thực dân tách ra một cách không công bằng,4.666833400726318,9.657203674316406,4.990370273590088,0.8611982580196145
0004-0004-0005,True,làm tăng giá dầu mỏ thông qua việc cắt giảm sản lượng khai thác của OPEC,Iraq hy vọng sẽ trả được những khỏan nợ đó khi làm tăng giá dầu mỏ thông qua việc cắt giảm sản lượng khai thác của OPEC,8.00729751586914,9.128986358642578,1.1216888427734375,0.6868344691542645
0004-0004-0006,False,,để xác nhận việc Kuwait từng là một phần của lãnh thổ Iraq và đã bị chủ nghĩa thực dân tách ra một cách không công bằng,7.742291450500488,7.184585094451904,-0.557706356048584,0.5827161249013588
0004-0004-0007,False,,"Iraq sáp nhập Kuwait để bù ""phí tổn kinh tế"" khi họ phải bảo vệ Kuwait trước Iran cũng như việc Kuwait đã khoan nghiêng vào các giếng dầu của họ",8.80999755859375,3.4434854984283447,-5.366512060165405,0.27714007038992844
0004-0004-0008,True,để được Iraq bảo vệ khỏi những người Shi'ite ở Iran,"Iraq sáp nhập Kuwait để bù ""phí tổn kinh tế"" khi họ phải bảo vệ Kuwait trước Iran cũng như việc Kuwait đã khoan nghiêng vào các giếng dầu của họ",8.348976135253906,5.8572893142700195,-2.4916868209838867,0.45365141073421034
0004-0004-0009,False,,Iraq hy vọng sẽ trả được những khỏan nợ đó khi làm tăng giá dầu mỏ,8.018377304077148,8.715699195861816,0.697321891784668,0.6617919320577943
0004-0005-0001,True,Hoa Kỳ,Israel và Hoa Kỳ,8.714887619018555,5.892744541168213,-2.822143077850342,0.4317398625192114
0004-0005-0002,False,,Israel và Hoa Kỳ,8.68980884552002,5.757570266723633,-2.9322385787963867,0.4244943944565047
0004-0005-0003,True,Israel,cuộc xâm chiếm Kuwait,8.804323196411133,4.088991165161133,-4.71533203125,0.3135331850479026
0004-0005-0004,False,,chủ nghĩa quốc gia Ả Rập,8.800644874572754,4.976078510284424,-3.82456636428833,0.3672084543035628
0004-0005-0005,False,,Phong trào Intifada lần thứ nhất của người Palestine,8.453539848327637,7.405084133148193,-1.0484557151794434,0.5503334475967911
0004-0005-0006,True,phụ thuộc vào các nước đồng minh phương Tây,hầu hết các nước Ả Rập,8.628539085388184,8.246018409729004,-0.3825206756591797,0.5941200550904795
0004-0005-0007,True,Palestine,Phong trào Intifada lần thứ nhất của người Palestine,8.366042137145996,8.25942325592041,-0.10661888122558594,0.6118718940265473
0004-0005-0008,True,chủ nghĩa thực dân Anh,chủ nghĩa quốc gia Ả Rập,8.774063110351562,5.881816387176514,-2.892246723175049,0.4271227077851464
0004-0005-0009,True,một cách để khôi phục Đế chế Babylon theo cách khoa trương của những người Ả Rập theo chủ nghĩa quốc gia,Hussein coi đó là một cách để khôi phục Đế chế Babylon theo cách khoa trương của những người Ả Rập theo chủ nghĩa quốc gia,8.692436218261719,6.079608917236328,-2.6128273010253906,0.4455934768671883
0004-0006-0001,True,ngày 29 tháng 12 năm 1979,"Iraq hỗ trợ cho nhiều nhóm chiến binh Ả Rập và Palestine như Abu Nidal, dẫn tới việc họ đưa nước này vào danh sách các quốc gia ủng hộ khủng bố",8.577371597290039,6.219346046447754,-2.358025550842285,0.46257029007974493
0004-0006-0002,True,Hoa Kỳ,Iraq hỗ trợ cho nhiều nhóm chiến binh Ả Rập và Palestine như Abu Nidal,8.378046989440918,9.798406600952148,1.4203596115112305,0.70383876536016
0004-0006-0003,False,,Hoa Kỳ vẫn chính thức giữ thái độ trung lập khi Chiến tranh Iran-Iraq,8.729223251342773,6.088924407958984,-2.640298843383789,0.4437699617202941
0004-0006-0004,False,,"Iraq hỗ trợ cho nhiều nhóm chiến binh Ả Rập và Palestine như Abu Nidal, dẫn tới việc họ đưa nước này vào danh sách các quốc gia ủng hộ khủng bố",8.61138916015625,5.941971778869629,-2.669417381286621,0.4418387753618628
0004-0006-0005,True,Iraq hỗ trợ cho nhiều nhóm chiến binh Ả Rập và Palestine,Iraq,8.649345397949219,6.066318511962891,-2.583026885986328,0.4475732346485221
0004-0006-0006,True,444 ngày,Chiến tranh Iran-Iraq,8.794127464294434,5.921248435974121,-2.8728790283203125,0.4283970662985317
0004-0006-0007,True,Trong một nỗ lực nhằm mở ra khả năng về những quan hệ có thể có với Iraq,Iraq hỗ trợ cho nhiều nhóm chiến binh Ả Rập và Palestine như Abu Nidal,8.274346351623535,9.255742073059082,0.9813957214355469,0.6786664460960148
0004-0006-0008,True,Iraq,Hoa Kỳ vẫn chính thức giữ thái độ trung lập khi Chiến tranh Iran-Iraq,8.69645881652832,5.848780632019043,-2.8476781845092773,0.43005665572251406
0004-0007-0001,True,Trung Quốc,"việc mua bán vũ khí từ các nước khác (nhiều nhất là Liên Xô, Pháp, Ai Cập, và bắt đầu từ năm đó là Trung Quốc) đã đạt tới đỉnh điểm năm 1982",8.606637954711914,5.496248722076416,-3.110389232635498,0.4128398750593251
0004-0007-0002,True,Donald Rumsfeld,"Abu Nidal tiếp tục họat động với sự hỗ trợ chính thức của Baghdad. Khi nhóm này bị trục xuất sang Syria vào tháng 11 năm 1983, chính quyền Reagan đã cử Donald Rumsfeld",8.236677169799805,8.56796932220459,0.33129215240478516,0.639431992562115
0004-0007-0003,False,,Abu Nidal tiếp tục họat động với sự hỗ trợ chính thức của Baghdad,8.664124488830566,6.5364508628845215,-2.127673625946045,0.4779942362873131
0004-0007-0004,True,tháng 11 năm 1983,nhóm này bị trục xuất sang Syria,8.376127243041992,6.956386089324951,-1.419741153717041,0.5255315416547371
0004-0007-0005,False,,Abu Nidal,8.910654067993164,4.4041666984558105,-4.5064873695373535,0.32574040918203684
0004-0007-0006,True,Trung Quốc,Abu Nidal tiếp tục họat động với sự hỗ trợ chính thức của Baghdad,7.940899848937988,8.945892333984375,1.0049924850463867,0.6800481250677891
0004-0007-0007,True,"Liên Xô, Pháp, Ai Cập",Abu Nidal,8.866908073425293,4.575165748596191,-4.291742324829102,0.33854384176746144
0004-0007-0008,False,,Abu Nidal,8.8614501953125,4.842227935791016,-4.019222259521484,0.35513668372806634
0004-0008-0001,False,,Iraq,8.699831008911133,4.530207633972168,-4.169623374938965,0.34593314188027807
0004-0008-0002,True,Vì sợ rằng nước Iran cách mạng sẽ đánh bại Iraq và xuất khẩu Cách mạng Hồi giáo của mình sang các nước Trung Đông khác,Chính phủ Hoa Kỳ đã phê chuẩn việc bán khỏang 200 triệu đô la Mỹ vũ khí cho Iraq,8.6312255859375,5.5406599044799805,-3.0905656814575195,0.4141321531175802
0004-0008-0003,True,Viện hòa bình quốc tế Stockholm,Viện hòa bình quốc tế Stockholm,8.602056503295898,5.463595390319824,-3.138461112976074,0.41101195291503995
0004-0008-0004,True,Vì sợ rằng nước Iran cách mạng sẽ đánh bại Iraq và xuất khẩu Cách mạng Hồi giáo của mình sang các nước Trung Đông khác,Iraq,8.685861587524414,4.44819974899292,-4.237661838531494,0.34180675128231824
0004-0008-0005,True,khỏang 200 triệu đô la Mỹ,việc bán khỏang 200 triệu đô la Mỹ vũ khí cho Iraq,7.660505294799805,8.391698837280273,0.7311935424804688,0.6638267947606156
0004-0008-0006,True,máy bay trực thăng,Hoa Kỳ cũng bán máy bay trực thăng,8.797832489013672,3.702610731124878,-5.095221757888794,0.2919838267372554
0004-0009-0001,False,,"Clostridium botulinum, Histoplasma capsulatum, Brucella melitensis và Clostridium perfringens",8.737773895263672,5.543468952178955,-3.194304943084717,0.40738297906509185
0004-0009-0002,True,Chủ tịch Ủy ban thượng nghị viện,"Clostridium botulinum, Histoplasma capsulatum, Brucella melitensis và Clostridium perfringens",8.804908752441406,5.405618667602539,-3.399290084838867,0.39415129903377927
0004-0009-0003,True,vũ khí hóa học,không một tác nhân sinh học nào trong bản báo cáo trên có liên quan tới các vũ khí hóa học,8.158801078796387,7.272946357727051,-0.8858547210693359,0.561124204904101
0004-0009-0004,True,bệnh than,khuẩn bệnh than,8.86799430847168,8.403032302856445,-0.4649620056152344,0.5887652784686266
0004-0009-0005,True,Bộ Thương mại Hoa Kỳ,"Bộ Thương mại Hoa Kỳ đã phê chuẩn, cho mục đích nghiên cứu, việc bán các tác nhân sinh học đa tác dụng cho Iraq hồi giữa thập niên 1980, gồm cả khuẩn bệnh than (anthrax)",8.681529998779297,7.902544021606445,-0.7789859771728516,0.5681856764508413
0004-0009-0006,False,,"Bộ Thương mại Hoa Kỳ đã phê chuẩn, cho mục đích nghiên cứu, việc bán các tác nhân sinh học đa tác dụng cho Iraq hồi giữa thập niên 1980, gồm cả khuẩn bệnh than (anthrax)",8.651095390319824,8.139430046081543,-0.5116653442382812,0.5857223341032191
0004-0009-0007,True,"Clostridium botulinum, Histoplasma capsulatum, Brucella melitensis và Clostridium perfringens",khuẩn bệnh than,7.696425437927246,10.68215560913086,2.9857301712036133,0.7835411341714918
0004-0009-0008,True,năm 1983,"Clostridium botulinum, Histoplasma capsulatum, Brucella melitensis và Clostridium perfringens",8.623733520507812,7.057521820068359,-1.5662117004394531,0.5157056343397329
0004-0010-0001,True,kinh tế,Chủ yếu chính phủ Hoa Kỳ cung cấp viện trợ kinh tế cho Iraq,8.684822082519531,5.179203510284424,-3.5056185722351074,0.38734719402949647
0004-0010-0002,True,5 tỷ dollar,5 tỷ dollar tín dụng,8.31344985961914,7.805072784423828,-0.5083770751953125,0.5859367975652695
0004-0010-0003,True,Cuộc chiến của Iraq với Iran và sự suy sụp trong sản xuất và buôn bán dầu mỏ của họ,Cuộc chiến của Iraq với Iran,8.746136665344238,4.602352619171143,-4.143784046173096,0.34750637971106824
0004-0010-0004,True,xây dựng đường ống dẫn dầu qua Jordan,xây dựng đường ống dẫn dầu qua Jordan,8.366460800170898,7.8252272605896,-0.5412335395812988,0.5837924224451136
0004-0010-0005,False,,Chủ yếu chính phủ Hoa Kỳ cung cấp viện trợ kinh tế cho Iraq,8.70765495300293,5.159580230712891,-3.548074722290039,0.3846424364034245
0004-0010-0006,True,năm 1983,Viện trợ kinh tế của chính phủ Mỹ cho phép Hussein tiếp tục sử dụng các nguồn tài nguyên khác của đất nước cho chiến tranh,8.741415023803711,3.0223441123962402,-5.719070911407471,0.25856092864500174
0004-0010-0007,True,"400 triệu đô la một năm năm 1983 và tăng tới hơn 1 tỷ một năm năm 1988 và 1989, cuối cùng kết thúc với khỏan tiền 500 triệu năm 1990",Hussein tiếp tục sử dụng các nguồn tài nguyên khác của đất nước cho chiến tranh,8.770523071289062,3.490429162979126,-5.2800939083099365,0.28181772949505013
0004-0010-0008,False,,5 tỷ dollar tín dụng,8.256632804870605,8.345749855041504,0.08911705017089844,0.6242910866101987
0004-0011-0001,True,Tổng thống George H. W. Bush,Tổng thống George H. W. Bush,7.72686767578125,6.386172771453857,-1.3406949043273926,0.5308266046469237
0004-0011-0002,False,,Iraq tấn công xâm chiến Kuwait,8.501911163330078,5.91717004776001,-2.5847411155700684,0.447459306011126
0004-0011-0003,True,Việc tiếp cận tới nguồn dầu mỏ ở Vịnh Péc xích và an ninh của các quốc gia đồng minh chủ chốt trong vùng,"""Những quan hệ bình thường giữa Hoa Kỳ và Iraq sẽ phục vụ cho những lợi ích lâu dài và thúc đẩy sự ổn định ở cả Vịnh Péc xích và Trung Đông.""",8.448206901550293,5.7084784507751465,-2.7397284507751465,0.4371829922031151
0004-0011-0004,True,Ngày 2 tháng 10 năm 1989,"Ngày 2 tháng 10 năm 1989, Tổng thống George H. W. Bush ký một chỉ thị mật số 26 về an ninh quốc gia",7.744999885559082,6.801637649536133,-0.9433622360229492,0.5573138737537202
0004-0011-0005,True,phục vụ cho những lợi ích lâu dài và thúc đẩy sự ổn định ở cả Vịnh Péc xích và Trung Đông,Những quan hệ bình thường giữa Hoa Kỳ và Iraq,8.195112228393555,6.3630900382995605,-1.8320221900939941,0.49784809073450587
0004-0011-0006,True,Iraq tấn công xâm chiến Kuwait,Iraq tấn công xâm chiến Kuwait,8.321600914001465,7.321944713592529,-0.9996562004089355,0.5535774018635604
0004-0011-0007,False,,Những quan hệ bình thường giữa Hoa Kỳ và Iraq,8.257369995117188,5.490532875061035,-2.7668371200561523,0.43539084533704475
0004-0012-0001,True,Saddam Hussein,Đại sứ Hoa Kỳ April Glaspie tới một cuộc gặp bất ngờ với Tổng thống Iraq Saddam Hussein,8.692331314086914,2.875696897506714,-5.8166344165802,0.2535652394914718
0004-0012-0002,True,Đại sứ Hoa Kỳ April Glaspie,Đại sứ Hoa Kỳ April Glaspie tới một cuộc gặp bất ngờ với Tổng thống Iraq Saddam Hussein,8.70103645324707,5.0885467529296875,-3.612489700317383,0.38055237554920907
0004-0012-0003,False,,Đại sứ Hoa Kỳ April Glaspie tới một cuộc gặp bất ngờ với Tổng thống Iraq Saddam Hussein,8.684117317199707,4.9985833168029785,-3.6855340003967285,0.375934846057191
0004-0012-0004,False,,Đại sứ Hoa Kỳ April Glaspie tới một cuộc gặp bất ngờ với Tổng thống Iraq Saddam Hussein,8.756603240966797,3.953481912612915,-4.803121328353882,0.3084766462065628
0004-0012-0005,True,"những bất bình của mình đối với Kuwait, trong khi hứa hẹn rằng ông sẽ không xâm chiếm Kuwait trước khi tiếp diễn những cuộc đàm phán thẳng thắn khác","Saddam phác ra những bất bình của mình đối với Kuwait, trong khi hứa hẹn rằng ông sẽ không xâm chiếm Kuwait",8.689468383789062,3.8990883827209473,-4.790380001068115,0.30920772461137697
0004-0012-0006,True,vùng biên giới với Kuwait,Quân đội Iraq tập trung tới vùng biên giới với Kuwait và triệu tập Đại sứ Hoa Kỳ April Glaspie tới một cuộc gặp bất ngờ với Tổng thống Iraq Saddam Hussein,8.047471046447754,7.52439022064209,-0.5230808258056641,0.5849775557410505
0004-0012-0007,False,,Đại sứ Hoa Kỳ April Glaspie tới một cuộc gặp bất ngờ với Tổng thống Iraq Saddam Hussein,8.755651473999023,2.4973044395446777,-6.258347034454346,0.23175620289063514
0004-0012-0008,False,,Quân đội Iraq tập trung tới vùng biên giới với Kuwait và triệu tập Đại sứ Hoa Kỳ April Glaspie tới một cuộc gặp bất ngờ với Tổng thống Iraq Saddam Hussein,8.263826370239258,6.943167209625244,-1.3206591606140137,0.5321676824587726
0004-0012-0009,False,,Đại sứ Hoa Kỳ April Glaspie tới một cuộc gặp bất ngờ với Tổng thống Iraq Saddam Hussein,8.713325500488281,5.456840991973877,-3.2564845085144043,0.4033541539791041
0004-0012-0010,True,Hai,Đại sứ Hoa Kỳ April Glaspie tới một cuộc gặp bất ngờ với Tổng thống Iraq Saddam Hussein,8.624616622924805,5.430670738220215,-3.19394588470459,0.4074062804399618
0004-0013-0001,True,Nhiều người tin rằng những trù tính của Saddam đã bị ảnh hưởng bởi việc nhận thức được rằng Hoa Kỳ không quan tâm tới vấn đề,bản ghi chép của Glaspie chỉ đơn giản là một thứ làm ví dụ và rằng có thể ông ta (Saddam) cũng cảm thấy thế một phần vì Hoa Kỳ ủng hộ sự thống nhất nước Đức,8.692176818847656,7.00438928604126,-1.6877875328063965,0.5075402160746582
0004-0013-0002,True,không,"Glaspie đã giải quyết mọi vấn đề ""theo chỉ đạo"" (phù hợp với tính trung lập chính thức của Hoa Kỳ về vấn đề Iraq-Kuwait)",6.355212211608887,10.977682113647461,4.622469902038574,0.8489494484235557
0004-0013-0003,True,phù hợp với tính trung lập chính thức của Hoa Kỳ về vấn đề Iraq-Kuwait,"Glaspie đã giải quyết mọi vấn đề ""theo chỉ đạo"" (phù hợp với tính trung lập chính thức của Hoa Kỳ về vấn đề Iraq-Kuwait",7.639563083648682,9.765535354614258,2.125972270965576,0.7417945504113718
0004-0013-0004,False,,"Glaspie đã giải quyết mọi vấn đề ""theo chỉ đạo"" (phù hợp với tính trung lập chính thức của Hoa Kỳ về vấn đề Iraq-Kuwait)",6.758419513702393,10.756584167480469,3.998164653778076,0.8261479731751622
0004-0013-0005,False,,"Glaspie đã giải quyết mọi vấn đề ""theo chỉ đạo"" (phù hợp với tính trung lập chính thức của Hoa Kỳ về vấn đề Iraq-Kuwait",7.9752583503723145,9.485589981079102,1.510331630706787,0.7088551134783944
0004-0014-0001,True,Thiếu tướng Fahd Ahmed Al-Fahd,Thiếu tướng Fahd Ahmed Al-Fahd,8.664094924926758,6.645378112792969,-2.018716812133789,0.48530624806784284
0004-0014-0002,True,chỉ là một sự giả mạo,bản ghi nhớ chỉ là một sự giả mạo,8.253303527832031,7.769568920135498,-0.4837346076965332,0.5875429562957444
0004-0014-0003,True,Bộ trưởng Ngọai giao Kuwait,Bộ trưởng Ngọai giao Kuwait,8.00577163696289,8.784175872802734,0.7784042358398438,0.6666528852166049
0004-0014-0004,True,một âm mưu của CIA và Kuwait nhằm làm mất ổn định kinh tế và chính trị Iraq,bản ghi nhớ này là bằng chứng về một âm mưu của CIA và Kuwait nhằm làm mất ổn định kinh tế và chính trị Iraq,8.610783576965332,5.066545486450195,-3.5442380905151367,0.3848865669301637
0004-0014-0005,True,năm 1989,"Tháng 11 năm 1989, giám đốc CIA William Webster gặp gỡ lãnh đạo cơ quan an ninh Kuwait",7.746179580688477,8.838937759399414,1.0927581787109375,0.6851593360863021
0004-0014-0006,False,,Bộ trưởng Ngọai giao Kuwait,8.780393600463867,2.9845893383026123,-5.795804262161255,0.2546264662589499
0004-0014-0007,False,,"Tháng 11 năm 1989, giám đốc CIA William Webster gặp gỡ lãnh đạo cơ quan an ninh Kuwait",7.978443622589111,8.458880424499512,0.4804368019104004,0.6486226393182818
0004-0015-0001,False,,Rạng sáng ngày 2 tháng 8 năm 1990,8.765640258789062,5.1146650314331055,-3.650975227355957,0.3781167424193053
0004-0015-0002,True,ngày 2 tháng 8 năm 1990,"Rạng sáng ngày 2 tháng 8 năm 1990, quân đội Iraq vượt biên giới Kuwait với bộ binh và xe bọc thép, chiếm các vị trí chiến lược trên tòan bộ Kuwait, gồm cả cung điện Emir",8.778257369995117,4.998225688934326,-3.780031681060791,0.36999453082020406
0004-0015-0003,True,bộ binh và xe bọc thép,"quân đội Iraq vượt biên giới Kuwait với bộ binh và xe bọc thép, chiếm các vị trí chiến lược trên tòan bộ Kuwait, gồm cả cung điện Emir",8.640058517456055,7.95370626449585,-0.6863522529602051,0.574284315176504
0004-0015-0004,True,Alaa Hussein Ali,Anh (Em) của Emir,8.383030891418457,7.233109951019287,-1.14992094039917,0.5435751242219727
0004-0015-0005,True,Ả Rập Xê Út,Cung Emir,8.695513725280762,8.121992111206055,-0.573521614074707,0.581682048548431
0004-0015-0006,False,,Anh (Em) của Emir,8.549615859985352,7.060857772827148,-1.4887580871582031,0.5209035700566873
0004-0015-0007,True,Cung Emir,Cung Emir,8.698801040649414,8.30363655090332,-0.39516448974609375,0.5933002246631133
0004-0016-0001,True,"kêu gọi tìm ra một giải pháp cho cuộc xung đột từ bên trong Liên đòan Ả Rập, và cảnh báo chống lại sự can thiệp từ bên ngòai",Nghị quyết của Liên đòan Ả Rập cũng kêu gọi tìm ra một giải pháp cho cuộc xung đột từ bên trong Liên đòan Ả Rập,7.14396858215332,9.587543487548828,2.443574905395508,0.7578062218938285
0004-0016-0002,True,661,Hội đồng Bảo an thông qua Nghị quyết 661,6.776494026184082,7.068143844604492,0.29164981842041016,0.6369715229888436
0004-0016-0003,True,Ngày 3 tháng 8,"Ngày 3 tháng 8, Liên đòan Ả Rập thông qua nghị quyết của riêng mình lên án cuộc xâm lược và đòi Iraq rút quân",8.351861953735352,6.588065147399902,-1.7637968063354492,0.5024328708889171
0004-0016-0004,False,,"Ngày 3 tháng 8, Liên đòan Ả Rập thông qua nghị quyết của riêng mình lên án cuộc xâm lược và đòi Iraq rút quân",7.717809677124023,7.933534622192383,0.21572494506835938,0.6322391277263507
0004-0016-0005,True,Hoa Kỳ,Liên đòan Ả Rập,8.486173629760742,8.291040420532227,-0.19513320922851562,0.6062066090424775
0004-0016-0006,False,,Iraq,8.772937774658203,4.554295063018799,-4.218642711639404,0.34295784494721354
0004-0016-0007,False,,Liên đòan Ả Rập,8.606023788452148,7.758714199066162,-0.8473095893859863,0.5636741270633017
0004-0016-0008,True,lên án cuộc xâm lược và yêu cầu Iraq rút quân,Iraq,8.68905258178711,4.750558376312256,-3.9384942054748535,0.360121780159318
0004-0016-0009,False,,"Nghị quyết của Liên đòan Ả Rập cũng kêu gọi tìm ra một giải pháp cho cuộc xung đột từ bên trong Liên đòan Ả Rập, và cảnh báo chống lại sự can thiệp từ bên ngòai",7.2106218338012695,8.899727821350098,1.6891059875488281,0.7186723131722959
0004-0017-0001,True,Riyadh,Iraq kiểm sóat được các giếng dầu đó cũng như những nguồn tài nguyên dầu lửa của Iraq và Kuwait,8.987378120422363,3.6344943046569824,-5.352883815765381,0.277874555853227
0004-0017-0002,True,Riyadh,Riyadh,8.711536407470703,7.434515953063965,-1.2770204544067383,0.5350869732548045
0004-0017-0003,True,ngăn Iraq xâm lược Ả Rập Xê Út,Quyết định của phương Tây nhằm đẩy lùi cuộc xâm lược của Iraq thực chất có mục đích chính là để ngăn Iraq xâm lược Ả Rập Xê Út,8.610910415649414,8.370997428894043,-0.2399129867553711,0.6033294959825172
0004-0017-0004,False,,Iraq kiểm sóat được các giếng dầu đó cũng như những nguồn tài nguyên dầu lửa của Iraq và Kuwait,8.970666885375977,3.8551583290100098,-5.115508556365967,0.29085777680221997
0004-0017-0005,False,,Riyadh,8.82798957824707,5.9925761222839355,-2.8354134559631348,0.4308649149271519
0004-0017-0006,True,một sa mạc rộng lớn với điều kiện khí hậu khắc nghiệt,Hama,8.630228042602539,6.861320495605469,-1.7689075469970703,0.5020894311459646
0004-0017-0007,True,các giếng dầu ở Hama,Hama,7.888631343841553,7.3494110107421875,-0.5392203330993652,0.5839239063671641
0004-0017-0008,False,,ngăn Iraq xâm lược Ả Rập Xê Út,8.654500961303711,7.800576210021973,-0.8539247512817383,0.5632367417435229
0004-0018-0001,True,kẻ trông coi bất hợp pháp của những thành phố linh thiêng như Mecca và Medina,vương triều Ả Rập Xê Út,8.697380065917969,6.5830464363098145,-2.1143336296081543,0.4788890303038297
0004-0018-0002,True,vì Iraq nợ Ả Rập Xê Út tới khỏang 26 tỷ đô la Mỹ,Iraq nợ Ả Rập Xê Út tới khỏang 26 tỷ đô la Mỹ,7.596535682678223,10.20600700378418,2.609471321105957,0.76589640250152
0004-0018-0003,False,,Iraq nợ Ả Rập Xê Út tới khỏang 26 tỷ đô la Mỹ,7.7403059005737305,10.187833786010742,2.4475278854370117,0.7580011894610497
0004-0018-0004,True,lôi kéo sự ủng hộ từ Nhóm huynh đệ Hồi giáo và chia rẽ nhóm Hồi giáo Mu-gia-hít-đin với Ả Rập Xê Út,lôi kéo sự ủng hộ từ Nhóm huynh đệ Hồi giáo và chia rẽ nhóm Hồi giáo Mu-gia-hít-đin với Ả Rập Xê Út,8.518471717834473,8.983766555786133,0.46529483795166016,0.6476944300929467
0004-0018-0005,True,Thánh Ala vĩ đại,Thánh Ala vĩ đại,8.385597229003906,9.70760726928711,1.3220100402832031,0.6982984982685971
0004-0018-0006,True,dùng những lời phát biểu,Xát-đam bắt đầu dùng những lời phát biểu để công kích vương triều Ả Rập Xê Út,8.681920051574707,6.700250148773193,-1.9816699028015137,0.48779403007149225
0004-0019-0001,False,,Hoa Kỳ cũng gửi những thiết giáp hạm USS Missouri và USS Wisconsin,8.17420482635498,7.312317371368408,-0.8618874549865723,0.5627101284132018
0004-0019-0002,True,USS Wisconsin,Hoa Kỳ cũng gửi những thiết giáp hạm USS Missouri và USS Wisconsin,8.227394104003906,7.2547993659973145,-0.9725947380065918,0.5553743694450131
0004-0019-0003,False,,Hoa Kỳ cũng gửi những thiết giáp hạm USS Missouri và USS Wisconsin,8.678285598754883,4.899806976318359,-3.7784786224365234,0.37009184735482953
0004-0019-0004,True,ngăn chặn đà tiến của quân đội Iraq,Iraq nhằm ngăn chặn đà tiến của quân đội Iraq,8.342906951904297,6.199924945831299,-2.142982006072998,0.476967585237868
0004-0019-0005,False,,"48 chiếc F-15 thuộc Không lực Hoa Kỳ từ 1st Fighter Wing tại Căn cứ không quân Langley, Virginia, đã hạ cánh xuống Ả Rập Xê Út",7.823826313018799,8.181570053100586,0.3577437400817871,0.6410697014944519
0004-0019-0006,True,48,"48 chiếc F-15 thuộc Không lực Hoa Kỳ từ 1st Fighter Wing tại Căn cứ không quân Langley, Virginia, đã hạ cánh xuống Ả Rập Xê Út",7.335596084594727,8.742740631103516,1.407144546508789,0.703097761586021
0004-0019-0007,True,USS Dwight D. Eisenhower và USS Independence,Hoa Kỳ cũng gửi những thiết giáp hạm USS Missouri và USS Wisconsin,8.721092224121094,4.068018913269043,-4.653073310852051,0.31714633559483607
0004-0019-0008,True,500.000 quân,Hoa Kỳ cũng gửi những thiết giáp hạm USS Missouri và USS Wisconsin,8.75070571899414,3.1885454654693604,-5.56216025352478,0.2667287581416314
0004-0019-0009,False,,Iraq nhằm ngăn chặn đà tiến của quân đội Iraq,8.591133117675781,4.916909694671631,-3.6742234230041504,0.3766483993274342
0004-0020-0001,True,"cảm thấy rằng cuộc chiến là công việc nội bộ của Ả Rập, hay lo ngại sự tăng cường ảnh hưởng của Mỹ ở Kuwait",Iraq,8.827125549316406,6.069260597229004,-2.7578649520874023,0.435983808437327
0004-0020-0002,False,,Iraq,8.764595031738281,5.135530471801758,-3.6290645599365234,0.3795026574068861
0004-0020-0003,True,"chứng khiến sự hiếu chiến của Iraq đối với các nước Ả Rập khác, và khi được hứa hẹn viện trợ kinh tế cũng như giảm nợ",Iraq,8.752592086791992,5.038585662841797,-3.7140064239501953,0.37414098727907535
0004-0020-0004,True,74,Quân đội Mỹ,8.747293472290039,6.399151802062988,-2.348141670227051,0.46323083967302847
0004-0020-0005,True,"Afghanistan, Argentina, Úc, Bahrain, Bangladesh, Canada, Tiệp Khắc, Đan Mạch, Ai Cập, Pháp, Đức, Hy Lạp, Hungary, Honduras, Ý, Kuwait, Maroc, Hà Lan, New Zealand, Niger, Na Uy, Oman, Pakistan, Ba Lan, Bồ Đào Nha, Qatar, Ả Rập Xê Út, Sénégal, Hàn Quốc, Tây Ban Nha, Syria, Thổ Nhĩ Kỳ, Các Tiểu vương quốc Ả Rập Thống nhất, Anh","Hoa Kỳ, đặc biệt là Ngọai trưởng James Baker, tập hợp các lực lượng đồng minh chống lại Iraq",8.746147155761719,5.769306182861328,-2.9768409729003906,0.4215681061166477
0004-0020-0006,True,34,tập hợp các lực lượng đồng minh chống lại Iraq,8.742819786071777,4.729432106018066,-4.013387680053711,0.35549594214879454
0004-0021-0001,False,,"lịch sử vi phạm nhân quyền của Iraq dưới chế độ Tổng thống Saddam Hussein, nguy cơ Iraq có thể phát triển vũ khí hạt nhân hay vũ khí hủy diệt hàng lọat",8.833047866821289,4.3014655113220215,-4.531582355499268,0.32426058721427226
0004-0021-0002,True,Không đổi máu lấy dầu,"khẩu hiệu ""Không đổi máu lấy dầu""",8.209806442260742,9.912627220153809,1.7028207778930664,0.7194170754992727
0004-0021-0003,True,vũ khí hạt nhân hay vũ khí hủy diệt hàng lọat,"lịch sử vi phạm nhân quyền của Iraq dưới chế độ Tổng thống Saddam Hussein, nguy cơ Iraq có thể phát triển vũ khí hạt nhân hay vũ khí hủy diệt hàng lọat",8.564746856689453,7.118985652923584,-1.4457612037658691,0.5237872237105081
0004-0021-0004,True,Ả Rập Xê Út,Ả Rập Xê Út,8.34947395324707,8.484441757202148,0.13496780395507812,0.6271774462734843
0004-0021-0005,True,sự gây hấn lộ liễu sẽ không có chỗ đứng,"sự gây hấn lộ liễu sẽ không có chỗ đứng""",8.133520126342773,9.58106803894043,1.4475479125976562,0.7053599104392625
0004-0021-0006,True,lịch sử vi phạm nhân quyền của Iraq dưới chế độ Tổng thống Saddam Hussein,Lý lẽ đầu tiên là tầm quan trọng của mối quan hệ liên minh lâu dài với Ả Rập Xê Út,7.053571701049805,9.347318649291992,2.2937469482421875,0.7503378982004615
0004-0021-0007,False,,"lịch sử vi phạm nhân quyền của Iraq dưới chế độ Tổng thống Saddam Hussein, nguy cơ Iraq có thể phát triển vũ khí hạt nhân hay vũ khí hủy diệt hàng lọat",8.694005012512207,5.17218542098999,-3.521819591522217,0.386314244547242
0004-0022-0001,False,,tổ chức các công dân cho một nước Kuwait tự do,8.52281379699707,8.920101165771484,0.39728736877441406,0.6435118533727348
0004-0022-0002,False,,Nó thuê công ty quan hệ công chúng Hill and Knowlton,8.519660949707031,7.2576704025268555,-1.2619905471801758,0.536091880183425
0004-0022-0003,True,một thành viên của Gia đình hòang gia Kuwait,Gia đình hòang gia Kuwait,8.626365661621094,5.391677379608154,-3.2346882820129395,0.40476495188341105
0004-0022-0004,True,binh sĩ Iraq là đã lôi những đứa trẻ ra khỏi lồng ấp trong các bệnh viện Kuwait và để chúng chết dưới sàn,miêu tả các binh sĩ Iraq là đã lôi những đứa trẻ ra khỏi lồng ấp trong các bệnh viện Kuwait và để chúng chết dưới sàn,8.758204460144043,3.9275550842285156,-4.830649375915527,0.30690040338596314
0004-0022-0005,True,chính phủ Kuwait,11 triệu dollar do chính phủ Kuwait cung cấp,7.63370418548584,9.704004287719727,2.0703001022338867,0.7389178875966942
0004-0022-0006,True,tổ chức các công dân cho một nước Kuwait tự do,tổ chức các công dân cho một nước Kuwait tự do,8.51738166809082,8.931330680847168,0.41394901275634766,0.6445386284399119
0004-0022-0007,False,,11 triệu dollar do chính phủ Kuwait cung cấp,8.72752857208252,5.642375469207764,-3.085153102874756,0.41448520018612417
0004-0022-0008,False,,Gia đình hòang gia Kuwait,8.5899658203125,5.9059367179870605,-2.6840291023254395,0.4408703621587765
0004-0022-0009,True,11 triệu dollar,11 triệu dollar do chính phủ Kuwait cung cấp,6.392512798309326,10.072532653808594,3.6800198554992676,0.813520652240038
0004-0023-0001,False,,"Maroc và Jordan đã bị thuyết phục bởi đề xuất này, nhưng Syria, Israel và liên minh chống Iraq",8.725397109985352,5.962311744689941,-2.76308536529541,0.4356387732986228
0004-0023-0002,True,Tổ chức Giải phóng Palestine dưới quyền lãnh đạo của Yasser Arafat hòan tòan ủng hộ Saddam Hussein,Tổ chức Giải phóng Palestine dưới quyền lãnh đạo của Yasser Arafat hòan tòan ủng hộ Saddam Hussein,8.773159980773926,4.815332412719727,-3.957827568054199,0.3589251136274521
0004-0023-0003,True,tăng cường viện trợ,Hoa Kỳ nhấn mạnh rằng những giải pháp duy nhất có thể chấp nhận được để có hòa bình tòan diện với Iraq,8.6842679977417,6.368560791015625,-2.315707206726074,0.4653993616587919
0004-0023-0004,False,,Hoa Kỳ nhấn mạnh rằng những giải pháp duy nhất có thể chấp nhận được để có hòa bình tòan diện với Iraq,8.736656188964844,5.148243427276611,-3.5884127616882324,0.382079203990389
0004-0023-0005,True,"rút quân khỏi Kuwait phải được ""gắn liền với"" sự rút quân đồng thời của quân đội Syria ra khỏi Liban và quân đội Israel ra khỏi Bờ Tây, Dải Gaza, Cao nguyên Golan, và Nam Liban",việc rút quân không điều kiện ra khỏi Kuwait,8.541767120361328,7.510774612426758,-1.0309925079345703,0.5514948232051894
0004-0023-0006,True,"Syria, Israel và liên minh chống Iraq","Maroc và Jordan đã bị thuyết phục bởi đề xuất này, nhưng Syria, Israel và liên minh chống Iraq",8.638704299926758,6.94954776763916,-1.6891565322875977,0.5074482386360512
0004-0023-0007,True,là việc rút quân không điều kiện ra khỏi Kuwait,việc rút quân không điều kiện ra khỏi Kuwait,8.37580680847168,9.081550598144531,0.7057437896728516,0.6622984464320123
0004-0023-0008,False,,Tổ chức Giải phóng Palestine dưới quyền lãnh đạo của Yasser Arafat hòan tòan ủng hộ Saddam Hussein,8.791509628295898,3.6810812950134277,-5.110428333282471,0.2911395219144524
0004-0024-0001,True,Một ngày,"liên minh tung ra một cuộc tấn công không quân ồ ạt với mật danh ""Chiến dịch bão táp sa mạc",7.295551300048828,7.939345359802246,0.643794059753418,0.65856399272543
0004-0024-0002,False,,"liên minh tung ra một cuộc tấn công không quân ồ ạt với mật danh ""Chiến dịch bão táp sa mạc",8.2840576171875,5.670621395111084,-2.613436222076416,0.4455530416413678
0004-0024-0003,False,,"liên minh tung ra một cuộc tấn công không quân ồ ạt với mật danh ""Chiến dịch bão táp sa mạc",6.969522476196289,8.007190704345703,1.037668228149414,0.6819562039547387
0004-0024-0004,True,Saddam Hussein,giọng nói được xác định là của Saddam Hussein,7.346978664398193,7.662379741668701,0.3154010772705078,0.6384465563679048
0004-0024-0005,True,Năm tiếng đồng hồ sau những cuộc tấn công đầu tiên,"liên minh tung ra một cuộc tấn công không quân ồ ạt với mật danh ""Chiến dịch bão táp sa mạc",8.60120964050293,4.895823955535889,-3.705385684967041,0.37468376045713636
0004-0024-0006,True,"Cuộc chiến vĩ đại, cuộc chiến của mọi cuộc chiến đã bắt đầu. Bình minh thắng lợi đã rất gần khi cuộc thử thách cuối cùng đã đến",Chiến dịch bão táp sa mạc,8.389240264892578,5.257590293884277,-3.131649971008301,0.41145524206825723
0004-0024-0007,False,,Chiến dịch bão táp sa mạc,8.11895751953125,6.797454833984375,-1.321502685546875,0.5321112309695712
0004-0024-0008,True,ngày 17 tháng 1 năm 1991,"liên minh tung ra một cuộc tấn công không quân ồ ạt với mật danh ""Chiến dịch bão táp sa mạc"" với hơn 1.000 lần xuất kích một ngày, bắt đầu từ sáng sớm ngày 17 tháng 1 năm 1991",8.143661499023438,5.999767303466797,-2.1438941955566406,0.47690641563322594
0004-0025-0001,False,,phá hủy các cơ sở không quân và phòng không của Iraq,8.745206832885742,5.058350563049316,-3.686856269836426,0.37585146278786424
0004-0025-0002,False,,phá hủy các cơ sở không quân và phòng không của Iraq,8.697386741638184,5.198451995849609,-3.498934745788574,0.38777363939039305
0004-0025-0003,True,phá hủy các cơ sở không quân và phòng không của Iraq,phá hủy các cơ sở không quân và phòng không của Iraq,8.344619750976562,9.365396499633789,1.0207767486572266,0.6809705944033452
0004-0025-0004,True,liên minh ở Vịnh Péc-xích,Ả Rập Xê Út và sáu nhóm tàu sân bay của liên minh ở Vịnh Péc-xích,8.623922348022461,5.8222150802612305,-2.8017072677612305,0.43308807573758573
0004-0025-0005,True,thiệt hại một máy bay,phá hủy các cơ sở không quân và phòng không của Iraq,8.744582176208496,5.283529281616211,-3.461052894592285,0.3901938319830307
0004-0025-0006,True,hệ thống tên lửa đất đối không SAM,phá hủy các cơ sở không quân và phòng không của Iraq,8.673049926757812,5.503946781158447,-3.1691031455993652,0.4090194753489043
0004-0025-0007,True,"các vũ khí dẫn đường chính xác (hay ""bom thông minh""), bom bầy, BLU-82 ""daisy cutters"" và tên lửa hành trình",Iraq trả lời bằng cách phóng 8 tên lửa Scud vào Israel ngày hôm sau. Mục tiêu ưu tiên hàng đầu của liên minh là phá hủy các cơ sở không quân và phòng không của Iraq,8.828634262084961,3.8885560035705566,-4.940078258514404,0.30067926711220777
0004-0026-0001,False,,Iraq bắt đầu đổ gần 1 triệu tấn dầu thô xuống vịnh,8.251211166381836,7.130486488342285,-1.1207246780395508,0.5455215641783581
0004-0026-0002,True,Iraq,Iraq bắt đầu đổ gần 1 triệu tấn dầu thô xuống vịnh,8.32373046875,6.839030742645264,-1.4846997261047363,0.5211758129807085
0004-0026-0003,False,,Cuộc bỏ chạy ồ ạt của không quân Iraq sang Iran,8.652795791625977,1.8328275680541992,-6.819968223571777,0.20597058590203973
0004-0026-0004,False,,38 máy bay MiG,8.371801376342773,5.550055503845215,-2.8217458724975586,0.4317660578082756
0004-0026-0005,True,các sở chỉ huy và thông tin,hệ thống chỉ huy và liên lạc của họ bị phá hủy,8.52593994140625,3.7365779876708984,-4.789361953735352,0.3092661799321193
0004-0026-0006,True,38,38 máy bay MiG của Iraq,8.209551811218262,6.38723087310791,-1.8223209381103516,0.49850001558708185
0004-0026-0007,False,,38 máy bay MiG,8.527214050292969,2.7060868740081787,-5.82112717628479,0.25333673166680143
0004-0026-0008,True,Iran,Cuộc bỏ chạy ồ ạt của không quân Iraq sang Iran,8.64179801940918,1.941353440284729,-6.700444579124451,0.21127473421103632
0004-0026-0009,True,khỏang 115 tới 140,không quân Iraq bắt đầu chạy trốn sang Iran,8.369978904724121,3.5968141555786133,-4.773164749145508,0.3101970282755079
0004-0027-0001,True,4% so với trước chiến tranh,việc sản xuất điện chỉ còn đạt mức 4%,8.887991905212402,5.739713191986084,-3.1482787132263184,0.41037324890154286
0004-0027-0002,True,"các bệ phóng tên lửa Scud, các địa điểm vũ khí hủy diệt hàng lọat, những cơ sở nghiên cứu vũ khí và các lực lượng hải quân","các bệ phóng tên lửa Scud, các địa điểm vũ khí hủy diệt hàng lọat, những cơ sở nghiên cứu vũ khí và các lực lượng hải quân",8.664016723632812,8.630325317382812,-0.03369140625,0.6165170158621831
0004-0027-0003,False,,"các nhà máy điện, các lò phản ứng hạt nhân, các thiết bị thông tin liên lạc, các cảng biển, các nhà máy lọc và phân phối xăng dầu, các đường sắt và các cây cầu",8.834711074829102,3.7217888832092285,-5.112922191619873,0.2910011944276579
0004-0027-0004,False,,Giai đọan thứ ba và là lớn nhất của chiến dịch không quân,8.973627090454102,7.5282416343688965,-1.445385456085205,0.523812417111866
0004-0027-0005,True,nằm trên các xe tải và do đó rất khó tìm kiếm để tiêu diệt,"Bom đã phá hủy tất cả các đập chính, đa số những trạm bơm chính và nhiều nhà máy xử lý nước thải. Một số đội thuộc các lực lượng đặc biệt của Mỹ và Anh được đưa thâm nhập vào phía tây Iraq",8.738832473754883,4.081708908081055,-4.657123565673828,0.3169106034572242
0004-0027-0006,False,,"các bệ phóng tên lửa Scud, các địa điểm vũ khí hủy diệt hàng lọat, những cơ sở nghiên cứu vũ khí và các lực lượng hải quân",8.787931442260742,8.34193229675293,-0.4459991455078125,0.5899988774641177
0004-0027-0007,True,Giai đọan thứ ba,Giai đọan thứ ba và là lớn nhất của chiến dịch không quân nhắm tới các mục tiêu quân sự trên khắp Iraq và Kuwait,8.9716796875,7.464286804199219,-1.5073928833007812,0.519653353977582
0004-0027-0008,True,Khỏang một phần ba,"Khỏang một phần ba không lực liên quân được dành riêng để tấn công các bệ phóng tên lửa Scud, nằm trên các xe tải",8.760831832885742,7.379831314086914,-1.3810005187988281,0.5281274484056977
0004-0028-0001,True,cơ sở dân sự thuần túy,liên quân tránh gây thiệt hại tới những cơ sở dân sự thuần túy,8.474271774291992,7.078158378601074,-1.396113395690918,0.5271149479507183
0004-0028-0002,True,chỉ huy quân sự,lô cốt đó là một trung tâm thông tin quân đội,8.706661224365234,4.045200347900391,-4.661460876464844,0.31665826833149513
0004-0028-0003,False,,liên quân tránh gây thiệt hại tới những cơ sở dân sự thuần túy,8.675705909729004,5.216098785400391,-3.4596071243286133,0.3902863072568103
0004-0028-0004,True,Kẻ chế tạo bom,Kẻ chế tạo bom của Saddam,8.648985862731934,8.46224594116211,-0.18673992156982422,0.6067450679407073
0004-0028-0005,False,,lô cốt đó là một trung tâm thông tin quân đội,8.715806007385254,3.4175658226013184,-5.2982401847839355,0.28083153335001954
0004-0028-0006,True,bom thông minh điều khiển bằng tia laser,hai quả bom thông minh điều khiển bằng tia laser,8.12901496887207,9.01174545288086,0.8827304840087891,0.6728554652356563
0004-0028-0007,True,nơi tránh bom của thường dân,lô cốt đó là một trung tâm thông tin quân đội,8.682815551757812,3.667532444000244,-5.015283107757568,0.29644576096453695
0004-0029-0001,False,,"Lô cốt có vô tuyến, vòi nước uống, máy phát điện riêng",8.336758613586426,7.509763240814209,-0.8269953727722168,0.5650166530121311
0004-0029-0002,True,"vô tuyến, vòi nước uống, máy phát điện riêng","Lô cốt có vô tuyến, vòi nước uống, máy phát điện riêng",7.9805731773376465,9.168325424194336,1.1877522468566895,0.6906413797597536
0004-0029-0003,True,vài chiếc limousine đen chạy ra chạy vào qua cánh cổng ngầm ở phía sau,Xát-đam,8.477409362792969,5.963920593261719,-2.51348876953125,0.4521992863843818
0004-0029-0004,False,,Xát-đam,8.44296932220459,6.1571502685546875,-2.2858190536499023,0.4673988014871679
0004-0029-0005,True,Xát-đam,Xát-đam,8.29574966430664,6.59962797164917,-1.6961216926574707,0.5069802705111628
0004-0030-0001,True,các lực lượng Ả Rập Xê Út được các lính thủy đánh bộ và không quân Mỹ yểm trợ hai ngày sau đó,"Iraq dùng xe tăng, bộ binh tấn công và chiếm thành phố Khafji của Ả Rập Xê Út lúc ấy dang được bảo vệ bởi một số lính thủy đánh bộ trang bị vũ khí hạng nhẹ",8.713091850280762,6.870322227478027,-1.8427696228027344,0.49712587109539386
0004-0030-0002,True,"vì khi tăng tầm bắn, tên lửa Scud bị giảm đi rất nhiều về độ chính xác và khả năng sát thương","Israel không tham gia vào liên quân, và tất cả các nước Ả Rập ở lại với liên quân trừ Jordan",8.758987426757812,5.827541351318359,-2.931446075439453,0.42454643780233003
0004-0030-0003,True,Iraq không chỉ kiểm sóat được phần lớn những nguồn cung cấp dầu ở Trung Đông mà sau đó còn đe dọa được lực lượng quân Mỹ triển khai dọc theo các đường chiến tuyến,"Iraq dùng xe tăng, bộ binh tấn công và chiếm thành phố Khafji của Ả Rập Xê Út",8.681259155273438,6.458721160888672,-2.2225379943847656,0.47163551891880856
0004-0030-0004,True,28 người Mỹ đã thiệt mạng,28 người Mỹ đã thiệt mạng khi một tên lửa Scud phá hủy doanh trại của họ tại Dhahran,8.323211669921875,8.592536926269531,0.26932525634765625,0.6355827378214449
0004-0030-0005,False,,"Iraq dùng xe tăng, bộ binh tấn công và chiếm thành phố Khafji của Ả Rập Xê Út",8.680034637451172,6.249721527099609,-2.4303131103515625,0.45774338050505864
0004-0030-0006,True,buộc Israel tham gia cuộc chiến và các nước Ả Rập khác rút lui khỏi nó,Israel tham gia cuộc chiến và các nước Ả Rập khác rút lui khỏi nó,8.255615234375,9.76137924194336,1.5057640075683594,0.7086016567462506
0004-0030-0007,False,,Những tên lửa Scud nhắm vào Israel,8.777603149414062,5.9741692543029785,-2.803433895111084,0.4329741262080584
0004-0031-0001,True,giúp tăng cường tập trung quân đội và giảm bớt khỏang cách tiếp tế,không quân,8.604375839233398,6.260328769683838,-2.3440470695495605,0.4635045238591768
0004-0031-0002,False,,không quân,8.812586784362793,4.893979072570801,-3.918607711791992,0.3613544998996369
0004-0031-0003,False,,Chiến dịch không quân,8.852724075317383,5.087784290313721,-3.764939785003662,0.3709406536856129
0004-0031-0004,True,quân Taliban rút lui khỏi những vùng đất rộng lớn về giữ những cứ điểm mạnh của họ,quân Taliban rút lui khỏi những vùng đất rộng lớn về giữ những cứ điểm mạnh của họ. Điều này giúp tăng cường tập trung quân đội và giảm bớt khỏang cách tiếp tế,8.467839241027832,6.6164140701293945,-1.8514251708984375,0.49654423315334956
0004-0031-0005,False,,Các bên tham chiến cũng giảm bớt khỏang cách tiếp tế hậu cần và diện tích vùng bảo vệ. Điều này đã được thấy trong Chiến tranh Afghanistan khi quân Taliban,8.707620620727539,5.3709917068481445,-3.3366289138793945,0.3981805650638153
0004-0031-0006,True,phân tán các sư đòan ra,không quân,8.793889045715332,4.984145641326904,-3.8097434043884277,0.36813480011737404
0004-0031-0007,False,,không quân,8.626192092895508,5.843245506286621,-2.7829465866088867,0.43432664890497324
0004-0031-0008,True,Chiến dịch không quân,Chiến dịch không quân,8.759490966796875,6.932365894317627,-1.827125072479248,0.4981771766257662
0004-0032-0001,False,,lực lượng Vệ binh cộng hòa Iraq,8.930654525756836,5.263772487640381,-3.666882038116455,0.37711183385159464
0004-0032-0002,True,Sư đòan thiết giáp số 1 Hòang gia Anh,Sư đòan bọc thép hạng nhẹ số 6 của Pháp,8.87768840789795,6.6640214920043945,-2.2136669158935547,0.47222978549947514
0004-0032-0003,False,,xe bọc thép,8.569540977478027,8.406094551086426,-0.16344642639160156,0.6082380655003401
0004-0032-0004,True,Quân đòan VII,Sư đòan bọc thép hạng nhẹ số 6 của Pháp,8.79597282409668,6.291092872619629,-2.504879951477051,0.45277258308287854
0004-0032-0005,True,Vệ binh cộng hòa,Vệ binh cộng hòa Iraq,8.72873306274414,6.348183631896973,-2.380549430847168,0.4610654911475794
0004-0032-0006,False,,Vệ binh cộng hòa Iraq,8.778528213500977,6.707149505615234,-2.071378707885742,0.48177116771200185
0004-0032-0007,False,,Sư đòan bọc thép hạng nhẹ số 6 của Pháp,8.856870651245117,5.592062950134277,-3.26480770111084,0.40281584128699255
0004-0032-0008,False,,Sư đòan bọc thép hạng nhẹ số 6 của Pháp,8.833827018737793,7.141040802001953,-1.6927862167358398,0.5072043726583529
0004-0032-0009,True,xe bọc thép,xe bọc thép,8.377345085144043,9.189919471740723,0.8125743865966797,0.6686909201907526
0004-0032-0010,True,lực lượng Vệ binh cộng hòa Iraq,lực lượng Vệ binh cộng hòa Iraq,8.817285537719727,6.5869140625,-2.2303714752197266,0.4711108269665942
0004-0033-0001,False,,việc triển khai quân và thu hẹp mặt trận chỉ ở phía nam Thành phố Kuwait và mở rộng tới vùng ngọai ô Basra,8.779041290283203,3.6589362621307373,-5.120105028152466,0.2906029987836949
0004-0033-0002,True,triển khai quân và thu hẹp mặt trận chỉ ở phía nam Thành phố Kuwait và mở rộng tới vùng ngọai ô Basra,việc triển khai quân và thu hẹp mặt trận chỉ ở phía nam Thành phố Kuwait và mở rộng tới vùng ngọai ô Basra,8.633962631225586,5.5350775718688965,-3.0988850593566895,0.4135896759106322
0004-0033-0003,True,bị tấn công ồ ạt vào sườn,việc mở rộng nó ra càng khiến nguy cơ bị tấn công ồ ạt vào sườn,8.12525463104248,7.767650127410889,-0.3576045036315918,0.5957340918387599
0004-0033-0004,True,làm chậm sự di chuyển của quân địch và giao chiến dọc theo các giới tuyến không dễ dàng bị chọc thủng hay đánh ngang sườn,Iraq muốn làm chậm sự di chuyển của quân địch và giao chiến dọc theo các giới tuyến không dễ dàng bị chọc thủng hay đánh ngang sườn,8.513374328613281,7.5847978591918945,-0.9285764694213867,0.5582942114894975
0004-0033-0005,True,số lượng và chất lượng pháo binh,việc triển khai quân và thu hẹp mặt trận chỉ ở phía nam Thành phố Kuwait và mở rộng tới vùng ngọai ô Basra,8.794676780700684,3.744493007659912,-5.0501837730407715,0.2944928591867924
0004-0033-0006,True,tăng khỏang cách tiếp tế,việc mở rộng nó ra càng khiến nguy cơ bị tấn công ồ ạt vào sườn,8.665119171142578,5.088929176330566,-3.5761899948120117,0.3828551995548023
0004-0033-0007,False,,Iraq muốn làm chậm sự di chuyển của quân địch và giao chiến dọc theo các giới tuyến không dễ dàng bị chọc thủng hay đánh ngang sườn,8.714527130126953,4.200516700744629,-4.514010429382324,0.3252964165934094
0004-0034-0001,True,chiến đấu và tiêu diệt một cách hiệu quả các xe tăng Iraq từ khỏang cách xa gấp ba lần khỏang cách có thể tác chiến của xe tăng Iraq,ống nhòm hồng ngọai và lọai đạn năng lượng động lực từ các xe M1 Abrams,8.640451431274414,5.571083068847656,-3.069368362426758,0.4155152942941033
0004-0034-0002,True,chiến đấu bên trong Thành phố Kuwait,chiến đấu bên trong Thành phố Kuwait,8.340604782104492,7.025413513183594,-1.3151912689208984,0.532533591892089
0004-0034-0003,True,"Các ranh giới của địa lý đô thị, và sự hiểu biết",Chiến tranh trong thành phố làm giảm tầm chiến đấu và vì thế giảm bớt ưu thế công nghệ của liên quân,8.256309509277344,6.129083156585693,-2.1272263526916504,0.47802423534637906
0004-0034-0004,True,ống nhòm hồng ngọai và lọai đạn năng lượng động lực từ các xe M1 Abrams,ống nhòm hồng ngọai và lọai đạn năng lượng động lực từ các xe M1 Abrams,8.440653800964355,7.074623107910156,-1.3660306930541992,0.5291301369638494
0004-0034-0005,False,,Chiến tranh trong thành phố,8.371490478515625,6.570839881896973,-1.8006505966186523,0.49995627926983294
0004-0034-0006,False,,ống nhòm hồng ngọai và lọai đạn năng lượng động lực từ các xe M1 Abrams,8.4037446975708,7.313336372375488,-1.0904083251953125,0.5475412056260043
0004-0034-0007,False,,ống nhòm hồng ngọai và lọai đạn năng lượng động lực từ các xe M1 Abrams,8.476130485534668,6.541011810302734,-1.9351186752319336,0.49092089067948835
0004-0034-0008,True,có thể gây ra những thương vong đáng kể đối với các lực lượng tấn công,Chiến tranh trong thành phố,8.23619270324707,8.62309455871582,0.38690185546875,0.6428711766348375
0004-0035-0001,True,Hoa Kỳ,"các lãnh đạo người Kurd tin tưởng vào những lời tuyên bố của Hoa Kỳ rằng họ sẽ ủng hộ một cuộc nổi dậy và bắt đầu chiến đấu, với hy vọng thực hiện được một cuộc đảo chính",8.8404541015625,3.392418622970581,-5.448035478591919,0.27277150991547267
0004-0035-0002,True,vùng lãnh thổ Iraq bị chiếm đóng,vùng lãnh thổ Iraq bị chiếm đóng,8.762124061584473,7.371411323547363,-1.3907127380371094,0.527476795797327
0004-0035-0003,True,do những thiệt hại đã phải hứng chịu của hệ thống vận chuyển công cộng,"Iraq được phép sử dụng các máy bay trực thăng vũ trang trong phía biên giới lãnh thổ nước mình, bề ngòai là để vận chuyển các quan chức chính phủ do những thiệt hại đã phải hứng chịu của hệ thống vận chuyển công cộng",8.417104721069336,9.753049850463867,1.3359451293945312,0.6990870695395427
0004-0035-0004,True,các tướng lĩnh Iraq còn trung thành,cuộc nổi dậy của người Shiite ở phía nam,8.818319320678711,4.715628623962402,-4.102690696716309,0.3500152252966387
0004-0035-0005,False,,"Iraq được phép sử dụng các máy bay trực thăng vũ trang trong phía biên giới lãnh thổ nước mình, bề ngòai là để vận chuyển các quan chức chính phủ do những thiệt hại đã phải hứng chịu của hệ thống vận chuyển công cộng",8.647428512573242,9.131932258605957,0.48450374603271484,0.6488717538613965
0004-0035-0006,True,vì sự ủng hộ và hợp tác của họ với Saddam Hussein,vì sự ủng hộ và hợp tác của họ với Saddam Hussein,7.307827949523926,6.702706336975098,-0.6051216125488281,0.579613748046951
0004-0035-0007,False,,Saddam Hussein,7.955235958099365,6.503243446350098,-1.4519925117492676,0.5233694049270124
0004-0035-0008,False,,"các lãnh đạo người Kurd tin tưởng vào những lời tuyên bố của Hoa Kỳ rằng họ sẽ ủng hộ một cuộc nổi dậy và bắt đầu chiến đấu, với hy vọng thực hiện được một cuộc đảo chính",8.847888946533203,2.7821998596191406,-6.0656890869140625,0.24110444351895535
0004-0036-0001,True,$16 tỷ,"Kuwait, Ả Rập Xê Út và các nước Vùng Vịnh khác; $16 tỷ bởi Đức và Nhật Bản",8.604436874389648,6.697844505310059,-1.9065923690795898,0.49283737836410624
0004-0036-0002,True,vì các điều khỏan trong các hiệp ước chấm dứt Chiến tranh thế giới thứ hai,"Kuwait, Ả Rập Xê Út và các nước Vùng Vịnh khác; $16 tỷ bởi Đức và Nhật Bản (hai nước này không gửi lực lượng chiến đấu",8.7221040725708,7.092609405517578,-1.6294946670532227,0.5114561201073615
0004-0036-0003,False,,"Kuwait, Ả Rập Xê Út và các nước Vùng Vịnh khác; $16 tỷ bởi Đức và Nhật Bản",8.635856628417969,6.726471424102783,-1.9093852043151855,0.49264973663198897
0004-0036-0004,True,"$61,1 tỷ","Chi phí chiến tranh của Hoa Kỳ do Hạ viện tính tóan là $61,1 tỷ",6.18263578414917,8.739778518676758,2.557142734527588,0.7633649318573782
0004-0036-0005,True,các dịch vụ cung cấp cho lực lượng liên quân như thực phẩm và vận chuyển,Khỏang 25% số đóng góp của Ả Rập Xê Út được thanh tóan dưới hình thức các dịch vụ cung cấp cho lực lượng liên quân như thực phẩm và vận chuyển,8.879531860351562,4.999963760375977,-3.879568099975586,0.363779784757557
0004-0036-0006,False,,Khỏang 25% số đóng góp của Ả Rập Xê Út được thanh tóan dưới hình thức các dịch vụ cung cấp cho lực lượng liên quân như thực phẩm và vận chuyển,8.86981201171875,5.205812931060791,-3.663999080657959,0.3772938858333637
0004-0036-0007,True,không,Nhiều lý lẽ cho rằng Ả Rập Xê Út còn cung cấp cả gái mại dâm,8.62014389038086,7.073856353759766,-1.5462875366210938,0.5170431208999587
0004-0037-0001,True,ngày 28 tháng 1 năm 1991,một số đặc biệt ngày 28 tháng 1 năm 1991,8.03373908996582,8.89205551147461,0.8583164215087891,0.6714092648361561
0004-0037-0002,True,CNN,CNN,7.981135368347168,7.523198127746582,-0.45793724060058594,0.5892223944949225
0004-0037-0003,False,,ABC News,8.600963592529297,7.642693042755127,-0.9582705497741699,0.5563249585222145
0004-0037-0004,True,"Peter Jennings của ABC, Dan Rather của CBS và Tom Brokaw","Peter Jennings của ABC, Dan Rather của CBS và Tom Brokaw của NBC",8.921485900878906,6.013866424560547,-2.9076194763183594,0.42611189637759805
0004-0037-0005,False,,một số đặc biệt ngày 28 tháng 1 năm 1991,8.503141403198242,8.55427074432373,0.05112934112548828,0.621892998716987
0004-0037-0006,True,ABC News,ABC News,8.605670928955078,7.604413032531738,-1.0012578964233398,0.553470999756803
0004-0037-0007,True,Baghdad,"bản tin của phóng viên Allen Pizzey, cũng đưa tin từ Baghdad",8.663820266723633,7.315492630004883,-1.34832763671875,0.5303155951069427
0004-0038-0001,True,Annex Foxtrot,Annex Foxtrot,8.10497760772705,10.059101104736328,1.9541234970092773,0.7328485054554986
0004-0038-0002,True,ngăn chặn tiết lộ các thông tin gây rắc rối về chính trị,kiểm duyệt,8.629814147949219,3.560619354248047,-5.069194793701172,0.29343223771095317
0004-0038-0003,True,những cuộc họp báo ngắn của quân đội,Đa số những thông tin báo chí có được đều từ những cuộc họp báo ngắn của quân đội,8.722440719604492,3.0266852378845215,-5.695755481719971,0.25976422782661435
0004-0038-0004,False,,Chỉ những nhà báo được lựa chọn mới được phép tới mặt trận hay tiến hành các cuộc phỏng vấn binh sĩ,8.659616470336914,4.7584662437438965,-3.9011502265930176,0.3624381584339565
0004-0038-0005,True,"luôn được tiến hành với sự hiện diện của các sĩ quan, và sau đó đều phải được sự cho phép của quân đội và bộ phận kiểm duyệt",Chỉ những nhà báo được lựa chọn mới được phép tới mặt trận hay tiến hành các cuộc phỏng vấn binh sĩ,8.7296142578125,3.7873358726501465,-4.9422783851623535,0.300554926797702
0004-0038-0006,False,,Annex Foxtrot,8.289867401123047,9.886675834655762,1.5968084335327148,0.7136290764892681
0004-0038-0007,False,,Chính sách của Hoa Kỳ về tự do báo chí,8.677800178527832,3.427928924560547,-5.249871253967285,0.2834649027123484
0004-0038-0008,True,sự chống đối từ bên trong nước Mỹ,Chính sách này bị ảnh hưởng nhiều từ những kinh nghiệm sau Chiến tranh Việt Nam,8.572023391723633,5.162691116333008,-3.409332275390625,0.3935068822202699
0004-0038-0009,False,,Đa số những thông tin báo chí có được đều từ những cuộc họp báo ngắn của quân đội,8.639677047729492,5.438332557678223,-3.2013444900512695,0.4069262264177493
0004-0039-0001,True,CNN,"Một đòan phóng viên của kênh CBS News (David Green và Andy Thompson), được trang bị thiết bị truyền thông tin vệ tinh đã tới mặt trận",8.759410858154297,3.7849326133728027,-4.974478244781494,0.2987385110216976
0004-0039-0002,False,,"Một đòan phóng viên của kênh CBS News (David Green và Andy Thompson), được trang bị thiết bị truyền thông tin vệ tinh đã tới mặt trận",8.397176742553711,6.887896537780762,-1.5092802047729492,0.5195267188197197
0004-0039-0003,False,,các lực lượng Ả Rập,8.750457763671875,3.9508140087127686,-4.7996437549591064,0.30867608919460837
0004-0039-0004,True,thiết bị truyền thông tin vệ tinh,"Một đòan phóng viên của kênh CBS News (David Green và Andy Thompson), được trang bị thiết bị truyền thông tin vệ tinh đã tới mặt trận",8.542001724243164,5.827280521392822,-2.714721202850342,0.43883767120349354
0004-0039-0005,True,David Green và Andy Thompson,"Một đòan phóng viên của kênh CBS News (David Green và Andy Thompson), được trang bị thiết bị truyền thông tin vệ tinh đã tới mặt trận",8.241899490356445,7.180676460266113,-1.061223030090332,0.5494840202066905
0004-0039-0006,True,Baghdad,Thành phố Kuwait,8.542524337768555,5.058538436889648,-3.4839859008789062,0.3887280359167402
0004-0039-0007,True,liên quân,"Một đòan phóng viên của kênh CBS News (David Green và Andy Thompson), được trang bị thiết bị truyền thông tin vệ tinh đã tới mặt trận",7.848078727722168,7.735082149505615,-0.11299657821655273,0.6114646841806881
0004-0040-0001,True,năm 2003,"Chiến dịch Kiểm sóat miền Bắc, vùng cấm bay trong khu vực người Kurd",8.948935508728027,5.187771797180176,-3.7611637115478516,0.37117753398405945
0004-0040-0002,True,các vùng cấm bay đã được thiết lập,các vùng cấm bay đã được thiết lập để bảo vệ người Shi'ite ở miền Nam và người Kurd ở miền Bắc,8.63852310180664,8.228649139404297,-0.40987396240234375,0.592345801825133
0004-0040-0003,True,Mỹ và Anh,"Mỹ và Anh kiểm sóat, mặc dù Pháp cũng có tham gia ít nhiều",8.337102890014648,8.684887886047363,0.34778499603271484,0.6404535048680068
0004-0040-0004,True,người Kurd,người Shi'ite,8.365219116210938,8.194324493408203,-0.17089462280273438,0.6077608917687393
0004-0040-0005,False,,vĩ tuyến 36 Bắc và vĩ tuyến 32 Nam,8.862554550170898,6.976572036743164,-1.8859825134277344,0.4942221480463856
0004-0040-0006,True,năm 1996,"Chiến dịch Tấn công sa mạc, kéo dài trong nhiều tuần từ tháng 9 năm 1996, và Chiến dịch Con cáo sa mạc, tháng 12 năm 1998",8.504755020141602,7.733664512634277,-0.7710905075073242,0.5687063168752344
0004-0041-0001,True,Việc phá hủy các nhà máy xử lý nước khiến nước thải bị đổ trực tiếp xuống sông,Việc phá hủy các nhà máy xử lý nước khiến nước thải bị đổ trực tiếp xuống sông Tigris,8.710371017456055,3.6482465267181396,-5.062124490737915,0.2938264277684342
0004-0041-0002,False,,Những khỏan vốn tài trợ từ phía các nước phương Tây nhằm giải quyết vấn đề này bị chính quyền Saddam,8.730912208557129,4.51953649520874,-4.211375713348389,0.34339815412690455
0004-0041-0003,True,Cơ sở hạ tầng bị tàn phá nặng nề trên diện rộng,Cơ sở hạ tầng bị tàn phá nặng nề trên diện rộng trong suốt thời kỳ chiến sự đã gây mất mát cho người dân Iraq,8.746162414550781,5.246232986450195,-3.499929428100586,0.38771016518601825
0004-0041-0004,True,chỉ đạt một phần tư mức trước cuộc chiến,lượng điện sản xuất ra vẫn chỉ đạt một phần tư mức trước cuộc chiến,8.484613418579102,8.001296997070312,-0.48331642150878906,0.5875701970642776
0004-0041-0005,True,duy trì quyền kiểm sóat quân sự của mình,Những khỏan vốn tài trợ từ phía các nước phương Tây nhằm giải quyết vấn đề này bị chính quyền Saddam,8.685995101928711,4.641634941101074,-4.044360160827637,0.3535907130153223
0004-0041-0006,True,dẫn tới sự phát sinh dịch bệnh trên diện rộng,Việc phá hủy các nhà máy xử lý nước khiến nước thải bị đổ trực tiếp xuống sông Tigris,8.757692337036133,4.174485683441162,-4.583206653594971,0.3212274057477957
0004-0041-0007,False,,Việc phá hủy các nhà máy xử lý nước khiến nước thải bị đổ trực tiếp xuống sông Tigris,8.81698226928711,2.8013157844543457,-6.015666484832764,0.2435733067353883
0004-0042-0001,True,90.000,con số tử vong ở nước này tăng thêm 90.000 người mỗi năm,7.6872053146362305,6.605650901794434,-1.0815544128417969,0.5481307511090794
0004-0042-0002,False,,con số tử vong ở nước này tăng thêm 90.000 người mỗi năm,8.030094146728516,5.958564758300781,-2.0715293884277344,0.4817610552983272
0004-0042-0003,True,lý do từ những cuộc thanh sát vũ khí mà Iraq chưa bao giờ hợp tác đầy đủ,các biện pháp trừng phạt Iraq,8.459880828857422,5.1973724365234375,-3.2625083923339844,0.4029645285570157
0004-0042-0004,True,Nhiều người cho rằng các biện pháp trừng phạt Iraq và sự hiện diện quân sự của Mỹ ở Ả Rập Xê Út,các biện pháp trừng phạt Iraq và sự hiện diện quân sự của Mỹ ở Ả Rập Xê Út,7.903654098510742,9.74014663696289,1.8364925384521484,0.7266125650056031
0004-0042-0005,False,,Iraq được Liên Hiệp Quốc cho phép nhập khẩu một số hàng hóa theo chương trình Đổi dầu lấy lương thực,8.559982299804688,6.026966094970703,-2.5330162048339844,0.450899346348249
0004-0042-0006,True,chương trình Đổi dầu lấy lương thực,Iraq được Liên Hiệp Quốc cho phép nhập khẩu một số hàng hóa theo chương trình Đổi dầu lấy lương thực,8.519620895385742,6.787930488586426,-1.7316904067993164,0.5045903426259537
0004-0042-0007,False,,các biện pháp trừng phạt Iraq và sự hiện diện quân sự của Mỹ ở Ả Rập Xê Út,8.479352951049805,7.621527671813965,-0.8578252792358398,0.5629787981046331
0004-0043-0001,True,cung cấp các thông tin về các địa điểm tàng trữ vũ khí,UNMOVIC,8.872529983520508,2.096102237701416,-6.776427745819092,0.2078912999488247
0004-0043-0002,True,Năm 1999,đội thanh sát,8.531396865844727,6.848902702331543,-1.6824941635131836,0.5078958509049253
0004-0043-0003,True,cáo buộc rằng Hoa Kỳ đã lợi dụng họ làm gián điệp,Hoa Kỳ đã lợi dụng họ làm gián điệp; các thành viên của UNSCOM thường có những cuộc tiếp xúc với các cơ quan tình báo để cung cấp các thông tin về các địa điểm tàng trữ vũ khí,8.575262069702148,7.882835865020752,-0.6924262046813965,0.573885100849607
0004-0043-0004,True,Anh,Anh lãnh đạo,8.371440887451172,7.684638023376465,-0.686802864074707,0.5742547017944194
0004-0043-0005,True,họ không muốn đối đầu thực sự với Iraq,chính quyền Clinton đang cản trở các cuộc thanh sát vì họ không muốn đối đầu thực sự với Iraq,8.578083038330078,7.3546142578125,-1.2234687805175781,0.5386661071860631
0004-0043-0006,False,,UNMOVIC,8.866374015808105,2.009382724761963,-6.856991291046143,0.20434774010441922
0004-0043-0007,False,,Anh lãnh đạo,8.617818832397461,6.598231792449951,-2.0195870399475098,0.48524781861209487
0004-0044-0001,False,,"Ả Rập Xê Út và Hoa Kỳ, bị coi là cùng phía với Israel càng làm chính phủ Ả Rập Xê Út mất uy tín trong nước. Họat động của các nhóm Hồi giáo chống lại chính quyền Ả Rập Xê Út",8.913331985473633,5.686581134796143,-3.2267508506774902,0.40527910806823975
0004-0044-0002,False,,sự hồi sinh rõ rệt của chủ nghĩa Hồi giáo cực đoan,8.794999122619629,7.707324504852295,-1.087674617767334,0.5477232462352996
0004-0044-0003,True,chi thêm tiền cho những nhóm ủng hộ chính phủ,Ả Rập Xê Út đã chi thêm tiền cho những nhóm ủng hộ chính phủ,8.923515319824219,5.099313735961914,-3.8242015838623047,0.36723123915060535
0004-0044-0004,True,Ả Rập Xê Út,"chính quyền Ả Rập Xê Út trở thành người bảo trợ hàng đầu cho Taliban trong cuộc nội chiến ở nước này, và là một trong những quốc gia duy nhất chính thức công nhận chính phủ đó",8.734634399414062,7.003067493438721,-1.7315669059753418,0.5045986413015623
0004-0044-0005,True,tăng lên dữ dội,Họat động của các nhóm Hồi giáo chống lại chính quyền Ả Rập Xê Út tăng lên dữ dội,8.450779914855957,8.872085571289062,0.42130565643310547,0.6449915598354603
0004-0044-0006,True,liên minh giữa Ả Rập Xê Út và Hoa Kỳ,chính phủ Ả Rập Xê Út mất uy tín trong nước. Họat động của các nhóm Hồi giáo chống lại chính quyền Ả Rập Xê Út,8.833478927612305,5.018281936645508,-3.815196990966797,0.36779387021189547
0004-0044-0007,True,sự hồi sinh rõ rệt của chủ nghĩa Hồi giáo cực đoan,sự hồi sinh rõ rệt của chủ nghĩa Hồi giáo cực đoan,8.299388885498047,9.813009262084961,1.513620376586914,0.7090375250357532
0004-0045-0001,True,số lượng trẻ sinh ra trong các gia đình binh lính với các khiếm khuyết tương tự nhau hay những bệnh tật nghiêm trọng lên tới 67%,số lượng trẻ sinh ra trong các gia đình binh lính với các khiếm khuyết tương tự nhau hay những bệnh tật nghiêm trọng,8.516997337341309,6.5204925537109375,-1.996504783630371,0.4867977554621472
0004-0045-0002,True,"tiếp xúc với các vật liệu phóng xạ, khói dầu, và các lọai vắc xin bệnh than sản xuất quá nhanh","tiếp xúc với các vật liệu phóng xạ, khói dầu, và các lọai vắc xin bệnh than sản xuất quá nhanh dùng cho binh sĩ",8.706310272216797,6.082771301269531,-2.6235389709472656,0.44488227710042255
0004-0045-0003,True,Hội chứng Vùng Vịnh,Hội chứng Vùng Vịnh,8.132003784179688,9.31042766571045,1.1784238815307617,0.6901053814873684
0004-0045-0004,True,21,"21 lọai ""chất độc liên quan tới sinh sản"" tiềm tàng",8.072738647460938,9.616544723510742,1.5438060760498047,0.7107086336019789
0004-0046-0001,True,Saddam đã từ chối,Basra và đề xuất một cuộc nghiên cứu để điều tra lý do gây ra tỷ lệ ung thư cao ở miền nam Iraq,8.104351997375488,5.401895046234131,-2.7024569511413574,0.4396496716091477
0004-0046-0002,True,liên quân sử dụng urani nghèo,urani nghèo với những vụ khuyết tận trẻ sơ sinh,8.63438892364502,2.5206186771392822,-6.113770246505737,0.23874754450289287
0004-0046-0003,True,"gây ra hàng lọat vụ khuyết tật ở trẻ sơ sinh và ung thư trong dân chúng Iraq, đặc biệt là bệnh bạch cầu","việc liên quân sử dụng urani nghèo đã gây ra hàng lọat vụ khuyết tật ở trẻ sơ sinh và ung thư trong dân chúng Iraq, đặc biệt là bệnh bạch cầu",8.107093811035156,6.526331901550293,-1.5807619094848633,0.5147287520248951
0004-0046-0004,True,vì những biện pháp trừng phạt đã khiến họ không thể có được các thiết bị thử nghiệm cần thiết,"việc liên quân sử dụng urani nghèo đã gây ra hàng lọat vụ khuyết tật ở trẻ sơ sinh và ung thư trong dân chúng Iraq, đặc biệt là bệnh bạch cầu",8.409303665161133,4.321615219116211,-4.087688446044922,0.3509332287250833
0004-0046-0005,False,,urani nghèo với những vụ khuyết tận trẻ sơ sinh,8.698760986328125,2.461275815963745,-6.23748517036438,0.23275613790219632
0004-0047-0001,True,ung thư phổi,"""bởi vì urani nghèo chỉ là phóng xạ yếu, cần phải hít vào những khối lượng rất lớn bụi (ở mức độ gam) để có thể tăng nguy cơ ung thư phổi",8.618595123291016,6.244150161743164,-2.3744449615478516,0.4614732559841384
0004-0047-0002,True,yếu,"bởi vì urani nghèo chỉ là phóng xạ yếu, cần phải hít vào những khối lượng rất lớn bụi (ở mức độ gam) để có thể tăng nguy cơ ung thư phổi",8.57806396484375,6.821854114532471,-1.7562098503112793,0.5029427069907705
0004-0047-0003,False,,"""bởi vì urani nghèo chỉ là phóng xạ yếu, cần phải hít vào những khối lượng rất lớn bụi (ở mức độ gam) để có thể tăng nguy cơ ung thư phổi",8.657811164855957,5.854024887084961,-2.803786277770996,0.432950871430491
0004-0047-0004,True,tăng nguy cơ ung thư phổi ở mức độ có thể nhận thấy trong một nhóm nguy cơ,"""bởi vì urani nghèo chỉ là phóng xạ yếu, cần phải hít vào những khối lượng rất lớn bụi (ở mức độ gam) để có thể tăng nguy cơ ung thư phổi",8.828776359558105,5.5340704917907715,-3.294705867767334,0.4008840795076717
0004-0047-0005,False,,"không có những tác động liên tục hay tiến triển đã được báo cáo ở người"" vì lý do chịu tác động của urani nghèo",8.585986137390137,7.178410530090332,-1.4075756072998047,0.5263468778176876
0004-0047-0006,True,nhờ một phái đòan năm 2001 tới Kosovo,tiếp cận với những nguy cơ đối với sức khỏe của urani nghèo tại những địa điểm đã xảy ra chiến tranh nhờ một phái đòan năm 2001 tới Kosovo,8.44650936126709,6.6070356369018555,-1.8394737243652344,0.49734735193095136
0004-0047-0007,True,không,"không có những tác động liên tục hay tiến triển đã được báo cáo ở người"" vì lý do chịu tác động của urani nghèo",8.76909065246582,6.079474449157715,-2.6896162033081055,0.44050018732585133
0004-0047-0008,False,,"urani nghèo chỉ là phóng xạ yếu, cần phải hít vào những khối lượng rất lớn bụi (ở mức độ gam) để có thể tăng nguy cơ ung thư phổi",8.708696365356445,6.415454387664795,-2.2932419776916504,0.4669021268839616
0004-0048-0001,True,Quân đội Iraq sử dụng các vũ khí hóa học và thần kinh trong thập kỷ 1980 và 1990,urani nghèo,8.789464950561523,6.434861183166504,-2.3546037673950195,0.46279895652796094
0004-0048-0002,True,"không gây ra những nguy cơ nghiêm trọng đối với sức khỏe"" và ""urani nghèo không gây ra khuyết tật ở trẻ sơ sinh",urani nghèo,8.594270706176758,7.891658782958984,-0.7026119232177734,0.573215422080914
0004-0048-0003,False,,việc nhiễm bệnh bạch cầu như là kết quả của việc chịu tác động của urani hay urani nghèo,8.923101425170898,4.199336051940918,-4.7237653732299805,0.31304548292593676
0004-0048-0004,False,,urani nghèo,8.858857154846191,6.14027214050293,-2.7185850143432617,0.4385819208095243
0004-0048-0005,True,không,không thể coi việc nhiễm bệnh bạch cầu như là kết quả của việc chịu tác động của urani hay urani nghèo,8.036236763000488,9.567522048950195,1.531285285949707,0.7100161618160628
0004-0048-0006,True,không cho thấy tỷ lệ tăng bất thường hay sự liên quan tới những chất sinh ung thư khác đã được biết ngòai urani,việc nhiễm bệnh bạch cầu như là kết quả của việc chịu tác động của urani hay urani nghèo,8.88434886932373,5.347640514373779,-3.536708354949951,0.3853658635184243
0004-0048-0007,True,19.000,19.000 công nhân công nghiệp tiếp xúc với urani nghèo,8.833736419677734,5.596615791320801,-3.2371206283569336,0.4046074356384007
0004-0049-0001,False,,Các vũ khí dẫn đường chính xác,8.680420875549316,6.016547203063965,-2.6638736724853516,0.4422063089695706
0004-0049-0002,True,tên lửa AGM-130,"Các lọai vũ khí dẫn đường chính xác (PGMs, cũng được gọi là ""bom thông minh""), như tên lửa AGM-130 của Không lực Hoa Kỳ",8.543170928955078,7.511332988739014,-1.0318379402160645,0.551438611287136
0004-0049-0003,True,15.000,bom chùm,8.375626564025879,6.414953231811523,-1.9606733322143555,0.4892042727277178
0004-0049-0004,True,hàng trăm yard,Các vũ khí dẫn đường chính xác chiếm gần 7.4% tòan thể số bom liên minh sử dụng. Các lọai bom khác gồm bom chùm,8.57061767578125,6.551689147949219,-2.0189285278320312,0.4852920328645886
0004-0049-0005,True,cho phép các cuộc tấn công quân sự diễn ra với những tổn thất dân sự nhỏ nhất,Các vũ khí dẫn đường chính xác,8.662647247314453,6.07604455947876,-2.5866026878356934,0.4473355911466978
0004-0049-0006,True,gần 7.4%,Các vũ khí dẫn đường chính xác,8.310918807983398,8.460165977478027,0.1492471694946289,0.6280745127657299
0004-0050-0001,True,hệ thống dẫn đường quán tính,Tên lửa Scud thích hợp để mang các đầu đạn hạt nhân,8.836895942687988,4.706169605255127,-4.130726337432861,0.3483026741759211
0004-0050-0002,True,Các vũ khí hóa học vốn thích hợp hơn khi được vận chuyển bằng máy bay ném bom hoặc các tên lửa hành trình,Các vũ khí hóa học vốn thích hợp hơn khi được vận chuyển bằng máy bay ném bom hoặc các tên lửa hành trình. Tên lửa Scud thích hợp để mang các đầu đạn hạt nhân,8.840417861938477,4.594256401062012,-4.246161460876465,0.3412929299164635
0004-0050-0003,True,bởi nhiệt độ cao trong quá trình bay ở tốc độ gần Mach 5 làm biến tính đa số các chất hóa học mang theo,các tên lửa Scud không hữu dụng khi mang các đầu đạn hóa học,8.08984088897705,7.714794158935547,-0.3750467300415039,0.5946044226817055
0004-0050-0004,False,,Tên lửa Scud,8.916421890258789,3.4717395305633545,-5.444682359695435,0.2729503411477655
0004-0050-0005,True,Liên bang xô viết,Iraq,8.774439811706543,7.237032890319824,-1.5374069213867188,0.5176391890229777
0004-0050-0006,True,"cơ sở thông tin, trung tâm chỉ huy và làm trì hõan quá trình động viên quân đội của Tây Đức cũng như các lực lượng Đồng Minh tại Đức","tiêu diệt các cơ sở thông tin, trung tâm chỉ huy và làm trì hõan quá trình động viên quân đội của Tây Đức cũng như các lực lượng Đồng Minh tại Đức",8.760185241699219,5.08150577545166,-3.6786794662475586,0.37636721572907034
0004-0050-0007,False,,Tên lửa Scud thích hợp để mang các đầu đạn hạt nhân,8.795419692993164,5.156893730163574,-3.63852596282959,0.3789039528348928
0004-0051-0001,True,dựa trên phần trăm số đầu đạn tên lửa Scud được biết đã tới mục tiêu hoặc đã nổ so với số lượng tên lửa Scud được bắn đi,Patriot,8.44500732421875,7.276597023010254,-1.168410301208496,0.5423417935134283
0004-0051-0002,True,họat động tuyệt diệu,họat động tuyệt diệu,7.804312705993652,8.082008361816406,0.2776956558227539,0.6361037167609888
0004-0051-0003,False,,Patriot,8.706493377685547,6.877005100250244,-1.8294882774353027,0.49801836923699394
0004-0051-0004,True,0%,0%,7.957000732421875,8.701786041259766,0.7447853088378906,0.6646416285333469
0004-0051-0005,False,,Hệ thống phòng thủ tên lửa Patriot,8.563861846923828,8.954137802124023,0.3902759552001953,0.6430793791960163
0004-0051-0006,True,Hệ thống phòng thủ tên lửa Patriot,Hệ thống phòng thủ tên lửa Patriot của Hoa Kỳ,8.566417694091797,9.28987979888916,0.7234621047973633,0.6633628551392363
0004-0051-0007,False,,Hệ thống phòng thủ tên lửa Patriot,8.788812637329102,4.80574893951416,-3.9830636978149414,0.35736572673911843
0004-0051-0008,True,khó có thể biết đâu là mảnh đầu đạn và có ít dữ liệu ghi lại những lần dò tìm radar còn được lưu trữ cho phép phân tích về sau này,khó có thể biết đâu là mảnh đầu đạn,8.314750671386719,8.800178527832031,0.4854278564453125,0.6489283475544391
0005-0001-0001,True,biển Đỏ,biển Đỏ (Hồng Hải),7.456709384918213,8.63060188293457,1.1738924980163574,0.6898448283010835
0005-0001-0002,False,,Độ mặn cao nhất của nước biển trong các biển cô lập (biển kín) như biển Chết,8.778753280639648,4.209929466247559,-4.56882381439209,0.3220709674274019
0005-0001-0003,True,vịnh Phần Lan,Biển hở mặn nhất (nồng độ muối cao nhất) là biển Đỏ (Hồng Hải),8.614025115966797,5.861001968383789,-2.753023147583008,0.43630387544073307
0005-0001-0004,True,biển trong các biển cô lập (biển kín),Biển hở mặn nhất (nồng độ muối cao nhất) là biển Đỏ (Hồng Hải),8.453348159790039,6.435368537902832,-2.017979621887207,0.48535574533480785
0005-0001-0005,False,,"Nước biển nhạt nhất có tại vịnh Phần Lan, một phần của biển Baltic",8.713050842285156,4.508253574371338,-4.204797267913818,0.34379697611869053
0005-0001-0006,True,biển Baltic,biển Baltic,8.122278213500977,7.692264080047607,-0.43001413345336914,0.5910378790600759
0005-0001-0007,False,,Biển hở mặn nhất (nồng độ muối cao nhất) là biển Đỏ (Hồng Hải),8.715679168701172,4.954264163970947,-3.7614150047302246,0.3711617679574404
0005-0001-0008,True,"3,1% tới 3,8%",Độ mặn cao nhất của nước biển trong các biển cô lập (biển kín) như biển Chết,8.658487319946289,4.980196475982666,-3.678290843963623,0.3763917351172672
0005-0001-0009,True,do nhiệt độ cao và sự tuần hòan bị hạn chế đã tạo ra tỷ lệ bốc hơi cao của nước bề mặt cũng như có rất ít nước ngọt từ các cửa sông đổ vào và lượng giáng thủy nhỏ,Biển hở mặn nhất (nồng độ muối cao nhất) là biển Đỏ,8.723661422729492,5.745877265930176,-2.9777841567993164,0.42150628407900803
0005-0002-0001,True,do trọng lượng bổ sung của các muối và hiện tượng điện giảo,nước ngọt,8.49582290649414,7.504096984863281,-0.9917259216308594,0.5541041449119624
0005-0002-0002,False,,nước ngọt,8.449971199035645,7.727394104003906,-0.7225770950317383,0.5719019983179966
0005-0002-0003,True,"7,5 tới 8,4","độ pH của nước biển bị giới hạn trong khỏang 7,5 tới 8,4",8.130849838256836,8.287681579589844,0.1568317413330078,0.6285506369495104
0005-0002-0004,False,,Vận tốc âm thanh trong nước biển,8.806026458740234,5.438834190368652,-3.367192268371582,0.3962135064298308
0005-0002-0005,True,-2 °C,"Điểm đóng băng của nước biển giảm xuống khi độ mặn tăng lên và nó là khỏang -2 °C (28,4 °F) ở nồng độ 35‰",8.399127006530762,8.589311599731445,0.1901845932006836,0.6306414024077346
0005-0002-0006,True,tỷ trọng riêng,nước ngọt tinh khiết đạt tỷ trọng riêng tối đa là 1.000 g/ml ở nhiệt độ 4 °C) do trọng lượng bổ sung của các muối và hiện tượng điện giảo,8.3221435546875,8.588127136230469,0.26598358154296875,0.6353746610112729
0005-0002-0007,True,1.020 tới 1.030 kg/m³,nước ngọt tinh khiết,8.795342445373535,5.469992637634277,-3.325349807739258,0.3989073238713427
0005-0002-0008,True,1.000 g/ml,nước ngọt tinh khiết,8.86139965057373,5.505809307098389,-3.355590343475342,0.39695981521970347
0005-0003-0001,False,,"các ion bicacbonat chiếm tới 48% các ion có trong nước sông trong khi chỉ chiếm khỏang 0,41% các ion của nước biển",8.708878517150879,5.68846321105957,-3.0204153060913086,0.418714575250081
0005-0003-0002,True,"do thời gian cư trú khác nhau của các chất hòa tan trong nước biển; các ion natri và clorua có thời gian cư trú lâu hơn, trong khi các ion canxi (thiết yếu cho sự hình thành cacbonat) có xu hướng trầm lắng nhanh hơn","các ion bicacbonat chiếm tới 48% các ion có trong nước sông trong khi chỉ chiếm khỏang 0,41% các ion của nước biển",8.324432373046875,9.139113426208496,0.8146810531616211,0.6688163638366448
0005-0003-0003,True,"2,8 lần","các ion bicacbonat chiếm tới 48% các ion có trong nước sông trong khi chỉ chiếm khỏang 0,41% các ion của nước biển",8.580011367797852,7.1056809425354,-1.4743304252624512,0.5218713487834826
0005-0003-0004,True,o thời gian cư trú khác nhau của các chất hòa tan trong nước biển,thời gian cư trú khác nhau của các chất hòa tan trong nước biển,8.301515579223633,8.326902389526367,0.025386810302734375,0.620264520490384
0005-0003-0005,True,48%,"các ion bicacbonat chiếm tới 48% các ion có trong nước sông trong khi chỉ chiếm khỏang 0,41% các ion của nước biển",8.158670425415039,9.833142280578613,1.6744718551635742,0.717876302036149
0005-0003-0006,True,"0,41%","các ion bicacbonat chiếm tới 48% các ion có trong nước sông trong khi chỉ chiếm khỏang 0,41% các ion của nước biển",8.274097442626953,9.28087329864502,1.0067758560180664,0.6801524202161594
0005-0004-0001,True,không có các lối thóat ra đại dương,hồ trên thế giới mà không có các lối thóat ra đại dương,7.663451194763184,9.514074325561523,1.8506231307983398,0.727366446766331
0005-0004-0002,True,cao,phong hóa lục địa,8.601471900939941,6.261570930480957,-2.3399009704589844,0.46378167261653547
0005-0004-0003,True,năm 1715,"người cho rằng muối và các khóang chất khác đã được đưa ra biển bởi các con sông, do chúng được lọc qua các lớp đất nhờ mưa",8.080829620361328,7.870526313781738,-0.21030330657958984,0.6052327399545622
0005-0004-0004,True,Edmond Halley,Edmond Halley,8.531925201416016,6.658574104309082,-1.8733510971069336,0.4950708940859333
0005-0005-0001,True,do hệ quả của các hệ thống hóa học/kiến tạo làm cho muối bị trầm lắng,hệ quả của các hệ thống hóa học/kiến tạo làm cho muối bị trầm lắng,8.141016960144043,8.764278411865234,0.6232614517211914,0.6573218652970829
0005-0005-0002,False,,hệ quả của các hệ thống hóa học/kiến tạo làm cho muối bị trầm lắng,8.119329452514648,8.85101318359375,0.7316837310791016,0.6638561988206331
0005-0005-0003,True,Kể từ khi các đại dương hình thành,Kể từ khi các đại dương hình thành,7.691254138946533,9.01546859741211,1.3242144584655762,0.6984233219884685
0005-0005-0004,True,không,natri không còn được lọc ra từ đáy đại dương mà nó bị giữ lại trong các lớp trầm tích che phủ lên trên đáy đại dương,7.91431188583374,8.083168029785156,0.16885614395141602,0.6293049614338004
0005-0005-0005,True,Độ mặn của nước biển đã ổn định trong nhiều triệu năm,"muối bị trầm lắng, chẳng hạn các trầm lắng natri và clorua bao gồm các trầm tích evaporit và các phản ứng với bazan đáy biển",8.065793991088867,8.975963592529297,0.9101696014404297,0.6744769462842602
0005-0005-0006,False,,Kể từ khi các đại dương hình thành,7.124809265136719,8.816079139709473,1.691269874572754,0.7187898999043915
0005-0006-0001,True,kích thích thận gia tăng họat động bài tiết natri,"Uống nước biển với nồng độ khỏang 3,5% các ion clorua và natri hòa tan",8.581247329711914,5.543241500854492,-3.038005828857422,0.41756416125167234
0005-0006-0002,True,9 g/L,Uống nước biển,8.729743957519531,5.532157897949219,-3.1975860595703125,0.40717006774920894
0005-0006-0003,True,nồng độ natri của nước biển là cao hơn khả năng cô tối đa của thận,"Uống nước biển với nồng độ khỏang 3,5% các ion clorua và natri hòa tan",7.860100746154785,8.133585929870605,0.2734851837158203,0.635841694130322
0005-0006-0004,True,thận,Uống nước biển,8.721187591552734,4.4263410568237305,-4.294846534729004,0.3383570128366764
0005-0007-0001,True,Anh,xử lý nước thải như thế nào,8.637447357177734,3.827119827270508,-4.810327529907227,0.30806358927110206
0005-0007-0002,True,bảo tồn các nguồn nước ngọt,Hồng Kông đang sử dụng một cách tích cực nước biển để dội rửa nhà vệ sinh trên phạm vi cả thành phố. Hơn 90% các nhà vệ sinh ở Hồng Kông được dội rửa bằng nước biển,8.443441390991211,6.053312301635742,-2.3901290893554688,0.4604256967147332
0005-0007-0003,False,,xử lý nước thải như thế nào,8.547591209411621,4.859208106994629,-3.688383102416992,0.37575518877298625
0005-0007-0004,True,không,xử lý nước thải như thế nào,8.3442964553833,7.191004753112793,-1.1532917022705078,0.5433503173063441
0005-0007-0005,True,những năm thập niên 1960 và 1970,xử lý nước thải như thế nào,8.567361831665039,5.07639741897583,-3.490964412689209,0.3882823919941793
0005-0007-0006,True,dội rửa nhà vệ sinh,Hồng Kông đang sử dụng một cách tích cực nước biển để dội rửa nhà vệ sinh trên phạm vi cả thành phố. Hơn 90% các nhà vệ sinh ở Hồng Kông được dội rửa bằng nước biển,8.216774940490723,6.261326789855957,-1.9554481506347656,0.48955525161711616
0005-0008-0001,True,"công nghệ của thiết bị bốc hơi chân không, thiết bị bốc hơi flash hay công nghệ thẩm thấu ngược","thiết bị bốc hơi chân không, thiết bị bốc hơi flash hay công nghệ thẩm thấu ngược",8.25503921508789,7.931663513183594,-0.3233757019042969,0.5979480093305788
0005-0008-0002,False,,"Nước biển chỉ có thể trở thành nước uống được nhờ các quy trình khử muối như sử dụng các công nghệ của thiết bị bốc hơi chân không, thiết bị bốc hơi flash hay công nghệ thẩm thấu ngược",8.588043212890625,5.698250770568848,-2.8897924423217773,0.42728414177868135
0005-0008-0003,True,khử muối,"Nước biển chỉ có thể trở thành nước uống được nhờ các quy trình khử muối như sử dụng các công nghệ của thiết bị bốc hơi chân không, thiết bị bốc hơi flash hay công nghệ thẩm thấu ngược",8.572072982788086,6.296374797821045,-2.275698184967041,0.468076101951431
0005-0008-0004,True,"các quy trình khử muối như sử dụng các công nghệ của thiết bị bốc hơi chân không, thiết bị bốc hơi flash hay công nghệ thẩm thấu ngược","Nước biển chỉ có thể trở thành nước uống được nhờ các quy trình khử muối như sử dụng các công nghệ của thiết bị bốc hơi chân không, thiết bị bốc hơi flash hay công nghệ thẩm thấu ngược",8.405824661254883,8.390643119812012,-0.015181541442871094,0.6176926641405631
0005-0009-0001,True,Kon-Tiki,bè Kon-Tiki,8.124398231506348,8.686326026916504,0.5619277954101562,0.6535986601556548
0005-0009-0002,True,2005,Bác sĩ người Pháp Alain Bombard (1924-2005,8.475313186645508,6.557621479034424,-1.917691707611084,0.49209166149323114
0005-0009-0003,False,,"Năm 1954, một nhà thám hiểm khác là William Willis (1897-1968",8.334127426147461,6.903187274932861,-1.4309401512145996,0.5247808632355979
0005-0009-0004,True,năm 1947,bè Kon-Tiki năm 1947,8.462730407714844,6.14331579208374,-2.3194146156311035,0.465151421810533
0005-0009-0005,True,Pháp,Bác sĩ người Pháp Alain Bombard (1924-2005) tuyên bố rằng ông đã sống sót sau chuyến vượt đại dương trên một bè mảng nhỏ chỉ sử dụng nước biển và các sản vật khác thu được từ đại dương,8.50438117980957,7.099452972412109,-1.404928207397461,0.5265242883667908
0005-0009-0006,True,2:3,tỷ lệ 2:3,7.592121601104736,9.306306838989258,1.7141852378845215,0.720033294438899
0006-0001-0001,True,một quần đảo,Thịnh vượng chung Puerto Rico,8.136484146118164,5.1100945472717285,-3.0263895988464355,0.4183237588065622
0006-0001-0002,True,phía đông,Puerto Rico,7.54149055480957,7.09638786315918,-0.4451026916503906,0.5900571669665157
0006-0001-0003,True,Hoa Kỳ,Puerto Rico,8.408917427062988,5.618570804595947,-2.790346622467041,0.43383800245892085
0006-0001-0004,False,,Puerto Rico,8.357036590576172,5.404688835144043,-2.952347755432129,0.42317439689201675
0006-0001-0005,False,,"Puerto Rico (phiên âm tiếng Việt: Pu-éc-tô Ri-cô), tên gọi chính thức là Thịnh vượng chung Puerto Rico",8.294794082641602,4.974217414855957,-3.3205766677856445,0.3992150111116246
0006-0001-0006,True,"phía đông bắc vùng biển Caribbean, phía đông nước Cộng hòa Dominicana và phía tây Quần đảo Virgin",Puerto Rico,8.233469009399414,5.703429222106934,-2.5300397872924805,0.4510974434204346
0006-0001-0007,True,"đảo Vieques, Culebra và Mona",Puerto Rico,8.386754989624023,4.4225053787231445,-3.964249610900879,0.35852799930913803
0006-0001-0008,True,Puerto Rico,Puerto Rico,7.583873748779297,6.3050642013549805,-1.2788095474243164,0.5349673344871192
0006-0001-0009,False,,Puerto Rico,8.399545669555664,5.179734230041504,-3.21981143951416,0.4057287866929677
0006-0001-0010,False,,Puerto Rico,7.4942121505737305,6.699230194091797,-0.7949819564819336,0.5671304141254297
0006-0002-0001,True,người Taino,Christopher Columbus đặt chân đến Puerto Rico trong chuyến hành trình thứ hai đến Tân thế giới. Hòn đảo này nhanh chóng được sáp nhập thành một thuộc địa của Đế chế Tây Ban Nha và những người dân da đỏ Taino,8.613222122192383,3.398874521255493,-5.21434760093689,0.2854084073431898
0006-0002-0002,True,người Taino,Christopher Columbus đặt chân đến Puerto Rico,8.596525192260742,3.488996982574463,-5.107528209686279,0.2913004325415522
0006-0002-0003,False,,Christopher Columbus đặt chân đến Puerto Rico,8.570074081420898,3.3874402046203613,-5.182633876800537,0.28715021450747336
0006-0002-0004,True,1898,Lịch sử của đất nước Puerto Rico,8.622257232666016,5.452714443206787,-3.1695427894592285,0.40899090937101507
0006-0002-0005,True,Đế chế Tây Ban Nha,Christopher Columbus đặt chân đến Puerto Rico trong chuyến hành trình thứ hai đến Tân thế giới. Hòn đảo này nhanh chóng được sáp nhập thành một thuộc địa của Đế chế Tây Ban Nha,8.593629837036133,3.5639147758483887,-5.029715061187744,0.29563729788800575
0006-0002-0006,True,Christopher Columbus,người châu Âu da trắng và các nô lệ da đen đến từ châu Phi,8.585891723632812,7.518446922302246,-1.0674448013305664,0.5490699721552852
0006-0002-0007,False,,người châu Âu da trắng và các nô lệ da đen đến từ châu Phi,8.601419448852539,6.918564319610596,-1.6828551292419434,0.5078715996849109
0006-0002-0008,True,1898,Người dân Puerto Rico có chính phủ riêng và có một ủy viên cư dân không có quyền biểu quyết (non-voting resident commissioner) tại Quốc hội Hoa Kỳ,8.496969223022461,3.4001498222351074,-5.0968194007873535,0.29189505423061807
0006-0003-0001,False,,việc trở thành tiểu bang của Hoa Kỳ như là một chọn lựa ưng ý (câu hỏi thứ hai),8.45339298248291,4.002220153808594,-4.451172828674316,0.32901451254179265
0006-0003-0002,True,không có tính ràng buộc về mật pháp lý về tình trạng chính trị của hòn đảo,Cuộc trưng cầu dân ý không có tính ràng buộc về mật pháp lý về tình trạng chính trị của hòn đảo,8.516931533813477,6.08021354675293,-2.436717987060547,0.457316071933626
0006-0003-0003,True,ngày 6 tháng 11 năm 2012,Cuộc trưng cầu dân ý không có tính ràng buộc về mật pháp lý về tình trạng chính trị của hòn đảo,8.410369873046875,5.467574596405029,-2.9427952766418457,0.4238013008823972
0006-0003-0004,False,,tình trạng chính trị của hòn đảo,8.630514144897461,6.120213508605957,-2.510300636291504,0.4524115826188228
0006-0003-0005,True,bốn lần,việc trở thành tiểu bang của Hoa Kỳ như là một chọn lựa ưng ý (câu hỏi thứ hai),8.715394020080566,3.4402108192443848,-5.275183200836182,0.2820849733245099
0006-0003-0006,True,cử tri Puerto Rico đã bác bỏ sít sao tình trạng chính trị hiện tại (câu hỏi thứ nhất) và chấp thuận áp đảo việc trở thành tiểu bang của Hoa Kỳ như là một chọn lựa ưng ý (câu hỏi thứ hai),Cuộc trưng cầu dân ý không có tính ràng buộc về mật pháp lý về tình trạng chính trị của hòn đảo mới nhất đã được tổ chức vào ngày 6 tháng 11 năm 2012. Kết quả là cử tri Puerto Rico đã bác bỏ sít sao tình trạng chính trị hiện tại,7.779512405395508,7.751136779785156,-0.028375625610351562,0.6168547861467807
0006-0003-0007,True,bốn lần,cử tri Puerto Rico đã bốn lần tham gia trưng cầu dân ý,8.321792602539062,5.384053707122803,-2.9377388954162598,0.4241332372829111
0006-0003-0008,True,"Tình trạng chính trị hiện nay của hòn đảo, bao gồm khả năng trở thành một tiểu bang của Hoa Kỳ hay được độc lập",tình trạng chính trị của hòn đảo,8.584189414978027,6.1332244873046875,-2.45096492767334,0.4563657973381618
0006-0004-0001,True,Giữa thế kỉ 4 và thế kỉ 10,"khỏang giữa năm 120 và 400 sau công nguyên, người Igneri",8.41894817352295,8.75704288482666,0.33809471130371094,0.6398534741668986
0006-0004-0002,True,2000 năm trước công nguyên,"người Ortoiroid, hay người Arcaico được phát hiện năm 1990 được xác định có niên đại 2000 năm trước công nguyên",8.934162139892578,3.2564163208007812,-5.677745819091797,0.2606961831972096
0006-0004-0003,True,những thổ dân da đỏ,thổ dân da đỏ,8.601604461669922,8.160025596618652,-0.44157886505126953,0.5902862697873467
0006-0004-0004,False,,Puerto Rico,8.937308311462402,2.957958221435547,-5.9793500900268555,0.24537640713833736
0006-0004-0005,True,nền văn hóa Taino,nền văn hóa Taino,8.915083885192871,8.588533401489258,-0.3265504837036133,0.5977428310447802
0006-0004-0006,True,Giữa thế kỉ 4 và thế kỉ 10,Giai đọan phát triển thịnh vượng của người Taino kéo dài cho đến khi người châu Âu phát kiến ra châu Mỹ năm 1492,8.89787769317627,5.98309850692749,-2.9147791862487793,0.42564133094744855
0006-0004-0007,True,làm nghề sắn bắt và đánh cá,bộ lạc Ortoiroid làm nghề sắn bắt và đánh cá,8.81313705444336,6.66722297668457,-2.145914077758789,0.4767709688355021
0006-0005-0001,True,San Juan Bautista,"""Borikén",8.191865921020508,4.328214645385742,-3.8636512756347656,0.3647705951934343
0006-0005-0002,True,lần thứ hai,Christopher Columbus trong chuyến thám hiểm lần thứ hai của mình đã phát hiện ra đảo Puerto Rico,8.281760215759277,4.345685958862305,-3.9360742568969727,0.360271689244406
0006-0005-0003,True,Juan Ponce de Leon,"""Borikén"", hay trong tiếng Tây Ban Nha là ""Boriquen""",7.451800346374512,7.226881980895996,-0.22491836547851562,0.6042937115489962
0006-0005-0004,False,,"""Borikén"", hay trong tiếng Tây Ban Nha là ""Boriquen""",7.115868091583252,6.677379131317139,-0.4384889602661133,0.5904871287901352
0006-0005-0005,False,,"""Borikén",7.787209987640381,5.008378982543945,-2.7788310050964355,0.43459846834358534
0006-0005-0006,True,tưởng niệm thánh John Baptist,"Columbus đã đặt cái tên mới cho hòn đảo là San Juan Bautista để tưởng niệm thánh John Baptist. Sau đó, hòn đảo được đổi tiên thành Puerto Rico",7.425253868103027,7.616589546203613,0.19133567810058594,0.6307134726674886
0006-0005-0007,False,,Puerto Rico,7.498064041137695,6.307308197021484,-1.190755844116211,0.5408505450929473
0006-0005-0008,True,năm 1493,"Columbus đã đặt cái tên mới cho hòn đảo là San Juan Bautista để tưởng niệm thánh John Baptist. Sau đó, hòn đảo được đổi tiên thành Puerto Rico",7.2647552490234375,7.7950439453125,0.5302886962890625,0.6516706225668653
0006-0005-0009,True,Borikén,"""Borikén",8.238222122192383,3.9575605392456055,-4.280661582946777,0.33921115386951783
0006-0006-0001,False,,Puerto Rico,8.722620964050293,4.639822959899902,-4.082798004150391,0.3512327189266015
0006-0006-0002,False,,Puerto Rico,8.613463401794434,5.661013603210449,-2.9524497985839844,0.42316770140057985
0006-0006-0003,False,,Puerto Rico,8.675704956054688,4.776174068450928,-3.8995308876037598,0.3625387486173508
0006-0006-0004,True,một pháo đài phòng thủ quan trọng,Puerto Rico,8.558599472045898,5.978270530700684,-2.580328941345215,0.4477525526724259
0006-0006-0005,True,"Pháp, Hà Lan và Anh","Pháp, Hà Lan và Anh",8.635232925415039,5.727016448974609,-2.9082164764404297,0.42607265396064736
0006-0006-0006,True,Người Tây Ban Nha,Puerto Rico,8.703691482543945,4.5327043533325195,-4.170987129211426,0.34585020236289693
0006-0006-0007,True,nô lệ da đen,Những người thổ dân Taino,8.678230285644531,6.679079532623291,-1.9991507530212402,0.4866200693721442
0006-0006-0008,True,bị giết trong những trận chiếm đẫm máu mà ưu thế thuộc về người Tây Ban Nha hay những bệnh dịch chết người,Dân số Taino sụt giảm nhanh chóng đã buộc người Tây Ban Nha phải buôn nô lệ da đen từ châu Phi sang làm việc. Puerto Rico,8.653684616088867,5.3449201583862305,-3.3087644577026367,0.3999767942067746
0006-0006-0009,True,bị người Tây Ban Nha bắt làm nô lệ,Puerto Rico,8.719697952270508,4.5644636154174805,-4.155234336853027,0.34680881094533095
0006-0007-0001,True,vua Ferdinand VII,Ủy ban Trung ương Tối cao tại Cadiz ra quyết định công nhận Puerto Rico là một tỉnh hải ngọai của Tây Ban Nha,7.827897071838379,9.030168533325195,1.2022714614868164,0.6914746195040974
0006-0007-0002,True,"Cuộc chiến tranh Iberia nổ ra giữa Tây Ban Nha, Bồ Đào Nha và Anh với quân Pháp",Puerto Rico,8.702352523803711,5.203390121459961,-3.49896240234375,0.3877718744760724
0006-0007-0003,True,gửi đại diện đến quốc hội Tây Ban Nha,Puerto Rico,8.378421783447266,6.9780592918396,-1.400362491607666,0.5268302355042935
0006-0007-0004,False,,đảo này có quyền gửi đại diện đến quốc hội Tây Ban Nha,8.218501091003418,7.315069198608398,-0.9034318923950195,0.5599603204978931
0006-0007-0005,True,góp phần nâng cao tính dân tộc của người dân hòn đảo,Puerto Rico,8.707379341125488,4.632828712463379,-4.074550628662109,0.35173805272727154
0006-0007-0006,True,Ủy ban Trung ương Tối cao tại Cadiz,đảo này có quyền gửi đại diện đến quốc hội Tây Ban Nha,8.380810737609863,6.765280723571777,-1.615530014038086,0.5123940243865065
0006-0007-0007,True,Năm 1809,Puerto Rico là một tỉnh hải ngọai của Tây Ban Nha,8.121321678161621,7.220860004425049,-0.9004616737365723,0.5601570422114263
0006-0007-0008,False,,Puerto Rico,8.712541580200195,5.149735927581787,-3.562805652618408,0.383705626202086
0006-0008-0001,True,Ramon Emeterio Betances,"người anh hùng Ramon Emeterio Betances, ""người cha"" của phong trào độc lập cho Puerto Rico",8.449309349060059,3.308929443359375,-5.140379905700684,0.2894807558852397
0006-0008-0002,True,mâu thuẫn chính trị và sự nghèo đói,"cuộc nổi dậy ""Grito de Lares"" nổ ra tại thị trấn Lares, được lãnh đạo bởi người anh hùng Ramon Emeterio Betances, ""người cha"" của phong trào độc lập cho Puerto Rico",8.55284309387207,2.6398277282714844,-5.913015365600586,0.24869309364356895
0006-0008-0003,False,,Luis Munoz Rivera cùng một số người khác đã thuyết phục thành công chính phủ Tây Ban Nha trao quy chế tự trị cho người dân Cuba và Puerto Rico,8.477607727050781,3.8287506103515625,-4.648857116699219,0.31739182542413613
0006-0008-0004,True,Puerto Rico và Cuba,Puerto Rico và Cuba,8.374101638793945,5.769843578338623,-2.6042580604553223,0.4461625909422155
0006-0008-0005,True,Grito de Lares,"cuộc nổi dậy ""Grito de Lares""",8.141307830810547,8.96178150177002,0.8204736709594727,0.6691611676023765
0006-0008-0006,True,nghèo đói,Luis Munoz Rivera cùng một số người khác đã thuyết phục thành công chính phủ Tây Ban Nha trao quy chế tự trị cho người dân Cuba và Puerto Rico,8.624373435974121,2.375758171081543,-6.248615264892578,0.23222228501890543
0006-0008-0007,False,,Puerto Rico và Cuba,8.42838191986084,5.004525184631348,-3.423856735229492,0.3925754897678969
0006-0008-0008,False,,"cuộc nổi dậy ""Grito de Lares""",8.50866985321045,5.616888999938965,-2.8917808532714844,0.4271533498821997
0006-0008-0009,True,Luis Munoz Rivera,Luis Munoz Rivera cùng một số người khác đã thuyết phục thành công chính phủ Tây Ban Nha trao quy chế tự trị cho người dân Cuba và Puerto Rico,8.508678436279297,3.9937386512756348,-4.514939785003662,0.3252415900498862
0006-0009-0001,True,thanh niên,Puerto Rico,8.583494186401367,2.267885208129883,-6.315608978271484,0.22902701070485834
0006-0009-0002,True,Đạo luật Foraker,Đạo luật Jones-Shafroth,8.605506896972656,3.8058395385742188,-4.7996673583984375,0.3086747352686118
0006-0009-0003,False,,Puerto Rico,8.587597846984863,2.586331367492676,-6.0012664794921875,0.2442871872494158
0006-0009-0004,True,hạ viện,Puerto Rico có đầy đủ một quốc hội lưỡng viện,8.292641639709473,6.711182594299316,-1.5814590454101562,0.5146819443308374
0006-0009-0005,False,,Đạo luật Jones-Shafroth,8.570642471313477,3.225494384765625,-5.345148086547852,0.27829200037872204
0006-0009-0006,True,Đạo luật Jones-Shafroth,Đạo luật Jones-Shafroth,6.721048355102539,9.992148399353027,3.2711000442504883,0.796268188211605
0006-0009-0007,True,thống đốc,"Puerto Rico có đầy đủ một quốc hội lưỡng viện của riêng mình. Với quyền công dân Mỹ, nhiều thanh niên Puerto Rico",8.566429138183594,1.7479277849197388,-6.818501353263855,0.20603507992346726
0006-0009-0008,True,Mỹ,Puerto Rico nằm dưới sự cai trị của quân đội Mỹ,8.57950496673584,3.2401108741760254,-5.3393940925598145,0.2786027539350398
0006-0009-0009,False,,"Puerto Rico có đầy đủ một quốc hội lưỡng viện của riêng mình. Với quyền công dân Mỹ, nhiều thanh niên Puerto Rico",8.626899719238281,1.6483888626098633,-6.978510856628418,0.19908801990595887
0006-0010-0001,True,Ngày 30 tháng 10 năm 1950,"Những thập niên đầu tiên dưới sự cai trị của Mỹ, nhiều thảm họa tự nhiên liên tiếp xảy ra như động đất, sóng thần, các cơn bão nhiệt đới cũng như cuộc Đại khủng hỏang 1929",8.571195602416992,4.46851921081543,-4.1026763916015625,0.3500161001138386
0006-0010-0002,True,cuộc Đại khủng hỏang 1929,"động đất, sóng thần, các cơn bão nhiệt đới cũng như cuộc Đại khủng hỏang 1929",8.72574234008789,5.816100597381592,-2.909641742706299,0.42597897115750893
0006-0010-0003,True,tổng thống Harry Truman,tổng thống Harry Truman,8.695723533630371,2.6410365104675293,-6.054687023162842,0.24164598198415443
0006-0010-0004,False,,"nhiều thảm họa tự nhiên liên tiếp xảy ra như động đất, sóng thần, các cơn bão nhiệt đới cũng như cuộc Đại khủng hỏang 1929",8.746733665466309,3.4381661415100098,-5.308567523956299,0.28027121336301936
0006-0010-0005,False,,"động đất, sóng thần, các cơn bão nhiệt đới cũng như cuộc Đại khủng hỏang 1929",8.576532363891602,7.494297027587891,-1.082235336303711,0.5480854159989611
0006-0010-0006,True,"động đất, sóng thần, các cơn bão nhiệt đới","nhiều thảm họa tự nhiên liên tiếp xảy ra như động đất, sóng thần, các cơn bão nhiệt đới cũng như cuộc Đại khủng hỏang 1929",8.712235450744629,3.352954864501953,-5.359280586242676,0.27752965692505566
0006-0010-0007,True,Pedro Albizu Campos,"Ngày 30 tháng 10 năm 1950, Pedro Albizu Campos, lãnh đạo Đảng Dân tộc Puerto Rico đã phát động cuộc khởi nghĩa Jayuya chống Mỹ",8.58995246887207,4.127115726470947,-4.462836742401123,0.32832272145434055
0006-0010-0008,False,,"Hoa Kỳ tuyên bố tình trạng thiết quân luật và chấm dứt cuộc khởi nghĩa sau 3 ngày với việc sử dụng nhiều bộ binh, pháo binh và máy bay ném bom vào thị trấn Jayuya",8.659631729125977,3.4120514392852783,-5.247580289840698,0.2835900001890421
0006-0010-0009,True,Harry Truman,tổng thống Harry Truman,8.662931442260742,4.983919620513916,-3.679011821746826,0.37634624688968243
0006-0011-0001,True,ngày 3 tháng 7,Hiến pháp địa phương của Puerto Rico,7.8408050537109375,5.370917797088623,-2.4698872566223145,0.45510416523061664
0006-0011-0002,True,Năm 1947,thống đốc Munoz Marin,8.359339714050293,3.5375783443450928,-4.8217613697052,0.30740883582167783
0006-0011-0003,True,Luis Munoz Marin,Munoz Marin,7.838715553283691,9.165929794311523,1.327214241027832,0.6985931355436926
0006-0011-0004,False,,Năm 1947,8.213268280029297,3.59157657623291,-4.621691703796387,0.31897597683115897
0006-0011-0005,True,Năm 1950,Puerto Rico tổ chức cuộc trưng cầu ý dân về quyền thành lập hiến pháp,7.613163471221924,5.621686935424805,-1.9914765357971191,0.48713542903265905
0006-0011-0006,False,,"Puerto Rico chính thức có bản hiến pháp của riêng mình và nước này phê chuẩn tên gọi Estado Libre Asociado, tạm dịch là ""Thịnh vượng chung""",8.266535758972168,3.809560775756836,-4.456974983215332,0.3286702916841495
0006-0011-0007,True,thống đốc,thống đốc Munoz Marin,7.70796012878418,8.709053039550781,1.0010929107666016,0.6798200073417121
0006-0011-0008,False,,Hiến pháp địa phương của Puerto Rico,7.869744300842285,4.8603715896606445,-3.0093727111816406,0.419437209813163
0006-0012-0001,False,,Quốc hội Hoa Kỳ,8.179872512817383,8.20919418334961,0.029321670532226562,0.6205136170574107
0006-0012-0002,True,Anibal Acevedo Vila,Thấm phán trưởng Tòa án Tối cao Puerto Rico,8.246335983276367,5.562855243682861,-2.683480739593506,0.44090669762445134
0006-0012-0003,False,,"hệ thống tam quyền phân lập gồm ba nhánh: lập pháp, hành pháp và tư pháp",7.289912223815918,8.520087242126465,1.2301750183105469,0.6930724731432134
0006-0012-0004,False,,Thấm phán trưởng Tòa án Tối cao Puerto Rico,8.424238204956055,4.327409744262695,-4.096828460693359,0.35037380985380673
0006-0012-0005,True,tổng thống Mỹ,tổng thống Mỹ,8.399754524230957,4.8761820793151855,-3.5235724449157715,0.38620254673035304
0006-0012-0006,True,ba nhánh,"hệ thống tam quyền phân lập gồm ba nhánh: lập pháp, hành pháp và tư pháp",7.779258728027344,8.18480396270752,0.4055452346801758,0.6440209105478913
0006-0012-0007,True,không phải là một tiểu bang của Hoa Kỳ,Puerto Rico thiếu sự bảo vệ tòan phần từ Hiến pháp Hoa Kỳ vì không phải là một tiểu bang của Hoa Kỳ,8.022113800048828,7.3273844718933105,-0.6947293281555176,0.573733701384767
0006-0012-0008,True,Puerto Rico,Thấm phán trưởng Tòa án Tối cao Puerto Rico,8.401617050170898,4.444969177246094,-3.9566478729248047,0.35899808246358983
0006-0012-0009,False,,Thấm phán trưởng Tòa án Tối cao Puerto Rico,8.185348510742188,5.8422698974609375,-2.34307861328125,0.4635692589522332
0006-0013-0001,False,,"Đảng Dân chủ Nhân dân Puerto Rico (PPD) muốn duy trì hiện trạng Puerto Rico với vai trò hiện nay là một lãnh thổ thịnh vượng chung thuộc Hoa Kỳ. Đảng thứ hai, Đảng Cấp tiến Mới Puerto Rico (PNP)",8.494873046875,4.6287946701049805,-3.8660783767700195,0.36461943565538807
0006-0013-0002,True,duy trì hiện trạng Puerto Rico với vai trò hiện nay là một lãnh thổ thịnh vượng chung thuộc Hoa Kỳ,Đảng Dân chủ Nhân dân Puerto Rico,8.57675838470459,4.590673446655273,-3.9860849380493164,0.357179240276335
0006-0013-0003,False,,Đảng Dân chủ Nhân dân Puerto Rico,8.667950630187988,3.2856810092926025,-5.382269620895386,0.2762923206877632
0006-0013-0004,True,Đảng Độc lập Puerto Rico (PIP),"Đảng Dân chủ Nhân dân Puerto Rico (PPD) muốn duy trì hiện trạng Puerto Rico với vai trò hiện nay là một lãnh thổ thịnh vượng chung thuộc Hoa Kỳ. Đảng thứ hai, Đảng Cấp tiến Mới Puerto Rico (PNP)",8.456124305725098,4.945860862731934,-3.510263442993164,0.38705094090778086
0006-0013-0005,False,,"Đảng Dân chủ Nhân dân Puerto Rico (PPD) muốn duy trì hiện trạng Puerto Rico với vai trò hiện nay là một lãnh thổ thịnh vượng chung thuộc Hoa Kỳ. Đảng thứ hai, Đảng Cấp tiến Mới Puerto Rico (PNP)",8.532424926757812,4.61266565322876,-3.9197592735290527,0.36128306712735436
0006-0013-0006,False,,"Đảng Dân chủ Nhân dân Puerto Rico (PPD) muốn duy trì hiện trạng Puerto Rico với vai trò hiện nay là một lãnh thổ thịnh vượng chung thuộc Hoa Kỳ. Đảng thứ hai, Đảng Cấp tiến Mới Puerto Rico",8.679941177368164,2.4511663913726807,-6.228774785995483,0.23317452580185766
0006-0013-0007,True,Đảng Cấp tiến Mới Puerto Rico (PNP),"Đảng Dân chủ Nhân dân Puerto Rico (PPD) muốn duy trì hiện trạng Puerto Rico với vai trò hiện nay là một lãnh thổ thịnh vượng chung thuộc Hoa Kỳ. Đảng thứ hai, Đảng Cấp tiến Mới Puerto Rico (PNP)",8.521167755126953,4.171930313110352,-4.349237442016602,0.33509167649927857
0006-0013-0008,True,3 đảng phái chính,Đảng Dân chủ Nhân dân Puerto Rico,8.672115325927734,3.2374465465545654,-5.434668779373169,0.27348482911912714
0006-0013-0009,True,giữ nguyên hiện trạng chính trị,"Đảng Dân chủ Nhân dân Puerto Rico (PPD) muốn duy trì hiện trạng Puerto Rico với vai trò hiện nay là một lãnh thổ thịnh vượng chung thuộc Hoa Kỳ. Đảng thứ hai, Đảng Cấp tiến Mới Puerto Rico",8.66619873046875,2.7270116806030273,-5.939187049865723,0.24738095583024694
0006-0014-0001,False,,Puerto Rico,8.347872734069824,5.15846061706543,-3.1894121170043945,0.4077005386450168
0006-0014-0002,True,ấm áp quanh năm,Miền nam Puerto Rico,8.426889419555664,4.113626956939697,-4.313262462615967,0.3372496757666871
0006-0014-0003,True,vùng cao nguyên và đồi núi,Puerto Rico,8.279486656188965,5.408872604370117,-2.8706140518188477,0.42854615995117545
0006-0014-0004,False,,Miền nam Puerto Rico,8.605743408203125,4.301752090454102,-4.303991317749023,0.3378069210635621
0006-0014-0005,True,khỏang 26 °C (80 °F),Miền nam Puerto Rico,8.456069946289062,4.920411109924316,-3.535658836364746,0.3854326870911465
0006-0014-0006,False,,Miền nam Puerto Rico,8.453678131103516,3.7348451614379883,-4.718832969665527,0.3133306748510992
0006-0014-0007,True,khí hậu nhiệt đới,Miền nam Puerto Rico,8.510163307189941,4.033527374267578,-4.476635932922363,0.3275052476656889
0006-0014-0008,True,những cơn bão từ Đại Tây Dương,Miền nam Puerto Rico,8.506586074829102,4.262423515319824,-4.244162559509277,0.3414137345533642
0006-0015-0001,True,hiện là một trong các nước có thu nhập bình quân đầu người cao nhất châu Mỹ,Kinh tế Puerto Rico,8.704771041870117,2.4065113067626953,-6.298259735107422,0.22985151016053734
0006-0015-0002,True,cuộc Đại Khủng hỏang 1929 từ nước Mỹ,Kinh tế Puerto Rico,8.768457412719727,2.5446646213531494,-6.223792791366577,0.23341406226577685
0006-0015-0003,True,được chính phủ Mỹ miễn thuế,Puerto Rico,8.598020553588867,2.6677334308624268,-5.93028712272644,0.2478266386084031
0006-0015-0004,True,ngành trồng và xuất khẩu mía đường,ngành trồng và xuất khẩu mía đường,8.74630355834961,4.009291172027588,-4.7370123863220215,0.31228023967483254
0006-0015-0005,True,thập niên 1940,nền kinh tế nông nghiệp sang nền kinh tế công nghiệp đa dạng,8.425342559814453,6.479724884033203,-1.94561767578125,0.4902155987268371
0006-0016-0001,False,,Mỹ,8.470712661743164,5.400454044342041,-3.070258617401123,0.4154571775348331
0006-0016-0002,True,cuộc khủng hỏang ngân qũy trầm trọng,nhiều cơ quan chính phủ và 1536 trường công phải đóng cửa,8.50705337524414,4.3821120262146,-4.124941349029541,0.34865572986114307
0006-0016-0003,True,giá nhân công rẻ,Mỹ,8.457515716552734,5.349099159240723,-3.1084165573120117,0.41296841836479703
0006-0016-0004,True,Tình trạng kinh tế khó khăn giữa các cuộc khủng hỏang kinh tế,"người dân Puerto Rico có chiều hướng di dân ra nước ngòai, đặc biệt là tới Mỹ",8.539003372192383,4.933570861816406,-3.6054325103759766,0.3809996609479013
0006-0016-0005,True,năm 2007,"Tình trạng kinh tế khó khăn giữa các cuộc khủng hỏang kinh tế khiến người dân Puerto Rico có chiều hướng di dân ra nước ngòai, đặc biệt là tới Mỹ",8.602886199951172,2.0339138507843018,-6.56897234916687,0.21722383628678796
0006-0016-0006,False,,"Puerto Rico rơi vào tình trạng suy giảm kinh tế. Nếu như năm 2006, mức tăng GDP còn ở mức 0,5% thì đến năm 2007 xuống còn -1,8%, năm 2008 xuống đến -2%",8.553031921386719,2.6350483894348145,-5.917983531951904,0.24844365310361888
0006-0016-0007,True,gần 96 000 người bị cho nghỉ việ,"nhiều cơ quan chính phủ và 1536 trường công phải đóng cửa, gần 96 000 người bị cho nghỉ việc",8.313457489013672,7.599723815917969,-0.7137336730957031,0.5724838956014405
0006-0016-0008,False,,Puerto Rico diễn ra cuộc khủng hỏang ngân qũy trầm trọng,8.514974594116211,3.5168099403381348,-4.998164653778076,0.2974063755435449
0006-0017-0001,True,"Nhiều khách sạn, các khu nghỉ dưỡng, trung tâm hội thảo lớn",Du lịch,8.602987289428711,4.334877967834473,-4.268109321594238,0.33996785722875844
0006-0017-0002,True,"các ngành hóa dầu, dược phẩm và khoa học công nghệ",Du lịch,8.424474716186523,6.088593482971191,-2.335881233215332,0.4640503959962001
0006-0017-0003,True,năm 2007,"Du lịch là một trong những ngành dịch vụ chủ đạo của Puerto Rico với việc nước này đón tiếp 5,9 triệu lượt du khách vào năm 2007",8.563018798828125,6.011839866638184,-2.5511789321899414,0.4496908557719061
0006-0017-0004,True,nông nghiệp,Du lịch,8.461686134338379,6.028634548187256,-2.433051586151123,0.45756067235900055
0006-0017-0005,True,ngành chăn nuôi lấy sản phẩm từ thịt và sữa,Du lịch,8.538461685180664,5.754299640655518,-2.7841620445251465,0.43424637980417347
0006-0017-0006,False,,Du lịch,8.436962127685547,6.077801704406738,-2.3591604232788086,0.4624944537878306
0006-0018-0001,False,,Puerto Rico vào nhóm các nước có thu nhập bình quân cao,8.421518325805664,4.117921829223633,-4.303596496582031,0.33783066193634215
0006-0018-0002,True,"0,942 điểm",Chỉ số Phát triển Con người của Puerto Rico,7.8283491134643555,7.53176212310791,-0.2965869903564453,0.5996779251987984
0006-0018-0003,True,19.600 USD,"thu nhập bình quân của nước này là 19.600 USD, tuy nhiên vẫn còn thua nếu so với bang nghèo nhất của nước Mỹ là Mississippi với thu nhập 24.062 USD. Tỉ lệ thất nghiệp của Puerto Rico",8.526905059814453,3.7497878074645996,-4.7771172523498535,0.3099697369237146
0006-0018-0004,True,"11,7%",Tỉ lệ thất nghiệp của Puerto Rico,8.543657302856445,2.4658055305480957,-6.07785177230835,0.240506741855028
0006-0018-0005,True,Cuba và Cộng hòa Dominicana,Puerto Rico vẫn là một trong những nền kinh tế phát triển nhất khu vực Mỹ Latinh. Puerto Rico là một trong những đầu tàu kinh tế vùng Caribbean cùng với Cuba và Cộng hòa Dominicana,8.644583702087402,3.6804375648498535,-4.964146137237549,0.2993206655243169
0006-0018-0006,True,Ngân hàng Thế giới,Puerto Rico vào nhóm các nước có thu nhập bình quân cao,8.421282768249512,5.069463729858398,-3.3518190383911133,0.3972025127692751
0006-0018-0007,False,,Chỉ số Phát triển Con người của Puerto Rico,7.938833713531494,7.474451065063477,-0.4643826484680176,0.5888029842485084
0006-0018-0008,False,,Puerto Rico vào nhóm các nước có thu nhập bình quân cao,8.284025192260742,6.916664123535156,-1.367361068725586,0.5290410369433526
0006-0019-0001,True,Người da đen,Chủ yếu người da trắng tại Puerto Rico có tổ tiên là người Tây Ban Nha,8.418367385864258,7.0364837646484375,-1.3818836212158203,0.5280682904683115
0006-0019-0002,True,người da đỏ châu Mỹ,Chủ yếu người da trắng tại Puerto Rico có tổ tiên là người Tây Ban Nha,8.581024169921875,5.00430965423584,-3.576714515686035,0.38282188662547745
0006-0019-0003,True,để được cấp đất,Chủ yếu người da trắng,8.56566047668457,4.34442663192749,-4.22123384475708,0.34280091284969805
0006-0019-0004,True,Thế kỉ 19,"Cuộc thống kê điều tra dân số năm 1858 đã cho thấy tỉ lệ chủng tộc tại Puerto Rico như sau: 300.430 người da trắng, 341.015 người da màu tự do và 41.736 nô lệ",8.597490310668945,4.7339606285095215,-3.863529682159424,0.36477816872087376
0006-0019-0005,True,người Tây Ban Nha,Chủ yếu người da trắng tại Puerto Rico có tổ tiên là người Tây Ban Nha,8.64870834350586,7.272283554077148,-1.376424789428711,0.5284339581623152
0006-0019-0006,False,,Chủ yếu người da trắng tại Puerto Rico có tổ tiên là người Tây Ban Nha,8.738818168640137,5.364580154418945,-3.3742380142211914,0.3957605152433043
0006-0019-0007,False,,"người da đỏ châu Mỹ, sau đó được tiếp nối bởi người da trắng gốc châu Âu và người da đen gốc châu Phi",8.653485298156738,5.299189567565918,-3.3542957305908203,0.3970431226788131
0006-0020-0001,True,Đạo Tin lành,Đạo Tin lành,8.395401954650879,6.864173412322998,-1.5312285423278809,0.5180538531726225
0006-0020-0002,False,,Đạo Tin lành bị đàn áp nhưng lại được khuyến khích khi gia nhập nước Mỹ,7.865394592285156,8.998760223388672,1.1333656311035156,0.6875091992418456
0006-0020-0003,False,,Đạo Tin lành,8.087563514709473,8.80411434173584,0.7165508270263672,0.6629478639947399
0006-0020-0004,False,,Đạo Tin lành,8.641919136047363,3.1474108695983887,-5.494508266448975,0.27030053940747667
0006-0020-0005,True,Công giáo Rôma,Công giáo Rôma,8.501341819763184,6.4033074378967285,-2.098034381866455,0.47998250248522056
0006-0020-0006,True,Dưới sự cai trị của người Tây Ban Nha,Đạo Tin lành bị đàn áp nhưng lại được khuyến khích khi gia nhập nước Mỹ,8.289118766784668,8.308398246765137,0.01927947998046875,0.6198777700837759
0006-0020-0007,True,tôn giáo chủ yếu,Công giáo Rôma là tôn giáo lớn lâu đời nhất tại Puerto Rico,8.646810531616211,2.7858474254608154,-5.8609631061553955,0.2513165808891588
0006-0020-0008,True,plaza,Đạo Tin lành,8.683942794799805,2.4144153594970703,-6.269527435302734,0.2312215485425385
0006-0021-0001,False,,Người Taino,8.96505069732666,5.6836700439453125,-3.2813806533813477,0.4017446634095928
0006-0021-0002,True,Trường Đại học Puerto Rico,Trường Đại học Puerto Rico,9.004133224487305,5.2892746925354,-3.7148585319519043,0.37408735459677517
0006-0021-0003,True,Người Tây Ban Nha,"Dòng văn hóa thứ tư đến từ nước Mỹ với tiếng Anh, hệ thống giáo dục đại học và các giá trị văn hóa hiện đại thể hiện trong điện ảnh, âm nhạc. Năm 1903, Trường Đại học Puerto Rico",8.925333976745605,5.013298034667969,-3.9120359420776367,0.3617622720155744
0006-0021-0004,True,Người Taino,Người Taino,8.960511207580566,6.9765729904174805,-1.983938217163086,0.4876416891035404
0006-0021-0005,False,,Người da đen gốc châu Phi,6.471475601196289,10.851146697998047,4.379671096801758,0.8403882672402974
0006-0021-0006,True,Người da đen gốc châu Phi,Người da đen gốc châu Phi,5.184107780456543,10.922536849975586,5.738429069519043,0.883536972943437
0006-0021-0007,True,"văn hóa Taino bản địa, văn hóa Tây Ban Nha, văn hóa Châu Phi và văn hóa Mỹ","văn hóa Taino bản địa, văn hóa Tây Ban Nha, văn hóa Châu Phi và văn hóa Mỹ",7.860561847686768,10.615923881530762,2.755362033843994,0.7728543503627079
0006-0021-0008,False,,"Dòng văn hóa thứ tư đến từ nước Mỹ với tiếng Anh, hệ thống giáo dục đại học và các giá trị văn hóa hiện đại thể hiện trong điện ảnh, âm nhạc. Năm 1903, Trường Đại học Puerto Rico",8.959065437316895,4.624319076538086,-4.334746360778809,0.33596011748562227
0006-0022-0001,False,,"Puerto Rico đã từng giành được 6 huy chương (1 bạc, 5 đồng) trong lịch sử tham dự các kỳ Thế vận hội, lần đầu tiên vào năm 1948 với chiếc huy chương đồng môn quyền anh",8.170059204101562,5.958364963531494,-2.2116942405700684,0.4723619442265383
0006-0022-0002,True,"6 huy chương (1 bạc, 5 đồng)","Thế vận hội Mùa hè, Thế vận hội Mùa đông, Đại hội Thể thao châu Mỹ (Pan American Games), Đại hội Thể thao Trung Mỹ và Caribbean",8.486928939819336,4.919961929321289,-3.566967010498047,0.38344114153660164
0006-0022-0003,False,,"Thế vận hội Mùa hè, Thế vận hội Mùa đông, Đại hội Thể thao châu Mỹ (Pan American Games), Đại hội Thể thao Trung Mỹ và Caribbean",8.497598648071289,5.344450950622559,-3.1531476974487305,0.41005659912744863
0006-0022-0004,False,,"Thế vận hội Mùa hè, Thế vận hội Mùa đông, Đại hội Thể thao châu Mỹ (Pan American Games), Đại hội Thể thao Trung Mỹ và Caribbean",8.419488906860352,6.980866432189941,-1.4386224746704102,0.5242658455214526
0006-0022-0005,True,Juan Evangelista Venegas,"Puerto Rico đã từng giành được 6 huy chương (1 bạc, 5 đồng) trong lịch sử tham dự các kỳ Thế vận hội, lần đầu tiên vào năm 1948 với chiếc huy chương đồng môn quyền anh",8.176494598388672,6.087173938751221,-2.089320659637451,0.48056716174963954
0006-0022-0006,True,Bóng chày,"Quyền anh, bóng rổ và bóng chuyền",8.505456924438477,6.664493560791016,-1.840963363647461,0.49724724963676364
0006-0022-0007,True,mùa đông,"Thế vận hội Mùa hè, Thế vận hội Mùa đông, Đại hội Thể thao châu Mỹ (Pan American Games), Đại hội Thể thao Trung Mỹ và Caribbean",8.486078262329102,5.185094356536865,-3.3009839057922363,0.40047883562326214
0006-0022-0008,False,,"Quyền anh, bóng rổ và bóng chuyền",8.535653114318848,5.224613189697266,-3.311039924621582,0.3998300089683663
0006-0022-0009,False,,quyền anh,8.326204299926758,5.953174591064453,-2.3730297088623047,0.4615677990665876
0006-0022-0010,True,môn quyền anh,quyền anh,8.404603958129883,5.4027485847473145,-3.0018553733825684,0.4199293472170489
0007-0001-0001,False,,Nam Ossetia,8.430490493774414,5.567330360412598,-2.8631601333618164,0.4290369107711899
0007-0001-0002,False,,Nam Ossetia,8.584436416625977,5.439446449279785,-3.1449899673461914,0.4105871714279813
0007-0001-0003,True,Chính phủ Gruzia phản ứng lại bằng cách bãi bỏ quyền tự trị của Nam Ossetia và cố gắng chiếm lại khu vực bằng vũ lực,Nam Ossetia,8.578899383544922,5.151400089263916,-3.427499294281006,0.3923420300379819
0007-0001-0004,True,Nam Kavkaz,Nam Ossetia,8.368247985839844,6.596590042114258,-1.771657943725586,0.5019046047413185
0007-0001-0005,True,Nga,Nga công nhận độc lập cho Nam Ossetia và Abkhazia,8.21847915649414,7.72126579284668,-0.49721336364746094,0.5866646599979091
0007-0001-0006,True,Chính phủ Gruzia phản ứng lại bằng cách bãi bỏ quyền tự trị của Nam Ossetia và cố gắng chiếm lại khu vực bằng vũ lực,Nam Ossetia,8.626192092895508,5.6855926513671875,-2.9405994415283203,0.42394544250355576
0007-0001-0007,False,,Nam Ossetia,8.587333679199219,6.243136405944824,-2.3441972732543945,0.4634944838145463
0007-0001-0008,True,Cộng hòa Xã hội chủ nghĩa Xô viết Gruzia,Nam Ossetia,8.485209465026855,6.517949104309082,-1.9672603607177734,0.48876183289231806
0007-0001-0009,True,đầu thập niên 1990,Nam Ossetia,8.47391128540039,5.679838180541992,-2.7940731048583984,0.43359198033736235
0007-0002-0001,False,,người Ossetia (các thành viên cũ của chính phủ ly khai) có thể đàm phán với các chính quyền trung ương Gruzia,8.601669311523438,5.045526504516602,-3.556142807006836,0.3841292419209891
0007-0002-0002,True,"Nga, Venezuela, Nicaragua, và Nauru","189 trên tổng số 193 quốc gia thành viên của Liên Hiệp Quốc (ngọai trừ Nga, Venezuela, Nicaragua, và Nauru) không công nhận Nam Ossetia",8.600374221801758,6.046167373657227,-2.5542068481445312,0.44948944513984235
0007-0002-0003,True,tháng 4 năm 2007,Cơ quan hành chính lâm thời thực thể Nam Ossetia,8.093545913696289,6.7642645835876465,-1.3292813301086426,0.5315906196907327
0007-0002-0004,False,,Cơ quan hành chính lâm thời,8.020414352416992,7.052920341491699,-0.967494010925293,0.5557129133280474
0007-0002-0005,True,các thành viên cũ của chính phủ ly khai,người Ossetia,8.333717346191406,6.474498748779297,-1.8592185974121094,0.4960205362558739
0007-0002-0006,False,,"189 trên tổng số 193 quốc gia thành viên của Liên Hiệp Quốc (ngọai trừ Nga, Venezuela, Nicaragua, và Nauru) không công nhận Nam Ossetia",8.79066276550293,3.168253183364868,-5.6224095821380615,0.26357320699640957
0007-0002-0007,True,"Nga, Venezuela, Nicaragua, và Nauru","189 trên tổng số 193 quốc gia thành viên của Liên Hiệp Quốc (ngọai trừ Nga, Venezuela, Nicaragua, và Nauru) không công nhận Nam Ossetia",8.448649406433105,7.171935081481934,-1.2767143249511719,0.5351074440896875
0007-0002-0008,True,Gruzia,"189 trên tổng số 193 quốc gia thành viên của Liên Hiệp Quốc (ngọai trừ Nga, Venezuela, Nicaragua, và Nauru) không công nhận Nam Ossetia mà vẫn tiếp tục xem lãnh thổ này là một bộ phận của Gruzia",8.742345809936523,2.9490721225738525,-5.793273687362671,0.2547555896027324
0007-0002-0009,True,có thể đàm phán với các chính quyền trung ương Gruzia về tình trạng cuối cùng của vùng cũng như giải pháp cho cuộc xung đột,"Gruzia vẫn giữ quyền kiểm sóat với các khu vực phía đông và phía nam của vùng này, nơi mà vào tháng 4 năm 2007, họ đã lập ra một Cơ quan hành chính lâm thời thực thể Nam Ossetia",8.271795272827148,7.0763444900512695,-1.195450782775879,0.5405371305122283
0007-0003-0001,True,Gruzia,"nước cộng hòa độc lập này, được cai quản bởi một chính phủ ly khai",8.572677612304688,6.137004375457764,-2.435673236846924,0.4573857693521865
0007-0003-0002,True,thiếu sự tham gia của cộng đồng người Gruzia và cũng không được chính phủ tại Tbilisi công nhận,"cuộc trưng cầu này không được Liên hiệp quốc, Liên minh châu Âu, OSCE, NATO và Liên bang Nga công nhận, vì thiếu sự tham gia của cộng đồng người Gruzia",8.651851654052734,5.233881950378418,-3.4179697036743164,0.3929529065412847
0007-0003-0003,True,ngày 12 tháng 11 năm 2006,cuộc trưng cầu dân ý đầu tiên vào năm 1992,8.294291496276855,7.772853851318359,-0.5214376449584961,0.5850847855274645
0007-0003-0004,False,,cuộc trưng cầu dân ý,8.574699401855469,7.342354774475098,-1.232344627380371,0.5380731541860019
0007-0003-0005,True,Tổ chức Hiệp ước Bắc Đại Tây Dương,cuộc trưng cầu dân ý,8.58006477355957,5.551535129547119,-3.028529644012451,0.41818378976908976
0007-0003-0006,False,,phong trào đối lập Ossetia (Liên minh Bảo vệ Nam Ossetia,8.59824275970459,5.536734104156494,-3.0615086555480957,0.41602848581910357
0007-0003-0007,True,Dmitri Sanakoev,Dmitri Sanakoev lên làm tổng thống Nam Ossetia,8.470322608947754,4.890395164489746,-3.579927444458008,0.3826178538230022
0007-0003-0008,True,Dmitri Sanakoev,"phong trào đối lập Ossetia (Liên minh Bảo vệ Nam Ossetia) tại Kokoity, tự tổ chức cuộc bầu cử của riêng mình, trong đó cả người Gruzia và một số người Ossetia trong vùng ủng hộ Dmitri Sanakoev",8.630773544311523,5.455731391906738,-3.175042152404785,0.40863363875928704
0007-0004-0001,True,Nga,Bắc Ossetia,7.096770763397217,9.133947372436523,2.0371766090393066,0.7371965462852995
0007-0004-0002,False,,"Digor ở phía tây rơi vào vùng ảnh hưởng của người Kabard láng giềng, và theo Đạo Hồi",8.516609191894531,6.594425201416016,-1.9221839904785156,0.4917898541234338
0007-0004-0003,True,Sarmatia,"Iron ở phía bắc ngày nay trở thành Bắc Ossetia, dưới quyền cai quản của Nga từ năm 1767. Đa số người dân Ossetia hiện là tín đồ Thiên chúa giáo",8.721399307250977,3.338046073913574,-5.383353233337402,0.2762340817729812
0007-0004-0004,True,ba,Digor,8.72208023071289,3.7164604663848877,-5.005619764328003,0.29698780589350543
0007-0004-0005,False,,"Digor ở phía tây rơi vào vùng ảnh hưởng của người Kabard láng giềng, và theo Đạo Hồi",8.541425704956055,6.116228103637695,-2.4251976013183594,0.4580847121511239
0007-0004-0006,True,Đạo Hồi,Đạo Hồi,7.504066467285156,8.71776008605957,1.213693618774414,0.6921292485803802
0007-0004-0007,False,,"họ bị đẩy khỏi quê hương và phải di cư về phía nam sông Đông tại vùng ngày nay thuộc nước Nga và một phần phải di cư về phía vùng đồi núi Kavkaz, tới Gruzia",8.432794570922852,7.046283721923828,-1.3865108489990234,0.5277583053599729
0007-0004-0008,True,Thiên chúa giáo,Đa số người dân Ossetia hiện là tín đồ Thiên chúa giáo,8.335430145263672,6.528003692626953,-1.8074264526367188,0.4995009352715314
0007-0004-0009,True,phía nam sông Đông,"họ bị đẩy khỏi quê hương và phải di cư về phía nam sông Đông tại vùng ngày nay thuộc nước Nga và một phần phải di cư về phía vùng đồi núi Kavkaz, tới Gruzia",8.485719680786133,7.2648234367370605,-1.2208962440490723,0.5388379457048612
0007-0005-0001,True,Nam Ossetia trở thành một phần của nước Cộng hòa Dân chủ Gruzia Menshevik,Nam Ossetia,8.687238693237305,3.873936891555786,-4.8133018016815186,0.30789319454816555
0007-0005-0002,True,Nga,Nam Ossetia,8.638967514038086,4.674609661102295,-3.964357852935791,0.35852130770039375
0007-0005-0003,True,miền bắc,miền bắc,7.101772308349609,9.22170639038086,2.11993408203125,0.7414835494609894
0007-0005-0004,True,người dân Ossetia hợp tác với những người Bolshevik,5.000 người Ossetia đã bị giết hại và hơn 13.000 người sau đó đã chết vì đói khát và bệnh dịch,8.14840316772461,5.686695098876953,-2.4617080688476562,0.455649436693927
0007-0005-0005,False,,người dân Ossetia hợp tác với những người Bolshevik,8.24734115600586,7.876208782196045,-0.37113237380981445,0.5948580288525571
0007-0005-0006,False,,miền bắc,7.678158760070801,8.796636581420898,1.1184778213500977,0.6866487849967535
0007-0005-0007,True,hợp tác với những người Bolshevik,người dân Ossetia hợp tác với những người Bolshevik,7.444533348083496,9.102333068847656,1.6577997207641602,0.7169677715226607
0007-0005-0008,True,13.000,Nam Ossetia,8.552933692932129,4.031728744506836,-4.521204948425293,0.32487210703294794
0007-0006-0001,True,đầy đủ chủ quyền bên trong Liên bang các nước Cộng hòa Xã hội chủ nghĩa Xô viết,Gruzia,8.504918098449707,4.2793450355529785,-4.2255730628967285,0.3425381848684108
0007-0006-0002,False,,"Cộng hòa Dân chủ Xô viết, với đầy đủ chủ quyền bên trong Liên bang các nước Cộng hòa Xã hội chủ nghĩa Xô viết. Người dân Ossetia đã tẩy chay cuộc bầu cử nghị viện Gruzia",8.630937576293945,4.348364353179932,-4.282573223114014,0.3390959840512235
0007-0006-0003,True,Người dân Ossetia đã tẩy chay cuộc bầu cử nghị viện Gruzia sau đó và tổ chức cuộc bầu cử của riêng mình,Chính phủ Gruzia,7.878275394439697,7.615598201751709,-0.2626771926879883,0.6018641307029603
0007-0006-0004,True,tháng 12,Người dân Ossetia đã tẩy chay cuộc bầu cử nghị viện Gruzia sau đó và tổ chức cuộc bầu cử của riêng mình vào tháng 12,8.038816452026367,7.427966594696045,-0.6108498573303223,0.5792385180893109
0007-0006-0005,False,,Liên bang các nước Cộng hòa Xã hội chủ nghĩa Xô viết,8.432621002197266,7.6670732498168945,-0.7655477523803711,0.5690717247510068
0007-0006-0006,False,,cuộc bầu cử nghị viện Gruzia sau đó và tổ chức cuộc bầu cử của riêng mình vào tháng 12,7.989675521850586,7.295471668243408,-0.6942038536071777,0.5737682455035181
0007-0006-0007,True,ngày 11 tháng 12 năm 1990,Chính phủ Gruzia dưới sự lãnh đạo của Zviad Gamsakhurdia đã tuyên bố cuộc bầu cử này là bất hợp pháp và xóa bỏ vị thế tự trị của nó vào ngày 11 tháng 12 năm 1990,8.032505989074707,6.641448974609375,-1.391057014465332,0.5274537298928432
0007-0006-0008,False,,Chính phủ Gruzia dưới sự lãnh đạo của Zviad Gamsakhurdia đã tuyên bố cuộc bầu cử này là bất hợp pháp và xóa bỏ vị thế tự trị của nó vào ngày 11 tháng 12 năm 1990,7.968667984008789,6.604766845703125,-1.363901138305664,0.5292727570013104
0007-0006-0009,True,Xô viết Tối cao Gruzia đã thông qua một luật ngăn cấm các đảng khu vực vào mùa hè năm 1990,Liên bang các nước Cộng hòa Xã hội chủ nghĩa Xô viết,8.468076705932617,7.849877834320068,-0.6181988716125488,0.5787569852137743
0007-0006-0010,True,Xô viết Tối cao Gruzia đã thông qua một luật ngăn cấm các đảng khu vực vào mùa hè năm 1990,"người dân Ossetia tuyên bố thành lập Cộng hòa Dân chủ Xô viết, với đầy đủ chủ quyền bên trong Liên bang các nước Cộng hòa Xã hội chủ nghĩa Xô viết",7.991992950439453,7.591475486755371,-0.40051746368408203,0.5929529785412485
0007-0006-0011,False,,Chính phủ Gruzia dưới sự lãnh đạo của Zviad Gamsakhurdia đã tuyên bố cuộc bầu cử này là bất hợp pháp,7.874911308288574,7.48806095123291,-0.38685035705566406,0.5938393754779724
0007-0007-0001,True,Bắc Ossetia,khỏang 100.000 người Ossetia đã phải bỏ chạy khỏi lãnh thổ Gruzia,8.404927253723145,5.587427139282227,-2.817500114440918,0.432046085050818
0007-0007-0002,False,,"khỏang 100.000 người Ossetia đã phải bỏ chạy khỏi lãnh thổ Gruzia, đa số qua biên giới vào Bắc Ossetia",8.408926010131836,5.607605934143066,-2.8013200759887695,0.433113629600445
0007-0007-0003,True,"Xung đột vũ trang bùng phát hồi cuối năm 1991 trong đó nhiều làng mạc Nam Ossetia đã bị tấn công và đốt phá tương tự như nhiều ngôi nhà và trường học của người Gruzia tại Tskhinvali, thủ đô của Nam Ossetia",xấp xỉ 1.000 người chết và khỏang 100.000 người Ossetia đã phải bỏ chạy khỏi lãnh thổ Gruzia,8.242630958557129,7.13455057144165,-1.1080803871154785,0.5463640986407298
0007-0007-0004,False,,những vùng không có người sinh sống ở Bắc Ossetia,7.759781360626221,6.943472385406494,-0.8163089752197266,0.5657225143601735
0007-0007-0005,True,Nhiều người dân Nam Ossetia đã tái định cư tại những vùng không có người sinh sống ở Bắc Ossetia,"người Ingush đã bị Stalin trục xuất năm 1944, dẫn tới những cuộc xung đột giữa người Ossetia và người Ingush về quyền sinh sống tại lãnh thổ cũ của người Ingush",7.916127681732178,6.804571151733398,-1.1115565299987793,0.5461324970317588
0007-0007-0006,True,Bắc Ossetia,những vùng không có người sinh sống ở Bắc Ossetia,7.344751358032227,7.866506576538086,0.5217552185058594,0.6511497507781531
0007-0007-0007,True,xấp xỉ 1.000 người,xấp xỉ 1.000 người chết,8.446023941040039,5.347752094268799,-3.0982718467712402,0.41362965419368325
0007-0007-0008,False,,khỏang 100.000 người Ossetia,8.66028118133545,2.8225107192993164,-5.837770462036133,0.2524914179694741
0007-0007-0009,False,,nhiều làng mạc Nam Ossetia,8.270147323608398,5.08478307723999,-3.185364246368408,0.4079633162922543
0007-0007-0010,True,làng mạc Nam Ossetia,"nhiều làng mạc Nam Ossetia đã bị tấn công và đốt phá tương tự như nhiều ngôi nhà và trường học của người Gruzia tại Tskhinvali, thủ đô của Nam Ossetia",8.317707061767578,6.699892997741699,-1.617814064025879,0.5122406271385563
0007-0008-0001,False,,"các vấn đề liên quan tới các cuộc xung đột giành độc lập và lãnh thổ của Gruzia, Armenia, Azerbaijan và phần còn lại của Transcaucasus",8.866515159606934,2.161756992340088,-6.704758167266846,0.21108158089273515
0007-0008-0002,False,,Kremlin,8.380306243896484,6.524559020996094,-1.8557472229003906,0.49625380209685044
0007-0008-0003,True,Franklin D. Roosevelt,chính quyền George H. W. Bush công khai ủng hộ sự ly khai của các nước vùng Baltic,8.878517150878906,2.0386486053466797,-6.839868545532227,0.20509710398454756
0007-0008-0004,True,Hiệp ước Molotov-Ribbentrop năm 1933,thời trước Hiệp ước Molotov-Ribbentrop năm 1933 của nước này,7.815005779266357,8.409757614135742,0.5947518348693848,0.6555935887373845
0007-0008-0005,False,,Hiệp ước Molotov-Ribbentrop năm 1933 của nước này,8.278511047363281,7.077150344848633,-1.2013607025146484,0.5401425632854803
0007-0008-0006,True,George H. W. Bush,chính quyền George H. W. Bush,6.0953450202941895,9.776342391967773,3.680997371673584,0.8135605109367917
0007-0008-0007,True,sự ly khai của các nước vùng Baltic,sự ly khai của các nước vùng Baltic,7.984629154205322,7.84623384475708,-0.1383953094482422,0.6098414602592296
0007-0008-0008,True,"các cuộc xung đột giành độc lập và lãnh thổ của Gruzia, Armenia, Azerbaijan và phần còn lại của Transcaucasus","các vấn đề liên quan tới các cuộc xung đột giành độc lập và lãnh thổ của Gruzia, Armenia, Azerbaijan và phần còn lại của Transcaucasus",6.5161237716674805,10.713340759277344,4.197216987609863,0.8336993335642187
0007-0008-0009,True,năm 1933,chính phủ Franklin D. Roosevelt đã thiết lập các quan hệ ngọai giao với Kremlin,8.351398468017578,7.447932720184326,-0.903465747833252,0.5599580780964364
0007-0008-0010,False,,"các vấn đề liên quan tới các cuộc xung đột giành độc lập và lãnh thổ của Gruzia, Armenia, Azerbaijan và phần còn lại của Transcaucasus",8.119344711303711,10.050167083740234,1.9308223724365234,0.7316204535525708
0007-0009-0001,False,,"Một lực lượng gìn giữ hòa bình gồm người Ossetia, người Nga và người Gruzia",8.679126739501953,5.19907283782959,-3.4800539016723633,0.38897921322312234
0007-0009-0002,False,,"chính quyền Gruzia tăng cường các nỗ lực chống lại nạn buôn lậu trong vùng. Những vụ bắt cóc con tin, bắn giết và thỉnh thỏang cả đánh bom",8.786863327026367,2.1158246994018555,-6.671038627624512,0.21259491730919802
0007-0009-0003,True,Gruzia,"chính phủ Gruzia vẫn giữ quyền kiểm sóat với những phần nhỏ bên trong Nam Ossetia, gồm cả thị trấn Akhalgori. Một lực lượng gìn giữ hòa bình gồm người Ossetia, người Nga và người Gruzia",8.600628852844238,4.789155006408691,-3.811473846435547,0.3680266075761269
0007-0009-0004,False,,Một thỏa thuận ngừng bắn được ký ngày 13 tháng 8 dù nó liên tục bị vi phạm,8.7286376953125,2.672102928161621,-6.056534767150879,0.24155497531248543
0007-0009-0005,True,2004,giữa năm 2004,7.935002326965332,8.530479431152344,0.5954771041870117,0.6556376064684188
0007-0009-0006,True,"Những vụ bắt cóc con tin, bắn giết và thỉnh thỏang cả đánh bom đã khiến hàng chục người thiệt mạng và bị thương","chính quyền Gruzia tăng cường các nỗ lực chống lại nạn buôn lậu trong vùng. Những vụ bắt cóc con tin, bắn giết và thỉnh thỏang cả đánh bom",8.781821250915527,2.2897579669952393,-6.492063283920288,0.22075964663219375
0007-0009-0007,True,giám sát chiến dịch gìn giữ hòa bình,Tổ chức An ninh và Hợp tác châu Âu (OSCE) thành lập một phái bộ ở Gruzia để giám sát chiến dịch gìn giữ hòa bình,8.124507904052734,7.567278861999512,-0.5572290420532227,0.5827473226887963
0007-0009-0008,True,"Ngày 6 tháng 11 năm 1992, Tổ chức An ninh và Hợp tác châu Âu (OSCE) thành lập một phái bộ ở Gruzia để giám sát chiến dịch gìn giữ hòa bình",Nam Ossetia nói chung ở trong cảnh hòa bình,8.423587799072266,7.262298583984375,-1.1612892150878906,0.5428168670418488
0007-0009-0009,True,Năm 1992,"Một lực lượng gìn giữ hòa bình gồm người Ossetia, người Nga và người Gruzia",8.709183692932129,2.958549976348877,-5.750633716583252,0.2569377801558045
0007-0010-0001,False,,khả năng thay thế binh lính gìn giữ hòa bình Nga bằng lực lượng của Liên minh châu Âu,8.39865779876709,7.787257194519043,-0.6114006042480469,0.5792024364570524
0007-0010-0002,True,bác bỏ khả năng thay thế binh lính gìn giữ hòa bình Nga bằng lực lượng của Liên minh châu Âu,khả năng thay thế binh lính gìn giữ hòa bình Nga bằng lực lượng của Liên minh châu Âu,8.140995979309082,8.814111709594727,0.6731157302856445,0.6603340484307814
0007-0010-0003,True,phản đối,binh lính gìn giữ hòa bình Nga,8.692300796508789,5.783054351806641,-2.9092464447021484,0.42600495357741003
0007-0010-0004,True,lực lượng gìn giữ hòa bình là không trung lập và yêu cầu thay thế,"Javier Solana, Cao ủy về Đối ngọai và Chính sách An ninh của Liên minh châu Âu, đã bác bỏ khả năng thay thế binh lính gìn giữ hòa bình Nga bằng lực lượng của Liên minh châu Âu",8.198831558227539,7.8157267570495605,-0.3831048011779785,0.5940821916564818
0007-0010-0005,True,các hành động của Nga trong cuộc tranh cãi gián điệp Gruzia,các hành động của Nga trong cuộc tranh cãi gián điệp Gruzia,8.576888084411621,7.63502311706543,-0.9418649673461914,0.5574131673129209
0007-0010-0006,True,không trung lập,binh lính gìn giữ hòa bình Nga,8.745561599731445,6.904579162597656,-1.840982437133789,0.4972459679186615
0007-0010-0007,True,Nga,quân đội không bị kiểm sóat của phía Nam Ossetia,8.399724960327148,7.908974647521973,-0.4907503128051758,0.5870858714236726
0007-0011-0001,True,bất kỳ nỗ lực nào nhằm thanh lọc sắc tộc,"cuộc xung đột ở Nam Ossetia trở nên đặc biệt nguy hiểm, bởi bất kỳ nỗ lực nào nhằm thanh lọc sắc tộc",7.804172515869141,6.702947616577148,-1.1012248992919922,0.546820793692427
0007-0011-0002,True,của những thị trấn và làng mạc nơi sinh sống của người Gruzia và người Ossetia,Cộng hòa Nam Ossetia là sự pha trộn của những thị trấn và làng mạc nơi sinh sống của người Gruzia và người Ossetia,8.434549331665039,6.76224422454834,-1.6723051071166992,0.5085803794948913
0007-0011-0003,True,Tskhinvali,Thành phố thủ đô Tskhinvali,8.289854049682617,7.183806419372559,-1.1060476303100586,0.5464995238701069
0007-0011-0004,True,Sự gẫn gũi và tương tác giữa hai cộng đồng,Sự gẫn gũi và tương tác giữa hai cộng đồng,8.228084564208984,6.744222640991211,-1.4838619232177734,0.5212320129022298
0007-0011-0005,True,các làng và thị trấn của người Gruzia,"Thành phố thủ đô Tskhinvali với đa số dân là người Ossetia cùng các cộng đồng người Ossetia khác do chính phủ ly khai quản lý, trong khi các làng và thị trấn của người Gruzia",7.746551990509033,6.170627593994141,-1.5759243965148926,0.5150535492789611
0007-0011-0006,False,,Cộng hòa Nam Ossetia là sự pha trộn của những thị trấn và làng mạc nơi sinh sống của người Gruzia và người Ossetia,8.515692710876465,4.700833320617676,-3.814859390258789,0.3678149714211932
0007-0012-0001,True,chính quyền Nam Ossetia,Gruzia,6.66338586807251,5.738758087158203,-0.9246277809143066,0.5585559440636967
0007-0012-0002,True,"Cuối tháng 10,",kế họach hành động của Gruzia,8.610160827636719,6.661810874938965,-1.948349952697754,0.49003205867984057
0007-0012-0003,True,2005,kế họach hòa bình của Gruzia,8.493731498718262,6.166433334350586,-2.327298164367676,0.46462425225815623
0007-0012-0004,True,Nam Ossetia,chính quyền ly khai Nam Ossetia vẫn cai quản vùng này với sự độc lập thực sự khỏi Tbilisi,8.694183349609375,6.710379600524902,-1.9838037490844727,0.487650719973787
0007-0012-0005,True,đòi lại Nam Osseatia,kế họach hòa bình của Gruzia,8.782630920410156,6.348642826080322,-2.433988094329834,0.45749819216233006
0007-0012-0006,False,,kế họach hòa bình của Gruzia,8.548596382141113,6.462387561798096,-2.0862088203430176,0.48077596789917704
0007-0012-0007,False,,kế họach hòa bình của Gruzia nghị quyết này đã bị chính quyền Nam Ossetia,8.820650100708008,4.4614081382751465,-4.359241962432861,0.33449276250395005
0007-0013-0001,False,,Gruzia,8.641992568969727,4.294730186462402,-4.347262382507324,0.3352099749907745
0007-0013-0002,True,12 tháng 11 năm 2006,Nam Ossetia thông báo rằng nước cộng hòa này sẽ tổ chức một cuộc trưng cầu dân ý về độc lập,8.085415840148926,6.371871471405029,-1.7135443687438965,0.5058096416662895
0007-0013-0003,True,không ai sẽ chấp nhận,Các kết quả của cuộc trưng cầu dân ý về độc lập tại Nam Ossetia,8.347376823425293,5.810376167297363,-2.5370006561279297,0.4506341834202585
0007-0013-0004,True,hối thúc chính phủ Nam Ossetia tham gia các cuộc đàm phán với Gruzia,nước cộng hòa này sẽ tổ chức một cuộc trưng cầu dân ý về độc lập,8.63436508178711,3.4461820125579834,-5.188183069229126,0.2868449793148806
0007-0013-0005,False,,Gruzia,8.447202682495117,4.836637020111084,-3.610565662384033,0.3806743011984313
0007-0013-0006,False,,Nam Ossetia thông báo rằng nước cộng hòa này sẽ tổ chức một cuộc trưng cầu dân ý về độc lập,8.331188201904297,4.973012924194336,-3.358175277709961,0.39679349433633315
0007-0013-0007,False,,Nam Ossetia,8.350123405456543,4.280368804931641,-4.069754600524902,0.3520320681835244
0007-0013-0008,True,không góp phần giải quyết cuộc xung đột ở Nam Ossetia,độc lập,8.511463165283203,4.526076793670654,-3.985386371612549,0.3572223555415273
0007-0013-0009,True,lên án hành động này,Gruzia,8.43458366394043,5.8880462646484375,-2.546537399291992,0.44999963282671246
0007-0013-0010,False,,Các kết quả của cuộc trưng cầu dân ý về độc lập tại Nam Ossetia,8.384903907775879,5.160738945007324,-3.2241649627685547,0.4054466568528083
0007-0014-0001,False,,"hơn 42.000 cử tri cả người Ossetia (quận Java và Tskhinvali) và người Gruzia (Eredvi, Tamarasheni, vân vân) trong các cộng đồng Nam Ossetia và Sanakoev",8.54253101348877,5.932706832885742,-2.6098241806030273,0.4457929087325055
0007-0014-0002,True,cuộc bầu cử thay thế,cuộc bầu cử thay thế,7.917479991912842,8.338151931762695,0.4206719398498535,0.6449525535940277
0007-0014-0003,True,42.000 cử tri,"hơn 42.000 cử tri cả người Ossetia (quận Java và Tskhinvali) và người Gruzia (Eredvi, Tamarasheni, vân vân) trong các cộng đồng Nam Ossetia và Sanakoev",8.553654670715332,6.713666915893555,-1.8399877548217773,0.4973128095655634
0007-0014-0004,True,94% phiếu ủng hộ,một yêu cầu khởi động các cuộc đàm phán với Gruzia về một thỏa thuận liên bang cho Nam Ossetia,8.394010543823242,6.645981311798096,-1.7480292320251465,0.5034924297347119
0007-0014-0005,True,Java và Tskhinvali,"người Ossetia (quận Java và Tskhinvali) và người Gruzia (Eredvi, Tamarasheni, vân vân) trong các cộng đồng Nam Ossetia và Sanakoev",8.34776782989502,7.198153495788574,-1.1496143341064453,0.5435955718991905
0007-0014-0006,True,Gruzia Đa quốc gia,"Gruzia Đa quốc gia""",8.497241973876953,5.705453395843506,-2.7917885780334473,0.43374280077308536
0007-0014-0007,False,,Nam Ossetia,8.642727851867676,4.424298286437988,-4.2184295654296875,0.34297075568600227
0007-0014-0008,False,,cuộc bầu cử thay thế,8.525062561035156,6.511775016784668,-2.0132875442504883,0.4856707928467282
0007-0015-0001,True,"Ngũ cốc, hoa quả","Ngũ cốc, hoa quả, rượu",8.309499740600586,8.383708953857422,0.07420921325683594,0.6233507038813163
0007-0015-0002,False,,"Ngũ cốc, hoa quả, rượu",8.598012924194336,7.111321449279785,-1.4866914749145508,0.5210422040743298
0007-0015-0003,True,3.900 km²,Nam Ossetia bao phủ khỏang 3.900 km²,7.872564315795898,5.778685569763184,-2.093878746032715,0.48026132388822795
0007-0015-0004,True,bởi những dãy núi,"Nam Ossetia bao phủ khỏang 3.900 km² ở phần phía nam Kavkaz, bị chia cắt bởi những dãy núi",8.173589706420898,6.879587173461914,-1.2940025329589844,0.5339512007612863
0007-0015-0005,False,,"Ngũ cốc, hoa quả, rượu là các sản phẩm chủ yếu. Công nghiệp rừng và gia súc cũng tồn tại, đặc biệt xung quanh thủ đô Tskhinvali",8.339662551879883,4.611224174499512,-3.728438377380371,0.37323304137008684
0007-0015-0006,True,1.000 m,"Ngũ cốc, hoa quả, rượu",8.210655212402344,5.137167930603027,-3.0734872817993164,0.41524642674596174
0007-0015-0007,True,nhiều núi non,"Ngũ cốc, hoa quả, rượu là các sản phẩm chủ yếu. Công nghiệp rừng và gia súc cũng tồn tại, đặc biệt xung quanh thủ đô Tskhinvali",8.423169136047363,4.584746837615967,-3.8384222984313965,0.3663434276237639
0008-0001-0001,True,ong và tò vò Kiến,"sawfly, ong và tò vò Kiến",7.650812149047852,10.610407829284668,2.9595956802368164,0.7823472808757926
0008-0001-0002,True,bộ Hymenoptera,Họ Formicidae thuộc bộ Hymenoptera,8.714202880859375,6.79209566116333,-1.922107219696045,0.4917950118050956
0008-0001-0003,False,,các lòai kiến nguyên thủy có thể là các lòai săn mồi dưới mặt đất,8.853279113769531,8.965913772583008,0.11263465881347656,0.6257726657101695
0008-0001-0004,True,E. O. Wilson,E. O. Wilson,8.11855411529541,9.673331260681152,1.5547771453857422,0.7113145902048043
0008-0001-0005,False,,kiến đã đa dạng hóa,7.906438827514648,10.092806816101074,2.186367988586426,0.7448918258244273
0008-0001-0006,True,các lòai săn mồi dưới mặt đất,các lòai kiến nguyên thủy có thể là các lòai săn mồi dưới mặt đất,8.789335250854492,8.924290657043457,0.13495540618896484,0.6271766670324224
0008-0001-0007,True,kiến,kiến đã đa dạng hóa,7.603780746459961,10.517269134521484,2.9134883880615234,0.7802294770473401
0008-0002-0001,False,,Kiến trở nên phổ biến sau sự kiện tỏa nhánh thích nghi vào đầu kỷ Paleogen. Vao Oligocene và Miocene kiến,9.002081871032715,2.7535595893859863,-6.2485222816467285,0.23222674140286784
0008-0002-0002,True,Dominica,"56% trong các chi được phát hiện trong hổ phách vùng Baltic (đầu Oligocene), và 92% các chi trong hổ phách ở Dominica (xuất hiện đầu Miocene)",8.588035583496094,9.570638656616211,0.9826030731201172,0.6787372173122215
0008-0002-0003,True,1%,Kiến trở nên phổ biến sau sự kiện tỏa nhánh thích nghi vào đầu kỷ Paleogen. Vao Oligocene và Miocene kiến,8.975543022155762,3.0638887882232666,-5.911654233932495,0.24876146225675777
0008-0002-0004,True,trở nên phổ biến,Kiến trở nên phổ biến sau sự kiện tỏa nhánh thích nghi vào đầu kỷ Paleogen,8.913352966308594,6.091827869415283,-2.8215250968933105,0.43178061789989325
0008-0002-0005,True,sau sự kiện tỏa nhánh thích nghi vào đầu kỷ Paleogen,Kiến trở nên phổ biến sau sự kiện tỏa nhánh thích nghi vào đầu kỷ Paleogen,8.991497993469238,6.947484970092773,-2.044013023376465,0.48360796221304997
0008-0002-0006,True,Eocene,kỷ Creta,8.933063507080078,6.39900016784668,-2.5340633392333984,0.4508296574521374
0008-0002-0007,True,siêu lục địa Laurasia,siêu lục địa Laurasia (bán cầu bắc),8.75384521484375,8.520378112792969,-0.23346710205078125,0.6037440916311931
0008-0002-0008,False,,một vài lòai kiến nguyên thủy phân bố rộng khắp trên siêu lục địa Laurasia (bán cầu bắc),8.817094802856445,4.855859756469727,-3.9612350463867188,0.3587143842104141
0008-0002-0009,False,,Kiến trở nên phổ biến sau sự kiện tỏa nhánh thích nghi vào đầu kỷ Paleogen,8.993936538696289,6.356044292449951,-2.637892246246338,0.4439296478209494
0008-0003-0001,False,,"Kiến được tìm thấy trên tất cả các lục địa trừ Nam Cực, và chỉ có một vài quần đảo lớn như Greenland, Iceland, các phần của Polynesia và Hawaii thì không có các lòai kiến bản địa",8.762714385986328,2.9783058166503906,-5.7844085693359375,0.25520827474806757
0008-0003-0002,True,nhiệt đới,chúng đóng góp khỏang 15-20% (trung bình gần 25% ở các vùng nhiệt đới,8.560630798339844,6.248757839202881,-2.311872959136963,0.46565580206484003
0008-0003-0003,True,sinh khối,Hầu hết các lòai kiến là động vật ăn tạp nhưng một vài lòai chỉ ăn một thứ đặc trưng,8.738170623779297,4.179467678070068,-4.5587029457092285,0.32266525849936273
0008-0003-0004,True,"các động vật ăn cỏ, săn mồi",một vài lòai chỉ ăn một thứ đặc trưng,8.526735305786133,6.201604843139648,-2.3251304626464844,0.46476919772203573
0008-0003-0005,True,Nam Cực,"Greenland, Iceland, các phần của Polynesia và Hawaii",8.565465927124023,6.576741695404053,-1.9887242317199707,0.4873202658745324
0008-0003-0006,True,trung bình gần 25%,"khỏang 15-20% (trung bình gần 25% ở các vùng nhiệt đới) trong tổng sinh khối động vật đất liền, cao hơn cả sinh khối của động vật có xương sống",8.651216506958008,5.08929443359375,-3.561922073364258,0.38376179297492335
0008-0003-0007,True,động vật ăn tạp,lòai kiến là động vật ăn tạp,8.615503311157227,5.693990707397461,-2.9215126037597656,0.4251989060599635
0008-0003-0008,False,,Hầu hết các lòai kiến là động vật ăn tạp nhưng một vài lòai chỉ ăn một thứ đặc trưng,8.708502769470215,4.714161396026611,-3.9943413734436035,0.3566698314427518
0008-0003-0009,False,,Hầu hết các lòai kiến là động vật ăn tạp nhưng một vài lòai chỉ ăn một thứ đặc trưng,8.732239723205566,3.9609427452087402,-4.771296977996826,0.31030446761548813
0008-0003-0010,False,,lòai kiến là động vật ăn tạp,8.63532543182373,5.346078872680664,-3.2892465591430664,0.4012365850975886
0008-0004-0001,True,"""AntBase"" và ""Hymenoptera Name Server""","Cơ sở dữ liệu các lòai kiến như ""AntBase"" và ""Hymenoptera Name Server"" giúp theo dõi các lòai kiến đã biết và các lòai mới được miêu tả",8.591192245483398,7.090804100036621,-1.5003881454467773,0.5201233344158813
0008-0004-0002,False,,"Kiến có nhiều màu sắc khác nhau, hầu hết chúng có màu đỏ hoặc đen, nhưng một vài lòai có màu lục và các lòai ở vùng nhiệt đới có ánh kim lọai. Hơn 15.000 lòai kiến",8.694469451904297,5.629117012023926,-3.065352439880371,0.4157774870317168
0008-0004-0003,True,"0,75 đến 52 milimét",lòai kiến,7.939725875854492,8.883377075195312,0.9436511993408203,0.676449851741829
0008-0004-0004,False,,"Kiến có nhiều màu sắc khác nhau, hầu hết chúng có màu đỏ hoặc đen, nhưng một vài lòai có màu lục và các lòai ở vùng nhiệt đới có ánh kim lọai. Hơn 15.000 lòai kiến",8.421669006347656,6.845710277557373,-1.5759587287902832,0.5150512442073916
0008-0004-0005,True,đen,"Kiến có nhiều màu sắc khác nhau, hầu hết chúng có màu đỏ hoặc đen",7.868141174316406,9.653371810913086,1.7852306365966797,0.7238668015792883
0008-0004-0006,True,khỏang 22.000 lòai,"Kiến có nhiều màu sắc khác nhau, hầu hết chúng có màu đỏ hoặc đen, nhưng một vài lòai có màu lục và các lòai ở vùng nhiệt đới có ánh kim lọai. Hơn 15.000 lòai kiến",8.438247680664062,6.860118389129639,-1.5781292915344238,0.5149055111644878
0008-0004-0007,True,có ánh kim lọai,"Kiến có nhiều màu sắc khác nhau, hầu hết chúng có màu đỏ hoặc đen, nhưng một vài lòai có màu lục và các lòai ở vùng nhiệt đới có ánh kim lọai. Hơn 15.000 lòai kiến",8.7313232421875,6.214716911315918,-2.516606330871582,0.4519917063169174
0008-0005-0001,True,mùi,mùi,7.879271507263184,6.8879547119140625,-0.9913167953491211,0.5541313165127723
0008-0005-0002,False,,Các con kiến trong mỗi tổ phân biệt với những con cùng lòai khác tổ bằng mùi,8.357372283935547,3.624340534210205,-4.733031749725342,0.3125100827037616
0008-0005-0003,False,,Các con kiến trong mỗi tổ phân biệt với những con cùng lòai khác tổ,8.012426376342773,6.178863525390625,-1.8335628509521484,0.49774455882666796
0008-0005-0004,True,100.000 con,khỏang 100.000 con kiến trong một đàn nhưng tất cả chúng chỉ có một kiến chúa,8.407489776611328,3.315053939819336,-5.092435836791992,0.29213866347815987
0008-0005-0005,True,cơ cấu giới tính,Tất cả những con kiến thợ này đều là kiến cái,7.82167911529541,7.162273406982422,-0.6594057083129883,0.5760542194292128
0008-0005-0006,False,,Tất cả những con kiến thợ này đều là kiến cái nhưng chúng không thể sinh sản được,8.24565601348877,5.032445907592773,-3.213210105895996,0.4061567044767052
0008-0005-0007,True,kiến thợ,Các con kiến trong mỗi tổ phân biệt với những con cùng lòai khác tổ,8.60200309753418,3.4322869777679443,-5.169716119766235,0.28786151079297795
0008-0005-0008,False,,Các con kiến trong mỗi tổ phân biệt với những con cùng lòai khác tổ,8.425775527954102,2.9907095432281494,-5.435065984725952,0.27346361533655894
0008-0005-0009,True,"chăm sóc kiến chúa, ấp trứng, chuyển trứng, nuôi kiến con, tìm kiếm thức ăn, đào đất xây dựng tổ, canh gác tổ (kiến lính)","chăm sóc kiến chúa, ấp trứng, chuyển trứng, nuôi kiến con, tìm kiếm thức ăn, đào đất xây dựng tổ, canh gác tổ (kiến lính)...Tất cả những con kiến thợ này đều là kiến cái",8.269525527954102,4.506843566894531,-3.7626819610595703,0.3710822838401236
0008-0005-0010,True,kiến chúa,Tất cả những con kiến thợ này đều là kiến cái,8.086158752441406,5.650849342346191,-2.435309410095215,0.45741004136894664
0008-0006-0001,True,mùa ấm áp hay oi bức,"con đực chết, cánh của những con đực rụng xuống cộng với phần cơ bắp của chúng chính là thức ăn duy trì sự sống cho con cái để sản sinh ra những con kiến thợ",8.206310272216797,5.479003429412842,-2.727306842803955,0.43800473249821104
0008-0006-0002,True,"những con kiến đực và cái (đã trưởng thành, có thể sinh sản được) đang phối giống","những con kiến đực và cái (đã trưởng thành, có thể sinh sản được) đang phối giống",8.260793685913086,6.665216445922852,-1.5955772399902344,0.5137339541921356
0008-0006-0003,True,không có cánh,cánh của những con đực rụng xuống cộng với phần cơ bắp của chúng chính là thức ăn duy trì sự sống cho con cái để sản sinh ra những con kiến thợ,8.546257019042969,3.269197702407837,-5.277059316635132,0.2819828557480115
0008-0006-0004,True,ấm áp hay oi bức,cánh của những con đực rụng xuống cộng với phần cơ bắp của chúng chính là thức ăn duy trì sự sống cho con cái để sản sinh ra những con kiến thợ,8.550722122192383,4.401250839233398,-4.149471282958984,0.34715982273818324
0008-0006-0005,False,,cánh của những con đực rụng xuống cộng với phần cơ bắp của chúng chính là thức ăn duy trì sự sống cho con cái để sản sinh ra những con kiến thợ,8.46773624420166,3.302323818206787,-5.165412425994873,0.28809872001203835
0008-0006-0006,True,"khi chúng sống trong tổ trong thời gian dài và được che chở, nơi này sẽ tạo ra cánh cho chúng",cánh của những con đực rụng xuống cộng với phần cơ bắp của chúng chính là thức ăn duy trì sự sống cho con cái để sản sinh ra những con kiến thợ,8.374131202697754,4.505570888519287,-3.868560314178467,0.3644648885330917
0008-0006-0007,False,,cánh của những con đực rụng xuống cộng với phần cơ bắp của chúng chính là thức ăn duy trì sự sống cho con cái để sản sinh ra những con kiến thợ,8.432397842407227,4.464341163635254,-3.9680566787719727,0.3582926764642826
0008-0006-0008,True,cánh của những con đực rụng xuống cộng với phần cơ bắp của chúng,cánh của những con đực rụng xuống cộng với phần cơ bắp của chúng chính là thức ăn duy trì sự sống cho con cái để sản sinh ra những con kiến thợ đầu tiên,8.358867645263672,4.827895641326904,-3.5309720039367676,0.3857311536339447
0008-0007-0001,True,bản năng,"Kiến ăn nhiều lọai thức ăn. Một số ăn hạt giống, săn động vật khác và có cả lòai ăn nấm... nhưng hầu hết chúng thích đồ ngọt & mật của rệp vừng",8.503074645996094,4.5603532791137695,-3.942721366882324,0.35985998472032305
0008-0007-0002,True,cùng nhau rìu thức ăn về tổ thành từng đàn,"Kiến ăn nhiều lọai thức ăn. Một số ăn hạt giống, săn động vật khác và có cả lòai ăn nấm",8.439091682434082,6.909310817718506,-1.5297808647155762,0.5181510110055262
0008-0007-0003,True,"chúng cùng nhau rìu thức ăn về tổ thành từng đàn, theo từng hàng lối nghiêm chỉnh","chúng cùng nhau rìu thức ăn về tổ thành từng đàn, theo từng hàng lối nghiêm chỉnh",8.430146217346191,4.294713020324707,-4.135433197021484,0.3480155391430222
0008-0007-0004,True,đồ ngọt & mật của rệp vừng,"Kiến ăn nhiều lọai thức ăn. Một số ăn hạt giống, săn động vật khác và có cả lòai ăn nấm... nhưng hầu hết chúng thích đồ ngọt & mật của rệp vừng",8.60611343383789,5.324437141418457,-3.2816762924194336,0.4017255635275959
0008-0007-0005,False,,"Kiến ăn nhiều lọai thức ăn. Một số ăn hạt giống, săn động vật khác và có cả lòai ăn nấm... nhưng hầu hết chúng thích đồ ngọt & mật của rệp vừng",8.640861511230469,4.819746971130371,-3.8211145401000977,0.36742408524897235
0008-0007-0006,False,,"Kiến ăn nhiều lọai thức ăn. Một số ăn hạt giống, săn động vật khác và có cả lòai ăn nấm... nhưng hầu hết chúng thích đồ ngọt & mật của rệp vừng",8.530889511108398,4.031266212463379,-4.4996232986450195,0.3261457829698764
0009-0001-0001,False,,Marie Gabrielle Yvonne Lorrain,8.245983123779297,9.180726051330566,0.9347429275512695,0.6759255399858303
0009-0001-0002,True,Hravn Forsne,"Pascal (10 tháng 6 năm 1945 – 17 tháng 9 năm 1945), Jean-Christophe, sinh năm 1946, và Gilbert Mitterrand",8.410650253295898,8.169776916503906,-0.2408733367919922,0.603267714090742
0009-0001-0003,False,,François Mitterrand,8.862285614013672,4.195661544799805,-4.666624069213867,0.31635802584617073
0009-0001-0004,True,Anne Pingeot,Fernando III của Castile và Jean de Brienne của Jerusalem,8.895040512084961,4.56683349609375,-4.328207015991211,0.33635238004401063
0009-0001-0005,True,François Maurice Adrien Marie Mitterrand,François Maurice Adrien Marie Mitterrand,7.57421875,10.46402359008789,2.8898048400878906,0.7791359030824465
0009-0001-0006,False,,Fernando III của Castile và Jean de Brienne của Jerusalem,8.838212966918945,4.154813289642334,-4.683399677276611,0.3153835721302302
0009-0001-0007,True,"Jarnac, Charente",François Mitterrand,8.818609237670898,5.803337097167969,-3.0152721405029297,0.4190511041413569
0009-0001-0008,True,Marie Gabrielle Yvonne Lorrain,François Mitterrand,8.797119140625,4.894626617431641,-3.9024925231933594,0.3623547867144698
0009-0001-0009,True,một phụ nữ qúy tộc,một phụ nữ qúy tộc,8.088397979736328,9.820664405822754,1.7322664260864258,0.7210120099637872
0009-0002-0001,True,"giáo sư luật Gaston Jèze, người từng được chỉ định làm cố vấn pháp lý của Negus tại Ethiopia tháng 1 năm 1936","Ông tham gia vào các cuộc tuần hành bài ngọai chống lại ""sự xâm lăng métèque"" vào tháng 2 năm 1935 và sau đó vào những cuộc tuần hành phản đối giáo sư luật",8.791511535644531,5.073493003845215,-3.7180185317993164,0.3738884874972377
0009-0002-0002,True,collège Saint-Paul ở Angoulême,collège Saint-Paul ở Angoulême,8.824068069458008,7.598479270935059,-1.2255887985229492,0.5385244887751094
0009-0002-0003,True,collège Saint-Paul,collège Saint-Paul ở Angoulême,8.128697395324707,10.478710174560547,2.35001277923584,0.7531604398444196
0009-0002-0004,True,Cagoule,Cagoule,8.648366928100586,9.745726585388184,1.0973596572875977,0.6854260931286275
0009-0002-0005,True,Người tình nguyện Quốc gia,Người tình nguyện Quốc gia,6.313782691955566,9.922551155090332,3.6087684631347656,0.8105976401417814
0009-0002-0006,False,,collège Saint-Paul ở Angoulême,8.478589057922363,9.315933227539062,0.8373441696166992,0.6701643431869883
0009-0002-0007,True,"tham gia vào các cuộc tuần hành bài ngọai chống lại ""sự xâm lăng métèque""","Ông tham gia vào các cuộc tuần hành bài ngọai chống lại ""sự xâm lăng métèque""",8.801739692687988,6.800464153289795,-2.0012755393981934,0.48647738498873744
0009-0003-0001,True,Georges Dayan,Georges Dayan,7.358063697814941,10.347742080688477,2.989678382873535,0.7837210802948799
0009-0003-0002,True,cấp bậc trung sĩ (trung sĩ bộ binh),cấp bậc trung sĩ (trung sĩ bộ binh),6.3380231857299805,9.060314178466797,2.7222909927368164,0.7712899879621433
0009-0003-0003,False,,Georges Dayan,7.102080345153809,10.46538257598877,3.363302230834961,0.8002593163806242
0009-0003-0004,True,trung đòan bộ binh thuộc địa số 23,trung đòan bộ binh thuộc địa số 23,6.357813835144043,10.603499412536621,4.245685577392578,0.8354978286465804
0009-0003-0005,False,,Tình bạn của ông với Dayan,7.373683929443359,10.910202980041504,3.5365190505981445,0.8075979627962068
0009-0003-0006,True,từ năm 1937 tới năm 1939,trung đòan bộ binh thuộc địa số 23,8.49960994720459,6.349274158477783,-2.1503357887268066,0.4764744750863616
0009-0003-0007,False,,cấp bậc trung sĩ (trung sĩ bộ binh),6.0491180419921875,8.934246063232422,2.8851280212402344,0.7789194933159621
0009-0003-0008,False,,trung đòan bộ binh thuộc địa số 23,8.531417846679688,4.938364028930664,-3.5930538177490234,0.38178471118952045
0009-0003-0009,True,Tình bạn của ông với Dayan,Tình bạn của ông với Dayan,7.606817722320557,10.852361679077148,3.245543956756592,0.7951515017324379
0009-0003-0010,True,một người Do Thái theo chủ nghĩa xã hội,Georges Dayan,8.706232070922852,6.310347557067871,-2.3958845138549805,0.46004137307793413
0009-0004-0001,True,ngày 14 tháng 6 năm 1940,ngày 14 tháng 6 năm 1940,8.613277435302734,6.031525135040283,-2.581752300262451,0.4476579478828023
0009-0004-0002,False,,Stalag IXA gần Ziegenhain,8.650312423706055,7.100506782531738,-1.5498056411743164,0.5168069717280073
0009-0004-0003,False,,Mitterrand ở cuối thời hạn phục vụ quân sự khi chiến tranh bùng nổ. Ông chiến đấu như một trung sĩ bộ binh,8.74658203125,4.535269737243652,-4.211312294006348,0.34340199790709375
0009-0004-0004,False,,Mitterrand bắt đầu tham gia vào một tổ chứ xã hội cho các tù binh chiến tranh trong trại,8.771697044372559,1.4367246627807617,-7.334972381591797,0.184248817705498
0009-0004-0005,True,Stalag IXA gần Ziegenhain,"Stalag IXA gần Ziegenhain (ngày nay được gọi là Trutzhain, một làng gần Kassel ở Hesse)",8.604808807373047,7.649291038513184,-0.9555177688598633,0.5565075929584414
0009-0004-0006,True,trung sĩ bộ binh,trung sĩ bộ binh,8.742644309997559,4.3770341873168945,-4.365610122680664,0.3341118142751611
0009-0004-0007,True,hai lần,"Ông đã hai lần âm mưu vượt ngục không thành công vào tháng 3 và tháng 11 năm 1941 trước khi thóat được ngày 10 tháng 12 năm 1941, đi bộ quay trở lại Pháp",8.559320449829102,7.835436820983887,-0.7238836288452148,0.5718160114702678
0009-0004-0008,True,cuối thời hạn phục vụ quân sự,Mitterrand ở cuối thời hạn phục vụ quân sự,8.7326021194458,5.076266288757324,-3.6563358306884766,0.37777797027044824
0009-0004-0009,True,bắt đầu tham gia vào một tổ chứ xã hội cho các tù binh chiến tranh trong trại,Mitterrand bắt đầu tham gia vào một tổ chứ xã hội cho các tù binh chiến tranh trong trại,8.762393951416016,3.098095417022705,-5.6642985343933105,0.26139345672112946
0009-0005-0001,True,Favre de Thierrens,Favre de Thierrens,7.4301557540893555,10.018759727478027,2.588603973388672,0.7648891739024463
0009-0005-0002,True,"France, revue de l'État nouveau","tạp chí France, revue de l'État nouveau (tạp chí được xuất bản với mục đích tuyên truyền của Chế độ Vichy)",7.602406978607178,8.913031578063965,1.310624599456787,0.6976533384157984
0009-0005-0003,False,,Favre de Thierrens,8.434338569641113,8.11298942565918,-0.3213491439819336,0.598078962820397
0009-0005-0004,True,Commissariat au reclassement des prisonniers de guerre,Sở hướng nghiệp cho tù binh chiến trah),8.445859909057617,9.274330139160156,0.8284702301025391,0.6696368618577742
0009-0005-0005,True,Favre de Thierrens,Légion française des combattants et des volontaires de la révolution nationale (Quân đòan chiến binh và tình nguyện Pháp cho cuộc cách mạng quốc gia),6.937875747680664,10.368318557739258,3.4304428100585938,0.8031285053302215
0009-0005-0006,True,Légion française des combattants et des volontaires de la révolution nationale (Quân đòan chiến binh và tình nguyện Pháp cho cuộc cách mạng quốc gia),Légion française des combattants et des volontaires de la révolution nationale (Quân đòan chiến binh và tình nguyện Pháp cho cuộc cách mạng quốc gia),4.8499979972839355,10.90449333190918,6.054495334625244,0.8919984804122286
0009-0005-0007,True,Commissariat au reclassement des prisonniers de guerre,Sở hướng nghiệp cho tù binh chiến trah),8.538951873779297,6.521076679229736,-2.0178751945495605,0.4853627569372738
0009-0005-0008,False,,Sở hướng nghiệp cho tù binh chiến trah),8.428940773010254,6.919284343719482,-1.5096564292907715,0.5195014746740126
0009-0005-0009,False,,"tạp chí France, revue de l'État nouveau (tạp chí được xuất bản với mục đích tuyên truyền của Chế độ Vichy)",7.633705139160156,8.905130386352539,1.2714252471923828,0.6954261305739923
0009-0006-0001,True,"Jean Roussel, Max Varenne, và tiến sĩ Guy Fric","Jean Roussel, Max Varenne, và tiến sĩ Guy Fric",8.713747024536133,5.191998481750488,-3.5217485427856445,0.38631877226831224
0009-0006-0002,True,gây ra một vụ hỗn lọan lớ,Mitterrand và Fric gây ra một vụ hỗn lọan lớn,8.267295837402344,8.798768997192383,0.5314731597900391,0.6517428919838513
0009-0006-0003,True,Từ giữa năm 1942,Từ giữa năm 1942,8.652167320251465,6.730962753295898,-1.9212045669555664,0.4918556547394373
0009-0006-0004,True,cháu của Tướng Charles de Gaulle,"Michel Cailliau, cháu của Tướng Charles de Gaulle",8.627508163452148,6.979818344116211,-1.6476898193359375,0.5102339639010857
0009-0006-0005,False,,"Jean Roussel, Max Varenne, và tiến sĩ Guy Fric",8.67734146118164,9.831997871398926,1.1546564102172852,0.6887374185374814
0009-0006-0006,False,,"Jean Roussel, Max Varenne, và tiến sĩ Guy Fric",8.719703674316406,7.778570652008057,-0.9411330223083496,0.5574617056477661
0009-0006-0007,True,Từ mùa xuân năm 1942,"Jean Roussel, Max Varenne, và tiến sĩ Guy Fric",8.625072479248047,9.737635612487793,1.112563133239746,0.686306598955378
0009-0006-0008,True,Từ giữa năm 1942,ông tham gia các cuộc gặp gỡ tại Château de Montmaur,7.95158052444458,10.52114200592041,2.56956148147583,0.7639674118546347
0009-0007-0001,True,thập niên 1950,thập niên 1950,7.873882293701172,8.125773429870605,0.2518911361694336,0.6344966075818184
0009-0007-0002,True,Pierre Moscovici và Jacques Attali,Pierre Moscovici và Jacques Attali,7.929421424865723,10.58740234375,2.6579809188842773,0.7682262746246579
0009-0007-0003,False,,Mitterrand được nhận Ordre de la francisque (danh hiệu danh dự của Chế độ Vichy),8.899720191955566,4.521727085113525,-4.377993106842041,0.33337167420690783
0009-0007-0004,True,"gười lãnh đạo của ông Maurice Pinot, một vichysto-résistant khác, bị thay thế bởi cộng tác viên André Masson",Mitterrand được nhận Ordre de la francisque (danh hiệu danh dự của Chế độ Vichy),8.867199897766113,5.347598075866699,-3.519601821899414,0.38645558556498827
0009-0007-0005,False,,Mitterrand được nhận Ordre de la francisque (danh hiệu danh dự của Chế độ Vichy),8.869915008544922,4.9683685302734375,-3.9015464782714844,0.362413545885762
0009-0007-0006,True,Cuối năm 1942,Mitterrand rời ban thư ký tháng 1 năm 1943,8.93027400970459,6.210205078125,-2.72006893157959,0.4384837071823707
0009-0007-0007,True,Maréchal Pétain,Mitterrand được nhận Ordre de la francisque (danh hiệu danh dự của Chế độ Vichy),8.161602973937988,10.350482940673828,2.18887996673584,0.7450201171264047
0009-0007-0008,True,một thành viên của nội các Maréchal Pétain,Mitterrand được nhận Ordre de la francisque (danh hiệu danh dự của Chế độ Vichy),8.874749183654785,7.542981147766113,-1.3317680358886719,0.5314241741946274
0009-0008-0001,False,,Tướng Henri Giraud,7.772832870483398,9.802084922790527,2.029252052307129,0.7367836468765789
0009-0008-0002,True,1943,ORA.,8.199666976928711,9.084076881408691,0.8844099044799805,0.6729548277558082
0009-0008-0003,True,các cựu tù binh chiến tranh,Tập hợp tù binh chiến tranh Quốc gia,8.744462966918945,7.818551540374756,-0.9259114265441895,0.5584708632048093
0009-0008-0004,True,Tướng Henri Giraud,Tướng Henri Giraud,7.062140941619873,10.210306167602539,3.148165225982666,0.7908548940992722
0009-0008-0005,True,xây dựng một mạng lưới kháng chiến,"Mitterrand dự định xây dựng một mạng lưới kháng chiến, chủ yếu gồm các cựu tù binh chiến tranh như mình",8.83924388885498,6.37619161605835,-2.463052272796631,0.45555981702936776
0009-0008-0006,True,Tướng Charles de Gaulle,Tướng Charles de Gaulle,6.406672477722168,10.699048042297363,4.292375564575195,0.8372155227027396
0009-0008-0007,True,người khuyến khích phong trào kháng chiến Pháp ủng hộ Mitterrand thay vì Michel Cailliau,"ORA. Tháng 3, Mitterrand gặp Henri Frenay, người khuyến khích phong trào kháng chiến Pháp ủng hộ Mitterrand thay vì Michel Cailliau",8.703672409057617,5.923195838928223,-2.7804765701293945,0.4344897799302992
0009-0008-0008,False,,Tướng Charles de Gaulle,7.066179275512695,10.496686935424805,3.4305076599121094,0.8031312615267452
0009-0009-0001,False,,những thanh niên Pháp bị buộc phải tới làm việc ở Đức,7.632686614990234,10.286108016967773,2.653421401977539,0.7680079762382308
0009-0009-0002,True,Masson không có quyền tuyên bố thay mặt các tù binh chiến tranh,"Masson không có quyền tuyên bố thay mặt các tù binh chiến tranh và gọi ""la relève""",8.728902816772461,5.127703666687012,-3.601199150085449,0.38126806871073454
0009-0009-0003,False,,Piatzook đã yểm trợ cho ông chạy trốn,8.776310920715332,5.800623416900635,-2.9756875038146973,0.42164371487261826
0009-0009-0004,False,,"Masson không có quyền tuyên bố thay mặt các tù binh chiến tranh và gọi ""la relève""",8.682439804077148,5.977601051330566,-2.704838752746582,0.4394919501560892
0009-0009-0005,True,những thanh niên Pháp bị buộc phải tới làm việc ở Đức,những thanh niên Pháp bị buộc phải tới làm việc ở Đức,7.069121360778809,10.452492713928223,3.383371353149414,0.8011202254766631
0009-0009-0006,True,1943,Masson không có quyền tuyên bố thay mặt các tù binh chiến tranh,8.658069610595703,7.625428199768066,-1.0326414108276367,0.551385188139105
0009-0009-0007,True,một trò bịp,những tù binh chiến tranh Pháp quay trở về nhà nếu họ được thay thế bởi những thanh niên Pháp bị buộc phải tới làm việc ở Đức,8.63810920715332,6.4710307121276855,-2.1670784950256348,0.4753519603661359
0009-0009-0008,True,Piatzook,Piatzook đã yểm trợ cho ông chạy trốn,8.720132827758789,7.113164901733398,-1.6069679260253906,0.5129690348935327
0009-0009-0009,False,,ngừng một cuộc tụ họp công khai tại Salle Wagram ở Paris,8.090043067932129,9.448860168457031,1.3588171005249023,0.7003788201991479
0009-0009-0010,True,gừng một cuộc tụ họp công khai tại Salle Wagram ở Paris,ngừng một cuộc tụ họp công khai tại Salle Wagram ở Paris,7.722916603088379,9.778717994689941,2.0558013916015625,0.7381653255658055
0009-0010-0001,True,Cailliau,Phong trào Quốc gia của các Tù binh chiến tranh và Người bị trục xuất,7.419073104858398,10.540836334228516,3.121763229370117,0.7896786094073062
0009-0010-0002,False,,Phong trào Quốc gia của các Tù binh chiến tranh và Người bị trục xuất,8.723844528198242,8.713825225830078,-0.010019302368164062,0.6180202972591643
0009-0010-0003,True,những người bạn cảnh báo,Phong trào Quốc gia của các Tù binh chiến tranh và Người bị trục xuất,8.593762397766113,8.428781509399414,-0.16498088836669922,0.608139776041742
0009-0010-0004,False,,Phong trào Quốc gia của các Tù binh chiến tranh và Người bị trục xuất,7.842418670654297,8.963254928588867,1.1208362579345703,0.6867851724558726
0009-0010-0005,True,Morland,Phong trào Quốc gia của các Tù binh chiến tranh và Người bị trục xuất,8.480157852172852,8.929940223693848,0.4497823715209961,0.6467423509749866
0009-0010-0006,True,Vichy,Vichy,7.111813545227051,10.064558029174805,2.952744483947754,0.7820335253076777
0009-0010-0007,True,Charles de Gaulle,Phong trào Quốc gia của các Tù binh chiến tranh và Người bị trục xuất,8.579187393188477,8.602804183959961,0.023616790771484375,0.6201524486213612
0009-0010-0008,True,ngày 15 tháng 11 năm 1943,Phong trào Quốc gia của các Tù binh chiến tranh và Người bị trục xuất,8.092928886413574,8.398879051208496,0.3059501647949219,0.637859933578445
0009-0011-0001,True,Jacques Foccart,Mitterrand và Jacques Foccart cùng đặt một kế họach giải phóng các tù binh chiến tranh và các trại tập trung,8.074978828430176,8.104104995727539,0.02912616729736328,0.6205012422112569
0009-0011-0002,False,,người bạn và là thành viên trong mạng lưới của ông Robert Antelme đang bị sốt Rickettsia,8.486701965332031,7.6456217765808105,-0.8410801887512207,0.5640859158561881
0009-0011-0003,False,,người bạn và là thành viên trong mạng lưới của ông Robert Antelme đang bị sốt Rickettsia,7.592898368835449,9.63883113861084,2.0459327697753906,0.7376522904206705
0009-0011-0004,True,Kaufering và Dachau,người bạn và là thành viên trong mạng lưới của ông Robert Antelme đang bị sốt Rickettsia,8.786428451538086,6.61168098449707,-2.1747474670410156,0.4748378766190735
0009-0011-0005,False,,Mitterrand và Jacques Foccart cùng đặt một kế họach giải phóng các tù binh chiến tranh và các trại tập trung,8.210197448730469,8.10890007019043,-0.10129737854003906,0.6122115473850528
0009-0011-0006,True,Antelme được ra lệnh ở lại trong trại để ngăn ngừa bệnh lây truyền,Antelme đang bị sốt Rickettsia,8.55030632019043,7.215091228485107,-1.3352150917053223,0.5311934369442936
0009-0011-0007,True,cùng đặt một kế họach giải phóng các tù binh chiến tranh và các trại tập trung,chiến dịch Viacarage,7.576328277587891,9.710726737976074,2.1343984603881836,0.7422281390462484
0009-0011-0008,True,Robert Antelme,người bạn và là thành viên trong mạng lưới của ông Robert Antelme,7.731962203979492,10.032485961914062,2.3005237579345703,0.7506789907774002
0009-0012-0001,True,Sau cuộc thế chiến,Sau cuộc thế chiến,8.289717674255371,7.788694381713867,-0.5010232925415039,0.5864162989728976
0009-0012-0002,True,tháng 6 năm 1946,1946,8.092727661132812,6.039396286010742,-2.0533313751220703,0.4829824588939941
0009-0012-0003,True,"một thực thể bầu cử gồm Đảng cấp tiến, Liên minh Kháng chiến Dân chủ Xã hội","""liên minh ba đảng"" (Cộng sản, Xã hội và Dân chủ Thiên chúa giáo)",8.6683349609375,5.778351306915283,-2.889983654022217,0.42727156398632443
0009-0012-0004,True,Tập hợp những người Cộng hòa cánh Tả,phái Tập hợp những người Cộng hòa cánh Tả,8.024888038635254,8.680917739868164,0.6560297012329102,0.6593031601475665
0009-0012-0005,False,,1946,8.256242752075195,5.6621575355529785,-2.594085216522217,0.4468383892336181
0009-0012-0006,False,,"""liên minh ba đảng"" (Cộng sản, Xã hội và Dân chủ Thiên chúa giáo)",6.699962615966797,8.503332138061523,1.8033695220947266,0.7248403304429841
0009-0012-0007,True,đối lập,"Cộng sản, Xã hội và Dân chủ Thiên chúa giáo",7.367971420288086,8.059868812561035,0.6918973922729492,0.6614654922645188
0009-0013-0001,True,giành được một ghế đại biểu tại Nièvre département,"ông giành được một ghế đại biểu tại Nièvre département. Để được bầu, ông phải giành một ghế với cái giá là Đảng Cộng sản Pháp (PCF)",8.425178527832031,7.514813423156738,-0.910365104675293,0.5595010510077806
0009-0013-0002,True,thực hiện một chiến dịch tranh cử rất chống cộng,ông thực hiện một chiến dịch tranh cử rất chống cộng,8.497593879699707,4.197999000549316,-4.299594879150391,0.3380713280894566
0009-0013-0003,True,Tháng 1 năm 1947,Bộ trưởng cựu chiến binh chiến tranh,7.282381057739258,9.294382095336914,2.0120010375976562,0.7358833630960834
0009-0013-0004,False,,Đệ tứ cộng hòa,8.776894569396973,2.838961601257324,-5.937932968139648,0.2474437240605856
0009-0013-0005,True,11,Đệ tứ cộng hòa với tư cách Đại biểu và Bộ trưởng (tổng cộng giữ 11 chức vụ bộ trưởng),8.423544883728027,4.810866355895996,-3.6126785278320312,0.3805404104233861
0009-0013-0006,True,giành một ghế với cái giá là Đảng Cộng sản Pháp (PCF),Đệ tứ cộng hòa,8.732584953308105,2.4416310787200928,-6.290953874588013,0.2301993338285939
0009-0013-0007,False,,Đệ tứ cộng hòa,8.426803588867188,5.3126373291015625,-3.114166259765625,0.4125937898983542
0009-0014-0001,True,"Mitterrand đưa ra một lời kêu gọi bỏ phiếu ""phản đối"" trong cuộc trưng cầu dân ý về hiến pháp","Mitterrand đưa ra một lời kêu gọi bỏ phiếu ""phản đối"" trong cuộc trưng cầu dân ý về hiến pháp",8.025741577148438,9.439142227172852,1.413400650024414,0.7034486914299712
0009-0014-0002,True,Mitterrand,Mitterrand,8.517752647399902,8.49481201171875,-0.022940635681152344,0.617200014511614
0009-0014-0003,True,quyết định đối đầu với Charles de Gaulle,cuộc khủng hỏang tháng 5 năm 1958 và áp lực quân đội,8.654561996459961,6.987292766571045,-1.667269229888916,0.5089186917373505
0009-0014-0004,True,ngày 4 tháng 10 năm 1958,"Mitterrand đưa ra một lời kêu gọi bỏ phiếu ""phản đối"" trong cuộc trưng cầu dân ý về hiến pháp",8.70346736907959,6.601984024047852,-2.1014833450317383,0.47975110457892045
0009-0014-0005,True,PCF và một số nhà chính trị cộng hòa cánh tả,PCF và một số nhà chính trị cộng hòa cánh tả (như Mendès-France và Mitterrand),8.875146865844727,5.9075469970703125,-2.967599868774414,0.4221739543371114
0009-0015-0001,False,,Nhóm Công nhân Quốc tế Pháp (SFIO) từ chối rút lui ứng cử viên của họ,8.237602233886719,7.6931867599487305,-0.5444154739379883,0.5835845837775981
0009-0015-0002,True,vòng hai,vòng hai,7.9505615234375,8.444686889648438,0.4941253662109375,0.6494607887453203
0009-0015-0003,True,Mendès-France,Đảng Xã hội Thống nhất,8.478200912475586,6.432460784912109,-2.0457401275634766,0.4834920247478074
0009-0015-0004,False,,Mitterrand được những người Cộng sản ủng hộ tuy nhiên Nhóm Công nhân Quốc tế Pháp (SFIO) từ chối rút lui ứng cử viên của họ. Sự chia rẽ này khiến ứng cử viên phe phe de Gaulle,8.748376846313477,3.7676775455474854,-4.980699300765991,0.2983883041478141
0009-0015-0005,True,làm đại diện cho Nièvre trong Thượng viện,Mitterrand được những người Cộng sản ủng hộ tuy nhiên Nhóm Công nhân Quốc tế Pháp (SFIO) từ chối rút lui ứng cử viên của họ. Sự chia rẽ này khiến ứng cử viên phe phe de Gaulle,8.762178421020508,4.049685955047607,-4.7124924659729,0.3136974906272396
0009-0015-0006,False,,Mitterrand được những người Cộng sản ủng hộ tuy nhiên Nhóm Công nhân Quốc tế Pháp (SFIO) từ chối rút lui ứng cử viên của họ. Sự chia rẽ này khiến ứng cử viên phe phe de Gaulle,8.782609939575195,3.788397789001465,-4.9942121505737305,0.29762842808880474
0009-0015-0007,False,,vòng hai,8.105141639709473,8.468932151794434,0.36379051208496094,0.641443618224367
0009-0015-0008,True,cựu đối thủ bên trong của Molletvà là cựu thành viên có tư tưởng cải cách của Đảng Cộng sản,ứng cử viên phe phe de Gaulle,8.667778015136719,4.5038886070251465,-4.163889408111572,0.34628196731509003
0009-0015-0009,True,những người Cộng sản,Mitterrand được những người Cộng sản ủng hộ tuy nhiên Nhóm Công nhân Quốc tế Pháp (SFIO) từ chối rút lui ứng cử viên của họ. Sự chia rẽ này khiến ứng cử viên phe phe de Gaulle,8.761938095092773,4.287203311920166,-4.474734783172607,0.32761781110711746
0009-0016-0001,True,Thủ tướng Michel Debré,Thủ tướng Michel Debré,8.711746215820312,1.834460735321045,-6.877285480499268,0.203462217823456
0009-0016-0002,False,,Một số người chỉ trích ông tuyên bố rằng chính ông dựng lên vụ ám sát,8.667280197143555,3.668900966644287,-4.998379230499268,0.29739432330814086
0009-0016-0003,True,Algérie française,đơn vị ám sát Algérie française,8.624885559082031,4.7212018966674805,-3.903683662414551,0.36228081050313393
0009-0016-0004,True,trên Đại lộ de l'Observatoire ở Paris,"nấp phía sau một hàng rào, Vụ Observatory",6.97836971282959,9.833646774291992,2.8552770614624023,0.7775346276331153
0009-0016-0005,True,nấp phía sau một hàng rào,"Mitterrand tuyên bố đã thóat khỏi những viên đạn ám sát bằng cách nấp phía sau một hàng rào, Vụ Observatory",8.667435646057129,4.629728317260742,-4.037707328796387,0.35399956320258774
0009-0016-0006,False,,Vụ Observatory,8.649284362792969,5.3391571044921875,-3.3101272583007812,0.3998888808552259
0009-0016-0007,True,chính ông dựng lên vụ ám sát,"Một số người chỉ trích ông tuyên bố rằng chính ông dựng lên vụ ám sát, dẫn tới một phản ứng dữ dội chống Mitterrand",8.636839866638184,4.817105293273926,-3.819734573364258,0.3675103048168374
0009-0017-0001,True,PCF và SFIO,Hội nghị các định chế cộng hòa,8.760332107543945,4.888296127319336,-3.8720359802246094,0.3642485101545777
0009-0017-0002,True,tổ chức thành các câu lạc bộ,Hội nghị các định chế cộng hòa,8.676533699035645,6.751237392425537,-1.9252963066101074,0.49158076127054
0009-0017-0003,False,,cuộc bầu cử năm 1962,8.24189281463623,7.554072856903076,-0.6878199577331543,0.5741878582027188
0009-0017-0004,True,việc tập hợp các lực lượng cánh tả ở mức độ quốc gia,"ông ủng hộ việc tập hợp các lực lượng cánh tả ở mức độ quốc gia, gồm cả PCF, nhằm thách thức sự thống trị của phái de Gaulle. Hai năm sau, ông trở thành chủ tịch của Đại hội đồng Nièvre",6.6470046043396,10.767422676086426,4.120418071746826,0.8308174214182613
0009-0017-0005,True,Hai năm,"Hai năm sau, ông trở thành chủ tịch của Đại hội đồng Nièvre",8.170252799987793,7.4809770584106445,-0.6892757415771484,0.5740921790896765
0009-0017-0006,True,cuộc bầu cử năm 1962,"cuộc bầu cử năm 1962, ông giành lại ghế trong Quốc hội",8.144920349121094,6.94413423538208,-1.2007861137390137,0.5401809270888798
0009-0018-0001,True,đối thủ của ông trong SFIO,tư cách ứng cử viên tổng thống của Mitterrand,8.5409517288208,8.34865951538086,-0.1922922134399414,0.6063888978621811
0009-0018-0002,True,Mitterrand là một nhân vật đơn độc,"tư cách ứng cử viên tổng thống của Mitterrand đã ngăn cản được Gaston Defferre, đối thủ của ông trong SFIO, khỏi chạy đua chức tổng thống. Hơn nữa, Mitterrand là một nhân vật đơn độc",7.810837745666504,8.131475448608398,0.32063770294189453,0.6387714187911057
0009-0018-0003,True,PR,Đảng Xã hội cấp tiến (PR) và Đảng Xã hội Thống nhất (PSU),8.689285278320312,6.395655632019043,-2.2936296463012695,0.46687618941839587
0009-0018-0004,False,,Gaston Defferre,8.534339904785156,7.953454971313477,-0.5808849334716797,0.5812003542823679
0009-0018-0005,True,Mitterrand,Mitterrand,8.271141052246094,8.022817611694336,-0.2483234405517578,0.6027883171868939
0009-0018-0006,True,mọi đảng cánh tả,"Quốc tế Công nhân Pháp (SFIO), Đảng Cộng sản Pháp (PCF), Đảng Xã hội cấp tiến (PR) và Đảng Xã hội Thống nhất (PSU)",8.12993049621582,8.466329574584961,0.3363990783691406,0.6397484341266424
0009-0018-0007,False,,"tư cách ứng cử viên tổng thống của Mitterrand đã ngăn cản được Gaston Defferre, đối thủ của ông trong SFIO, khỏi chạy đua chức tổng thống. Hơn nữa, Mitterrand là một nhân vật đơn độc",7.923234462738037,8.615283966064453,0.692049503326416,0.6614746482193289
0009-0018-0008,False,,Mitterrand,8.351229667663574,7.798999786376953,-0.5522298812866211,0.5830740336949262
0009-0019-0001,True,10%,mọi ứng cử viên không vượt quá 10% phiếu,8.280147552490234,7.107303619384766,-1.1728439331054688,0.5420459708644314
0009-0019-0002,True,194,các đảng cánh tả vẫn xoay xở để giành được 63 ghế nhiều hơn trước với tổng cộng 194 ghế,7.990756988525391,7.038946151733398,-0.9518108367919922,0.5567535068251002
0009-0019-0003,True,Những người Cộng sản,Những người Cộng sản,7.602288246154785,9.37864875793457,1.7763605117797852,0.7233899598212502
0009-0019-0004,True,(247 ghế,Liên minh cầm quyền giành đa số nhưng bị giảm một ghế (247 ghế trong số 487),7.126153945922852,7.968390941619873,0.8422369956970215,0.6704549976849381
0009-0019-0005,False,,Những người Cộng sản,8.702929496765137,4.296183109283447,-4.4067463874816895,0.3316562388947226
0009-0019-0006,True,22.5%,Những người Cộng sản,7.897947311401367,7.776566982269287,-0.12138032913208008,0.6109291529962274
0009-0020-0001,True,Tháng 6 năm 1971,Tháng 6 năm 1971,7.6091485023498535,9.726361274719238,2.1172127723693848,0.7413433068565174
0009-0020-0002,True,Sau thất bại của FGDS,FGDS,8.294240951538086,8.848210334777832,0.5539693832397461,0.6531141584591109
0009-0020-0003,False,,FGDS,8.471769332885742,7.893429756164551,-0.5783395767211914,0.5813668842083161
0009-0020-0004,False,,một liên minh bầu cử,7.447358131408691,9.446004867553711,1.9986467361450195,0.7351850841583782
0009-0020-0005,True,một liên minh bầu cử,một liên minh bầu cử,5.679346561431885,10.01169204711914,4.332345485687256,0.8386744859509578
0009-0020-0006,True,Guy Mollet,những người ủng hộ Guy Mollet,8.113974571228027,9.145845413208008,1.0318708419799805,0.6816181124056472
0009-0020-0007,True,"một cuộc ""đối thọai lý tưởng"" với những người Cộng sản","Phe hành pháp của ""PS"" khi ấy bị thống trị bởi những người ủng hộ Guy Mollet. Họ đề xuất một cuộc ""đối thọai lý tưởng"" với những người Cộng sản",7.965334892272949,8.581499099731445,0.6161642074584961,0.6568920122033757
0009-0020-0008,False,,Tháng 6 năm 1971,7.718535423278809,9.662322998046875,1.9437875747680664,0.7323042066074467
0009-0021-0001,True,năm 1978,cuộc bầu cử lập pháp năm 1978,7.9365997314453125,6.821961402893066,-1.114638328552246,0.5459271523193547
0009-0021-0002,False,,"Michel Rocard, ông chỉ trích chương trình của PS",8.228514671325684,6.7228593826293945,-1.505655288696289,0.519769940556632
0009-0021-0003,True,"""cổ lỗ"" và ""không thực tế""","""cổ lỗ"" và ""không thực tế""",6.839522361755371,9.973817825317383,3.1342954635620117,0.7902375606296848
0009-0021-0004,True,nâng cấp Chương trình Chung,nâng cấp Chương trình Chung,7.339295387268066,8.050901412963867,0.7116060256958008,0.6626507966511128
0009-0021-0005,False,,"chương trình của PS là ""cổ lỗ"" và ""không thực tế""",8.223004341125488,8.201424598693848,-0.021579742431640625,0.6172864394090829
0009-0021-0006,True,những người Xã hội,"những người Xã hội đảm nhận vai trò lãnh đạo cánh tả, để lần đầu tiên có nhiều phiếu hơn nhữn người Cộng sản",8.2596435546875,7.8377203941345215,-0.4219231605529785,0.5915634708730683
0009-0021-0007,True,Michel Rocard,"Michel Rocard, ông chỉ trích chương trình của PS",8.088361740112305,6.995927333831787,-1.0924344062805176,0.547406278430018
0009-0022-0001,True,tổng thống đương nhiệm,tổng thống đương nhiệm,7.485161781311035,9.204290390014648,1.7191286087036133,0.7203010822023092
0009-0022-0002,False,,chương trình Xã hội 110 Đề xuất cho nước Pháp,3.3354148864746094,7.27656364440918,3.9411487579345703,0.8239357094244504
0009-0022-0003,True,51.76%,vòng một,8.57476806640625,5.020302772521973,-3.5544652938842773,0.3842359239239328
0009-0022-0004,True,Xã hội 110,chương trình Xã hội 110 Đề xuất cho nước Pháp,3.334820032119751,7.63723611831665,4.302416086196899,0.8375830137721811
0009-0022-0005,False,,vòng một,8.486018180847168,5.379276275634766,-3.1067419052124023,0.413077551218004
0009-0022-0006,True,cuộc xung đột trong cánh hữu đa số,cuộc xung đột trong cánh hữu đa số,8.40475082397461,7.910488128662109,-0.4942626953125,0.5868569774006611
0009-0022-0007,True,25.85%,25.85% phiếu bầu ở vòng một,7.955816268920898,8.175654411315918,0.21983814239501953,0.6324961664138553
0009-0022-0008,False,,cuộc xung đột trong cánh hữu đa số,8.504022598266602,6.901076793670654,-1.6029458045959473,0.5132391397341779
0009-0022-0009,False,,tổng thống đương nhiệm,7.423935890197754,8.984034538269043,1.560098648071289,0.7116082368915216
0009-0023-0001,False,,"một chính sách kinh tế cánh tả dựa trên 110 Đề xuất cho Pháp và Common Program năm 1972 giữa Đảng Xã hội, Đảng Cộng sản và Đảng Cấp tiến cánh Tả",8.526419639587402,7.673187732696533,-0.8532319068908691,0.5632825562762053
0009-0023-0002,False,,Mục tiêu là khuyến khích bùng nổ nhu cầu,8.795857429504395,3.555065155029297,-5.240792274475098,0.28396085367841595
0009-0023-0003,False,,tăng 10% lương tối thiểu,8.665465354919434,6.782726287841797,-1.8827390670776367,0.49444008279781315
0009-0023-0004,True,cuộc chiến chống lạm phát,Mục tiêu là khuyến khích bùng nổ nhu cầu và vì thế là cả họat động kinh tế (Keynesianism),8.868507385253906,2.57733416557312,-6.291173219680786,0.23018888568924736
0009-0023-0005,True,39,"làm việc 39 giờ mỗi tuần, 5 tuần nghỉ mỗi năm, việc tạo lập thuế đòan kết trên tài sản, tăng phúc lợi xã hội, và mở rộng quyền được tư vấn và thông tin của công nhân về công việc của họ",8.747651100158691,4.758512496948242,-3.989138603210449,0.35699079633483705
0009-0023-0006,False,,Mục tiêu là khuyến khích bùng nổ nhu cầu và vì thế là cả họat động kinh tế (Keynesianism),8.570490837097168,7.86922550201416,-0.7012653350830078,0.5733039714457356
0009-0023-0007,True,khuyến khích bùng nổ nhu cầu,Mục tiêu là khuyến khích bùng nổ nhu cầu và vì thế là cả họat động kinh tế (Keynesianism),8.483663558959961,8.646139144897461,0.1624755859375,0.6289047694297442
0009-0023-0008,True,10%,tăng 10% lương tối thiểu,8.716228485107422,6.108095169067383,-2.608133316040039,0.44590520371357695
0009-0023-0009,True,"một chính sách kinh tế cánh tả dựa trên 110 Đề xuất cho Pháp và Common Program năm 1972 giữa Đảng Xã hội, Đảng Cộng sản và Đảng Cấp tiến cánh Tả","một chính sách kinh tế cánh tả dựa trên 110 Đề xuất cho Pháp và Common Program năm 1972 giữa Đảng Xã hội, Đảng Cộng sản và Đảng Cấp tiến cánh Tả",8.541688919067383,7.823227405548096,-0.7184615135192871,0.57217282848083
0009-0024-0001,False,,Năm 1983,7.950082778930664,8.971597671508789,1.021514892578125,0.6810136986562554
0009-0024-0002,False,,"Đạo luật anti-casseurs"" quy định việc quy trách nhiệm cho các hành động bạo lực trong các cuộc biểu tình",8.40412712097168,5.695382595062256,-2.708744525909424,0.43923333869691045
0009-0024-0003,True,bãi bỏ hình phạt tử hình,Mitterrand đã bãi bỏ hình phạt tử hình,8.389016151428223,7.965087413787842,-0.42392873764038086,0.5914332075030241
0009-0024-0004,True,quy trách nhiệm cho các hành động bạo lực trong các cuộc biểu tình,"Đạo luật anti-casseurs"" quy định việc quy trách nhiệm cho các hành động bạo lực trong các cuộc biểu tình",8.633163452148438,5.052156448364258,-3.5810070037841797,0.3825493071135039
0009-0024-0005,True,Cour de sûreté,Cour de sûreté,8.377016067504883,8.170148849487305,-0.20686721801757812,0.605453398751251
0009-0024-0006,True,bộ luật phi tập trung đầu tiên (Đạo luật Defferre) và tự do hóa truyền thông,Mitterrand đã thông qua những bộ luật phi tập trung đầu tiên (Đạo luật Defferre) và tự do hóa truyền thông,8.9210205078125,2.385753631591797,-6.535266876220703,0.21876835155281815
0009-0024-0007,True,Năm 1983,"1983, Mitterrand trở thành một công dân danh dự của Belgrade",8.049137115478516,6.624741554260254,-1.4243955612182617,0.5252195665416975
0009-0024-0008,False,,"CSA cơ quan quản lý truyền thông, và cho phép đài truyền thanh tư nhân và kênh truyền hình tư nhân đầu tiên (Canal+)",8.934491157531738,2.898439884185791,-6.036051273345947,0.2425651513730719
0009-0025-0001,False,,Mitterrand từ chối ký các nghị định tự do hóa,8.404247283935547,5.5926666259765625,-2.8115806579589844,0.4324365728513885
0009-0025-0002,False,,"Chirac xử lý hầu hết các chính sách trong nước trong khi Mitterrand tập trung vào ""lĩnh vực dành riêng"" của ông: quan hệ nước ngòai và quốc phòng",8.631301879882812,4.094535827636719,-4.536766052246094,0.32395534668800574
0009-0025-0003,True,"Mitterrand từ chối ký các nghị định tự do hóa, buộc Chirac phải để nó được thông qua theo đường nghị viện",Mitterrand từ chối ký các nghị định tự do hóa,8.468217849731445,5.80670690536499,-2.661510944366455,0.442362971019764
0009-0025-0004,True,các phong trào xã hội,Hông ngầm ủng hộ các phong trào xã hội,8.221342086791992,7.559772491455078,-0.6615695953369141,0.5759121622917035
0009-0025-0005,True,Lợi dụng những khó khăn của nội các Chirac,Lợi dụng những khó khăn của nội các Chirac,7.930994510650635,8.828733444213867,0.8977389335632324,0.6737428859045084
0009-0025-0006,True,Chirac,"Chirac xử lý hầu hết các chính sách trong nước trong khi Mitterrand tập trung vào ""lĩnh vực dành riêng"" của ông: quan hệ nước ngòai và quốc phòng",8.688617706298828,3.8249847888946533,-4.863632917404175,0.30501770715760756
0009-0025-0007,True,quan hệ nước ngòai và quốc phòng,"Chirac xử lý hầu hết các chính sách trong nước trong khi Mitterrand tập trung vào ""lĩnh vực dành riêng"" của ông: quan hệ nước ngòai và quốc phòng",8.4825439453125,6.946444511413574,-1.5360994338989258,0.517726943565488
0009-0026-0001,False,,"việc thành lập Bù đắp Thu nhập Tối thiểu (RMI), đảm bảo một mức độ thu nhập tối thiểu cho những người bị tước đọat bất kỳ hình thức thu nhập nào, việc tái lập thuế đòan kết vào tài sản",8.582843780517578,9.189679145812988,0.6068353652954102,0.656326608275672
0009-0026-0002,True,Chính sách Nông nghiệp Chung,"Kim tự tháp Louvre, Đường hầm eo biển Manche, Grande Arche tại La Défense, Bastille Opera, Bộ Tài chính tại Bercy, Thư viện Quốc gia Pháp",8.959035873413086,3.7127432823181152,-5.246292591094971,0.28366032927137896
0009-0026-0003,True,Thỏa thuận Matignon về New Caledonia,Thỏa thuận Matignon về New Caledonia,8.647741317749023,8.058242797851562,-0.5894985198974609,0.5806366734679641
0009-0026-0004,False,,"Kim tự tháp Louvre, Đường hầm eo biển Manche, Grande Arche tại La Défense, Bastille Opera, Bộ Tài chính tại Bercy, Thư viện Quốc gia Pháp",8.96869945526123,3.078829050064087,-5.8898704051971436,0.24985735716548008
0009-0026-0005,True,thuế đòan kết,việc tái lập thuế đòan kết vào tài sản,4.808113098144531,10.32459831237793,5.516485214233398,0.8772562082782651
0009-0026-0006,True,một mức độ thu nhập tối thiểu,"Bù đắp Thu nhập Tối thiểu (RMI), đảm bảo một mức độ thu nhập tối thiểu",5.986477851867676,10.022558212280273,4.036080360412598,0.827606946580819
0009-0026-0007,False,,việc tái lập thuế đòan kết vào tài sản,6.493607997894287,9.89991569519043,3.4063076972961426,0.802100711046441
0009-0026-0008,True,"Nhiều công trình kiến trúc lớn được tiếp tục, với việc xây dựng Kim tự tháp Louvre, Đường hầm eo biển Manche, Grande Arche tại La Défense, Bastille Opera, Bộ Tài chính tại Bercy, Thư viện Quốc gia Pháp","Kim tự tháp Louvre, Đường hầm eo biển Manche, Grande Arche tại La Défense, Bastille Opera, Bộ Tài chính tại Bercy, Thư viện Quốc gia Pháp",8.962507247924805,2.9798583984375,-5.982648849487305,0.24521225318148754
0009-0027-0001,False,,Pháp,8.691441535949707,2.5469768047332764,-6.144464731216431,0.23725121935992638
0009-0027-0002,False,,Edith Cresson,8.5339937210083,4.96578311920166,-3.5682106018066406,0.38336211560930905
0009-0027-0003,True,ngày 1 tháng 5 năm 1993,Ông tự sát ngày 1 tháng 5 năm 1993,8.079717636108398,6.728490829467773,-1.351226806640625,0.5301214796829569
0009-0027-0004,False,,Người kế nhiệm bà Pierre Bérégovoy,8.447751998901367,4.4781951904296875,-3.9695568084716797,0.3581999690407452
0009-0027-0005,True,năm 1991,Pháp,8.594433784484863,2.5930685997009277,-6.0013651847839355,0.2442822891165502
0009-0027-0006,False,,Mitterrand bãi chức Rocard năm 1991 và chỉ định Edith Cresson thay thế ông,8.435254096984863,5.476048946380615,-2.959205150604248,0.42272451649773707
0009-0027-0007,True,Edith Cresson,Edith Cresson,8.560467720031738,3.750340461730957,-4.810127258300781,0.308075064623239
0009-0027-0008,True,Bất bình với thất bại của Rocard trong việc thực hiện các chương trình xã hội,Mitterrand bãi chức Rocard năm 1991 và chỉ định Edith Cresson,8.448972702026367,5.288495063781738,-3.160477638244629,0.40958004403059434
0009-0027-0009,True,Pierre Bérégovoy,Người kế nhiệm bà Pierre Bérégovoy,8.330745697021484,6.459759712219238,-1.870985984802246,0.49522981699671903
0009-0028-0001,False,,Jacques Chirac,8.778133392333984,3.259636402130127,-5.518496990203857,0.26903058131311774
0009-0028-0002,True,Bộ trưởng Tài chính của đảng Tập hợp vì nền Cộng hòa,Thủ tướng,8.67570972442627,6.480381965637207,-2.1953277587890625,0.47345855889269206
0009-0028-0003,True,Edouard Balladur,cựu Bộ trưởng Tài chính của đảng Tập hợp vì nền Cộng hòa Edouard Balladur,6.862362861633301,10.332242965698242,3.4698801040649414,0.8047992619504182
0009-0028-0004,True,năm 1995,1995,8.550203323364258,5.197983264923096,-3.352220058441162,0.39717670322765347
0009-0028-0005,False,,cựu Bộ trưởng Tài chính của đảng Tập hợp vì nền Cộng hòa Edouard Balladur,7.951684951782227,8.854826927185059,0.903141975402832,0.6740620532556796
0009-0028-0006,False,,Thủ tướng,8.590579986572266,5.641745567321777,-2.9488344192504883,0.4234049392318754
0009-0028-0007,True,bệnh ung the,"bệnh ung the, vụ scandal về quá khứ của ông trong chế độ Vichy, và vụ tự sát của người bạn François de Grossouvre",8.231359481811523,8.986276626586914,0.7549171447753906,0.6652484004546891
0009-0028-0008,True,Jacques Chirac,Thủ tướng,8.591632843017578,5.398982048034668,-3.19265079498291,0.40749032976162364
0009-0029-0001,True,tháng 11 năm 1988,Liên Xô. Khi Mitterrand tới thăm Liên Xô,8.839874267578125,5.716866970062256,-3.123007297515869,0.4120179395216078
0009-0029-0002,True,châu Âu,sự hợp tác chặt chẽ hơn của châu Âu,8.700422286987305,6.226809501647949,-2.4736127853393555,0.4548558357678865
0009-0029-0003,False,,"châu Phi dẫn tới những tranh cãi liên quan tới vai trò của Pháp trong cuộc Diệt chủng Rwanda. Dù có những liên hệ với cánh tả của Mitterrand, trong thập niên 1980 nước Pháp ngày càng xa cách khỏi Liên Xô",8.147834777832031,8.247440338134766,0.09960556030273438,0.6249521385519732
0009-0029-0004,True,thập niên 1980,thập niên 1980 nước Pháp ngày càng xa cách khỏi Liên Xô,8.383228302001953,5.87988805770874,-2.503340244293213,0.4528751317889431
0009-0029-0005,True,châu Phi,"châu Phi dẫn tới những tranh cãi liên quan tới vai trò của Pháp trong cuộc Diệt chủng Rwanda. Dù có những liên hệ với cánh tả của Mitterrand, trong thập niên 1980 nước Pháp ngày càng xa cách khỏi Liên Xô",8.262502670288086,7.993050575256348,-0.2694520950317383,0.601427666273037
0009-0029-0006,True,truyền thông,Liên Xô,8.923521995544434,4.835943698883057,-4.087578296661377,0.3509399729718594
0009-0030-0001,True,bình diện quốc tế,"quốc tế, đặc biệt trong Cộng đồng Kinh tế châu Âu",7.879077911376953,7.977220058441162,0.09814214706420898,0.6248599329367208
0009-0030-0002,True,Đạo luật Một châu Âu,Đạo luật Một châu Âu,4.223819732666016,9.56625747680664,5.342437744140625,0.8721289838263522
0009-0030-0003,True,Helmut Kohl,Helmut Kohl và cải thiện đáng kể quan hệ Pháp-Đức,8.764758110046387,3.980134963989258,-4.784623146057129,0.3095383581090372
0009-0030-0004,True,Tháng 2 năm 1986,Đạo luật Một châu Âu,7.2767839431762695,9.36560344696045,2.0888195037841797,0.7398771086992334
0009-0030-0005,True,ngày 7 tháng 2 năm 1992,1992,6.897123336791992,6.100790500640869,-0.796332836151123,0.567041267921312
0009-0030-0006,False,,Đạo luật Một châu Âu,4.645038604736328,9.5310697555542,4.886031150817871,0.8578115784289819
0009-0031-0001,True,bài diễn văn La Baule của Mitterrand,loi-cadre Defferre năm 1956 dẫn tới tính cảm chống thực dân,8.643804550170898,9.748249053955078,1.1044445037841797,0.6858365768171855
0009-0031-0002,True,năm 1989,1989,8.999404907226562,6.360221862792969,-2.6391830444335938,0.4438439974237501
0009-0031-0003,False,,loi-cadre Defferre năm 1956 dẫn tới tính cảm chống thực dân,8.803489685058594,8.866378784179688,0.06288909912109375,0.6226360122089297
0009-0031-0004,True,Pháp,Các nước kém phát triển,8.592042922973633,8.0250883102417,-0.5669546127319336,0.5821115178608663
0009-0031-0005,True,La Baule,bài diễn văn La Baule của Mitterrand,8.91751766204834,5.406867027282715,-3.510650634765625,0.3870262493140934
0009-0031-0006,True,"một sự ""mở rộng dân chủ"", gồm một hệ thống đại diện, bầu cử tự do, đa đảng phái, tự do báo chí, tư pháp độc lập, và xóa bỏ kiểm duyệt","một sự ""mở rộng dân chủ"", gồm một hệ thống đại diện, bầu cử tự do, đa đảng phái, tự do báo chí, tư pháp độc lập, và xóa bỏ kiểm duyệt",6.543229103088379,9.705235481262207,3.162006378173828,0.7914696208879011
0009-0032-0001,False,,Pétain,8.694822311401367,3.73508620262146,-4.959736108779907,0.29956934290053
0009-0032-0002,True,Vichy,Vichy Pháp,8.258419036865234,6.715604782104492,-1.5428142547607422,0.5172762539276909
0009-0032-0003,True,năm 1992,năm 1992,8.326167106628418,7.549555778503418,-0.776611328125,0.5683422806632102
0009-0032-0004,True,Charles de Gaulle và Valéry Giscard d'Estaing,các tổng thống Charles de Gaulle và Valéry Giscard d'Estaing,8.028074264526367,10.062604904174805,2.0345306396484375,0.7370587276234581
0009-0032-0005,True,lãnh đạo các lực lượng vũ trang Pháp tại Trận Verdun,Pétain đã từng là người lãnh đạo các lực lượng vũ trang Pháp tại Trận Verdun trong Thế chiến I,8.619074821472168,4.434072494506836,-4.185002326965332,0.34499838316749887
0009-0032-0006,True,khi mọi người phát hiện rằng ông đã sắp xếp việc đặt vòng hoa trên mộ Thống chế Philippe Pétain vào mỗi Ngày đình chiến từ năm 1987,ông đã sắp xếp việc đặt vòng hoa trên mộ Thống chế Philippe Pétain vào mỗi Ngày đình chiến từ năm 1987,8.58713150024414,8.030707359313965,-0.5564241409301758,0.5827999304442095
0009-0033-0001,False,,Đảng Xã hội,7.909570693969727,8.47081470489502,0.561244010925293,0.6535570443970443
0009-0033-0002,True,Henri Nallet,Chiến dịch tranh cử của Mitterrand năm 1988 được chỉ đạo bởi Henri Nallet,8.456710815429688,7.812849044799805,-0.6438617706298828,0.5770742934920848
0009-0033-0003,True,Henri Emmanuelli,Người phụ trách tài chính của Đảng Xã hội Henri Emmanuelli,8.478935241699219,8.171405792236328,-0.3075294494628906,0.598971599241409
0009-0033-0004,True,Cơ quan tư vấn Urba,Cơ quan tư vấn Urba,8.295341491699219,8.035558700561523,-0.2597827911376953,0.6020505495025951
0009-0033-0005,True,Đảng Xã hội,Đảng Xã hội,6.657733917236328,9.625580787658691,2.9678468704223633,0.7827247172980534
0009-0033-0006,False,,họat động hối lộ,8.737895965576172,3.2773704528808594,-5.4605255126953125,0.27210602607658185
0009-0033-0007,False,,Chiến dịch tranh cử của Mitterrand năm 1988 được chỉ đạo bởi Henri Nallet,8.33572006225586,8.396330833435059,0.06061077117919922,0.6224921061341281
0009-0033-0008,True,cố vấn cho các xã đang dưới quyền lãnh đạo của phe xã hội về các dự án cơ sở hạ tầng và dự án công cộng,"họat động hối lộ, một sắc lệnh từ văn phòng của Mitterrand",8.68113899230957,4.0961456298828125,-4.584993362426758,0.3211226955510932
0009-0033-0009,False,,Cơ quan tư vấn Urba,8.588120460510254,5.84237003326416,-2.7457504272460938,0.43678473754044495
0009-0033-0010,False,,Người phụ trách tài chính của Đảng Xã hội Henri Emmanuelli,8.571189880371094,7.412432670593262,-1.158757209777832,0.5429857675942636
0009-0034-0001,True,Điện Elysée,Điện Elysée,8.847820281982422,4.719733715057373,-4.128086566925049,0.34846375774726995
0009-0034-0002,True,Libération,tờ Libération,8.459491729736328,8.393782615661621,-0.06570911407470703,0.6144802080759523
0009-0034-0003,True,3000 cuộc hội thọai,3000 cuộc hội thọai liên quan tới 150 người,8.717598915100098,5.41213321685791,-3.3054656982421875,0.40018962162654514
0009-0034-0004,True,Từ năm 1982 tới năm 1986,Từ năm 1982 tới năm 1986,8.399032592773438,8.11985969543457,-0.2791728973388672,0.6008011344588561
0009-0034-0005,True,Cảnh sát Quốc gia và Gendarmerie,Cảnh sát Quốc gia và Gendarmerie,8.154350280761719,9.63371467590332,1.4793643951416016,0.7071342046646384
0009-0034-0006,False,,"Cảnh sát Quốc gia và Gendarmerie, họat động dưới quyền Thủ tướng, và dưới sự giám sát của tư pháp",8.469306945800781,8.685331344604492,0.21602439880371094,0.6322578434920352
0009-0035-0001,True,20 năm,'vụ việc' được đưa ra trước tòa bởi vị quan tòa chỉ đạo Jean-Paul Vallat đầu tiên bị cản trở bởi 'vụ việc' được coi là bí mật quốc phòng,8.652312278747559,5.912012100219727,-2.740300178527832,0.4371451783311997
0009-0035-0002,True,12 người,tòa án trừng phạt Paris,8.79834270477295,4.615692138671875,-4.182650566101074,0.34514124977438515
0009-0035-0003,False,,phòng số 16 của tòa án trừng phạt Paris,6.3359761238098145,9.563129425048828,3.2271533012390137,0.794345105072927
0009-0035-0004,True,la Commission consultative du secret de la défense nationale,la Commission consultative du secret de la défense nationale,8.833175659179688,6.898720741271973,-1.9344549179077148,0.49096548118694283
0009-0035-0005,True,phòng số 16 của tòa án trừng phạt Paris,phòng số 16 của tòa án trừng phạt Paris,5.941237926483154,9.871091842651367,3.929853916168213,0.8234948426600441
0009-0035-0006,True,năm 2000,tòa án trừng phạt Paris,8.61901569366455,5.568360805511475,-3.050654888153076,0.41673747064593886
0009-0035-0007,False,,"7 người bị tuyên án treo và bị phạt, 4 người được tuyên vô tội",8.647197723388672,5.898377418518066,-2.7488203048706055,0.4365817469760459
0009-0036-0001,False,,"người bạn của Carole Bouquet, một luật sư có gia đình ở Trung Đông, Edwy Plenel, một nhà báo của tờ le Monde người theo dõi câu chuyện Rainbow Warriorvà luật sư Antoine Comte",8.572671890258789,9.850961685180664,1.278289794921875,0.6958168225294005
0009-0036-0002,True,ngày 9 tháng 11 năm 2005,Tòa trừng phạt Paris,8.979108810424805,7.196850776672363,-1.7822580337524414,0.5011922752569917
0009-0036-0003,True,Mitterrand,"người bạn của Carole Bouquet, một luật sư có gia đình ở Trung Đông, Edwy Plenel, một nhà báo của tờ le Monde người theo dõi câu chuyện Rainbow Warriorvà luật sư Antoine Comte",8.416704177856445,9.765719413757324,1.349015235900879,0.6998256243562151
0009-0036-0004,True,Edwy Plenel,bệnh ung thư tuyến tiền liệt của ông được chẩn đóan năm 1981 và các chi tiết quá khứ của ông thời Chế độ Vichy,8.991825103759766,3.456638813018799,-5.535186290740967,0.26814928065239896
0009-0036-0005,True,bệnh ung thư tuyến tiền liệt của ông được chẩn đóan năm 1981 và các chi tiết quá khứ của ông thời Chế độ Vichy,Mitterrand muốn giữ kín các chi tiết của đời sống cá nhân trước công chúng,8.911494255065918,5.605020999908447,-3.3064732551574707,0.40012461266326005
0009-0036-0006,False,,"người thành lập và kiểm sóat hầu hết chiến dịch.""",7.876469612121582,9.0244722366333,1.1480026245117188,0.6883538601241611
0009-0036-0007,False,,Tòa trừng phạt Paris,8.973464012145996,5.523519039154053,-3.4499449729919434,0.3909045260767334
0009-0036-0008,False,,bệnh ung thư tuyến tiền liệt của ông được chẩn đóan năm 1981 và các chi tiết quá khứ của ông thời Chế độ Vichy,8.998684883117676,3.4677278995513916,-5.530956983566284,0.26837244170759444
0009-0036-0009,False,,Mitterrand muốn giữ kín các chi tiết của đời sống cá nhân trước công chúng,8.973299026489258,4.825388431549072,-4.1479105949401855,0.34725490858236513
0009-0036-0010,True,"""người thành lập và kiểm sóat hầu hết chiến dịch.""","người thành lập và kiểm sóat hầu hết chiến dịch.""",7.5780253410339355,10.05029582977295,2.4722704887390137,0.7592191071097851
0009-0037-0001,True,Jean-Christophe,Juvénal Habyarimana,8.815683364868164,7.248956680297852,-1.5667266845703125,0.515671060972451
0009-0037-0002,True,Với sự giúp đỡ của Pháp,"quân đội Rwandan đã phát triển từ một lực lượng 9,000 người vào tháng 10 năm 1990 lên tới 28,000 người năm 1991",8.477784156799316,7.361675262451172,-1.1161088943481445,0.5458291608737945
0009-0037-0003,True,một chiến dịch quân sự được tiến hành theo sự ủy nhiệm của Liên hợp quốc (UN) mandate,một chiến dịch quân sự được tiến hành theo sự ủy nhiệm của Liên hợp quốc (UN) mandate,8.695703506469727,7.437263011932373,-1.2584404945373535,0.5363291959558529
0009-0037-0004,True,"28,000 người",quân đội Rwandan,8.910584449768066,4.792600631713867,-4.117983818054199,0.34908056552295375
0009-0037-0005,True,Rwanda Juvénal Habyarimana,Juvénal Habyarimana,8.205116271972656,10.762524604797363,2.557408332824707,0.7633778281247231
0009-0038-0001,True,sự liên can của Pháp vào vụ tấn công chiếc Rainbow Warrior bị phát hiện,sự liên can của Pháp vào vụ tấn công chiếc Rainbow Warrior,8.425909042358398,7.589401721954346,-0.8365073204040527,0.5643881448935691
0009-0038-0002,False,,Nhiếp ảnh gia Fernando Pereira bị chết đuối trong cuộc hỗn lọan sau đó khi ông tìm cách cứu các thiết bị của mình. Chính phủ New Zealand,8.781982421875,5.356232643127441,-3.4257497787475586,0.3924541542524826
0009-0038-0003,True,chuẩn bị phản đối cuộc thử nghiệm hạt nhân của Pháp ở Nam Thái Bình Dương,Bộ trưởng Quốc phòng Charles Hernu buộc phải từ chức sau khi sự liên can của Pháp vào vụ tấn công chiếc Rainbow Warrior,8.782184600830078,4.49720573425293,-4.284978866577148,0.3389510792766342
0009-0038-0004,True,Fernando Pereira,Nhiếp ảnh gia Fernando Pereira,8.123897552490234,8.935776710510254,0.8118791580200195,0.6686495168231468
0009-0038-0005,True,tổ chức Hòa bình xanh,tổ chức Hòa bình xanh,7.415587425231934,7.33585262298584,-0.07973480224609375,0.6135866941507035
0009-0038-0006,False,,tổ chức Hòa bình xanh,8.001687049865723,6.792079448699951,-1.2096076011657715,0.5395918870427906
0009-0038-0007,True,cuộc tấn công khủng bố đầu tiên vào đất nước,cuộc tấn công khủng bố,8.458307266235352,6.734580039978027,-1.7237272262573242,0.5051254255956796
0009-0039-0001,True,TVNZ,TVNZ,8.093441009521484,7.6107378005981445,-0.48270320892333984,0.587610140938616
0009-0039-0002,True,cái chết của Pereira,Pereira,8.28676700592041,6.200275421142578,-2.086491584777832,0.48075699396966187
0009-0039-0003,False,,Truyền hình New Zealand,8.161561965942383,6.017866134643555,-2.143695831298828,0.4769197174852355
0009-0039-0004,True,tìm cách tiếp cận một đọan video được thực hiện ở phiên xét xử đầu tiên,Truyền hình New Zealand,7.536643981933594,7.060703277587891,-0.4759407043457031,0.588050565114254
0009-0039-0005,False,,Truyền hình New Zealand,8.6346435546875,4.255390167236328,-4.379253387451172,0.3332963922686868
0009-0039-0006,True,Mitterrand đã cho phép thực hiện vụ việc gây ra cái chết của Pereira,mọi người phát hiện ra rằng đích thân Mitterrand đã cho phép thực hiện vụ việc gây ra cái chết của Pereira,8.597209930419922,6.489627838134766,-2.1075820922851562,0.47934194863084734
0009-0039-0007,True,Pierre Lacoste,Pierre Lacoste,8.08839225769043,7.501094818115234,-0.5872974395751953,0.5807807342166328
0010-0001-0001,False,,gà nuôi lấy thịt,8.574361801147461,5.110414505004883,-3.463947296142578,0.3900087221585958
0010-0001-0002,True,371,Gà nhà,8.632707595825195,5.154315948486328,-3.478391647338867,0.3890854162724644
0010-0001-0003,True,khỏang sáu năm,"Gà sống khỏang sáu năm hay hơn, tuy nhiên gà nuôi lấy thịt",8.659917831420898,4.586245536804199,-4.073672294616699,0.3517918896711747
0010-0001-0004,True,lấy thịt gà và trứng gà,"Gà được nuôi chủ yếu để lấy thịt gà và trứng gà, là phương tiện báo thức ở nông thông ngòai ra còn các sản phẩm khác như lông gà, phục vụ cho đá gà, và làm cảnh",8.668878555297852,4.892499923706055,-3.776378631591797,0.3702234521104043
0010-0001-0005,True,phương tiện báo thức,"Gà sống khỏang sáu năm hay hơn, tuy nhiên gà nuôi lấy thịt",8.744241714477539,3.97813081741333,-4.766110897064209,0.3106028925581578
0010-0001-0006,True,300 trứng,Một số giống gà có thể đẻ 300 trứng/năm; sách Kỷ lục Guinness 2011 dẫn ra kỷ lục gà đẻ 371 trứng trong 364 ngày.Khả năng đẻ trứng của gà lấy trứng,8.64565658569336,3.8003604412078857,-4.845296144485474,0.3060635682384624
0010-0001-0007,True,14 tuần tuổi.,gà nuôi lấy thịt,8.606163024902344,5.37233829498291,-3.2338247299194336,0.4048208793481595
0010-0001-0008,False,,"Gà sống khỏang sáu năm hay hơn, tuy nhiên gà nuôi lấy thịt",8.723544120788574,4.221633434295654,-4.50191068649292,0.32601066699808523
0010-0001-0009,False,,Gà nhà,8.649118423461914,4.965698719024658,-3.683419704437256,0.37606819037225603
0010-0002-0001,True,Tạ ơn hay Giáng sinh,thịt gà tây đã trở thành món ăn không thể thiếu trên bàn ăn của mỗi gia đình Mỹ dịp lễ Tạ ơn hay Giáng sinh,7.872296333312988,8.386134147644043,0.5138378143310547,0.6506661601319893
0010-0002-0002,True,Tạ ơn hay Giáng sinh,thịt gà tây đã trở thành món ăn không thể thiếu trên bàn ăn của mỗi gia đình Mỹ dịp lễ Tạ ơn hay Giáng sinh,8.319703102111816,7.273677349090576,-1.0460257530212402,0.5504950833038001
0010-0002-0003,False,,Gà tây rất dễ nuôi. Nó hiền lành và chăm kiếm mồi. Món ưa thích của gà tây lại là cỏ,8.725359916687012,4.359952926635742,-4.3654069900512695,0.33412396248718845
0010-0002-0004,True,Gà tây rất dễ nuôi. Nó hiền lành và chăm kiếm mồi,Gà tây rất dễ nuôi. Nó hiền lành và chăm kiếm mồi. Món ưa thích của gà tây lại là cỏ,8.688272476196289,4.584038734436035,-4.104233741760254,0.3499208676071235
0010-0002-0005,True,gà tây rừng,lọai gà tây rừng,7.67592716217041,8.948299407958984,1.2723722457885742,0.6954800452465025
0010-0002-0006,True,Nó hiền lành và chăm kiếm mồi,Gà tây rất dễ nuôi. Nó hiền lành và chăm kiếm mồi. Món ưa thích của gà tây lại là cỏ,8.728157043457031,4.396737098693848,-4.331419944763184,0.3361596242959134
0010-0002-0007,True,"ngũ cốc, đậu đỗ, cám bã","nó ăn tới 30-40% là rau xanh, cỏ lác",8.076424598693848,9.275691986083984,1.1992673873901367,0.6913023213958811
0010-0002-0008,False,,Gà tây nhà có nguồn gốc từ các lọai gà tây rừng,8.684993743896484,4.963904857635498,-3.7210888862609863,0.3736953028227282
0010-0003-0001,True,"Gà sao có sức đề kháng cao, thích nghi rộng với nhiều vùng sinh thái",Gà sao nhà,8.628828048706055,8.172277450561523,-0.45655059814453125,0.5893126080185366
0010-0003-0002,True,"gà sao trong tự nhiên chúng thuộc lớp Aves, bộ Điểu cầm, họ Phasiani, giống Numidiae",Gà sao nhà,8.445169448852539,7.154680252075195,-1.2904891967773438,0.534186204249726
0010-0003-0003,True,dù có điều trị tốt thì tỉ lệ khỏi cũng không quá 10%,Gà sao nhà,8.464031219482422,7.199677467346191,-1.2643537521362305,0.5359338943550346
0010-0003-0004,False,,Gà sao nhà,8.417797088623047,8.72991943359375,0.3121223449707031,0.6382430904958761
0010-0003-0005,True,"sức sống cao, ít bệnh tật, hao hụt không đáng kể, với tỉ lệ sống bình quân đạt 95,6%",Gà sao nhà,8.420816421508789,7.708736419677734,-0.7120800018310547,0.5725926849885881
0010-0003-0006,True,Numidiae,Gà sao,8.591538429260254,6.964797019958496,-1.6267414093017578,0.511641043018864
0010-0003-0007,True,bệnh nấm mỏ két,"gà sao vẫn bị một số bệnh, trong đó đáng chú ý nhất là bệnh nấm mỏ két",8.423946380615234,6.417078495025635,-2.0068678855895996,0.4861018564342272
0010-0003-0008,False,,Gà sao nhà,8.38509750366211,8.907001495361328,0.5219039916992188,0.6511588347875152
0010-0003-0009,False,,Gà sao nhà,8.340070724487305,8.629375457763672,0.2893047332763672,0.6368257448476485
0010-0003-0010,False,,Gà sao nhà,8.659954071044922,7.594274520874023,-1.0656795501708984,0.5491874534792208
0010-0004-0001,True,lòai vịt cổ xanh (Anas platyrhynchos) ở vùng Mallard,Vịt,8.567407608032227,5.889273166656494,-2.6781344413757324,0.4412609857294753
0010-0004-0002,True,"chúng cung cấp cho con người thịt vịt, trứng, lông",Vịt,8.55827522277832,5.115114688873291,-3.4431605339050293,0.3913388281568047
0010-0004-0003,True,vịt cổ xanh (Anas platyrhynchos),lòai vịt cổ xanh,7.670026779174805,10.577375411987305,2.9073486328125,0.7799463513719079
0010-0004-0004,False,,Vịt,8.601702690124512,4.314193248748779,-4.287509441375732,0.33879868178944356
0010-0004-0005,True,Trung Quốc,Trung Quốc,7.566863059997559,8.394367218017578,0.8275041580200195,0.669579411175067
0010-0004-0006,True,khỏang vài ngàn năm trước,Vịt,8.587306022644043,5.119990825653076,-3.467315196990967,0.3897933698327888
0010-0004-0007,True,"một lòai chim kiểng, hay phục vụ các màn xiếc trong Sở thú","vịt còn được dùng để nuôi nhốt như một lòai chim kiểng, hay phục vụ các màn xiếc trong Sở thú",8.686867713928223,5.111362934112549,-3.575504779815674,0.3828987200120548
0010-0004-0008,False,,Vịt nhà,8.562823295593262,4.605106830596924,-3.957716464996338,0.35893198551508504
0010-0004-0009,False,,"vịt còn được dùng để nuôi nhốt như một lòai chim kiểng, hay phục vụ các màn xiếc trong Sở thú",8.723087310791016,5.345422744750977,-3.377664566040039,0.39554027699766997
0010-0005-0001,True,3 lần,Ngan thuần hóa,8.457672119140625,6.098477363586426,-2.359194755554199,0.4624921596077055
0010-0005-0002,True,Lọai ngan có lông trắng,Lọai ngan có lông trắng,7.765054225921631,8.921358108520508,1.156303882598877,0.6888323473456903
0010-0005-0003,True,Ngan nhà và Ngan bướu mũi,Lọai ngan có lông trắng thích hợp cho sản xuất thịt. Ngan mái nặng khỏang 2–5 kg (5-10 pao); ngan trống,8.296453475952148,8.107526779174805,-0.18892669677734375,0.6066048035563094
0010-0005-0004,True,"do nạc hơn, chứ không chứa nhiều mỡ như thịt vịt, độ nạc và mềm của thịt ngan có thể so sánh với thịt bê",Thịt ngan,8.503470420837402,6.684704780578613,-1.818765640258789,0.49873893326053753
0010-0005-0005,True,Các giống ngan thuần hóa thường có các đặc trưng bộ lông khác với của ngan hoang,Ngan nhà và Ngan bướu mũi,8.256104469299316,7.371186256408691,-0.884918212890625,0.5611861976850602
0010-0005-0006,False,,Thịt ngan,8.531982421875,6.362327575683594,-2.1696548461914062,0.47517925073015427
0010-0006-0001,True,"Con ngỗng được ví như một cỗ máy xén cỏ, khả năng vặt cỏ của ngỗng tốt hơn bò, ngỗng có thể vặt tận gốc cây cỏ, cả phần củ rễ, ngỗng ăn tạp các lọai cỏ và không chê cỏ non, cỏ già, cỏ dại từ cỏ tranh đến lục bình ngỗng đều ăn được",Nuôi ngỗng có nhiều thuận lợi với đặc thù của ngỗng là có thể sử dụng rất hiệu quả thức ăn xanh,7.5400004386901855,6.1575775146484375,-1.382422924041748,0.5280321628519902
0010-0006-0002,True,"dễ nuôi, hay ăn, chóng lớn, ít mắc bệnh",Nuôi ngỗng,8.292051315307617,5.121429920196533,-3.170621395111084,0.4089208292823982
0010-0006-0003,True,Nuôi trong 4-8 tháng ngỗng đã cho thu họach 4–7 kg,"Nuôi trong 4-8 tháng ngỗng đã cho thu họach 4–7 kg. Có nhiều giống ngỗng như ngỗng trắng, ngỗng xám vằn, lọai chân thấp, chân cao",8.254644393920898,4.132696151733398,-4.1219482421875,0.34883846332319834
0010-0006-0004,False,,Nuôi ngỗng,7.545888900756836,7.50679874420166,-0.03909015655517578,0.6161738584616244
0010-0006-0005,True,"khả năng vặt cỏ của ngỗng tốt hơn bò, ngỗng có thể vặt tận gốc cây cỏ, cả phần củ rễ, ngỗng ăn tạp các lọai cỏ và không chê cỏ non, cỏ già, cỏ dại từ cỏ tranh đến lục bình ngỗng đều ăn được",Nuôi ngỗng có nhiều thuận lợi với đặc thù của ngỗng là có thể sử dụng rất hiệu quả thức ăn xanh,7.2567033767700195,8.157377243041992,0.9006738662719727,0.6739162776350696
0010-0006-0006,True,"Ngỗng chỉ ăn cỏ, ăn rau là chính, ít dùng lương thực",Nuôi ngỗng,7.835897445678711,7.308074951171875,-0.5278224945068359,0.5846680814523042
0010-0007-0001,True,"Nuôi chim bồ câu không đòi hỏi kỹ thuật chăm sóc, chi phí cao mà hiệu quả nhan","Chim bồ câu siêu thịt, có thể nặng từ 1,2 kg trở lên, dễ nuôi, nhanh lớn, ít bệnh, sinh sản tốt. Một số giống bồ câu nhà",8.617466926574707,3.796046495437622,-4.821420431137085,0.3074283483114259
0010-0007-0002,False,,"đậu nành xấu, ngô, lõi ngô, rau cỏ đem nghiền thành cám viên cho chim bồ câu ăn",8.65640926361084,5.758272647857666,-2.898136615753174,0.42673535467900003
0010-0007-0003,False,,"Chim bồ câu siêu thịt, có thể nặng từ 1,2 kg trở lên, dễ nuôi, nhanh lớn, ít bệnh, sinh sản tốt. Một số giống bồ câu nhà",8.646434783935547,3.7491331100463867,-4.89730167388916,0.3031026012100356
0010-0007-0004,True,ự đẻ trứng chỉ phụ thuộc vào một phần ánh sáng nhưng sự ấp trứng lại phụ thuộc chặt chẽ vào yếu tố ánh sáng,Chim bồ câu rất nhạy cảm với ánh sáng. Sự đẻ trứng chỉ phụ thuộc vào một phần ánh sáng nhưng sự ấp trứng lại phụ thuộc chặt chẽ vào yếu tố ánh sáng,8.245221138000488,7.3049421310424805,-0.9402790069580078,0.5575183375878892
0010-0007-0005,False,,chuồng nuôi thóang mát,8.531793594360352,7.039541244506836,-1.4922523498535156,0.520669158017736
0010-0007-0006,True,"Chim bồ câu siêu thịt, có thể nặng từ 1,2 kg trở lên, dễ nuôi, nhanh lớn, ít bệnh, sinh sản tốt","đậu nành xấu, ngô, lõi ngô, rau cỏ đem nghiền thành cám viên cho chim bồ câu ăn. Chim bồ câu nhà",8.555238723754883,3.9208598136901855,-4.634378910064697,0.3182355987514593
0010-0007-0007,False,,Nuôi chim bồ câu,8.589566230773926,4.537154197692871,-4.052412033081055,0.3530961710604017
0010-0007-0008,True,Chim bồ câu nhà đòi hỏi chuồng nuôi thóang mát. Chim bồ câu rất nhạy cảm với ánh sáng,"đậu nành xấu, ngô, lõi ngô, rau cỏ đem nghiền thành cám viên cho chim bồ câu ăn. Chim bồ câu nhà đòi hỏi chuồng nuôi thóang mát",8.570956230163574,4.135149002075195,-4.435807228088379,0.3299269844853259
0010-0007-0009,True,"Một số giống bồ câu nhà có thể tận dụng từ sản phẩm nông nghiệp dư thừa như: đậu nành xấu, ngô, lõi ngô, rau cỏ đem nghiền thành cám viên cho chim bồ câu ăn","đậu nành xấu, ngô, lõi ngô, rau cỏ đem nghiền thành cám viên cho chim bồ câu ăn",8.541363716125488,5.497736930847168,-3.0436267852783203,0.41719674111901445
0010-0007-0010,True,chuồng nuôi thóang mát,chuồng nuôi thóang mát,8.446981430053711,7.654158592224121,-0.7928228378295898,0.5672728879834801
0010-0007-0011,False,,"đậu nành xấu, ngô, lõi ngô, rau cỏ đem nghiền thành cám viên cho chim bồ câu ăn. Chim bồ câu nhà đòi hỏi chuồng nuôi thóang mát",8.596597671508789,3.9259140491485596,-4.6706836223602295,0.316122068045115
0011-0001-0001,True,"các chủng viện, trường dòng, học viện, đại học của các tôn giáo","các chủng viện, trường dòng, học viện, đại học của các tôn giáo",6.790063858032227,7.85330867767334,1.0632448196411133,0.6834454862304501
0011-0001-0002,False,,"Thần học giúp các nhà thần học hiểu rõ hơn về truyền thống tôn giáo của chính mình, về các truyền thống tôn giáo khác, cũng như so sánh giữa các truyền thống tôn giáo khác nhau, … Thần học",8.238590240478516,6.324592113494873,-1.9139981269836426,0.4923398135641259
0011-0001-0003,True,"là ngành nghiên cứu về các thần thánh, hay rộng hơn là về niềm tin tôn giáo, thực hành và trải nghiệm tôn giáo, về linh hồn","Thần học giúp các nhà thần học hiểu rõ hơn về truyền thống tôn giáo của chính mình, về các truyền thống tôn giáo khác, cũng như so sánh giữa các truyền thống tôn giáo khác nhau, … Thần học",8.123722076416016,7.162310600280762,-0.9614114761352539,0.5561165538161166
0011-0001-0004,True,"giúp các nhà thần học hiểu rõ hơn về truyền thống tôn giáo của chính mình, về các truyền thống tôn giáo khác, cũng như so sánh giữa các truyền thống tôn giáo khác nhau","Thần học giúp các nhà thần học hiểu rõ hơn về truyền thống tôn giáo của chính mình, về các truyền thống tôn giáo khác, cũng như so sánh giữa các truyền thống tôn giáo khác nhau, … Thần học",8.258880615234375,6.602740287780762,-1.6561403274536133,0.5096663064294379
0011-0001-0005,True,Theologia,Theologia,8.030559539794922,7.634774208068848,-0.3957853317260742,0.5932599555672515
0011-0001-0006,True,Theos (nghĩa là thần linh) và logos (nghĩa là lời),Thần học,8.166448593139648,7.390931606292725,-0.7755169868469238,0.5684144460795362
0011-0001-0007,True,"môn học nghiên cứu về những lời, lý lẽ phù hợp với Thiên Chúa","Theologia là môn học nghiên cứu về những lời, lý lẽ phù hợp với Thiên Chúa",7.827640533447266,8.812114715576172,0.9844741821289062,0.6788468797049546
0011-0002-0001,False,,thần học là khoa học về những điều thiêng liêng,8.300735473632812,5.916463375091553,-2.3842720985412598,0.4608168508467707
0011-0002-0002,True,Richchard Hooker,"giả thuyết cho rằng sự thiêng liêng hiện hữu trong một số hình thái như vật lý, siêu nhiên, tâm lý hay các thực thể xã hội",7.884120941162109,10.045058250427246,2.1609373092651367,0.743590646701807
0011-0002-0003,True,"nhắm tới thiết lập và đào sâu những kinh nghiệm và khái niệm, sử dụng những điều đó để đi tìm bằng chứng cho việc các hữu thể tồn tại và phát triển như thế nào, cuối cùng là đi đến việc khám phá những điều huyền bí","thần học nhắm tới thiết lập và đào sâu những kinh nghiệm và khái niệm, sử dụng những điều đó để đi tìm bằng chứng cho việc các hữu thể tồn tại và phát triển như thế nào, cuối cùng là đi đến việc khám phá những điều huyền bí",8.360498428344727,6.302565574645996,-2.0579328536987305,0.48267359976614
0011-0002-0004,True,"bắt đầu với giả thuyết cho rằng sự thiêng liêng hiện hữu trong một số hình thái như vật lý, siêu nhiên, tâm lý hay các thực thể xã hội","thần học nhắm tới thiết lập và đào sâu những kinh nghiệm và khái niệm, sử dụng những điều đó để đi tìm bằng chứng cho việc các hữu thể tồn tại và phát triển như thế nào, cuối cùng là đi đến việc khám phá những điều huyền bí",8.258678436279297,6.580490589141846,-1.6781878471374512,0.508185164741313
0011-0002-0005,True,"là những tranh luận, lập luận liên quan đến Thiên Chúa","thần học là những tranh luận, lập luận liên quan đến Thiên Chúa",8.259307861328125,7.130434513092041,-1.128873348236084,0.5449784505831488
0011-0002-0006,True,cho rằng thần học là khoa học về những điều thiêng liêng,thần học là khoa học về những điều thiêng liêng,8.264161109924316,7.669918060302734,-0.594243049621582,0.5803260971861414
0011-0003-0001,True,"chuyển tải những tình huống hiện thời hay điều cần thiết qua 1 truyền thống tôn giáo, hoặc tìm ra những cách thức có thể để lý giải thế giới","Thần học cũng có thể giúp các thần học gia chuyển tải những tình huống hiện thời hay điều cần thiết qua 1 truyền thống tôn giáo, hoặc tìm ra những cách thức có thể để lý giải thế giới",8.511967658996582,4.99909782409668,-3.5128698348999023,0.3868847399806039
0011-0003-0002,True,"tìm hiểu, suy tư về các vấn đề siêu nhiên và thiêng liêng bằng phương diện đức tin","thần học là tìm hiểu, suy tư về các vấn đề siêu nhiên và thiêng liêng bằng phương diện đức tin",8.37497329711914,7.045428276062012,-1.329545021057129,0.5315729700981733
0011-0003-0003,True,"giúp các thần học gia hiểu biết sâu sắc về truyền thống tôn giáo của họ, truyền thống các tôn giáo khác, tư tưởng thần học chứa đựng trong thần thọai các tộc người, nó có thể giúp các thần học gia khám phá sự tự nhiên của thần học ngòai các suy luận tới truyền thống riêng biệt",Việc nghiên cứu thần học,8.454172134399414,5.238079071044922,-3.216093063354492,0.40596980516113823
0011-0003-0004,True,"Bất cứ thắc mắc hay câu hỏi có liên quan đến những điều thiêng liêng như thần linh, ma qủy, thiên đàng, hỏa ngục","Bất cứ thắc mắc hay câu hỏi có liên quan đến những điều thiêng liêng như thần linh, ma qủy, thiên đàng, hỏa ngục,...",8.496075630187988,7.570798873901367,-0.9252767562866211,0.5585129299875357
0011-0003-0005,True,"có thể được sử dụng để lưu truyền, phục dựng, biện minh cho 1 truyền thống tôn giáo hoặc nó có thể được dùng để so sánh, thách thức hay chống lại 1 truyền thống tôn giáo",Thần học,8.576902389526367,4.054987907409668,-4.521914482116699,0.3248302765779404
0011-0003-0006,False,,Thần học,8.549919128417969,4.835699558258057,-3.714219570159912,0.37412757131526797
0011-0003-0007,True,"thần linh, ma qủy, thiên đàng, hỏa ngục,...",Thần học,8.627974510192871,4.637210845947266,-3.9907636642456055,0.35689053064487647
0011-0004-0001,False,,Trung tâm nghiên cứu Ấn Độ giáo,8.824769973754883,5.051949501037598,-3.772820472717285,0.37044648310421596
0011-0004-0002,True,"cho nhiều tín đồ sùng đạo, các triết gia, các nhà thông thái","Thần học Vaishnava có 1 lĩnh vực nghiên cứu cho nhiều tín đồ sùng đạo, các triết gia, các nhà thông thái",6.39890193939209,10.152745246887207,3.753843307495117,0.8165123761205119
0011-0004-0003,False,,"Thần học Vaishnava có 1 lĩnh vực nghiên cứu cho nhiều tín đồ sùng đạo, các triết gia, các nhà thông thái",8.91231632232666,4.803073406219482,-4.109242916107178,0.34961463601382436
0011-0004-0004,True,"lĩnh vực nghiên cứu cho nhiều tín đồ sùng đạo, các triết gia, các nhà thông thá",Thần học Vaishnava,8.702047348022461,8.425275802612305,-0.27677154541015625,0.6009559388158576
0011-0004-0005,False,,quan điểm,8.012109756469727,8.260287284851074,0.24817752838134766,0.6342650757950632
0011-0004-0006,True,Darshana,"Darshana, có nghĩa là quan điểm",7.0141730308532715,10.118316650390625,3.1041436195373535,0.7888909088674296
0011-0004-0007,True,việc sắp xếp và cấu hình sự biểu lộ của hàng ngàn các vị thần cùng những đặc trưng của họ,"Thần học Vaishnava có 1 lĩnh vực nghiên cứu cho nhiều tín đồ sùng đạo, các triết gia, các nhà thông thái",8.860891342163086,6.078681945800781,-2.7822093963623047,0.4343753347850258
0011-0004-0008,True,quan điểm,quan điểm,8.271733283996582,8.332799911499023,0.061066627502441406,0.622520901125124
0011-0004-0009,False,,"Thần học Vaishnava có 1 lĩnh vực nghiên cứu cho nhiều tín đồ sùng đạo, các triết gia, các nhà thông thái",8.688366889953613,8.426678657531738,-0.261688232421875,0.6019278296781189
0011-0004-0010,True,những tổ chức hàn lâm ở châu Âu,"Thần học Vaishnava có 1 lĩnh vực nghiên cứu cho nhiều tín đồ sùng đạo, các triết gia, các nhà thông thái",8.586968421936035,7.056360721588135,-1.5306077003479004,0.5180955198417043
0011-0005-0001,True,có ý nghĩa cao lớn đối với thần học Ki-tô giáo và Hồi giáo và có tính chất tốt đẹp đối với thần học Do Thái giáo,"nó rất hiệu quả, có ý nghĩa cao lớn đối với thần học Ki-tô giáo và Hồi giáo và có tính chất tốt đẹp đối với thần học Do Thái giáo",6.802040100097656,10.174123764038086,3.3720836639404297,0.8006363589299836
0011-0005-0002,True,sự thiếu vắng mang tính lịch sử của quyền lực chính trị,sự thiếu vắng mang tính lịch sử của quyền lực chính trị,7.723722457885742,9.762575149536133,2.0388526916503906,0.7372838231148466
0011-0005-0003,True,"rằng sự phản chiếu mang tính thần học nhất đã hiện diện trong bối cảnh của cộng đòan và hội đường Do thái giáo, hơn là trong các tổ chức hàn lâm đặc thù","sự phản chiếu mang tính thần học nhất đã hiện diện trong bối cảnh của cộng đòan và hội đường Do thái giáo, hơn là trong các tổ chức hàn lâm đặc thù",7.184731483459473,9.523670196533203,2.3389387130737305,0.7526066154769491
0011-0005-0004,True,thần học Ki-tô giáo và Hồi giáo,thần học Ki-tô giáo và Hồi giáo và có tính chất tốt đẹp đối với thần học Do Thái giáo,8.88167667388916,4.923705577850342,-3.9579710960388184,0.35891623629610153
0011-0005-0005,True,các thầy tư tế và luật sĩ Do Thái giáo,Rabbi (các thầy tư tế và luật sĩ Do Thái giáo,8.87761116027832,5.945590019226074,-2.932021141052246,0.4245086733306259
0011-0006-0001,True,"để giúp các nhà thần học hiểu rõ hơn các giáo lý Ki-tô giáo, để tạo nên sự so sánh giữa Ki-tô giáo với các truyền thống khác, để bảo vệ Ki-tô giáo trước những lời phản đối và phê bình, để làm dễ dàng hơn cho các sửa đổi bên trong Ki-tô giáo, để hỗ trợ cho việc rao giảng Ki-tô giáo, để đưa những cách thức của truyền thống Ki-tô giáo nhằm chuyển tải những tình huống hiện thời hay cần thiết, hoặc nhiều lý do khác",Thần học Ki-tô giáo là việc nghiên cứu niềm tin và thực hành đức tin Ki-tô giáo. Việc nghiên cứu như vậy trước hết tập trung vào các bản văn Cựu Ước và Tân Ước cúng như truyền thống Ki-tô giáo,8.57835865020752,8.079648971557617,-0.49870967864990234,0.586567123709141
0011-0006-0002,False,,Thần học cũng có thể được thực hiện để giúp các nhà thần học hiểu rõ hơn các giáo lý Ki-tô giáo,8.267669677734375,8.395459175109863,0.12778949737548828,0.6267261552848845
0011-0006-0003,True,nghiên cứu niềm tin và thực hành đức tin Ki-tô giáo,Thần học Ki-tô giáo là việc nghiên cứu niềm tin và thực hành đức tin Ki-tô giáo,8.642831802368164,7.850503921508789,-0.792327880859375,0.5673055471643303
0011-0006-0004,False,,Thần học Ki-tô giáo là việc nghiên cứu niềm tin và thực hành đức tin Ki-tô giáo. Việc nghiên cứu như vậy trước hết tập trung vào các bản văn Cựu Ước và Tân Ước cúng như truyền thống Ki-tô giáo,8.625645637512207,6.547095775604248,-2.078549861907959,0.48128991672855675
0011-0006-0005,True,"các lời giải thích Kinh Thánh, các phân tích và tranh luận hợp lý",Thần học cũng có thể được thực hiện để giúp các nhà thần học hiểu rõ hơn các giáo lý Ki-tô giáo,8.304450988769531,8.222515106201172,-0.08193588256835938,0.613446403519601
0011-0006-0006,True,bản văn Cựu Ước và Tân Ước cúng như truyền thống Ki-tô giáo,Thần học Ki-tô giáo là việc nghiên cứu niềm tin và thực hành đức tin Ki-tô giáo. Việc nghiên cứu như vậy trước hết tập trung vào các bản văn Cựu Ước và Tân Ước cúng như truyền thống Ki-tô giáo,8.625213623046875,7.5090789794921875,-1.1161346435546875,0.545827445038623
0011-0006-0007,False,,Thần học Ki-tô giáo là việc nghiên cứu niềm tin và thực hành đức tin Ki-tô giáo,8.665929794311523,6.986815452575684,-1.6791143417358398,0.5081229199551609
0011-0006-0008,False,,Thần học cũng có thể được thực hiện để giúp các nhà thần học hiểu rõ hơn các giáo lý Ki-tô giáo,8.263870239257812,8.342507362365723,0.07863712310791016,0.6236301127413377
0011-0006-0009,True,"giúp các nhà thần học hiểu rõ hơn các giáo lý Ki-tô giáo, để tạo nên sự so sánh giữa Ki-tô giáo với các truyền thống khác, để bảo vệ Ki-tô giáo trước những lời phản đối và phê bình, để làm dễ dàng hơn cho các sửa đổi bên trong Ki-tô giáo, để hỗ trợ cho việc rao giảng Ki-tô giáo, để đưa những cách thức của truyền thống Ki-tô giáo nhằm chuyển tải những tình huống hiện thời hay cần thiết, hoặc nhiều lý do khác",Thần học cũng có thể được thực hiện để giúp các nhà thần học hiểu rõ hơn các giáo lý Ki-tô giáo,7.8391876220703125,9.597312927246094,1.7581253051757812,0.7224080725283665
0011-0007-0001,True,can đảm sử dụng triết học Hy Lạp để giải thích các mầu nhiệm Ki-tô giáo,triết học Hy Lạp để giải thích các mầu nhiệm Ki-tô giáo,6.530632019042969,10.29292106628418,3.762289047241211,0.8168522601031288
0011-0007-0002,True,"cung cấp các thuật ngữ, triết lý",triết học Hy Lạp,8.450485229492188,6.923408508300781,-1.5270767211914062,0.5183324902189635
0011-0007-0003,True,"Triết học Hy Lạp cung cấp các thuật ngữ, triết lý để các nhà tư tưởng Ki-tô giáo trình bày thần học; ví dụ khái niệm Logos của Heraclitus và thuyết ý niệm của Plato đã được sử dụng để giải thích mầu nhiệm nhập thể của Ngôi Lời",khái niệm Logos của Heraclitus và thuyết ý niệm của Plato,5.9122819900512695,10.781476974487305,4.869194984436035,0.8572586893224842
0011-0007-0004,False,,triết học Hy Lạp để giải thích các mầu nhiệm Ki-tô giáo,6.607296466827393,10.269794464111328,3.6624979972839355,0.8128050757557561
0011-0007-0005,True,các giáo phụ thời kỳ đầu đã can đảm sử dụng triết học Hy Lạp để giải thích các mầu nhiệm Ki-tô giáo,các giáo phụ thời kỳ đầu đã can đảm sử dụng triết học Hy Lạp,8.635622024536133,6.923854827880859,-1.7117671966552734,0.5059290529147145
0011-0007-0006,True,nữ tỳ phục vụ nữ hòang thần học Ki-tô giáo,triết học Hy Lạp,8.657144546508789,6.385493278503418,-2.271651268005371,0.4683469594732785
0011-0007-0007,True,triết học Hy Lạp,triết học Hy Lạp,8.427573204040527,9.53150463104248,1.1039314270019531,0.6858068597905642
0011-0007-0008,False,,khái niệm Logos của Heraclitus và thuyết ý niệm của Plato,6.174663543701172,10.860154151916504,4.685490608215332,0.8511089474190979
0011-0007-0009,False,,triết học Hy Lạp,8.418400764465332,8.584754943847656,0.16635417938232422,0.6291480580051069
0011-0008-0001,True,"Sunni, Shia, Kharijites","Thần học Hồi giáo đa dạng với nhiều trường phái tư tưởng như Sunni, Shia, Kharijites",8.527990341186523,8.489412307739258,-0.038578033447265625,0.6162064151964872
0011-0008-0002,True,Sufi,"Thần học Hồi giáo đa dạng với nhiều trường phái tư tưởng như Sunni, Shia, Kharijites",8.012286186218262,9.299025535583496,1.2867393493652344,0.6962973367273232
0011-0008-0003,False,,"Thần học Hồi giáo đa dạng với nhiều trường phái tư tưởng như Sunni, Shia, Kharijites",8.243396759033203,8.746627807617188,0.5032310485839844,0.6500178187260766
0011-0008-0004,True,thần học kinh viện của Hồi giáo,"Sự tranh luận về thần học Hồi giáo song hành với tranh luận thần học Ki-tô giáo được gọi là ""Kalam"", thuật ngữ này xuất hiện vào thời Trung cổ và ""Kalam"" được xem là thần học kinh viện của Hồi giáo",8.604731559753418,8.255410194396973,-0.3493213653564453,0.596270206074182
0011-0008-0005,True,Abu Hamid Muhammad al-Ghazali,Abu Hamid Muhammad al-Ghazali,6.390454292297363,10.542272567749023,4.15181827545166,0.8320005058817724
0011-0008-0006,True,những thế kỷ đầu của Hồi giáo,"Thần học Hồi giáo đa dạng với nhiều trường phái tư tưởng như Sunni, Shia, Kharijites; những trường phái này ra đời vào những thế kỷ đầu của Hồi giáo",7.57219934463501,9.720474243164062,2.1482748985290527,0.7429411460616235
0011-0008-0007,True,"""Kalam""","Kalam""",3.979050636291504,10.04727554321289,6.068224906921387,0.8923535048563103
0011-0008-0008,False,,"Kalam""",5.082688808441162,10.275188446044922,5.19249963760376,0.8675664743169782
0012-0001-0001,False,,Chấp trì chân lý (sa. satyāgraha),8.291974067687988,10.282430648803711,1.9904565811157227,0.7347562478015861
0012-0001-0002,False,,Nguyên lý bất bạo lực (còn gọi là bất hại),8.358821868896484,8.960306167602539,0.6014842987060547,0.6560020897728694
0012-0001-0003,True,chỉ đạo cuộc kháng chiến chống chế độ thực dân của Đế quốc Anh và giành độc lập cho Ấn Độ,Mahātmā Gāndhī,8.814294815063477,6.617069721221924,-2.1972250938415527,0.4733314171181578
0012-0001-0004,True,1869,Mahātmā Gāndhī,8.862873077392578,7.481654644012451,-1.381218433380127,0.5281128506510888
0012-0001-0005,True,tất cả các hình thức khủng bố bạo lực,"tất cả các hình thức khủng bố bạo lực và thay vào đó, chỉ áp dụng những tiêu chuẩn đạo đức tối cao",6.792831897735596,9.545415878295898,2.7525839805603027,0.7727232310313189
0012-0001-0006,True,phong trào Vận động Quyền công dân tại Hoa Kỳ,Nguyên lý bất bạo lực (còn gọi là bất hại) được ông đề xướng với tên Chấp trì chân lý,8.474267959594727,7.507134437561035,-0.9671335220336914,0.5557368376323617
0012-0001-0007,True,phong trào Vận động Quyền công dân,Nguyên lý bất bạo lực (còn gọi là bất hại),8.310336112976074,8.52173900604248,0.21140289306640625,0.631968956462818
0012-0001-0008,False,,Mahātmā Gāndhī,8.869935989379883,7.975861549377441,-0.8940744400024414,0.5605800135006588
0012-0001-0009,True,Chấp trì chân lý (sa. satyāgraha),Chấp trì chân lý (sa. satyāgraha),8.285177230834961,10.266851425170898,1.9816741943359375,0.7342959094507525
0012-0001-0010,False,,"tất cả các hình thức khủng bố bạo lực và thay vào đó, chỉ áp dụng những tiêu chuẩn đạo đức tối cao",6.894505977630615,9.545182228088379,2.6506762504577637,0.7678764759882234
0012-0002-0001,True,Mahātmā,triết gia và người đọat giải Nobel văn chương,7.963504791259766,8.697321891784668,0.7338171005249023,0.6639841546191
0012-0002-0002,True,không hài lòng,danh hiệu Mahātmā Gāndhī vẫn thường được dùng hơn tên Mohandas Gāndhī trên thế giới,8.791414260864258,6.200196266174316,-2.5912179946899414,0.44702889896961584
0012-0002-0003,False,,danh hiệu Mahātmā Gāndhī vẫn thường được dùng hơn tên Mohandas Gāndhī trên thế giới,8.770427703857422,6.497441291809082,-2.27298641204834,0.4682575970806521
0012-0002-0004,True,đứng đầu đảng Quốc dân Đại hội Ấn Độ,"Mahātmā, nghĩa là ""Linh hồn lớn"", ""Vĩ nhân"" hoặc ""Đại nhân""",8.724109649658203,5.497008323669434,-3.2271013259887695,0.40525640123538464
0012-0002-0005,True,Ngày Quốc tế Bất Bạo động,"Ngày sinh của ông, 2 tháng 10, là ngày lễ quốc gia của Ấn Độ. Năm 2007, Liên Hiệp Quốc ra nghị quyết lấy ngày 2 tháng 10 là Ngày Quốc tế Bất Bạo động",8.316780090332031,7.681793212890625,-0.6349868774414062,0.5776564161345576
0012-0002-0006,True,Rabindranath Tagore,"Mahātmā, nghĩa là ""Linh hồn lớn"", ""Vĩ nhân"" hoặc ""Đại nhân""",8.656015396118164,5.616429328918457,-3.039586067199707,0.4174608579301562
0012-0002-0007,False,,"Mahātmā, nghĩa là ""Linh hồn lớn"", ""Vĩ nhân"" hoặc ""Đại nhân""",8.3348388671875,9.179646492004395,0.8448076248168945,0.6706076516942331
0012-0002-0008,True,Mahātmā,"Mahātmā, nghĩa là ""Linh hồn lớn"", ""Vĩ nhân"" hoặc ""Đại nhân""",8.14909553527832,9.51141357421875,1.3623180389404297,0.7005762640729725
0012-0003-0001,True,Bằng phương tiện bất hợp tác,"Gandhi đã dẫn khởi nền độc lập Ấn Độ, đưa nước mình thóat sự đô hộ của Anh",8.577735900878906,7.1411285400390625,-1.4366073608398438,0.5244009424138822
0012-0003-0002,False,,"Gandhi đã dẫn khởi nền độc lập Ấn Độ, đưa nước mình thóat sự đô hộ của Anh",8.694450378417969,7.042855262756348,-1.651595115661621,0.5099716313125607
0012-0003-0003,True,nền độc lập của nước nhà,nền độc lập của nước nhà và đả đảo triệt để Đế quốc Anh,8.46641731262207,10.179927825927734,1.713510513305664,0.7199967317250006
0012-0003-0004,True,"""con đường chân thật"", ""truy tầm chân lý""","con đường chân thật"", ""truy tầm chân lý""",5.46543025970459,10.940662384033203,5.475232124328613,0.8760571667322653
0012-0003-0005,True,những người chủ trương hành động giành tự do,những người chủ trương hành động giành tự do,6.060103893280029,9.202064514160156,3.141960620880127,0.7905788967699261
0012-0003-0006,False,,"con đường chân thật"", ""truy tầm chân lý""",7.366766452789307,10.382834434509277,3.0160679817199707,0.7849210467355708
0012-0003-0007,False,,"con đường chân thật"", ""truy tầm chân lý""",7.312224388122559,8.891532897949219,1.5793085098266602,0.7126667796510247
0012-0003-0008,True,không,Chấp trì chân lý của Gandhi,7.870086669921875,9.445108413696289,1.575021743774414,0.7124307621941275
0012-0003-0009,False,,"con đường chân thật"", ""truy tầm chân lý""",6.520971775054932,10.963147163391113,4.442175388336182,0.8426290688840637
0012-0003-0010,False,,nền độc lập của nước nhà và đả đảo triệt để Đế quốc Anh,8.632299423217773,9.336124420166016,0.7038249969482422,0.6621830780500413
0012-0003-0011,True,"satya là ""chân lý"" và ā-graha là ""nắm lấy"", ""nắm chặt""","con đường chân thật"", ""truy tầm chân lý""",7.088001251220703,10.548604965209961,3.460603713989258,0.8044072370981085
0012-0004-0001,False,,thanh lọc tâm thức cũng như sự khoan dung lẫn nhau của các tín đồ và tông phái,8.168039321899414,8.936147689819336,0.7681083679199219,0.6660375736218797
0012-0004-0002,False,,"Harilal Gandhi, sinh năm 1888; Manilal Gandhi, sinh năm 1892; Ramdas Gandhi; sinh năm 1897 và Devdas Gandhi, sinh năm 1900",8.691813468933105,5.988884925842285,-2.7029285430908203,0.43961844210846757
0012-0004-0003,True,thanh lọc tâm thức,để thanh lọc tâm thức cũng như sự khoan dung lẫn nhau của các tín đồ và tông phái,8.163063049316406,9.542481422424316,1.3794183731079102,0.7015396068587966
0012-0004-0004,False,,"Harilal Gandhi, sinh năm 1888; Manilal Gandhi, sinh năm 1892; Ramdas Gandhi; sinh năm 1897 và Devdas Gandhi, sinh năm 1900",8.761115074157715,5.84564208984375,-2.915472984313965,0.42559573884387847
0012-0004-0005,True,Lớn lên với một bà mẹ sùng tín Tì-thấp-nô trong một môi trường được ảnh hưởng bởi những người theo Kì-na giáo tại Gujarat,"Harilal Gandhi, sinh năm 1888; Manilal Gandhi, sinh năm 1892; Ramdas Gandhi; sinh năm 1897 và Devdas Gandhi, sinh năm 1900",8.712602615356445,4.687027931213379,-4.025574684143066,0.3547457250979024
0012-0004-0006,True,Lớn lên với một bà mẹ sùng tín Tì-thấp-nô trong một môi trường được ảnh hưởng bởi những người theo Kì-na giáo tại Gujarat,một bà mẹ sùng tín Tì-thấp-nô trong một môi trường được ảnh hưởng bởi những người theo Kì-na giáo tại Gujarat,7.331055164337158,8.734848976135254,1.4037938117980957,0.7029097068603503
0012-0004-0007,False,,"nguyên tắc bất hại, ăn chay, phương pháp nhịn ăn để thanh lọc tâm thức cũng như sự khoan dung lẫn nhau của các tín đồ và tông phái",7.931464195251465,9.51054573059082,1.5790815353393555,0.7126542859637502
0012-0004-0008,False,,"Harilal Gandhi, sinh năm 1888; Manilal Gandhi, sinh năm 1892; Ramdas Gandhi; sinh năm 1897 và Devdas Gandhi, sinh năm 1900",8.764177322387695,5.036343574523926,-3.7278337478637695,0.37327106206636673
0012-0004-0009,True,bốn con,"Harilal Gandhi, sinh năm 1888; Manilal Gandhi, sinh năm 1892; Ramdas Gandhi; sinh năm 1897 và Devdas Gandhi, sinh năm 1900",8.771146774291992,5.827351093292236,-2.943795680999756,0.42373563544684134
0012-0004-0010,True,"nguyên tắc bất hại, ăn chay, phương pháp nhịn ăn","nguyên tắc bất hại, ăn chay, phương pháp nhịn ăn để thanh lọc tâm thức cũng như sự khoan dung lẫn nhau của các tín đồ và tông phái",7.488334655761719,10.072516441345215,2.584181785583496,0.7646753379922315
0012-0004-0011,True,13,"Harilal Gandhi, sinh năm 1888; Manilal Gandhi, sinh năm 1892; Ramdas Gandhi; sinh năm 1897 và Devdas Gandhi, sinh năm 1900",8.721120834350586,5.264212131500244,-3.456908702850342,0.3904589264923104
0012-0005-0001,False,,ông đọc sách và đổi sang ăn chay ngay trên phương diện tri thức,8.427326202392578,9.356616973876953,0.929290771484375,0.6756044258313918
0012-0005-0002,False,,Chí Tôn ca,8.778497695922852,5.702981948852539,-3.0755157470703125,0.4151140347036573
0012-0005-0003,True,hiệp hội Thần Trí học,hiệp hội Thần Trí học (hoặc Thông Thiên học),8.076068878173828,9.049927711486816,0.9738588333129883,0.678224471607902
0012-0005-0004,False,,giữ giới luật Ấn Độ giáo không ăn thịt và uống rượu,8.553550720214844,8.531482696533203,-0.022068023681640625,0.617255431468949
0012-0005-0005,True,Đại học College Luân Đôn,Chí Tôn ca,8.762720108032227,6.394428253173828,-2.3682918548583984,0.46188432186550127
0012-0005-0006,False,,"Ông vào ""Hội người ăn chay"", được cử làm ủy viên ban chấp hành và lập ra một nhánh địa phương của nó",8.61770248413086,6.812038898468018,-1.8056635856628418,0.49961940156734536
0012-0005-0007,True,thu thập những kinh nghiệm giá trị trong việc quản lý và duy trì một tổ chức,"Ông vào ""Hội người ăn chay"", được cử làm ủy viên ban chấp hành và lập ra một nhánh địa phương của nó",8.764931678771973,5.3131256103515625,-3.45180606842041,0.3907854192649723
0012-0005-0008,True,ông đọc sách và đổi sang ăn chay ngay trên phương diện tri thức,ông đọc sách và đổi sang ăn chay ngay trên phương diện tri thức,8.447784423828125,9.208610534667969,0.7608261108398438,0.6656020226580669
0012-0005-0009,True,"ông chịu ảnh hưởng của lời nguyện với bà mẹ trước mặt một vị tăng Kì-na giáo là Becharji, đó là giữ giới luật Ấn Độ giáo không ăn thịt và uống rượu sau khi rời Ấn Độ","Mặc dù đã thử bắt chước văn minh người Anh, ví dụ như học nhảy",8.549417495727539,8.449435234069824,-0.09998226165771484,0.6122954700193739
0012-0005-0010,True,giữ giới luật Ấn Độ giáo không ăn thịt và uống rượu,giữ giới luật Ấn Độ giáo không ăn thịt và uống rượu,8.463250160217285,9.370843887329102,0.9075937271118164,0.6743249049818196
0012-0006-0001,True,gia đình đã giấu kín chuyện này,Ông trở về Ấn Độ sau khi được phép làm luật sư,8.441865921020508,7.856142997741699,-0.5857229232788086,0.5808837778911065
0012-0006-0002,False,,vì thời đó có rất nhiều người làm nghề này và Gandhi không phải là một luật sư năng nổ tại pháp tòa,7.175877571105957,10.4998140335083,3.3239364624023438,0.7985625205321422
0012-0006-0003,True,tháng 6 năm 1891,Ông trở về Ấn Độ sau khi được phép làm luật sư,8.673575401306152,4.673650741577148,-3.999924659729004,0.356325535190479
0012-0006-0004,True,gia đình đã giấu kín chuyện này,Ông trở về Ấn Độ sau khi được phép làm luật sư,8.569896697998047,7.745213508605957,-0.8246831893920898,0.5651694005391631
0012-0006-0005,False,,Ông trở về Ấn Độ sau khi được phép làm luật sư,8.60909366607666,6.892179489135742,-1.716914176940918,0.5055832166504756
0012-0006-0006,True,thời đó có rất nhiều người làm nghề này và Gandhi không phải là một luật sư năng nổ tại pháp tòa,vì thời đó có rất nhiều người làm nghề này và Gandhi không phải là một luật sư năng nổ tại pháp tòa,7.088747024536133,10.66358757019043,3.574840545654297,0.8091934935612347
0012-0006-0007,True,sọan lời thỉnh nguyện cho những người tố tụng,sọan lời thỉnh nguyện cho những người tố tụng,8.450220108032227,7.558090686798096,-0.8921294212341309,0.5607087978370372
0012-0006-0008,True,chấp nhận một hợp đồng lâu dài của một công ty Ấn Độ,"Gandhi miêu tả sự kiện này như một sự cố gắng du thuyết không kết quả vì lợi ích của người anh trai. Dưới bầu không khí này (1893), ông chấp nhận một hợp đồng lâu dài của một công ty Ấn Độ",8.36526870727539,6.25730562210083,-2.1079630851745605,0.4793163892944546
0012-0007-0001,True,khi ông bắt đầu một cuộc hành trình đến Pretoria,"Một bước ngoặt trong cuộc đời thường được các truyện ký thừa nhận - có thể xem là chất xúc tác cho chủ nghĩa hành động của ông - xảy ra ít lâu sau, khi ông bắt đầu một cuộc hành trình đến Pretoria",8.703615188598633,6.0035014152526855,-2.7001137733459473,0.4398048473110317
0012-0007-0002,True,sau khi từ chối chuyển từ toa xe hạng nhất đến toa hạng ba,"từ chối chuyển từ toa xe hạng nhất đến toa hạng ba, vốn thường được những người da màu sử dụng mặc dù đã mua vé hạng nhất",7.548158168792725,11.039630889892578,3.4914727210998535,0.8057094707947745
0012-0007-0003,True,"Vào một ngày, khi quan tòa thành phố Durban yêu cầu Gandhi gỡ khăn xếp (turban) trên đầu, ông từ chối và hùng hồn bước ra khỏi tòa","Một bước ngoặt trong cuộc đời thường được các truyện ký thừa nhận - có thể xem là chất xúc tác cho chủ nghĩa hành động của ông - xảy ra ít lâu sau, khi ông bắt đầu một cuộc hành trình đến Pretoria",8.081870079040527,8.599857330322266,0.5179872512817383,0.6509196441734746
0012-0007-0004,False,,Gandhi,8.750499725341797,5.668660640716553,-3.081839084625244,0.4147014075362879
0012-0007-0005,False,,Ông đọc báo lần đầu tiên năm lên 18 và thường run sợ khi bước ra tòa thuyết trình,8.769405364990234,6.3552069664001465,-2.414198398590088,0.45881876531171234
0012-0007-0006,True,từ chối và hùng hồn bước ra khỏi tòa,ông từ chối và hùng hồn bước ra khỏi tòa,7.9677629470825195,10.367471694946289,2.3997087478637695,0.7556355033676266
0012-0007-0007,False,,"quan tòa thành phố Durban yêu cầu Gandhi gỡ khăn xếp (turban) trên đầu, ông từ chối và hùng hồn bước ra khỏi tòa",7.471519470214844,9.985738754272461,2.514219284057617,0.7612743922419228
0012-0007-0008,True,bước ra tòa thuyết trình,Ông đọc báo lần đầu tiên năm lên 18 và thường run sợ khi bước ra tòa thuyết trình,8.51559829711914,7.314202785491943,-1.2013955116271973,0.5401402391559622
0012-0007-0009,True,18,năm lên 18,7.3815155029296875,10.418581008911133,3.0370655059814453,0.7858723709996395
0012-0008-0001,True,lọai bỏ quyền bầu cử của người di dân Ấn Độ,dự thảo pháp luật được Hội đồng lập pháp Natal đề nghị nhằm lọai bỏ quyền bầu cử của người di dân Ấn Độ,8.261987686157227,8.36577320098877,0.10378551483154297,0.625215455972623
0012-0008-0002,False,,Viện Lập Pháp Natal và chính quyền Anh,8.013015747070312,9.803910255432129,1.7908945083618164,0.7241710148896552
0012-0008-0003,True,tiếp tục đấu tranh chống sự bất công được áp dụng đối với người Ấn,Gandhi,8.486763954162598,4.848302364349365,-3.6384615898132324,0.3789080250270939
0012-0008-0004,True,ông lưu lại Durban,Ấn Độ,8.615254402160645,5.144022464752197,-3.4712319374084473,0.3895429773258662
0012-0008-0005,False,,Gandhi,8.618167877197266,4.599246501922607,-4.018921375274658,0.3551552063875456
0012-0008-0006,True,"chuyển hóa cộng đồng người Ấn tại Nam Phi thành một lực lượng chính trị hỗn tạp, làm tràn ngập chính quyền cũng như báo chí với những lời trần thuật về sự bất mãn của người Ấn và những bằng chứng của sự kì thị nơi người Anh tại Nam Phi","ông đã chuyển hóa cộng đồng người Ấn tại Nam Phi thành một lực lượng chính trị hỗn tạp, làm tràn ngập chính quyền cũng như báo chí",8.63759994506836,3.6143155097961426,-5.023284435272217,0.29599737685567884
0012-0008-0007,False,,lọai bỏ quyền bầu cử của người di dân Ấn Độ,8.446467399597168,8.025075912475586,-0.42139148712158203,0.5915980012084836
0012-0008-0008,True,Gandhi thu xếp trở về Ấn Độ,Gandhi,8.698413848876953,3.236980676651001,-5.461433172225952,0.27205770454358436
0012-0008-0009,True,Viện Lập Pháp Natal và chính quyền Anh,Viện Lập Pháp Natal và chính quyền Anh,7.862672328948975,9.85269546508789,1.990023136138916,0.7347335402713946
0012-0009-0001,True,áp dụng nguyên tắc Chấp trì chân lý và đấu tranh bất bạo lực,Gandhi lần đầu áp dụng nguyên tắc Chấp trì chân lý và đấu tranh bất bạo lực,7.8428754806518555,8.536397933959961,0.6935224533081055,0.6615633026056116
0012-0009-0002,True,"vì đình công, từ chối không ký chứng, đốt giấy ký chứng hoặc tham gia những cuộc kháng cự bất bạo động khác","đình công, từ chối không ký chứng, đốt giấy ký chứng",8.513206481933594,8.077028274536133,-0.43617820739746094,0.5906373193606128
0012-0009-0003,True,"tình trạng của người Ấn tại Nam Phi không khả quan hơn, vẫn tiếp tục sa đọa",tình trạng của người Ấn tại Nam Phi,8.69353199005127,7.892745018005371,-0.8007869720458984,0.5667473033179927
0012-0009-0004,False,,"đình công, từ chối không ký chứng, đốt giấy ký chứng",8.620450973510742,7.1088056564331055,-1.5116453170776367,0.5193680213979976
0012-0009-0005,False,,Gandhi lần đầu áp dụng nguyên tắc Chấp trì chân lý và đấu tranh bất bạo lực,8.448792457580566,8.618541717529297,0.16974925994873047,0.6293609639978036
0012-0009-0006,True,300 người Ấn Độ và 800 người làm mướn,300 người Ấn Độ và 800 người làm mướn,8.49577522277832,7.157588005065918,-1.3381872177124023,0.5309944795893351
0012-0009-0007,True,Tại một cuộc biểu tình lớn được tổ chức tại Johannesburg vào tháng 9,Gandhi lần đầu áp dụng nguyên tắc Chấp trì chân lý và đấu tranh bất bạo lực,8.121679306030273,8.928604125976562,0.8069248199462891,0.6683543925928096
0012-0009-0008,False,,tình trạng của người Ấn,8.838431358337402,6.112277030944824,-2.726154327392578,0.4380809934353072
0012-0009-0009,False,,Chấp trì chân lý và đấu tranh bất bạo lực,8.746517181396484,6.819886207580566,-1.926630973815918,0.4914910960287575
0012-0009-0010,False,,300 người Ấn Độ và 800 người làm mướn,8.712424278259277,5.997523307800293,-2.7149009704589844,0.4388257714445138
0012-0009-0011,True,phản bác luật mới và chịu đựng hình phạt,Chấp trì chân lý và đấu tranh bất bạo lực,8.617095947265625,7.49132776260376,-1.1257681846618652,0.5451854242268155
0012-0010-0001,True,phản ứng những đồng hương Ấn Độ theo chủ nghĩa dân tộc một cách hung bạo,để phản ứng những đồng hương Ấn Độ theo chủ nghĩa dân tộc một cách hung bạo,5.115993022918701,10.170174598693848,5.0541815757751465,0.8632359488693353
0012-0010-0002,True,1910,Tolstoi mất vào năm 1910,8.721572875976562,5.751003265380859,-2.970569610595703,0.4219792319707621
0012-0010-0003,True,"người đã trải qua một sự chuyển biến tôn giáo sâu sắc với niềm tin vào một dạng ""chủ nghĩa vô chính phủ"" của Kitô giáo","Gandhi đã lấy cảm hứng từ quyển Chí Tôn ca cũng như những tác phẩm của Lev Nikolayevich Tolstoy (đặc biệt là quyển ""Thiên đường nằm trong Bạn""",8.69555950164795,6.638222694396973,-2.0573368072509766,0.48271360668386193
0012-0010-0004,True,những tác phẩm của Lev Nikolayevich Tolstoy,"Gandhi cũng bị ảnh hưởng lớn qua tiểu luận nổi danh của Henry David Thoreau là ""Sự không phục tòng của công chúng""",8.643753051757812,5.966782569885254,-2.6769704818725586,0.4413381268554395
0012-0010-0005,False,,để phản ứng những đồng hương Ấn Độ theo chủ nghĩa dân tộc một cách hung bạo,5.38277006149292,10.123164176940918,4.740394115447998,0.8529694787961283
0012-0010-0006,False,,"Gandhi dịch bài ""Thư gửi đến một môn đồ Ấn Độ giáo"" (A Letter to a Hindu) của Tolstoi",8.710226058959961,4.7314839363098145,-3.9787421226501465,0.35763255164637775
0012-0010-0007,True,Những năm lưu trú tại Nam Phi,Những năm lưu trú tại Nam Phi với tư cách một người chủ trương hành động chuyên về xã hội chính trị chính là thời kì những khái niệm và kĩ thuật của phương pháp bất hợp tác và phản đối bất bạo lực,8.216578483581543,9.156822204589844,0.9402437210083008,0.6762493509582751
0012-0010-0008,True,Lev Nikolayevich Tolstoy,Lev Nikolayevich Tolstoy,8.176427841186523,10.382096290588379,2.2056684494018555,0.7458764453885376
0012-0010-0009,False,,"Gandhi dịch bài ""Thư gửi đến một môn đồ Ấn Độ giáo"" (A Letter to a Hindu) của Tolstoi",8.62548828125,4.047590255737305,-4.577898025512695,0.3215386243284321
0012-0011-0001,True,Quốc dân Đại hội Ấn Độ,Ông thuyết trình trước Quốc dân Đại hội Ấn Độ,8.801986694335938,6.876077651977539,-1.9259090423583984,0.4915395965599598
0012-0011-0002,True,"quyền công dân đầy đủ, tự do và quyền lợi trong Đế quốc Anh","quyền công dân đầy đủ, tự do và quyền lợi trong Đế quốc Anh, và như vậy thì việc giúp nó phòng vệ",8.548063278198242,7.28118896484375,-1.2668743133544922,0.5357653809408159
0012-0011-0003,True,Gopal Krishna Gokhale,Gopal Krishna Gokhale,8.604436874389648,9.642841339111328,1.0384044647216797,0.6819991260344865
0012-0011-0004,False,,Gopal Krishna Gokhale,8.728816986083984,6.516180992126465,-2.2126359939575195,0.4722988512872719
0012-0011-0005,False,,Gopal Krishna Gokhale,8.8421630859375,6.533781051635742,-2.308382034301758,0.46588929630737796
0012-0011-0006,True,"chính ông được hướng dẫn vào những chủ đề Ấn Độ, chính trị và công chúng Ấn",Ông thuyết trình trước Quốc dân Đại hội Ấn Độ,8.780405044555664,4.794628143310547,-3.985776901245117,0.3571982519103218
0012-0011-0007,True,người Anh,"quyền công dân đầy đủ, tự do và quyền lợi trong Đế quốc Anh, và như vậy thì việc giúp nó phòng vệ",8.740556716918945,5.081038475036621,-3.659518241882324,0.377576908977469
0012-0012-0001,False,,"hơn 10.000 nông dân không có đất, nông nô và những nông gia nghèo khổ có số lượng đất không đáng kể",8.463724136352539,8.977997779846191,0.5142736434936523,0.6506927884108163
0012-0012-0002,True,"Bị đàn áp bởi dân binh của điền chủ (phần lớn là người Anh), họ được trả công rất ít",Họ bị ép buộc phải trồng indigo và những nông sản bán được trên thị trường thay vì gieo trồng những lọai cung cấp thực phẩm cần thiết cho sự sinh tồn của họ,8.839694023132324,2.3990471363067627,-6.4406468868255615,0.22314636274416072
0012-0012-0003,True,1918,1918,8.51966381072998,6.599698066711426,-1.9199657440185547,0.49193888299161087
0012-0012-0004,False,,Gandhi,8.910144805908203,3.1522417068481445,-5.757903099060059,0.25656489086871537
0012-0012-0005,False,,Gandhi xảy ra vào năm 1918,8.71851921081543,6.093537330627441,-2.6249818801879883,0.4447864925378901
0012-0012-0006,True,cuộc kích động tại Champaran và phong trào Chấp trì chân lý,cuộc kích động tại Champaran và phong trào Chấp trì chân lý tại Kheda,8.811453819274902,8.368953704833984,-0.44250011444091797,0.5902263782146073
0012-0012-0007,True,cánh tay phải của Gandhi,"Sardar Vallabhbhai Patel, cánh tay phải của Gandhi",8.899328231811523,6.5741071701049805,-2.325221061706543,0.46476313960926985
0012-0012-0008,True,phải trồng indigo và những nông sản bán được trên thị trường thay vì gieo trồng những lọai cung cấp thực phẩm cần thiết cho sự sinh tồn của họ,"hơn 10.000 nông dân không có đất, nông nô và những nông gia nghèo khổ có số lượng đất không đáng kể",8.197525978088379,9.778404235839844,1.5808782577514648,0.7127531766969762
0012-0013-0001,False,,"Gandhi bắt đầu chỉnh lý các thôn xóm, lập trường học và bệnh viện, khuyến khích chủ làng xóa bỏ những việc hủ nát như phân biệt tiện dân, bắt phụ nữ mang khăn che và áp chế họ",8.834747314453125,3.5228099822998047,-5.31193733215332,0.2800885288693557
0012-0013-0002,True,Lập cơ sở trên lòng tự tin của người làng,"Gandhi bắt đầu chỉnh lý các thôn xóm, lập trường học và bệnh viện",8.270270347595215,7.260956764221191,-1.0093135833740234,0.5529357791374763
0012-0013-0003,True,người giúp cố cựu và người mới từ địa phương,người giúp cố cựu và người mới từ địa phương,8.354414939880371,8.42198371887207,0.06756877899169922,0.622931527107777
0012-0013-0004,True,"phân biệt tiện dân, bắt phụ nữ mang khăn che và áp chế họ","phân biệt tiện dân, bắt phụ nữ mang khăn che và áp chế họ",7.936595916748047,10.292013168334961,2.355417251586914,0.753430419718258
0012-0013-0005,False,,"Gandhi lập một Già-lam tại đó, tổ chức một nhóm người bao gồm người giúp cố cựu và người mới từ địa phương",8.636248588562012,4.84724235534668,-3.789006233215332,0.36943238160036096
0012-0013-0006,True,"có được một tổng quan về các thôn làng, xem xét những sự tàn bạo và những tình tiết thống khổ bao gồm những trạng thái thóai hóa của cuộc sống nói chung","Ông tổ chức một công trình nghiên cứu để có được một tổng quan về các thôn làng, xem xét những sự tàn bạo và những tình tiết thống khổ bao gồm những trạng thái thóai hóa của cuộc sống nói chung",8.324260711669922,7.675482273101807,-0.6487784385681152,0.576751706787131
0012-0014-0001,True,trả tự do lại cho ông,"Hàng trăm nghìn người biểu tình chống đối, vây quanh nhà giam, các trạm cảnh sát và quan tòa đòi trả tự do lại cho ông",8.766033172607422,4.889483451843262,-3.87654972076416,0.3639675881366553
0012-0014-0002,False,,"Kheda, Patel đại diện các nông gia trong những cuộc thương lượng với chính quyền Anh với kết quả là họ tạm dừng thu thuế, đảm bảo trợ cấp",7.331716537475586,10.524383544921875,3.192667007446289,0.7928266081726028
0012-0014-0003,True,Bapu (người cha già dân tộc) và Mahātmā (tâm hồn vĩ đại),Bapu (người cha già dân tộc) và Mahātmā (tâm hồn vĩ đại),8.089875221252441,9.709920883178711,1.6200456619262695,0.7149038729286818
0012-0014-0004,True,"ký một hiệp định đảm bảo trả lương cao hơn và kiểm sóat việc cho nông dân nghèo địa phương thuê đất, xóa bỏ việc tăng thuế cũng như việc thu thuế đến khi nạn đói chấm dứt",Gandhi đứng đầu những cuộc biểu tình có tổ chức chống lại điền chủ,8.559959411621094,7.224370002746582,-1.3355894088745117,0.5311683802894248
0012-0014-0005,True,"họ tạm dừng thu thuế, đảm bảo trợ cấp","Kheda, Patel đại diện các nông gia trong những cuộc thương lượng với chính quyền Anh với kết quả là họ tạm dừng thu thuế, đảm bảo trợ cấp",7.098389625549316,10.373758316040039,3.2753686904907227,0.7964542667623759
0012-0014-0006,False,,Gandhi từ đây như một ngọn lửa lan truyền khắp nước và ông đã trở thành năng lực ảnh hưởng nhất định trong phong trào chủ nghĩa dân tộc Ấn Độ,8.801307678222656,3.453589677810669,-5.347718000411987,0.27815327692942193
0012-0014-0007,False,,Gandhi từ đây như một ngọn lửa lan truyền khắp nước và ông đã trở thành năng lực ảnh hưởng nhất định trong phong trào chủ nghĩa dân tộc Ấn Độ,8.815895080566406,3.614078998565674,-5.201816082000732,0.2860959151138361
0012-0014-0008,True,khi ông bị cảnh sát bắt giam với lý do gây bạo động và được yêu cầu rời địa phương này,khi ông bị cảnh sát bắt giam với lý do gây bạo động và được yêu cầu rời địa phương này,8.242781639099121,9.297029495239258,1.0542478561401367,0.6829220347280527
0012-0014-0009,False,,khi ông bị cảnh sát bắt giam với lý do gây bạo động và được yêu cầu rời địa phương này,8.417532920837402,8.562426567077637,0.14489364624023438,0.6278011063993845
0012-0015-0001,True,Tất cả những thành phố và thị xã lớn đều đóng cửa; các họat động cơ quan chính phủ đều phải được quân đội đảm nhiệm,Ấn Độ,8.69332504272461,5.7429399490356445,-2.950385093688965,0.4233031810846221
0012-0015-0002,True,cuộc đại tàn sát ở Amritsar,cuộc đại tàn sát ở Amritsar,8.624781608581543,6.112055778503418,-2.512725830078125,0.45225008856952936
0012-0015-0003,True,hòa bình,Ấn Độ,8.677640914916992,5.681360244750977,-2.9962806701660156,0.4202944091092528
0012-0015-0004,True,cho phép chính phủ bắt giam những người bị vu khống gây lọan mà không cần đưa ra tòa duyệt,cho phép chính phủ bắt giam những người bị vu khống gây lọan mà không cần đưa ra tòa duyệt,7.944829940795898,9.080488204956055,1.1356582641601562,0.6876415833034778
0012-0015-0005,False,,Ấn Độ,8.78072452545166,5.770232200622559,-3.0104923248291016,0.4193639257735798
0012-0015-0006,True,đảng Quốc dân Đại hội,Ấn Độ,8.701299667358398,5.244302749633789,-3.4569969177246094,0.3904532829131662
0012-0015-0007,False,,Dự thảo pháp luật Rowlatt,8.164644241333008,7.806300163269043,-0.35834407806396484,0.5956862128110245
0012-0016-0001,True,Một tổ chức có giai cấp của các ủy ban được thành lập,Một tổ chức có giai cấp của các ủy ban,7.6955952644348145,10.73223876953125,3.0366435050964355,0.7858532817977768
0012-0016-0002,True,mang y phục tự dệt ở nhà,Gandhi,8.578166007995605,5.070666313171387,-3.5074996948242188,0.38722720465498317
0012-0016-0003,False,,Một tổ chức có giai cấp của các ủy ban,7.661354064941406,10.758681297302246,3.09732723236084,0.7885855970896933
0012-0016-0004,True,sau khi đóng một lệ phí trên danh nghĩa,Ai cũng có thể trở thành đảng viên sau khi đóng một lệ phí trên danh nghĩa,8.749523162841797,6.507144451141357,-2.2423787117004395,0.4703066982843481
0012-0016-0005,False,,Gandhi được bầu làm chủ tịch hội Liên hiệp Tự trị Tòan Ấn Độ,8.718717575073242,4.770761489868164,-3.947956085205078,0.35953590508265754
0012-0016-0006,True,"tẩy chay những sản phẩm ngọai lai, đặc biệt là những sản phẩm Anh","tẩy chay những sản phẩm ngọai lai, đặc biệt là những sản phẩm Anh",8.062654495239258,9.480829238891602,1.4181747436523438,0.7037163279457616
0012-0016-0007,True,chủ tịch hội Liên hiệp Tự trị Tòan Ấn Độ,Gandhi được bầu làm chủ tịch hội Liên hiệp Tự trị Tòan Ấn Độ,8.720996856689453,5.453109264373779,-3.267887592315674,0.4026167048064823
0012-0017-0001,False,,"một cuộc xung đột bạo lực tại thị xã Chauri Chaura, bang Uttar Pradesh vào tháng 2 năm 1922",8.612289428710938,6.748697280883789,-1.8635921478271484,0.49572664940859007
0012-0017-0002,False,,bất phục tòng,8.609186172485352,9.275192260742188,0.6660060882568359,0.6599052709188712
0012-0017-0003,True,"tẩy chay các cơ quan giáo dục và pháp tòa Anh, từ chức không làm cho chính quyền, từ chối không đóng thuế và hủy bỏ những danh hiệu, huy chương An","dân chúng tẩy chay các cơ quan giáo dục và pháp tòa Anh, từ chức không làm cho chính quyền, từ chối không đóng thuế và hủy bỏ những danh hiệu, huy chương Anh",8.328661918640137,9.644072532653809,1.3154106140136719,0.6979246347889858
0012-0017-0004,True,gây lọan,lý do gây lọan,6.992823600769043,10.072028160095215,3.079204559326172,0.7877722959572067
0012-0017-0005,True,"sức lôi cuốn và thành công rộng lớn, gia lực cho người Ấn chưa từng có từ xưa nay","Gandhi bị bắt bỏ tù ngày 10 tháng 3 năm 1922, bị đưa ra tòa vì lý do gây lọan",8.772037506103516,3.3186123371124268,-5.453425168991089,0.2724842160947569
0012-0017-0006,False,,"dân chúng tẩy chay các cơ quan giáo dục và pháp tòa Anh, từ chức không làm cho chính quyền, từ chối không đóng thuế và hủy bỏ những danh hiệu, huy chương Anh",8.315113067626953,9.367155075073242,1.052042007446289,0.6827936256881072
0012-0017-0007,True,"một cuộc xung đột bạo lực tại thị xã Chauri Chaura, bang Uttar Pradesh","phong trào vừa đạt đỉnh điểm thì đã chấm dứt một cách đột ngột vì một cuộc xung đột bạo lực tại thị xã Chauri Chaura, bang Uttar Pradesh vào tháng 2 năm 1922",8.692242622375488,4.880382061004639,-3.8118605613708496,0.3680024307884646
0012-0017-0008,True,ca mổ viêm ruột thừa,"Gandhi bị bắt bỏ tù ngày 10 tháng 3 năm 1922, bị đưa ra tòa vì lý do gây lọan",8.635531425476074,6.55846643447876,-2.0770649909973145,0.48138956252604753
0012-0018-0001,True,đảng tham dự cơ quan lập pháp,"Ranjan Das và Motilal Nehru, ủng hộ việc đảng tham dự cơ quan lập pháp",8.162960052490234,8.651583671569824,0.48862361907958984,0.6491240278234607
0012-0018-0002,True,"bằng nhiều phương tiện, bao gồm một cuộc tuyệt thực ba tuần mùa thu năm 1924","Gandhi tìm cách bắc cầu nối những điểm sai biệt này bằng nhiều phương tiện, bao gồm một cuộc tuyệt thực ba tuần mùa thu năm 1924",8.289336204528809,7.225205421447754,-1.0641307830810547,0.5492905227991527
0012-0018-0003,True,hai phái,phân thành hai phái trong thời gian ông ngồi tù,8.615463256835938,6.388116836547852,-2.227346420288086,0.47131343973120354
0012-0018-0004,False,,"Gandhi tìm cách bắc cầu nối những điểm sai biệt này bằng nhiều phương tiện, bao gồm một cuộc tuyệt thực ba tuần mùa thu năm 1924",8.355144500732422,7.222404956817627,-1.132739543914795,0.5447207288846803
0012-0018-0005,False,,Phái thứ hai được dẫn đầu mởi Chakravarti Rajagopalachari và Sardar Vallabhbhai Patel,8.640921592712402,6.0620527267456055,-2.578868865966797,0.4478496017835554
0012-0018-0006,True,Chakravarti Rajagopalachari và Sardar Vallabhbhai Patel,Phái thứ hai được dẫn đầu mởi Chakravarti Rajagopalachari và Sardar Vallabhbhai Patel,8.267457962036133,9.951617240905762,1.684159278869629,0.7184033941311577
0012-0018-0007,False,,Phái thứ hai được dẫn đầu mởi Chakravarti Rajagopalachari và Sardar Vallabhbhai Patel,8.70018196105957,4.467629432678223,-4.232552528381348,0.3421157994843986
0012-0018-0008,True,Không có nhân cách hùng mạnh của Gandhi để kiềm chế các người đồng sự,Phái thứ hai được dẫn đầu mởi Chakravarti Rajagopalachari và Sardar Vallabhbhai Patel,8.783456802368164,4.189925193786621,-4.593531608581543,0.32062255956068697
0012-0019-0001,False,,Gandhi đứng bên ngòai ánh đèn công chúng,8.744314193725586,3.0446410179138184,-5.699673175811768,0.2595617834894979
0012-0019-0002,True,kêu gọi chính quyền Anh đảm bảo địa vị chủ quyền (dominion status) trong vòng một năm,Gandhi thúc đẩy một nghị quyết thông qua Quốc dân Đại hội Calcutta,8.477218627929688,6.766528129577637,-1.7106904983520508,0.5060013977968751
0012-0019-0003,True,Sir John Simon,Sir John Simon,8.501422882080078,4.998653411865234,-3.5027694702148438,0.3875289530141919
0012-0019-0004,True,"chú trọng đến việc giải quyết cái nêm giữa đảng Swaraj và Quốc dân Đại hội, và khai mở các phương pháp chống kì thị dân vô giai cấp, uống rượu, thiếu học và nghèo đói",Gandhi đứng bên ngòai ánh đèn công chúng,8.690000534057617,4.305469036102295,-4.384531497955322,0.33298120061012976
0012-0019-0005,True,sự tẩy chay hội đồng của các đảng Ấn Độ,sự tẩy chay hội đồng của các đảng Ấn Độ,8.133453369140625,9.48302173614502,1.3495683670043945,0.6998568573942228
0012-0019-0006,False,,Sir John Simon mà không có tên một người Ấn nào trong hội đồng. Kết quả của việc này là sự tẩy chay hội đồng của các đảng Ấn Độ,8.564615249633789,3.707246780395508,-4.857368469238281,0.3053747823858027
0012-0020-0001,False,,Gandhi,8.297099113464355,4.368542194366455,-3.9285569190979004,0.36073754113362694
0012-0020-0002,True,phát động một chiến dịch Chấp trì chân lý phản đối thuế muối,thuế muối,8.328363418579102,4.604247570037842,-3.7241158485412598,0.3735048877774602
0012-0020-0003,True,bởi cuộc Hành trình muối (Salt March) đến Dandi,cuộc Hành trình muối (Salt March) đến Dandi nổi tiếng,7.638694763183594,8.84565544128418,1.206960678100586,0.6917434621560962
0012-0020-0004,True,"Chính quyền, được đại diện qua Lord Irwin, quyết định thương lượng với Gandhi",Hành trình muối này là một trong những chiến dịch thành công nhất của ông với kết quả là hơn 60.000 người bị bắt giam,8.221147537231445,5.3804144859313965,-2.840733051300049,0.4305143021986576
0012-0020-0005,False,,Gandhi,8.313117027282715,4.931308746337891,-3.381808280944824,0.39527400041627847
0012-0020-0006,True,21 tháng 3 đến 6 tháng 4 năm 1930,Gandhi,8.26306438446045,4.82661247253418,-3.4364519119262695,0.3917684461339983
0012-0020-0007,True,60.000,Gandhi,8.255386352539062,5.324603080749512,-2.930783271789551,0.42458996511043123
0012-0020-0008,False,,Gandhi,8.179198265075684,6.805288314819336,-1.3739099502563477,0.5286024080365754
0012-0021-0001,True,Gandhi được mời sang Anh tham dự hội nghị bàn tròn (Round Table Conference) tại Luân Đôn với tư cách người đại diện duy nhất của Quốc dân Đại hội Ấn Độ,Gandhi được mời sang Anh tham dự hội nghị bàn tròn (Round Table Conference) tại Luân Đôn với tư cách người đại diện duy nhất của Quốc dân Đại hội Ấn Độ,8.62485122680664,5.013115882873535,-3.6117353439331055,0.3806001770700191
0012-0021-0002,True,chính quyền Anh đồng ý thả tất cả những tù nhân chính trị để bù cho việc đình chỉ cuộc vận động bất phục tòng,"Hiệp ước Gandhi-Irwin được đóng dấu tháng 3 năm 1931. Trong đó, chính quyền Anh đồng ý thả tất cả những tù nhân chính trị để bù cho việc đình chỉ cuộc vận động bất phục tòng",8.68685245513916,4.007152557373047,-4.679699897766113,0.3155983440670046
0012-0021-0003,False,,Hội nghị này là một thất vọng cho Gandhi cũng như những người theo chủ nghĩa dân tộc bởi vì nó chỉ lưu ý đến những tiểu vương cũng như những nhóm thiểu số Ấn Độ,8.538233757019043,6.81111478805542,-1.727118968963623,0.5048975200638343
0012-0021-0004,True,Hiệp ước Gandhi-Irwin được đóng dấu,Hiệp ước Gandhi-Irwin,8.742012023925781,5.842373847961426,-2.8996381759643555,0.4266366178252911
0012-0021-0005,False,,Hiệp ước Gandhi-Irwin được đóng dấu tháng 3 năm 1931,8.832094192504883,3.2480309009552,-5.584063291549683,0.26557881295287117
0012-0021-0006,True,nó chỉ lưu ý đến những tiểu vương cũng như những nhóm thiểu số Ấn Độ hơn là một sự phó truyền quyền lực,nó chỉ lưu ý đến những tiểu vương cũng như những nhóm thiểu số Ấn Độ hơn là một sự phó truyền quyền lực (transfer of power),8.24113655090332,8.001683235168457,-0.23945331573486328,0.6033590666850508
0012-0021-0007,False,,chính quyền Anh đồng ý thả tất cả những tù nhân chính trị,8.429450988769531,7.6408514976501465,-0.7885994911193848,0.5675515419653745
0012-0021-0008,True,Lord Willingdon,Lord Willingdon,8.633235931396484,8.063069343566895,-0.5701665878295898,0.5819014763549055
0012-0022-0001,True,bằng cách cách li hòan tòan ông và các người đi theo ủng hộ,cách li hòan tòan ông và các người đi theo ủng hộ,7.941632270812988,9.834884643554688,1.8932523727416992,0.7296328699672108
0012-0022-0002,False,,cách li hòan tòan ông và các người đi theo ủng hộ,8.300647735595703,9.328760147094727,1.0281124114990234,0.6813988262312228
0012-0022-0003,False,,chính quyền đảm bảo cho dân ti tiện Dalit những khu bầu cử riêng trong hiến pháp mới,8.307374954223633,9.19540023803711,0.8880252838134766,0.6731686781713686
0012-0022-0004,True,1932,chính quyền đảm bảo cho dân ti tiện Dalit những khu bầu cử riêng trong hiến pháp mới,7.745000839233398,9.311319351196289,1.5663185119628906,0.7119512309306337
0012-0022-0005,False,,chính quyền đảm bảo cho dân ti tiện Dalit những khu bầu cử riêng trong hiến pháp mới,7.971558570861816,10.03968334197998,2.068124771118164,0.7388050653012315
0012-0022-0006,True,chính quyền đảm bảo cho dân ti tiện Dalit những khu bầu cử riêng trong hiến pháp mới,chính quyền đảm bảo cho dân ti tiện Dalit những khu bầu cử riêng trong hiến pháp mới,8.158858299255371,10.152450561523438,1.9935922622680664,0.7349204844187651
0012-0022-0007,True,buộc chính quyền tiếp nhận một hệ thống công bằng hơn qua sự thương lượng qua trung gian là ông Palwankar Baloo,Gandhi bắt đầu một cuộc tuyệt thực 6 ngày,8.280832290649414,6.801403999328613,-1.4794282913208008,0.5215294124981551
0012-0022-0008,True,Gandhi bắt đầu một cuộc tuyệt thực 6 ngày vào tháng 9 năm 1932,chính quyền đảm bảo cho dân ti tiện Dalit những khu bầu cử riêng trong hiến pháp mới,8.503778457641602,9.034689903259277,0.5309114456176758,0.6517086201596916
0012-0023-0001,True,"thành viên theo chủ nghĩa cộng sản, xã hội, công đòan, sinh viên, tôn giáo bảo thủ, kinh doanh và quyền sở hữu",Gandhi,8.748804092407227,4.55064582824707,-4.198158264160156,0.3441996929266421
0012-0023-0002,False,,"thành viên theo chủ nghĩa cộng sản, xã hội, công đòan, sinh viên, tôn giáo bảo thủ, kinh doanh và quyền sở hữu",8.766294479370117,4.0104289054870605,-4.755865573883057,0.31119290683843376
0012-0023-0003,False,,hòan tòan không chống đối phương án này của đảng nhưng cảm thấy rằng nếu ông rút lui,8.72320556640625,3.0275015830993652,-5.695703983306885,0.25976688965652356
0012-0023-0004,True,Khi đảng Quốc dân Đại hội Ấn Độ tranh luận về tuyển cử và chấp nhận quyền chính trị dưới kế họach liên bang,Gandhi quyết định rời đảng,8.604560852050781,5.273456573486328,-3.331104278564453,0.3985364839818978
0012-0023-0005,True,cảm thấy rằng nếu ông rút lui thì hình tượng của ông đối với thường dân Ấn Độ sẽ ngưng đè nén tòan thể hội viên của đảng,Gandhi quyết định rời đảng,8.64242172241211,5.029342174530029,-3.61307954788208,0.3805150001198058
0012-0023-0006,True,khi lãnh đạo một đảng đã có lần tạm thời thừa nhận sự phù hợp chính trị với chính quyền Anh,lãnh đạo một đảng đã có lần tạm thời thừa nhận sự phù hợp chính trị với chính quyền Anh,8.679328918457031,6.410993576049805,-2.2683353424072266,0.46856890612917684
0012-0024-0001,True,không thừa nhận nguyên tắc bất bạo lực cũng như dân quyền,"Subhas Chandra Bose và việc ông thăng tiến, nhậm chức chủ tịch vào năm 1938",8.738851547241211,5.365145683288574,-3.3737058639526367,0.3957947224744121
0012-0024-0002,True,đưa những người thân cận lên nắm những chức quan trọng,không hàm dung việc chuẩn bị không dùng bạo lực của những người tham gia,6.681314468383789,10.741188049316406,4.059873580932617,0.8285175352091145
0012-0024-0003,True,Bose không thừa nhận nguyên tắc bất bạo lực cũng như dân quyền,Bose không thừa nhận nguyên tắc bất bạo lực cũng như dân quyền,8.60931396484375,7.032546043395996,-1.576767921447754,0.514996914765894
0012-0024-0004,False,,nguyên tắc bất bạo lực cũng như dân quyền,8.772510528564453,6.860597133636475,-1.9119133949279785,0.492479877316151
0012-0024-0005,False,,nguyên tắc bất bạo lực cũng như dân quyền,8.723847389221191,5.947977066040039,-2.7758703231811523,0.4347940351313256
0012-0024-0006,False,,"Subhas Chandra Bose và việc ông thăng tiến, nhậm chức chủ tịch vào năm 1938",8.75312614440918,4.598920822143555,-4.154205322265625,0.346871473193011
0012-0024-0007,False,,Nguyện vọng phát động một cuộc khởi nghĩa khắp nơi chống chính quyền Anh của Bose,8.783731460571289,4.890423774719238,-3.893307685852051,0.3629254337507589
0012-0024-0008,True,nguyên tắc bất bạo lực cũng như dân quyền,nguyên tắc bất bạo lực cũng như dân quyền,8.638961791992188,7.532290458679199,-1.1066713333129883,0.5464579725953593
0012-0024-0009,True,Subhas Chandra Bose,Nguyện vọng phát động một cuộc khởi nghĩa khắp nơi chống chính quyền Anh của Bose,8.834962844848633,4.871594429016113,-3.9633684158325195,0.358582477539144
0012-0025-0001,True,Ấn Độ không thể tham gia một cuộc chiến với mục đích bề ngòai là giành tự do dân chủ trong khi chính tự do dân chủ này bị phủ nhận tại Ấn Độ,Ấn Độ không thể tham gia một cuộc chiến với mục đích bề ngòai là giành tự do dân chủ trong khi chính tự do dân chủ này bị phủ nhận tại Ấn Độ,8.802705764770508,5.136441230773926,-3.666264533996582,0.377150824867895
0012-0025-0002,False,,Chiến tranh thế giới thứ hai bùng nổ năm 1939 khi Đức Quốc Xã xâm lấn Ba Lan,8.776434898376465,6.01578950881958,-2.7606453895568848,0.43580003198508904
0012-0025-0003,True,khi Đức Quốc Xã xâm lấn Ba Lan,Chiến tranh thế giới thứ hai bùng nổ năm 1939 khi Đức Quốc Xã xâm lấn Ba Lan,8.582757949829102,7.126429557800293,-1.4563283920288086,0.5230786581517467
0012-0025-0004,True,họ cho ông thấy cách áp dụng mục đích của cuộc chiến tại Ấn Độ sau chiến tranh,Gandhi nói rằng ông sẽ hỗ trợ người Anh nếu họ cho ông thấy cách áp dụng mục đích của cuộc chiến tại Ấn Độ sau chiến tranh,7.831882476806641,8.720539093017578,0.8886566162109375,0.6732060142309025
0012-0025-0005,True,hòan tòan phủ định,Phản ứng của chính quyền Anh hòan tòan phủ định,7.471284866333008,7.9496870040893555,0.47840213775634766,0.6484979786350414
0012-0025-0006,True,hòan tòan đồng cảm,"Gandhi hòan tòan đồng cảm với nạn nhân của sự xâm chiếm này. Sau khi cân nhắc kĩ cùng những người đồng nghiệp trong Quốc hội, ông công bố rằng Ấn Độ",8.752331733703613,4.81124210357666,-3.941089630126953,0.35996103113658395
0012-0025-0007,False,,Ấn Độ không thể tham gia một cuộc chiến với mục đích bề ngòai là giành tự do dân chủ trong khi chính tự do dân chủ này bị phủ nhận tại Ấn Độ,8.768450736999512,5.6404805183410645,-3.1279702186584473,0.4116947910266222
0012-0026-0001,False,,đối lập người Anh trong thời đọan chiến đấu sinh tử của họ là một việc phi đạo đức trong khi một số người khác lại cho rằng Gandhi chưa thực hiện đủ yêu cầu. Nhiều đảng chính trị phản đối lời kêu gọi của Gandhi,8.714818000793457,4.303343296051025,-4.411474704742432,0.331374571028186
0012-0026-0002,True,"quyết định nhất, cực lực nhất",đối lập người Anh trong thời đọan chiến đấu sinh tử của họ là một việc phi đạo đức trong khi một số người khác lại cho rằng Gandhi chưa thực hiện đủ yêu cầu. Nhiều đảng chính trị phản đối lời kêu gọi của Gandhi,8.777753829956055,4.632007122039795,-4.14574670791626,0.3473867648451695
0012-0026-0003,True,"một số người trong Quốc hội và một số nhóm chính trị khác - thuộc cả hai mặt, theo Anh và chống Anh","Gandhi bị một số người trong Quốc hội và một số nhóm chính trị khác - thuộc cả hai mặt, theo Anh và chống Anh - chỉ trích",8.569189071655273,5.187583923339844,-3.3816051483154297,0.3952870523440164
0012-0026-0004,False,,đối lập người Anh trong thời đọan chiến đấu sinh tử của họ là một việc phi đạo đức trong khi một số người khác lại cho rằng Gandhi chưa thực hiện đủ yêu cầu. Nhiều đảng chính trị phản đối lời kêu gọi của Gandhi,8.70144271850586,4.211063385009766,-4.490379333496094,0.3266921179963132
0012-0026-0005,True,"Một số người cho rằng, đối lập người Anh trong thời đọan chiến đấu sinh tử của họ là một việc phi đạo đức trong khi một số người khác lại cho rằng Gandhi chưa thực hiện đủ yêu cầu",đối lập người Anh trong thời đọan chiến đấu sinh tử của họ là một việc phi đạo đức trong khi một số người khác lại cho rằng Gandhi chưa thực hiện đủ yêu cầu. Nhiều đảng chính trị phản đối lời kêu gọi của Gandhi,8.687545776367188,4.842066287994385,-3.8454794883728027,0.36590317746462603
0012-0026-0006,True,người Anh rời nước Ấn,mục tiêu xác nhận việc người Anh rời nước Ấn,8.726947784423828,5.63150691986084,-3.0954408645629883,0.41381423431503467
0012-0027-0001,True,cuộc vận động đấu tranh giành độc lập Ấn Độ lớn nhất cho đến bây giờ,Ấn Độ,8.757725715637207,3.821634531021118,-4.936091184616089,0.3009046715756296
0012-0027-0002,True,Ấn Độ không được đảm bảo tự do,Ấn Độ không được đảm bảo tự do ngay lập tức,8.145160675048828,9.088924407958984,0.9437637329101562,0.6764564722691491
0012-0027-0003,True,"duy trì kỉ luật hòa bình và ""làm hay chết""","tất cả những thành viên Quốc hội và dân chúng duy trì kỉ luật hòa bình và ""làm hay chết",7.544745445251465,7.388078212738037,-0.15666723251342773,0.6086721994121694
0012-0027-0004,False,,"tình trạng ""vô chính phủ có tổ chức"" xung quanh ông ""nguy hiểm hơn là vô chính phủ thật sự",8.094766616821289,9.689391136169434,1.5946245193481445,0.7135090914553213
0012-0027-0005,False,,Ấn Độ,8.742195129394531,4.176297664642334,-4.565897464752197,0.3222427418069965
0012-0027-0006,True,"tình trạng ""vô chính phủ có tổ chức"" xung quanh ông ""","tình trạng ""vô chính phủ có tổ chức",7.855396270751953,9.990480422973633,2.1350841522216797,0.7422634019527409
0012-0027-0007,True,"Hàng nghìn người kháng cự bị sát hại hoặc bị thương dưới nòng súng cảnh sát, và hàng trăm nghìn người đấu tranh giành độc lập bị bắt giam",Gandhi,8.626375198364258,6.358544826507568,-2.2678303718566895,0.46860270669164983
0012-0028-0001,True,Chính quyền Anh không muốn ông chết trong tù vì đây là một sự kiện có thể làm lòng căm phẫn của công chúng vượt khỏi tầm kiểm sóat,sức khỏe sa sút và một ca mổ cần thiết,6.733731746673584,10.006568908691406,3.2728371620178223,0.7963439278082437
0012-0028-0002,True,cái chết của vợ Kasturbai chỉ vài tháng sau khi Mahadev Desai - người thư ký được ông xem như con trai - chết vì bị nhồi máu cơ tim vào tuổi 42,cái chết của vợ Kasturbai chỉ vài tháng sau khi Mahadev Desai - người thư ký được ông xem như con trai - chết vì bị nhồi máu cơ tim vào tuổi 42,8.275644302368164,8.377925872802734,0.10228157043457031,0.6251207230940699
0012-0028-0003,False,,Gandhi được thả trước khi chiến tranh chấm dứt vì sức khỏe sa sút và một ca mổ cần thiết. Chính quyền Anh không muốn ông chết trong tù,7.71414852142334,7.991268157958984,0.27711963653564453,0.6360678751660983
0012-0028-0004,True,Mumbai,điện Aga Khan,8.021087646484375,7.408308982849121,-0.6127786636352539,0.5791121505710336
0012-0028-0005,False,,sức khỏe sa sút và một ca mổ cần thiết,6.383199691772461,10.103961944580078,3.720762252807617,0.8151763785126491
0012-0028-0006,True,có thể làm lòng căm phẫn của công chúng vượt khỏi tầm kiểm sóat,Chính quyền Anh không muốn ông chết trong tù vì đây là một sự kiện có thể làm lòng căm phẫn của công chúng vượt khỏi tầm kiểm sóat,7.482093334197998,8.348308563232422,0.8662152290344238,0.6718775189268477
0012-0028-0007,True,ngày 9 tháng 8 năm 1942,ngày 9 tháng 8 năm 1942 tại Mumbai,8.009169578552246,8.16285514831543,0.1536855697631836,0.6283531651520154
0012-0028-0008,False,,ngày 9 tháng 8 năm 1942 tại Mumbai,7.793924808502197,8.091349601745605,0.2974247932434082,0.6373304068949255
0012-0029-0001,True,bản chất dân tộc và hiện thế,Quốc hội không nghe lời Gandhi (nhưng không đặt câu hỏi về quyền lãnh đạo) vì những người cầm đầu không những muốn lập chính quyền nhanh như có thể khi người Anh trao quyền lại,8.487016677856445,7.730613708496094,-0.7564029693603516,0.5696744328816867
0012-0029-0002,True,ít,Quốc hội không nghe lời Gandhi,8.428922653198242,7.042139530181885,-1.3867831230163574,0.5277400646354874
0012-0029-0003,True,"những người cầm đầu không những muốn lập chính quyền nhanh như có thể khi người Anh trao quyền lại, mà còn muốn ngăn cản Mohammed Ali Jinnah và Liên minh Hồi giáo đạt vị trí ngang hàng với đảng Quốc dân Đại hội",Quốc hội không nghe lời Gandhi,8.496709823608398,6.5755157470703125,-1.921194076538086,0.49185635951874496
0012-0029-0004,True,từ khước những đề nghị trong kế họach của phái đòan chính phủ Anh năm 1946,Gandhi cảnh cáo sự tập hợp được đề nghị dành cho những liên bang có số đông người Hồi,8.428400993347168,6.539258003234863,-1.8891429901123047,0.49400979033241144
0012-0029-0005,True,việc chia quyền với Liên minh Hồi giáo,sự tập hợp được đề nghị dành cho những liên bang có số đông người Hồi,8.557865142822266,6.383600234985352,-2.174264907836914,0.47487022304994764
0012-0029-0006,False,,Gandhi cảnh cáo sự tập hợp được đề nghị dành cho những liên bang có số đông người Hồi,8.577546119689941,6.182363510131836,-2.3951826095581055,0.460088240832429
0012-0029-0007,False,,Quốc hội không nghe lời Gandhi (nhưng không đặt câu hỏi về quyền lãnh đạo) vì những người cầm đầu không những muốn lập chính quyền nhanh như có thể khi người Anh trao quyền lại,8.51113510131836,7.292860984802246,-1.2182741165161133,0.5390130872747532
0012-0029-0008,False,,Quốc hội không nghe lời Gandhi,8.482906341552734,6.912609100341797,-1.5702972412109375,0.5154313481851749
0012-0030-0001,False,,đây là con đường duy nhất để tránh cuộc nội chiến,8.434676170349121,5.08309268951416,-3.351583480834961,0.397217673456366
0012-0030-0002,True,đây là con đường duy nhất để tránh cuộc nội chiến,đây là con đường duy nhất để tránh cuộc nội chiến,7.244624137878418,9.573465347290039,2.328841209411621,0.7521009033900867
0012-0030-0003,False,,sự thỏa thuận của ông,8.02463436126709,8.263589859008789,0.23895549774169922,0.633689842866769
0012-0030-0004,True,sự hỗ trợ trong đảng và tòan quốc dành cho Gandhi rất sâu rộng,sự hỗ trợ trong đảng và tòan quốc dành cho Gandhi rất sâu rộng,7.904717445373535,9.283559799194336,1.3788423538208008,0.7015071859581063
0012-0030-0005,True,phản đối cực lực sự phân chia,Gandhi sẽ phản đối cực lực sự phân chia,6.753339767456055,9.72210693359375,2.9687671661376953,0.7827667853104636
0012-0030-0006,False,,sự hỗ trợ trong đảng và tòan quốc dành cho Gandhi,7.371103286743164,9.799051284790039,2.427947998046875,0.7570344308921094
0012-0030-0007,True,sự thỏa thuận của ông,sự thỏa thuận của ông,7.36237096786499,8.983353614807129,1.6209826469421387,0.7149552043986902
0012-0030-0008,False,,Gandhi sẽ phản đối cực lực sự phân chia,6.918668746948242,10.172258377075195,3.253589630126953,0.7955035509310968
0012-0030-0009,True,"Gandhi cuối cùng xuôi lòng, tán đồng bước thực hiện này",Gandhi đây là con đường duy nhất để tránh cuộc nội chiến,8.458301544189453,4.974410057067871,-3.483891487121582,0.3887340664045811
0012-0031-0001,False,,"người Ấn giáo, đạo Sikhs, Phật giáo, Kì-na giáo, đạo Parsi, Kitô giáo và đạo Do Thái",7.976480007171631,9.729255676269531,1.7527756690979004,0.7221196108647777
0012-0031-0002,False,,"Liên minh Hồi giáo luận cứ rằng thiểu số người Hồi giáo sẽ bị bức áp một cách có hệ thống bởi phần lớn môn đồ Ấn Độ giáo trong một quốc gia Ấn Độ thống nhất, và một quốc gia riêng cho người theo Hồi giáo",8.699819564819336,6.850063323974609,-1.8497562408447266,0.49665638170278487
0012-0031-0003,False,,"Tây và Đông Pakistan, và giờ đây tương ưng với Pakistan và Bangladesh",8.081777572631836,8.708829879760742,0.6270523071289062,0.6575513573421027
0012-0031-0004,False,,một quốc gia riêng cho người theo Hồi giáo,8.709714889526367,4.778753280639648,-3.9309616088867188,0.3605884931551067
0012-0031-0005,True,một quốc gia Ấn Độ thống nhất,một quốc gia riêng cho người theo Hồi giáo,8.645675659179688,7.037578582763672,-1.6080970764160156,0.5128932056337622
0012-0031-0006,False,,một quốc gia riêng cho người theo Hồi giáo,8.623327255249023,7.098568439483643,-1.5247588157653809,0.5184880445542172
0012-0031-0007,True,các vùng Đông và Tây Ấn Độ,"Tây và Đông Pakistan, và giờ đây tương ưng với Pakistan và Bangladesh",7.875984191894531,9.09306812286377,1.2170839309692383,0.692323406387173
0012-0031-0008,True,"người Ấn giáo, đạo Sikhs, Phật giáo, Kì-na giáo, đạo Parsi, Kitô giáo và đạo Do Thái","người Ấn giáo, đạo Sikhs, Phật giáo, Kì-na giáo, đạo Parsi, Kitô giáo và đạo Do Thái",7.664939880371094,9.793115615844727,2.128175735473633,0.7419079805579919
0012-0031-0009,True,cộng đồng Ấn Độ giáo và Hồi giáo tại Ấn Độ,Gandhi có ảnh hưởng lớn trong các cộng đồng Ấn Độ giáo và Hồi giáo,8.480938911437988,7.087181091308594,-1.3937578201293945,0.5272727766889213
0012-0031-0010,True,thiểu số người Hồi giáo sẽ bị bức áp một cách có hệ thống,"Liên minh Hồi giáo luận cứ rằng thiểu số người Hồi giáo sẽ bị bức áp một cách có hệ thống bởi phần lớn môn đồ Ấn Độ giáo trong một quốc gia Ấn Độ thống nhất, và một quốc gia riêng cho người theo Hồi giáo",8.649520874023438,7.518165588378906,-1.1313552856445312,0.5448130066931407
0012-0032-0001,False,,Gandhi là người chịu trách nhiệm cho việc chính quyền suy nhược vì đã khăng khăng bắt buộc nộp một khỏan tiền cho Pakistan,8.698674201965332,4.921820163726807,-3.7768540382385254,0.3701936570648743
0012-0032-0002,False,,Vinayak Damodar Savarkar,8.665840148925781,7.532221794128418,-1.1336183547973633,0.5446621437559016
0012-0032-0003,True,Nathuram Godse,Nathuram Godse,8.43533992767334,9.355979919433594,0.9206399917602539,0.6750945840310927
0012-0032-0004,True,thiếu bằng chứng,Vinayak Damodar Savarkar,8.334036827087402,9.71007251739502,1.3760356903076172,0.7013491856410177
0012-0032-0005,True,Gandhi là người chịu trách nhiệm cho việc chính quyền suy nhược,Gandhi là người chịu trách nhiệm cho việc chính quyền suy nhược,8.704510688781738,4.452221870422363,-4.252288818359375,0.3409227483195871
0012-0032-0006,False,,Nathuram Godse,8.571569442749023,8.498284339904785,-0.07328510284423828,0.6139976710894214
0012-0032-0007,False,,Vinayak Damodar Savarkar,8.794403076171875,4.4288153648376465,-4.3655877113342285,0.33411315456005364
0012-0032-0008,True,một môn đồ Ấn giáo cực đoan,"Godse và người cùng âm mưu là Narayan Apte sau bị đưa ra tòa kết án, và bị xử tử ngày 15 tháng 11 năm 1949. Vinayak Damodar Savarkar",8.754061698913574,4.133309364318848,-4.620752334594727,0.3190308313199254
0012-0032-0009,True,Narayan Apte,Narayan Apte,8.062807083129883,10.142908096313477,2.0801010131835938,0.7394258151975455
0012-0033-0001,True,"câu tôn kính hướng đến thần Rama, là một dấu hiệu gợi cảm tâm linh Gandhi cũng như lý tưởng đạt sự thống nhất với hòa bình vĩnh hằng của ông","He Ram, He Ram"" hoặc ""Rama, Rama""",8.690290451049805,3.109088182449341,-5.581202268600464,0.2657288414788701
0012-0033-0002,True,"lăn xuống đất, chắp hai tay trước ngực ở tư thế chào","ông lăn xuống đất, chắp hai tay trước ngực ở tư thế chào",8.722408294677734,4.61638069152832,-4.106027603149414,0.3498111871855728
0012-0033-0003,False,,"Ô kìa Rama!"" (Hey Rama!)",8.076536178588867,9.206413269042969,1.1298770904541016,0.6873077009012758
0012-0033-0004,False,,"He Ram, He Ram"" hoặc ""Rama, Rama""",5.439418315887451,10.685136795043945,5.245718479156494,0.8692014704320155
0012-0033-0005,True,"""He Ram, He Ram"" hoặc ""Rama, Rama""","He Ram, He Ram"" hoặc ""Rama, Rama""",5.473250865936279,10.731189727783203,5.257938861846924,0.8695744773964866
0012-0033-0006,False,,"He Ram, He Ram"" hoặc ""Rama, Rama"", và nó cũng tường thuật rằng ông lăn xuống đất, chắp hai tay trước ngực ở tư thế chào",8.726486206054688,2.7369747161865234,-5.989511489868164,0.24487098983085392
0012-0033-0007,True,nghi vấn về tính có thật của câu này,Gandhi,8.582578659057617,4.308017253875732,-4.274561405181885,0.3395787960531332
0012-0033-0008,True,"""Ô kìa Rama!"" (Hey Rama!)","Ô kìa Rama!"" (Hey Rama!)",8.000205993652344,9.847474098205566,1.8472681045532227,0.727187570336907
0012-0033-0009,False,,"Rama, Rama"", và nó cũng tường thuật rằng ông lăn xuống đất, chắp hai tay trước ngực ở tư thế chào",8.73550033569336,2.516082763671875,-6.219417572021484,0.23362456581684246
0012-0034-0001,True,một vũ khí chính trị,nhịn ăn,8.601606369018555,7.05739688873291,-1.5442094802856445,0.5171826047380004
0012-0034-0002,False,,"ăn chay đủ cung cấp chất dinh dưỡng tối thiểu cho thân thể. Tuy nhiên, cách ăn của ông cũng linh họat và ông cũng không ngần ngại khi ăn trứng",8.581178665161133,4.122893333435059,-4.458285331726074,0.3285925788905642
0012-0034-0003,True,Gandhi sau này trở thành một người ăn chay tuyệt đối,"Nguyên tắc ăn chay có truyền thống lâu đời trong các tôn giáo Ấn Độ như Ấn Độ giáo, Kì-na giáo và Phật giáo, và trong tiểu bang của Gandhi, Gujarat, phần lớn môn đồ Ấn giáo đều ăn chay",8.608232498168945,4.486444473266602,-4.121788024902344,0.34884824607188253
0012-0034-0004,False,,cách ăn của ông cũng linh họat và ông cũng không ngần ngại khi ăn trứng,8.582281112670898,5.662006855010986,-2.920274257659912,0.42528026366806276
0012-0034-0005,True,"Ấn Độ giáo, Kì-na giáo và Phật giáo","Nguyên tắc ăn chay có truyền thống lâu đời trong các tôn giáo Ấn Độ như Ấn Độ giáo, Kì-na giáo và Phật giáo",6.297346115112305,8.56596851348877,2.268622398376465,0.7490706064415099
0012-0034-0006,False,,"Ông viết sách về chủ đề này trong thời gian du học tại Luân Đôn, sau khi gặp người tranh đấu cho việc ăn chay",8.237024307250977,6.281660079956055,-1.9553642272949219,0.48956088888810084
0012-0034-0007,True,ăn chay đủ cung cấp chất dinh dưỡng tối thiểu cho thân thể,"ăn chay đủ cung cấp chất dinh dưỡng tối thiểu cho thân thể. Tuy nhiên, cách ăn của ông cũng linh họat và ông cũng không ngần ngại khi ăn trứng",8.573770523071289,4.603091716766357,-3.9706788063049316,0.35813063694680825
0012-0034-0008,True,sau khi gặp người tranh đấu cho việc ăn chay là Henry Stephens Salt ở những cuộc hội họp của Hội người ăn chay,Ông viết sách về chủ đề này trong thời gian du học tại Luân Đôn,8.316762924194336,6.289974212646484,-2.0267887115478516,0.484764294473433
0012-0035-0001,True,bị ảnh hưởng mạnh bởi khái niệm Phạm hạnh,sống tuyệt dục,8.558866500854492,5.918888092041016,-2.6399784088134766,0.4437912230001883
0012-0035-0002,False,,sống tuyệt dục,8.645790100097656,5.6350908279418945,-3.0106992721557617,0.41935038047592255
0012-0035-0003,True,khái niệm Phạm hạnh (sa. brahmacarya),khái niệm Phạm hạnh,7.429776668548584,10.15900993347168,2.7292332649230957,0.7716190063497956
0012-0035-0004,True,cuộc phấn đấu chống lại sự thôi thúc tính dục và những cuộc ghen tuông vì bà Kasturba,cuộc phấn đấu chống lại sự thôi thúc tính dục và những cuộc ghen tuông vì bà Kasturba,8.39253044128418,8.73042106628418,0.337890625,0.6398408322610655
0012-0035-0005,True,phát triển lòng từ bi thay vì đam mê nhục dục,sống tuyệt dục,8.570570945739746,5.117342472076416,-3.45322847366333,0.39069439662203936
0012-0035-0006,False,,"Phạm hạnh (sa. brahmacarya) trong các tôn giáo Ấn Độ, tức là sự thanh tịnh của tâm linh và hành động, có mối liên hệ trực tiếp với việc tu khổ hạnh",8.615528106689453,6.467016696929932,-2.1485114097595215,0.4765968051373336
0012-0035-0007,True,36 tuổi,năm 36 tuổi,8.49351692199707,6.043996810913086,-2.4495201110839844,0.45646215262127626
0012-0036-0001,True,phú qúy và thành công,phú qúy và thành công,8.326848983764648,9.144969940185547,0.8181209564208984,0.6690211448880747
0012-0036-0002,True,mặc y phục phương Tây,ông từ khước mặc y phục phương Tây,8.38616943359375,9.65235424041748,1.2661848068237305,0.6951276840487542
0012-0036-0003,True,Ông ăn mặc để người nghèo nhất Ấn Độ cũng có thể chấp nhận,việc mặc y phục tự dệt,8.617444038391113,6.343559265136719,-2.2738847732543945,0.4681974701019909
0012-0036-0004,True,người Ấn tự sản xuất vải,"Gandhi cho rằng, nếu người Ấn tự sản xuất vải",7.561322212219238,9.507589340209961,1.9462671279907227,0.7324348462107219
0012-0036-0005,True,sợi chỉ tự se,dệt vải từ sợi chỉ tự se,7.225705146789551,8.254354476928711,1.0286493301391602,0.6814301577509331
0012-0036-0006,False,,việc mặc y phục tự dệt,8.689364433288574,5.919124603271484,-2.77023983001709,0.43516601130764343
0012-0036-0007,False,,phú qúy và thành công,8.660351753234863,7.437329292297363,-1.2230224609375,0.5386959207938897
0012-0037-0001,True,họ không cho những kẻ ti tiện vào đền thờ,họ không cho những kẻ ti tiện vào đền thờ,8.25168228149414,8.240571975708008,-0.011110305786132812,0.6179510632052634
0012-0037-0002,False,,"Ngày 15 tháng 1 năm 1934, một cơn động đất xảy ra tại Bihar",8.723410606384277,3.258331298828125,-5.465079307556152,0.2718636475420524
0012-0037-0003,True,Rabindranath Tagore,Gandhi và Rabindranath Tagore,8.444238662719727,6.329013824462891,-2.115224838256836,0.47882924727759485
0012-0037-0004,True,một cơn động đất xảy ra tại Bihar,một cơn động đất xảy ra tại Bihar,7.785130023956299,7.88163423538208,0.09650421142578125,0.6247567204058528
0012-0037-0005,True,"cho rằng, một cơn động đất chỉ có thể xảy ra trên cơ sở năng lực thiên nhiên, không phải vì lý do đạo đức cho dù việc kì thị người vô giai cấp đáng chê trách như thế nào đi nữa","Tagore phản đối cực lực lập trường của Gandhi, cho rằng, một cơn động đất chỉ có thể xảy ra trên cơ sở năng lực thiên nhiên, không phải vì lý do đạo đức cho dù việc kì thị người vô giai cấp",8.250295639038086,5.775146007537842,-2.475149631500244,0.45475340202865167
0012-0037-0006,False,,Gandhi và Rabindranath Tagore,8.574995040893555,4.483757972717285,-4.0912370681762695,0.3507159849004183
0012-0037-0007,False,,"tội lỗi của những môn đồ Ấn giáo thuộc giai cấp cao, vì họ không cho những kẻ ti tiện vào đền thờ",8.406834602355957,7.566405296325684,-0.8404293060302734,0.5641289367695268
0012-0038-0001,True,các học giả hậu thực dân,các học giả hậu thực dân,7.966192245483398,8.974937438964844,1.0087451934814453,0.6802675701336285
0012-0038-0002,True,bộ phim Gandhi (1982),bộ phim Gandhi (1982),8.394916534423828,8.909965515136719,0.5150489807128906,0.6507401576199322
0012-0038-0003,True,Richard Attenborough,Richard Attenborough,7.949671745300293,8.599879264831543,0.65020751953125,0.6589515326621089
0012-0038-0004,True,"Họ luận cứ là bộ phim miêu tả Gandhi như một người dùng một tay đưa Ấn Độ đến sự độc lập và bỏ qua những nhân vật quan trọng khác (của cả hai nhóm, tinh duệ và cấp dưới) trong cuộc kháng chiến chống thực dân","bộ phim miêu tả Gandhi như một người dùng một tay đưa Ấn Độ đến sự độc lập và bỏ qua những nhân vật quan trọng khác (của cả hai nhóm, tinh duệ và cấp dưới) trong cuộc kháng chiến chống thực dân",8.38334846496582,8.668837547302246,0.2854890823364258,0.6365884978005927
0012-0038-0005,False,,bộ phim Gandhi,8.387774467468262,8.620199203491211,0.23242473602294922,0.6332822496308006
0012-0038-0006,False,,Bộ phim The Making of the Mahatma,5.076887130737305,10.616406440734863,5.539519309997559,0.8779213559982112
0012-0038-0007,True,Bộ phim The Making of the Mahatma,Bộ phim The Making of the Mahatma,4.810605049133301,10.52414321899414,5.71353816986084,0.8828467279434883
0012-0039-0001,True,cái nhìn của ông về Adolf Hitler và Chủ nghĩa Đức Quốc Xã,cái nhìn của ông về Adolf Hitler và Chủ nghĩa Đức Quốc Xã,7.917270183563232,10.846646308898926,2.9293761253356934,0.780960901275385
0012-0039-0002,False,,"Gandhi nói trước công chúng tại Mumbai, 26 tháng 9 năm 1896 (Collected Works, quyển II, trang 74) về người châu Phi",8.90873908996582,4.950572967529297,-3.9581661224365234,0.35890417389774565
0012-0039-0003,True,"""Bullshit!"" (""Holier than Thou"")","Bullshit!"" (""Holier than Thou"")",7.91067361831665,9.77364730834961,1.862973690032959,0.7280242964860445
0012-0039-0004,True,"một phần về tính đạo đức giả qua những lập trường tiền hậu bất nhất trí trong khi thực hiện bất bạo lực, thái độ không thích hợp về phía phụ nữ và những lời nói có bản chất kì thị chủng tộc","tính đạo đức giả qua những lập trường tiền hậu bất nhất trí trong khi thực hiện bất bạo lực, thái độ không thích hợp về phía phụ nữ và những lời nói có bản chất kì thị chủng tộc",8.612358093261719,8.515481948852539,-0.09687614440917969,0.6124936567719264
0012-0039-0005,True,người Do Thái có thể đạt được tình thương của Thượng đế nếu họ sẵn lòng đi đến cái chết như những cảm tử chết vì nghĩa,"Gandhi nói trước công chúng tại Mumbai, 26 tháng 9 năm 1896 (Collected Works, quyển II, trang 74) về người châu Phi",8.86599063873291,5.621147632598877,-3.244843006134033,0.40410747275750636
0012-0039-0006,True,26 tháng 9 năm 1896,"Gandhi nói trước công chúng tại Mumbai, 26 tháng 9 năm 1896",8.586260795593262,7.5137248039245605,-1.0725359916687012,0.5487311117091617
0012-0039-0007,False,,"Bullshit!"" (""Holier than Thou"")",7.772427082061768,10.10059928894043,2.328172206878662,0.7520673733477533
0012-0039-0008,False,,"Gandhi nói trước công chúng tại Mumbai, 26 tháng 9 năm 1896 (Collected Works, quyển II, trang 74) về người châu Phi",8.62556266784668,7.552713394165039,-1.0728492736816406,0.5487102587440311
0012-0040-0001,True,"mọi người Ấn chính là da thịt của mình, máu mủ của mình","Ai là người cảm thấy như ông rằng tất cả mọi người Ấn chính là da thịt của mình, máu mủ của mình",8.583524703979492,7.145133972167969,-1.4383907318115234,0.5242813821648646
0012-0040-0002,False,,Đó mới thực là một chân lý sinh động chứ không phải chỉ là những lời suông trong sách vở. Vì vậy mà tiếng tôn xưng Mahatma (Thánh,8.467020034790039,6.349159240722656,-2.117860794067383,0.4786524286990139
0012-0040-0003,True,"các căn nhà tồi tàn của hằng ngàn người cùng khốn, y phục của ông y hệt y phục của họ. Ông nói với họ bằng ngôn ngữ của họ",Đó mới thực là một chân lý sinh động,8.534231185913086,5.706033706665039,-2.828197479248047,0.431340628252867
0012-0040-0004,False,,tiếng tôn xưng Mahatma (Thánh) mà dân Ấn tặng ông,8.340678215026855,8.690293312072754,0.34961509704589844,0.640566777061249
0012-0040-0005,True,xông ngay tới một cảnh vinh quang cao qúy mới,Ấn Độ xông ngay tới một cảnh vinh quang cao qúy mới,8.331296920776367,8.719886779785156,0.38858985900878906,0.6429753435125946
0012-0040-0006,True,dân Ấn,tiếng tôn xưng Mahatma (Thánh) mà dân Ấn tặng ông,8.280234336853027,8.562115669250488,0.28188133239746094,0.6363641163363284
0013-0001-0001,False,,Nhiều cận thần của vua Charles I theo Thanh giáo (Puritans) muốn hủy bỏ một số lễ nghi của nhà thờ Công giáo La Mã và e ngại nhà vua sẽ phục hồi Công giáo (Catholic),7.031412601470947,9.385452270507812,2.3540396690368652,0.7533616215888616
0013-0001-0002,True,hai,tôn giáo nữa. Nhiều cận thần của vua Charles I,8.589637756347656,3.9816055297851562,-4.6080322265625,0.31977411550268625
0013-0001-0003,True,tiết kiệm tiền bằng cách cho quân sĩ sống nhờ nhà dân và buộc các nhà giàu phải cho triều đình vay tiền,vua Charles,8.043489456176758,7.6818366050720215,-0.36165285110473633,0.5954719851192628
0013-0001-0004,True,các chính sách này vi phạm đến các tự do hiến định của nhân dân,vua Charles,8.32122802734375,5.918423652648926,-2.402804374694824,0.45957935610591527
0013-0001-0005,True,"cho quân sĩ sống nhờ nhà dân và buộc các nhà giàu phải cho triều đình vay tiền, những người từ chối sẽ bị tống giam vào ngục",Hành động này của vua Charles I và các quyết định bất thường khác,8.285249710083008,6.938455104827881,-1.346794605255127,0.5304182363192321
0013-0001-0006,True,nhà vua sẽ phục hồi Công giáo,nhà vua sẽ phục hồi Công giáo (Catholic),6.545252323150635,9.738507270812988,3.1932549476623535,0.7928525655528563
0013-0002-0001,True,ng đã giải tán quốc hội thứ ba năm 1629,"vua Charles I đã ký nhận đơn thỉnh nguyện rồi về sau, do cảm thấy bị mất thể diện, ông đã giải tán quốc hội thứ ba",8.159765243530273,8.451595306396484,0.29183006286621094,0.6369827265300603
0013-0002-0002,False,,"hủy bỏ việc bắt buộc vay tiền và đóng quân tại nhà dân, đồng thời cũng xác nhận rằng quốc hội có quyền giới hạn các quyền lực của nhà vua",8.555703163146973,6.5437140464782715,-2.011989116668701,0.4857579772242271
0013-0002-0003,True,"hủy bỏ việc bắt buộc vay tiền và đóng quân tại nhà dân, đồng thời cũng xác nhận rằng quốc hội có quyền giới hạn các quyền lực của nhà vua","hủy bỏ việc bắt buộc vay tiền và đóng quân tại nhà dân, đồng thời cũng xác nhận rằng quốc hội có quyền giới hạn các quyền lực của nhà vua",8.127120018005371,8.98674488067627,0.8596248626708984,0.6714868549256768
0013-0002-0004,True,John Hampden,Thần dân Anh đã phản kháng việc này và trong số đó có ông John Hampden,7.623366355895996,10.202678680419922,2.579312324523926,0.7644397183765926
0013-0002-0005,False,,"nhà vua đòi thần dân nộp ""tiền đóng tàu"" (ship money) và coi đây không phải là một thứ thuế",8.041791915893555,9.78763198852539,1.745840072631836,0.7217453570768364
0013-0002-0006,True,1629,quốc hội thứ ba,8.354499816894531,7.842591285705566,-0.5119085311889648,0.5857064719696454
0013-0002-0007,True,1628,quốc hội thứ ba,8.34643840789795,7.204068183898926,-1.1423702239990234,0.544078641152384
0013-0002-0008,True,"đòi thần dân nộp ""tiền đóng tàu""","nhà vua đòi thần dân nộp ""tiền đóng tàu""",8.23246955871582,8.317024230957031,0.08455467224121094,0.6240033920587402
0013-0002-0009,False,,quốc hội thứ ba,8.680891990661621,6.109107971191406,-2.571784019470215,0.44832057762194105
0013-0003-0001,True,kinh cầu nguyện Anh,kinh cầu nguyện Anh,8.505407333374023,7.754815101623535,-0.7505922317504883,0.5700572958756798
0013-0003-0002,True,triệu tập một quốc hội vào năm 1640,vua Charles I phải triệu tập một quốc hội vào năm 1640 nhưng lại hạ lệnh giải tán chỉ 5 ngày sau đó. Đây là quốc hội Ngắn hạn (the Short Parliament),8.180665969848633,8.006726264953613,-0.17393970489501953,0.6075657471722027
0013-0003-0003,True,tòan thể nước Anh và Scotland,tòan thể nước Anh và Scotland,7.962058067321777,10.238264083862305,2.2762060165405273,0.7494535773175546
0013-0003-0004,True,The Long Parliament,quốc hội Ngắn hạn (the Short Parliament),8.400473594665527,7.380504608154297,-1.0199689865112305,0.5522276448142834
0013-0003-0005,False,,quốc hội Ngắn hạn,8.418194770812988,7.342248439788818,-1.07594633102417,0.548504100374366
0013-0003-0006,True,Việc bắt buộc dùng kinh cầu nguyện Anh (the English Prayer Book) tại các nhà thờ Scotland của tổng Giám mục Laud đã khiến cho dân Scotland nổi lên chống đối,quốc hội Ngắn hạn (the Short Parliament). Nhưng sự bất lực của nhà vua đã khiến cho một quốc hội thành lập cùng năm ấy quốc hội mới thông qua một nghị quyết,8.091070175170898,7.880560398101807,-0.2105097770690918,0.6052194794618497
0013-0003-0007,False,,tòan thể nước Anh và Scotland,8.37299919128418,8.712968826293945,0.3399696350097656,0.6399696052135485
0013-0003-0008,True,dân Scotland nổi lên chống đối,dân Scotland nổi lên chống đối,8.190839767456055,7.426068305969238,-0.7647714614868164,0.5691228959774682
0013-0004-0001,True,5 người này đã được báo trước và trốn chạy,"Vua Charles I lúc đấy đã không muốn từ bỏ một uy quyền nào. Năm 1642, ông đã nổi giận, dẫn một tóan binh sĩ trang bị đầy đủ khí giới, xông vào Tòa Nhà Quốc hội",8.40218734741211,5.869567394256592,-2.5326199531555176,0.4509257181953537
0013-0004-0002,False,,"Vua Charles I lúc đấy đã không muốn từ bỏ một uy quyền nào. Năm 1642, ông đã nổi giận, dẫn một tóan binh sĩ trang bị đầy đủ khí giới, xông vào Tòa Nhà Quốc hội",8.360162734985352,6.086143493652344,-2.274019241333008,0.46818847028333094
0013-0004-0003,False,,"dẫn một tóan binh sĩ trang bị đầy đủ khí giới, xông vào Tòa Nhà Quốc hội để bắt 5 dân biểu hàng đầu, thường tỏ ra chống đối Charles I.",8.28246021270752,6.7025909423828125,-1.579869270324707,0.5147886859863146
0013-0004-0004,True,4,Năm 1641,8.25969409942627,8.074321746826172,-0.18537235260009766,0.6068327777610617
0013-0004-0005,False,,tòan dân,8.29169750213623,7.180359840393066,-1.111337661743164,0.5461470799453532
0013-0004-0006,False,,"Năm 1641, Bá tước Strafford bị hành quyết",8.483871459960938,5.986331462860107,-2.49753999710083,0.4532614799508699
0013-0004-0007,True,Tổng Giám mục Laud,Bá tước Strafford,8.396599769592285,8.091537475585938,-0.30506229400634766,0.599130887935901
0013-0004-0008,True,"Năm 1642, ông đã nổi giận, dẫn một tóan binh sĩ trang bị đầy đủ khí giới, xông vào Tòa Nhà Quốc hội để bắt 5 dân biểu hàng đầu, thường tỏ ra chống đối Charles I","Vua Charles I lúc đấy đã không muốn từ bỏ một uy quyền nào. Năm 1642, ông đã nổi giận",8.439664840698242,5.290857315063477,-3.1488075256347656,0.41033885448693674
0013-0004-0009,True,quốc hội,"các bộ trưởng phải chịu trách nhiệm trước quốc hội, đòi hỏi nhà vua không được đánh thuế dân chúng nếu không có sự đồng ý của quốc hội",7.912858009338379,8.483642578125,0.5707845687866211,0.6541374791013959
0013-0004-0010,True,Bá tước Strafford,Thomas Wentworth,7.542049407958984,9.171249389648438,1.6291999816894531,0.7154051418993541
0013-0005-0001,True,Luân Đôn,thành phố Luân Đôn,7.876227378845215,9.392468452453613,1.5162410736083984,0.7091828347499018
0013-0005-0002,True,họ cắt tóc thật sát,họ cắt tóc thật sát,7.045037746429443,10.732797622680664,3.6877598762512207,0.813836075483991
0013-0005-0003,True,Tháng 8 năm 1642,"Tháng 8 năm 1642, cuộc nội chiến bùng nổ",8.854787826538086,4.780191898345947,-4.074595928192139,0.3517352762226949
0013-0005-0004,True,kị binh,"các ""kị binh"" (cavaliers), gồm các nhà qúy tộc và phần lớn các",7.6161789894104,9.512228012084961,1.8960490226745605,0.729781141235162
0013-0005-0005,True,Oliver Cromwell,"những người theo quốc hội, chống lại vua thì được gọi là các ""kẻ đầu tròn""",8.657236099243164,6.781281471252441,-1.8759546279907227,0.49489595187337426
0013-0005-0006,True,những người theo quốc hội,"""kẻ đầu tròn""",8.313148498535156,8.567644119262695,0.25449562072753906,0.6346589519365471
0013-0006-0001,True,1640,Ngày 20 tháng 1 năm 1649,7.637101173400879,7.222239017486572,-0.41486215591430664,0.5920219846816308
0013-0006-0002,True,"bạo chúa, phản bội, sát nhân và là kẻ thù của nhân dân","Charles không đáng tin cậy và độc đóan, cần phải trừ khử. Ngày 20 tháng 1 năm 1649, trước sức ép của nhân dân và quân đội,Charles bị đưa ra xét xử vì tội ""phản bội""",8.036683082580566,6.0822906494140625,-1.954392433166504,0.489626166116719
0013-0006-0003,True,xử tử,"Charles không đáng tin cậy và độc đóan, cần phải trừ khử. Ngày 20 tháng 1 năm 1649, trước sức ép của nhân dân và quân đội,Charles",8.447355270385742,4.5196943283081055,-3.9276609420776367,0.3607930826297664
0013-0006-0004,True,the Rump,Charles,8.254356384277344,5.560323715209961,-2.694032669067383,0.440207620027807
0013-0006-0005,False,,Charles,8.510723114013672,4.833200931549072,-3.6775221824645996,0.37644023422591344
0013-0006-0006,True,Ngày 20 tháng 1 năm 1649,"Ngày 20 tháng 1 năm 1649, trước sức ép của nhân dân và quân đội,Charles bị đưa ra xét xử vì tội ""phản bội""",7.756476402282715,6.899871826171875,-0.8566045761108398,0.5630595274110758
0013-0007-0001,True,Vương công xứ Orange là William III,"Vương công xứ Orange là William III nắm quyền, nhưng quyền lợi lại nằm trong tay tư sản và qúy tộc mới",8.354219436645508,6.66680383682251,-1.687415599822998,0.5075652046325523
0013-0007-0002,True,1688,Năm 1688,8.000876426696777,7.235589981079102,-0.7652864456176758,0.5690889496283495
0013-0007-0003,True,Nhà vua và Nghị viện,Nhà vua và Nghị viện sẽ cùng cai trị,8.340858459472656,7.547059535980225,-0.7937989234924316,0.5672084803521461
0013-0007-0004,True,Oliver Cromwell,"Nhà vua và Nghị viện sẽ cùng cai trị, dù trên thực tế mãi tới thế kỷ sau quy định này mới được thực sự áp dụng trong thực tế. Với việc thành lập Hội Hòang gia",8.701719284057617,3.4633865356445312,-5.238332748413086,0.2840952985634201
0013-0007-0005,True,Oliver Cromwell,"Oliver Cromwell sau đó lên nắm quyền, thiết lập chế độ độc tài",8.555797576904297,6.835546493530273,-1.7202510833740234,0.5053590001213035
0013-0007-0006,True,1660,năm 1660,6.676328659057617,9.746581077575684,3.0702524185180664,0.787369703236032
0013-0007-0007,False,,vua Charles II,8.489558219909668,5.7629852294921875,-2.7265729904174805,0.4380532905304404
0013-0007-0008,False,,chế độ quân chủ lập hiến,8.463959693908691,4.658051490783691,-3.805908203125,0.3683746359514984
0014-0001-0001,True,tồn tại từ cuối thời sơ kỳ Trung cổ,Đế quốc La Mã Thần Thánh,8.26844310760498,9.344992637634277,1.0765495300292969,0.6842187152007203
0014-0001-0002,True,Heiliges Römisches Reich,Đế quốc La Mã Thần Thánh,8.570100784301758,8.18033504486084,-0.38976573944091797,0.5936503458638167
0014-0001-0003,True,"bắt nguồn từ yêu sách của các Hòang đế La Mã Đức vào thời Trung cổ, muốn tiếp tục truyền thống của đế chế La Mã cổ và hợp pháp hóa quyền cai trị như là thánh ý của Thiên Chúa",Đế quốc La Mã Thần Thánh,8.162034034729004,9.387335777282715,1.225301742553711,0.692793744971538
0014-0001-0004,True,tiếp tục truyền thống của đế chế La Mã cổ và hợp pháp hóa quyền cai trị như là thánh ý của Thiên Chúa,Đế quốc La Mã Thần Thánh,7.201357364654541,9.92605209350586,2.7246947288513184,0.77140394709092
0014-0001-0005,True,của Đế quốc,Đế quốc La Mã Thần Thánh,7.802735805511475,9.449909210205078,1.6471734046936035,0.7163877784699076
0014-0001-0006,True,chủ yếu là người Đức,Đế quốc La Mã Thần Thánh,8.639749526977539,8.704988479614258,0.06523895263671875,0.622784413411722
0014-0001-0007,False,,Đế quốc La Mã Thần Thánh,7.902076721191406,9.453681945800781,1.551605224609375,0.7111394754626248
0014-0002-0001,False,,"Hòang đế Franz II (1792-1806) thuộc dòng họ Nhà Habsburg từ bỏ Đế miện vào ngày 6 tháng 8 năm 1806, trở thành Hòang đế đầu tiên của Đế quốc Áo",8.765569686889648,8.046902656555176,-0.7186670303344727,0.5721593052555433
0014-0002-0002,True,từ bỏ Đế miện,"Hòang đế Franz II (1792-1806) thuộc dòng họ Nhà Habsburg từ bỏ Đế miện vào ngày 6 tháng 8 năm 1806, trở thành Hòang đế đầu tiên của Đế quốc Áo",7.321718215942383,10.12006950378418,2.798351287841797,0.7748765572433659
0014-0002-0003,True,1806,"Hòang đế Franz II (1792-1806) thuộc dòng họ Nhà Habsburg từ bỏ Đế miện vào ngày 6 tháng 8 năm 1806, trở thành Hòang đế đầu tiên của Đế quốc Áo",8.468987464904785,8.110071182250977,-0.3589162826538086,0.5956491678259079
0014-0002-0004,True,Altes Reich,Đế chế Cũ,8.530677795410156,7.165994167327881,-1.3646836280822754,0.5292203528351055
0014-0002-0005,False,,Hòang đế Franz II (1792-1806) thuộc dòng họ Nhà Habsburg,8.615889549255371,8.619173049926758,0.0032835006713867188,0.6188640944537228
0014-0002-0006,True,khi Otto I Đại Đế thuộc dòng họ Liudolfinger được Giáo hòang trao Đế miện từ Vương quốc Đông Frank thuộc dòng họ Nhà Carolingien,Đế quốc La Mã Thần Thánh Dân tộc Đức,8.838476181030273,6.382477283477783,-2.4559988975524902,0.45603010582421233
0014-0002-0007,True,Sacrum Imperium,Đế quốc La Mã Thần Thánh Dân tộc Đức,8.754551887512207,7.19078254699707,-1.5637693405151367,0.5158695996825452
0014-0002-0008,True,Nhà Habsburg,dòng họ Nhà Habsburg,8.265290260314941,8.777775764465332,0.5124855041503906,0.6505835307367669
0014-0003-0001,True,không phải là một quốc gia liên bang và cũng không phải là một liên minh của nhiều quốc gia,Đế quốc lại kết hợp những đặc điểm của các hình thức quốc gia này. Lịch sử của Đế quốc,8.533737182617188,5.219464302062988,-3.314272880554199,0.399621489209617
0014-0003-0002,True,không phải,Đế quốc,8.444089889526367,7.56053352355957,-0.8835563659667969,0.5612763426386058
0014-0003-0003,True,không nằm hòan tòan trong tay của hòang đế mà cũng không nằm hòan tòan trong tay của các tuyển hầu tước hay của một tập thể như Quốc hội Đế chế,Đế quốc,8.569732666015625,5.548069953918457,-3.021662712097168,0.41863296605411654
0014-0003-0004,True,không phải là một đất nước do tầng lớp qúy tộc cai trị nhưng cũng không nằm trong tay của một tập đòan cai trị,Đế quốc,8.565505027770996,5.692817687988281,-2.872687339782715,0.42840968382663003
0014-0003-0005,False,,Đế quốc,8.205129623413086,8.006431579589844,-0.1986980438232422,0.605977834213916
0014-0003-0006,True,kết hợp những đặc điểm của các hình thức,Đế quốc,8.444955825805664,6.2289838790893555,-2.2159719467163086,0.4720753656586255
0014-0003-0007,False,,Đế quốc,8.543102264404297,6.229153633117676,-2.313948631286621,0.4655169756402875
0014-0003-0008,True,không nằm hòan tòan trong tay của hòang đế mà cũng không nằm hòan tòan trong tay của các tuyển hầu tước hay của một tập thể như Quốc hội Đế chế,Đế quốc,8.272234916687012,7.8360915184021,-0.4361433982849121,0.5906395816976844
0014-0004-0001,True,chỉ có chức năng tham khảo và trang trí,"Hội đồng Đế quốc, khởi đầu là cơ quan lập pháp, sau đó giờ chỉ có chức năng tham khảo và trang trí",8.668436050415039,4.863055229187012,-3.8053808212280273,0.36840762108144365
0014-0004-0002,True,phải thông qua Hội đồng,Hòang đế phải thông qua Hội đồng để ban hành luật,7.939931869506836,9.345312118530273,1.4053802490234375,0.7029987517311275
0014-0004-0003,True,họ phớt lờ mối dây liên hệ giữa họ và Hòang đế,họ phớt lờ mối dây liên hệ giữa họ và Hòang đế,7.979313373565674,9.517316818237305,1.5380034446716309,0.7103878365914573
0014-0004-0004,True,"về phe với Hòang đế, hoặc chống lại Hòang đế, hoặc giữ trung lập","về phe với Hòang đế, hoặc chống lại Hòang đế, hoặc giữ trung lập",8.652894973754883,6.301553726196289,-2.3513412475585938,0.46301699449175887
0014-0004-0005,False,,Hòang đế phải thông qua Hội đồng để ban hành luật,7.65974760055542,9.423515319824219,1.7637677192687988,0.7227121214150946
0014-0004-0006,True,mọi quyền quyết định tôn giáo nào thần dân của họ phải theo,"tôn giáo nào thần dân của họ phải theo, bao nhiêu quân công quốc của họ có quyền huy động, ngay cả quyền quyết định trong thời chiến",8.630145072937012,6.705955505371094,-1.924189567565918,0.49165511431689407
0014-0004-0007,True,Hội đồng,Hội đồng Đế quốc,8.574989318847656,6.694038391113281,-1.880950927734375,0.49456023297416374
0014-0005-0001,True,Viên,Áo là trung tâm và Viên,8.108863830566406,7.330765247344971,-0.7780985832214355,0.5682442002243465
0014-0005-0002,False,,Thượng đế,8.662269592285156,3.9376721382141113,-4.724597454071045,0.3129973858822735
0014-0005-0003,True,Đức Chúa Trời,Thượng đế,8.598464965820312,5.144315719604492,-3.4541492462158203,0.39063547854485203
0014-0005-0004,True,giáo sĩ dòng Tên,"Áo là trung tâm và Viên là con tim của thế giới Habsburg. Đây là một thế giới vỹ đại, một thế giới Công giáo, một thế giới có truyền thống đạo đức cao, được lãnh đạo bởi các giáo sĩ dòng Tên",8.428503036499023,7.054663181304932,-1.3738398551940918,0.5286071030764566
0014-0005-0005,False,,Áo,8.528663635253906,6.2638092041015625,-2.2648544311523438,0.46880190923827086
0014-0005-0006,False,,quân vương,8.621868133544922,3.649832248687744,-4.972035884857178,0.2988760652155
0014-0005-0007,True,có cuộc sống rất đạo đức,Áo,8.527795791625977,6.391568183898926,-2.136227607727051,0.47742054307634263
0014-0005-0008,True,soi sáng và giúp đỡ họ,"""mọi chuyện đã được định đọat bởi Thượng đế",8.488842010498047,6.662144660949707,-1.8266973495483398,0.4982059196498104
0014-0005-0009,True,Thượng đế,Áo,8.225010871887207,7.398312568664551,-0.8266983032226562,0.5650362787212884
0014-0006-0001,False,,người phục dịch phải qùy trên một đầu gối,8.184855461120605,9.487076759338379,1.3022212982177734,0.6971766614782442
0014-0006-0002,True,Mọi chi tiết trong đời sống hàng ngày của Hòang đế ở triều đình đế quốc được đặt ra,Hòang đế ở triều đình đế quốc,8.574064254760742,4.645373344421387,-3.9286909103393555,0.36072923535462736
0014-0006-0003,True,Trong các gian phòng và các hành lang của cung điện cổ,hòang đế,8.725072860717773,4.917508125305176,-3.8075647354125977,0.36827103605470335
0014-0006-0004,True,cúi đầu thật thấp và qùy một gối xuống,triều thần phải cúi đầu thật thấp và qùy một gối xuống,8.832256317138672,4.077855587005615,-4.754400730133057,0.3112773153966665
0014-0006-0005,False,,Hòang đế ở triều đình đế quốc,8.722137451171875,5.412665367126465,-3.30947208404541,0.3999311449020549
0014-0006-0006,True,phải qùy trên một đầu gối,người phục dịch phải qùy trên một đầu gối,7.9112749099731445,10.240474700927734,2.32919979095459,0.7521188740501784
0014-0006-0007,False,,hòang đế,8.66355037689209,5.97603702545166,-2.6875133514404297,0.4406395045829917
0014-0006-0008,False,,thức ăn ông của ông được chuyền qua 24 bàn tay trước khi được đưa đến bàn ăn hòang gia,8.784564971923828,4.500918388366699,-4.283646583557129,0.33903132608264613
0014-0006-0009,True,cung điện cổ tên là Hofburg,hòang đế là đối tượng cho nghi thức chặt chẽ. Mỗi khi Hòang đế,8.870152473449707,3.291815996170044,-5.578336477279663,0.2658791742578366
0014-0006-0010,True,24,thức ăn ông của ông được chuyền qua 24 bàn tay trước khi được đưa đến bàn ăn hòang gia,8.675238609313965,6.903368949890137,-1.7718696594238281,0.5018903774438451
0014-0007-0001,True,Vào thập kỉ 1690,"thập kỉ 1690, ông đã thành lập vô số ủy ban, tất cả đều kình chống nhau một cách im lìm nhưng dữ dội sau lưng ông",7.461722373962402,8.831979751586914,1.3702573776245117,0.7010237460445652
0014-0007-0002,True,thành lập vô số ủy ban,tất cả đều kình chống nhau một cách im lìm nhưng dữ dội sau lưng ông,8.687870979309082,4.164704322814941,-4.523166656494141,0.3247564616396054
0014-0007-0003,False,,Hòang đế Leopold I,8.82343864440918,3.037022590637207,-5.786416053771973,0.2551057190007093
0014-0007-0004,True,là một ông vua thiếu quyết đóan,Hòang đế Leopold I,8.773252487182617,4.597610950469971,-4.1756415367126465,0.3455672056183865
0014-0007-0005,False,,Hòang đế Leopold I,8.849390029907227,3.3516032695770264,-5.4977867603302,0.2701267541308169
0014-0007-0006,False,,"ủy ban, tất cả đều kình chống nhau một cách im lìm nhưng dữ dội sau lưng ông",8.7200288772583,2.968571662902832,-5.751457214355469,0.2568955203199363
0014-0007-0007,True,không bao giờ có mối kết dính các cơ quan với nhau,sự hỗn độn của triều đình,8.821938514709473,4.029511451721191,-4.792427062988281,0.3090902027176461
0014-0007-0008,True,nhà Habsburg,Hòang đế Leopold I,8.827863693237305,4.229201793670654,-4.59866189956665,0.320322245748243
0014-0007-0009,True,kình chống nhau một cách im lìm,Hòang đế Leopold I,8.683996200561523,5.516401290893555,-3.1675949096679688,0.409117478050976
0014-0007-0010,False,,"ủy ban, tất cả đều kình chống nhau một cách im lìm nhưng dữ dội sau lưng ông",8.677742958068848,5.113035202026367,-3.5647077560424805,0.38358472509920755
0014-0008-0001,True,ngai vàng và đế quốc đã được Thượng đế định đọat,nền hành chính hỗn độn,8.568883895874023,6.463284015655518,-2.105599880218506,0.47947492929827923
0014-0008-0002,False,,Hòang tộc này,8.368379592895508,9.027528762817383,0.659149169921875,0.6594914866565735
0014-0008-0003,True,Leopold I,Hòang tộc,8.511329650878906,8.807229995727539,0.2959003448486328,0.6372356854001426
0014-0008-0004,True,Người sẽ phù hộ cho Hòang tộc này mãi trường tồn và phồn vinh,nền hành chính hỗn độn,8.60168170928955,5.971232891082764,-2.630448818206787,0.4444236183760079
0014-0008-0005,False,,nền hành chính hỗn độn,8.088038444519043,8.47065544128418,0.3826169967651367,0.6426066969103682
0014-0008-0006,False,,nền hành chính hỗn độn,8.664255142211914,6.222780227661133,-2.4414749145507812,0.45699874875864854
0014-0008-0007,True,1711-1740,Leopold I,8.795804977416992,5.7318315505981445,-3.0639734268188477,0.41586753144841043
0014-0008-0008,False,,nền hành chính hỗn độn,8.6187744140625,6.425589561462402,-2.1931848526000977,0.4736021607025464
0014-0008-0009,True,không tin rằng nền hành chính hỗn độn là khiếm khuyết cốt lõi của đế quốc họ trị vì,nền hành chính hỗn độn,8.775518417358398,5.805115699768066,-2.970402717590332,0.4219901742998639
0014-0008-0010,True,Thượng đế,nền hành chính hỗn độn,7.8754730224609375,9.452045440673828,1.5765724182128906,0.712516151376479
0014-0009-0001,True,Hòang thân Eugène của Savoie,Hòang đế Leopold II,8.323220252990723,8.973396301269531,0.6501760482788086,0.6589496314972325
0014-0009-0002,False,,Hòang đế Leopold II,8.47877311706543,7.646430015563965,-0.8323431015014648,0.5646633239493567
0014-0009-0003,True,Hòang thân Eugène của Savoie,Hòang đế Leopold II dựa trên lưỡi gươm sáng lóang của Hòang thân Eugène của Savoie. Ông là Thống chế của Đế quốc,7.838238716125488,9.100634574890137,1.2623958587646484,0.6949117987326124
0014-0009-0004,True,vị thế của đế quốc trong thực tế lại lên cao,Hòang đế Leopold II,8.536211013793945,8.132806777954102,-0.40340423583984375,0.5927656757516977
0014-0009-0005,True,Thụy Điển,Thụy Điển,8.45286750793457,8.05984878540039,-0.3930187225341797,0.5934393939059066
0014-0009-0006,False,,Hòang đế Leopold II,8.589862823486328,8.390539169311523,-0.1993236541748047,0.6059376805985508
0014-0009-0007,True,dựa trên lưỡi gươm sáng lóang của Hòang thân Eugène của Savoie,lưỡi gươm sáng lóang của Hòang thân Eugène của Savoie,8.43751049041748,8.790350914001465,0.3528404235839844,0.6407663671464252
0014-0009-0008,False,,Hòang đế Leopold II dựa trên lưỡi gươm sáng lóang của Hòang thân Eugène của Savoie. Ông là Thống chế của Đế quốc,8.209835052490234,8.464550018310547,0.2547149658203125,0.6346726228946403
0014-0009-0009,True,thiếu năng lực,Hòang đế Leopold II dựa trên lưỡi gươm sáng lóang của Hòang thân Eugène của Savoie,8.63869857788086,7.325790882110596,-1.3129076957702637,0.5326863974865526
0014-0010-0001,True,năm 1701,một lãnh chúa cảm thấy mình đủ mạnh thì muốn xưng vương,8.403800010681152,5.449960708618164,-2.9538393020629883,0.4230765328920754
0014-0010-0002,False,,"tuyển hầu Friedrich III (1657-1713), người có tham vọng rộng lớn nhằm biến công quốc của ông thành một vương quốc, sau này gọi là nước Phổ",8.568841934204102,5.346275329589844,-3.222566604614258,0.40555023112348204
0014-0010-0003,True,"dựa trên lý lẽ đất đai ông chiếm được là từ Thụy Điển,[cần dẫn nguồn] và cũng dựa trên sức ép của nước ngòai","tuyển hầu Friedrich III (1657-1713), người có tham vọng rộng lớn nhằm biến công quốc của ông thành một vương quốc, sau này gọi là nước Phổ",8.42188549041748,5.755772113800049,-2.6661133766174316,0.4420578147129132
0014-0010-0004,True,Friedrich I,vua Friedrich I của Phổ,7.672213554382324,7.0431013107299805,-0.6291122436523438,0.5780416270226902
0014-0010-0005,True,Hòang đế,một lãnh chúa cảm thấy mình đủ mạnh thì muốn xưng vương,8.60689926147461,6.272221565246582,-2.3346776962280273,0.4641308576931765
0014-0010-0006,True,không cho phép lãnh chúa nào xưng làm vua,"tuyển hầu Friedrich III (1657-1713), người có tham vọng rộng lớn nhằm biến công quốc của ông thành một vương quốc, sau này gọi là nước Phổ",8.71222972869873,4.54111385345459,-4.171115875244141,0.34584237289259995
0014-0010-0007,False,,"tuyển hầu Friedrich III (1657-1713), người có tham vọng rộng lớn nhằm biến công quốc của ông thành một vương quốc, sau này gọi là nước Phổ",8.661836624145508,4.590440273284912,-4.071396350860596,0.3519314097690004
0014-0010-0008,True,Friedrich III,một lãnh chúa cảm thấy mình đủ mạnh thì muốn xưng vương,8.597930908203125,6.062859058380127,-2.535071849822998,0.45076254087163475
0014-0011-0001,True,tạo ảnh hưởng cho chính mình,"thông qua việc lựa chọn hòang đế, đại hội đế chế và các đại diện tầng lớp khác mà tham gia vào chính sách của đế chế",8.314714431762695,6.586345672607422,-1.7283687591552734,0.5048135408588926
0014-0011-0002,False,,"Các công tước và hầu tước trên thực tế là tự chủ nhưng lại không có chủ quyền này, công nhận vị hòang đế như là người đứng đầu đế chế",8.486642837524414,7.096137523651123,-1.390505313873291,0.5274906927884212
0014-0011-0003,True,"các đạo luật đế chế, tòa án đế chế và các nghị quyết của quốc hội đế chế","Các công tước và hầu tước trên thực tế là tự chủ nhưng lại không có chủ quyền này, công nhận vị hòang đế",8.770489692687988,3.7992892265319824,-4.971200466156006,0.2989231245015052
0014-0011-0004,True,"bao trùm nhiều lãnh thổ như một ""liên hiệp"" và tạo ra khuôn khổ luật lệ cho cuộc chung sống của những vị lãnh chúa","Đế quốc La Mã Thần Thánh bao trùm nhiều lãnh thổ như một ""liên hiệp"" và tạo ra khuôn khổ luật lệ cho cuộc chung sống của những vị lãnh chúa",8.674169540405273,4.8392510414123535,-3.83491849899292,0.36656208887321023
0014-0011-0005,True,hòang đế,"Các công tước và hầu tước trên thực tế là tự chủ nhưng lại không có chủ quyền này, công nhận vị hòang đế",8.810465812683105,4.810245513916016,-4.00022029876709,0.3563073085912028
0014-0011-0006,False,,vị hòang đế,7.908426284790039,9.582748413085938,1.6743221282958984,0.7178681507088972
0014-0011-0007,True,Các công tước và hầu tước,"Các công tước và hầu tước trên thực tế là tự chủ nhưng lại không có chủ quyền này, công nhận vị hòang đế",8.0648193359375,8.937471389770508,0.8726520538330078,0.6722588517055144
0014-0012-0001,False,,"Đế quốc bị tàn phá nặng nề, nhiều thành thị và vùng nông thôn bị san bằng, dân số suy giảm",8.400995254516602,6.715667724609375,-1.6853275299072266,0.5077054922541354
0014-0012-0002,True,một bên là những hòang thân người Đức và bên kia chủ yếu là Thụy Điển và Pháp,một bên là những hòang thân người Đức và bên kia chủ yếu là Thụy Điển và Pháp muốn hạn chế quyền lực của Đế quốc La Mã thần Thánh,8.65239143371582,5.3311872482299805,-3.32120418548584,0.3991745553735153
0014-0012-0003,True,hạn chế quyền lực của Đế quốc La Mã thần Thánh,Chiến tranh Ba mươi năm,8.69873332977295,5.464728832244873,-3.234004497528076,0.40480923659655255
0014-0012-0004,True,lãnh thổ của người Đức,"Một lọat trận chiến trong giai đọan 1618-1648, mà các sử gia gọi là Chiến tranh Ba mươi Năm, diễn ra trên những lãnh thổ của người Đức",8.633085250854492,7.1549177169799805,-1.4781675338745117,0.5216139789322716
0014-0012-0005,True,1618-1648,giai đọan 1618-1648,8.287631034851074,8.623767852783203,0.3361368179321289,0.6397321865810344
0014-0012-0006,True,xung đột tôn giáo giữa các phe nhóm Công giáo và Tin Lành,Chiến tranh Ba mươi năm,8.692374229431152,5.383840084075928,-3.3085341453552246,0.39999165213821986
0014-0013-0001,False,,Hòa ước Westfalen,8.826128005981445,7.3927106857299805,-1.4334173202514648,0.5246148012215435
0014-0013-0002,True,châu Âu,Đức,8.427813529968262,8.032261848449707,-0.3955516815185547,0.5932751107504584
0014-0013-0003,True,350,khỏang 350 mảnh đất như thế – trong khi Hòang đế chỉ có hư vị,6.869649410247803,9.865676879882812,2.9960274696350098,0.7840102229950989
0014-0013-0004,True,khiến cho đế quốc này không bao giờ hồi phục hòan tòan,Đế quốc La Mã thần Thánh của người Đức,8.634693145751953,8.28602409362793,-0.34866905212402344,0.5963124163667973
0014-0013-0005,False,,Hòang đế chỉ có hư vị,6.513444900512695,10.907968521118164,4.394523620605469,0.8409230658599232
0014-0013-0006,False,,các thành phố lớn được hưởng nền độc lập,8.746482849121094,6.024927616119385,-2.721555233001709,0.43838534058837125
0014-0013-0007,True,chế độ phong kiến đã ra đi,"chế độ phong kiến đã ra đi, nghệ thuật và mậu dịch phát triển, nông dân Đức có nhiều quyền tự do hơn là ở Anh và Pháp",8.330059051513672,8.336627960205078,0.00656890869140625,0.6190723777516521
0014-0013-0008,True,năm 1648,Hòa ước Westfalen năm 1648,8.800993919372559,5.791040897369385,-3.009953022003174,0.4193992252653536
0014-0014-0001,True,những ông vua ti tiện,"Vương công Eugène xứ Savoie qua đời, Quân đội Đế quốc",8.775516510009766,2.598696708679199,-6.176819801330566,0.23568095099481584
0014-0014-0002,False,,"Vương công Eugène xứ Savoie qua đời, Quân đội Đế quốc",8.809661865234375,2.5424888134002686,-6.2671730518341064,0.23133406503096687
0014-0014-0003,True,không bao giờ phục hồi,"Vương công Eugène xứ Savoie qua đời, Quân đội Đế quốc",8.768501281738281,2.463827610015869,-6.304673671722412,0.2295464540331692
0014-0014-0004,False,,"Vương công Eugène xứ Savoie qua đời, Quân đội Đế quốc",8.780976295471191,2.2653815746307373,-6.515594720840454,0.21967345285509227
0014-0014-0005,True,"Sự chậm tiến về chính trị như thế, cộng thêm tình trạng chia rẽ và cô lập khỏi những trào lưu tư tưởng và phát triển","Vương công Eugène xứ Savoie qua đời, Quân đội Đế quốc",8.780778884887695,2.124549150466919,-6.656229734420776,0.2132620402309721
0014-0014-0006,True,Vương công Eugène xứ Savoie qua đời,"Vương công Eugène xứ Savoie qua đời, Quân đội Đế quốc cũng suy yếu, bị đánh tan tác trong một cuộc chiến tranh với quân Thổ Nhĩ Kỳ Ottoman",8.599775314331055,5.780591011047363,-2.8191843032836914,0.43193499985450523
0014-0014-0007,True,Pháp,liên quân Nga - Áo - Phổ lâm chiến với Pháp,8.200973510742188,7.874757766723633,-0.3262157440185547,0.597764466057222
0014-0014-0008,False,,"Vương công Eugène xứ Savoie qua đời, Quân đội Đế quốc",8.747420310974121,2.358539581298828,-6.388880729675293,0.22556783676008846
0014-0015-0001,True,16 tháng 12 năm 1740,Friedrich II (còn gọi là Friedrich Độc Đáo hay Friedrich Đại Đế) kéo 27 nghìn quân rời khỏi xứ Brandenburg đi đánh tỉnh Silesia của Vương triều Habsburg,8.503604888916016,5.84045934677124,-2.6631455421447754,0.44225458684708524
0014-0015-0002,True,chinh phạt tòan bộ tỉnh Silesia,Cuộc chinh phạt tỉnh Silesia đã thay đổi hòan tòan sự cân bằng quyền lực trong Đế quốc La Mã Thần Thánh và đưa nước Phổ lên hàng liệt cường - điều này đồng nghĩa với việc họ sẽ phải đối phó với hiểm nguy,8.761710166931152,5.334570407867432,-3.4271397590637207,0.3923650712640779
0014-0015-0003,True,Breslau,Thủ phủ của tỉnh là Breslau đã rơi vào tay vua Friedrich II.,8.097078323364258,9.190681457519531,1.0936031341552734,0.6852083290305577
0014-0015-0004,False,,Quân đội Áo,8.635356903076172,4.488669395446777,-4.1466875076293945,0.3473294344209649
0014-0015-0005,False,,Cuộc chinh phạt tỉnh Silesia,8.727611541748047,3.817819595336914,-4.909791946411133,0.30239387481689617
0014-0015-0006,False,,Phổ và Áo,8.393366813659668,6.951523303985596,-1.4418435096740723,0.5240498941152385
0014-0015-0007,True,Phổ và Áo,Phổ và Áo,8.327938079833984,7.34396505355835,-0.9839730262756348,0.5546189884079236
0014-0015-0008,False,,Friedrich II (còn gọi là Friedrich Độc Đáo hay Friedrich Đại Đế) kéo 27 nghìn quân rời khỏi xứ Brandenburg đi đánh tỉnh Silesia của Vương triều Habsburg,8.588387489318848,4.91525936126709,-3.673128128051758,0.37671752695588395
0014-0015-0009,True,đưa nước Phổ lên hàng liệt cường,Cuộc chinh phạt tỉnh Silesia đã thay đổi hòan tòan sự cân bằng quyền lực trong Đế quốc La Mã Thần Thánh và đưa nước Phổ,8.654367446899414,3.2770559787750244,-5.37731146812439,0.27655889416481966
0014-0016-0001,True,Vương triều Habsburg đã kiệt quệ,vua Friedrich II Đại Đế giữ được nước thì Vương triều Habsburg đã kiệt quệ,8.656959533691406,6.997140884399414,-1.6598186492919922,0.5094192096421469
0014-0016-0002,False,,vua Friedrich II Đại Đế,8.661500930786133,3.998563289642334,-4.662937641143799,0.31657237804377863
0014-0016-0003,True,phải thiết lập liên minh với Đế quốc Nga và Pháp,nước Áo phải thiết lập liên minh với Đế quốc Nga và Pháp,8.103950500488281,9.527542114257812,1.4235916137695312,0.7040198291963771
0014-0016-0004,True,xua quân đánh xứ Sachsen (1756),Lãnh địa Tuyển hầu tước Sachsen đã liên minh với Áo (thực chất là không phải vậy) đương kim Quốc vương Friedrich II Đại Đế,8.805044174194336,4.781004905700684,-4.024039268493652,0.3548402041770113
0014-0016-0005,True,Thụy Điển,Liên quân chống Phổ còn lôi kéo được cả quân Thụy Điển,7.956596851348877,9.902290344238281,1.9456934928894043,0.732404626839004
0014-0016-0006,True,Phổ,Liên quân chống Phổ còn lôi kéo được cả quân Thụy Điển,8.55295181274414,7.654273986816406,-0.8986778259277344,0.5602751798549632
0014-0017-0001,True,bảo vệ được họ thóat khỏi những tham vọng của đương kim Hòang đế,"Liên minh các Vương hầu"" (1785) với các Vương hầu người Đức trong Đế quốc La Mã Thần Thánh",8.832889556884766,6.700087547302246,-2.1328020095825195,0.4776502819282667
0014-0017-0002,False,,Hòang đế Joseph II có mong muốn biến nền quân chủ Habsburg thành một quốc gia thống nhất. Ông ta cũng nhiệt huyết noi theo những cải cách của đương kim Quốc vương Friedrich II Đại Đế nước Phổ,8.820256233215332,5.339465141296387,-3.4807910919189453,0.3889321167917626
0014-0017-0003,False,,Triều đình Habsburg phải tiến hành cải cách,8.77206039428711,7.030000686645508,-1.7420597076416016,0.5038935657168299
0014-0017-0004,False,,"Liên minh các Vương hầu"" (1785) với các Vương hầu người Đức trong Đế quốc La Mã Thần Thánh",8.825040817260742,5.577286720275879,-3.2477540969848633,0.4039190542462894
0014-0017-0005,True,"Với thất bại của nền quân chủ Habsburg trong các cuộc chiến tranh nêu trên, và sự phát triển lớn mạnh của nền quân chủ Phổ","Với thất bại của nền quân chủ Habsburg trong các cuộc chiến tranh nêu trên, và sự phát triển lớn mạnh của nền quân chủ Phổ",8.58974838256836,8.404053688049316,-0.18569469451904297,0.6068121047975058
0014-0017-0006,True,Khi Hòang đế Joseph II lại muốn chiếm xứ Bayern vào thập niên 1780,"Liên minh các Vương hầu"" (1785) với các Vương hầu người Đức trong Đế quốc La Mã Thần Thánh",8.762178421020508,8.227296829223633,-0.534881591796875,0.5842072319673759
0014-0017-0007,True,rất được lòng nhân dân Phổ,Nữ hòang Áo,8.940624237060547,3.383329391479492,-5.557294845581055,0.26698462957742614
0014-0017-0008,True,đương kim Quốc vương Friedrich II Đại Đế nước Phổ,Hòang đế Joseph II có mong muốn biến nền quân chủ Habsburg thành một quốc gia thống nhất. Ông ta cũng nhiệt huyết noi theo những cải cách của đương kim Quốc vương Friedrich II Đại Đế nước Phổ,8.504937171936035,8.450403213500977,-0.054533958435058594,0.6151915757156418
0015-0001-0001,True,"Hung Nô, Tiên Ti, Nhu Nhiên","Hung Nô, Tiên Ti, Nhu Nhiên",8.690916061401367,7.0369486808776855,-1.6539673805236816,0.5098122751875341
0015-0001-0002,False,,"Năm 1206, Thành Cát Tư Hãn lập ra Đế quốc Mông Cổ",8.687898635864258,6.2653632164001465,-2.4225354194641113,0.4582623614612214
0015-0001-0003,True,đế quốc lục địa liền kề lớn nhất trong lịch sử nhân lọai,Đạt Diên Hãn và Trát Tát Khắc Đồ Hãn,8.899808883666992,4.015621662139893,-4.8841872215271,0.30384775405655856
0015-0001-0004,True,Cháu nội,Cháu nội của ông là Hốt Tất Liệt,8.273380279541016,8.118148803710938,-0.15523147583007812,0.608764122031735
0015-0001-0005,True,thời kỳ Đạt Diên Hãn và Trát Tát Khắc Đồ Hãn,"người Mông Cổ triệt thóai về Mông Cổ và lại tiếp tục xung đột phe phái như trước, ngọai trừ trong thời kỳ Đạt Diên Hãn và Trát Tát Khắc Đồ Hãn",8.521310806274414,7.402756690979004,-1.1185541152954102,0.5456662152311162
0015-0001-0006,True,lập ra Đế quốc Mông Cổ,Hốt Tất Liệt lập ra nhà Nguyên,8.772031784057617,6.124977111816406,-2.647054672241211,0.44332175113144695
0015-0001-0007,True,Năm 1206,"Năm 1206, Thành Cát Tư Hãn lập ra Đế quốc Mông Cổ",8.667451858520508,6.2244086265563965,-2.4430432319641113,0.45689413771770515
0015-0002-0001,True,thế kỷ XVI,Cộng hòa Nhân dân Mông Cổ,8.836708068847656,5.6506452560424805,-3.186062812805176,0.40791796334273017
0015-0002-0002,True,Liên Xô,"Trung Hoa Dân Quốc. Ngay sau đó, quốc gia nằm dưới quyền kiểm sóat của Liên Xô",8.072195053100586,8.291788101196289,0.21959304809570312,0.6324808522824513
0015-0002-0003,True,Sau khi nhà Thanh sụp đổ vào năm 1911,Sau khi nhà Thanh sụp đổ vào năm 1911,8.37095832824707,7.176312446594238,-1.194645881652832,0.5405908646484553
0015-0002-0004,True,Cộng hòa Nhân dân Mông Cổ,Cộng hòa Nhân dân Mông Cổ,4.9893903732299805,10.040924072265625,5.0515336990356445,0.8631518970509581
0015-0002-0005,False,,"Mông Cổ tiến hành cách mạng dân chủ hòa bình vào đầu năm 1990. Kết quả là một hệ thống đa đảng, một bản hiến pháp mới năm 1992, và chuyển đổi sang kinh tế thị trường",8.204307556152344,9.096137046813965,0.8918294906616211,0.6733936200692885
0015-0002-0006,True,tiến hành cách mạng dân chủ hòa bình vào đầu năm 1990,"Mông Cổ tiến hành cách mạng dân chủ hòa bình vào đầu năm 1990. Kết quả là một hệ thống đa đảng, một bản hiến pháp mới năm 1992, và chuyển đổi sang kinh tế thị trường",7.965548992156982,9.036737442016602,1.0711884498596191,0.6839072679732031
0015-0002-0007,False,,Ngọai Mông Cổ,8.517473220825195,7.474188804626465,-1.0432844161987305,0.5506774181640898
0015-0002-0008,True,Liên Xô,Liên Xô,8.449235916137695,7.978341579437256,-0.47089433670043945,0.5883791299880483
0015-0002-0009,False,,Cộng hòa Nhân dân Mông Cổ,8.831380844116211,5.786527156829834,-3.044853687286377,0.417116555499374
0015-0003-0001,True,các bằng chứng khảo cổ học tại Mông Cổ trong văn hóa Afanasevo (3500–2500 TCN) thời đại đồ đồng đá và thời đại đồ đồng,các bằng chứng khảo cổ học tại Mông Cổ trong văn hóa Afanasevo (3500–2500 TCN) thời đại đồ đồng đá và thời đại đồ đồng,7.3501152992248535,9.675277709960938,2.325162410736084,0.7519164864044386
0015-0003-0002,True,hiên niên kỷ 2 TCN,văn hóa Afanasevo (3500–2500 TCN) thời đại đồ đồng đá và thời đại đồ đồng,8.566062927246094,9.112564086914062,0.5465011596679688,0.6526592102641826
0015-0003-0003,True,năm 2200 TCN,Phát hiện xe có bánh tại các mộ táng thuộc văn hóa Afanasevo có niên đại trước năm 2200 TCN,8.562749862670898,8.756852149963379,0.19410228729248047,0.63088666822541
0015-0003-0004,True,Đế quốc Hung Nô,Đế quốc Hung Nô thuộc thời đại đồ sắt,8.416357040405273,10.116140365600586,1.6997833251953125,0.7192522346337956
0015-0003-0005,False,,văn hóa Afanasevo (3500–2500 TCN) thời đại đồ đồng đá và thời đại đồ đồng,8.215211868286133,8.545724868774414,0.33051300048828125,0.6393837031439451
0015-0003-0006,True,gia công kim,Sinh họat du mục cưỡi ngựa,7.243206977844238,10.376784324645996,3.133577346801758,0.7902055613366258
0015-0003-0007,True,"Norovlin, Tamsagbulag, Bayanzag, và Rashaan Khad","Norovlin, Tamsagbulag, Bayanzag, và Rashaan Khad",7.232333183288574,10.977029800415039,3.744696617126465,0.8161437322619833
0015-0004-0001,True,Các cuộc xâm phạm của các dân tộc chăn nuôi gia súc ở phương bắc vào Trung Quốc trong thời nhà Thương và nhà Chu,Các cuộc xâm phạm của các dân tộc chăn nuôi gia súc ở phương bắc vào Trung Quốc trong thời nhà Thương và nhà Chu,8.494905471801758,8.901554107666016,0.4066486358642578,0.6440889052295529
0015-0004-0002,True,Khi sinh họat du mục cưỡi ngựa được đưa đến Mông Cổ,sinh họat du mục cưỡi ngựa,6.631526470184326,10.405302047729492,3.773775577545166,0.8173137312179266
0015-0004-0003,True,miền tây Mông Cổ,Người Tochari (Nguyệt Chi) và người Scythia cư trú tại miền tây Mông Cổ,8.049203872680664,9.402758598327637,1.3535547256469727,0.7000818957648642
0015-0004-0004,False,,miền tây Mông Cổ,8.230297088623047,8.301831245422363,0.0715341567993164,0.6231818633666119
0015-0004-0005,True,dãy núi Altai,Xác một chiến binh Scythia phát hiện tại dãy núi Altai của Mông Cổ,7.330451011657715,9.959916114807129,2.629465103149414,0.7668586514487277
0015-0004-0006,True,2.500 năm,Xác một chiến binh Scythia phát hiện tại dãy núi Altai của Mông Cổ,8.653617858886719,6.328135967254639,-2.32548189163208,0.4647456986795262
0015-0004-0007,True,Mongoloid,Người Tochari (Nguyệt Chi) và người Scythia,6.655649185180664,10.189648628234863,3.533999443054199,0.8074927026794718
0015-0005-0001,True,Đế quốc Tiên Ti,Đế quốc Tiên Ti,8.437541007995605,8.214424133300781,-0.22311687469482422,0.6044095003953696
0015-0005-0002,True,phòng thủ trước các cuộc tấn công hủy diệt của Hung Nô,nhằm phòng thủ trước các cuộc tấn công hủy diệt của Hung Nô,7.9152727127075195,9.717538833618164,1.8022661209106445,0.7247811708562797
0015-0005-0003,True,xây Trường thành,"Mặc Đốn tập hợp để hình thành một bang liên vào năm 209 TCN. Họ nhanh chóng nổi lên thành mối đe dọa lớn nhất cho nhà Tần, buộc Trung Hoa phải xây Trường thành",8.671768188476562,5.591845989227295,-3.0799221992492676,0.4148264806059852
0015-0005-0004,False,,Hung Nô,8.668333053588867,5.800599098205566,-2.867733955383301,0.4287357630335504
0015-0005-0005,True,Hung Nô,Hung Nô,8.622017860412598,5.8863043785095215,-2.735713481903076,0.43744856137071536
0015-0005-0006,True,Đế quốc Tiên Ti,tòan bộ Mông Cổ,8.726034164428711,6.072654724121094,-2.653379440307617,0.4429022225606651
0015-0005-0007,True,"chức vụ hãn, Kurultai (hội đồng tối cao), tả dực và hữu dực, quân đội đế quốc (Keshig) và hệ thống quân sự theo hệ thập phân","chức vụ hãn, Kurultai (hội đồng tối cao), tả dực và hữu dực, quân đội đế quốc (Keshig) và hệ thống quân sự theo hệ thập phân",6.86436653137207,10.865019798278809,4.000653266906738,0.8262440316808163
0015-0005-0008,False,,Hung Nô,8.597112655639648,5.998311519622803,-2.5988011360168457,0.44652507857808965
0015-0006-0001,True,Người Khiết Đan,Người Khiết Đan,8.292171478271484,8.266586303710938,-0.025585174560546875,0.6170320492157877
0015-0006-0002,True,Đột Quyết,"Hãn quốc Hồi Cốt (745–840) của người Uyghur, quốc gia này bị người Kyrgyz đánh bại. Người Khiết Đan",8.572397232055664,7.322632789611816,-1.2497644424438477,0.5369091077569196
0015-0006-0003,True,người Tiên Ti,Người Khiết Đan,7.886725425720215,8.681092262268066,0.7943668365478516,0.6676057353574071
0015-0006-0004,True,576,năm 576,6.51153039932251,9.212024688720703,2.7004942893981934,0.7702548007550787
0015-0006-0005,True,907,Người Khiết Đan,8.562015533447266,6.805176734924316,-1.7568387985229492,0.5029004424977396
0015-0006-0006,True,Krym tại châu Âu,Panticapaeum nay thuộc Krym,7.81194543838501,9.897283554077148,2.0853381156921387,0.739696963094977
0015-0006-0007,False,,Hãn quốc Hồi Cốt,7.139102935791016,10.471209526062012,3.332106590270996,0.7989155645102245
0015-0007-0001,False,,"đế quốc kéo dài từ Ukraina hiện nay đến bán đảo Triều Tiên, và từ Siberia đến vịnh Oman và Việt Nam hiện nay",8.355100631713867,7.248514175415039,-1.1065864562988281,0.5464636271646941
0015-0007-0002,False,,Đế quốc Mông Cổ,7.599876880645752,7.447381973266602,-0.1524949073791504,0.6089393062064932
0015-0007-0003,True,"từ Ukraina hiện nay đến bán đảo Triều Tiên, và từ Siberia đến vịnh Oman và Việt Nam hiện nay","đế quốc kéo dài từ Ukraina hiện nay đến bán đảo Triều Tiên, và từ Siberia đến vịnh Oman và Việt Nam hiện nay",8.358107566833496,7.071267604827881,-1.2868399620056152,0.5344302817897737
0015-0007-0004,False,,Thái bình Mông Cổ,8.595991134643555,6.549943923950195,-2.0460472106933594,0.483471410983323
0015-0007-0005,True,trên 100 triệu người,Đế quốc Mông Cổ,8.621673583984375,5.762418746948242,-2.859254837036133,0.4292940833110072
0015-0007-0006,True,các bộ lạc Mông Cổ nằm giữa Mãn Châu và dãy núi Altai,Thái bình Mông Cổ,8.670472145080566,5.118247032165527,-3.552225112915039,0.3843784063423072
0015-0007-0007,False,,Thái bình Mông Cổ,8.700658798217773,5.146676063537598,-3.553982734680176,0.3842666144997249
0015-0007-0008,True,Đế quốc Mông Cổ,Đế quốc Mông Cổ,7.235661029815674,8.202184677124023,0.9665236473083496,0.6777940186488681
0015-0007-0009,True,22%,Thái bình Mông Cổ,8.549985885620117,5.756989479064941,-2.792996406555176,0.43366306053137604
0015-0007-0010,False,,Thái bình Mông Cổ,8.696186065673828,6.635086536407471,-2.0610995292663574,0.482461054750805
0015-0007-0011,True,Thiết Mộc Chân,Đế quốc Mông Cổ,7.941000938415527,8.689298629760742,0.7482976913452148,0.6648520386211526
0015-0008-0001,False,,năm 1368,6.987862586975098,8.779687881469727,1.791825294494629,0.7242209886673974
0015-0008-0002,True,đất tổ của người Mông Cổ và Trung Quốc,"Đại hãn quốc"", bao gồm đất tổ của người Mông Cổ và Trung Quốc, đến thời Hốt Tất Liệt thì được gọi là nhà Nguyên",8.345160484313965,7.893052577972412,-0.45210790634155273,0.5896016044740866
0015-0008-0003,True,Bắc Kinh,"Đại hãn quốc"", bao gồm đất tổ của người Mông Cổ và Trung Quốc, đến thời Hốt Tất Liệt thì được gọi là nhà Nguyên",8.521856307983398,7.3017258644104,-1.220130443572998,0.5388890973365972
0015-0008-0004,True,kinh thành Hòa Lâm,"Đại hãn quốc"", bao gồm đất tổ của người Mông Cổ và Trung Quốc, đến thời Hốt Tất Liệt thì được gọi là nhà Nguyên",8.610954284667969,5.2430009841918945,-3.367953300476074,0.3961645689024032
0015-0008-0005,False,,"Đại hãn quốc"", bao gồm đất tổ của người Mông Cổ và Trung Quốc, đến thời Hốt Tất Liệt thì được gọi là nhà Nguyên",8.567853927612305,7.931490898132324,-0.6363630294799805,0.5775661655573673
0015-0008-0006,False,,"Đại hãn quốc"", bao gồm đất tổ của người Mông Cổ và Trung Quốc, đến thời Hốt Tất Liệt thì được gọi là nhà Nguyên",8.668803215026855,5.3819260597229,-3.286877155303955,0.4013896084708949
0015-0008-0007,True,1368,năm 1368,6.951555252075195,8.698467254638672,1.7469120025634766,0.7218032200390115
0015-0008-0008,True,Bắc Kinh,"Đại hãn quốc"", bao gồm đất tổ của người Mông Cổ và Trung Quốc, đến thời Hốt Tất Liệt thì được gọi là nhà Nguyên. Hốt Tất Liệt định đô tại Bắc Kinh ngày nay",8.588857650756836,6.462166786193848,-2.1266908645629883,0.47806015127270096
0015-0008-0009,True,Đại hãn quốc,Đại hãn quốc,7.338273048400879,10.036859512329102,2.6985864639282227,0.7701640364087857
0015-0009-0001,True,người Ngõa Lạt,Dã Tiên bị ám sát vào năm 1454,7.1785173416137695,8.46605110168457,1.2875337600708008,0.6963424917239106
0015-0009-0002,True,1449,"người Ngõa Lạt dưới quyền Dã Tiên thái sư giành được ưu thế, và tấn công Trung Quốc vào năm 1449",8.467714309692383,5.067500591278076,-3.4002137184143066,0.3940920131856952
0015-0009-0003,True,Bắc Nguyên,Bắc Nguyên,8.634554862976074,7.821706771850586,-0.8128480911254883,0.5659510567927241
0015-0009-0004,True,1454,dòng hậu duệ của Thành Cát Tư Hãn giành lại quyền lực,7.350486755371094,9.201308250427246,1.8508214950561523,0.7273770204501698
0015-0009-0005,True,Thổ Mộc bảo,sự biến Thổ Mộc bảo,7.387038707733154,10.682287216186523,3.295248508453369,0.7973191995421862
0015-0009-0006,False,,sự biến Thổ Mộc bảo,7.598697185516357,10.539875030517578,2.9411778450012207,0.7815030825895949
0015-0009-0007,True,dòng hậu duệ Thành Cát Tư Hãn và người Ngõa Lạt không phải hậu duệ của ông,dòng hậu duệ Thành Cát Tư Hãn,8.864603996276855,4.451141357421875,-4.4134626388549805,0.3312561849838722
0015-0010-0001,False,,thành phố Hohhot nay thuộc Nội Mông,8.064366340637207,9.770803451538086,1.706437110900879,0.7196132548693815
0015-0010-0002,True,A Nhĩ Thản Hãn gặp Đạt Lai Lạt Ma vào năm 1578,A Nhĩ Thản Hãn gặp Đạt Lai Lạt Ma,6.540567874908447,10.023014068603516,3.4824461936950684,0.8053293615330153
0015-0010-0003,True,Đạt Diên Hãn và phu nhân là Mãn Đô Hải,A Nhĩ Thản Hãn của bộ lạc Thổ Mặc Đặc,8.81112289428711,7.02333402633667,-1.7877888679504395,0.5008205993023732
0015-0010-0004,False,,A Nhĩ Thản Hãn gặp Đạt Lai Lạt Ma,8.317998886108398,8.189245223999023,-0.128753662109375,0.6104579431722814
0015-0010-0005,True,nắm giữ quyền lực thế tục đáng kể,"Các qúy tộc Mông Cổ hiến đất, tiền và mục dân cho các tu viện",8.86518669128418,4.596761703491211,-4.268424987792969,0.33994881750146894
0015-0010-0006,True,Erdene Zuu,Tu viện Erdene Zuu,7.508492469787598,10.075587272644043,2.5670948028564453,0.7638478284341957
0015-0010-0007,True,Mãn Đô Hải,A Nhĩ Thản Hãn,8.799054145812988,8.682029724121094,-0.11702442169189453,0.611207430004429
0015-0010-0008,True,Hohhot,thành phố Hohhot nay thuộc Nội Mông,8.704404830932617,6.997655868530273,-1.7067489624023438,0.506266233006409
0015-0011-0001,True,Người Khách Nhĩ Khách cuối cùng quy phục nhà Thanh vào năm 1691,"Người Khách Nhĩ Khách cuối cùng quy phục nhà Thanh vào năm 1691, đến lúc này tòan bộ Mông Cổ ngày nay thuộc quyền cai trị của nhà Thanh",8.010223388671875,10.02706241607666,2.016839027404785,0.7361360437688
0015-0011-0002,False,,tranh nhau cướp bóc các thành thị của Trung Quốc,8.571060180664062,5.191080093383789,-3.3799800872802734,0.3953914731376055
0015-0011-0003,True,tranh nhau cướp bóc các thành thị của Trung Quốc,nhằm tranh nhau cướp bóc các thành thị của Trung Quốc,7.644181251525879,8.63768196105957,0.9935007095336914,0.6793756312394789
0015-0011-0004,True,60 vạn hoặc hơn,khỏang 80% hoặc 60 vạn hoặc hơn người Chuẩn Cát Nhĩ,8.638575553894043,5.832201957702637,-2.8063735961914062,0.4327801356618093
0015-0011-0005,True,Tân Cương,tòan bộ Mông Cổ,8.721817016601562,7.4349260330200195,-1.286890983581543,0.5344268693463963
0015-0011-0006,True,người Mãn,Người Khách Nhĩ Khách,8.693120956420898,7.024946212768555,-1.6681747436523438,0.5088578595546285
0015-0012-0001,False,,có trên 700 tu viện lớn nhỏ tại Ngọai Mông,8.394075393676758,6.5755720138549805,-1.8185033798217773,0.49875655730833734
0015-0012-0002,True,"duy trì quyền cai trị Ngọai Mông thông qua một lọat liên minh và thông hôn, cũng như các phương thức quân sự và kinh tế",một lọat liên minh và thông hôn,8.37991714477539,9.406841278076172,1.0269241333007812,0.6813294792373978
0015-0012-0003,True,"Thái độ của giới qúy tộc Mông Cổ, cùng với hành động cho vay nặng lãi của các thương nhân Trung Quốc, cùng thu thuế bằng vàng thay vì động vật",Thái độ của giới qúy tộc Mông Cổ,8.256298065185547,9.70779037475586,1.4514923095703125,0.7055802153774265
0015-0012-0004,True,21%,115.000 tăng nhân tại đó chiếm đến 21% dân số,8.26230239868164,8.330461502075195,0.06815910339355469,0.6229687987384227
0015-0012-0005,True,tăng cường quyền đại diện song lại ít chịu trách nhiệm hơn đối với thần dân của mình,giới vương công tăng cường quyền đại diện,7.661996364593506,10.264891624450684,2.6028952598571777,0.7655793117140449
0015-0012-0006,True,700 tu viện,tu viện lớn nhỏ tại Ngọai Mông,8.232841491699219,6.7876739501953125,-1.4451675415039062,0.5238270279502883
0015-0013-0001,False,,Liên Xô lập ra một chế độ cộng sản tại Mông Cổ bằng cách tiêu diệt những người liên Mông Cổ,7.81308126449585,8.613381385803223,0.800300121307373,0.6679595601011449
0015-0013-0002,True,Khorloogiin Choibalsan,Khorloogiin Choibalsan,6.923091888427734,10.207237243652344,3.2841453552246094,0.796836460981014
0015-0013-0003,False,,chủ nghĩa liên Mông Cổ,8.31341552734375,8.362690925598145,0.04927539825439453,0.6217758092162519
0015-0013-0004,False,,Nước Cộng hòa Nhân dân Mông Cổ,8.481158256530762,8.117870330810547,-0.36328792572021484,0.5953661081922735
0015-0013-0005,True,"ung thư thanh quản, hoặc theo một số nguồn là dưới tay các điệp viên Liên Xô",nước Cộng hòa Nhân dân Mông Cổ,8.830777168273926,3.990046501159668,-4.840730667114258,0.3063242774872186
0015-0013-0006,True,Cộng hòa Nhân dân Mông Cổ,Nước Cộng hòa Nhân dân Mông Cổ,8.5855712890625,7.9376540184021,-0.6479172706604004,0.5768082134708399
0015-0013-0007,True,chủ nghĩa liên Mông Cổ,chủ nghĩa liên Mông Cổ,7.609898567199707,9.705343246459961,2.095444679260254,0.7402197072679552
0015-0013-0008,True,tiêu diệt những người liên Mông Cổ,Liên Xô lập ra một chế độ cộng sản tại Mông Cổ bằng cách tiêu diệt những người liên Mông Cổ,7.134305000305176,9.494241714477539,2.3599367141723633,0.7536560364458819
0015-0014-0001,False,,Thanh trừng kiểu Stalin,6.557441234588623,10.042985916137695,3.4855446815490723,0.8054599031318735
0015-0014-0002,False,,"Nhân dân Mông Cổ không quan trọng, đất mới quan trọng. Đất Mông Cổ lớn hơn Anh, Pháp và Đức""",8.021965026855469,9.11239242553711,1.0904273986816406,0.6850241694038907
0015-0014-0003,False,,cựu chủ tịch và thủ tướng Peljidiin Genden và cựu thủ tướng Anandyn Amar,8.462653160095215,8.63760757446289,0.17495441436767578,0.6296872823544228
0015-0014-0004,True,30.000 người,sát hại trên 30.000 người,8.396110534667969,7.6488037109375,-0.7473068237304688,0.5702737306825189
0015-0014-0005,True,bị người Nga hành quyết,cựu chủ tịch và thủ tướng Peljidiin Genden và cựu thủ tướng Anandyn Amar,8.454229354858398,8.718780517578125,0.26455116271972656,0.6352854527682442
0015-0014-0006,True,Stalin,Thanh trừng kiểu Stalin,6.355568885803223,10.110666275024414,3.7550973892211914,0.8165628753376513
0015-0014-0007,True,"Nhân dân Mông Cổ không quan trọng, đất mới quan trọng","""Nhân dân Mông Cổ không quan trọng, đất mới quan trọng. Đất Mông Cổ lớn hơn Anh, Pháp và Đức""",8.03880500793457,9.153524398803711,1.1147193908691406,0.6864313697372557
0015-0014-0008,False,,cựu chủ tịch và thủ tướng Peljidiin Genden và cựu thủ tướng Anandyn Amar,8.724262237548828,5.410646438598633,-3.3136157989501953,0.399663866831099
0015-0014-0009,True,đề phòng tái thống nhất liên Mông Cổ,nhằm đề phòng tái thống nhất liên Mông Cổ,6.572923183441162,10.25985336303711,3.6869301795959473,0.8138022831805477
0015-0015-0001,True,Liên Xô tham gia Chiến tranh Thái Bình Dương,Liên Xô tham gia Chiến tranh Thái Bình Dương,8.160072326660156,7.692207336425781,-0.467864990234375,0.588576330442572
0015-0015-0002,True,ngày 20 tháng 10 năm 1945,Mông Cổ,8.462871551513672,6.088261604309082,-2.37460994720459,0.46146223463252733
0015-0015-0003,False,,Mông Cổ liên kết vững chắc với Liên Xô,7.526688575744629,8.84984302520752,1.3231544494628906,0.6983633033431779
0015-0015-0004,False,,họ và Mông Cổ xác nhận công nhận lẫn nhau vào ngày 6 tháng 10 năm 1949,7.286972999572754,8.28475570678711,0.9977827072143555,0.679626299191038
0015-0015-0005,True,ngày 6 tháng 10 năm 1949,ngày 6 tháng 10 năm 1949,6.519345283508301,8.514893531799316,1.9955482482910156,0.7350228995712855
0015-0015-0006,True,Hoa Kỳ và Trung Hoa Dân Quốc tại Đài Loan phủ quyết,nhiều nỗ lực trước đó thất bại do Hoa Kỳ và Trung Hoa Dân Quốc tại Đài Loan phủ quyết,8.086750984191895,8.361284255981445,0.2745332717895508,0.6359069254215604
0015-0015-0007,False,,Mông Cổ,8.60450553894043,6.085297107696533,-2.5192084312438965,0.4518184605475105
0015-0015-0008,True,Liên Xô,Mông Cổ liên kết vững chắc với Liên Xô,7.372052192687988,9.361985206604004,1.9899330139160156,0.7347288187477514
0015-0016-0001,True,Liên Xô,Liên Xô hỗ trợ hòan tòan,7.950580596923828,9.000608444213867,1.050027847290039,0.6826763510952321
0015-0016-0002,True,tuyên bố ông nghỉ hưu và thay thế ông bằng Jambyn Batmönkh,quốc hội tuyên bố ông nghỉ hưu và thay thế ông bằng Jambyn Batmönkh,6.657395362854004,9.705329895019531,3.0479345321655273,0.7863636046103312
0015-0016-0003,False,,Mông Cổ hợp tác mật thiết hơn nữa với Liên Xô,8.55104923248291,6.600244998931885,-1.9508042335510254,0.4898671952414502
0015-0016-0004,True,Liên Xô,Liên Xô,7.990080833435059,8.0574312210083,0.06735038757324219,0.6229177380423064
0015-0016-0005,True,Yumjaagiin Tsedenbal,Yumjaagiin Tsedenbal,8.359371185302734,8.940240859985352,0.5808696746826172,0.6547505446278046
0015-0016-0006,True,năm đến tám lần,Mông Cổ,8.424566268920898,5.910437107086182,-2.514129161834717,0.45215664506907116
0015-0016-0007,False,,quốc hội tuyên bố ông nghỉ hưu,6.636342525482178,9.675530433654785,3.0391879081726074,0.7859683590508613
0015-0017-0001,False,,quốc gia phải đương đầu với lạm phát cao và thiếu hụt thực phẩm,8.502252578735352,5.752739906311035,-2.7495126724243164,0.4365359682540473
0015-0017-0002,True,Diễn đàn Hợp tác Kinh tế châu Á - Thái Bình Dương,Diễn đàn Hợp tác châu Á (ACD,8.390908241271973,7.753451347351074,-0.6374568939208984,0.5774944242242094
0015-0017-0003,True,chính trường và thanh niên Mông Cổ,Mông Cổ,8.582218170166016,5.190070629119873,-3.3921475410461426,0.39460986707727386
0015-0017-0004,False,,Tổ chức Hợp tác Thượng Hải,6.39736270904541,9.0426025390625,2.64523983001709,0.767615903166861
0015-0017-0005,True,lạm phát cao và thiếu hụt thực phẩm,quốc gia phải đương đầu với lạm phát cao và thiếu hụt thực phẩm,8.451379776000977,6.607715129852295,-1.8436646461486816,0.4970657266787983
0015-0017-0006,True,Tổ chức Hợp tác Thượng Hải,Tổ chức Hợp tác Thượng Hải,6.554073333740234,8.992212295532227,2.438138961791992,0.7575379376030877
0015-0017-0007,False,,Diễn đàn Hợp tác châu Á (ACD,8.452335357666016,7.65898323059082,-0.7933521270751953,0.5672379627790638
0015-0017-0008,True,hệ thống đa đảng và kinh tế thị trường,hệ thống đa đảng và kinh tế thị trường,7.617445945739746,9.944185256958008,2.3267393112182617,0.7519955471700485
0015-0018-0001,True,chính phủ liên minh với Đảng Dân chủ,Đảng Nhân dân Cách mạng Mông Cổ thành lập một chính phủ liên minh với Đảng Dân chủ,7.477505683898926,8.051158905029297,0.5736532211303711,0.6543119144165273
0015-0018-0002,False,,Đảng Nhân dân Cách mạng Mông Cổ,8.58187484741211,5.700703144073486,-2.881171703338623,0.42785130631598933
0015-0018-0003,True,Đảng Nhân dân Cách mạng Mông Cổ,Đảng Nhân dân Cách mạng Mông Cổ,7.498335838317871,8.249565124511719,0.7512292861938477,0.6650276063523026
0015-0018-0004,True,các cáo buộc gian lận phiếu và các cuộc náo lọan sau đó,Đảng Nhân dân Cách mạng Mông Cổ,8.34409236907959,5.559224605560303,-2.784867763519287,0.4341997755531088
0015-0018-0005,True,Natsagiin Bagabandi,"Ứng cử viên của Đảng Nhân dân Cách mạng là Natsagiin Bagabandi đắc cử làm tổng thống năm 1997, và tái đắc cử vào năm 2001",8.088309288024902,7.474655628204346,-0.6136536598205566,0.5790548209724035
0015-0018-0006,True,2008,Đảng Nhân dân Cách mạng Mông Cổ thành lập một chính phủ liên minh với Đảng Dân chủ,8.254539489746094,5.909026145935059,-2.345513343811035,0.46340651516631454
0015-0018-0007,False,,Đảng Nhân dân Cách mạng Mông Cổ,8.319934844970703,5.182940483093262,-3.1369943618774414,0.4111074012121384
0015-0019-0001,True,Đảng Nhân dân Mông Cổ,Đảng Nhân dân Mông Cổ,6.596528053283691,8.868780136108398,2.272252082824707,0.7492539531847919
0015-0019-0002,False,,Đảng Nhân dân Mông Cổ,6.5862627029418945,8.113866806030273,1.527604103088379,0.7098123847789765
0015-0019-0003,True,Tsakhiagiin Elbegdorj,Đảng Nhân dân Mông Cổ,7.838581085205078,6.381012916564941,-1.4575681686401367,0.5229955208107169
0015-0019-0004,True,Đảng Dân chủ,Đảng Nhân dân Mông Cổ,8.094926834106445,8.165473937988281,0.07054710388183594,0.6231195563684288
0015-0019-0005,True,chịu thất bại lần đầu tiên lịch sử tại kỳ bầu cử địa phương,Đảng Nhân dân Mông Cổ (bỏ từ 'cách mạng' năm 2010) chịu thất bại lần đầu tiên lịch sử tại kỳ bầu cử địa phương,7.239609241485596,9.176669120788574,1.9370598793029785,0.7319495423959996
0015-0019-0006,False,,Đảng Nhân dân Mông Cổ,7.267708778381348,8.51345443725586,1.2457456588745117,0.6939620943431444
0015-0019-0007,True,năm 2010,Đảng Nhân dân Mông Cổ,8.618986129760742,6.731484413146973,-1.8875017166137695,0.4941200699786969
0015-0019-0008,False,,Đảng Nhân dân Mông Cổ,8.025778770446777,7.84652853012085,-0.17925024032592773,0.6072253384234999
0015-0020-0001,True,Tổng thống,"Mông Cổ có một số chính đảng, lớn nhất là Đảng Nhân dân Mông Cổ và Đảng Dân chủ. Tổ chức phi chính phủ Freedom House nhìn nhận Mông Cổ",8.402581214904785,3.5217955112457275,-4.880785703659058,0.30404119414419317
0015-0020-0002,True,Nhân dân,"Tổng thống bổ nhiệm thủ tướng, và bổ nhiệm nội các theo đề xuất của thủ tướng",8.09446907043457,5.034254550933838,-3.0602145195007324,0.4161130025994913
0015-0020-0003,True,Đảng Nhân dân Mông Cổ và Đảng Dân chủ,Đảng Nhân dân Mông Cổ và Đảng Dân chủ,8.131583213806152,7.574220180511475,-0.5573630332946777,0.5827385649352147
0015-0020-0004,True,"một nước cộng hòa dân chủ đại nghị bán tổng thống, theo đó tổng thống được bầu cử trực tiếp",Mông Cổ hiện nay là một nước cộng hòa dân chủ đại nghị bán tổng thống,7.7930989265441895,8.359062194824219,0.5659632682800293,0.6538442149105894
0015-0020-0005,True,Tổ chức phi chính phủ Freedom House,Mông Cổ là quốc gia tự do,7.693326950073242,7.580471038818359,-0.11285591125488281,0.6114736673120923
0015-0020-0006,False,,Mông Cổ là quốc gia tự do,8.393472671508789,6.442627906799316,-1.9508447647094727,0.48986447262681115
0015-0020-0007,False,,Mông Cổ,8.480558395385742,4.104407787322998,-4.376150608062744,0.33348174981632395
0015-0021-0001,True,Norovyn Altankhuyag,Jargaltulgyn Erdenebat,8.51732063293457,6.107510566711426,-2.4098100662231445,0.4591116792635757
0015-0021-0002,False,,Đảng Dân chủ,7.776693344116211,8.057031631469727,0.2803382873535156,0.6362681296111753
0015-0021-0003,False,,Đảng Nhân dân Mông Cổ,8.025996208190918,7.858829021453857,-0.16716718673706055,0.6079997182711688
0015-0021-0004,True,"từ năm 1921 đến năm 1996, và từ năm 2000 đến năm 2004","chính phủ của Mông Cổ từ năm 1921 đến năm 1996, và từ năm 2000 đến năm 2004",8.704191207885742,5.27163553237915,-3.432555675506592,0.39201803688697173
0015-0021-0005,True,Đảng Dân chủ,Đảng Dân chủ,7.4735822677612305,8.69576644897461,1.222184181213379,0.6926153614378733
0015-0021-0006,False,,Đảng Dân chủ là thế lực chi phối trong chính phủ liên minh,8.652188301086426,4.834000587463379,-3.818187713623047,0.36760696184280583
0015-0021-0007,True,Chimediin Saikhanbileg,Chimediin Saikhanbileg,7.8958740234375,9.978549003601074,2.082674980163574,0.7395591036757784
0015-0021-0008,True,Đảng Nhân dân Mông Cổ,Đảng Nhân dân Mông Cổ,6.7329912185668945,8.349411964416504,1.6164207458496094,0.7147052344239267
0015-0021-0009,False,,Chimediin Saikhanbileg,7.717874526977539,9.733415603637695,2.0155410766601562,0.7360682690477858
0015-0022-0001,True,"một người sinh ra tại Mông Cổ, ít nhất 45 tuổi, và đã sống ở Mông Cổ trong năm năm trước khi nhậm chức","phải là một người sinh ra tại Mông Cổ, ít nhất 45 tuổi, và đã sống ở Mông Cổ trong năm năm trước khi nhậm chức",7.250175476074219,7.846156120300293,0.5959806442260742,0.6556681655312021
0015-0022-0002,False,,"Tổng thống Mông Cổ chủ yếu có vai trò biểu tượng, nhưng có thể ngăn cản các quyết định của nghị viện",8.12009048461914,6.979370594024658,-1.1407198905944824,0.5441886811072691
0015-0022-0003,True,ba yêu cầu,"phải là một người sinh ra tại Mông Cổ, ít nhất 45 tuổi, và đã sống ở Mông Cổ trong năm năm trước khi nhậm chức",5.84351921081543,8.809738159179688,2.966218948364258,0.7826502882775974
0015-0022-0004,True,2013,"Tổng thống hiện tại là Tsakhiagiin Elbegdorj, người từng hai lần làm thủ tướng và là một thành viên của Đảng Dân chủ được bầu lên làm tổng thống năm 2009 và tái cử vào năm 2013",6.827085494995117,7.106421947479248,0.27933645248413086,0.6362058036189334
0015-0022-0005,False,,"phải là một người sinh ra tại Mông Cổ, ít nhất 45 tuổi, và đã sống ở Mông Cổ trong năm năm trước khi nhậm chức",6.3258442878723145,8.344526290893555,2.0186820030212402,0.7362322587121508
0015-0022-0006,False,,"Tổng thống hiện tại là Tsakhiagiin Elbegdorj, người từng hai lần làm thủ tướng và là một thành viên của Đảng Dân chủ được bầu lên làm tổng thống năm 2009 và tái cử vào năm 2013",7.102110385894775,7.273989677429199,0.17187929153442383,0.6294945129309368
0015-0022-0007,True,biểu quyết thuận với hơn hai phần ba số phiếu,"Tổng thống Mông Cổ chủ yếu có vai trò biểu tượng, nhưng có thể ngăn cản các quyết định của nghị viện",8.284180641174316,5.142899513244629,-3.1412811279296875,0.4108284602847321
0015-0022-0008,False,,"Tổng thống hiện tại là Tsakhiagiin Elbegdorj, người từng hai lần làm thủ tướng",7.100358963012695,8.014141082763672,0.9137821197509766,0.6746901137419838
0015-0022-0009,True,hai lần,"Tổng thống hiện tại là Tsakhiagiin Elbegdorj, người từng hai lần làm thủ tướng",6.783664703369141,7.812851428985596,1.029186725616455,0.6814615154531704
0015-0023-0001,True,"Hoa Kỳ, Nga, Bắc Triều Tiên và Hàn Quốc, Nhật Bản, và Cộng hòa Nhân dân Trung Hoa","Hoa Kỳ, Nga, Bắc Triều Tiên và Hàn Quốc, Nhật Bản, và Cộng hòa Nhân dân Trung Hoa",7.123989582061768,10.954179763793945,3.8301901817321777,0.8195670819468232
0015-0023-0002,True,nhiều lần gửi binh sĩ với số lượng mỗi lần từ 103 tới 180 quân tới Iraq,"Mông Cổ ủng hộ cuộc xâm lược Iraq năm 2003, và đã nhiều lần gửi binh sĩ với số lượng mỗi lần từ 103 tới 180 quân tới Iraq",7.631725311279297,9.718338012695312,2.0866127014160156,0.739762926345551
0015-0023-0003,True,hỗ trợ cho MINURCAT,MINURCAT,8.208089828491211,8.987375259399414,0.7792854309082031,0.6667055217129003
0015-0023-0004,False,,"Mông Cổ ủng hộ cuộc xâm lược Iraq năm 2003, và đã nhiều lần gửi binh sĩ với số lượng mỗi lần từ 103 tới 180 quân tới Iraq",7.896599292755127,9.749208450317383,1.8526091575622559,0.7274722991248527
0015-0023-0005,True,cuộc xâm lược Iraq,cuộc xâm lược Iraq,8.7474365234375,7.026550769805908,-1.7208857536315918,0.5053163545187048
0015-0023-0006,True,Khỏang 130 lính,Khỏang 130 lính,8.029213905334473,9.51504135131836,1.4858274459838867,0.707493860659122
0015-0024-0001,True,nhiệt độ trung bình thấp nhất,"Nước này trung bình có 257 ngày không mây mỗi năm, và thường ở trung tâm của một vùng có áp lực khí quyển cao. Lượng mưa cao nhất ở phía bắc",8.96279239654541,2.61544132232666,-6.34735107421875,0.22752389821159144
0015-0024-0002,False,,"Mông Cổ cao, lạnh và nhiều gió. Nước này có khí hậu lục địa cực đoan với mùa đông dài và lạnh, mùa hè ngắn, và đa phần lượng mưa trong năm cũng diễn ra vào mùa hè",8.961074829101562,3.9762516021728516,-4.984823226928711,0.2981562827712469
0015-0024-0003,False,,Vùng cư cực nam là Sa mạc Gobi,8.851505279541016,5.104379653930664,-3.7471256256103516,0.3720587124514356
0015-0024-0004,True,20 tới 35 centimét một năm,Mông Cổ,8.837481498718262,5.234351634979248,-3.6031298637390137,0.3811456466575976
0015-0024-0005,False,,Mông Cổ,8.899206161499023,3.993427276611328,-4.905778884887695,0.30262148266526057
0015-0024-0006,True,phía nam,Mông Cổ,8.772591590881348,6.277994155883789,-2.4945974349975586,0.4534575023737368
0015-0024-0007,True,Vùng cư cực nam,Vùng cư cực nam,8.493419647216797,8.545721054077148,0.05230140686035156,0.6219670787678324
0015-0024-0008,True,dài và lạnh,"Mông Cổ cao, lạnh và nhiều gió. Nước này có khí hậu lục địa cực đoan với mùa đông dài và lạnh, mùa hè ngắn, và đa phần lượng mưa trong năm cũng diễn ra vào mùa hè",8.974161148071289,3.821786403656006,-5.152374744415283,0.2888180352533279
0015-0025-0001,False,,Các vùng đất Gobi rất mong manh và dễ bị tàn phá bởi sự quá tải,8.357865333557129,7.810836315155029,-0.5470290184020996,0.5834138491603685
0015-0025-0002,False,,"Các vùng đất Gobi rất mong manh và dễ bị tàn phá bởi sự quá tải, dẫn tới sự mở rộng của sa mạc thực sự",8.481548309326172,6.598008632659912,-1.8835396766662598,0.4943862877661584
0015-0025-0003,True,một vùng đá vô dụng nơi thậm chí cả lạc đà hai bướu cũng không sống nổi,"Các vùng đất Gobi rất mong manh và dễ bị tàn phá bởi sự quá tải, dẫn tới sự mở rộng của sa mạc thực sự",8.393953323364258,7.481667518615723,-0.9122858047485352,0.559373802040851
0015-0025-0004,True,một thảo nguyên sa mạc,Các vùng đất Gobi,8.663518905639648,5.21358060836792,-3.4499382972717285,0.39090495333441544
0015-0025-0005,True,phân biệt Gobi khỏi sa mạc thực sự,Người Mông Cổ phân biệt Gobi khỏi sa mạc thực sự,8.003822326660156,9.386876106262207,1.3830537796020508,0.70174417684619
0015-0025-0006,True,không có đủ thực vật cho những con marmot nhưng đủ cho lạc đà,lọai đất không có đủ thực vật cho những con marmot nhưng đủ cho lạc đà,8.442647933959961,6.129912853240967,-2.312735080718994,0.465598140453774
0015-0025-0007,False,,Người Mông Cổ phân biệt Gobi khỏi sa mạc thực sự,8.380884170532227,8.252799987792969,-0.1280841827392578,0.6105007363230704
0015-0025-0008,True,dẫn tới sự mở rộng của sa mạc thực sự,Các vùng đất Gobi rất mong manh và dễ bị tàn phá bởi sự quá tải,8.274267196655273,8.296945571899414,0.022678375244140625,0.6200930260095093
0015-0026-0001,True,"ngựa, dê, cừu, bò, lạc đà","ngựa, dê, cừu, bò, lạc đà",6.526625633239746,10.887024879455566,4.36039924621582,0.8396921709530687
0015-0026-0002,True,75,Hệ sinh vật và động vật Mông Cổ có tổng số 138 lòai động vật có vú,7.8072333335876465,7.066299915313721,-0.7409334182739258,0.5706935186880848
0015-0026-0003,True,60 triệu con,"ngựa, dê, cừu, bò, lạc đà",7.353349685668945,10.275209426879883,2.9218597412109375,0.7806150877670011
0015-0026-0004,True,"khỏang trên 2,5 triệu con","ngựa, dê, cừu, bò, lạc đà",7.212774753570557,9.397382736206055,2.184607982635498,0.7448019138308191
0015-0026-0005,False,,"ngựa, dê, cừu, bò, lạc đà",7.611343860626221,9.626341819763184,2.014997959136963,0.7360399059226215
0015-0026-0006,True,449 lòai,449 lòai chim,7.324075698852539,8.972681045532227,1.6486053466796875,0.7164659768855195
0015-0027-0001,False,,68.4% xuất khẩu của Mông Cổ là sang Trung Quốc và Trung Quốc cung cấp 29.8% nhập khẩu của Mông Cổ,8.412551879882812,6.179564952850342,-2.2329869270324707,0.470935656356193
0015-0027-0002,True,32.2%,"tỷ lệ dân số sống dưới mức nghèo khổ ước tính là 35.6% năm 1998, 36.1% năm 2002–2003, 32.2% năm 2006",7.673255443572998,9.080610275268555,1.4073548316955566,0.7031095612184507
0015-0027-0003,True,7.5%,GDP đã tăng ổn định từ năm 2002 ở tốc độ 7.5%,8.3857421875,6.754358291625977,-1.6313838958740234,0.5113292279931381
0015-0027-0004,True,Trung Quốc,68.4% xuất khẩu của Mông Cổ là sang Trung Quốc,8.35010051727295,6.900758743286133,-1.4493417739868164,0.5235471450022635
0015-0027-0005,False,,Mông Cổ,8.671905517578125,4.984433650970459,-3.687471866607666,0.3758126453193543
0015-0027-0006,True,tỷ lệ thất nghiệp và lạm phát,"tỷ lệ dân số sống dưới mức nghèo khổ ước tính là 35.6% năm 1998, 36.1% năm 2002–2003, 32.2% năm 2006, và cả tỷ lệ thất nghiệp và lạm phát",6.9660844802856445,10.02998161315918,3.063897132873535,0.7870835572433523
0015-0027-0007,False,,tỷ lệ dân số sống dưới mức nghèo khổ,7.823681354522705,7.585744380950928,-0.23793697357177734,0.603456607837084
0015-0027-0008,True,$250 triệu,Một khỏan nợ nước ngòai lớn ($11 tỷ) với Nga đã được chính phủ Mông Cổ giải quyết năm 2004 với một khỏan chi trả $250 triệu,6.582773208618164,9.427286148071289,2.844512939453125,0.777033734639143
0015-0028-0001,True,4.1%,4.1%,6.643283843994141,8.842002868652344,2.198719024658203,0.7455222069699559
0015-0028-0002,True,20.4%,Công nghiệp,8.105753898620605,7.234930038452148,-0.870823860168457,0.5621189510216396
0015-0028-0003,True,"vật liệu xây dựng, khai mỏ (than, đồng, môlípđen, fluorspar, kẽm, tungsten, và vàng), dầu, thực phẩm và đồ uống, chế biến các sản phẩm từ gia súc, và casơmia và sản xuất sợi tự nhiên","dầu, thực phẩm và đồ uống, chế biến các sản phẩm từ gia súc, và casơmia và sản xuất sợi tự nhiên",8.3748140335083,5.310434818267822,-3.0643792152404785,0.4158410343924146
0015-0028-0004,True,"số lượng công ty Trung Quốc, Nga và Canada có mặt và tiến hành kinh doanh tại Mông Cổ","Khai mỏ tiếp tục phát triển như một ngành công nghiệp chính của Mông Cổ với bằng chứng ở số lượng công ty Trung Quốc, Nga và Canada có mặt và tiến hành kinh doanh tại Mông Cổ",8.311899185180664,6.253623008728027,-2.0582761764526367,0.482650555882317
0015-0028-0005,False,,casơmia và sản xuất sợi tự nhiên,8.468429565429688,7.386880397796631,-1.0815491676330566,0.5481311003260161
0015-0029-0001,True,Hàn Quốc và Cộng hòa Nhân dân Trung Hoa,Hàn Quốc và Cộng hòa Nhân dân Trung Hoa,7.460996150970459,9.728716850280762,2.2677206993103027,0.7490250449716387
0015-0029-0002,True,phát triển phần mềm,phát triển phần mềm hơn là sản xuất phần cứng,8.340202331542969,7.058419704437256,-1.281782627105713,0.5347685122371841
0015-0029-0003,True,những nhà điều hành điện thọai di động và ISP lớn nhất ở Mông Cổ,"Một số công ty viễn thông và nhà cung cấp dịch vụ internet đã được thành lập dẫn tới sự cạnh tranh lớn trên thị trường internet và điện thọai, đặc biệt là điện thọai di động",8.430660247802734,8.817089080810547,0.3864288330078125,0.6428419839454419
0015-0029-0004,True,sự cạnh tranh lớn trên thị trường internet và điện thọai,"Mobicom Corporation và Magicnet, đây là những nhà điều hành điện thọai di động và ISP lớn nhất ở Mông Cổ",8.595498085021973,7.5112223625183105,-1.084275722503662,0.5479495646295608
0015-0029-0005,False,,Hàn Quốc và Cộng hòa Nhân dân Trung Hoa,8.080900192260742,7.907031059265137,-0.17386913299560547,0.6075702701734313
0015-0029-0006,False,,"Mobicom Corporation và Magicnet, đây là những nhà điều hành điện thọai di động và ISP lớn nhất ở Mông Cổ",8.865789413452148,4.831103324890137,-4.034686088562012,0.35418530424046024
0015-0030-0001,False,,"59% trong tổng dân số dưới 30 tuổi, 27% trong số đó dưới 14",8.468734741210938,7.217517852783203,-1.2512168884277344,0.5368120324324976
0015-0030-0002,False,,sự tăng trưởng dân số đã đặt ra một số vấn đề với nền kinh tế Mông Cổ,8.714069366455078,6.1331682205200195,-2.5809011459350586,0.447714520141179
0015-0030-0003,True,2.951.786 người,Tổng dân số Mông Cổ vào tháng 7 năm 2007 ước tính bởi Văn phòng Điều tra Hoa Kỳ là 2.951.786 người,7.940576076507568,8.968168258666992,1.0275921821594238,0.6813684670393249
0015-0030-0004,True,1.2%,Tỷ lệ tăng trưởng dân số của Mông Cổ ở mức 1.2%,7.595061302185059,7.703876495361328,0.10881519317626953,0.6255322037712632
0015-0030-0005,True,Khỏang 59%,"59% trong tổng dân số dưới 30 tuổi, 27% trong số đó dưới 14",7.864634037017822,8.617074966430664,0.7524409294128418,0.6651001560651392
0015-0030-0006,False,,Tổng dân số Mông Cổ,8.320030212402344,8.323539733886719,0.003509521484375,0.6188784247788487
0015-0030-0007,True,đặt ra một số vấn đề với nền kinh tế Mông Cổ,"Khỏang 59% trong tổng dân số dưới 30 tuổi, 27% trong số đó dưới 14. Đây là dân số khá trẻ và sự tăng trưởng dân số đã đặt ra một số vấn đề với nền kinh tế Mông Cổ",8.73991870880127,5.910856246948242,-2.8290624618530273,0.4312835975658607
0015-0030-0008,True,Cục Kinh tế và các Vấn đề Xã hội Liên hiệp quốc Phòng dân số,Cục Kinh tế và các Vấn đề Xã hội Liên hiệp quốc Phòng dân số,5.524503707885742,10.678157806396484,5.153654098510742,0.8663621497390758
0015-0031-0001,False,,Người Khalkha chiếm 90% dân số Mông Cổ,8.524734497070312,7.731187343597412,-0.7935471534729004,0.5672250937739942
0015-0031-0002,True,"Buryat, Durbet Mông Cổ và các nhóm khác ở phía bắc và Dariganga Mông Cổ",Người Khalkha chiếm 90% dân số Mông Cổ,8.71471118927002,7.2874321937561035,-1.427278995513916,0.5250262861336694
0015-0031-0003,False,,"Buryat, Durbet Mông Cổ và các nhóm khác ở phía bắc và Dariganga Mông Cổ ở phía đông",8.029936790466309,8.44310188293457,0.4131650924682617,0.6444903490147911
0015-0031-0004,True,"người Tungus, Trung Quốc, và người Nga","Người Turk (Kazakh, Tuva, và Chantuu (Uzbek) chiếm 7% dân số Mông Cổ, và số còn lại là người Tungus, Trung Quốc, và người Nga",6.152503967285156,10.00478744506836,3.852283477783203,0.820443621820704
0015-0031-0005,True,sự rút lui hỗ trợ kinh tế và sự sụp đổ của Liên bang Xô viết năm 1991,Người Khalkha chiếm 90% dân số Mông Cổ,8.718626022338867,5.067699432373047,-3.6509265899658203,0.3781198166844727
0015-0031-0006,True,Người Khalkha,Người Khalkha chiếm 90% dân số Mông Cổ,8.233800888061523,8.41322135925293,0.17942047119140625,0.6299671712891467
0015-0031-0007,True,85%,Người Khalkha chiếm 90% dân số Mông Cổ,8.545403480529785,6.966980934143066,-1.5784225463867188,0.5148858216415
0015-0032-0001,False,,Tiếng Nga,8.7857084274292,5.3609113693237305,-3.4247970581054688,0.39251521767148967
0015-0032-0002,True,ngôn ngữ ký hiệu Mông Cổ,ngôn ngữ ký hiệu Mông Cổ,8.213006019592285,8.101629257202148,-0.11137676239013672,0.6115681226368173
0015-0032-0003,True,có hàng chục nghìn người Mông Cổ làm việc ở Hàn Quốc,Tiếng Triều Tiên đã trở thành phổ thông bởi có hàng chục nghìn người Mông Cổ làm việc ở Hàn Quốc,8.587890625,7.199787139892578,-1.3881034851074219,0.5276516072529593
0015-0032-0004,True,tiếng Anh,Tiếng Nga,8.6273775100708,7.580355167388916,-1.0470223426818848,0.550428793652093
0015-0032-0005,True,"tiếng Kazakh và tiếng Tuva, cùng với các ngôn ngữ khác",Tiếng Nga,8.727428436279297,6.827469825744629,-1.899958610534668,0.4932830875304361
0015-0032-0006,True,họ đã từng theo học tại Đông Đức cũ,Một số người có học và lớn tuổi Mông Cổ nói một chút tiếng Đức,8.634064674377441,6.854976654052734,-1.779088020324707,0.5014053018249515
0015-0032-0007,False,,tiếng Kazakh và tiếng Tuva,8.653223037719727,7.22855806350708,-1.4246649742126465,0.5252015077520855
0015-0033-0001,True,Tengri giáo và Shaman giáo,Tengri giáo và Shaman giáo,8.28490924835205,9.085124015808105,0.8002147674560547,0.6679544714633038
0015-0033-0002,False,,những đức tin đó là phổ thông trong số những người du mục trong lịch sử châu Á,8.37839126586914,6.758563995361328,-1.6198272705078125,0.5121054178812031
0015-0033-0003,True,Phật giáo Tây Tạng,"Shaman giáo đã để lại một dấu ấn trong văn hóa tôn giáo Mông Cổ, và vẫn tiếp tục được thực hiện. Trong tầng lớp tinh hoa của Mông Cổ thời Đế chế Mông Cổ, Hồi giáo",7.725491523742676,8.556192398071289,0.8307008743286133,0.6697694951823435
0015-0033-0004,True,những đức tin đó là phổ thông trong số những người du mục trong lịch sử châu Á,bởi những đức tin đó là phổ thông trong số những người du mục trong lịch sử châu Á,7.792541027069092,9.967290878295898,2.1747498512268066,0.7442979144977935
0015-0033-0005,True,tầng lớp tinh hoa của Mông Cổ thời Đế chế Mông Cổ,"Hồi giáo dần được ưa chuộng hơn những tôn giáo khác, bởi ba trong bốn vị hãn danh tiếng nhất đều là tín đồ Hồi giáo",8.424459457397461,6.416563034057617,-2.0078964233398438,0.4860327913588544
0015-0033-0006,True,ba trong bốn vị hãn danh tiếng nhất đều là tín đồ Hồi giáo,"Hồi giáo dần được ưa chuộng hơn những tôn giáo khác, bởi ba trong bốn vị hãn danh tiếng nhất đều là tín đồ Hồi giáo",7.912364959716797,7.886521339416504,-0.02584362030029297,0.6170156327880763
0015-0033-0007,False,,Hồi giáo,8.581663131713867,5.563905715942383,-3.0177574157714844,0.4188884775670733
0015-0034-0001,False,,Sự sụp đổ của chủ nghĩa cộng sản năm 1991,8.788297653198242,6.251824378967285,-2.536473274230957,0.45066927877356433
0015-0034-0002,True,Sự chấm dứt đàn áp tôn giáo trong thập niên 1990,"Sự sụp đổ của chủ nghĩa cộng sản năm 1991 đã giúp tái lập tính pháp lý của việc thực thi tôn giáo, và Phật giáo Tây Tạng",8.6624116897583,5.266011714935303,-3.396399974822998,0.3943368284625529
0015-0034-0003,True,năm 1989,"Sự sụp đổ của chủ nghĩa cộng sản năm 1991 đã giúp tái lập tính pháp lý của việc thực thi tôn giáo, và Phật giáo Tây Tạng",8.735878944396973,3.8072595596313477,-4.928619384765625,0.3013273399060483
0015-0034-0004,True,1991,Sự sụp đổ của chủ nghĩa cộng sản năm 1991,8.503097534179688,8.384963989257812,-0.118133544921875,0.61113658057187
0015-0034-0005,False,,"Sự sụp đổ của chủ nghĩa cộng sản năm 1991 đã giúp tái lập tính pháp lý của việc thực thi tôn giáo, và Phật giáo Tây Tạng",8.720724105834961,4.655917167663574,-4.064806938171387,0.3523354969841868
0015-0034-0006,True,khỏang 40.000,số lượng tín đồ Thiên chúa,8.24293327331543,6.777469635009766,-1.465463638305664,0.5224660341472067
0015-0034-0007,False,,số lượng tín đồ Thiên chúa,8.341787338256836,6.08683967590332,-2.2549476623535156,0.46946511658387485
0015-0035-0001,True,ngày Cách mạng Dân chủ Quốc gia và thành lập Nhà nước Đại Mông Cổ,ngày Cách mạng Dân chủ Quốc gia và thành lập Nhà nước Đại Mông Cổ,5.2618255615234375,9.387731552124023,4.125905990600586,0.8310246704662391
0015-0035-0002,True,"Mông Cổ, bắn cung, đua ngựa","bắn cung, đua ngựa (qua những khỏang cách điền dã dài, chứ không phải đua những quãng ngắn quanh một sân vận động như kiểu phương Tây), và vật",7.818050384521484,9.54112434387207,1.723073959350586,0.7205146936693576
0015-0035-0003,False,,ngày Cách mạng Dân chủ Quốc gia và thành lập Nhà nước Đại Mông Cổ,5.762967109680176,9.65373420715332,3.8907670974731445,0.8219624896836085
0015-0035-0004,True,ba,"bắn cung, đua ngựa (qua những khỏang cách điền dã dài, chứ không phải đua những quãng ngắn quanh một sân vận động như kiểu phương Tây), và vật",7.402705192565918,9.777685165405273,2.3749799728393555,0.7544060114789187
0015-0036-0001,False,,iarudi và Khartsaga (Chim ưng),7.729733943939209,7.2926506996154785,-0.43708324432373047,0.5905784972501289
0015-0036-0002,True,voi,zaan,7.975119113922119,8.428288459777832,0.4531693458557129,0.6469503265485457
0015-0036-0003,True,avarga,Đô vật trở thành vô địch tuyệt đối được trao danh hiệu avarga (Người khổng lồ,8.452423095703125,7.586773872375488,-0.8656492233276367,0.5624612946556442
0015-0036-0004,True,arslan,arslan (sư tử),7.788244724273682,9.058053016662598,1.269808292388916,0.6953340614506596
0015-0036-0005,True,năm 2003,Bắt đầu từ năm 2003,6.291967391967773,7.919214248657227,1.6272468566894531,0.7152982379254437
0015-0036-0006,True,danh hiệu iarudi và Khartsaga,iarudi và Khartsaga (Chim ưng),8.542316436767578,8.728118896484375,0.18580245971679688,0.6303669805635523
0015-0037-0001,False,,các cấu trúc với 6 và 12 góc với các mái kiểu kim tự tháp để thích hợp với hình dáng tròn của yurt,7.265242099761963,9.61099910736084,2.345757007598877,0.7529477033870134
0015-0037-0002,True,yurt,"yurt (Tiếng Mông Cổ: ger). Theo nghệ sĩ và nhà phê bình nghệ thuật Mông Cổ N. Chultem, các yurt và lều trại",8.423165321350098,7.870903968811035,-0.5522613525390625,0.5830719771766472
0015-0037-0003,False,,các yurt và lều trại,8.232595443725586,9.410279273986816,1.1776838302612305,0.6900628370018317
0015-0037-0004,True,hình dạng bậc hai của các đền,Việc mở rộng thêm nữa dẫn tới hình dạng bậc hai của các đền,8.535430908203125,5.554473876953125,-2.98095703125,0.42129833256604887
0015-0037-0005,True,sử dụng các cấu trúc với 6 và 12 góc với các mái kiểu kim tự tháp để thích hợp với hình dáng tròn của yurt,các cấu trúc với 6 và 12 góc với các mái kiểu kim tự tháp để thích hợp với hình dáng tròn của yurt,6.689558029174805,10.242847442626953,3.5532894134521484,0.8082974510290113
0015-0037-0006,True,N. Chultem,các yurt và lều trại,7.982321739196777,9.802604675292969,1.8202829360961914,0.7257461663745618
0015-0037-0007,True,"đá, gạch, các dầm và những tấm ván","đá, gạch, các dầm và những tấm ván",7.24109411239624,10.508977890014648,3.267883777618408,0.7961279013236605
0015-0038-0001,False,,Đền bậc hai Tsogchin tại lama Gandan ở Ulan Bator là một sự tổng hợp truyền thống Mông Cổ và Trung Quốc. Đền Maitreya,8.797222137451172,7.2903361320495605,-1.5068860054016113,0.5196873639505132
0015-0038-0002,True,Zanabazar,Zanabazar,8.054298400878906,10.614770889282227,2.5604724884033203,0.763526574763368
0015-0038-0003,True,lama Erdene Zuu,Đền Lavrin (thế kỷ XVIII) tại lama Erdene Zuu được xây dựng theo truyền thống Tây Tạng,8.743690490722656,7.841230869293213,-0.9024596214294434,0.5600247174331097
0015-0038-0004,True,Tây Tạng-Mông Cổ,Đền Maitreya (đã bị dỡ ra năm 1938) là một ví dụ về kiến trúc Tây Tạng-Mông Cổ,8.391141891479492,9.073221206665039,0.6820793151855469,0.6608742615000026
0015-0038-0005,True,bảo tàng,đền được xây dựng theo truyền thống Trung Quốc,6.920346260070801,10.508695602416992,3.5883493423461914,0.8097535219179787
0015-0038-0006,True,lama Dashi-Choiling,lama Dashi-Choiling,8.595331192016602,9.731106758117676,1.1357755661010742,0.6876483558745302
0015-0039-0001,True,chế độ dân chủ đa đảng,Nhà nước độc đảng đã phát triển trở thành một chế độ dân chủ đa đảng,8.30313491821289,8.348413467407227,0.04527854919433594,0.6215231161938545
0015-0039-0002,True,Unen,"tờ báo Unen (""Sự thật"") tương tự tờ Pravda Xô viết",7.568549633026123,8.958536148071289,1.389986515045166,0.7021340690951825
0015-0039-0003,True,sự tồn tại của truyền thông độc lập,"chính phủ kiểm sóat chặt chẽ truyền thông và quản lý mọi công việc xuất bản, và không cho phép sự tồn tại của truyền thông độc lập",7.062248229980469,9.336784362792969,2.2745361328125,0.7493692820104011
0015-0039-0004,False,,"chính phủ kiểm sóat chặt chẽ truyền thông và quản lý mọi công việc xuất bản, và không cho phép sự tồn tại của truyền thông độc lập",7.368508338928223,9.139286994934082,1.7707786560058594,0.723089628840735
0015-0039-0005,False,,Mông Cổ,8.231643676757812,6.1011457443237305,-2.130497932434082,0.4778048109354928
0015-0039-0006,False,,"tờ báo Unen (""Sự thật"") tương tự tờ Pravda Xô viết",8.170937538146973,7.5438714027404785,-0.6270661354064941,0.5781757719562342
0015-0039-0007,True,Đảng Cộng sản,Mông Cổ,8.50330924987793,5.326556205749512,-3.176753044128418,0.4085225089424887
0015-0039-0008,True,những quyền tự do của truyền thông,những quyền tự do của truyền thông,7.812201499938965,8.30545425415039,0.4932527542114258,0.6494073862510357
0015-0040-0001,False,,tự do nhất,7.5869035720825195,9.660623550415039,2.0737199783325195,0.7390951937721308
0015-0040-0002,False,,"môi trường báo chí ở vị trí 93 trên 173, vị trí số 1 là tự do nhất",8.703303337097168,2.826045036315918,-5.87725830078125,0.2504933133355355
0015-0040-0003,True,tự do nhất,tự do nhất,7.595644950866699,9.54612922668457,1.950484275817871,0.732656941072545
0015-0040-0004,True,Những cuộc cải cách thị trường,tự do nhất,8.6414794921875,4.867771625518799,-3.773707866668701,0.3703908546786008
0015-0040-0005,True,"chính phủ thảo luận một Đạo luật Tự do Thông tin, và lọai bỏ bất kỳ một sự liên quan nào của truyền thông tới chính phủ",tự do nhất,8.512533187866211,4.2303056716918945,-4.282227516174316,0.33911681030831964
0015-0040-0006,True,Tổ chức Phóng viên Không Biên giới,Tổ chức Phóng viên Không Biên giới,7.33760404586792,8.098943710327148,0.7613396644592285,0.6656327475056726
0015-0040-0007,False,,Tổ chức Phóng viên Không Biên giới,8.435203552246094,6.561202526092529,-1.8740010261535645,0.49502722249947745
0016-0001-0001,True,Saint-Laurent,sông Saint-Laurent (tiếng Anh: Saint Lawrence),5.639956951141357,9.348068237304688,3.70811128616333,0.8146634773582306
0016-0001-0002,True,"nằm ở phía tây-nam của Thành phố Québec - thủ phủ của tỉnh bang - khỏang 200 km, và độ 150 km về phía đông của Ottawa - thủ đô của Canada",đảo Montréal,8.810626983642578,7.534940242767334,-1.2756867408752441,0.5351761576312504
0016-0001-0003,True,Montréal,Laval,7.545231342315674,10.04404354095459,2.498812198638916,0.7605209223833924
0016-0001-0004,True,500 km²,Tổng cộng diện tích của đảo Montréal và các đảo nhỏ hơn xung quanh Montréal khỏang 500 km²,7.295682907104492,9.121986389160156,1.826303482055664,0.726068162170554
0016-0002-0001,False,,Ville-Marie,6.312081336975098,10.541433334350586,4.229351997375488,0.8348934996450946
0016-0002-0002,True,"Algonquin, Huron và Iroquois","thổ dân Algonquin, Huron và Iroquois",8.73803424835205,8.161321640014648,-0.5767126083374023,0.5814733188787209
0016-0002-0003,False,,"thổ dân Algonquin, Huron và Iroquois",8.649706840515137,8.510061264038086,-0.13964557647705078,0.6097614929528486
0016-0002-0004,False,,Ville-Marie,8.780433654785156,5.606691360473633,-3.1737422943115234,0.4087180764080673
0016-0002-0005,True,1535,1535,8.45065689086914,7.477341651916504,-0.9733152389526367,0.5553265444276972
0016-0002-0006,True,"Anh, Ireland, Scotland và những nơi khác ở Âu Châu",Ville-Marie,8.787860870361328,7.057245254516602,-1.7306156158447266,0.5046625634473332
0016-0002-0007,True,Từ thập niên 1860 đến thập niên 1930,Ville-Marie,8.75451946258545,6.45158576965332,-2.302933692932129,0.46625374428166044
0016-0002-0008,True,aul de Chomedey de Maisonneuve và Jeanne Mance,Ville-Marie,6.113884449005127,10.504161834716797,4.39027738571167,0.8407703190768958
0016-0003-0001,False,,Giáo hội Công giáo La Mã,6.697971343994141,9.287368774414062,2.589397430419922,0.7649275274565045
0016-0003-0002,True,"Dưới ảnh hưởng của hai nền văn hóa Anh và văn hóa Pháp, cộng thêm vào đó là dân cư nói nhiều thứ tiếng",Montréal có một hệ thống xe điện ngầm (Métro) nối liền với các hệ thống xe lửa và xe búyt,8.828351974487305,3.836691379547119,-4.9916605949401855,0.2977718258075729
0016-0003-0003,True,"hương mại, kỹ nghệ, đầu tư, chính trị, du lịch và nhất là về các họat động văn hóa",họat động văn hóa,8.835577011108398,3.8272247314453125,-5.008352279663086,0.2968344731499249
0016-0003-0004,True,"Dưới ảnh hưởng của hai nền văn hóa Anh và văn hóa Pháp, cộng thêm vào đó là dân cư nói nhiều thứ tiếng","Dưới ảnh hưởng của hai nền văn hóa Anh và văn hóa Pháp, cộng thêm vào đó là dân cư nói nhiều thứ tiếng",7.367040157318115,10.757923126220703,3.390882968902588,0.8014417344915826
0016-0003-0005,False,,họat động văn hóa,8.879998207092285,3.739513635635376,-5.140484571456909,0.28947496915571785
0016-0003-0006,True,Giáo hội Công giáo La Mã,Giáo hội Công giáo La Mã,6.850061416625977,9.38359260559082,2.5335311889648438,0.7622165233182158
0016-0003-0007,False,,"Dưới ảnh hưởng của hai nền văn hóa Anh và văn hóa Pháp, cộng thêm vào đó là dân cư nói nhiều thứ tiếng",7.49920129776001,10.713234901428223,3.214033603668213,0.793768393991486
0016-0004-0001,True,tổ chức một đám rước cho vị thánh này,"Montréal tổ chức một đám rước cho vị thánh này, to thứ nhì trên thế giới (sau New York)",8.696685791015625,8.03482437133789,-0.6618614196777344,0.5758930033390595
0016-0004-0002,True,"phóng khóang, ít bảo thủ",Ireland,8.79897689819336,5.106095314025879,-3.6928815841674805,0.375471595325572
0016-0004-0003,True,1967,Thế vận hội mùa hè 1976,8.542160034179688,7.393712520599365,-1.1484475135803223,0.5436733862099831
0016-0004-0004,False,,"Montréal tổ chức một đám rước cho vị thánh này, to thứ nhì trên thế giới (sau New York)",8.643304824829102,7.635829925537109,-1.0074748992919922,0.5530579523374547
0016-0004-0005,True,New York,Ireland,8.541574478149414,7.782843112945557,-0.7587313652038574,0.5695209940737851
0016-0005-0001,True,Liên hoan phim Cannes,Liên hoan phim thế giới Montréal,8.381092071533203,8.85301685333252,0.4719247817993164,0.6481009864033944
0016-0005-0002,True,Liên hoan phim Cannes,Liên hoan phim thế giới Montréal,8.68685531616211,8.982731819152832,0.29587650299072266,0.6372342039033301
0016-0005-0003,False,,Liên hoan phim thế giới Montréal,8.400812149047852,9.116052627563477,0.715240478515625,0.6628691551028403
0016-0005-0004,True,tiếng Pháp,Francopholie,6.9832916259765625,10.732653617858887,3.749361991882324,0.8163318349559576
0016-0005-0005,False,,Francopholie,7.729409217834473,10.541168212890625,2.8117589950561523,0.775504634200792
0016-0005-0006,True,Montréal có 3 liên hoan phim diễn ra hàng năm,Liên hoan phim thế giới Montréal,8.800600051879883,6.876482963562012,-1.924117088317871,0.49165998363745567
0016-0006-0001,True,thứ nhì,25.605 cư dân gốc Việt đông thứ nhì sau cộng đồng người Việt tại Toronto,5.134735107421875,9.283498764038086,4.148763656616211,0.8318857057018723
0016-0006-0002,True,từ 1975 đến 1985,từ 1975 đến 1985,8.332559585571289,8.67243766784668,0.3398780822753906,0.6399639349019202
0016-0006-0003,False,,25.605 cư dân gốc Việt,5.819019317626953,9.556716918945312,3.7376976013183594,0.8158612599271492
0016-0006-0004,True,100 người,cộng đồng người Việt ở Montréal chỉ độ 100 người,8.336299896240234,8.486175537109375,0.14987564086914062,0.6281139747402276
0016-0006-0005,False,,từ 1975 đến 1985,8.594305038452148,7.160955429077148,-1.433349609375,0.5246193404290119
0016-0006-0006,True,Montréal,người Việt ở Montreal,8.33598518371582,5.991402626037598,-2.3445825576782227,0.46346873043858483
0016-0007-0001,True,Bắc Mỹ,dâu tây lớn nhất nhất cho thị trường Bắc Mỹ,8.523237228393555,6.761693000793457,-1.7615442276000977,0.5025842425756903
0016-0007-0002,False,,"phô mai tươi, thịt hun khói, xi-rô, rượu vang, rượu táo và một lượng lớn quà tặng",8.524553298950195,6.4591755867004395,-2.065377712249756,0.4821739162397924
0016-0007-0003,True,Le Marche des Saveurs du Quebec,chợ Le Marche des Saveurs du Quebec,8.616109848022461,6.616538047790527,-1.9995718002319336,0.4865917948914754
0016-0007-0004,True,dâu tây Quebec,đặc sản dâu tây Quebec,7.75980806350708,7.408647060394287,-0.35116100311279297,0.5961511579689789
0016-0007-0005,True,"phô mai tươi, thịt hun khói, xi-rô, rượu vang, rượu táo và một lượng lớn quà tặng","phô mai tươi, thịt hun khói, xi-rô, rượu vang, rượu táo và một lượng lớn quà tặng",8.485433578491211,7.062080383300781,-1.4233531951904297,0.5252894358563884
0016-0007-0006,False,,đặc sản dâu tây Quebec,8.552708625793457,6.287660121917725,-2.2650485038757324,0.4687889181579627
0017-0001-0001,True,Tổng thống Hoa Kỳ thứ 32,Franklin Delano Roosevelt,8.676322937011719,5.59739875793457,-3.0789241790771484,0.4148916038422266
0017-0001-0002,True,Herbert Hoover,Herbert Hoover,6.718857765197754,9.244962692260742,2.5261049270629883,0.7618545361864972
0017-0001-0003,False,,Franklin Delano Roosevelt,8.678812026977539,5.865265846252441,-2.8135461807250977,0.432306904203533
0017-0001-0004,True,"Là tổng thống Hoa Kỳ duy nhất được bầu hơn hai nhiệm kỳ, ông tạo ra một liên minh bền vững giúp tái tổ chức nền chính trị Hoa Kỳ trong nhiều thập niên",Franklin Delano Roosevelt,8.687442779541016,6.098407745361328,-2.5890350341796875,0.4471739540680616
0017-0001-0005,True,làm cho tinh thần quốc gia sống dậy,Franklin Delano Roosevelt,8.711894989013672,5.725379467010498,-2.986515522003174,0.42093409409747906
0017-0001-0006,False,,Franklin Delano Roosevelt,8.725591659545898,5.880534648895264,-2.8450570106506348,0.43022936281373164
0017-0001-0007,True,Herbert Hoover,Franklin Delano Roosevelt,8.472095489501953,7.432943820953369,-1.039151668548584,0.5509522743427858
0017-0001-0008,True,khuôn mặt trung tâm,Tổng thống Hoa Kỳ thứ 32,8.60237979888916,6.251678466796875,-2.350701332092285,0.4630597624422336
0017-0001-0009,False,,Franklin Delano Roosevelt,8.650007247924805,5.663897514343262,-2.986109733581543,0.4209606818172065
0017-0002-0001,True,ngày 4 tháng 3 năm 1933,ngày 4 tháng 3 năm 1933,8.873619079589844,5.949736595153809,-2.923882484436035,0.4250432195107462
0017-0002-0002,True,chương trình kinh tế Kinh tế Mới,chương trình kinh tế Kinh tế Mới,8.073659896850586,9.555281639099121,1.4816217422485352,0.7072598510051656
0017-0002-0003,True,"Phần lớn các quy định kiểm sóat thương nghiệp chấm dứt vào khỏang thời gian từ năm 1975–85, trừ quy định kiểm sóat đối với Phố Wall do Ủy ban Giao dịch và Chứng khóan Hoa Kỳ đảm trách vẫn còn tồn tại đến ngày nay",quy định kiểm sóat đối với Phố Wall,8.767303466796875,7.32351016998291,-1.4437932968139648,0.523919168008212
0017-0002-0004,False,,chương trình kinh tế Kinh tế Mới,8.914430618286133,4.65147590637207,-4.2629547119140625,0.3402788358731643
0017-0002-0005,False,,"Roosevelt đã khởi động rất nhiều chương trình lớn khác nhau. Trong nhiệm kỳ đầu tiên (1933–37), FDR đã hướng dẫn Quốc hội Hoa Kỳ thông qua chương trình kinh tế Kinh tế Mới",8.893838882446289,5.533209800720215,-3.360629081726074,0.3966356327543185
0017-0002-0006,True,"Liên minh bảo thủ lưỡng đảng hình thành vào năm 1937 đã ngăn cản ông ""đưa người"" vào Tối cao Pháp viện Hoa Kỳ hoặc thông qua quá nhiều luật mới; liên minh này cũng đã hủy bỏ phần lớn các chương trình trợ cấp khi tình trạng thất nghiệp thực tế chấm dứt trong suốt Chiến tranh thế giới thứ hai","Roosevelt đã khởi động rất nhiều chương trình lớn khác nhau. Trong nhiệm kỳ đầu tiên (1933–37), FDR đã hướng dẫn Quốc hội Hoa Kỳ thông qua chương trình kinh tế Kinh tế Mới",8.924915313720703,4.970146179199219,-3.9547691345214844,0.35911430337702144
0017-0002-0007,True,FDR đã hướng dẫn Quốc hội Hoa Kỳ thông qua chương trình kinh tế Kinh tế Mới,"Roosevelt đã khởi động rất nhiều chương trình lớn khác nhau. Trong nhiệm kỳ đầu tiên (1933–37), FDR đã hướng dẫn Quốc hội Hoa Kỳ thông qua chương trình kinh tế Kinh tế Mới",8.84847640991211,6.56141471862793,-2.2870616912841797,0.46731565094219685
0017-0002-0008,True,"giải cứu khủng hỏang (đặc biệt là tạo ra các việc làm của chính phủ dành cho người thất nghiệp) và cải cách kinh tế (theo ông có nghĩa là lập ra quy định kiểm sóat đối với Phố Wall, ngân hàng và giao thông)","giải cứu khủng hỏang (đặc biệt là tạo ra các việc làm của chính phủ dành cho người thất nghiệp) và cải cách kinh tế (theo ông có nghĩa là lập ra quy định kiểm sóat đối với Phố Wall, ngân hàng và giao thông)",8.340563774108887,9.714531898498535,1.3739681243896484,0.7012327618993447
0017-0003-0001,True,Roosevelt cung cấp viện trợ cho các quốc gia chiến đấu chống Đức Quốc xã bên cạnh Anh Quốc,Roosevelt cung cấp viện trợ cho các quốc gia chiến đấu chống Đức Quốc xã bên cạnh Anh Quốc,7.877903938293457,9.722103118896484,1.8441991806030273,0.7270238835210746
0017-0003-0002,True,Roosevelt,Roosevelt,8.662817001342773,6.124746799468994,-2.5380702018737793,0.45056301053692815
0017-0003-0003,True,FDR đã giang tay hỗ trợ tài chính và ngọai giao mạnh mẽ cho Trung Hoa và Anh Quốc trong lúc vẫn duy trì chính thức tình trạng trung lập,FDR đã giang tay hỗ trợ tài chính và ngọai giao mạnh mẽ cho Trung Hoa và Anh Quốc trong lúc vẫn duy trì chính thức tình trạng trung lập,8.653535842895508,7.837270736694336,-0.8162651062011719,0.565725411463311
0017-0003-0004,True,"phải tạo cho nước Mỹ thành ""kho vũ khí dân chủ"" — cung cấp đạn dược vũ khí trong khi các quốc gia khác thực hiện việc chiến đấu","phải tạo cho nước Mỹ thành ""kho vũ khí dân chủ"" — cung cấp đạn dược vũ khí trong khi các quốc gia khác thực hiện việc chiến đấu",8.411033630371094,8.981613159179688,0.5705795288085938,0.6541250095632365
0017-0003-0005,True,trông coi việc tổng động viên tòan lực nền kinh tế Hoa Kỳ để hỗ trợ cho những nỗ lực chiến tranh của đồng minh,Roosevelt cung cấp viện trợ cho các quốc gia chiến đấu chống Đức Quốc xã bên cạnh Anh Quốc,8.61058521270752,5.212635040283203,-3.3979501724243164,0.3942373103718234
0017-0003-0006,False,,"phải tạo cho nước Mỹ thành ""kho vũ khí dân chủ"" — cung cấp đạn dược vũ khí trong khi các quốc gia khác thực hiện việc chiến đấu",8.47531509399414,8.203805923461914,-0.27150917053222656,0.601295109864963
0017-0003-0007,False,,FDR đã giang tay hỗ trợ tài chính và ngọai giao mạnh mẽ cho Trung Hoa và Anh Quốc trong lúc vẫn duy trì chính thức tình trạng trung lập,8.667288780212402,7.493574619293213,-1.1737141609191895,0.541987903671595
0017-0003-0008,True,cho phép tuyên chiến với Nhật Bản sau khi Nhật Bản tấn công Trân Châu Cảng vào ngày 7 tháng 12 năm 1941,Roosevelt cung cấp viện trợ cho các quốc gia chiến đấu chống Đức Quốc xã bên cạnh Anh Quốc. Ông được Quốc hội Hoa Kỳ gần như nhất trí cho phép tuyên chiến với Nhật Bản,8.382601737976074,7.333699703216553,-1.0489020347595215,0.5503037582493474
0017-0003-0009,False,,Roosevelt cung cấp viện trợ cho các quốc gia chiến đấu chống Đức Quốc xã bên cạnh Anh Quốc,8.62966537475586,5.427043914794922,-3.2026214599609375,0.4068433889561329
0017-0003-0010,False,,Roosevelt cung cấp viện trợ cho các quốc gia chiến đấu chống Đức Quốc xã bên cạnh Anh Quốc. Ông được Quốc hội Hoa Kỳ gần như nhất trí cho phép tuyên chiến với Nhật Bản,8.42990493774414,7.164336681365967,-1.2655682563781738,0.5358526990724067
0017-0004-0001,True,"Roosevelt đã chi phối nền chính trị Mỹ, không chỉ trong suốt 12 năm làm tổng thống mà còn nhiều thập niên về sau",Roosevelt,8.670272827148438,3.2804863452911377,-5.3897864818573,0.27588848220790935
0017-0004-0002,False,,Ông là nhạc trưởng của việc tái phối trí cử tri mà sau đó hình thành nên Hệ thống đảng phái lần thứ 5,8.627670288085938,5.7109174728393555,-2.916752815246582,0.4255116396170829
0017-0004-0003,True,là một trong số các tổng thống vĩ đại của Hoa Kỳ,Roosevelt,8.595191955566406,4.858501434326172,-3.7366905212402344,0.37271428160813524
0017-0004-0004,True,Ông là nhạc trưởng của việc tái phối trí cử tri mà sau đó hình thành nên Hệ thống đảng phái lần thứ 5,Ông là nhạc trưởng của việc tái phối trí cử tri mà sau đó hình thành nên Hệ thống đảng phái lần thứ 5,8.61741828918457,5.687804222106934,-2.9296140670776367,0.4246667513855548
0017-0004-0005,True,Liên Hiệp Quốc và Hệ thống Bretton Woods,Liên Hiệp Quốc và Hệ thống Bretton Woods,8.315893173217773,9.042255401611328,0.7263622283935547,0.663536919540895
0017-0004-0006,True,"qui tụ được các công đòan lao động, những cỗ máy thành phố lớn (?), các sắc tộc da trắng, những người nhận trợ cấp xã hội, người Mỹ gốc châu Phi và những người nông dân da trắng ở miền Nam Hoa Kỳ","các công đòan lao động, những cỗ máy thành phố lớn (?), các sắc tộc da trắng, những người nhận trợ cấp xã hội, người Mỹ gốc châu Phi và những người nông dân da trắng",7.862868309020996,8.279522895812988,0.4166545867919922,0.6447052344689292
0017-0004-0007,False,,Roosevelt,8.585899353027344,5.322152137756348,-3.263747215270996,0.4028844165244289
0017-0004-0008,False,,Liên Hiệp Quốc và Hệ thống Bretton Woods,8.01135540008545,9.21609878540039,1.2047433853149414,0.6916163562816766
0017-0004-0009,False,,Ảnh hưởng ngọai giao của Roosevelt,8.72928237915039,3.1482667922973633,-5.581015586853027,0.2657386327194989
0017-0004-0010,True,"Roosevelt đã chi phối nền chính trị Mỹ, không chỉ trong suốt 12 năm làm tổng thống mà còn nhiều thập niên về sau",Roosevelt,8.484146118164062,7.027390480041504,-1.4567556381225586,0.523050007889175
0017-0004-0011,False,,"các công đòan lao động, những cỗ máy thành phố lớn (?), các sắc tộc da trắng, những người nhận trợ cấp xã hội, người Mỹ gốc châu Phi và những người nông dân da trắng",7.737447738647461,8.712904930114746,0.9754571914672852,0.678318228435798
0017-0005-0001,False,,Franklin,8.640233039855957,5.452850818634033,-3.187382221221924,0.4078323078188949
0017-0005-0002,True,Cả hai đều là hậu duệ của một người Hà Lan tên Claes Martensz van Rosenvelt (Roosevelt) đến vùng đất New Amsterdam (nay là Manhattan của thành phố New York) từ Hà Lan trong thập niên 1640,Anna Eleanor Roosevelt,8.66360855102539,6.734353542327881,-1.9292550086975098,0.49131481044723746
0017-0005-0003,False,,"Franklin tiếp nhận ảnh hưởng của hiệu trưởng Endicott Peabody, người đã dạy cho cậu hiểu rằng nghĩa vụ của người tín hữu Cơ Đốc là giúp đỡ người kém may mắn",8.293511390686035,9.072003364562988,0.7784919738769531,0.6666581262661796
0017-0005-0004,False,,Eleanor và Theodore,8.622465133666992,5.286779880523682,-3.3356852531433105,0.3982413518193834
0017-0005-0005,True,"dạy cho cậu hiểu rằng nghĩa vụ của người tín hữu Cơ Đốc là giúp đỡ người kém may mắn, ông cũng khuyến khích học sinh tham gia tích cực vào các họat động cộng đồng","Franklin tiếp nhận ảnh hưởng của hiệu trưởng Endicott Peabody, người đã dạy cho cậu hiểu rằng nghĩa vụ của người tín hữu Cơ Đốc là giúp đỡ người kém may mắn",8.3950834274292,8.606734275817871,0.21165084838867188,0.6319844583799175
0017-0005-0006,True,hiệu trưởng Endicott Peabody,Roosevelt,8.615534782409668,5.183261871337891,-3.4322729110717773,0.39203615281933535
0017-0005-0007,True,người anh em họ năm đời của Franklin là Theodore Roosevelt đắc cử tổng thống,"Roosevelt hòan tất chương trình cử nhân tại trường đại học Harvard (Harvard College là một trường thuộc viện Đại học Harvard). Đang lúc học ở Harvard, người anh em họ năm đời của Franklin là Theodore Roosevelt đắc cử tổng thống",8.649991989135742,5.592386722564697,-3.057605266571045,0.4162834213602248
0017-0005-0008,True,chính phong thái lãnh đạo cương quyết của Theodore và nhiệt tâm cải cách,Franklin,8.651226043701172,5.441769599914551,-3.209456443786621,0.40640009145855754
0017-0005-0009,True,Claes Martensz van Rosenvelt,Eleanor và Theodore,8.307609558105469,7.200568199157715,-1.107041358947754,0.5464333210744168
0017-0006-0001,True,"một chàng trai tuấn tú, tài hoa và giỏi giao tiếp",Hôn lễ tổ chức ngày 17 tháng 3 năm 1905 có sự hiện diện của Theodore Roosevelt,8.678169250488281,2.7489941120147705,-5.929175138473511,0.2478823614047441
0017-0006-0002,True,người thay mặt người cha đã quá cố của cô dâu,Hôn lễ tổ chức ngày 17 tháng 3 năm 1905 có sự hiện diện của Theodore Roosevelt như là người thay mặt người cha đã quá cố của cô dâu,8.284019470214844,6.930357933044434,-1.3536615371704102,0.5299584539961459
0017-0006-0003,True,sự chống đối quyết liệt của mẹ FDR,Hôn lễ tổ chức ngày 17 tháng 3 năm 1905 có sự hiện diện của Theodore Roosevelt như là người thay mặt người cha đã quá cố của cô dâu,8.371355056762695,5.565365314483643,-2.8059897422790527,0.4328054649701391
0017-0006-0004,True,Họ có sáu người con,Hôn lễ tổ chức ngày 17 tháng 3 năm 1905 có sự hiện diện của Theodore Roosevelt như là người thay mặt người cha đã quá cố của cô dâu,8.6510648727417,3.2085824012756348,-5.4424824714660645,0.2730677071280446
0017-0006-0005,True,"Eleanor kín đáo và không thích đời sống xã hội, lúc đầu cô chỉ muốn chăm sóc nhà cửa và nuôi dạy con cái","Roosevelt là một chàng trai tuấn tú, tài hoa và giỏi giao tiếp. Ngược lại, Eleanor kín đáo",8.547313690185547,4.322380065917969,-4.224933624267578,0.34257689509787237
0017-0006-0006,True,ngôi nhà,Hôn lễ tổ chức ngày 17 tháng 3 năm 1905 có sự hiện diện của Theodore Roosevelt như là người thay mặt người cha đã quá cố của cô dâu,8.604691505432129,3.938707113265991,-4.665984392166138,0.31639521511623103
0017-0007-0001,False,,"Năm người này có cả thảy 19 lần kết hôn, 15 lần ly dị và sinh 29 người con. Cả bốn người con trai",8.63258171081543,4.348150253295898,-4.284431457519531,0.33898405000101195
0017-0007-0002,True,"19 lần kết hôn, 15 lần ly dị và sinh 29 người con","Năm người này có cả thảy 19 lần kết hôn, 15 lần ly dị và sinh 29 người con. Cả bốn người con trai",8.597620010375977,3.8031301498413086,-4.794489860534668,0.30897180241519395
0017-0007-0003,True,"Cả bốn người con trai đều là sĩ quan quân đội tham gia Chiến tranh thế giới thứ hai, tất cả đều được tặng thưởng huân chương biểu dương sự dũng cảm của họ trên chiến trường","Cả bốn người con trai đều là sĩ quan quân đội tham gia Chiến tranh thế giới thứ hai, tất cả đều được tặng thưởng huân chương biểu dương sự dũng cảm của họ trên chiến trường. Hai người được bầu vào Hạ viện Hoa Kỳ",8.6776123046875,3.9323067665100098,-4.74530553817749,0.3118016874489147
0017-0007-0004,True,"cuộc sống xáo trộn, bị lu mờ vì sự nổi tiếng của ông bố và bà mẹ","Năm người này có cả thảy 19 lần kết hôn, 15 lần ly dị và sinh 29 người con. Cả bốn người con trai",8.625907897949219,4.09017276763916,-4.535735130310059,0.3240160403157804
0017-0007-0005,True,James,"Hai người được bầu vào Hạ viện Hoa Kỳ: FDR, Jr. phục vụ ba nhiệm kỳ, đại diện khu vực phía tây Thượng Manhattan. Còn James phục vụ 6 nhiệm kỳ, đại diện khu quốc hội số 26 của tiểu bang California",8.129976272583008,7.8175225257873535,-0.3124537467956543,0.5986536058743297
0017-0008-0001,False,,Roosevelt còn có những mối quan hệ lãng mạn bên ngòai hôn nhân,8.499173164367676,9.079891204833984,0.5807180404663086,0.654741330708214
0017-0008-0002,True,Tháng 9 năm 1918,Franklin,8.577168464660645,6.762775421142578,-1.8143930435180664,0.4990327745786529
0017-0008-0003,True,"Qua trung gian của Louis Howe, một cố vấn của Franklin, hai người hòa giải với nhau, nhưng trong thời gian còn lại của cuộc hôn nhân, Eleanor đến sống một mình trong một ngôi nhà ở Hyde Park tại Valkill",Franklin,8.771524429321289,4.09566068649292,-4.675863742828369,0.3158211157851898
0017-0008-0004,True,Lucy Mercer,"cô thư ký của Eleanor, Lucy Mercer",8.537456512451172,9.241059303283691,0.7036027908325195,0.6621697165477504
0017-0008-0005,True,những mối quan hệ lãng mạn bên ngòai hôn nhân,Roosevelt còn có những mối quan hệ lãng mạn bên ngòai hôn nhân,8.378931999206543,8.955016136169434,0.5760841369628906,0.6544596996202043
0017-0008-0006,True,Eleanor đến gặp chồng với những bức thư trên tay và yêu cầu ly dị,Franklin,8.853561401367188,4.1894097328186035,-4.664151668548584,0.3165017782172232
0017-0008-0007,True,Roosevelt còn có những mối quan hệ lãng mạn bên ngòai hôn nhân,Franklin,8.709615707397461,4.327078819274902,-4.382536888122559,0.3331002947037906
0017-0009-0001,True,Chiến thắng vang dội của đảng Dân chủ năm ấy đã đưa Roosevelt đến thủ phủ tiểu bang là Albany,Roosevelt nhậm chức ngày 1 tháng 1 năm 1911,8.56367301940918,7.738714218139648,-0.8249588012695312,0.5651511937081412
0017-0009-0002,True,nhóm chính trị thuộc đảng Dân chủ luôn đóng vai trò chính kiểm sóat chính trường thành phố New York,phản lọan,8.063901901245117,8.000627517700195,-0.06327438354492188,0.614635235497401
0017-0009-0003,True,chưa có một ứng viên đảng Dân chủ nào,Roosevelt tranh cử vào Thượng viện tiểu bang New York,8.723231315612793,6.265040874481201,-2.458190441131592,0.4558839746663671
0017-0009-0004,True,Roosevelt đạt được mục tiêu của mình: đó là chọc giận bộ máy chính trị Tammany Hall bằng cách ngăn chặn người mà nhóm này chọn lựa làm ứng cử viên là William F. Sheehan,Roosevelt đạt được mục tiêu của mình: đó là chọc giận bộ máy chính trị Tammany Hall bằng cách ngăn chặn người mà nhóm này chọn lựa làm ứng cử viên là William F. Sheehan,8.506101608276367,8.07435417175293,-0.4317474365234375,0.5909252561054581
0017-0009-0005,True,sự tranh giành của hai phe phái trong 74 ngày,sự tranh giành của hai phe phái trong 74 ngày,8.52548885345459,8.502690315246582,-0.022798538208007812,0.6172090389014592
0017-0010-0001,True,chính ông đã sọan bản hiến pháp mà Hoa Kỳ áp đặt cho Haiti năm 1915,"Roosevelt tuyên bố rằng, với tư cách Phụ tá Bộ trưởng Hải quân, chính ông đã sọan bản hiến pháp mà Hoa Kỳ áp đặt cho Haiti năm 1915",7.286466598510742,9.305594444274902,2.01912784576416,0.7362555311310844
0017-0010-0002,False,,James W. Gerard,8.79167366027832,6.099481105804443,-2.692192554473877,0.44032951276811905
0017-0010-0003,False,,James W. Gerard,7.701107025146484,10.493609428405762,2.7925024032592773,0.7746021790900371
0017-0010-0004,True,Roosevelt tích cực họat động nhằm mở rộng quân chủng Hải quân và thành lập lực lượng Hải quân Trù bị,Roosevelt tích cực họat động nhằm mở rộng quân chủng Hải quân và thành lập lực lượng Hải quân Trù bị,8.835289001464844,3.805561065673828,-5.029727935791016,0.29563657723745956
0017-0010-0005,True,Roosevelt,"Roosevelt tuyên bố rằng, với tư cách Phụ tá Bộ trưởng Hải quân",8.119271278381348,8.691176414489746,0.5719051361083984,0.6542056228341565
0017-0010-0006,True,Hải quân và Thủy quân Lục chiến can thiệp vào các quốc gia vùng Trung Mỹ và Caribbe,lực lượng Hải quân và Thủy quân Lục chiến,7.332977294921875,8.984779357910156,1.6518020629882812,0.7166405026883906
0017-0010-0007,False,,"Roosevelt tuyên bố rằng, với tư cách Phụ tá Bộ trưởng Hải quân, chính ông đã sọan bản hiến pháp mà Hoa Kỳ áp đặt cho Haiti năm 1915",7.344405174255371,9.302425384521484,1.9580202102661133,0.7330535271933669
0017-0010-0008,True,James W. Gerard,James W. Gerard,7.968724250793457,10.39289665222168,2.4241724014282227,0.7568477091802988
0017-0010-0009,True,một người được nhóm Tammany Hall ủng hộ,James W. Gerard,8.761510848999023,5.576046466827393,-3.185464382171631,0.4079568150905939
0017-0011-0001,True,cách đàm phán với giới lãnh đạo Quốc hội và các bộ ngành khác trong chính phủ để vận động thông qua ngân sách,tàu ngầm,8.691957473754883,4.475536346435547,-4.216421127319336,0.34309242264415946
0017-0011-0002,True,việc xây dựng hàng rào thủy lôi ở Biển Bắc từ Na Uy đến Scotland,phương sách sử dụng tàu ngầm,5.942312240600586,9.330098152160645,3.3877859115600586,0.8013092229387753
0017-0011-0003,False,,Roosevelt đến thăm hai nước Anh và Pháp,8.430177688598633,6.205445289611816,-2.2247323989868164,0.47148852981473466
0017-0011-0004,True,vì vụ tai tiếng tình dục ở Newport xảy ra giữa các thủy thủ Hải quân và dân đồng tình luyến ái địa phương được đăng tải trên Thời báo New York và Nhật báo Providence,vụ tai tiếng tình dục ở Newport xảy ra giữa các thủy thủ Hải quân và dân đồng tình luyến ái địa phương được đăng tải trên Thời báo New York và Nhật báo Providence,8.483785629272461,7.784366607666016,-0.6994190216064453,0.5734253742669546
0017-0011-0005,True,thị sát các căn cứ hải quân của Mỹ,Roosevelt đến thăm hai nước Anh và Pháp,8.220138549804688,7.077515602111816,-1.142622947692871,0.5440617898111312
0017-0011-0006,False,,vụ tai tiếng tình dục ở Newport xảy ra giữa các thủy thủ Hải quân và dân đồng tình luyến ái địa phương được đăng tải trên Thời báo New York và Nhật báo Providence,8.53545093536377,7.182244777679443,-1.3532061576843262,0.5299889459698806
0017-0011-0007,True,Winston Churchill,tàu ngầm,8.75809383392334,3.880422592163086,-4.877671241760254,0.30421837051875183
0017-0011-0008,False,,tàu ngầm,8.77267837524414,3.647087812423706,-5.125590562820435,0.29029911337403086
0017-0012-0001,True,James M. Cox,liên danh tranh cử của phe Cộng hòa,8.574471473693848,5.443170547485352,-3.131300926208496,0.41147796280828036
0017-0012-0002,False,,liên danh tranh cử của Cox-Roosevelt bị liên danh tranh cử của phe Cộng hòa,8.571213722229004,5.579659461975098,-2.9915542602539062,0.42060398847454494
0017-0012-0003,True,Phó Tổng thống Hoa Kỳ,Phó Tổng thống Hoa Kỳ,8.448827743530273,7.861838340759277,-0.5869894027709961,0.5808008941334291
0017-0012-0004,True,liên danh tranh cử của Cox-Roosevelt bị liên danh tranh cử của phe Cộng hòa là Warren G. Harding đánh bại thảm hại,liên danh tranh cử của phe Cộng hòa là Warren G. Harding,8.629730224609375,4.630849838256836,-3.998880386352539,0.3563899195740819
0017-0012-0005,False,,Phó Tổng thống Hoa Kỳ,8.485408782958984,7.803174018859863,-0.6822347640991211,0.5745548847062313
0017-0012-0006,False,,Roosevelt,8.717374801635742,2.4624788761138916,-6.254895925521851,0.23192141152717807
0017-0012-0007,True,trở về hành nghề pháp lý tại New York và gia nhập Câu lạc bộ Civitan New York vừa mới được thành lập,liên danh tranh cử của phe Cộng hòa là Warren G. Harding,8.555023193359375,6.218182563781738,-2.3368406295776367,0.46398625750524247
0017-0013-0001,True,"Roosevelt bị nhiễm bệnh mà theo các bác sĩ của ông tin là bệnh bại liệt, dẫn đến tình trạng bị bại liệt hòan tòan và vĩnh viễn từ thắt lưng trở xuống",Roosevelt bị nhiễm bệnh mà theo các bác sĩ của ông tin là bệnh bại liệt,8.508760452270508,6.9256911277771,-1.5830693244934082,0.5145738246179266
0017-0013-0002,False,,Qũy Quốc gia cho Trẻ em bại liệt,8.567168235778809,6.717648506164551,-1.8495197296142578,0.496672274781841
0017-0013-0003,True,hình ông được khắc trên đồng tiền kim lọai 10 xu,"Roosevelt giúp thành lập Qũy Quốc gia cho Trẻ em bại liệt, ngày nay được gọi là ""March of Dimes"" (tạm dịch: cuộc đi bộ của tiền kim lọai 10 xu)",8.531868934631348,7.782846450805664,-0.7490224838256836,0.5701607104532219
0017-0013-0004,True,Roosevelt giúp thành lập Qũy Quốc gia cho Trẻ em bại liệt,Qũy Quốc gia cho Trẻ em bại liệt,8.534123420715332,8.112812042236328,-0.4213113784790039,0.5916032039071171
0017-0013-0005,True,Trong năm 1926,Qũy Quốc gia cho Trẻ em bại liệt,7.84135627746582,9.120363235473633,1.2790069580078125,0.6958576231947837
0017-0013-0006,True,"cố thử nhiều cách trị liệu vật lý, kể cả thủy liệu pháp (hydrotherapy)",Qũy Quốc gia cho Trẻ em bại liệt,8.589212417602539,6.518450736999512,-2.0707616806030273,0.48181257756165774
0017-0013-0007,False,,"Roosevelt giúp thành lập Qũy Quốc gia cho Trẻ em bại liệt, ngày nay được gọi là ""March of Dimes"" (tạm dịch: cuộc đi bộ của tiền kim lọai 10 xu)",8.520854949951172,7.970223426818848,-0.5506315231323242,0.5831784760932052
0017-0014-0001,False,,Roosevelt tự mình tập bước đi trong những khỏang cách ngắn với sự trợ giúp của một cây gậy,8.44057846069336,5.595769882202148,-2.844808578491211,0.43024573269563726
0017-0014-0002,True,Chiếc xe hơi của ông có bộ điều khiển tay được thiết kế đặc biệt,Chiếc xe hơi của ông có bộ điều khiển tay được thiết kế đặc biệt giúp ông dễ dàng lái xe,8.43906021118164,5.486364364624023,-2.952695846557617,0.4231515572475739
0017-0014-0003,True,"Với những thanh sắt kẹp vào hông và chân, Roosevelt tự mình tập bước đi trong những khỏang cách ngắn với sự trợ giúp của một cây gậy",Roosevelt tự mình tập bước đi trong những khỏang cách ngắn với sự trợ giúp của một cây gậy,8.416311264038086,5.892558574676514,-2.5237526893615723,0.4515159354894589
0017-0014-0004,True,Roosevelt thường xuất hiện trước công chúng trong tư thế đứng thẳng người với một phụ tá hoặc một trong các con trai của ông đứng kế bên,"Roosevelt tự mình tập bước đi trong những khỏang cách ngắn với sự trợ giúp của một cây gậy. Trong chỗ riêng tư ông sử dụng một chiếc xe lăn, nhưng không bao giờ để công chúng thấy hình ảnh ông ngồi trên xe lăn",8.38913345336914,5.235513687133789,-3.1536197662353516,0.4100259025413538
0017-0014-0005,False,,Roosevelt tự mình tập bước đi trong những khỏang cách ngắn với sự trợ giúp của một cây gậy,8.582324981689453,4.095105171203613,-4.48721981048584,0.3268789595098141
0017-0015-0001,True,Smith thất cử tổng thống một cách thảm bại,Smith đáp lại bằng cách yêu cầu Roosevelt ra tranh cử chức thống đốc tiểu bang New York năm 1928,8.051694869995117,6.238860130310059,-1.8128347396850586,0.4991374937722028
0017-0015-0002,True,Smith đáp lại bằng cách yêu cầu Roosevelt ra tranh cử chức thống đốc tiểu bang New York năm 1928,Smith đáp lại bằng cách yêu cầu Roosevelt ra tranh cử chức thống đốc tiểu bang New York năm 1928,8.237268447875977,4.9642415046691895,-3.273026943206787,0.40228448139042455
0017-0015-0003,True,"giúp Alfred E. Smith đắc cử thống đốc tiểu bang New York năm 1922, và thậm chí ông còn là một người ủng hộ tích cực cho Smith chống lại người cháu họ của mình là đảng viên Cộng hòa Theodore Roosevelt, Jr. năm 1924","Roosevelt duy trì liên lạc và hàn gắn rào cản cách biệt với Đảng Dân chủ trong suốt thập niên 1920, đặc biệt là tại New York",8.347511291503906,5.195258140563965,-3.1522531509399414,0.4101147695295411
0017-0015-0004,True,"Roosevelt duy trì liên lạc và hàn gắn rào cản cách biệt với Đảng Dân chủ trong suốt thập niên 1920, đặc biệt là tại New York",Alfred E. Smith,8.541210174560547,2.6708154678344727,-5.870394706726074,0.250839857569413
0017-0015-0005,False,,Roosevelt đã đọc diễn văn đề cử Smith trong các đại hội tòan quốc của Đảng Dân chủ,8.486294746398926,4.66166877746582,-3.8246259689331055,0.3672047313457347
0017-0015-0006,False,,Smith,8.417851448059082,3.1458590030670166,-5.271992444992065,0.2822586987235094
0017-0015-0007,True,Roosevelt đã đọc diễn văn đề cử Smith,Roosevelt đã đọc diễn văn đề cử Smith,7.9317946434021,8.817587852478027,0.8857932090759277,0.6730366589969959
0017-0016-0001,True,Nhờ hậu thuẫn của tiểu bang đông dân nhất,Nhờ hậu thuẫn của tiểu bang đông dân nhất,7.118172645568848,10.466796875,3.3486242294311523,0.7996279026363966
0017-0016-0002,False,,"trùm báo chí William Randolph Hearst, lãnh tụ cộng đồng Ái Nhĩ Lan Joseph P. Kennedy và nhà lãnh đạo tiểu bang California William G. McAdoo",8.334782600402832,9.35717487335205,1.0223922729492188,0.6810649296582314
0017-0016-0003,True,"có những dấu hiệu cho thấy tổng thống đương nhiệm, Herbert Hoover, sẽ thất bại trong kỳ bầu cử tổng thống năm 1932",Roosevelt,8.584213256835938,5.574758052825928,-3.0094552040100098,0.4194318101437905
0017-0016-0004,False,,Roosevelt trở thành ứng viên sáng giá trong cuộc chạy đua tranh sự đề cử của Đảng Dân chủ,8.523272514343262,6.191454887390137,-2.331817626953125,0.4643220732828034
0017-0016-0005,False,,FDR,8.265788078308105,9.123205184936523,0.857417106628418,0.6713559303624184
0017-0016-0006,True,vị lãnh đạo này được đề cử vào chức vụ phó tổng thống trong liên danh tranh cử của Roosevelt,FDR,8.284646987915039,8.923521995544434,0.6388750076293945,0.6582666102829003
0017-0016-0007,True,Al Smith được một số đại gia thành phố hậu thuẫn nhưng mất quyền kiểm sóat đảng Dân chủ tại tiểu bang New York vào tay Roosevelt,Al Smith được một số đại gia thành phố hậu thuẫn nhưng mất quyền kiểm sóat đảng Dân chủ tại tiểu bang New York,8.57681655883789,4.854940891265869,-3.7218756675720215,0.3736458055423066
0017-0016-0008,True,"trùm báo chí William Randolph Hearst, lãnh tụ cộng đồng Ái Nhĩ Lan Joseph P. Kennedy và nhà lãnh đạo tiểu bang California William G","trùm báo chí William Randolph Hearst, lãnh tụ cộng đồng Ái Nhĩ Lan Joseph P. Kennedy và nhà lãnh đạo tiểu bang California William G. McAdoo",8.19848918914795,9.752023696899414,1.5535345077514648,0.7112459944399452
0017-0017-0001,True,tổng động viên một phạm vi rộng lớn các tầng lớp xã hội,"tổng động viên một phạm vi rộng lớn các tầng lớp xã hội bao gồm người nghèo cũng như các công đòan lao động, sắc dân thiểu số, người thành thị, và người da trắng miền Nam Hoa Kỳ",8.814839363098145,5.953300476074219,-2.861538887023926,0.4291436688426003
0017-0017-0002,True,"""Tôi xin cam kết với các bạn, Tôi xin cam kết với bản thân mình một đối sách mới ( a new deal) cho nhân dân Mỹ""","""Tôi xin cam kết với các bạn, Tôi xin cam kết với bản thân mình một đối sách mới ( a new deal) cho nhân dân Mỹ""",8.577293395996094,7.839241981506348,-0.7380514144897461,0.5708833101729739
0017-0017-0003,True,Cuộc vận động tranh cử được tiến hành dưới cái bóng của Đại khủng hỏang,Cuộc vận động tranh cử được tiến hành dưới cái bóng của Đại khủng hỏang,8.879355430603027,6.357362747192383,-2.5219926834106445,0.4516331001891761
0017-0017-0004,True,đã tạo ra một khẩu hiệu mà sau đó được dùng làm tên cho chương trình hành động của chính phủ ông cũng như liên minh mới của ông,"""Tôi xin cam kết với các bạn, Tôi xin cam kết với bản thân mình một đối sách mới ( a new deal) cho nhân dân Mỹ""",8.873573303222656,4.197039604187012,-4.6765336990356445,0.31578220424363035
0017-0018-0001,True,"Hoover chê trách chủ nghĩa bi quan đó như là một sự phủ nhận ""triển vọng của cuộc sống Mỹ... đó là chỉ dẫn đầy tuyệt vọng.""","bộ máy công nghiệp của chúng ta được xây dựng; vấn đề hiện nay là có phải chăng dưới những điều kiện hiện tại nó được xây quá mức hay không. Giới hạn cuối cùng của chúng ta đã đến đích từ lâu rồi.""",8.703058242797852,7.216019153594971,-1.4870390892028809,0.521018885380575
0017-0018-0002,False,,"""cắt giảm mạnh và ngay tức khắc tất cả chi tiêu công cộng"", ""bãi bỏ các cơ quan và các ủy ban vô dụng, kết hợp lại các cơ quan văn phòng và lọai trừ lãng phí quan liêu.""",8.077911376953125,9.17984390258789,1.1019325256347656,0.6856910703819511
0017-0018-0003,True,mang lại thêm tiền thu nhập mới qua đánh thuế,Vấn đề cấm rượu cồn củng cố thêm số phiếu mới cho Roosevelt vì ông cho rằng việc bãi bỏ cấm rượu cồn sẽ mang lại thêm tiền thu nhập mới qua đánh thuế,8.677692413330078,5.693350791931152,-2.984341621398926,0.4210765358907649
0017-0018-0004,True,Roosevelt tố cáo Hoover thất bại phục hồi thịnh vượng hoặc thậm chí thất bại trong việc kìm hãm đà xuống dốc của nền kinh tế,Hoover thất bại phục hồi thịnh vượng hoặc thậm chí thất bại trong việc kìm hãm đà xuống dốc của nền kinh tế. Ông mỉa mai con số thâm thủng ngân sách khổng lồ của Hoover,8.514881134033203,6.612727165222168,-1.9021539688110352,0.4931355845164674
0017-0018-0005,True,"""Trong các giai đọan phát triển sau đó của cuộc vận động tranh cử, các bài diễn văn tranh cử đọc giống như có nhiều chỗ sai sót mà trong đó cả Roosevelt và Hoover thường đọc các hàng chữ của nhau.""",Roosevelt tố cáo Hoover thất bại phục hồi thịnh vượng hoặc thậm chí thất bại trong việc kìm hãm đà xuống dốc của nền kinh tế. Ông mỉa mai con số thâm thủng ngân sách khổng lồ của Hoover,8.73529052734375,5.909432411193848,-2.8258581161499023,0.4314948780267863
0017-0018-0006,True,"""cắt giảm mạnh và ngay tức khắc tất cả chi tiêu công cộng"", ""bãi bỏ các cơ quan và các ủy ban vô dụng, kết hợp lại các cơ quan văn phòng và lọai trừ lãng phí quan liêu.""","""cắt giảm mạnh và ngay tức khắc tất cả chi tiêu công cộng"", ""bãi bỏ các cơ quan và các ủy ban vô dụng, kết hợp lại các cơ quan văn phòng và lọai trừ lãng phí quan liêu.""",7.620420455932617,9.860689163208008,2.2402687072753906,0.7476353067314203
0017-0018-0007,False,,Vấn đề cấm rượu cồn,8.585171699523926,6.039178848266602,-2.545992851257324,0.45003586130633016
0017-0019-0001,True,điều đó có thể sẽ trói buộc ông,Roosevelt từ chối lời thỉnh cầu họp bàn với Hoover để thảo ra một chương trình phối hợp nhằm chấm dứt chiều hướng đi xuống của nền kinh tế và trấn an giới đầu tư,8.457990646362305,6.590819835662842,-1.867170810699463,0.4954861783308193
0017-0019-0002,True,Anton Cermak,hệ thống ngân hàng bắt đầu ngưng họat động hòan tòan trên tòan quốc khi nhiệm kỳ tổng thống của Hoover,8.75977897644043,3.218935489654541,-5.540843486785889,0.26785096036378364
0017-0019-0003,False,,Roosevelt từ chối lời thỉnh cầu họp bàn với Hoover để thảo ra một chương trình phối hợp nhằm chấm dứt chiều hướng đi xuống của nền kinh tế và trấn an giới đầu tư,8.484630584716797,6.54409122467041,-1.9405393600463867,0.4905567403393812
0017-0019-0004,True,"Tháng 2 năm 1933, Roosevelt thóat chết trong một vụ có thể là mưu sát bởi tay súng Giuseppe Zangara",hệ thống ngân hàng bắt đầu ngưng họat động hòan tòan trên tòan quốc khi nhiệm kỳ tổng thống của Hoover,8.732291221618652,3.237090826034546,-5.4952003955841064,0.2702638454033533
0017-0019-0005,False,,hệ thống ngân hàng bắt đầu ngưng họat động hòan tòan trên tòan quốc khi nhiệm kỳ tổng thống của Hoover,8.728096961975098,3.321345806121826,-5.4067511558532715,0.2749784101667457
0017-0019-0006,False,,hệ thống ngân hàng bắt đầu ngưng họat động hòan tòan trên tòan quốc khi nhiệm kỳ tổng thống của Hoover,8.754764556884766,3.5058887004852295,-5.248875856399536,0.28351925202981165
0017-0019-0007,False,,Roosevelt từ chối lời thỉnh cầu họp bàn với Hoover để thảo ra một chương trình phối hợp nhằm chấm dứt chiều hướng đi xuống của nền kinh tế và trấn an giới đầu tư,8.78538990020752,4.378028869628906,-4.407361030578613,0.33161961752405805
0017-0019-0008,True,Nền kinh tế lao xuống vực thẳm cho đến khi hệ thống ngân hàng bắt đầu ngưng họat động hòan tòan trên tòan quốc,hệ thống ngân hàng bắt đầu ngưng họat động hòan tòan trên tòan quốc khi nhiệm kỳ tổng thống của Hoover kết thúc,8.764029502868652,4.4819536209106445,-4.282075881958008,0.3391259453320488
0017-0019-0009,True,Roosevelt từ chối lời thỉnh cầu họp bàn với Hoover để thảo ra một chương trình phối hợp nhằm chấm dứt chiều hướng đi xuống của nền kinh tế và trấn an giới đầu tư,Roosevelt từ chối lời thỉnh cầu họp bàn với Hoover để thảo ra một chương trình phối hợp nhằm chấm dứt chiều hướng đi xuống của nền kinh tế và trấn an giới đầu tư,8.784433364868164,5.759428024291992,-3.025005340576172,0.41841430282691305
0017-0020-0001,True,Hai triệu người trở thành vô gia cư,các tổ chức tội phạm và giới sống ngòai pháp luật ngày càng gia tăng,8.769564628601074,3.803050994873047,-4.966513633728027,0.2991872134045161
0017-0020-0002,False,,các tổ chức tội phạm và giới sống ngòai pháp luật ngày càng gia tăng,8.830262184143066,3.890667200088501,-4.939594984054565,0.30070658333038724
0017-0020-0003,True,Một phần tư lực lượng lao động mất việc làm. Nông dân đang khốn đốn vì nông phẩm hạ giá 60%. Sản xuất công nghiệp chỉ còn hơn một nửa so với cùng kỳ năm 1929. Hai triệu người trở thành vô gia cư. Vì thiếu việc làm nên các tổ chức tội phạm và giới sống ngòai pháp luật ngày càng gia tăng,nước Mỹ đang ở thời điểm tồi tệ nhất của cuộc khủng hỏang lớn nhất trong lịch sử,8.80483627319336,4.337583541870117,-4.467252731323242,0.32806100162829654
0017-0020-0004,False,,Roosevelt,8.777095794677734,4.810022830963135,-3.9670729637145996,0.35835347541921747
0017-0020-0005,True,Hitler được bổ nhiệm làm Thủ tướng Đức,Roosevelt tuyên thệ nhậm chức vào ngày 4 tháng 3 năm 1933,8.775562286376953,4.445540904998779,-4.330021381378174,0.33624352270191055
0017-0020-0006,True,"Chiều ngày 4 tháng 3, tất cả ngân hàng tại 32 trên 48 tiểu bang cũng như Đặc khu Columbia đều đóng cửa",Roosevelt tuyên thệ nhậm chức vào ngày 4 tháng 3 năm 1933,8.810992240905762,3.5881872177124023,-5.222805023193359,0.28494497507503
0017-0020-0007,True,các tổ chức tội phạm và giới sống ngòai pháp luật ngày càng gia tăng,các tổ chức tội phạm và giới sống ngòai pháp luật,8.840538024902344,3.159397602081299,-5.681140422821045,0.26052035543469765
0017-0021-0001,True,là vấn đề cấp bách vì có đến hàng chục triệu người thất nghiệp,"cứu nguy, hồi phục và cải cách""",6.758090019226074,10.572317123413086,3.8142271041870117,0.8189316811367325
0017-0021-0002,True,30 lần nói chuyện buổi tối trên sóng phát thanh,Trong 30 lần nói chuyện buổi tối trên sóng phát thanh,8.20124626159668,6.314420700073242,-1.8868255615234375,0.4941655020278882
0017-0021-0003,True,"có nghĩa là sửa chữa dài hạn những gì sai trái, đặc biệt là với hệ thống ngân hàng và tài chính","cứu nguy, hồi phục và cải cách""",8.313163757324219,7.733524322509766,-0.5796394348144531,0.5812818433270057
0017-0021-0004,True,có nghĩa là thúc đẩy nền kinh tế quay trở về trạng thái bình thường,"cứu nguy, hồi phục và cải cách""",8.380315780639648,8.437934875488281,0.05761909484863281,0.6223031100320828
0017-0021-0005,False,,Roosevelt,8.282028198242188,5.931267738342285,-2.3507604598999023,0.46305581068630536
0017-0021-0006,False,,"cứu nguy, hồi phục và cải cách""",7.0854387283325195,10.503896713256836,3.4184579849243164,0.80261863572997
0017-0021-0007,True,"cứu nguy, hồi phục và cải cách","cứu nguy, hồi phục và cải cách""",8.316194534301758,8.450183868408203,0.1339893341064453,0.6271159441404097
0017-0022-0001,False,,khủng hỏang niềm tin,7.0248613357543945,10.899724960327148,3.874863624572754,0.8213360365619905
0017-0022-0002,True,thiết kế các chương trình hành động,"Tổng thống phải dựa vào những thượng nghị sĩ như George Norris, Robert F. Wagner và Hugo Black cũng như nhóm cố vấn chuyên môn được tuyển chọn từ giới trí thức khoa bảng",7.998576641082764,8.930556297302246,0.9319796562194824,0.6757628130204083
0017-0022-0003,True,do khủng hỏang niềm tin vì người dân cảm thấy e ngại khi quyết định chi tiêu hoặc đầu tư,khủng hỏang niềm tin,6.844107627868652,10.83027172088623,3.986164093017578,0.8256841723506209
0017-0022-0004,False,,"Tổng thống phải dựa vào những thượng nghị sĩ như George Norris, Robert F. Wagner và Hugo Black cũng như nhóm cố vấn chuyên môn được tuyển chọn từ giới trí thức khoa bảng",8.066401481628418,8.665369033813477,0.5989675521850586,0.6558494098537732
0017-0022-0005,True,"dựa vào những thượng nghị sĩ như George Norris, Robert F. Wagner và Hugo Black cũng như nhóm cố vấn chuyên môn được tuyển chọn từ giới trí thức khoa bảng","Tổng thống phải dựa vào những thượng nghị sĩ như George Norris, Robert F. Wagner và Hugo Black cũng như nhóm cố vấn chuyên môn được tuyển chọn từ giới trí thức khoa bảng",8.37228775024414,6.463481903076172,-1.9088058471679688,0.49268866163074476
0017-0022-0006,False,,"Tổng thống phải dựa vào những thượng nghị sĩ như George Norris, Robert F. Wagner và Hugo Black cũng như nhóm cố vấn chuyên môn được tuyển chọn từ giới trí thức khoa bảng",8.539142608642578,6.0416717529296875,-2.4974708557128906,0.4532660857241174
0017-0022-0007,True,"ông đệ trình Quốc hội con số kỷ lục các dự luật, và tất cả đều được thông qua",ông đệ trình Quốc hội con số kỷ lục các dự luật,8.105867385864258,6.688449859619141,-1.4174175262451172,0.5256872820574343
0017-0022-0008,True,cứu trợ khẩn cấp,cứu trợ khẩn cấp,8.694605827331543,4.793799877166748,-3.900805950164795,0.36245954320700474
0017-0023-0001,True,khi nước Mỹ đang trong tình trạng hốt hỏang vì sự sụp đổ của hệ thống ngân hàng,Lễ nhậm chức của Roosevelt vào ngày 4 tháng 3 năm 1933 diễn ra khi nước Mỹ đang trong tình trạng hốt hỏang vì sự sụp đổ của hệ thống ngân hàng,8.624028205871582,5.295166492462158,-3.328861713409424,0.39868098955312187
0017-0023-0002,True,ngày 4 tháng 3 năm 1933,Lễ nhậm chức của Roosevelt vào ngày 4 tháng 3 năm 1933,8.401494979858398,7.277540683746338,-1.1239542961120605,0.5453063211450072
0017-0023-0003,True,"Quốc hội Hoa Kỳ thông qua Đạo luật Ngân hàng Khẩn cấp (Emergency Banking Act) tuyên bố một ""ngày lễ ngân hàng"" và thông báo một chương trình cho phép các ngân hàng mở cửa lại",Lễ nhậm chức của Roosevelt,8.543290138244629,6.487217903137207,-2.056072235107422,0.4827984860937002
0017-0023-0004,False,,Lễ nhậm chức của Roosevelt vào ngày 4 tháng 3 năm 1933 diễn ra khi nước Mỹ đang trong tình trạng hốt hỏang vì sự sụp đổ của hệ thống ngân hàng,8.570732116699219,5.08976411819458,-3.4809679985046387,0.3889208151751748
0017-0023-0005,True,"""Điều duy nhất mà chúng ta nên sợ hãi là nỗi sợ của chính mình""","""Điều duy nhất mà chúng ta nên sợ hãi là nỗi sợ của chính mình""",8.348062515258789,8.559916496276855,0.2118539810180664,0.6319971578241494
0017-0023-0006,False,,"""Điều duy nhất mà chúng ta nên sợ hãi là nỗi sợ của chính mình""",8.364012718200684,8.459722518920898,0.09570980072021484,0.6247066574932247
0017-0024-0001,False,,Ông cắt khỏi danh sách hưu bổng khỏang 500.000 cựu chiến binh và quả phụ cũng như cắt giảm phúc lợi đối với những người còn lại,8.693058967590332,1.9986019134521484,-6.694457054138184,0.21154305728481593
0017-0024-0002,True,sức ép của các cựu chiến binh,Roosevelt vẫn giữ vững lập trường của mình nhưng vào năm 1936 vì sức ép của các cựu chiến binh,7.682344436645508,8.358589172363281,0.6762447357177734,0.6605226733347572
0017-0024-0003,True,"cắt giảm ngân sách liên bang, bao gồm việc cắt giảm 40% phúc lợi dành cho cựu chiến binh và cắt giảm tổng thể chi tiêu quân sự",Roosevelt cố gắng thực thi những điều ông đã hứa lúc tranh cử bằng cách cắt giảm ngân sách liên bang,8.236448287963867,5.490899562835693,-2.745548725128174,0.4367980755005329
0017-0024-0004,True,giảm chi tiêu,"Roosevelt vẫn giữ vững lập trường của mình nhưng vào năm 1936 vì sức ép của các cựu chiến binh, đạo luật tiền thưởng khồng lồ",8.768001556396484,1.8735096454620361,-6.894491910934448,0.2027136683310077
0017-0024-0005,True,thành công trong nỗ lực cắt giảm tiền lương chính phủ và ngân sách dành cho lục quân và hải quân,đạo luật tiền thưởng khồng lồ,8.656161308288574,2.200307846069336,-6.455853462219238,0.2224385730561532
0017-0024-0006,False,,Roosevelt vẫn giữ vững lập trường của mình nhưng vào năm 1936 vì sức ép của các cựu chiến binh,7.834161758422852,8.371928215026855,0.5377664566040039,0.6521267569990229
0017-0024-0007,True,Ông cắt khỏi danh sách hưu bổng khỏang 500.000 cựu chiến binh và quả phụ cũng như cắt giảm phúc lợi đối với những người còn lại,Roosevelt vẫn giữ vững lập trường của mình,8.17602825164795,6.523970127105713,-1.6520581245422363,0.5099405289988777
0017-0025-0001,False,,"Đạo luật An sinh Xã hội thiết lập nên hệ thống an sinh xã hội và hứa hẹn nền an ninh kinh tế cho người già, người nghèo và người bệnh. Thượng nghị sĩ Robert Wagner thảo ra Đạo luật Wagner",8.738139152526855,4.025501251220703,-4.712637901306152,0.31368907417630865
0017-0025-0002,True,gồm có việc thành lập ra Cơ quan Quản trị Tiến trình Xây dựng Công chánh (Works Progress Administration),"việc thành lập ra Cơ quan Quản trị Tiến trình Xây dựng Công chánh (Works Progress Administration), viết tắt là WPA.",8.709123611450195,7.004474639892578,-1.7046489715576172,0.506407331781152
0017-0025-0003,True,"hứa hẹn nền an ninh kinh tế cho người già, người nghèo và người bệnh","Đạo luật An sinh Xã hội thiết lập nên hệ thống an sinh xã hội và hứa hẹn nền an ninh kinh tế cho người già, người nghèo và người bệnh",8.012422561645508,9.074649810791016,1.0622272491455078,0.683386306322839
0017-0025-0004,True,Đạo luật Wagner,Đạo luật Wagner,6.974041938781738,7.417677879333496,0.4436359405517578,0.6463647903577217
0017-0025-0005,True,"quyền liên bang của công nhân được quyền thành lập công đòan, quyền thương thuyết tập thể và quyền tham gia đình công","Đạo luật An sinh Xã hội thiết lập nên hệ thống an sinh xã hội và hứa hẹn nền an ninh kinh tế cho người già, người nghèo và người bệnh. Thượng nghị sĩ Robert Wagner thảo ra Đạo luật Wagner mà sau đó chính thức trở thành Đạo luật Quan hệ Lao động Quốc gia",8.613121032714844,7.242498874664307,-1.370622158050537,0.5288226223021166
0017-0025-0006,True,thiết lập ban cứu nguy quốc gia để thuê mướn 2 triệu gia trưởng trên tòan quốc,WPA.,8.213891983032227,8.706289291381836,0.4923973083496094,0.6493550306642082
0017-0025-0007,False,,"việc thành lập ra Cơ quan Quản trị Tiến trình Xây dựng Công chánh (Works Progress Administration), viết tắt là WPA.",8.776205062866211,6.743137359619141,-2.0330677032470703,0.48434274280647943
0017-0026-0001,True,cộng đồng thương mại,cộng đồng thương mại,8.255815505981445,9.327205657958984,1.071390151977539,0.6839189886706164
0017-0026-0002,True,thành lập Liên đòan Tự do Mỹ,Liên đòan Tự do Mỹ,8.097770690917969,8.439315795898438,0.34154510498046875,0.640067175704989
0017-0026-0003,False,,Liên đòan Tự do Mỹ,8.233426094055176,7.969063758850098,-0.2643623352050781,0.6017555826511954
0017-0026-0004,False,,"các công đòan, được thêm năng lực nhờ vào Đạo luật Wagner",7.828324317932129,9.63029670715332,1.8019723892211914,0.7247654209072364
0017-0026-0005,True,nhờ vào Đạo luật Wagner,"các công đòan, được thêm năng lực nhờ vào Đạo luật Wagner",7.769003868103027,9.61882209777832,1.849818229675293,0.7273235393800099
0017-0026-0006,False,,Liên đòan Tự do Mỹ,8.614545822143555,7.1205596923828125,-1.4939861297607422,0.5205528442925331
0017-0026-0007,False,,các công đòan,7.990608215332031,10.311901092529297,2.3212928771972656,0.751722408766687
0017-0026-0008,True,các công đòan,các công đòan,8.503653526306152,9.67359733581543,1.1699438095092773,0.6896176816210629
0017-0026-0009,False,,cộng đồng thương mại,8.350845336914062,9.206323623657227,0.8554782867431641,0.6712409323145663
0017-0026-0010,True,Họ tấn công Roosevelt một cách điên cuồng và so sánh ông với Marx và Lênin,Liên đòan Tự do Mỹ,8.625200271606445,6.630558013916016,-1.9946422576904297,0.48692283259080615
0017-0027-0001,True,"Roosevelt đã quân bình ngân sách ""thường lệ""","nợ quốc gia tính theo phần trăm tổng sản lượng quốc gia tăng gấp đôi dưới thời Hoover từ 16% lên đến 33,6% tổng sản lượng quốc gia năm 1932",8.591922760009766,5.64519739151001,-2.946725368499756,0.42354334950081957
0017-0027-0002,False,,"nợ quốc gia tính theo phần trăm tổng sản lượng quốc gia tăng gấp đôi dưới thời Hoover từ 16% lên đến 33,6% tổng sản lượng quốc gia năm 1932",8.494140625,5.967679977416992,-2.526460647583008,0.45133567551402254
0017-0027-0003,True,"nợ quốc gia tính theo phần trăm tổng sản lượng quốc gia tăng gấp đôi dưới thời Hoover từ 16% lên đến 33,6% tổng sản lượng quốc gia năm 1932","nợ quốc gia tính theo phần trăm tổng sản lượng quốc gia tăng gấp đôi dưới thời Hoover từ 16% lên đến 33,6% tổng sản lượng quốc gia năm 1932",8.463127136230469,7.513106346130371,-0.9500207901000977,0.5568722466373353
0017-0027-0004,True,"tăng từ 8,0% tổng sản lượng quốc gia dưới thời Tổng thống Hoover năm 1932 lên 10,2% tổng sản lượng quốc gia năm 1936","ngân sách khẩn cấp được tài trợ bằng tiền nợ đang tăng lên đến 40,9% năm 1936",8.743927001953125,3.697284698486328,-5.046642303466797,0.2946906837579648
0017-0028-0001,False,,Tổng sản lượng quốc gia năm 1936,8.65375804901123,8.120719909667969,-0.5330381393432617,0.584327595040479
0017-0028-0002,True,Chi tiêu thâm thủng,Chi tiêu thâm thủng,8.650498390197754,8.253474235534668,-0.39702415466308594,0.5931795992018574
0017-0028-0003,True,Thất nghiệp giảm đáng kể,Thất nghiệp giảm đáng kể trong nhiệm kỳ đầu của Roosevelt,8.815729141235352,5.7978925704956055,-3.017836570739746,0.4188832982687384
0017-0028-0004,False,,Thất nghiệp giảm đáng kể trong nhiệm kỳ đầu của Roosevelt,8.83955192565918,5.599437713623047,-3.240114212036133,0.404413601215023
0017-0028-0005,True,những người thất nghiệp trước đây được tuyển mộ quân dịch,nạn thất nghiệp mà Roosevelt thừa hưởng biến mất hòan tòan. Thất nghiệp giảm đáng kể trong nhiệm kỳ đầu của Roosevelt,8.851807594299316,4.901290416717529,-3.950517177581787,0.3593773953678546
0017-0028-0006,True,Tổng sản lượng quốc gia năm 1936 là 34% cao hơn so với năm 1932 và 58% cao hơn trong năm 1940,Tổng sản lượng quốc gia năm 1936,8.65371322631836,8.249509811401367,-0.4042034149169922,0.5927138177498159
0017-0028-0007,True,"nền kinh tế phát triển 58% từ năm 1932 đến năm 1940 trong khỏang thời gian 8 năm hòa bình, và rồi phát triển 56% từ 1940 đến 1945 trong khỏang thời gian 5 năm chiến tranh",Tổng sản lượng quốc gia năm 1936,8.872930526733398,4.618290901184082,-4.254639625549316,0.34078077679639646
0017-0029-0001,False,,"18,31 triệu việc làm bị mất",7.590336322784424,9.390851020812988,1.8005146980285645,0.7246872509576829
0017-0029-0002,True,"5,3%","5,3%",3.916649341583252,9.969196319580078,6.052546977996826,0.8919480157709195
0017-0029-0003,False,,Nền kinh tế phát triển nhanh trong nhiệm kỳ của Roosevelt,8.613893508911133,7.487130165100098,-1.1267633438110352,0.5451190939217605
0017-0029-0004,False,,"5,3%",3.8743577003479004,9.961492538452148,6.087134838104248,0.8928408045787912
0017-0029-0005,True,"khỏang 18,31 triệu","tỉ lệ thất nghiệp trung bình trong thời New Deal là 17,2%. Suốt cả các nhiệm kỳ của ông, bao gồm những năm chiến tranh, tỉ lệ thất nghiệp trung bình là 13%",8.418007850646973,5.111218452453613,-3.3067893981933594,0.40010421540286245
0017-0029-0006,True,13%,"18,31 triệu việc làm bị mất",7.404549598693848,9.439958572387695,2.0354089736938477,0.7371044819174737
0017-0029-0007,True,Nền kinh tế phát triển nhanh,Nền kinh tế phát triển nhanh trong nhiệm kỳ của Roosevelt,8.558467864990234,6.665666103363037,-1.8928017616271973,0.4937639540598453
0017-0029-0008,False,,"18,31 triệu việc làm bị mất trong khi tỉ lệ gia tăng việc làm trung bình hàng năm dưới thời chính phủ của ông",8.597612380981445,4.151841163635254,-4.445771217346191,0.3293351356854815
0017-0029-0009,True,sự phát triển này được theo sau là tình trạng thất nghiệp liên tục ở mức độ cao,tình trạng thất nghiệp liên tục ở mức độ cao,8.515477180480957,7.429270267486572,-1.0862069129943848,0.5478209770593991
0017-0030-0001,True,nhằm gây qũy cho chương trình mới là An sinh Xã hội năm 1937,thuế sổ lương (payroll tax) cũng bắt đầu được đưa ra nhằm gây qũy cho chương trình mới là An sinh Xã hội năm 1937,8.479284286499023,6.827496528625488,-1.6517877578735352,0.5099586907094349
0017-0030-0002,True,dưới sức ép tài chính do Đại suy thóai gây ra,đa số các tiểu bang đều đưa ra thêm nhiều lọai thuế hay tăng thuế trong đó có thuế thu nhập cũng như thuế gián thu,7.934813022613525,10.21541690826416,2.2806038856506348,0.7496754903135915
0017-0030-0003,True,Quốc hội mở rộng thu thuế đối với hầu hết những ai đi làm đều phải trả thuế thu nhập liên bang,Quốc hội mở rộng thu thuế đối với hầu hết những ai đi làm đều phải trả thuế thu nhập liên bang,7.869921684265137,8.792045593261719,0.922123908996582,0.6751820696189251
0017-0030-0004,True,nhằm tăng tỉ lệ thuế cận biên lên đến 100% đối với những ai có tiền lương vượt trên 25.000 đô la (sau thuế),nhằm tăng tỉ lệ thuế cận biên lên đến 100% đối với những ai có tiền lương vượt trên 25.000 đô la (sau thuế),7.483705520629883,10.020809173583984,2.5371036529541016,0.7623905252667523
0017-0030-0005,True,tăng tỉ lệ thuế thu nhập thậm chí cao hơn đối với cá nhân (lên đến một tỉ lệ thuế cận biên là 91%) và đại công ty,"ông thúc ép tăng tỉ lệ thuế thu nhập thậm chí cao hơn đối với cá nhân (lên đến một tỉ lệ thuế cận biên là 91%) và đại công ty, giới hạn mức lương cao đối với các viên chức lãnh đạo các công ty",7.953273773193359,9.892974853515625,1.9397010803222656,0.7320888142059093
0017-0030-0006,False,,Quốc hội mở rộng thu thuế đối với hầu hết những ai đi làm đều phải trả thuế thu nhập liên bang,8.493657112121582,5.730107307434082,-2.7635498046875,0.43560807990916395
0017-0031-0001,True,thực hiện chính sách kinh tế riêng của Hoa Kỳ,Thông điệp gây xôn xao của Roosevelt gởi đến hội nghị tiền tệ thế giới năm 1933,7.55869197845459,9.398056030273438,1.8393640518188477,0.7267658684501703
0017-0031-0002,True,Việc không ký vào hiệp ước tham gia Hội Quốc Liên năm 1919,Việc không ký vào hiệp ước tham gia Hội Quốc Liên năm 1919,8.372509956359863,9.022928237915039,0.6504182815551758,0.658964264573898
0017-0031-0003,False,,Thông điệp gây xôn xao của Roosevelt gởi đến hội nghị tiền tệ thế giới năm 1933 thực sự kết thúc tất cả những nỗ lực lớn của các cường quốc nhằm hợp tác trong công cuộc kết thúc cuộc khủng hỏang thế giới,8.160224914550781,7.287865161895752,-0.8723597526550293,0.5620173280426469
0017-0031-0004,True,kết thúc tất cả những nỗ lực lớn của các cường quốc nhằm hợp tác trong công cuộc kết thúc cuộc khủng hỏang thế giới,Thông điệp gây xôn xao của Roosevelt gởi đến hội nghị tiền tệ thế giới năm 1933 thực sự kết thúc tất cả những nỗ lực lớn của các cường quốc nhằm hợp tác trong công cuộc kết thúc cuộc khủng hỏang thế giới,7.956762313842773,8.243858337402344,0.2870960235595703,0.636688421249585
0017-0031-0005,True,không tham gia vào các tổ chức thế giới,không tham gia vào các tổ chức thế giới,8.480579376220703,6.134517669677734,-2.3460617065429688,0.4633698622347719
0017-0031-0006,False,,Thông điệp gây xôn xao của Roosevelt gởi đến hội nghị tiền tệ thế giới năm 1933,7.699362754821777,9.327234268188477,1.6278715133666992,0.7153324310346391
0017-0031-0007,False,,Việc không ký vào hiệp ước tham gia Hội Quốc Liên năm 1919,8.445863723754883,7.512966156005859,-0.9328975677490234,0.5580077572065621
0017-0032-0001,False,,"Chính sách lân bang tốt""",8.663256645202637,5.772404193878174,-2.890852451324463,0.4272144161990838
0017-0032-0002,True,Các hiệp ước mới được ký kết với Cuba và Panama đã kết thúc tình trạng của họ là quốc gia được Hoa Kỳ bảo hộ,Đây là một sự tái định lượng chính sách của Hoa Kỳ đối với châu Mỹ La Tinh,8.218579292297363,9.415606498718262,1.1970272064208984,0.6911738015789398
0017-0032-0003,True,Roosevelt ký văn kiện Hội nghị Montevideo về quyền lợi và nghĩa vụ của các quốc gia,"Tháng 12 năm 1933, Roosevelt ký văn kiện Hội nghị Montevideo về quyền lợi và nghĩa vụ của các quốc gia, từ bỏ quyền can thiệp đơn phương vào công việc nội bộ của các quốc gia châu Mỹ La Tinh",8.400038719177246,6.8162336349487305,-1.5838050842285156,0.5145244227072531
0017-0032-0004,True,khu vực này đã từng được xem như là một vùng ảnh hưởng của Hoa Kỳ,"Chính sách lân bang tốt"". Đây là một sự tái định lượng chính sách của Hoa Kỳ đối với châu Mỹ La Tinh",8.781698226928711,5.934360980987549,-2.847337245941162,0.4300791189354089
0017-0032-0005,False,,Đây là một sự tái định lượng chính sách của Hoa Kỳ đối với châu Mỹ La Tinh,8.370450973510742,8.659231185913086,0.28878021240234375,0.6367931354769718
0017-0032-0006,True,từ bỏ quyền can thiệp đơn phương vào công việc nội bộ của các quốc gia châu Mỹ La Tinh,từ bỏ quyền can thiệp đơn phương vào công việc nội bộ của các quốc gia châu Mỹ La Tinh,6.3743462562561035,10.4012451171875,4.0268988609313965,0.8272545398726301
0017-0032-0007,False,,"Chính sách lân bang tốt""",8.620281219482422,8.196696281433105,-0.4235849380493164,0.5914555383941086
0017-0032-0008,True,Sáng kiến chính về chính sách ngọai giao trong nhiệm kỳ đầu tiên của Roosevelt,Đây là một sự tái định lượng chính sách của Hoa Kỳ đối với châu Mỹ La Tinh,8.560138702392578,7.299111366271973,-1.2610273361206055,0.536156271039657
0017-0032-0009,False,,từ bỏ quyền can thiệp đơn phương vào công việc nội bộ của các quốc gia châu Mỹ La Tinh,7.4302778244018555,10.013492584228516,2.58321475982666,0.7646285593034794
0017-0033-0001,True,hậu thuẫn cho đảng Dân chủ cho đến thập niên 1960,Liên minh New Deal,8.607715606689453,7.336121082305908,-1.271594524383545,0.5354497868709734
0017-0033-0002,False,,Liên minh New Deal,8.66515064239502,7.274858474731445,-1.3902921676635742,0.5275049731004056
0017-0033-0003,True,"Roosevelt và Garner chiến thắng với tỉ lệ 60,8% phiếu bầu phổ thông và chiến thắng gần như ở tất cả các tiểu bang, trừ Maine và Vermont","Roosevelt và Garner chiến thắng với tỉ lệ 60,8% phiếu bầu phổ thông và chiến thắng gần như ở tất cả các tiểu bang, trừ Maine và Vermont",8.740138053894043,4.050490379333496,-4.689647674560547,0.31502105538327824
0017-0033-0004,True,chấp nhận phần lớn chương trình New Deal nhưng phản bác rằng nó không có lợi cho doanh nghiệp và quá nhiều lãng phí,"Roosevelt vận động tranh cử dựa vào các chương trình New Deal của ông chống lại đối thủ Alf Landon, Thống đốc tiểu bang Kansas, là người chấp nhận phần lớn chương trình New Deal",8.490400314331055,7.5821709632873535,-0.9082293510437012,0.5596425383819768
0017-0033-0005,False,,"Roosevelt và Garner chiến thắng với tỉ lệ 60,8% phiếu bầu phổ thông và chiến thắng gần như ở tất cả các tiểu bang, trừ Maine và Vermont",8.753232955932617,3.4134247303009033,-5.339808225631714,0.2785803809108617
0017-0033-0006,True,các chương trình New Deal,Roosevelt vận động tranh cử dựa vào các chương trình New Deal,7.736122131347656,9.440336227416992,1.704214096069336,0.7194926703451163
0017-0033-0007,True,"Roosevelt được hậu thuẫn bởi một liên minh cử tri gồm các đảng viên Dân chủ truyền thống trên tòan quốc, các nông gia nhỏ, cư dân miền Nam Hoa Kỳ, người công giáo La Mã, các cỗ máy thành phố lớn, các liên đòan lao động, người Mỹ gốc châu Phi ở miền bắc, người Do Thái, giới trí thức và người theo chủ nghĩa tự do chính trị","Roosevelt và Garner chiến thắng với tỉ lệ 60,8% phiếu bầu phổ thông và chiến thắng gần như ở tất cả các tiểu bang, trừ Maine và Vermont",8.784497261047363,2.944063186645508,-5.8404340744018555,0.25235630642787693
0017-0034-0001,True,"giúp tạo ra đỉnh điểm 3,3 triệu việc làm do WPA quản lý vào năm 1938",xin Quốc hội chi 5 tỷ đô la cho công chánh và giải cứu Cơ quan Quản trị Tiến trình Xây dựng Công chánh (WPA),7.798480033874512,9.228719711303711,1.4302396774291992,0.7043920664616808
0017-0034-0002,True,"Hoa Kỳ có được một Cơ quan đặc trách Gia cư Hoa Kỳ, một Đạo luật Điều chỉnh Nông nghiệp thứ hai và Đạo luật Tiêu chuẩn Lao động Công bằng năm 1938 cho ra đời lương tối thiểu","Hoa Kỳ có được một Cơ quan đặc trách Gia cư Hoa Kỳ, một Đạo luật Điều chỉnh Nông nghiệp thứ hai và Đạo luật Tiêu chuẩn Lao động Công bằng năm 1938 cho ra đời lương tối thiểu",8.559029579162598,7.035215377807617,-1.5238142013549805,0.5185514364797879
0017-0034-0003,False,,Cơ quan Quản trị Tiến trình Xây dựng Công chánh (WPA),7.6279401779174805,9.251615524291992,1.6236753463745117,0.7151026893943274
0017-0034-0004,True,"Roosevelt đưa ra một chương trình kích cầu cấp tiến, xin Quốc hội chi 5 tỷ đô la cho công chánh và giải cứu Cơ quan Quản trị Tiến trình Xây dựng Công chánh (WPA)","Roosevelt đưa ra một chương trình kích cầu cấp tiến, xin Quốc hội chi 5 tỷ đô la cho công chánh và giải cứu Cơ quan Quản trị Tiến trình Xây dựng Công chánh (WPA)",8.418371200561523,7.96047306060791,-0.4578981399536133,0.5892249384248052
0017-0035-0001,True,bổ nhiệm 5 thẩm phán tối cao pháp viện mới,đề nghị một luật mới cho phép ông bổ nhiệm 5 thẩm phán tối cao pháp viện mới,8.564813613891602,7.557034969329834,-1.0077786445617676,0.5530377701211109
0017-0035-0002,True,Tối cao Pháp viện Hoa Kỳ,Tối cao Pháp viện Hoa Kỳ,8.688240051269531,9.437976837158203,0.7497367858886719,0.6649382290041636
0017-0035-0003,True,dường như làm đảo lộn tam quyền phân lập và trao cho tổng thống cả quyền kiểm sóat ngành tư pháp,nó dường như làm đảo lộn tam quyền phân lập và trao cho tổng thống cả quyền kiểm sóat ngành tư pháp,8.132070541381836,10.45125675201416,2.319186210632324,0.7516167055219134
0017-0035-0004,True,tối cao pháp viện đồng thanh phán quyết rằng Đạo luật Phục hồi Quốc gia (NRA) là một sự ủy thác quyền lực một cách vi hiến của ngành lập pháp trao cho tổng thống,Tối cao Pháp viện Hoa Kỳ là rào cản chính đối với những chương trình của Roosevelt trong suốt nhiệm kỳ hai,8.534833908081055,8.012317657470703,-0.5225162506103516,0.5850143993849608
0017-0036-0001,True,Vì quyết tâm vượt qua sự chống đối của các đảng viên Dân chủ bảo thủ,"Roosevelt bị thất bại chua cay, chỉ đánh gục được một mục tiêu, đó là một đảng viên Dân chủ bảo thủ từ Thành phố New York",8.364194869995117,8.606781005859375,0.2425861358642578,0.633916352967737
0017-0036-0002,True,Vì quyết tâm vượt qua sự chống đối của các đảng viên Dân chủ bảo thủ,tích cực vận động cho các ứng viên có thái độ ủng hộ hơn dành cho chương trình cải cách New Deal,8.498547554016113,6.9671807289123535,-1.5313668251037598,0.5180445725439166
0017-0036-0003,True,tìm cách thâu tóm đảng Dân chủ và dùng chiêu thức thuyết phục cử tri rằng họ độc lập để được tái đắc cử,"Roosevelt bị thất bại chua cay, chỉ đánh gục được một mục tiêu, đó là một đảng viên Dân chủ bảo thủ từ Thành phố New York",8.784334182739258,4.107810020446777,-4.6765241622924805,0.3157827581264651
0017-0036-0004,True,"Roosevelt bị thất bại chua cay, chỉ đánh gục được một mục tiêu, đó là một đảng viên Dân chủ bảo thủ từ Thành phố New York","Roosevelt bị thất bại chua cay, chỉ đánh gục được một mục tiêu, đó là một đảng viên Dân chủ bảo thủ từ Thành phố New York",8.577783584594727,6.54379940032959,-2.0339841842651367,0.48428121501519766
0017-0036-0005,False,,"Roosevelt bị thất bại chua cay, chỉ đánh gục được một mục tiêu, đó là một đảng viên Dân chủ bảo thủ từ Thành phố New York",8.576420783996582,6.673482418060303,-1.9029383659362793,0.49308288227276004
0017-0036-0006,False,,"Roosevelt bị thất bại chua cay, chỉ đánh gục được một mục tiêu, đó là một đảng viên Dân chủ bảo thủ từ Thành phố New York",8.279451370239258,8.833399772644043,0.5539484024047852,0.6531128807428781
0017-0036-0007,True,Roosevelt tự dấn thân vào các cuộc bầu cử sơ bộ đảng Dân chủ năm 1938,"Roosevelt tự dấn thân vào các cuộc bầu cử sơ bộ đảng Dân chủ năm 1938, tích cực vận động cho các ứng viên có thái độ ủng hộ hơn dành cho chương trình cải cách New Deal",8.255776405334473,7.763300895690918,-0.4924755096435547,0.5869734489454885
0017-0036-0008,False,,"Roosevelt bị thất bại chua cay, chỉ đánh gục được một mục tiêu, đó là một đảng viên Dân chủ bảo thủ từ Thành phố New York",8.366857528686523,6.409313678741455,-1.9575438499450684,0.4894144808574018
0017-0037-0001,True,Luật lương tối thiểu năm 1938,Luật lương tối thiểu năm 1938,6.893965721130371,9.819571495056152,2.9256057739257812,0.7807874841400589
0017-0037-0002,True,lập ra một liên minh Bảo thủ,đảng Cộng hòa,8.403850555419922,5.391725063323975,-3.0121254920959473,0.4192570335855067
0017-0037-0003,True,Sự ra đời của liên minh bảo thủ này gần như kết thúc khả năng của Roosevelt đưa các đề nghị của mình lên quốc hội để được thông qua thành luật,đảng Cộng hòa,7.307705879211426,8.194263458251953,0.8865575790405273,0.6730818718123741
0017-0037-0004,False,,Luật lương tối thiểu năm 1938,8.514820098876953,4.745381832122803,-3.7694382667541504,0.3706585363401849
0017-0037-0005,True,các đảng viên Dân chủ ủng hộ New Deal,6 ghế thượng viện và 71 ghế hạ viện,8.329221725463867,5.989947319030762,-2.3392744064331055,0.4638235576568322
0017-0037-0006,True,mất 6 ghế thượng viện và 71 ghế hạ viện,mất 6 ghế thượng viện và 71 ghế hạ viện,7.796637535095215,8.121997833251953,0.3253602981567383,0.6390642837032567
0017-0037-0007,False,,6 ghế thượng viện và 71 ghế hạ viện,8.346822738647461,6.124587059020996,-2.222235679626465,0.47165576943350696
0017-0038-0001,True,Roosevelt chống đối đạo luật,cấm vận chuyển vũ khí từ Mỹ đến các nước tham chiến,8.462302207946777,5.767905235290527,-2.69439697265625,0.440183488709861
0017-0038-0002,True,dựa trên lập luận rằng đạo luật đang trừng phạt nạn nhân của sự xâm lược,"đạo luật đang trừng phạt nạn nhân của sự xâm lược, trong trường hợp này là Ethiopia, đạo luật cũng hạn chế quyền hạn tổng thống trong nỗ lực trợ giúp các quốc gia thân thiện",8.29116153717041,7.669269561767578,-0.621891975402832,0.5785149436285858
0017-0038-0003,True,bùng nổ một cuộc thế chiến mới,nỗi e sợ bùng nổ một cuộc thế chiến mới,8.54263687133789,6.864789009094238,-1.6778478622436523,0.508208005919418
0017-0038-0004,False,,cấm vận chuyển vũ khí từ Mỹ đến các nước tham chiến,8.479207038879395,5.335719108581543,-3.1434879302978516,0.41068488544659704
0017-0038-0005,True,ra lệnh cấm vận chuyển vũ khí từ Mỹ đến các nước tham chiến,cấm vận chuyển vũ khí từ Mỹ đến các nước tham chiến,8.695171356201172,4.962270736694336,-3.732900619506836,0.3729524923064616
0017-0038-0006,True,sự ủng hộ của công chúng dành cho đạo luật quá lớn,sự ủng hộ của công chúng dành cho đạo luật quá lớn,7.689187049865723,7.991138458251953,0.30195140838623047,0.6376116049645676
0017-0039-0001,True,một cuộc đảo chính bất thành nổ ra do phong trào phát xít Integralista tại Brasil thực hiện,Brasil tố cáo Đức hậu thuẫn cho cuộc đảo chính Integralista có một ảnh hưởng khích động đối với chính phủ Roosevelt,8.782487869262695,4.212441444396973,-4.570046424865723,0.32199921540918075
0017-0039-0002,True,Sự việc Brasil tố cáo Đức hậu thuẫn cho cuộc đảo chính Integralista,Brasil tố cáo Đức hậu thuẫn cho cuộc đảo chính Integralista có một ảnh hưởng khích động đối với chính phủ Roosevelt vì nó gây hoang mang rằng tham vọng của người Đức không chỉ giới hạn trong khu vực châu Âu mà trên tòan thế giới,8.12342643737793,8.957244873046875,0.8338184356689453,0.6699548190472102
0017-0039-0003,True,có một ảnh hưởng khích động đối với chính phủ Roosevelt,nó gây hoang mang rằng tham vọng của người Đức không chỉ giới hạn trong khu vực châu Âu mà trên tòan thế giới,7.623448848724365,10.476218223571777,2.852769374847412,0.7774180078423243
0017-0039-0004,True,"cho rằng Đại sứ Đức, Tiến sĩ Karl Ritter, có nhúng tay vào cuộc đảo chính này và tuyên bố rằng ông ta là persona non grata",nó gây hoang mang rằng tham vọng của người Đức không chỉ giới hạn trong khu vực châu Âu mà trên tòan thế giới,7.227548122406006,10.495813369750977,3.2682652473449707,0.7961445439984058
0017-0039-0005,False,,Brasil tố cáo Đức hậu thuẫn cho cuộc đảo chính Integralista có một ảnh hưởng khích động đối với chính phủ Roosevelt,8.810293197631836,3.8853490352630615,-4.924944162368774,0.3015353654761814
0017-0039-0006,True,"chế độ Đức Quốc xã: một chế độ khó ưa, tuy nhiên trên cơ bản không phải là vấn đề đáng lo đối với Mỹ",chính phủ Roosevelt thay đổi cách nhìn trước đây về chế độ Đức Quốc xã,8.578609466552734,5.218750953674316,-3.359858512878418,0.3966852037597268
0017-0040-0001,True,nếu chiến tranh bùng nổ vì Tiệp Khắc thì Hoa Kỳ sẽ tham chiến bên cạnh phe Đồng minh,"""Pháp và Hoa Kỳ đòan kết với nhau trong chiến tranh và hòa bình""",8.424507141113281,9.42876148223877,1.0042543411254883,0.6800049516465542
0017-0040-0002,True,giữ lập trường trung lập,Hoa Kỳ sẽ tham chiến bên cạnh phe Đồng minh,8.413363456726074,7.523041725158691,-0.8903217315673828,0.5608284819564646
0017-0040-0003,False,,"""Pháp và Hoa Kỳ đòan kết với nhau trong chiến tranh và hòa bình"" khiến cho trong giới báo chí có nhiều đồn đóan rằng nếu chiến tranh bùng nổ vì Tiệp Khắc",8.598365783691406,7.4442830085754395,-1.1540827751159668,0.543297555560072
0017-0040-0004,True,Phần đông ý kiến cho rằng bức điện tín mang ý nghĩa chúc mừng trong khi nhóm thiểu số thì phản bác lời giải nghĩa đó,"Roosevelt gởi cho ông một bức điện tín chỉ có hai chữ ""Good Man"" (nghĩa thông thường là ""tốt lắm"")",8.248899459838867,8.55232048034668,0.3034210205078125,0.637702878569333
0017-0040-0005,False,,"""Pháp và Hoa Kỳ đòan kết với nhau trong chiến tranh và hòa bình""",8.430106163024902,9.627540588378906,1.197434425354004,0.6911971660457066
0017-0040-0006,True,"""Pháp và Hoa Kỳ đòan kết với nhau trong chiến tranh và hòa bình""","Đại sứ Mỹ và cũng là bạn thân của Roosevelt, William C. Bullitt, đã phát biểu rằng ""Pháp và Hoa Kỳ đòan kết với nhau trong chiến tranh và hòa bình""",8.566713333129883,9.565779685974121,0.9990663528442383,0.679701423563439
0017-0040-0007,True,bác bỏ,"""Pháp và Hoa Kỳ đòan kết với nhau trong chiến tranh và hòa bình"" khiến cho trong giới báo chí có nhiều đồn đóan rằng nếu chiến tranh bùng nổ vì Tiệp Khắc",8.627809524536133,7.44582462310791,-1.1819849014282227,0.5414359699899162
0017-0040-0008,False,,Hoa Kỳ sẽ tham chiến bên cạnh phe Đồng minh,8.45611572265625,7.089817523956299,-1.3662981986999512,0.5291122213021993
0017-0041-0001,True,dấy lên một làn sóng lớn của chủ nghĩa biệt lập chống lại Roosevelt,nguyên mẫu máy bay đầu tiên của lọai oanh tạc cơ DB-7,8.616948127746582,8.574043273925781,-0.04290485382080078,0.6159313174442496
0017-0041-0002,False,,cấm cho các quốc gia vỡ nợ tiền mượn trong thời Chiến tranh thế giới thứ nhất mượn thêm tiền,7.145717144012451,10.730195999145508,3.5844788551330566,0.8095931934480398
0017-0041-0003,True,cấm cho các quốc gia vỡ nợ tiền mượn trong thời Chiến tranh thế giới thứ nhất mượn thêm tiền,cấm cho các quốc gia vỡ nợ tiền mượn trong thời Chiến tranh thế giới thứ nhất mượn thêm tiền,7.443236351013184,10.686468124389648,3.243231773376465,0.7950502458641635
0017-0041-0004,True,để xem có cách nào khắc phục được các luật lệ trung lập của Mỹ và cho phép Pháp mua các phi cơ Mỹ để lấp khỏang trống sản xuất trong ngành công nghiệp chế tạo phi cơ Pháp,Roosevelt mở các buổi hội đàm bí mật,8.598124504089355,6.356139183044434,-2.241985321044922,0.4703330413700699
0017-0041-0005,True,đặt mua 1.000 phi cơ chiến đấu Mỹ cho Không quân Pháp,đặt mua 1.000 phi cơ chiến đấu Mỹ cho Không quân Pháp,7.128333568572998,9.598615646362305,2.4702820777893066,0.7591213853996269
0017-0041-0006,False,,"""Nếu tôi có ba hoặc bốn ngàn phi cơ thì Hội nghị München đã không bao giờ xảy ra""",8.194171905517578,9.562702178955078,1.3685302734375,0.7009264345630983
0017-0041-0007,True,"""Nếu tôi có ba hoặc bốn ngàn phi cơ thì Hội nghị München đã không bao giờ xảy ra","""Nếu tôi có ba hoặc bốn ngàn phi cơ thì Hội nghị München đã không bao giờ xảy ra""",8.102407455444336,9.608940124511719,1.5065326690673828,0.7086443187497969
0017-0041-0008,False,,làm sao người Pháp trả tiền mua phi cơ Mỹ và làm sao để người Mỹ khắc phục được các đạo luật trung lập của Mỹ,8.729593276977539,6.450740337371826,-2.278852939605713,0.4678649693141488
0017-0042-0001,False,,Paris sụp đổ,8.850433349609375,5.3342413902282715,-3.5161919593811035,0.3866729373603146
0017-0042-0002,True,"""Ủy ban Phòng vệ Mỹ bằng cách Trợ giúp Đồng minh""","""Ủy ban Phòng vệ Mỹ bằng cách Trợ giúp Đồng minh""",8.586483001708984,6.516833305358887,-2.0696496963500977,0.4818872055254754
0017-0042-0003,True,"Anh Quốc trở nên suy yếu, dễ bị xâm chiếm",Paris sụp đổ,8.868535995483398,5.368197441101074,-3.500338554382324,0.3876840584937798
0017-0042-0004,True,"FDR bổ nhiệm hai lãnh tụ theo chủ nghĩa can thiệp thuộc Đảng Cộng hòa, Henry L. Stimson và Frank Knox, làm bộ trưởng chiến tranh và bộ trưởng hải quân theo thứ tự vừa kể","FDR bổ nhiệm hai lãnh tụ theo chủ nghĩa can thiệp thuộc Đảng Cộng hòa, Henry L. Stimson và Frank Knox, làm bộ trưởng chiến tranh và bộ trưởng hải quân",8.528202056884766,9.450867652893066,0.9226655960083008,0.6752140021862321
0017-0042-0005,True,"Đức xâm chiếm Đan Mạch và Na Uy, theo sau là xâm chiếm Hà Lan, Bỉ, Luxembourg, và Pháp vào tháng 5",Paris sụp đổ,8.886518478393555,5.099674224853516,-3.786844253540039,0.36956777165736576
0017-0042-0006,True,"Cả hai đảng ủng hộ các chương trình của ông nhanh chóng xây dựng các lực lượng quân sự Mỹ, nhưng những người theo chủ nghĩa biệt lập cảnh báo rằng Roosevelt sẽ đưa quốc gia lâm vào một cuộc chiến không cần thiết với Đức",Paris sụp đổ,8.796225547790527,5.663061141967773,-3.133164405822754,0.41135666574458934
0017-0043-0001,True,Harry Hopkins,Harry Hopkins,7.528412342071533,8.826217651367188,1.2978053092956543,0.6969259943615034
0017-0043-0002,True,"Nước Mỹ phải là ""Kho thuốc đạn dân chủ""","Kho thuốc đạn dân chủ""",8.773346900939941,8.185396194458008,-0.5879507064819336,0.5807379793211489
0017-0043-0003,True,kết thúc chủ nghĩa thuộc địa của châu Âu,Roosevelt là một người suốt đời ủng hộ sự tự do mậu dịch và chống đối chủ nghĩa đế quốc cho nên việc kết thúc chủ nghĩa thuộc địa của châu Âu,8.660447120666504,6.587133407592773,-2.0733137130737305,0.48164130753798307
0017-0043-0004,False,,Roosevelt nhờ đến Harry Hopkins,7.667093753814697,8.409908294677734,0.7428145408630371,0.6645235405639939
0017-0043-0005,True,các nguồn tài chính của Anh Quốc đã cạn kiệt,các nguồn tài chính của Anh Quốc đã cạn kiệt,8.631948471069336,5.976177215576172,-2.655771255493164,0.4427435921151969
0017-0043-0006,True,ký hiệp ước trao 50 chiếc khu trục hạm cho Anh Quốc để đổi lấy quyền sử dụng các căn cứ hải quân của Anh Quốc tại các đảo thuộc Anh Quốc trong vùng biển Caribe và Newfoundland,ký hiệp ước trao 50 chiếc khu trục hạm cho Anh Quốc để đổi lấy quyền sử dụng các căn cứ hải quân của Anh Quốc tại các đảo thuộc Anh Quốc trong vùng biển Caribe và Newfoundland,6.405046463012695,10.002510070800781,3.597463607788086,0.8101306571196795
0017-0043-0007,False,,Roosevelt là một người suốt đời ủng hộ sự tự do mậu dịch và chống đối chủ nghĩa đế quốc cho nên việc kết thúc chủ nghĩa thuộc địa của châu Âu,8.741628646850586,5.898448944091797,-2.843179702758789,0.4303530675980173
0017-0044-0001,True,"Các đại biểu kinh ngạc; rồi bỗng dưng loa phóng thanh la to ""Chúng tôi cần Roosevelt... Thế giới cần Roosevelt!"" Các đại biểu như cuồng dại và ông được đề cử với tỉ lệ 946 - 147",Roosevelt liền gửi một thông điệp rằng ông sẽ không ra tranh cử trừ khi ông bị đảng bắt buộc ra tranh cử và rằng tất cả các đại biểu có quyền tự do bầu chọn cho bất cứ ai. Các đại biểu kinh ngạc,8.50892448425293,4.393110275268555,-4.115814208984375,0.34921309369515746
0017-0044-0002,True,giám đốc điều hành chiến dịch vận động tranh cử của Roosevelt,"bộ trưởng bưu điện và chủ tịch Đảng Dân chủ, từng là giám đốc điều hành chiến dịch vận động tranh cử của Roosevelt",8.476177215576172,7.20231294631958,-1.2738642692565918,0.5352980212391614
0017-0044-0003,True,từ khi tổng thống George Washington từ chối ra tranh cử nhiệm kỳ thứ ba vào năm 1796,hầu như các vị tổng thống kế nhiệm đều theo truyền thống hai nhiệm kỳ này mà không ra tái tranh cử thêm một nhiệm kỳ thứ ba,8.610578536987305,4.647583961486816,-3.9629945755004883,0.3586055906182498
0017-0044-0004,False,,"bộ trưởng bưu điện và chủ tịch Đảng Dân chủ, từng là giám đốc điều hành chiến dịch vận động tranh cử của Roosevelt",8.526150703430176,5.395134925842285,-3.1310157775878906,0.4114965245672635
0017-0044-0005,False,,Henry A. Wallace,8.416799545288086,8.06423568725586,-0.35256385803222656,0.5960603676938813
0017-0044-0006,True,Bộ trưởng Ngọai giao Cordell Hull và hai là James Farley,một là Bộ trưởng Ngọai giao Cordell Hull và hai là James Farley,8.336538314819336,8.025906562805176,-0.31063175201416016,0.5987712734219477
0017-0044-0007,True,mỗi tổng thống chỉ được phục vụ hai nhiệm kỳ,Truyền thống hai nhiệm kỳ đã là một luật bất thành văn (cho đến khi có tu chính án hiến pháp 22 ra đời quy định rõ mỗi tổng thống chỉ được phục vụ hai nhiệm kỳ,8.021681785583496,5.913233757019043,-2.108448028564453,0.47928385647849553
0017-0045-0001,False,,John Nance Garner,8.4951810836792,5.558921813964844,-2.9362592697143555,0.4242303832739623
0017-0045-0002,True,Roosevelt nhấn mạnh ý định của ông là sẽ làm mọi việc như có thể để giữ Hoa Kỳ ngòai cuộc chiến,Roosevelt nhấn mạnh ý định của ông là sẽ làm mọi việc như có thể để giữ Hoa Kỳ ngòai cuộc chiến,8.472199440002441,4.67324161529541,-3.7989578247070312,0.3688094464432871
0017-0045-0003,True,"tỉ lệ 55% phiếu bầu phổ thông, thắng 38 trong số 48 tiểu bang","chiến dịch tranh cử chống đảng viên Cộng hòa Wendell Willkie, Roosevelt nhấn mạnh ý định của ông là sẽ làm mọi việc như có thể để giữ Hoa Kỳ ngòai cuộc chiến",8.452203750610352,4.2679972648620605,-4.184206485748291,0.3450467264188513
0017-0045-0004,True,John Nance Garner,Phó Tổng thống Hoa Kỳ,8.172977447509766,8.601910591125488,0.42893314361572266,0.6454608922558094
0017-0045-0005,False,,Henry A. Wallace,8.642818450927734,3.5732691287994385,-5.069549322128296,0.29341247985770375
0017-0045-0006,True,Wendell Willkie,"Henry A. Wallace trong vai trò Phó Tổng thống Hoa Kỳ, thay thế nhân vật bảo thủ từ tiểu bang Texas, John Nance Garner",8.483685493469238,3.467564582824707,-5.016120910644531,0.29639879314830636
0017-0046-0001,True,"Hoa Kỳ một mặt nới rộng và tái vũ trang Lục quân Hoa Kỳ và Hải quân Hoa Kỳ, một mặt trở thành ""kho thuốc súng của dân chủ"" bằng cách trợ giúp Anh Quốc, Pháp, Trung Hoa và (sau tháng 6 năm 1941) Liên Xô",Hoa Kỳ một mặt nới rộng và tái vũ trang Lục quân Hoa Kỳ và Hải quân Hoa Kỳ,8.702020645141602,5.82472038269043,-2.877300262451172,0.4281060729635407
0017-0046-0002,False,,Hoa Kỳ một mặt nới rộng và tái vũ trang Lục quân Hoa Kỳ và Hải quân Hoa Kỳ,8.713123321533203,5.09086799621582,-3.622255325317383,0.379933763654377
0017-0046-0003,True,Chiến tranh thế giới thứ hai tại châu Âu và tại Thái Bình Dương,Chiến tranh thế giới thứ hai tại châu Âu và tại Thái Bình Dương,8.801061630249023,8.823796272277832,0.022734642028808594,0.6200965890521478
0017-0046-0004,True,vì đang phải đối mặt với sự phản đối mạnh mẽ của chủ nghĩa biệt lập từ các lãnh tụ Quốc hội chống đối tái vũ trang như Thượng nghị sĩ William Borah và Thượng nghị sĩ Robert Taft,Roosevelt bắt đầu từng bước tiến hành tái vũ trang Hoa Kỳ,8.735750198364258,5.997049808502197,-2.7387003898620605,0.4372509896258202
0017-0047-0001,False,,những người Mỹ gốc châu Phi từ các nông trại ở miền Nam cũng như các nông gia nhỏ và các công nhân từ các vùng nông thôn và thị trấn nhỏ khắp nơi trên tòan quốc,8.703588485717773,6.832362651824951,-1.8712258338928223,0.4952137003748177
0017-0047-0002,True,kích thích sự phát triển kinh tế,kích thích sự phát triển kinh tế,8.420591354370117,8.74583625793457,0.3252449035644531,0.6390571289059762
0017-0047-0003,True,Mặt trận trong nước có sự thay đổi xã hội rất năng động,Mặt trận trong nước có sự thay đổi xã hội rất năng động trong suốt thời chiến,8.531627655029297,7.518168926239014,-1.0134587287902832,0.5526603273807611
0017-0047-0004,True,có những dòng di dân lớn gồm những người Mỹ gốc châu Phi từ các nông trại ở miền Nam cũng như các nông gia nhỏ và các công nhân từ các vùng nông thôn và thị trấn nhỏ khắp nơi trên tòan quốc,có những dòng di dân lớn gồm những người Mỹ gốc châu Phi từ các nông trại ở miền Nam cũng như các nông gia nhỏ và các công nhân từ các vùng nông thôn và thị trấn nhỏ khắp nơi trên tòan quốc,7.651408672332764,10.851123809814453,3.1997151374816895,0.7931376227163104
0017-0047-0005,True,Vì khan hiếm nhân công lao động tại các khu vực trung tâm sản xuất chính trên tòan quốc,những người Mỹ gốc châu Phi từ các nông trại ở miền Nam cũng như các nông gia nhỏ và các công nhân từ các vùng nông thôn và thị trấn nhỏ khắp nơi trên tòan quốc,8.766009330749512,6.5099592208862305,-2.2560501098632812,0.4693913080026585
0017-0047-0006,False,,kích thích sự phát triển kinh tế,8.540068626403809,6.7685933113098145,-1.7714753150939941,0.5019168773850857
0017-0047-0007,False,,thất nghiệp rơi xuống dưới 1 triệu người. Vì khan hiếm nhân công lao động tại các khu vực trung tâm sản xuất chính trên tòan quốc,8.808671951293945,6.055656433105469,-2.7530155181884766,0.43630437982304393
0017-0047-0008,False,,Mặt trận trong nước có sự thay đổi xã hội rất năng động trong suốt thời chiến trong khi đó các vấn đề trong nước không còn là những mối quan tâm cấp thiết nhất của chính phủ Roosevelt,8.777249336242676,5.694210052490234,-3.0830392837524414,0.41462310245624523
0017-0047-0009,True,thất nghiệp rơi xuống dưới 1 triệu người,thất nghiệp,8.811521530151367,5.7843337059021,-3.0271878242492676,0.4182715495648567
0017-0048-0001,False,,Roosevelt gặp Thủ tướng Anh Quốc Winston Churchill ngày 14 tháng 8 năm 1941 để phác thảo ra Hiến chương Đại Tây Dương,8.165766716003418,9.010113716125488,0.8443470001220703,0.6705803006445109
0017-0048-0002,True,dự tính gia tăng viện trợ cho các quốc gia Đồng minh và cần đến 10 triệu binh sĩ phục vụ,"""Kế họach Chiến thắng",8.584571838378906,7.021991729736328,-1.5625801086425781,0.5159494363169076
0017-0048-0003,True,bắt đầu lập kế họach cho sự tham chiến hòan tòan của Hoa Kỳ,Bộ trưởng Chiến tranh Henry Stimson bắt đầu lập kế họach cho sự tham chiến hòan tòan,8.340267181396484,7.656464099884033,-0.6838030815124512,0.5744518322688263
0017-0048-0004,True,"chính sách ""tất cả là viện trợ, không tham chiến.""","tất cả là viện trợ, không tham chiến",8.249918937683105,8.333158493041992,0.08323955535888672,0.6239204471256609
0017-0048-0005,True,"cung cấp cho tổng thống ước tính cần thiết về con số tổng động viên nhân lực, công nghiệp và tiếp vận để đánh bại ""kẻ thù tiềm năng"" của Hoa Kỳ","""Kế họach Chiến thắng"" được đưa ra dưới sự chỉ đạo của Albert Wedemeyer",8.279757499694824,8.563322067260742,0.28356456756591797,0.6364688113520707
0017-0048-0006,True,phác thảo ra Hiến chương Đại Tây Dương,Roosevelt gặp Thủ tướng Anh Quốc Winston Churchill ngày 14 tháng 8 năm 1941 để phác thảo ra Hiến chương Đại Tây Dương,8.227437019348145,9.040117263793945,0.8126802444458008,0.6686972241782372
0017-0048-0007,False,,kế họach cho sự tham chiến hòan tòan,8.427270889282227,7.157055854797363,-1.2702150344848633,0.5355420227352481
0017-0049-0001,True,vì lỗi của bộ máy hành chính,"Thông điệp được gửi qua dịch vụ điện tín ""Western Union Telegram"" đến Tây Duyên hải Hoa Kỳ và sau đó qua dịch vụ vô tuyến ""RCA Radio"" đến thành phố Honolulu với nội dung đã được mã hóa",8.606459617614746,7.99049711227417,-0.6159625053405762,0.5789035355822812
0017-0049-0002,False,,"Thông điệp được gửi qua dịch vụ điện tín ""Western Union Telegram"" đến Tây Duyên hải Hoa Kỳ và sau đó qua dịch vụ vô tuyến ""RCA Radio"" đến thành phố Honolulu với nội dung đã được mã hóa",8.626577377319336,7.786374568939209,-0.840202808380127,0.5641439071906383
0017-0049-0003,False,,"Thông điệp được gửi qua dịch vụ điện tín ""Western Union Telegram"" đến Tây Duyên hải Hoa Kỳ và sau đó qua dịch vụ vô tuyến ""RCA Radio"" đến thành phố Honolulu với nội dung đã được mã hóa",8.550773620605469,6.907595157623291,-1.6431784629821777,0.5105370006628553
0017-0049-0004,True,cảnh báo cho lục quân và hải quân tại Hawaii để họ giăng sẵn bẫy đối phó với một cuộc tấn công của người Nhật,"Thông điệp được gửi qua dịch vụ điện tín ""Western Union Telegram"" đến Tây Duyên hải Hoa Kỳ và sau đó qua dịch vụ vô tuyến ""RCA Radio"" đến thành phố Honolulu với nội dung đã được mã hóa",8.724848747253418,5.504786968231201,-3.220061779022217,0.4057125617659514
0017-0049-0005,True,"do chủ ý của các vị tướng lãnh ở thủ đô Washington vì họ cho rằng nếu thông điệp được đánh dấu ""khẩn cấp"" và được gởi đến các vị tư lệnh tại Hawaii thì có thể gây sự chú ý của các điệp viên Nhật Bản ở Tây Duyên hải","thông điệp này không được đánh dấu ""khẩn cấp"" nào",8.36545181274414,7.255304336547852,-1.110147476196289,0.5462263791083969
0017-0049-0006,True,"Thông điệp được gửi qua dịch vụ điện tín ""Western Union Telegram"" đến Tây Duyên hải Hoa Kỳ và sau đó qua dịch vụ vô tuyến ""RCA Radio"" đến thành phố Honolulu với nội dung đã được mã hóa","Thông điệp được gửi qua dịch vụ điện tín ""Western Union Telegram"" đến Tây Duyên hải Hoa Kỳ và sau đó qua dịch vụ vô tuyến ""RCA Radio"" đến thành phố Honolulu với nội dung đã được mã hóa",8.485071182250977,8.298528671264648,-0.18654251098632812,0.6067577294069643
0017-0049-0007,True,"thông điệp này không được đánh dấu ""khẩn cấp"" nào vì thế nó được gửi đi theo thứ tự nhận được như các thông điệp khác","Thông điệp được gửi qua dịch vụ điện tín ""Western Union Telegram"" đến Tây Duyên hải Hoa Kỳ và sau đó qua dịch vụ vô tuyến ""RCA Radio"" đến thành phố Honolulu với nội dung đã được mã hóa",8.758943557739258,4.600371360778809,-4.158572196960449,0.34660558720014245
0017-0050-0001,True,tránh đợt bom nổ đầu tiên,thông điệp được giao bằng xe đạp,8.643630981445312,7.864310264587402,-0.7793207168579102,0.5681635998202949
0017-0050-0002,True,Đại tá French,Đại tá French,8.68814468383789,7.292140960693359,-1.3960037231445312,0.5271222963728275
0017-0050-0003,False,,"cách nhanh nhất để gửi nó đến Hawaii là bằng các phương tiện dịch vụ thương mại; có nghĩa là dùng dịch vụ điện tín ""Western Union"" đến San Francisco, và từ đó dùng sóng vô tuyến thương mại đến Honolulu",8.136139869689941,9.348272323608398,1.212132453918457,0.6920398202736137
0017-0050-0004,True,"Thông điệp được lưu trữ tại trung tâm truyền tin Lục quân lúc 12:01 trưa (6:31 sáng, giờ Hawaii); được chuyển tải bằng điện tín đến dịch vụ Western Union xong vào lúc 12:17 trưa (6:47 sáng, Hawaii); được dịch vụ RCA Honolulu nhận được vào lúc 1:03 trưa (7:33 sáng, Hawaii); được phòng truyền tin, Đồn Shafter tại Hawaii nhận được vào khỏang 5:15 chiều (11:45 sáng, Hawaii) sau vụ tấn công",Thông điệp,8.641530990600586,6.830117225646973,-1.8114137649536133,0.4992329844126861
0017-0050-0005,True,giao bằng xe đạp,thông điệp được giao bằng xe đạp,6.395787715911865,10.232610702514648,3.836822986602783,0.8198305849732723
0017-0050-0006,False,,thông điệp được giao bằng xe đạp,6.381482124328613,10.228899002075195,3.847416877746582,0.8202508281106533
0017-0050-0007,False,,Thông điệp,8.71201229095459,6.438903331756592,-2.273108959197998,0.4682493949915437
0017-0050-0008,True,bằng các phương tiện dịch vụ thương mại,"cách nhanh nhất để gửi nó đến Hawaii là bằng các phương tiện dịch vụ thương mại; có nghĩa là dùng dịch vụ điện tín ""Western Union"" đến San Francisco, và từ đó dùng sóng vô tuyến thương mại đến Honolulu",7.957796096801758,9.71956729888916,1.7617712020874023,0.722604559933952
0017-0050-0009,False,,thông điệp được giao bằng xe đạp,8.635400772094727,7.869899749755859,-0.7655010223388672,0.5690748051245567
0017-0051-0001,False,,"""Ngày hôm qua, 7 tháng 12 năm 1941 — một ngày mà đáng ghê tởm (vì hành động bất ngờ và tàn bạo của Nhật) — Hoa Kỳ bị lực lượng hải quân và không lực Đế quốc Nhật Bản cố ý và bất ngờ tấn công",8.341794967651367,7.255929470062256,-1.0858654975891113,0.5478437105368608
0017-0051-0002,True,Thái độ phản chiến tại Hoa Kỳ biến mất trong đêm và Hoa Kỳ đòan kết đằng sau Roosevelt,"Hạm đội Thái Bình Dương của Hoa Kỳ tại Trân Châu Cảng, phá hủy hoặc làm hư hại 16 chiến hạm trong đó phần lớn là các thiết giáp hạm của hạm đội, giết chết gần 3000 binh sĩ và nhân viên dân sự Mỹ",8.641034126281738,4.653301239013672,-3.9877328872680664,0.35707753861614233
0017-0051-0003,False,,Hoa Kỳ bị lực lượng hải quân và không lực Đế quốc Nhật Bản cố ý và bất ngờ tấn công,8.718269348144531,3.685279130935669,-5.032990217208862,0.2954540052557068
0017-0051-0004,True,"""Ngày hôm qua, 7 tháng 12 năm 1941 — một ngày mà đáng ghê tởm (vì hành động bất ngờ và tàn bạo của Nhật) — Hoa Kỳ bị lực lượng hải quân và không lực Đế quốc Nhật Bản cố ý và bất ngờ tấn công.""","""Ngày hôm qua, 7 tháng 12 năm 1941 — một ngày mà đáng ghê tởm (vì hành động bất ngờ và tàn bạo của Nhật) — Hoa Kỳ bị lực lượng hải quân và không lực Đế quốc Nhật Bản cố ý và bất ngờ tấn công",8.38758659362793,7.70216703414917,-0.6854195594787598,0.5743456084835954
0017-0051-0005,True,vì hành động bất ngờ và tàn bạo của Nhật,Hoa Kỳ bị lực lượng hải quân và không lực Đế quốc Nhật Bản cố ý và bất ngờ tấn công,8.034745216369629,9.272160530090332,1.2374153137207031,0.6934863232540575
0017-0051-0006,True,"phá hủy hoặc làm hư hại 16 chiến hạm trong đó phần lớn là các thiết giáp hạm của hạm đội, giết chết gần 3000 binh sĩ và nhân viên dân sự Mỹ","phá hủy hoặc làm hư hại 16 chiến hạm trong đó phần lớn là các thiết giáp hạm của hạm đội, giết chết gần 3000 binh sĩ và nhân viên dân sự Mỹ",8.278450965881348,8.859695434570312,0.5812444686889648,0.6547733181567545
0017-0051-0007,True,"Trong những tuần sau đó, người Nhật chiếm Philippines và các thuộc địa của Hà Lan và Anh Quốc ở Đông Nam Á, chiếm được Singapore vào tháng 2 năm 1942 và tiến công qua Miến Điện đến biên giới Ấn Độ thuộc Anh vào tháng 5, cắt đứt đường tiếp tế trên bộ đến Trung Hoa Dân Quốc",Nhật Bản tấn công Hạm đội Thái Bình Dương của Hoa Kỳ,8.717473983764648,5.159514427185059,-3.55795955657959,0.38401371770382287
0017-0052-0001,True,Roosevelt đã quyết định rằng việc đánh bại Đức Quốc xã là ưu tiên hàng đầu của Hoa Kỳ,"Roosevelt gặp Churchill vào cuối tháng 12 và họach định ra một liên minh không chính thức rộng lớn hơn giữa Hoa Kỳ, Anh Quốc, Trung Hoa và Liên Xô",8.686544418334961,4.072994709014893,-4.613549709320068,0.3194515953234879
0017-0052-0002,False,,"ngăn chặn sự tiến công của Đức vào Liên Xô và Bắc Phi, mở một cuộc xâm nhập vào Tây Âu với mục tiêu đè bẹp Đức Quốc xã giữa hai mặt trận, và cứu Trung Hoa rồi đánh bại Nhật Bản",6.881925582885742,9.258554458618164,2.376628875732422,0.7544881230901102
0017-0052-0003,False,,"quyết định chiến lược ""châu Âu trước tiên""",8.7015962600708,6.036648273468018,-2.664947986602783,0.44213507975412747
0017-0052-0004,False,,"Roosevelt gặp Churchill vào cuối tháng 12 và họach định ra một liên minh không chính thức rộng lớn hơn giữa Hoa Kỳ, Anh Quốc, Trung Hoa và Liên Xô",8.670188903808594,4.913786888122559,-3.756402015686035,0.37147633256995344
0017-0052-0005,True,"chiến lược ""châu Âu trước tiên""","quyết định chiến lược ""châu Âu trước tiên""",8.673412322998047,6.607746601104736,-2.0656657218933105,0.4821545863373166
0017-0052-0006,True,"ngăn chặn sự tiến công của Đức vào Liên Xô và Bắc Phi, mở một cuộc xâm nhập vào Tây Âu với mục tiêu đè bẹp Đức Quốc xã giữa hai mặt trận, và cứu Trung Hoa rồi đánh bại Nhật Bản",": ngăn chặn sự tiến công của Đức vào Liên Xô và Bắc Phi, mở một cuộc xâm nhập vào Tây Âu với mục tiêu đè bẹp Đức Quốc xã giữa hai mặt trận, và cứu Trung Hoa rồi đánh bại Nhật Bản",6.261507034301758,9.694061279296875,3.432554244995117,0.8032182288818122
0017-0052-0007,True,"họach định ra một liên minh không chính thức rộng lớn hơn giữa Hoa Kỳ, Anh Quốc, Trung Hoa và Liên Xô","Roosevelt gặp Churchill vào cuối tháng 12 và họach định ra một liên minh không chính thức rộng lớn hơn giữa Hoa Kỳ, Anh Quốc, Trung Hoa và Liên Xô",8.610979080200195,5.501278877258301,-3.1097002029418945,0.41288477220555325
0017-0053-0001,True,"gởi $50 tỷ đô-la hàng viện trợ theo Đạo luật Lend Lease, chủ yếu đến Anh Quốc sau đó là Liên Xô, Trung Hoa và các lực lượng Đồng minh khác","quân Mỹ và Anh Quốc tập trung lực lượng tại phía Tây, quân Liên Xô chiến đấu ở mặt trận phía Đông, và quân Trung Hoa, Anh Quốc, Mỹ chiến đấu tại vùng Thái Bình Dương",8.914436340332031,2.9308881759643555,-5.983548164367676,0.24516751404111664
0017-0053-0002,True,"Roosevelt, Churchill, và Joseph Stalin","""Bộ ba đại gia"" (Roosevelt, Churchill, và Joseph Stalin",8.798185348510742,6.512513160705566,-2.285672187805176,0.46740862906964503
0017-0053-0003,True,bằng một lọat các hội nghị cấp cao cũng như liên lạc qua các kênh quân sự và ngọai giao,Đồng minh họach định chiến lược bằng một lọat các hội nghị cấp cao cũng như liên lạc qua các kênh quân sự và ngọai giao,7.900076866149902,9.929299354553223,2.0292224884033203,0.7367821057048263
0017-0053-0004,False,,Đồng minh họach định chiến lược bằng một lọat các hội nghị cấp cao cũng như liên lạc qua các kênh quân sự và ngọai giao,8.465538024902344,8.282848358154297,-0.18268966674804688,0.6070048133410457
0017-0053-0005,True,"quân Mỹ và Anh Quốc tập trung lực lượng tại phía Tây, quân Liên Xô chiến đấu ở mặt trận phía Đông, và quân Trung Hoa, Anh Quốc, Mỹ chiến đấu tại vùng Thái Bình Dương",Đồng minh họach định chiến lược bằng một lọat các hội nghị cấp cao cũng như liên lạc qua các kênh quân sự và ngọai giao,8.327383041381836,8.641687393188477,0.3143043518066406,0.6383785032076121
0017-0053-0006,True,cùng với Đặc cấp Thượng tướng Tưởng Giới Thạch,"quân Mỹ và Anh Quốc tập trung lực lượng tại phía Tây, quân Liên Xô chiến đấu ở mặt trận phía Đông, và quân Trung Hoa, Anh Quốc, Mỹ chiến đấu tại vùng Thái Bình Dương",7.674673557281494,10.050321578979492,2.375648021697998,0.7544392810234004
0017-0053-0007,False,,"quân Mỹ và Anh Quốc tập trung lực lượng tại phía Tây, quân Liên Xô chiến đấu ở mặt trận phía Đông, và quân Trung Hoa, Anh Quốc, Mỹ chiến đấu tại vùng Thái Bình Dương",7.804133415222168,9.692770004272461,1.888636589050293,0.7293880408729332
0017-0054-0001,True,Quân Đồng Minh gặp một số thất bại khi quân Đức phản kích đánh Ardennes và Alsace tháng 12 năm 1944 – tháng 1 năm 1945,quân Đức phản kích đánh Ardennes và Alsace tháng 12 năm 1944 – tháng 1 năm 1945,8.544939041137695,7.677000045776367,-0.8679389953613281,0.5623098152311778
0017-0054-0002,True,"Đồng minh tiến hành xâm chiếm Maroc và Algérie thuộc Pháp (Chiến dịch Torch) vào tháng 11 năm 1942, xâm chiếm Sicilia (Chiến dịch Husky) vào tháng 7 năm 1943, và xâm chiếm lục địa Ý (Chiến dịch Avalanche) vào tháng 9 năm 1943",Roosevelt chọn Dwight D. Eisenhower chứ không phải George Marshall,8.742391586303711,4.11056661605835,-4.631824970245361,0.318384563502539
0017-0054-0003,True,Dwight D. Eisenhower,Dwight D. Eisenhower,8.016910552978516,9.822647094726562,1.8057365417480469,0.7249672131542966
0017-0054-0004,False,,cày nát tất cả các thành phố chính của Đức và cắt đứt các nguồn tiếp tế dầu,8.034833908081055,8.618474960327148,0.5836410522460938,0.6549189244631239
0017-0054-0005,True,Roosevelt qua đời,Roosevelt qua đời ngày 12 tháng 4 năm 1945,8.69155502319336,6.536077499389648,-2.155477523803711,0.476129721649436
0017-0054-0006,True,cày nát tất cả các thành phố chính của Đức và cắt đứt các nguồn tiếp tế dầu,cày nát tất cả các thành phố chính của Đức và cắt đứt các nguồn tiếp tế dầu,6.138031005859375,9.993184089660645,3.8551530838012695,0.8205572275136532
0017-0055-0001,True,"giành lấy các căn cứ mà từ đó không lực chiến lược có thể được đưa vào phục vụ để oanh tạc đất Nhật Bản, và từ đó có thể tiến công xâm chiếm Nhật Bản sau này","Mục tiêu của chiến thuật này là giành lấy các căn cứ mà từ đó không lực chiến lược có thể được đưa vào phục vụ để oanh tạc đất Nhật Bản, và từ đó có thể tiến công xâm chiếm Nhật Bản sau này",7.426174163818359,10.353211402893066,2.927037239074707,0.7808533359385275
0017-0055-0002,False,,"Mục tiêu của chiến thuật này là giành lấy các căn cứ mà từ đó không lực chiến lược có thể được đưa vào phục vụ để oanh tạc đất Nhật Bản, và từ đó có thể tiến công xâm chiếm Nhật Bản sau này",7.6567511558532715,10.127046585083008,2.4702954292297363,0.7591220416548703
0017-0055-0003,False,,cuộc tiến công của Nhật Bản,8.706474304199219,4.088561058044434,-4.617913246154785,0.31919665043226547
0017-0055-0004,True,"bắt đầu có tiến bộ tuy đắt giá và chậm chạp bằng chiến thuật được gọi là ""nhảy đảo"" trong vùng Thái Bình Dương","chiến thuật được gọi là ""nhảy đảo""",7.886534214019775,7.843296051025391,-0.043238162994384766,0.6159101226816311
0017-0055-0005,True,Hải quân Hoa Kỳ đã ghi được một chiến thắng mang tính định đọat trong Trận Midway,cuộc tiến công của Nhật Bản,8.727439880371094,4.0650434494018555,-4.662396430969238,0.3166038539820049
0017-0055-0006,True,phải tận lực hơn trong việc chống Nhật Bản,phải tận lực hơn trong việc chống Nhật Bản,6.439081192016602,10.264236450195312,3.825155258178711,0.8193668577473805
0017-0055-0007,True,đánh bại Đức,"Mục tiêu của chiến thuật này là giành lấy các căn cứ mà từ đó không lực chiến lược có thể được đưa vào phục vụ để oanh tạc đất Nhật Bản, và từ đó có thể tiến công xâm chiếm Nhật Bản sau này",8.580106735229492,4.392124652862549,-4.187982082366943,0.34481740686695234
0017-0056-0001,True,"""Tôi thì có một linh cảm rằng Stalin không phải là hạng người như thế.... Tôi nghĩ rằng nếu tôi cho ông ta mọi thứ mà tôi có thể cho và không đòi hỏi ông ta cho lại cái gì, theo nghĩa vụ qúy phái, ông ta sẽ không tìm cách thôn tính bất cứ mọi thứ và sẽ làm việc với tôi vì một thế giới dân chủ và hòa bình.""","Roosevelt họp mặt với Churchill và lãnh tụ Trung Quốc Quốc dân đảng Tưởng Giới Thạch tại Hội nghị Cairo vào tháng 11 năm 1943, và rồi sau đó đến Tehran để bàn thảo với Churchill và Stalin",8.782955169677734,4.291329860687256,-4.4916253089904785,0.3266184511223695
0017-0056-0002,False,,"Roosevelt họp mặt với Churchill và lãnh tụ Trung Quốc Quốc dân đảng Tưởng Giới Thạch tại Hội nghị Cairo vào tháng 11 năm 1943, và rồi sau đó đến Tehran để bàn thảo với Churchill và Stalin",8.694595336914062,4.622715950012207,-4.0718793869018555,0.3519017965385929
0017-0056-0003,False,,Roosevelt họp mặt với Churchill và lãnh tụ Trung Quốc Quốc dân đảng Tưởng Giới Thạch,8.806146621704102,4.207110404968262,-4.59903621673584,0.3203003400223333
0017-0056-0004,False,,"Roosevelt họp mặt với Churchill và lãnh tụ Trung Quốc Quốc dân đảng Tưởng Giới Thạch tại Hội nghị Cairo vào tháng 11 năm 1943, và rồi sau đó đến Tehran để bàn thảo với Churchill và Stalin",8.578119277954102,7.691242218017578,-0.8868770599365234,0.5610565283256577
0017-0056-0005,True,Churchill xem Stalin là một bạo chúa khi ông cảnh báo về một mối thống trị tiềm năng độc tài của Stalin đối với châu Âu,"Roosevelt họp mặt với Churchill và lãnh tụ Trung Quốc Quốc dân đảng Tưởng Giới Thạch tại Hội nghị Cairo vào tháng 11 năm 1943, và rồi sau đó đến Tehran để bàn thảo với Churchill và Stalin",8.728511810302734,5.147412300109863,-3.581099510192871,0.38254343362867105
0017-0056-0006,True,Stalin ủng hộ kế họach của Roosevelt về việc thành lập Liên Hiệp Quốc và hứa tham chiến chống Nhật Bản 90 ngày sau khi Đức bị đánh bại,"Roosevelt họp mặt với Churchill và lãnh tụ Trung Quốc Quốc dân đảng Tưởng Giới Thạch tại Hội nghị Cairo vào tháng 11 năm 1943, và rồi sau đó đến Tehran để bàn thảo với Churchill và Stalin",8.72996997833252,3.984605073928833,-4.7453649044036865,0.3117982631962702
0017-0056-0007,True,Roosevelt họp mặt với Churchill và lãnh tụ Trung Quốc Quốc dân đảng Tưởng Giới Thạch,Roosevelt họp mặt với Churchill và lãnh tụ Trung Quốc Quốc dân đảng Tưởng Giới Thạch,6.667458534240723,9.825813293457031,3.1583547592163086,0.7913075709509774
0017-0056-0008,False,,"Roosevelt họp mặt với Churchill và lãnh tụ Trung Quốc Quốc dân đảng Tưởng Giới Thạch tại Hội nghị Cairo vào tháng 11 năm 1943, và rồi sau đó đến Tehran để bàn thảo với Churchill và Stalin",8.714972496032715,5.291986465454102,-3.4229860305786133,0.3926313024472793
0017-0056-0009,False,,Roosevelt họp mặt với Churchill và lãnh tụ Trung Quốc Quốc dân đảng Tưởng Giới Thạch,6.966768264770508,9.63656997680664,2.669801712036133,0.7687915567121794
0017-0056-0010,True,kế họach xâm chiếm nước Pháp năm 1944,"Roosevelt họp mặt với Churchill và lãnh tụ Trung Quốc Quốc dân đảng Tưởng Giới Thạch tại Hội nghị Cairo vào tháng 11 năm 1943, và rồi sau đó đến Tehran để bàn thảo với Churchill và Stalin",8.640365600585938,7.538948059082031,-1.1014175415039062,0.5468079614338761
0017-0057-0001,False,,sức khỏe sa sút trầm trọng,8.073415756225586,8.692112922668457,0.6186971664428711,0.6570454534637812
0017-0057-0002,True,sa sút trầm trọng,sức khỏe sa sút trầm trọng,8.143799781799316,8.774931907653809,0.6311321258544922,0.6577982604271075
0017-0057-0003,True,vì đã thất bại trong việc ngăn chặn sự thành lập Khối Đông Âu,Hội nghị Yalta vì đã thất bại trong việc ngăn chặn sự thành lập Khối Đông Âu,8.650932312011719,6.505224227905273,-2.1457080841064453,0.4767847819505443
0017-0057-0004,True,"""chúng ta phải thừa nhận rõ ràng rằng chương trinh của Liên Xô là thiết lập chủ nghĩa tòan trị, chấm dứt tự do cá nhân và dân chủ như chúng ta đã biết.""","""chúng ta phải thừa nhận rõ ràng rằng chương trinh của Liên Xô là thiết lập chủ nghĩa tòan trị, chấm dứt tự do cá nhân và dân chủ như chúng ta đã biết.""",8.548530578613281,8.156152725219727,-0.3923778533935547,0.5934809562116349
0017-0057-0005,False,,quân đội Đồng minh tiến vào Đức và lực lượng Xô Viết kiểm sóat được Ba Lan,8.809391021728516,3.782651901245117,-5.026739120483398,0.29580390227242925
0017-0057-0006,True,quân đội Đồng minh tiến vào Đức và lực lượng Xô Viết kiểm sóat được Ba Lan,quân đội Đồng minh tiến vào Đức và lực lượng Xô Viết kiểm sóat được Ba Lan,8.807891845703125,4.157426834106445,-4.65046501159668,0.3172981930158258
0017-0058-0001,True,"""Không cần biết Roosevelt có được tái đắc cử hay không thì ông cũng sẽ chết vì chảy máu vỏ não trong vòng 6 tháng""",Trạng thái căng thẳng của bệnh bại liệt và sự gắng sức chịu đựng của ông trong suốt trên 20 năm cộng thêm những năm làm việc căng thẳng và cả đời hút thuốc,8.46087646484375,6.775171279907227,-1.6857051849365234,0.5076801194737083
0017-0058-0002,True,"bệnh cao máu, phổi thủng, xơ vữa động mạch và các bệnh về tim mạch","bệnh cao máu, phổi thủng, xơ vữa động mạch và các bệnh về tim mạch",8.20339584350586,9.40650749206543,1.2031116485595703,0.6915227987447441
0017-0058-0003,True,từ năm 1940,Trạng thái căng thẳng của bệnh bại liệt và sự gắng sức chịu đựng của ông trong suốt trên 20 năm cộng thêm những năm làm việc căng thẳng và cả đời hút thuốc,8.1935396194458,8.239252090454102,0.04571247100830078,0.6215505532536182
0017-0058-0004,False,,Trạng thái căng thẳng của bệnh bại liệt,8.366704940795898,8.67158317565918,0.30487823486328125,0.6377933723783102
0017-0058-0005,True,có tin lan truyền rằng ông cũng bị mổ để lấy khối u ác tính phía trên mắt trái,Trạng thái căng thẳng của bệnh bại liệt,8.34129524230957,8.673053741455078,0.3317584991455078,0.6394608939369667
0017-0058-0006,True,Trạng thái căng thẳng của bệnh bại liệt và sự gắng sức chịu đựng của ông trong suốt trên 20 năm cộng thêm những năm làm việc căng thẳng và cả đời hút thuốc,Trạng thái căng thẳng của bệnh bại liệt và sự gắng sức chịu đựng của ông trong suốt trên 20 năm cộng thêm những năm làm việc căng thẳng và cả đời hút thuốc,8.651689529418945,6.811171531677246,-1.8405179977416992,0.49727717776469704
0017-0058-0007,False,,"bệnh cao máu, phổi thủng, xơ vữa động mạch và các bệnh về tim mạch",8.2314453125,9.170930862426758,0.9394855499267578,0.6762047303054627
0017-0059-0001,True,một mực muốn bỏ Phó Tổng thống Henry A. Wallace,Phó Tổng thống Henry A. Wallace,8.430009841918945,7.697233200073242,-0.7327766418457031,0.571230621042995
0017-0059-0002,True,Harry S. Truman,Harry S. Truman,8.348811149597168,6.552648544311523,-1.7961626052856445,0.5002578766621165
0017-0059-0003,False,,"James F. Byrnes của tiểu bang Nam Carolina, rồi bị Thống đốc Indiana là Henry F. Schricker từ chối, Roosevelt thay thế Wallace bằng một thượng nghị sĩ ít tiếng tăm là Harry S. Truman",7.916556358337402,8.568353652954102,0.6517972946166992,0.6590475636402958
0017-0059-0004,True,vì ông được cho là thân Liên Xô,ông được cho là thân Liên Xô,8.447763442993164,7.820960521697998,-0.626802921295166,0.5781930277035588
0017-0059-0005,True,Thomas E. Dewey,Harry S. Truman,8.121804237365723,7.808345317840576,-0.3134589195251465,0.5985886852277291
0017-0059-0006,False,,ông được cho là thân Liên Xô,8.374495506286621,7.796163082122803,-0.5783324241638184,0.5813673521381646
0017-0059-0007,True,liên danh Roosevelt và Truman thắng 53% phiếu bầu phổ thông và thắng tại 36 tiểu bang,liên danh Roosevelt và Truman thắng 53% phiếu bầu phổ thông,7.201892852783203,8.781351089477539,1.579458236694336,0.7126750211075914
0017-0060-0001,True,gặp Quốc vương Ai Cập là Farouk I và Hòang đế Ethiopia là Haile Selassie,"Tổng thống Hoa Kỳ rời Hội nghị Yalta ngày 12 tháng 2 năm 1945, bay đến Ai Cập và lên chiếc tuần dương hạm USS Quincy đang họat động trên Hồ Great Bitter gần Kênh đào Suez",8.624130249023438,6.676799774169922,-1.9473304748535156,0.49010054154803817
0017-0060-0002,False,,"Tổng thống Hoa Kỳ rời Hội nghị Yalta ngày 12 tháng 2 năm 1945, bay đến Ai Cập và lên chiếc tuần dương hạm USS Quincy đang họat động trên Hồ Great Bitter gần Kênh đào Suez",8.714350700378418,5.537323474884033,-3.1770272254943848,0.4085047005459698
0017-0060-0003,True,mang ý nghĩa trọng đại trong quan hệ ngọai giao giữa Hoa Kỳ và Ả Rập Xê Út thậm chí cho đến ngày nay,vua Abdulaziz,8.22911262512207,7.668483734130859,-0.5606288909912109,0.5825250902510802
0017-0060-0004,False,,Quốc vương Ai Cập là Farouk I và Hòang đế Ethiopia,8.789817810058594,4.596500873565674,-4.19331693649292,0.34449350536054407
0017-0060-0005,False,,vua Abdulaziz - vị vua khai quốc của Ả Rập Xê Út,8.282707214355469,7.486169815063477,-0.7965373992919922,0.5670277681705268
0017-0060-0006,True,Ai Cập,"Tổng thống Hoa Kỳ rời Hội nghị Yalta ngày 12 tháng 2 năm 1945, bay đến Ai Cập và lên chiếc tuần dương hạm USS Quincy đang họat động trên Hồ Great Bitter gần Kênh đào Suez",8.663581848144531,5.991416931152344,-2.6721649169921875,0.44165664441016866
0017-0060-0007,True,"""Bệnh tình của ông rất là nặng. Ông có tất cả triệu chứng của bệnh xơ cứng mạch máu não trong thời kỳ cuối, vì vậy tôi cho rằng ông chỉ còn sống vài tháng""","Roosevelt như sau: ""Bệnh tình của ông rất là nặng. Ông có tất cả triệu chứng của bệnh xơ cứng mạch máu não trong thời kỳ cuối, vì vậy tôi cho rằng ông chỉ còn sống vài tháng""",8.689620971679688,6.412848472595215,-2.2767724990844727,0.46800420195911235
0017-0060-0008,True,"Roosevelt hội ý với các đại sứ Mỹ đặc trách Anh Quốc, Pháp và Ý","Roosevelt hội ý với các đại sứ Mỹ đặc trách Anh Quốc, Pháp và Ý",7.89393949508667,8.551910400390625,0.6579709053039551,0.659420359157816
0017-0060-0009,False,,vua Abdulaziz - vị vua khai quốc của Ả Rập Xê Út,7.897468566894531,7.847040176391602,-0.05042839050292969,0.6154527969878666
0017-0061-0001,True,"""phải nêu rõ mục tiêu kết thúc một hệ thống hành động đơn phương, những liên minh biệt lập, những khu vực ảnh hưởng, những cán cân quyền lực, và tất cả những mưu mô khác đã được thử nghiệm hàng thế kỷ qua – và luôn bị thất bại. Chúng ta đề nghị thay thế tất cả những thứ này bằng một tổ chức tòan cầu mà ở đó tất cả các quốc gia yêu chuộng hòa bình cuối cùng có cơ hội tham gia vào.""","""phải nêu rõ mục tiêu kết thúc một hệ thống hành động đơn phương, những liên minh biệt lập, những khu vực ảnh hưởng, những cán cân quyền lực, và tất cả những mưu mô khác đã được thử nghiệm hàng thế kỷ qua – và luôn bị thất bại",8.862598419189453,4.867284297943115,-3.995314121246338,0.35660983577777405
0017-0061-0002,True,Ông phải ngồi để đọc diễn văn,"nó giúp cho tôi dễ dàng hơn khi không phải đeo khỏang 10 pound thép quanh phía dưới chân tôi.""",8.621088027954102,6.243552207946777,-2.377535820007324,0.46126678710432045
0017-0061-0003,False,,"nó giúp cho tôi dễ dàng hơn khi không phải đeo khỏang 10 pound thép quanh phía dưới chân tôi.""",8.797392845153809,5.362254619598389,-3.43513822555542,0.3918525938410283
0017-0061-0004,True,hòan tòan tỉnh táo,Ông phải ngồi để đọc diễn văn trong Quốc hội,8.64150333404541,8.235933303833008,-0.40557003021240234,0.5926251345429614
0017-0061-0005,True,nhiều người đã phải giật mình khi nhận thấy ông trông rất già và ốm yếu,ông trông rất già và ốm yếu,8.482880592346191,9.451013565063477,0.9681329727172852,0.6778884850536826
0017-0062-0001,True,Stalin tố cáo Đồng minh phương Tây đang mưu toan tìm kiếm hòa bình riêng với Hitler phía sau lưng vị lãnh tụ này,Stalin tố cáo Đồng minh phương Tây đang mưu toan tìm kiếm hòa bình riêng với Hitler,8.42588996887207,5.8317646980285645,-2.594125270843506,0.446835727974051
0017-0062-0002,False,,"tố cáo Stalin phá vỡ những thỏa thuận thực thi của vị lãnh tụ Liên Xô tại Hội nghị Yalta về Ba Lan, Đức, tù binh, và các vấn đề khác",8.304367065429688,7.624235153198242,-0.6801319122314453,0.5746930506560946
0017-0062-0003,True,"phá vỡ những thỏa thuận thực thi của vị lãnh tụ Liên Xô tại Hội nghị Yalta về Ba Lan, Đức, tù binh, và các vấn đề khác","tố cáo Stalin phá vỡ những thỏa thuận thực thi của vị lãnh tụ Liên Xô tại Hội nghị Yalta về Ba Lan, Đức, tù binh, và các vấn đề khác",8.210775375366211,8.057025909423828,-0.1537494659423828,0.6088589978641262
0017-0062-0004,True,"Roosevelt trả lời rằng: ""Tôi không thể nào mà không có một cảm giác tức giận đối với những người chỉ điểm cho ông, bất cứ họ là ai, vì đã diễn đạt lại sai một cách đê hèn như thế về những hành động của tôi hay hành động của những thuộc cấp đáng tin của tôi.""",Stalin tố cáo Đồng minh phương Tây đang mưu toan tìm kiếm hòa bình riêng với Hitler,8.56813907623291,5.286205768585205,-3.281933307647705,0.4017089591951732
0017-0063-0001,True,để nghỉ ngơi,Roosevelt đến Warm Springs để nghỉ ngơi trước khi ông xuất hiện tại hội nghị thành lập Liên Hiệp Quốc,8.307291030883789,8.589153289794922,0.2818622589111328,0.6363629299164945
0017-0063-0002,False,,Roosevelt đến Warm Springs để nghỉ ngơi trước khi ông xuất hiện tại hội nghị thành lập Liên Hiệp Quốc,8.283876419067383,8.591226577758789,0.30735015869140625,0.637946857858789
0017-0063-0003,True,"Giống như sau này Allen Drury có nói, ""như thế là kết thúc một thời đại, vì thế bắt đầu một thời đại mới.""",tổng thống bị chứng chảy máu não,8.549057006835938,4.49311637878418,-4.055940628051758,0.35287954555177836
0017-0063-0004,False,,tổng thống bị chứng chảy máu não,8.602812767028809,4.3416748046875,-4.261137962341309,0.34038847356560364
0017-0063-0005,False,,tổng thống bị chứng chảy máu não,8.541631698608398,4.379671096801758,-4.161960601806641,0.3463993432756635
0017-0063-0006,True,"""Con người sẽ qùy gối để cảm ơn Thượng đế một trăm năm kể từ bây giờ vì Franklin D. Roosevelt đã ở trong Nhà Trắng""","""Con người sẽ qùy gối để cảm ơn Thượng đế một trăm năm kể từ bây giờ vì Franklin D. Roosevelt đã ở trong Nhà Trắng""",8.36497688293457,8.071011543273926,-0.29396533966064453,0.5998470890256415
0017-0063-0007,False,,"""Con người sẽ qùy gối để cảm ơn Thượng đế một trăm năm kể từ bây giờ vì Franklin D. Roosevelt đã ở trong Nhà Trắng""",8.445749282836914,7.054835319519043,-1.390913963317871,0.5274633140779192
0017-0063-0008,True,bị đau phía sau đầu,Tôi hơi bị đau phía sau đầu,7.831630706787109,7.635301113128662,-0.19632959365844727,0.6061298357317466
0017-0063-0009,True,chứng chảy máu não (đột quy),tổng thống bị chứng chảy máu não (đột quy),6.174042701721191,10.074831008911133,3.9007883071899414,0.8223563502523568
0017-0064-0001,True,Anna đã sắp xếp các cuộc gặp gỡ cho Roosevelt gặp Mercer và rằng Mercer đã ở bên cạnh ông lúc ông mất,Anna đã sắp xếp các cuộc gặp gỡ cho Roosevelt gặp Mercer và rằng Mercer đã ở bên cạnh ông lúc ông mất,8.670567512512207,6.093371391296387,-2.5771961212158203,0.44796079160463864
0017-0064-0002,True,"con gái ông, Anna Roosevelt Boettiger phải dọn vào ở gần bên ông để hỗ trợ",Anna Roosevelt Boettiger,8.670351028442383,8.718843460083008,0.048492431640625,0.6217263128753836
0017-0064-0003,True,người tình cũ,Anna Roosevelt Boettiger phải dọn vào ở gần bên ông để hỗ trợ. Anna cũng sắp xếp cho cha của bà gặp mặt người tình cũ của ông là bà Lucy Mercer Rutherfurd,8.41855239868164,5.619926452636719,-2.798625946044922,0.43329144649451645
0017-0064-0004,False,,Anna Roosevelt Boettiger,8.780499458312988,7.489987373352051,-1.2905120849609375,0.5341846733313667
0017-0064-0005,False,,Anna đã sắp xếp các cuộc gặp gỡ cho Roosevelt gặp Mercer và rằng Mercer đã ở bên cạnh ông lúc ông mất,8.671591758728027,5.727425575256348,-2.9441661834716797,0.42371131675771395
0017-0065-0001,True,một cỗ quan tài có quấn quốc kỳ Mỹ,Roosevelt được đưa về thị trấn Hyde Park bằng xe lửa,8.161202430725098,7.012197017669678,-1.14900541305542,0.5436361806139952
0017-0065-0002,False,,Roosevelt được đưa về thị trấn Hyde Park bằng xe lửa,7.701342582702637,9.088630676269531,1.3872880935668945,0.7019823466190745
0017-0065-0003,False,,vườn hồng của ngôi nhà gia đình Roosevelt,8.197155952453613,6.6558427810668945,-1.5413131713867188,0.5173770070662405
0017-0065-0004,True,"Roosevelt được đưa về thị trấn Hyde Park bằng xe lửa, được bốn binh sĩ của Lục quân, Hải quân, Thủy quân lục chiến và Tuần duyên canh giữ",Roosevelt được đưa về thị trấn Hyde Park bằng xe lửa,7.254962921142578,9.598226547241211,2.343263626098633,0.7528230076358644
0017-0065-0005,True,"Roosevelt được chôn cất trong vườn hồng của ngôi nhà gia đình Roosevelt (nay được gọi là Home of Franklin D. Roosevelt National Historic Site, tạm dịch là Di tích Lịch sử Quốc gia Nhà của Franklin D. Roosevelt) ở thị trấn Hyde Park ngày 15 tháng 4",Roosevelt được chôn cất trong vườn hồng của ngôi nhà gia đình Roosevelt,8.16111946105957,6.951109409332275,-1.210010051727295,0.5395650114301176
0017-0065-0006,True,bên cạnh ông,Roosevelt được chôn cất trong vườn hồng của ngôi nhà gia đình Roosevelt,8.23729133605957,6.421839714050293,-1.8154516220092773,0.49896163735302856
0017-0066-0001,False,,Bộ trưởng Bộ Tuyên truyền Đức Quốc xã,8.816819190979004,3.9742064476013184,-4.8426127433776855,0.3062167874614268
0017-0066-0002,False,,Roosevelt,8.815040588378906,3.872950792312622,-4.942089796066284,0.30056558377482917
0017-0066-0003,True,nghĩ rằng năm 1945 sẽ là năm phát xít Đức lấy lại thế thượng phong,Bộ trưởng Bộ Tuyên truyền Đức Quốc xã là Paul Joseph Göbbels trở nên vui sướng,8.596830368041992,7.57694149017334,-1.0198888778686523,0.5522329694500193
0017-0066-0004,False,,Roosevelt,8.778331756591797,4.213050842285156,-4.565280914306641,0.32227893895284654
0017-0066-0005,True,gây sốc và thương tiếc khắp tòan quốc Hoa Kỳ,Roosevelt,8.798919677734375,4.429683685302734,-4.369235992431641,0.333895008577135
0017-0066-0006,True,dẫn dắt Hoa Kỳ vượt qua một số các cuộc khủng hỏang lớn nhất của Hoa Kỳ cho đến khi Đức Quốc xã gần như bị đánh bại và sự bại trận của Nhật Bản cũng đang trong tầm nhìn thấy được,Roosevelt,8.67373275756836,6.226736068725586,-2.4469966888427734,0.4566304482736073
0017-0066-0007,True,12 năm,Roosevelt,8.771076202392578,4.168655872344971,-4.602420330047607,0.3201023314788991
0017-0066-0008,False,,Bộ trưởng Bộ Tuyên truyền Đức Quốc xã là Paul Joseph Göbbels trở nên vui sướng,8.545052528381348,7.573825836181641,-0.971226692199707,0.55546517401689
0017-0066-0009,True,"Bộ trưởng Bộ Tuyên truyền Đức Quốc xã là Paul Joseph Göbbels trở nên vui sướng, ông ta nghĩ rằng năm 1945 sẽ là năm phát xít Đức lấy lại thế thượng phong",Bộ trưởng Bộ Tuyên truyền Đức Quốc xã là Paul Joseph Göbbels trở nên vui sướng,8.79702377319336,5.2704362869262695,-3.52658748626709,0.3860104460029131
0017-0067-0001,True,Hội Quốc gia vì Tiến bộ của Người da màu,Bộ phận Nhân quyền cùng làm việc bên cạnh với Hội Quốc gia vì Tiến bộ của Người da màu (NAACP),4.242047309875488,9.754740715026855,5.512693405151367,0.8771464151816467
0017-0067-0002,False,,"Roosevelt làm việc với các nhóm nhân quyền khác trong các trường hợp đối phó với sự hung bạo của cảnh sát, các vụ hợp tác hành quyết nạn nhân, và các vụ vi phạm quyền đầu phiếu",8.68307113647461,7.65489387512207,-1.028177261352539,0.5516819965463835
0017-0067-0003,True,gởi một thông điệp mãnh liệt đến những kẻ theo chủ nghĩa da trắng ưu việt (white supremacist) ở miền Nam Hoa Kỳ và các đồng minh chính trị của bọn họ ở thủ đô Washington,"Roosevelt làm việc với các nhóm nhân quyền khác trong các trường hợp đối phó với sự hung bạo của cảnh sát, các vụ hợp tác hành quyết nạn nhân, và các vụ vi phạm quyền đầu phiếu",8.554441452026367,8.827679634094238,0.2732381820678711,0.6358263204237685
0017-0067-0004,True,các hành động này đã gởi một thông điệp mãnh liệt đến những kẻ theo chủ nghĩa da trắng ưu việt (white supremacist) ở miền Nam Hoa Kỳ và các đồng minh chính trị của bọn họ ở thủ đô Washington,"Roosevelt làm việc với các nhóm nhân quyền khác trong các trường hợp đối phó với sự hung bạo của cảnh sát, các vụ hợp tác hành quyết nạn nhân, và các vụ vi phạm quyền đầu phiếu",8.588008880615234,8.736507415771484,0.14849853515625,0.6280275034810208
0017-0067-0005,True,các bước dài tiến triển trong thời kỳ này đã là nền tảng cho phong trào nhân quyền của người Mỹ gốc châu Phi,các bước dài tiến triển trong thời kỳ này đã là nền tảng cho phong trào nhân quyền của người Mỹ gốc châu Phi,8.862783432006836,7.226444721221924,-1.636338710784912,0.5109964255513803
0017-0067-0006,False,,Bộ phận Nhân quyền cùng làm việc bên cạnh với Hội Quốc gia vì Tiến bộ của Người da màu (NAACP),4.070640563964844,9.816932678222656,5.7462921142578125,0.8837542866231477
0017-0068-0001,True,khỏang 600.000,khỏang 600.000 thường trú nhân gốc Ý,6.019385814666748,9.545890808105469,3.5265049934387207,0.8071793523852021
0017-0068-0002,True,bị giới hạn việc đi lại,khỏang 600.000 thường trú nhân gốc Ý (công dân Ý không có quốc tịch Mỹ) bị giới hạn việc đi lại,7.638495445251465,9.924149513244629,2.285654067993164,0.7499301569795169
0017-0068-0003,False,,khỏang 600.000 thường trú nhân gốc Ý (công dân Ý không có quốc tịch Mỹ,6.189674377441406,9.364316940307617,3.174642562866211,0.7920296685377969
0017-0068-0004,False,,mọi người bị xếp lọai là những người thuộc quốc gia thù địch,7.505092620849609,8.974203109741211,1.4691104888916016,0.7065630638713265
0017-0068-0005,False,,khỏang 600.000 thường trú nhân gốc Ý (công dân Ý không có quốc tịch Mỹ) bị giới hạn việc đi lại,7.928179740905762,9.496538162231445,1.5683584213256836,0.7120636687088675
0017-0068-0006,False,,Những công dân thuộc quốc gia thù địch đang sống tại Hoa Kỳ và những người có tổ tiên Nhật Bản,8.763028144836426,5.359572410583496,-3.4034557342529297,0.39388394056802534
0017-0068-0007,True,mọi người bị xếp lọai là những người thuộc quốc gia thù địch,được áp dụng đối với mọi người bị xếp lọai là những người thuộc quốc gia thù địch,6.272555351257324,9.754937171936035,3.482381820678711,0.8053266487457525
0017-0068-0008,True,công dân Ý không có quốc tịch Mỹ,khỏang 600.000 thường trú nhân gốc Ý,8.646984100341797,6.023693561553955,-2.623290538787842,0.4448987691718744
0017-0068-0009,True,Những công dân thuộc quốc gia thù địch đang sống tại Hoa Kỳ và những người có tổ tiên Nhật Bản,Những công dân thuộc quốc gia thù địch đang sống tại Hoa Kỳ và những người có tổ tiên Nhật Bản,8.759414672851562,5.426153182983398,-3.333261489868164,0.3983974950892642
0017-0068-0010,False,,khỏang 600.000 thường trú nhân gốc Ý,8.757391929626465,3.371971607208252,-5.385420322418213,0.2761230068108113
0017-0069-0001,True,các chính sách và lập trường,"sự củng cố quyền lực của ông vì thời gian dài làm tổng thống, sự phục vụ của ông qua hai cuộc khủng hỏang lớn, và sự ủng hộ lớn lao của công chúng dành cho ông",7.261447906494141,10.204765319824219,2.943317413330078,0.7816012726323227
0017-0069-0002,False,,chủ trương của Roosevelt về các chương trình xã hội của chính phủ,8.486347198486328,7.345342636108398,-1.1410045623779297,0.5441697002380237
0017-0069-0003,True,công cụ trong việc tái định nghĩa chủ nghĩa tự do cho các thế hệ kế tục,chủ trương của Roosevelt về các chương trình xã hội của chính phủ,8.154787063598633,7.995265007019043,-0.15952205657958984,0.6084893997823085
0017-0069-0004,True,tái định nghĩa vai trò của chính phủ tại Hoa Kỳ,chủ trương của Roosevelt về các chương trình xã hội của chính phủ,8.237236022949219,8.231929779052734,-0.005306243896484375,0.6183193284301329
0017-0069-0005,False,,chủ trương của Roosevelt về các chương trình xã hội của chính phủ,8.493053436279297,7.292481899261475,-1.2005715370178223,0.5401952536983491
0017-0070-0001,False,,"Hội Nam Hướng đạo Mỹ (BSA) đã vinh danh ông bằng giải thưởng cao nhất của họ dành cho người lớn, đó là Giải Trâu Bạc",8.455955505371094,4.9920759201049805,-3.4638795852661133,0.3900130522079522
0017-0070-0002,True,chủ tịch,Qũy hội Hướng đạo Thành phố New York và lãnh đạo việc thành lập Trại Hướng đạo Sông Ten Mile từ năm 1924–1928 để phục vụ các hướng đạo sinh của Thành phố New York,8.439701080322266,4.522202491760254,-3.9174985885620117,0.3614233059566695
0017-0070-0003,True,chủ tịch vinh dự của Hội Nam Hướng đạo Mỹ,Roosevelt là chủ tịch vinh dự của Hội Nam Hướng đạo Mỹ,7.274913311004639,7.878885269165039,0.6039719581604004,0.6561529734409863
0017-0070-0004,True,ghi công sự đóng góp ủng hộ xuất sắc mà người được tặng thưởng dành cho giới trẻ trên cấp bậc quốc gia,để ghi công sự đóng góp ủng hộ xuất sắc mà người được tặng thưởng dành cho giới trẻ trên cấp bậc quốc gia,7.676618576049805,7.823867321014404,0.1472487449645996,0.627949019526482
0017-0070-0005,True,Giải Trâu Bạc,Hội Nam Hướng đạo Mỹ (BSA) đã vinh danh ông bằng giải thưởng cao nhất của họ dành cho người lớn,7.619654655456543,7.858292102813721,0.23863744735717773,0.6336699973600337
0017-0070-0006,False,,Trại Hướng đạo Sông Ten Mile từ năm 1924–1928 để phục vụ các hướng đạo sinh của Thành phố New York,8.267292976379395,9.102378845214844,0.8350858688354492,0.670030146698427
0017-0070-0007,False,,Hội Nam Hướng đạo Mỹ (BSA) đã vinh danh ông bằng giải thưởng cao nhất của họ dành cho người lớn,8.42995834350586,5.062347412109375,-3.3676109313964844,0.39618658440001797
0017-0070-0008,True,phục vụ các hướng đạo sinh của Thành phố New York,Trại Hướng đạo Sông Ten Mile từ năm 1924–1928 để phục vụ các hướng đạo sinh của Thành phố New York,8.153879165649414,8.39814567565918,0.24426651000976562,0.6340211689710723
0017-0071-0001,True,"chính Roosevelt đã đích thân chấp thuận các mẫu tem mới của Hoa Kỳ, tổng cộng khỏang 200 mẫu tem",chấp thuận các mẫu tem mới của Hoa Kỳ,8.339155197143555,6.263298034667969,-2.075857162475586,0.48147061782667744
0017-0071-0002,True,Bộ trưởng Bưu điện Hoa Kỳ,Bộ trưởng Bưu điện Hoa Kỳ,7.550032138824463,8.948270797729492,1.3982386589050293,0.7025977811703535
0017-0071-0003,False,,"Roosevelt bổ nhiệm James Farley làm Bộ trưởng Bưu điện Hoa Kỳ, và chính Farley đã gia tăng con số phát hành tem kỷ niệm hàng năm và tạo ra nhiều bộ tem khác",7.884140968322754,7.659209251403809,-0.2249317169189453,0.6042928533561127
0017-0071-0004,True,giúp phổ biến nó thành một sở thích,các họat động sưu tầm tem của ông đã giúp phổ biến nó thành một sở thích,8.103883743286133,7.714432716369629,-0.3894510269165039,0.5936707527528203
0017-0071-0005,False,,James Farley,8.71895694732666,3.4014945030212402,-5.31746244430542,0.27978915822558365
0017-0071-0006,True,Farley đã gia tăng con số phát hành tem kỷ niệm hàng năm và tạo ra nhiều bộ tem khác,"Roosevelt bổ nhiệm James Farley làm Bộ trưởng Bưu điện Hoa Kỳ, và chính Farley đã gia tăng con số phát hành tem kỷ niệm hàng năm và tạo ra nhiều bộ tem khác",8.209226608276367,6.862333297729492,-1.346893310546875,0.5304116277711559
0017-0071-0007,False,,Bộ trưởng Bưu điện Hoa Kỳ,7.883623123168945,8.677664756774902,0.794041633605957,0.6675863367744641
0017-0071-0008,True,sưu tầm tem,Roosevelt là một người rất thích sưu tầm tem,8.701116561889648,3.06809663772583,-5.633019924163818,0.26301998074951277
0018-0001-0001,False,,Uganda,7.996647834777832,7.24612283706665,-0.7505249977111816,0.570061725361776
0018-0001-0002,True,Kenya và Tanzania,"Phía Nam Uganda là vùng hồ Victoria, có chủ quyền gần 1/2 diện tích mặt hồ, chia sẻ quyền khai thác cùng Kenya và Tanzania",7.870151519775391,7.6998796463012695,-0.1702718734741211,0.6078007965260002
0018-0001-0003,False,,Uganda,8.14803695678711,6.779152870178223,-1.3688840866088867,0.5289390327126646
0018-0001-0004,True,phía Nam,Uganda,8.118892669677734,6.6233320236206055,-1.495560646057129,0.5204472131204698
0018-0001-0005,True,/juːˈɡændə/ yew-GAN-də hoặc /juːˈɡɑːndə/ yew-GAHN-də,"Cộng hòa Uganda""",8.349238395690918,6.8024373054504395,-1.5468010902404785,0.5170086496101862
0018-0001-0006,True,"Giáp Kenya về phía Đông, phía Tây giáp với CHDC Congo, Tây Nam giáp Rwanda, phía Bắc giáp Nam Sudan và phía Nam giáp Tanzania",Uganda,8.318869590759277,6.816339492797852,-1.5025300979614258,0.5199796246022659
0018-0001-0007,True,khí hậu xích đạo,Uganda,8.297408103942871,6.7376627922058105,-1.5597453117370605,0.5161397412824714
0018-0001-0008,False,,Uganda,8.24291706085205,6.826414108276367,-1.4165029525756836,0.5257485797019414
0018-0001-0009,True,sông Nin,Uganda,8.408615112304688,6.450984954833984,-1.9576301574707031,0.48940868350814465
0018-0002-0001,False,,"Uganda rơi vào nhưng cuộc nội chiến, huynh đệ tương tàng, gần đây nhất là một cuộc nội chiến kéo dài giữa chính phủ và Quân kháng chiến của Chúa",8.500219345092773,5.115989685058594,-3.3842296600341797,0.3951184304859121
0018-0002-0002,False,,Uganda,8.243017196655273,6.0990400314331055,-2.143977165222168,0.47690085188753367
0018-0002-0003,True,năm 1962,Uganda,8.036848068237305,7.360286712646484,-0.6765613555908203,0.5749276240665124
0018-0002-0004,True,"nội chiến, huynh đệ tương tàng",Uganda,8.366077423095703,5.865291595458984,-2.5007858276367188,0.45304527173814335
0018-0002-0005,True,Uganda giành được độc lập từ Anh,Uganda,8.354289054870605,6.339736461639404,-2.014552593231201,0.48558585055153586
0018-0002-0006,True,cuối những năm 1800,"Uganda rơi vào nhưng cuộc nội chiến, huynh đệ tương tàng, gần đây nhất là một cuộc nội chiến kéo dài giữa chính phủ và Quân kháng chiến của Chúa",8.491305351257324,4.767607688903809,-3.7236976623535156,0.37353119199774865
0018-0002-0007,True,hàng chục ngàn thương vong,"Uganda rơi vào nhưng cuộc nội chiến, huynh đệ tương tàng, gần đây nhất là một cuộc nội chiến kéo dài giữa chính phủ và Quân kháng chiến của Chúa",8.555389404296875,4.4052324295043945,-4.1501569747924805,0.3471180504110433
0018-0002-0008,True,từ vương quốc Buganda,Uganda,8.207183837890625,5.956239223480225,-2.2509446144104004,0.4697331308357976
0018-0002-0009,False,,"Uganda rơi vào nhưng cuộc nội chiến, huynh đệ tương tàng, gần đây nhất là một cuộc nội chiến kéo dài giữa chính phủ và Quân kháng chiến của Chúa",8.526052474975586,5.5331573486328125,-2.9928951263427734,0.420516155526504
0018-0002-0010,False,,Uganda,8.50908374786377,5.078775405883789,-3.4303083419799805,0.39216202551375584
0018-0003-0001,False,,"đất nước rơi vào chế độ cai trị độc tài và khát máu của Idi Amin, rồi chính Amin cũng bị lật dổ do sự can thiệp của quân đội Tanzania",8.620351791381836,5.615090370178223,-3.0052614212036133,0.41970634376187826
0018-0003-0002,False,,Uganda giành độc lập năm 1962,8.562278747558594,4.831048965454102,-3.731229782104492,0.3730575308085399
0018-0003-0003,True,giành quyền kiểm sóat Chính phủ từ năm 1966,Thủ tướng Obote giành quyền kiểm sóat Chính phủ,7.802989959716797,9.410223007202148,1.6072330474853516,0.7142013937557682
0018-0003-0004,True,"rơi vào tình trạng vô tổ chức về mặt chính trị, kinh tế bị tàn phá, nạn cướp bóc gia tăng",Tanzania,8.405282974243164,5.994559288024902,-2.4107236862182617,0.4590506942992029
0018-0003-0005,True,chế độ cai trị độc tài và khát máu,"đất nước rơi vào chế độ cai trị độc tài và khát máu của Idi Amin, rồi chính Amin cũng bị lật dổ do sự can thiệp của quân đội Tanzania",8.705986022949219,4.319334983825684,-4.386651039123535,0.3328546704940562
0018-0003-0006,True,năm 1962,Uganda giành độc lập năm 1962,8.248186111450195,6.366255760192871,-1.8819303512573242,0.4944944226388613
0018-0003-0007,True,"Đất nước rơi vào tình trạng vô tổ chức về mặt chính trị, kinh tế bị tàn phá, nạn cướp bóc gia tăng do không ai kiểm sóat các phần tử quân sự","Đại tá Idi Amin, Thủ tướng Obote giành quyền kiểm sóat Chính phủ từ năm 1966. Obote bị lật đổ sau cuộc đảo chính quân sự",8.310446739196777,6.9257659912109375,-1.3846807479858398,0.5278809092146113
0018-0004-0001,False,,Uganda,8.614433288574219,6.296019554138184,-2.318413734436035,0.46521835590530286
0018-0004-0002,False,,Uganda kiên quyết chống lại việc các nước phương Tây và Mỹ muốn áp dụng chế độ đa đảng,8.601248741149902,5.296238422393799,-3.3050103187561035,0.4002190044931009
0018-0004-0003,True,các nước phương Tây và Mỹ,các nước phương Tây và Mỹ,8.385406494140625,6.775702476501465,-1.6097040176391602,0.5127852888150736
0018-0004-0004,False,,Uganda,8.582049369812012,5.793406963348389,-2.788642406463623,0.4339505255615196
0018-0004-0005,True,quan hệ theo hướng ôn hòa,Uganda,8.744771957397461,2.9838500022888184,-5.760921955108643,0.2564101402167339
0018-0004-0006,True,"tuyên bố đi theo đường lối trung lập, không liên kết, ủng hộ các phong trào giải phóng dân tộc",Uganda kiên quyết chống lại việc các nước phương Tây và Mỹ muốn áp dụng chế độ đa đảng,8.267566680908203,7.132022380828857,-1.1355443000793457,0.5445337480430371
0018-0004-0007,True,sức lực và tài nguyên,"Tổng thống Museveni lên án Mỹ, Anh và các nước công nghiệp phát triển bóc lột sức lực và tài nguyên của các nước nghèo",8.656593322753906,4.124073028564453,-4.532520294189453,0.32420534587253813
0018-0004-0008,True,Tổng thống Museveni,Uganda,8.585990905761719,5.691469669342041,-2.8945212364196777,0.42697311213270767
0018-0005-0001,True,"xây dựng cơ sở hạ tầng, tập trung cải thiện sản xuất và xuất khẩu, giảm mức lạm phát","Uganda đã dần dần khôi phục và ổn định kinh tế thông qua cải cách tiền tệ, nâng giá các mặt hàng xuất khẩu, cải thiện tiền lương công chức nhà nước. Trong những năm 1990-1999, kinh tế Uganda",8.35641860961914,5.073038101196289,-3.2833805084228516,0.40161546776795437
0018-0005-0002,False,,Uganda,8.307249069213867,6.176262378692627,-2.1309866905212402,0.4777720307300499
0018-0005-0003,False,,Uganda tham gia vào cuộc chiến ở Cộng hòa Dân chủ Congo,7.481283187866211,8.753387451171875,1.272104263305664,0.6954647889700689
0018-0005-0004,True,sự giúp đỡ của nước ngòai và các tổ chức quốc tế,"Uganda tham gia vào cuộc chiến ở Cộng hòa Dân chủ Congo, tình trạng tham nhũng gia tăng và chậm trễ trong quyết định cải cách kinh tế của Chính phủ",8.441776275634766,4.7143025398254395,-3.727473735809326,0.37329370131639183
0018-0005-0005,True,do Uganda tham gia vào cuộc chiến ở Cộng hòa Dân chủ Congo,"Uganda tham gia vào cuộc chiến ở Cộng hòa Dân chủ Congo, tình trạng tham nhũng gia tăng và chậm trễ trong quyết định cải cách kinh tế của Chính phủ",8.45022964477539,5.659849166870117,-2.7903804779052734,0.4338357671781507
0018-0005-0006,True,"cải cách tiền tệ, nâng giá các mặt hàng xuất khẩu, cải thiện tiền lương công chức nhà nước",Uganda,8.451143264770508,4.546041488647461,-3.905101776123047,0.36219274645115296
0018-0005-0007,True,duy trì mức tăng trưởng khả quan,"Uganda tham gia vào cuộc chiến ở Cộng hòa Dân chủ Congo, tình trạng tham nhũng gia tăng và chậm trễ trong quyết định cải cách kinh tế của Chính phủ",7.633758544921875,9.074045181274414,1.440286636352539,0.7049540981978052
0018-0006-0001,False,,Khủng hỏang kinh tế tòan cầu đã ảnh hưởng đến xuất khẩu của Uganda,8.776163101196289,6.899040222167969,-1.8771228790283203,0.4948174525662745
0018-0006-0002,True,"cải cách chính sách tiền tệ, tăng giá các sản phẩm xăng dầu và cải thiện lương công chức nhà nước","kiểm sóat lạm phát, thúc đẩy xuất khẩu và tăng nguồn thu từ xuất khẩu",8.809263229370117,4.651716232299805,-4.1575469970703125,0.34666799997329767
0018-0006-0003,True,sự bất ổn định ở Nam Sudan,sự bất ổn định ở Nam Sudan,8.569229125976562,6.433263778686523,-2.135965347290039,0.47743813132125146
0018-0006-0004,True,Nông nghiệp,Nông nghiệp,8.887077331542969,7.529810428619385,-1.357266902923584,0.5297170327028757
0018-0006-0005,True,một địa điểm quan trọng của các trại tị nạn cho người dân Sudan,Nam Sudan,8.546302795410156,6.084960460662842,-2.4613423347473145,0.4556738211155871
0018-0006-0006,False,,"Nông nghiệp là ngành quan trọng nhất trong nền kinh tế thu hút 80% lao động. Cà phê là nguồn thu xuất khẩu chính. Với sự trợ giúp của các nước và tổ chức nước ngòai, chính phủ Uganda",8.83936882019043,4.412258148193359,-4.42711067199707,0.3304439902275521
0018-0006-0007,True,xuất khẩu,Khủng hỏang kinh tế tòan cầu đã ảnh hưởng đến xuất khẩu của Uganda,8.666889190673828,6.932435512542725,-1.7344536781311035,0.5044046631114939
0018-0006-0008,False,,Nông nghiệp,8.881686210632324,6.780885219573975,-2.1008009910583496,0.47979688439923346
0018-0006-0009,True,từ dầu và thuế,Doanh thu từ dầu và thuế,8.552945137023926,8.619579315185547,0.0666341781616211,0.6228725157369495
0018-0007-0001,True,"chăn nuôi gia súc, và đánh bắt cá","cà phê, chè, ngô, chuối, đường, bông, thuốc lá, khoai tây, hoa, các sản phẩm từ hoa, thịt dê, bò, đậu…",8.684107780456543,6.864567756652832,-1.819540023803711,0.4986868942723963
0018-0007-0002,True,Nông nghiệp,Nông nghiệp,8.798137664794922,6.986879348754883,-1.811258316040039,0.4992434307077496
0018-0007-0003,True,tổng sản phẩm quốc nội,"cà phê, chè, ngô, chuối, đường, bông, thuốc lá, khoai tây, hoa, các sản phẩm từ hoa, thịt dê, bò, đậu…",8.585490226745605,6.794587135314941,-1.790903091430664,0.5006113208651042
0018-0007-0004,False,,"cà phê, chè, ngô, chuối, đường, bông, thuốc lá, khoai tây, hoa, các sản phẩm từ hoa, thịt dê, bò, đậu…",8.607036590576172,6.2270402908325195,-2.3799962997436523,0.4611024369243571
0018-0007-0005,True,"cà phê, chè, ngô, chuối, đường, bông, thuốc lá, khoai tây, hoa, các sản phẩm từ hoa, thịt dê, bò, đậu","cà phê, chè, ngô, chuối, đường, bông, thuốc lá, khoai tây, hoa, các sản phẩm từ hoa, thịt dê, bò, đậu…",8.527692794799805,8.819024085998535,0.29133129119873047,0.6369517237746458
0018-0007-0006,False,,Thu nhập bình quân đầu người của nước này là khỏang 500 USD/người năm 2010,8.703654289245605,7.009149074554443,-1.694505214691162,0.5070888779119148
0018-0007-0007,True,500 USD,Thu nhập bình quân đầu người của nước này là khỏang 500 USD/người năm 2010,8.729640007019043,6.591488838195801,-2.138151168823242,0.47729154300882554
0018-0007-0008,True,Nông nghiệp,Nông nghiệp,6.747137069702148,8.29783821105957,1.5507011413574219,0.7110895514727613
0018-0007-0009,False,,"cà phê, chè, ngô, chuối, đường, bông, thuốc lá, khoai tây, hoa, các sản phẩm từ hoa, thịt dê, bò, đậu…",8.646939277648926,8.32866382598877,-0.31827545166015625,0.598277554037726
0019-0001-0001,True,thứ hai,Texas,8.350029945373535,7.3033623695373535,-1.0466675758361816,0.5504523917048276
0019-0001-0002,True,"bang Chihuahua, Coahuila, Nuevo León, và Tamaulipas",Texas,8.395588874816895,5.456097602844238,-2.9394912719726562,0.4240181912033029
0019-0001-0003,True,Texas,Texas,8.007317543029785,6.896543979644775,-1.1107735633850098,0.5461846647366434
0019-0001-0004,True,"26,1 triệu",Texas,8.236191749572754,6.502792835235596,-1.7333989143371582,0.5044755386823222
0019-0001-0005,True,Oklahoma,Texas,8.4456205368042,6.3186211585998535,-2.1269993782043457,0.47803945881013415
0019-0002-0001,True,Texas,Texas,8.719181060791016,5.41740608215332,-3.3017749786376953,0.4004277819528254
0019-0002-0002,True,Đại Houston,Dallas–Fort Worth và Đại Houston,7.984868049621582,10.154305458068848,2.1694374084472656,0.7440260438045678
0019-0002-0003,True,Texas nguyên là một nước cộng hòa độc lập và nhắc nhở đến cuộc đấu tranh giành độc lập của Texas từ México,Texas có biệt danh là Lone Star State,8.213842391967773,8.285592079162598,0.07174968719482422,0.6231954680245406
0019-0002-0004,True,bằng hữu,Texas,6.952967643737793,7.847901821136475,0.8949341773986816,0.6735771403983087
0019-0002-0005,True,lớn thứ hai,"Houston là thành phố lớn nhất tại Texas và là thành phố lớn thứ tư tại Hoa Kỳ, còn San Antonio là thành phố lớn thứ hai của tiểu bang và lớn thứ bảy tại Hoa Kỳ. Dallas–Fort Worth và Đại Houston",8.67232608795166,6.475111961364746,-2.197214126586914,0.47333215203178786
0019-0003-0001,True,Đứt đọan Balcones,"Texas có các cảnh quan đa dạng tương tự như Nam và Tây Nam Hoa Kỳ. Mặc dù Texas có mối liên hệ phổ biến với các hoang mạc Tây Nam, song chỉ dưới 10 phần trăm diện tích đất của tiểu bang là hoang mạc",8.380475997924805,3.925586462020874,-4.454889535903931,0.3287939925778601
0019-0003-0002,True,dưới 10 phần trăm,chỉ dưới 10 phần trăm diện tích đất của tiểu bang là hoang mạc,7.9386186599731445,6.355751037597656,-1.5828676223754883,0.5145873676714156
0019-0003-0003,True,"thảo nguyên, rừng, và bờ biển",Texas,8.50876522064209,3.217799663543701,-5.290965557098389,0.2812266350553347
0019-0003-0004,True,"biến đổi từ đầm lầy ven biển và rừng thông, đến các đồng bằng gợn sóng và gò đồi gồ ghề, và cuối cùng là hoang mạc và các dãy núi của vùng Big Bend","địa hình của Texas biến đổi từ đầm lầy ven biển và rừng thông, đến các đồng bằng gợn sóng và gò đồi gồ ghề, và cuối cùng là hoang mạc và các dãy núi của vùng Big Bend",7.867103576660156,8.263873100280762,0.39676952362060547,0.643479919923298
0019-0003-0005,True,Nam và Tây Nam Hoa Kỳ,"Texas có mối liên hệ phổ biến với các hoang mạc Tây Nam, song chỉ dưới 10 phần trăm diện tích đất của tiểu bang là hoang mạc",8.52022647857666,2.530526638031006,-5.989699840545654,0.2448616281104649
0019-0004-0001,True,bắt nguồn từ việc lãnh thổ này từng nằm dưới quyền quản lý của một vài quốc gia,sáu quốc kỳ bay trên đất Texas,8.071788787841797,9.761488914489746,1.6897001266479492,0.7187046019757911
0019-0004-0002,True,Tây Ban Nha,Tây Ban Nha là quốc gia châu Âu đầu tiên tuyên bố chủ quyền đối với khu vực Texas,7.716544151306152,8.939346313476562,1.2228021621704102,0.6926507262269685
0019-0004-0003,True,bang thứ 28,bang thứ 28 của Liên bang,8.432628631591797,8.284526824951172,-0.148101806640625,0.609220476230034
0019-0004-0004,True,"thóat ly khỏi Hợp chúng quốc vào đầu năm 1861, và gia nhập vào Liên minh miền Nam",sáu quốc kỳ bay trên đất Texas,8.667682647705078,6.721675872802734,-1.9460067749023438,0.4901894609244058
0019-0004-0005,True,năm 1836,Texas giành độc lập vào năm 1836,8.472040176391602,6.704951763153076,-1.7670884132385254,0.502211676454936
0019-0005-0001,True,bò,bò,7.1858015060424805,8.082601547241211,0.8968000411987305,0.6736874074149695
0019-0005-0002,True,người ta liên hệ Texas với hình ảnh của những chàng cao bồi,"bò. Do là trung tâm của ngành kinh tế này trong một thời gian lâu dài, người ta liên hệ Texas với hình ảnh của những chàng cao bồi",8.573030471801758,7.9792070388793945,-0.5938234329223633,0.5803535678079378
0019-0005-0003,True,một nền kinh tế đa dạng hóa và công nghiệp công nghệ cao,dầu,8.39281177520752,7.158203125,-1.2346086502075195,0.5379218883070312
0019-0005-0004,True,California,"Texas đứng đầu trong các tiểu bang có công ty lọt vào Fortune 500, đồng hạng với California",7.449985504150391,9.336854934692383,1.8868694305419922,0.7292942708454044
0019-0005-0005,True,"nông nghiệp, hóa dầu, năng lượng, máy tính và điện tử, hàng không vũ trụ, và khoa học y sinh","nông nghiệp, hóa dầu, năng lượng, máy tính và điện tử, hàng không vũ trụ, và khoa học y sinh",8.522331237792969,8.165190696716309,-0.35714054107666016,0.5957641272038479
0019-0006-0001,True,"các tiểu bang Chihuahua, Coahuila, Nuevo León, và Tamaulipas",Vùng cán xoong Texas,8.658432006835938,4.664191722869873,-3.9942402839660645,0.35667606654435424
0019-0006-0002,True,sông Rio Grande,sông Rio Grande,8.383283615112305,6.489438056945801,-1.893845558166504,0.49369382094392056
0019-0006-0003,True,sông Sabine,sông Sabine,8.219470024108887,7.642195224761963,-0.5772747993469238,0.5814365417533064
0019-0006-0004,True,kinh độ 103°T,103°T.,7.075688362121582,7.360784530639648,0.2850961685180664,0.6365640636851896
0019-0006-0005,True,mũi cực tây của bang,El Paso nằm ở mũi cực tây của bang- được tạo thành từ vĩ tuyến 32°B và Rio Grande,8.205939292907715,8.252847671508789,0.04690837860107422,0.6216261669691592
0019-0007-0001,True,11 vùng,11 vùng sinh thái riêng biệt,8.220382690429688,7.719732284545898,-0.5006504058837891,0.5864406085904784
0019-0007-0002,True,"Đồng bằng Ven biển vịnh México, Đất thấp nội địa, Đại Bình nguyên, Bồn địa và Núi","Đồng bằng Ven biển vịnh México, Đất thấp nội địa, Đại Bình nguyên, Bồn địa và Núi",8.456851959228516,8.794468879699707,0.3376169204711914,0.6398238776249104
0019-0007-0003,True,các rừng thông dày,Vùng Đồng bằng ven biển bao quanh vịnh México nằm ở phần đông nam của bang. Thảm thực vật trong vùng này gồm có các rừng thông dày,7.754756927490234,9.561455726623535,1.8066987991333008,0.7250187840188561
0019-0007-0004,True,từ Vùng Cán xoong của tiểu bang và Llano Estacado cho đến Vùng Đồi Texas gần Austin,Vùng Cán xoong của tiểu bang và Llano Estacado cho đến Vùng Đồi Texas gần Austin,7.967955589294434,9.285120010375977,1.317164421081543,0.6980240151845443
0019-0007-0005,True,Viễn Tây Texas,"Vùng ""Viễn Tây Texas",8.355674743652344,9.392976760864258,1.037302017211914,0.681934852960678
0019-0008-0001,True,có diện tích rộng lớn và có vị trí nằm tại nơi giao nhau của nhiều vùng khí hậu,"thời tiết trong tiểu bang có sự biến đổi ở mức độ cao. Vùng Cán xoong của tiểu bang có những mùa đông lạnh hơn vùng Bắc Texas, trong khi vùng Ven biển vịnh México có những mùa đông ôn hòa",8.577714920043945,5.94995641708374,-2.627758502960205,0.4446021836941829
0019-0008-0002,True,vùng Ven biển vịnh México,vùng Ven biển vịnh México,6.649997711181641,9.629758834838867,2.9797611236572266,0.7832688794967151
0019-0008-0003,True,220 mm,"Cực tây của tiểu bang là El Paso có lượng mưa trung bình năm là 8,7 inch (220 mm), trong khi các khu vực ở Đông Nam Texas có lượng mưa trung bình năm là 64 inch (1.600 mm)",8.320786476135254,7.7417707443237305,-0.5790157318115234,0.5813226485789793
0019-0008-0004,True,khu vực ở Đông Nam Texas,các khu vực ở Đông Nam Texas,6.709297180175781,8.75595474243164,2.0466575622558594,0.7376899918780896
0019-0008-0005,True,El Paso,Cực tây của tiểu bang là El Paso,8.53511905670166,7.352154731750488,-1.1829643249511719,0.5413706030803896
0019-0009-0001,True,Alonso Álvarez de Pineda,bản đồ Duyên hải Vịnh México,8.234909057617188,8.680099487304688,0.4451904296875,0.6464602961939548
0019-0009-0002,True,bản đồ Duyên hải Vịnh México,Texas là một bản đồ Duyên hải Vịnh México,8.434842109680176,7.631221771240234,-0.8036203384399414,0.5665602819928633
0019-0009-0003,True,một lọai bệnh đường ruột,một lọai bệnh đường ruột,6.9580302238464355,10.721284866333008,3.7632546424865723,0.8168910876610834
0019-0009-0004,True,người Tây Ban Nha,"""một nửa số thổ dân chết vì một lọai bệnh đường ruột",8.275635719299316,8.329300880432129,0.0536651611328125,0.6220532672671586
0019-0009-0005,True,năm 1519,một bản đồ Duyên hải Vịnh México,8.463824272155762,8.004705429077148,-0.4591188430786133,0.5891455159247245
0019-0010-0001,True,Francisco Vasquez de Coronado,Hai lọai người đi quanh các bình nguyên này cùng những con bò,7.502237319946289,9.962105751037598,2.4598684310913086,0.7586091580668407
0019-0010-0002,True,một được gọi là Querechos và dân tộc kia là Teyas,một được gọi là Querechos và dân tộc kia là Teyas,7.396585464477539,10.288949966430664,2.892364501953125,0.7792542816600444
0019-0010-0003,True,da,Hai lọai người đi quanh các bình nguyên này cùng những con bò,8.617286682128906,8.102474212646484,-0.5148124694824219,0.5855170457088692
0019-0010-0004,True,"họ ăn thịt, thậm chí đôi khi là ăn sống, họ thậm chí cũng uống máu khi khát",Hai lọai người đi quanh các bình nguyên này cùng những con bò,8.121975898742676,9.0199556350708,0.897979736328125,0.6737571139866799
0019-0010-0005,True,rất cường tráng,Hai lọai người đi quanh các bình nguyên này cùng những con bò,8.188501358032227,9.232613563537598,1.044112205505371,0.6823317784121005
0019-0011-0001,True,nhà cầm quyền Tây Ban Nha lo ngại rằng Pháp tạo ra mối đe dọa cạnh tranh,San Antonio,8.432212829589844,6.125334739685059,-2.306878089904785,0.46598989385050854
0019-0011-0002,True,người da đỏ kháng cự,"người da đỏ kháng cự, những nhà truyền giáo người Tây Ban Nha trở về México",8.65241527557373,4.652159690856934,-4.000255584716797,0.3563051331861913
0019-0011-0003,True,bắt đầu định cư tại Louisiana,"chính quyền Tây Ban Nha vào năm 1716 phản ứng bằng cách hình thành một lọat các đòan truyền giáo mới ở Đông Texas. Hai năm sau đó, họ thành lập San Antonio",7.410654544830322,7.967033386230469,0.5563788414001465,0.6532608778711714
0019-0011-0004,True,"thành lập San Antonio, khu định cư dân sự đầu tiên của người Tây Ban Nha tại khu vực",chính quyền Tây Ban Nha vào năm 1716 phản ứng bằng cách hình thành một lọat các đòan truyền giáo mới ở Đông Texas,8.156974792480469,7.710095405578613,-0.44687938690185547,0.5899416396734259
0019-0011-0005,True,năm 1716,lọat các đòan truyền giáo mới ở Đông Texas,8.50789737701416,4.5179314613342285,-3.9899659156799316,0.35693974988273824
0019-0012-0001,True,Do các bộ lạc da đỏ có thái độ thù địch và khỏang cách xa từ các thuộc địa lân cận của Tây Ban Nha,các bộ lạc da đỏ,8.835321426391602,4.884548664093018,-3.950772762298584,0.35936157854329454
0019-0012-0002,True,"Comanche, Tonkawa, và Hasinai","Comanche, Tonkawa, và Hasinai",6.860836982727051,10.852951049804688,3.9921140670776367,0.825914250405594
0019-0012-0003,True,Lipan Apache và Karankawa,các bộ lạc Lipan Apache và Karankawa,6.429609298706055,10.17363166809082,3.7440223693847656,0.8161165350071387
0019-0012-0004,True,Lipan Apache,"người Lipan Apache khiến nhiều bộ lạc tức giận, bao gồm Comanche, Tonkawa, và Hasinai",4.031949520111084,10.09653091430664,6.064581394195557,0.8922593896934229
0019-0013-0001,True,thỏa thuận cũng bao gồm cả Texas,nhà cầm quyền Hoa Kỳ khẳng định rằng thỏa thuận cũng bao gồm cả Texas,7.86802864074707,9.9068603515625,2.0388317108154297,0.7372827307179284
0019-0013-0002,True,sông Sabine,Biên giới giữa Tân Tây Ban Nha và Hoa Kỳ cuối cùng được xác định tại sông Sabine,5.694429397583008,9.574978828430176,3.880549430847168,0.8215602038176396
0019-0013-0003,True,México,lãnh thổ Texas trở thành một phần của México,7.09037971496582,9.542747497558594,2.4523677825927734,0.7582397557301808
0019-0013-0004,True,Coahuila và Tejas,"Chiến tranh giành độc lập México kết thúc, lãnh thổ Texas",8.605194091796875,3.9188156127929688,-4.686378479003906,0.3152107101992758
0019-0013-0005,True,Năm 1821,"Năm 1821, Chiến tranh giành độc lập México kết thúc, lãnh thổ Texas trở thành một phần của México",7.622641563415527,8.39509391784668,0.7724523544311523,0.6662972522218737
0019-0014-0001,True,năm 1832,"1832 là cuộc nổi dậy công khai đầu tiên chống lại sự cai trị của México, trùng hợp với một cuộc nổi dậy chống tổng thống ở México",7.782834053039551,7.744121074676514,-0.03871297836303711,0.6161978365675982
0019-0014-0002,True,Liên bang chủ nghĩa,Liên bang chủ nghĩa,6.3004608154296875,8.655805587768555,2.355344772338867,0.7534268003392176
0019-0014-0003,True,đuổi tòan bộ binh sĩ México ra khỏi Đông Texas,Lọan Anahuac,8.50576400756836,5.94596529006958,-2.5597987174987793,0.4491175292721223
0019-0014-0004,True,"thảo luận về yêu cầu được trở thành một tiểu bang riêng, cùng các vấn đề khác",Người Texas tập hợp tại Hội nghị năm 1832 để thảo luận về yêu cầu được trở thành một tiểu bang riêng,8.350318908691406,8.023252487182617,-0.32706642150878906,0.5977094840267604
0019-0014-0005,True,năm 1833,Hội nghị năm 1833,7.736005783081055,8.279016494750977,0.5430107116699219,0.652446483955036
0019-0015-0001,True,phe liên bang chủ nghĩa và phe trung ương tập quyền chủ nghĩa,phe liên bang chủ nghĩa và phe trung ương tập quyền chủ nghĩa,8.607245445251465,6.795591831207275,-1.8116536140441895,0.4992168663575091
0019-0015-0002,True,Ủy ban Tương ứng và An tòan,Ủy ban Tương ứng và An tòan,8.13686752319336,9.176965713500977,1.0400981903076172,0.6820978573184637
0019-0015-0003,True,trận Gonzales,tại trận Gonzales,8.028615951538086,7.825599670410156,-0.2030162811279297,0.6057006472041179
0019-0015-0004,True,hai tháng,người Texas đánh bại tất cả các đội quân México tại khu vực,8.617173194885254,5.159986972808838,-3.457186222076416,0.3904411721963521
0019-0015-0005,True,Texas lâm vào tình trạng không có sự quản lý tòan bộ,Texas lâm vào tình trạng không có sự quản lý tòan bộ,8.057461738586426,9.019908905029297,0.9624471664428711,0.6775546667317592
0019-0016-0001,True,Antonio Lopez de Santa Anna,Tướng Jose de Urrea đánh bại tòan bộ các nỗ lực kháng cự của người Texas dọc theo bờ biển mà đỉnh cao là cuộc tàn sát Goliad,8.619096755981445,2.4032912254333496,-6.215805530548096,0.23379845025266818
0019-0016-0002,True,cuộc tàn sát Goliad,cuộc tàn sát Goliad,8.217670440673828,7.156760215759277,-1.0609102249145508,0.5495048350423927
0019-0016-0003,True,trận Alamo,trận Alamo,8.464783668518066,6.880582332611084,-1.5842013359069824,0.5144978166351185
0019-0016-0004,True,Tin tức về các thất bại gây ra tâm trạng hoang mang trong những người định cư tại Texas,Tin tức về các thất bại gây ra tâm trạng hoang mang trong những người định cư tại Texas,8.678153038024902,4.255699157714844,-4.422453880310059,0.33072100268995563
0019-0016-0005,True,13 ngày,Tướng Jose de Urrea đánh bại tòan bộ các nỗ lực kháng cự của người Texas dọc theo bờ biển mà đỉnh cao là cuộc tàn sát Goliad,8.485107421875,5.716263294219971,-2.7688441276550293,0.4352582291080105
0019-0017-0001,True,ngày 2 tháng 3,Các đại biểu người Texas mới được bầu cho Hội nghị 1836 nhanh chóng ký kết một bản Tuyên ngôn độc lập vào ngày 2 tháng 3,7.851777076721191,6.546369552612305,-1.3054075241088867,0.5331882291553658
0019-0017-0002,True,Hội nghị 1836,Hội nghị 1836,7.522440433502197,8.591177940368652,1.068737506866455,0.6837648275865517
0019-0017-0003,True,những người định cư khác tại Texas trong Runaway Scrape,Chính phủ mới liên hiệp với những người định cư khác tại Texas,8.575942993164062,4.402948379516602,-4.172994613647461,0.3457281301282622
0019-0017-0004,True,Sam Houston,Quân đội Texas dưới quyền chỉ huy của Sam Houston tiến công và đánh bại các lực lượng của Santa Anna,8.743366241455078,4.1709136962890625,-4.572452545166016,0.32185803061236556
0019-0017-0005,True,Hiệp ước Velasco,Quân đội Texas dưới quyền chỉ huy của Sam Houston tiến công và đánh bại các lực lượng của Santa Anna trong trận San Jacinto. Santa Anna bị bắt và buộc phải ký vào các Hiệp ước Velasco,8.519442558288574,5.96002197265625,-2.559420585632324,0.4491426770769096
0019-0018-0001,True,Mirabeau B. Lamar,Phe dân tộc chủ nghĩa do Mirabeau B. Lamar,8.20559310913086,8.407524108886719,0.20193099975585938,0.6313765792997317
0019-0018-0002,True,phía Thái Bình Dương,"Phe dân tộc chủ nghĩa do Mirabeau B. Lamar lãnh đạo, chủ trương Texas tiếp tục độc lập, trục xuất người da đỏ, và mở rộng nước Cộng hòa về phía Thái Bình Dương",8.696512222290039,5.9421186447143555,-2.7543935775756836,0.4362132779067999
0019-0018-0003,True,Sam Houston,Phe dân tộc chủ nghĩa,8.448561668395996,7.458982467651367,-0.9895792007446289,0.5542467130383179
0019-0018-0004,True,sáp nhập Texas và Hợp chúng quốc Hoa Kỳ và cùng tồn tại hòa bình với người da đỏ,Phe dân tộc chủ nghĩa,8.56588077545166,6.442440986633301,-2.1234397888183594,0.4782782102566583
0019-0018-0005,True,Chiến tranh Lưu trữ Texas,Chiến tranh Lưu trữ Texas,6.957400798797607,8.912266731262207,1.9548659324645996,0.7328875756823502
0019-0019-0001,True,tiến hành một số nỗ lực nhằm thượng lượng về việc sáp nhập vào Hợp chúng quốc Hoa Kỳ,nước Cộng hòa đã tiến hành một số nỗ lực nhằm thượng lượng về việc sáp nhập vào Hợp chúng quốc Hoa Kỳ,8.371156692504883,6.841943740844727,-1.5292129516601562,0.5181891249193151
0019-0019-0002,True,"Sự phản đối bên trong nước cộng hòa đến từ phe dân tộc chủ nghĩa, cùng với phe phản đối phế nô mạnh mẽ tại Hoa Kỳ",Texas gia nhập vào Hợp chúng quốc Hoa Kỳ với địa vị là một tiểu bang cấu thành của Liên bang,8.42371654510498,7.147188663482666,-1.2765278816223145,0.5351199114716746
0019-0019-0003,True,nhân vật bành trướng chủ nghĩa James K. Polk giành chiến thắng trong cuộc bầu cử Tổng thống Hoa Kỳ,Texas cuối cùng được sáp nhập vào Hoa Kỳ khi nhân vật bành trướng chủ nghĩa James K. Polk giành chiến thắng trong cuộc bầu cử Tổng thống Hoa Kỳ năm 1844,6.827289581298828,8.973045349121094,2.1457557678222656,0.7428118025310337
0019-0019-0004,True,ngày 29 tháng 12 năm 1845,Texas gia nhập vào Hợp chúng quốc Hoa Kỳ,7.638345241546631,7.816539287567139,0.1781940460205078,0.629890319597701
0019-0019-0005,True,một tiểu bang cấu thành của Liên bang,Texas gia nhập vào Hợp chúng quốc Hoa Kỳ với địa vị là một tiểu bang cấu thành của Liên bang,6.033946990966797,9.2183256149292,3.1843786239624023,0.7924604228989885
0019-0020-0001,True,đọan tuyệt quan hệ ngọai giao với Hoa Kỳ,Hoa Kỳ có sức mạnh quân sự và ý chí chính trị để thực hiện điều đó. Tổng thống Polk ra lệnh cho Tướng Zachary Taylor tiến về phía nam đến Rio Grande vào ngày 13 tháng 1 năm 1846,8.764139175415039,3.5497336387634277,-5.214405536651611,0.2854052311626611
0019-0020-0002,True,sông Nueces,"biên giới của Texas kéo dài đến Rio Grande, México tuyên bố rằng đó là sông Nueces",8.732357025146484,4.714173316955566,-4.018183708190918,0.35520061956161897
0019-0020-0003,True,Hoa Kỳ có sức mạnh quân sự và ý chí chính trị,Hoa Kỳ có sức mạnh quân sự và ý chí chính trị,8.661908149719238,7.134332656860352,-1.5275754928588867,0.5182990172508216
0019-0020-0004,True,tiến về phía nam đến Rio Grande,Tướng Zachary Taylor tiến về phía nam đến Rio Grande,6.4694743156433105,9.838869094848633,3.3693947792053223,0.8005209648817877
0019-0020-0005,True,Texas,"bao vây Fort Texas, trận Palo Alto và trận Resaca de la Palma",7.841062545776367,10.608518600463867,2.7674560546875,0.7734245447611494
0019-0021-0001,True,cuộc bầu cử tổng thống,Texas lại bước vào trong tình trạng chiến tranh sau cuộc bầu cử tổng thống năm 1860,8.52895736694336,5.498781204223633,-3.0301761627197266,0.41807610865392214
0019-0021-0002,True,Năm tiểu bang,Năm tiểu bang khác ở vùng Hạ Nam cũng nhanh chóng làm theo Nam Carolina,7.56210994720459,9.235179901123047,1.673069953918457,0.7177999750952363
0019-0021-0003,True,thông qua một Sắc lệnh Ly khai khỏi Hợp chúng quốc Hoa Kỳ,Hội nghị thông qua một Sắc lệnh Ly khai khỏi Hợp chúng quốc Hoa Kỳ,7.936965465545654,8.093017578125,0.1560521125793457,0.628501706970178
0019-0021-0004,True,Liên minh miền Nam Hoa Kỳ,Texas gia nhập vào Liên minh miền Nam Hoa Kỳ,8.284767150878906,6.564861297607422,-1.7199058532714844,0.5053821972458351
0019-0021-0005,True,ngày 23 tháng 2 năm 1861,Các cử tri Texas chấp thuận Sắc lệnh này,7.951296806335449,7.256856918334961,-0.6944398880004883,0.5737527289511909
0019-0022-0001,True,đóng góp một lượng lớn binh lính và khí tài cho phần còn lại của Liên minh quốc,Texas trong việc là một tiểu bang tiếp tế,8.450173377990723,5.652951240539551,-2.797222137451172,0.43338410692305285
0019-0022-0002,True,cảng chính của tiểu bang là Galveston,Quân đội Liên bang từng chiếm được cảng chính của tiểu bang là Galveston,8.32130241394043,8.421035766601562,0.09973335266113281,0.6249601899643319
0019-0022-0003,True,Liên bang chiếm được sông Mississippi,Texas trong việc là một tiểu bang tiếp tế chấm dứt vào giữa năm 1863 sau khi Liên bang chiếm được sông Mississippi,7.856067657470703,8.263677597045898,0.4076099395751953,0.644148138728639
0019-0022-0004,True,Palmito Ranch ở gần Brownsville,Texas,8.457500457763672,5.571932792663574,-2.8855676651000977,0.42756206908078637
0019-0023-0001,True,Đại khủng hỏang và Dust Bowl,Đại khủng hỏang và Dust Bowl,8.51263427734375,10.626899719238281,2.1142654418945312,0.7411913604099459
0019-0023-0002,True,những khu vực tồi tệ nhất của Texas,những khu vực tồi tệ nhất của Texas,7.356585502624512,8.423452377319336,1.0668668746948242,0.6836560896599265
0019-0023-0003,True,miền Bắc Hoa Kỳ hay California,những người da đen rời khỏi Texas trong cuộc Đại di cư để đến làm việc tại miền Bắc Hoa Kỳ hay California và để thóat khỏi áp bức phân biệt chủng tộc,8.097021102905273,9.352718353271484,1.255697250366211,0.6945299181168534
0019-0023-0004,True,người da trắng không nói tiếng Tây Ban Nha,người da trắng không nói tiếng Tây Ban Nha,8.306676864624023,7.607324123382568,-0.6993527412414551,0.5734297323133088
0019-0023-0005,True,74%,"người da trắng không nói tiếng Tây Ban Nha), 14,4 cư dân là người da đen, và 11,5 cư dân là người nói tiếng Tây Ban Nha",7.283781051635742,7.992459774017334,0.7086787223815918,0.6624748733769769
0019-0024-0001,True,"xây dựng các căn cứ quân sự, các nhà máy vũ khí, các trại giam giữ tù binh chiến tranh và viện quân y","liên bang đổ tiền vào việc xây dựng các căn cứ quân sự, các nhà máy vũ khí, các trại giam giữ tù binh chiến tranh và viện quân y",8.505105972290039,7.8393402099609375,-0.6657657623291016,0.5756366521627928
0019-0024-0002,True,750.000 thanh niên,750.000 thanh niên ở lại phục vụ,7.656473159790039,7.3854498863220215,-0.2710232734680176,0.601326422048928
0019-0024-0003,True,mức lương cao hơn,Texas,8.459931373596191,6.117560386657715,-2.3423709869384766,0.46361656001335844
0019-0024-0004,True,thứ 11,Texas,7.972520351409912,8.055049896240234,0.08252954483032227,0.6238756634643788
0019-0024-0005,True,"3,1 phần trăm","Texas chế tạo ra 3,1 phần trăm tổng số quân giới",5.013009071350098,8.715676307678223,3.702667236328125,0.8144424241128034
0019-0025-0001,True,công chúng,Thư ký Chính quyền,8.696447372436523,6.89846134185791,-1.7979860305786133,0.5001353407152552
0019-0025-0002,True,Bob Bullock,Bob Bullock,7.183835983276367,9.70936393737793,2.5255279541015625,0.7618263962530125
0019-0025-0003,True,Bộ trưởng đất đai,"Bộ trưởng tài chính công (Comptroller of Public Accounts), Bộ trưởng đất đai",7.2810773849487305,9.676349639892578,2.3952722549438477,0.7554152319131987
0019-0025-0004,True,ba thành viên,Bộ trưởng Giáo dục,6.304627418518066,9.010004043579102,2.705376625061035,0.7704869621579876
0019-0025-0005,True,Texas có một hệ thống gồm nhiều nhánh hành pháp,Hệ thống bầu cử này dẫn đến việc một số nhánh hành pháp bị phân chia giữa các đảng. Khi Tổng thống Cộng hòa George W. Bush giữ chức thống đốc của Texas,8.594524383544922,6.5052995681762695,-2.0892248153686523,0.4805735928525031
0019-0026-0001,True,Cơ quan tư pháp,Cơ quan tư pháp của Texas,8.117783546447754,8.746131896972656,0.6283483505249023,0.6576298007453073
0019-0026-0002,True,hai tòa án,Texas áp dụng hình phạt tử hình,8.537932395935059,6.596749305725098,-1.941183090209961,0.4905134965429999
0019-0026-0003,True,"Tòa Thượng thẩm Texas với các trường hợp dân sự, và Tòa Chống án Tội phạm Texas","Tòa Thượng thẩm Texas với các trường hợp dân sự, và Tòa Chống án Tội phạm Texas",6.704022407531738,11.10689926147461,4.402876853942871,0.8412232039943389
0019-0026-0004,True,khi hình phạt này được phục hồi trong vụ án Gregg v. Georgia,Texas áp dụng hình phạt tử hình; dẫn đầu tại Hoa Kỳ về số vụ hành quyết kể từ khi hình phạt này được phục hồi trong vụ án Gregg v. Georgia,6.819160461425781,9.710983276367188,2.8918228149414062,0.7792292336537391
0019-0026-0005,True,Thống đốc,Thống đốc bổ nhiệm người vào những vị trí còn trống. Texas áp dụng hình phạt tử hình,8.606218338012695,7.067349910736084,-1.5388684272766113,0.5175410959509715
0019-0027-0001,True,Sư đòan biệt động Texas (Texas Ranger Division),Sư đòan biệt động Texas,6.65477180480957,10.113334655761719,3.4585628509521484,0.804320909287232
0019-0027-0002,True,"cảnh sát chống bạo động và trinh thám, bảo vệ thống đốc, truy nã đối tượng phạm tội, và họat động như một lực lượng bán quân sự của nước cộng hòa và bang",Sư đòan biệt động Texas (Texas Ranger Division) của Cơ quan Công an Texas,8.463787078857422,4.841601371765137,-3.622185707092285,0.3799381723030731
0019-0027-0003,True,năm 1835,1835,7.926907539367676,5.914816379547119,-2.0120911598205566,0.48575112539079834
0019-0027-0004,True,"các vụ phạm tội khác nhau, từ giết người đến tham nhũng chính trị","Biệt động Texas điều tra các vụ phạm tội khác nhau, từ giết người đến tham nhũng chính trị",8.619142532348633,4.052116394042969,-4.567026138305664,0.3221764838801546
0019-0027-0005,True,Stephen F. Austin,Sư đòan biệt động Texas (Texas Ranger Division) của Cơ quan Công an Texas,8.33407974243164,5.51142692565918,-2.822652816772461,0.43170624631513166
0019-0028-0001,True,bảo thủ tài chính và xã hội,"Austin, Dallas, Houston, và San Antonio luôn nghiêng về Đảng Dân chủ",8.873628616333008,4.113919734954834,-4.759708881378174,0.31097150394719997
0019-0028-0002,True,"60,1% số phiếu",ứng cử viên Cộng hòa George W. Bush,8.70223617553711,6.707225799560547,-1.9950103759765625,0.4868981116352244
0019-0028-0003,True,John McCain,John McCain,6.600799560546875,9.36224365234375,2.761444091796875,0.7731412265134116
0019-0028-0004,True,các khu vực nông thôn và ngọai ô,"Các quân dọc theo Rio Grande gần biên giới với México thường bỏ phiếu cho những người Dân chủ, trong khi hầu hết các khu vực nông thôn và ngọai ô",7.816005706787109,9.244858741760254,1.4288530349731445,0.704314448235385
0019-0028-0005,True,"Austin, Dallas, Houston, và San Antonio","Các quân dọc theo Rio Grande gần biên giới với México thường bỏ phiếu cho những người Dân chủ, trong khi hầu hết các khu vực nông thôn và ngọai ô",8.53651237487793,7.869436264038086,-0.6670761108398438,0.5755506082229598
0019-0029-0001,True,Đảng Cộng hòa,Đảng Cộng hòa,7.390015125274658,10.392139434814453,3.002124309539795,0.7842876144744985
0019-0029-0002,True,24 đơn vị,24 đơn vị do Đảng Cộng hòa nắm giữ và 12 đơn vị do Đảng Dân chủ,5.470978736877441,9.708768844604492,4.237790107727051,0.835205924873946
0019-0029-0003,True,năm 1994,Từ năm 1994,7.704265594482422,8.889143943786621,1.1848783493041992,0.6904763031122801
0019-0029-0004,True,"chủ yếu từ một số nhóm thiểu số ở Đông Texas và Nam Texas cũng như cử tri thành thị, đặc biệt là Beaumont, El Paso, Austin, San Antonio, Dallas, và Houston","một số nhóm thiểu số ở Đông Texas và Nam Texas cũng như cử tri thành thị, đặc biệt là Beaumont, El Paso, Austin, San Antonio, Dallas, và Houston",8.642489433288574,6.859807968139648,-1.7826814651489258,0.5011638204102037
0019-0029-0005,True,36 đơn vị,24 đơn vị do Đảng Cộng hòa nắm giữ và 12 đơn vị do Đảng Dân chủ,5.943354606628418,9.058198928833008,3.11484432220459,0.7893695508063272
0019-0030-0001,True,"Người Đức, người Ireland, và người Anh","Người Đức, người Ireland, và người Anh",8.187631607055664,9.505825996398926,1.3181943893432617,0.698082370228137
0019-0030-0002,True,"2,7 triệu người",Người Mỹ gốc Ireland,8.130087852478027,8.272796630859375,0.14270877838134766,0.6276638633012264
0019-0030-0003,True,"2,0%",472.000 người Mỹ gốc Ý,7.268795967102051,9.035634994506836,1.7668390274047852,0.7228775365873902
0019-0030-0004,True,27%,người Anh,8.391294479370117,8.092586517333984,-0.2987079620361328,0.5995410506384394
0019-0030-0005,True,khỏang 600.000 người,600.000 người Mỹ gốc Pháp và 472.000 người Mỹ gốc Ý,7.792445659637451,8.617046356201172,0.8246006965637207,0.6694067167512313
0019-0031-0001,True,người gốc Âu không có nguồn gốc Mỹ Latinh và Iberia,Người gốc Mỹ Latinh hoặc Iberia,8.362722396850586,8.949270248413086,0.5865478515625,0.6550954903256118
0019-0031-0002,True,36%,Người gốc Mỹ Latinh hoặc Iberia là nhóm cư dân lớn thứ hai tại Texas sau người gốc Âu không có nguồn gốc Mỹ Latinh và Iberia,8.049552917480469,7.377416610717773,-0.6721363067626953,0.5752182878800558
0019-0031-0003,True,gần 38.000 người,Người gốc Mỹ Latinh hoặc Iberia,8.316879272460938,5.442216396331787,-2.8746628761291504,0.42827965242541105
0019-0031-0004,True,"Costa Rica, Venezuela, và Argentina",Người gốc Mỹ Latinh hoặc Iberia,8.458115577697754,6.842814922332764,-1.6153006553649902,0.5124094280317513
0019-0031-0005,True,"7,3 triệu người","7,3 triệu người có nguồn gốc México",7.743962287902832,7.8637614250183105,0.11979913711547852,0.626223551915268
0019-0032-0001,True,"Houston, San Antonio, và Dallas","Dallas–Fort Worth–Arlington, Houston–Sugar Land–Baytown, San Antonio–New Braunfels, và Austin–Round Rock–San Marcos",8.597586631774902,7.6843366622924805,-0.9132499694824219,0.559309921886401
0019-0032-0002,True,sáu thành phố,"Austin, Fort Worth, và El Paso",7.164951324462891,9.970626831054688,2.805675506591797,0.775219810797987
0019-0032-0003,True,20 thành phố lớn nhất Hoa Kỳ,"Austin, Fort Worth, và El Paso",7.728451728820801,10.073174476623535,2.3447227478027344,0.7528959844622193
0019-0032-0004,True,"Dallas–Fort Worth–Arlington, Houston–Sugar Land–Baytown, San Antonio–New Braunfels, và Austin–Round Rock–San Marcos","Dallas–Fort Worth–Arlington, Houston–Sugar Land–Baytown, San Antonio–New Braunfels, và Austin–Round Rock–San Marcos",7.8939690589904785,10.00820541381836,2.114236354827881,0.7411898605681205
0019-0032-0005,True,Houston,"Dallas–Fort Worth–Arlington, Houston–Sugar Land–Baytown, San Antonio–New Braunfels, và Austin–Round Rock–San Marcos",7.178688049316406,10.03323745727539,2.8545494079589844,0.7775007926505625
0019-0033-0001,True,Ba xa lộ,I-35,8.259807586669922,7.044693470001221,-1.2151141166687012,0.5392241425185816
0019-0033-0002,True,San Antonio đến Houston,I-35,8.407480239868164,5.797399520874023,-2.6100807189941406,0.44577587179327094
0019-0033-0003,True,60.000 dặm vuông Anh,Vùng này có diện tích 60.000 dặm vuông Anh (160.000 km2),6.476490020751953,8.179254531860352,1.7027645111083984,0.7194140224689635
0019-0033-0004,True,gần 75%,17 triệu cư dân hay gần 75% dân số tòan bang,7.162339210510254,8.910371780395508,1.748032569885254,0.7218637005493114
0019-0033-0005,True,Georgia,"Texas có 254 quận, nhiều hơn bất kỳ tiểu bang nào khác trong nước, xếp sau là Georgia",8.076620101928711,7.0129547119140625,-1.0636653900146484,0.5493214935420828
0019-0034-0001,True,các thế kỷ XVIII và XIX,Ngòai văn hóa truyền thống vốn hình thành trong các thế kỷ XVIII và XIX,8.51461124420166,6.06111478805542,-2.4534964561462402,0.4561969767680615
0019-0034-0002,True,một nồi nung chảy các văn hóa từ khắp thế giới,nhập cư biến Texas thành một nồi nung chảy các văn hóa từ khắp thế giới. Texas,8.709779739379883,5.520071029663086,-3.189708709716797,0.40768128666068065
0019-0034-0003,True,hình ảnh cao bồi thể hiện trong phim Viễn Tây và nhạc đồng quê miền tây,"Texas ghi dấu mạnh trong văn hóa đại chúng quốc gia và quốc tế, bang gắn liền chặt chẽ với hình ảnh cao bồi thể hiện trong phim Viễn Tây và nhạc đồng quê miền tây",8.622915267944336,5.970052242279053,-2.652863025665283,0.4429364738458394
0019-0034-0004,True,"miền Nam, miền Tây, và miền Tây Nam","miền Nam, miền Tây, và miền Tây Nam",7.675598621368408,9.926738739013672,2.2511401176452637,0.748186273503826
0019-0035-0001,True,có các công ty thường trực chuyên nghiệp về mọi lọai hình nghệ thuật biểu diễn chính,"Nhà hát Lớn Houston, Dàn nhạc giao hưởng Houston, đòan ba-lê Houston, và Sân khấu Alley",8.765904426574707,6.580321311950684,-2.1855831146240234,0.47411160832713073
0019-0035-0002,True,"Nhà hát Lớn Houston, Dàn nhạc giao hưởng Houston, đòan ba-lê Houston, và Sân khấu Alley","Nhà hát Lớn Houston, Dàn nhạc giao hưởng Houston, đòan ba-lê Houston, và Sân khấu Alley",8.74125862121582,5.946008682250977,-2.7952499389648438,0.43351429262175556
0019-0035-0003,True,giữa khu trung tâm Houston,"Khu sân khấu Houston nằm giữa khu trung tâm Houston và được xếp hạng thứ nhì tòan quốc về số ghế sân khấu trong một khu vực trung tâm tập trung, í.948 ghế cho biểu diễn trực tiếp và 1.480 ghế xem phim",8.76639461517334,6.84951639175415,-1.9168782234191895,0.49214631484645754
0019-0035-0004,True,số ghế sân khấu trong một khu vực trung tâm tập trung,"số ghế sân khấu trong một khu vực trung tâm tập trung, í.948 ghế cho biểu diễn trực tiếp và 1.480 ghế xem phim",7.130210876464844,9.812723159790039,2.6825122833251953,0.7693983124356094
0019-0035-0005,True,1.480 ghế,948 ghế cho biểu diễn trực tiếp và 1.480 ghế xem phim,6.193000316619873,9.851690292358398,3.6586899757385254,0.8126492803986266
0019-0036-0001,True,$7.275,Texas chi $7.275 cho mỗi học sinh,7.129743576049805,9.495706558227539,2.3659629821777344,0.7539566583621234
0019-0036-0002,True,"14,9",Tỷ lệ học sinh/giáo viên,8.49634075164795,6.355556488037109,-2.14078426361084,0.47711496429141653
0019-0036-0003,True,quyền đánh thuế cư dân của họ và trưng thu các tài sản thuộc sở hữu cá nhân,Các khu vực trường học có quyền đánh thuế cư dân của họ và trưng thu các tài sản thuộc sở hữu cá nhân,8.454364776611328,7.207493782043457,-1.246870994567871,0.5371024851859828
0019-0036-0004,True,chuyển thuế tài sản từ các khu vực trường học thịnh vượng sang các khu vực trường học nghèo hơn,Kế họach này chuyển thuế tài sản từ các khu vực trường học thịnh vượng sang các khu vực trường học nghèo hơn,8.438437461853027,6.381967544555664,-2.0564699172973633,0.48277179314039403
0019-0036-0005,True,trên 1.000 khu vực,Texas có trên 1.000 khu vực trường học,7.946083068847656,7.940221309661865,-0.005861759185791016,0.6182840871012804
0019-0037-0001,True,thứ nhì,"Texas có tổng sản phẩm tiểu bang là (GSP) là 1.207 tỷ đô la Mỹ, xếp hạng thứ nhì tại Hoa Kỳ",7.736169815063477,8.908553123474121,1.1723833084106445,0.6897580235921535
0019-0037-0002,True,thứ 11 và 12,GDP của Ấn Độ hay Canada,7.8101396560668945,8.669400215148926,0.8592605590820312,0.6714652527941085
0019-0037-0003,True,"California, và Tokyo","Nền kinh tế Texas lớn thứ tư trong số các đơn vị hành chính cấp một quốc gia trên tòan cầu, sau Anh (một phần của Liên hiệp Vương quốc Anh), California, và Tokyo",7.848849773406982,10.011398315429688,2.162548542022705,0.7436732154763214
0019-0037-0004,True,"6,2%","6,2%",6.726012229919434,9.063230514526367,2.3372182846069336,0.7525205004265703
0019-0037-0005,True,năm 2009,Thu nhập bình quân đầu người của Texas vào năm 2009,7.877485752105713,8.4112548828125,0.5337691307067871,0.6518829595519517
0019-0038-0001,True,Texas,Texas,8.085923194885254,7.5279388427734375,-0.5579843521118164,0.5826979544562572
0019-0038-0002,True,cừu và dê,Texas dẫn đầu tòan quốc về sản lượng vật nuôi. Bò nhà,8.422483444213867,6.875860691070557,-1.5466227531433105,0.5170206201600022
0019-0038-0003,True,"sản xuất xi măng, đá dăm, vôi, muối, cát và sỏi","Texas dẫn đầu về sản xuất xi măng, đá dăm, vôi, muối, cát và sỏi",3.877319812774658,9.440240859985352,5.562921047210693,0.878593939718502
0019-0038-0004,True,dẫn đầu,Texas dẫn đầu tòan quốc về sản xuất bông,8.34860610961914,8.451281547546387,0.1026754379272461,0.6251455335823672
0019-0038-0005,True,Bò nhà,Bò nhà,8.36523151397705,9.287012100219727,0.9217805862426758,0.6751618298243262
0019-0039-0001,True,phong điện,Trại phong điện Roscoe,8.28033447265625,7.092638969421387,-1.1876955032348633,0.5410548233421173
0019-0039-0002,True,"781,5 megawatt (MW)","Trại phong điện Roscoe ở Roscoe, Texas, là một trong các trại phong điện lớn nhất thế giới tính đến năm 2009 với công suất 781,5 megawatt (MW)",5.251741409301758,9.578815460205078,4.32707405090332,0.838482676802547
0019-0039-0003,True,một lượng sinh khối khổng lồ để sử dụng trong ngành năng lượng sinh học,ngành nông nghiệp và lâm nghiệp lớn mạnh có thể cung cấp cho Texas một lượng sinh khối khổng lồ để sử dụng trong ngành năng lượng sinh học,7.7684502601623535,8.700547218322754,0.9320969581604004,0.6757697217071362
0019-0039-0004,True,năng lượng tái tạo thương mại hóa,"Trại phong điện Roscoe ở Roscoe, Texas, là một trong các trại phong điện lớn nhất thế giới tính đến năm 2009 với công suất 781,5 megawatt (MW)",8.794771194458008,3.9265477657318115,-4.868223428726196,0.3047561955812008
0019-0039-0005,True,điện mặt trời,Texas cũng là tiểu bang có tiềm năng phát triển điện mặt trời,8.628376007080078,5.3953399658203125,-3.2330360412597656,0.40487196048408036
0019-0040-0001,True,năm 1948,"Tuyến đường cao tốc đầu tiên tại Texas là Gulf Freeway, mở cửa vào năm 1948 tại Houston",8.650910377502441,7.599305629730225,-1.0516047477722168,0.5501239651085065
0019-0040-0002,True,Sân bay quốc tế Dallas-Forth Worth (DFW),Sân bay quốc tế Dallas-Forth Worth (DFW),8.161993026733398,9.748230934143066,1.586237907409668,0.7130480484855376
0019-0040-0003,True,khỏang 1.150 hải cảng,Cảng Houston,8.456827163696289,3.497694969177246,-4.959132194519043,0.299603406263733
0019-0040-0004,True,số tấn hàng hóa,số tấn hàng hóa,7.71040153503418,9.822875022888184,2.112473487854004,0.7410989497584213
0019-0040-0005,True,Cảng Houston,Cảng Houston,7.742152214050293,9.372093200683594,1.6299409866333008,0.7154456943565333
0019-0041-0001,True,"Houston Rockets, San Antonio Spurs, và Dallas Mavericks",Texas cũng có một đội tuyển WNBA (San Antonio) và hai đội tuyển MLS (Houston Dynamo VÀ FC Dallas),7.967150688171387,9.4628267288208,1.495676040649414,0.7080414169502707
0019-0041-0002,True,hai đội tuyển,hai đội tuyển NFL,6.449260711669922,9.618406295776367,3.1691455841064453,0.791786173647571
0019-0041-0003,True,"có các đội tuyển thể thao tham gia tòan bộ giải đấu chuyên nghiệp ""Big Four",Texas cũng có một đội tuyển WNBA (San Antonio) và hai đội tuyển MLS (Houston Dynamo VÀ FC Dallas),7.630825519561768,9.742172241210938,2.11134672164917,0.7410408316954247
0019-0041-0004,True,một đội tuyển WNBA (San Antonio) và hai đội tuyển MLS (Houston Dynamo VÀ FC Dallas,một đội tuyển WNBA (San Antonio) và hai đội tuyển MLS (Houston Dynamo VÀ FC Dallas),4.899410247802734,10.286091804504395,5.38668155670166,0.8734494219836013
0019-0042-0001,True,bóng bầu dục Mỹ,bóng bầu dục Mỹ,8.293087005615234,9.44706916809082,1.153982162475586,0.6886985632124834
0019-0042-0002,True,10 trường,"10 trường Division I-FBS, đông nhất tòan quốc",6.487868785858154,8.89474868774414,2.4068799018859863,0.7559912665659043
0019-0042-0003,True,"Baylor Bears, Texas Longhorns, TCU Horned Frogs, và Texas Tech Red Raiders","Bốn trong số các đội tuyển đại học của bang là Baylor Bears, Texas Longhorns, TCU Horned Frogs, và Texas Tech Red Raiders",7.786171913146973,9.286951065063477,1.500779151916504,0.708324899647331
0019-0042-0004,True,Texas A&M Aggies rời khỏi Big 12 và tham gia Southeastern Conference vào năm 2012,Texas A&M Aggies rời khỏi Big 12 và tham gia Southeastern Conference vào năm 2012,7.362592697143555,10.907733917236328,3.5451412200927734,0.8079578341986738
0019-0042-0005,True,Mountain West Conference,Texas A&M Aggies rời khỏi Big 12 và tham gia Southeastern Conference,7.769500732421875,10.397579193115234,2.6280784606933594,0.7667920048621295
