question_id,question,gold_answer,predicted_answer,has_gold_answer,predicted_no_answer,em,f1,reader_confidence,no_answer_score,best_span_score,score_margin,error_type
0001-0001-0001,Paris đạt được thành quả gì sau khỏang 4 thế kỷ tính từ ngày Cách mạng Pháp diễn ra?,"trở thành một trong những trung tâm văn hóa của thế giới, thủ đô của nghệ thuật và giải trí",,True,True,0,0.0,1.0,13.121163368225098,-2.9493608474731445,-13.121163368225098,ANSWERABLE_PREDICTED_EMPTY
0001-0001-0002,Vị trí địa lý của Pháp có gì đặc biệt?,,,False,True,1,1.0,1.0,11.713478446006775,-1.5605090856552124,-11.713478446006775,CORRECT_NO_ANSWER
0001-0001-0003,Kinh tế xung quanh kinh đô ánh sáng mạnh về gì?,giáo dục và nghệ thuật,vùng nông nghiệp,True,False,0,0.0,1.0,3.256084442138672,6.88983154296875,-3.256084442138672,WRONG_SPAN
0001-0001-0004,Cuộc cách mạng Pháp diễn ra ở đâu?,Paris,,True,True,0,0.0,1.0,6.648950099945068,3.488860607147217,-6.648950099945068,ANSWERABLE_PREDICTED_EMPTY
0001-0001-0005,Kinh đô ánh sáng nổi tiếng về lĩnh vực gì?,nghệ thuật và giải trí,của nghệ thuật và,True,False,0,0.6666666666666665,1.0,2.084095001220703,8.036087989807129,-2.084095001220703,SPAN_TOO_SHORT
0001-0001-0006,Paris là một thành phố quan trọng của nước Pháp bắt đầu từ thời gian nào?,thế kỷ 10,,True,True,0,0.0,1.0,4.382551193237305,5.75922966003418,-4.382551193237305,ANSWERABLE_PREDICTED_EMPTY
0001-0001-0007,Vị trí địa lý của Paris có gì đặc biệt?,nằm ở điểm gặp nhau của các hành trình thương mại đường bộ và đường sông,,True,True,0,0.0,1.0,11.024749875068665,-0.8699408769607544,-11.024749875068665,ANSWERABLE_PREDICTED_EMPTY
0001-0002-0001,Điều gì đã nói lên Paris là thành phố lý tưởng để khách du lịch?,Kinh đô ánh sáng,". Sự nhộn nhịp, các công trình kiến trúc và không khí",True,False,0,0.0,1.0,2.746216297149658,7.385440349578857,-2.746216297149658,WRONG_SPAN
0001-0002-0002,Người ta đến với Paris vì điều gì?,"Sự nhộn nhịp, các công trình kiến trúc và không khí nghệ sĩ",,True,True,0,0.0,1.0,4.86179256439209,5.291274070739746,-4.86179256439209,ANSWERABLE_PREDICTED_EMPTY
0001-0002-0003,Điều gì đã nói lên New York là thành phố lý tưởng để khách du lịch?,,,False,True,1,1.0,1.0,6.225881099700928,3.932772159576416,-6.225881099700928,CORRECT_NO_ANSWER
0001-0002-0004,Điều gì đã khiến tòan cầu trở thành nơi trung chuyển trên Paris?,,"với những họat động đa dạng về tài chính, kinh doanh, chính trị và",False,False,0,0.0,1.0,1.634744644165039,8.512962341308594,-1.634744644165039,UNANSWERABLE_FALSE_POSITIVE
0001-0002-0005,Kinh đô ánh sáng nổi tiếng như thế nào trong lĩnh vực thời trang mua sắm?,Thành phố còn được xem như kinh đô của thời trang cao cấp với nhiều khu phố xa xỉ cùng các trung tâm thương mại lớn,,True,True,0,0.0,1.0,5.387814521789551,4.770169258117676,-5.387814521789551,ANSWERABLE_PREDICTED_EMPTY
0001-0002-0006,Điều gì đã khiến Paris trở thành nơi trung chuyển trên tòan cầu?,"Là nơi đặt trụ sở chính của các tổ chức quốc tế như OECD, UNESCO... cộng với những họat động đa dạng về tài chính, kinh doanh, chính trị và du lịch","với những họat động đa dạng về tài chính, kinh doanh, chính trị và",True,False,0,0.6086956521739131,1.0,1.781142234802246,8.3654146194458,-1.781142234802246,SPAN_TOO_SHORT
0001-0002-0007,"Trụ sở chính của UNESCO được đặt tại thành phố nào trong số bốn ""thành phố tòan cầu""?",Paris,"với New York, Luân Đôn và",True,False,0,0.0,1.0,-0.5139245986938477,10.560078620910645,0.5139245986938477,WRONG_SPAN
0001-0002-0008,"Ngòai Paris, còn có thành phố nào được đánh giá là thành phố tòan cầu?","New York, Luân Đôn và Tokyo","với New York, Luân Đôn và",True,False,0,0.8333333333333334,1.0,1.4781837463378906,8.670650482177734,-1.4781837463378906,PARTIAL_SPAN
0001-0003-0001,"Trước thế kỷ 17, tại Paris các nơi công cộng thiếu ánh đèn buổi tuối thường có hiện tượng gì?",nhiều tệ nạn,,True,True,0,0.0,1.0,8.932447671890259,1.2255017757415771,-8.932447671890259,ANSWERABLE_PREDICTED_EMPTY
0001-0003-0002,Kinh đô ánh sáng dịch từ tiếng Pháp sang tiếng Anh chính xác là gì?,The City of Lights,là Thành phố,True,False,0,0.0,1.0,2.9970407485961914,7.130603790283203,-2.9970407485961914,WRONG_SPAN
0001-0003-0003,Tên gọi The City of Lights bắt nguồn từ sự việc gì?,"cuối thế kỷ 17, trung tướng cảnh sát đầu tiên của Paris Gabriel Nicolas de La Reynie ra lệnh thắp sáng những khu vực công cộng nhiều tệ nạn của thành phố",đầu từ,True,False,0,0.058823529411764705,1.0,1.3356809616088867,8.77514934539795,-1.3356809616088867,SPAN_TOO_SHORT
0001-0003-0004,Tên gọi Pháp bắt nguồn từ sự việc gì?,,đầu từ,False,False,0,0.0,1.0,1.220890998840332,8.895853996276855,-1.220890998840332,UNANSWERABLE_FALSE_POSITIVE
0001-0003-0005,Người dân trên thế giới thường gọi Paris với tên khác là gì?,Kinh đô ánh sáng,"gọi ""Kinh đô",True,False,0,0.5714285714285715,1.0,3.196004867553711,6.878833770751953,-3.196004867553711,SPAN_TOO_SHORT
0001-0004-0001,Làm sao để chuyển tên thành phố thủ đô nước Pháp thành danh từ dùng để chỉ người dân của thành phố này?,thêm hai chữ a và d,,True,True,0,0.0,1.0,4.420793533325195,5.620744705200195,-4.420793533325195,ANSWERABLE_PREDICTED_EMPTY
0001-0004-0002,Hai thành phố nào được gọi là thành phố của tình yêu?,"Venezia, Paris",",",True,False,0,0.0,1.0,0.47762489318847656,9.650762557983398,-0.47762489318847656,WRONG_SPAN
0001-0004-0003,Thành phố nào được gọi là thành phố của Hai tình yêu?,,",",False,False,1,1.0,1.0,0.15819931030273438,9.898475646972656,-0.15819931030273438,UNANSWERABLE_FALSE_POSITIVE
0001-0005-0001,Nguồn gốc tên gọi Paname bắt nguồn từ đâu?,những chiếc mũ panama,,True,True,0,0.0,1.0,7.663588047027588,2.488675594329834,-7.663588047027588,ANSWERABLE_PREDICTED_EMPTY
0001-0005-0002,Nguồn gốc tên gọi Mỹ bắt nguồn từ đâu?,,,False,True,1,1.0,1.0,9.154358386993408,1.003140926361084,-9.154358386993408,CORRECT_NO_ANSWER
0001-0005-0003,"Ngọai trừ cái tên Paname, Paris còn có tên gọi khác là gì?",Pantruche,,True,True,0,0.0,1.0,6.959040880203247,3.1891238689422607,-6.959040880203247,ANSWERABLE_PREDICTED_EMPTY
0001-0006-0001,Con sông nào nằm phía nam Paris?,,bờ sông,False,False,0,0.0,1.0,0.28450775146484375,9.854236602783203,-0.28450775146484375,UNANSWERABLE_FALSE_POSITIVE
0001-0006-0002,Công trình nào nằm trên đỉnh Montmartre?,nhà thờ Saint-Pierre,vị trí nhà thờ Saint-,True,False,0,0.6666666666666665,1.0,1.3372011184692383,8.77963638305664,-1.3372011184692383,SPAN_TOO_LONG
0001-0006-0003,Hai nằm giữa Paris trên dòng sông Sen có tên là gì?,Île de la Cité ở phía tây và Île Saint-Louis ở phía đông,: Île de la Cité ở phía tây và Île Saint-Louis ở phía,True,False,0,0.962962962962963,1.0,3.412604331970215,6.744891166687012,-3.412604331970215,SPAN_TOO_SHORT
0001-0006-0004,Con sông nào nằm trong lòng Paris?,Seine,bờ sông,True,False,0,0.0,1.0,-0.15502166748046875,10.287811279296875,0.15502166748046875,WRONG_SPAN
0001-0006-0005,Hai đảo nằm giữa Seine trên dòng sông Paris có tên là gì?,,: Île de la Cité ở phía tây và Île Saint-Louis ở phía,False,False,0,0.0,1.0,0.6274738311767578,9.420455932617188,-0.6274738311767578,UNANSWERABLE_FALSE_POSITIVE
0001-0006-0006,Montparnasse nằm ở phía nào của Paris?,phía nam,. Bên,True,False,0,0.0,1.0,0.8209762573242188,9.282369613647461,-0.8209762573242188,WRONG_SPAN
0001-0006-0007,Công trình nào nằm dưới đỉnh Montmartre?,,vị trí nhà thờ Saint-,False,False,0,0.0,1.0,1.376509666442871,8.741107940673828,-1.376509666442871,UNANSWERABLE_FALSE_POSITIVE
0001-0007-0001,Cách giới hạn nội ô Paris được thay đổi thế nào sau khỏang 150 năm tính từ ngày bức tường thành Thiers được sử dụng cho việc này?,phân định với ngọai ô bằng các đại lộ vành đai dài 35 km,,True,True,0,0.0,1.0,14.08404016494751,-3.921687602996826,-14.08404016494751,ANSWERABLE_PREDICTED_EMPTY
0001-0007-0002,"Năm 1844, ngọai ô và nội ô Paris được sát nhập bằng gì?",,,False,True,1,1.0,1.0,3.564323902130127,6.584399700164795,-3.564323902130127,CORRECT_NO_ANSWER
0001-0007-0003,"Ngày nay, muốn từ nội ô sang ngọai ô Paris, ta thường phải băng qua đâu?",các đại lộ vành đai,,True,True,0,0.0,1.0,5.712206840515137,4.448834419250488,-5.712206840515137,ANSWERABLE_PREDICTED_EMPTY
0001-0007-0004,Rừng Vincennes nằm ở đâu của Paris?,Quận 12 ở phía Đông,thuộc Quận 12 ở phía,True,False,0,0.8000000000000002,1.0,1.9198331832885742,8.244464874267578,-1.9198331832885742,PARTIAL_SPAN
0001-0007-0005,"Năm 1844, ngọai ô và nội ô Paris được ngăn cách bằng gì?",bức tường thành Thiers,bằng các đại lộ vành đai dài 35,True,False,0,0.0,1.0,2.1937270164489746,7.9351277351379395,-2.1937270164489746,WRONG_SPAN
0001-0007-0006,Rừng Paris nằm ở đâu của Vincennes?,,,False,True,1,1.0,1.0,3.746249198913574,6.416699409484863,-3.746249198913574,CORRECT_NO_ANSWER
0001-0008-0001,Bồn Paris là nơi khởi nguồn của nhiều thuyết địa chất nổi tiếng nào?,cổ sinh vật học và giải phẫu so sánh của Georges Cuvier,như cổ sinh vật học và giải phẫu,True,False,0,0.7000000000000001,1.0,-0.5532703399658203,10.60592269897461,0.5532703399658203,SPAN_TOO_SHORT
0001-0008-0002,Đâu được xem là nguyên nhân khởi nguồn cho sự hình thành lưu vực sông Seine?,sự tạo thành của dãy Alps,,True,True,0,0.0,1.0,5.781752109527588,4.387353420257568,-5.781752109527588,ANSWERABLE_PREDICTED_EMPTY
0001-0008-0003,Vì sao các cửa bồn Paris mở khóa lại?,,,False,True,1,1.0,1.0,5.295106887817383,4.881169319152832,-5.295106887817383,CORRECT_NO_ANSWER
0001-0008-0004,Sự kiện nào đánh dấu sự hình thành của lưu vực sông Paris và sông Seine?,,Với sự tạo thành của dãy,False,False,0,0.0,1.0,1.8285436630249023,8.326078414916992,-1.8285436630249023,UNANSWERABLE_FALSE_POSITIVE
0001-0008-0005,Bản đồ địa chất được bắt đầu vẽ ở đâu?,Bồn Paris,. Bồn,True,False,0,0.6666666666666666,1.0,2.98231840133667,7.091188907623291,-2.98231840133667,SPAN_TOO_SHORT
0001-0008-0006,Bồn Paris nằm trên bồn những núi nào từ thời Paleozoic?,"khối núi Vosges, khối núi Massif central, khối núi Armorica",,True,True,0,0.0,1.0,7.216003894805908,2.9092040061950684,-7.216003894805908,ANSWERABLE_PREDICTED_EMPTY
0001-0008-0007,Bồn Paleozoic nằm trên bồn những núi nào từ thời Paris?,,,False,True,1,1.0,1.0,7.720057010650635,2.406554698944092,-7.720057010650635,CORRECT_NO_ANSWER
0001-0008-0008,Bản đồ Đại Tây Dương được bắt đầu vẽ ở đâu?,,,False,True,1,1.0,1.0,4.939230442047119,5.203444957733154,-4.939230442047119,CORRECT_NO_ANSWER
0001-0008-0009,Sự kiện nào đánh dấu sự hình thành của lưu vực sông Loire và sông Seine?,"bồn Paris bị đóng lại, chỉ còn mở ra phía biển Manche và Đại Tây Dương",Với sự tạo thành của dãy,True,False,0,0.0,1.0,1.528921127319336,8.617024421691895,-1.528921127319336,WRONG_SPAN
0001-0008-0010,Vì sao các cửa bồn Paris bị khóa lại?,báo trước cho sự hình thành lưu vực sông Loire và sông Seine,,True,True,0,0.0,1.0,5.800651550292969,4.376270294189453,-5.800651550292969,ANSWERABLE_PREDICTED_EMPTY
0001-0009-0001,"Ở Paris, CaSO4.2H2O được khai thác nhiều ở đâu?",Montmartre và Bagneux,,True,True,0,0.0,1.0,8.961438179016113,1.2082624435424805,-8.961438179016113,ANSWERABLE_PREDICTED_EMPTY
0001-0009-0002,Việc khai thác cát bên sông Sen đã dừng từ lúc nào?,,,False,True,1,1.0,1.0,11.021216750144958,-0.8504794836044312,-11.021216750144958,CORRECT_NO_ANSWER
0001-0009-0003,Việc khai thác CaCO3 đã từ lâu được di dời từ sông Sen đến đâu?,Oise,,True,True,0,0.0,0.0,,,,ANSWERABLE_PREDICTED_EMPTY
0001-0009-0004,Sau thế kỷ 15 đá vôi được khai thác nhiều ở đâu trong Paris?,Oise,,True,True,0,0.0,1.0,4.46226167678833,5.682252407073975,-4.46226167678833,ANSWERABLE_PREDICTED_EMPTY
0001-0009-0005,"Ở Hầm mộ Paris, CaSO4.2H2O được khai thác nhiều ở đâu?",,,False,True,1,1.0,1.0,9.228599071502686,0.9447331428527832,-9.228599071502686,CORRECT_NO_ANSWER
0001-0009-0006,Việc khai thác đá vôi bên sông Sen đã dừng từ lúc nào?,thế kỷ 14,,True,True,0,0.0,1.0,7.862419128417969,2.3098373413085938,-7.862419128417969,ANSWERABLE_PREDICTED_EMPTY
0001-0009-0007,Việc lọai bỏ cặn CaCO3 đã từ lâu được di dời từ sông Sen đến đâu?,,,False,True,1,1.0,0.0,,,,CORRECT_NO_ANSWER
0001-0009-0008,Tầng Lutetia được cô đọng bởi gì?,thạch cao và đá vôi,giàu thạch cao và,True,False,0,0.6666666666666665,1.0,-1.5718355178833008,11.641134262084961,1.5718355178833008,SPAN_TOO_SHORT
0001-0009-0009,Thành phần bên trong lòng đất Paris chủ yếu là gì?,"đá vôi, thạch cao và đá vôi silic","của đá vôi, thạch cao và đá vôi",True,False,0,0.875,1.0,-2.124140739440918,11.823075294494629,2.124140739440918,PARTIAL_SPAN
0001-0010-0001,Nơi nào nằm trên kênh Seine nối liền bồn Villette và thượng lưu sông Saint-Martin?,,,False,True,1,1.0,1.0,3.6673097610473633,6.497100830078125,-3.6673097610473633,CORRECT_NO_ANSWER
0001-0010-0002,Điểm cuối của kênh Saint-Denis ở đâu?,sông Seine ở phần hạ lưu,,True,True,0,0.0,1.0,5.600439071655273,4.549285888671875,-5.600439071655273,ANSWERABLE_PREDICTED_EMPTY
0001-0010-0003,Nơi nào nằm trên kênh Saint-Martin nối liền bồn Villette và thượng lưu sông Seine?,phố Faubourg-du-Temple ở quảng trường Bastille,của đảo Île Saint-,True,False,0,0.0,1.0,2.695145606994629,7.463499069213867,-2.695145606994629,WRONG_SPAN
0001-0010-0004,"Trừ dòng sông Seine, dòng chảy nào qua Paris có phần lộ thiên?",Saint-Martin,,True,True,0,0.0,1.0,4.394924163818359,5.761775970458984,-4.394924163818359,ANSWERABLE_PREDICTED_EMPTY
0001-0010-0005,"Dựa theo bản đồ sông Sen, Paris có hình dạng gì?",,hình một cánh,False,False,0,0.0,1.0,0.3179636001586914,9.835465431213379,-0.3179636001586914,UNANSWERABLE_FALSE_POSITIVE
0001-0010-0006,"Dựa theo bản đồ Paris, sông Sen có hình dạng gì?",cánh cung,hình một cánh,True,False,0,0.4,1.0,0.4907417297363281,9.663965225219727,-0.4907417297363281,SPAN_TOO_LONG
0001-0011-0001,Khí hậu châu Âu có đặc điểm gì?,,có khí hậu ôn đới,False,False,0,0.0,1.0,1.0942573547363281,9.045086860656738,-1.0942573547363281,UNANSWERABLE_FALSE_POSITIVE
0001-0011-0002,Thời điểm nào nhiệt độ Paris đạt mức cao nhất?,ngày 28 tháng 6 năm 1948,vào ngày 28 tháng 6 năm,True,False,0,0.8333333333333334,1.0,-0.8283672332763672,10.900524139404297,0.8283672332763672,PARTIAL_SPAN
0001-0011-0003,Nguyên nhân chủ yếu nào tạo nên khí hậu của châu Âu?,,,False,True,1,1.0,1.0,5.878939151763916,4.280839443206787,-5.878939151763916,CORRECT_NO_ANSWER
0001-0011-0004,Khí hậu Paris có đặc điểm gì?,"mùa hè mát, trung bình 18°C; mùa đông không quá lạnh, trung bình 6 °C; các mùa đều mưa nhiều và thời tiết thất thường",có khí hậu ôn đới,True,False,0,0.0,1.0,0.685882568359375,9.423433303833008,-0.685882568359375,WRONG_SPAN
0001-0011-0005,Thời điểm nào nhiệt độ châu Âu đạt mức cao nhất?,,vào ngày 28 tháng 6 năm,False,False,0,0.0,1.0,-0.01985454559326172,10.085049629211426,0.01985454559326172,UNANSWERABLE_FALSE_POSITIVE
0001-0011-0006,Nguyên nhân chủ yếu nào tạo nên khí hậu của Paris?,đại dương,,True,True,0,0.0,1.0,4.535344123840332,5.6159563064575195,-4.535344123840332,ANSWERABLE_PREDICTED_EMPTY
0001-0012-0001,Ai là người đã chọn Paris làm thủ đô cho nước Pháp?,Clovis I,", vua Clovis",True,False,0,0.5,1.0,-1.4840688705444336,11.325879096984863,1.4840688705444336,PARTIAL_SPAN
0001-0012-0002,Paris trở thành nơi thịnh vượng nhất châu Âu vào thời kì nào?,thế kỷ 17,,True,True,0,0.0,1.0,6.649168014526367,3.524728775024414,-6.649168014526367,ANSWERABLE_PREDICTED_EMPTY
0001-0012-0003,Châu Âu trở thành nơi thịnh vượng nhất Paris vào thời kì nào?,,,False,True,1,1.0,1.0,4.819141387939453,5.35605525970459,-4.819141387939453,CORRECT_NO_ANSWER
0001-0012-0004,Paris bị Đế quốc Roma chiếm đóng vào thời điểm nào?,thế kỷ 1,,True,True,0,0.0,1.0,6.895174980163574,3.2795286178588867,-6.895174980163574,ANSWERABLE_PREDICTED_EMPTY
0001-0012-0005,Cuộc cách mạng Pháp lần đầu tiên diễn ra ở đâu?,Paris,,True,True,0,0.0,1.0,9.804952085018158,0.36306339502334595,-9.804952085018158,ANSWERABLE_PREDICTED_EMPTY
0001-0012-0006,Ai là những người dân đầu tiên sống ở Paris?,người Parisii,,True,True,0,0.0,1.0,8.802455306053162,1.3717800378799438,-8.802455306053162,ANSWERABLE_PREDICTED_EMPTY
0001-0013-0001,Con người lần đầu xuất hiện ở Paris vào lúc nào?,40.000 năm,,True,True,0,0.0,1.0,7.665550708770752,2.483381748199463,-7.665550708770752,ANSWERABLE_PREDICTED_EMPTY
0001-0013-0002,Dựa vào đâu cho thấy con người đã sống ở Sông Sen 4000 năm trước?,,,False,True,1,1.0,1.0,6.05131721496582,4.089729309082031,-6.05131721496582,CORRECT_NO_ANSWER
0001-0013-0003,Con người bắt đầu tập trung cư trú nhiều bên Sen vào lúc nào?,khỏang năm 4.000 đến 3.800 trước Công Nguyên,,True,True,0,0.0,1.0,7.993562459945679,2.160693407058716,-7.993562459945679,ANSWERABLE_PREDICTED_EMPTY
0001-0013-0004,Con người Paris lần đầu xuất hiện vào lúc nào?,,,False,True,1,1.0,1.0,7.311394691467285,2.8391571044921875,-7.311394691467285,CORRECT_NO_ANSWER
0001-0013-0005,Dựa vào đâu cho thấy con người đã sống ở Sông Sen 40000 năm trước?,những công cụ đá được tìm thấy ở bờ sông Seine,,True,True,0,0.0,1.0,7.540011167526245,2.6058437824249268,-7.540011167526245,ANSWERABLE_PREDICTED_EMPTY
0001-0014-0001,Lutetia có hình dáng như thế nào vào những thế kỷ đầu sau Công nguyên?,Hippodamos,,True,True,0,0.0,1.0,5.257510185241699,4.912741661071777,-5.257510185241699,ANSWERABLE_PREDICTED_EMPTY
0001-0014-0002,Roma có tên gì sau khi bị xâm chiếm bởi đế chế Paris?,,thành,False,False,0,0.0,1.0,2.8382701873779297,7.1819305419921875,-2.8382701873779297,UNANSWERABLE_FALSE_POSITIVE
0001-0014-0003,Ai đã kêu gọi người dân Mông Cổ không bỏ xứ trong cuộc tấn công của người Paris?,,", Thánh Geneviève - một người có ảnh hưởng to lớn của Cơ Đốc giáo khi đó và về sau trở thành thánh bảo trợ của",False,False,0,0.0,1.0,1.7190513610839844,7.832892417907715,-1.7190513610839844,UNANSWERABLE_FALSE_POSITIVE
0001-0014-0004,Ai đã kêu gọi người dân Paris không bỏ xứ trong cuộc tấn công của người Mông Cổ?,Thánh Geneviève,", Thánh Geneviève - một người có ảnh hưởng to lớn của Cơ Đốc",True,False,0,0.2857142857142857,1.0,1.9748306274414062,7.5402679443359375,-1.9748306274414062,SPAN_TOO_LONG
0001-0014-0005,Ai đã mang Kito giáo vào Paris?,Thánh Denis,thì Thánh,True,False,0,0.5,1.0,-0.9003915786743164,10.692872047424316,0.9003915786743164,PARTIAL_SPAN
0001-0014-0006,Paris có tên gì sau khi bị xâm chiếm bởi đế chế Roma?,Lutetia,,True,True,0,0.0,1.0,4.132844924926758,5.972280502319336,-4.132844924926758,ANSWERABLE_PREDICTED_EMPTY
0001-0015-0001,Cuộc chiến tranh Paris và người Viking đã chấm dứt như thế nào?,hòa ước Saint-Clair-sur-Epte năm 911,,True,True,0,0.0,1.0,8.890874147415161,1.294060468673706,-8.890874147415161,ANSWERABLE_PREDICTED_EMPTY
0001-0015-0002,Những chiến binh Paris đã tấn công Viking lần đầu vào lúc nào?,,. Năm,False,False,0,0.0,1.0,-0.6391382217407227,10.603219985961914,0.6391382217407227,UNANSWERABLE_FALSE_POSITIVE
0001-0015-0003,Cuộc chiến tranh Attila và người Viking đã chấm dứt như thế nào?,,,False,True,1,1.0,1.0,9.340350329875946,0.8440540432929993,-9.340350329875946,CORRECT_NO_ANSWER
0001-0015-0004,Ai đã cai trị Attila sau khi giải phóng khỏi Paris?,,rồi Childéric,False,False,0,0.0,1.0,-1.4278068542480469,11.176788330078125,1.4278068542480469,UNANSWERABLE_FALSE_POSITIVE
0001-0015-0005,Những chiến binh Viking đã tấn công Paris lần đầu vào lúc nào?,Năm 845,. Năm,True,False,0,0.6666666666666666,1.0,-1.3720321655273438,11.24601936340332,1.3720321655273438,SPAN_TOO_SHORT
0001-0015-0006,Ai là người cai trị Paris sau thời Childéric I?,Clovis I,", Clovis",True,False,0,0.6666666666666666,1.0,-0.8655261993408203,10.704792022705078,0.8655261993408203,SPAN_TOO_SHORT
0001-0015-0007,Ai đã cai trị Paris sau khi giải phóng khỏi Attila?,Childéric I,rồi Childéric,True,False,0,0.5,1.0,-1.1789569854736328,10.991827011108398,1.1789569854736328,PARTIAL_SPAN
0001-0016-0001,Paris đã trở lại làm thủ đô từ vua nào lên ngôi?,Louis VI,,True,True,0,0.0,1.0,3.9044313430786133,5.817898750305176,-3.9044313430786133,ANSWERABLE_PREDICTED_EMPTY
0001-0016-0002,Paris đã phát triển lớn mạnh hơn Orléans vào lúc nào?,thế kỷ 11,,True,True,0,0.0,1.0,9.604808568954468,0.5691587924957275,-9.604808568954468,ANSWERABLE_PREDICTED_EMPTY
0001-0016-0003,Capet đã chọn nơi nào để tập trung?,,,False,True,1,1.0,1.0,6.089085578918457,4.082085609436035,-6.089085578918457,CORRECT_NO_ANSWER
0001-0016-0004,Capet đã chọn nơi nào để đóng đô?,Orléans,,True,True,0,0.0,1.0,5.497689247131348,4.661887168884277,-5.497689247131348,ANSWERABLE_PREDICTED_EMPTY
0001-0017-0001,Thành phố nào tập trung đông người nhất lục địa già vào thế kỷ XIV?,Paris,",",True,False,0,0.0,1.0,0.5115070343017578,9.617395401000977,-0.5115070343017578,WRONG_SPAN
0001-0017-0002,Bên bờ phải sông Sen đã phát triển mạnh về họat động gì vào thế kỉ XII?,thương mại và tài chính,,True,True,0,0.0,1.0,6.602453231811523,3.5735950469970703,-6.602453231811523,ANSWERABLE_PREDICTED_EMPTY
0001-0017-0003,Paris đã thành đầu não chính trị và tôn giáo sau công trình gì?,nhà thờ Đức Bà,xây dựng nhà thờ,True,False,0,0.5,1.0,2.301924228668213,7.8526434898376465,-2.301924228668213,PARTIAL_SPAN
0001-0017-0004,Bên bờ trái sông Sen đã phát triển mạnh về họat động gì vào thế kỉ II?,,,False,True,1,1.0,1.0,6.107011795043945,4.065024375915527,-6.107011795043945,CORRECT_NO_ANSWER
0001-0017-0005,Vì sao vua Charles V cho xây dựng bức tường thành từcầu Pont Royal tới cửa ô Saint-Denis?,nạn dịch hạch đen,,True,True,0,0.0,1.0,10.11631017178297,0.05792040377855301,-10.11631017178297,ANSWERABLE_PREDICTED_EMPTY
0001-0017-0006,Bên bờ trái sông Sen đã phát triển mạnh về họat động gì vào thế kỉ XII?,giáo dục,,True,True,0,0.0,1.0,5.9173264503479,4.256394863128662,-5.9173264503479,ANSWERABLE_PREDICTED_EMPTY
0001-0018-0001,Ai đã nắm giữ Pháp trong chiến tranh Paris-Anh thế kỷ XIV?,,vua Charles,False,False,0,0.0,1.0,0.14616775512695312,9.894664764404297,-0.14616775512695312,UNANSWERABLE_FALSE_POSITIVE
0001-0018-0002,Ai đã nắm giữ Paris trong chiến tranh Pháp-Anh thế kỷ XIV?,người Anh,vua Charles,True,False,0,0.0,1.0,0.54559326171875,9.514080047607422,-0.54559326171875,WRONG_SPAN
0001-0018-0003,Trong chiến tranh trăm năm ai đã nổi dậy gây nên biến động lịch sử?,quan thái thú Étienne Marcel,,True,True,0,0.0,1.0,4.002265930175781,6.004489898681641,-4.002265930175781,ANSWERABLE_PREDICTED_EMPTY
0001-0018-0004,Vì sao vua di chuyển đến Hôtel Saint-Pol?,dễ dàng thóat khi có binh biến,,True,True,0,0.0,1.0,5.9263105392456055,4.230166435241699,-5.9263105392456055,ANSWERABLE_PREDICTED_EMPTY
0001-0019-0001,Vua Henry IV tên thật là gì?,Henri de Navarre,vua Henri,True,False,0,0.4,1.0,1.665781021118164,8.384349822998047,-1.665781021118164,SPAN_TOO_SHORT
0001-0019-0002,Thế lực nào đã xung đột với vua Henry III?,Giáo hội Pháp,thời gian Chiến tranh,True,False,0,0.0,1.0,2.209965705871582,7.927280426025391,-2.209965705871582,WRONG_SPAN
0001-0019-0003,Henry IV đã không thể quay lại Paris cho đến năm nào?,1594,,True,True,0,0.0,1.0,6.019077301025391,4.001788139343262,-6.019077301025391,ANSWERABLE_PREDICTED_EMPTY
0001-0019-0004,"Trong ngày lễ Thánh Barthelemy, có bao nhiêu tín đồ Tin Lành bị Kito giáo giết?",2 ngàn tới 10 ngàn,,True,True,0,0.0,1.0,6.078395843505859,4.0936431884765625,-6.078395843505859,ANSWERABLE_PREDICTED_EMPTY
0001-0019-0005,Từ 1562 tới 1598 có mấy cuộc xung đột tôn giáo lớn xảy ra ở Paris?,8,với 8 cuộc xung đột,True,False,0,0.33333333333333337,1.0,-1.1198539733886719,10.876212120056152,1.1198539733886719,SPAN_TOO_LONG
0001-0019-0006,Từ 1572 tới 1598 có mấy cuộc xung đột tôn giáo lớn xảy ra ở Paris?,,với 8 cuộc xung đột,False,False,0,0.0,1.0,-0.9700908660888672,10.795446395874023,0.9700908660888672,UNANSWERABLE_FALSE_POSITIVE
0001-0019-0007,"Trong ngày lễ Tin Lành, có bao nhiêu tín đồ Thánh Barthelemy bị Kito giáo giết?",,,False,True,1,1.0,1.0,4.694062232971191,5.475571632385254,-4.694062232971191,CORRECT_NO_ANSWER
0001-0019-0008,Vua Henry tên thật là gì?,,vua Henri,False,False,0,0.0,1.0,1.7833900451660156,8.344352722167969,-1.7833900451660156,UNANSWERABLE_FALSE_POSITIVE
0001-0020-0001,Cung điện Tuileries nằm ở đâu?,Palais-Royal,Mặc dù Versailles nằm rất gần,True,False,0,0.0,1.0,2.8042235374450684,7.325632572174072,-2.8042235374450684,WRONG_SPAN
0001-0020-0002,Ai đã thay Louis XIV điều hành Paris?,Jean-Baptiste,",",True,False,0,0.0,1.0,1.8953871726989746,7.330564975738525,-1.8953871726989746,WRONG_SPAN
0001-0020-0003,Vị vua đầu tiên nào đã chuyển từ cung điện ở Paris sang ở Versailles?,Louis XIII,là Louis,True,False,0,0.5,1.0,-1.3147611618041992,11.076106071472168,1.3147611618041992,PARTIAL_SPAN
0001-0020-0004,Cung điện Paris nằm ở đâu?,,Mặc dù,False,False,0,0.0,1.0,2.936568260192871,7.186611175537109,-2.936568260192871,UNANSWERABLE_FALSE_POSITIVE
0001-0021-0001,Cực Nam của Paris lúc thế kỷ XVIII là gì?,,", vườn Luxembourg đánh dấu ranh giới phía",False,False,0,0.0,1.0,3.227797508239746,6.939816474914551,-3.227797508239746,UNANSWERABLE_FALSE_POSITIVE
0001-0021-0002,Cực Tây của Paris lúc thế kỷ XVIII là gì?,vườn Luxembourg,", vườn",True,False,0,0.6666666666666666,1.0,-2.4770383834838867,11.73307991027832,2.4770383834838867,SPAN_TOO_SHORT
0001-0021-0003,Nhà thờ Sainte-Geneviève nằm ở đâu?,Paris,,True,True,0,0.0,1.0,6.364041566848755,3.773979902267456,-6.364041566848755,ANSWERABLE_PREDICTED_EMPTY
0001-0021-0004,Vì sao dù đã chuyển đến Versailles nhưng Louis XV đã cho kiến thiết nhiều công trình kiến trúc ở Paris?,Louis XV vẫn yêu thích thành phố,,True,True,0,0.0,1.0,6.746166229248047,3.4240570068359375,-6.746166229248047,ANSWERABLE_PREDICTED_EMPTY
0001-0022-0001,Vì sao nhà vua phải bỏ cung điện owrVersailles để về Paris?,những người nổi dậy tới Versailles,,True,True,0,0.0,1.0,8.626036405563354,1.547476053237915,-8.626036405563354,ANSWERABLE_PREDICTED_EMPTY
0001-0022-0002,Ai là người có mức tài sản cao nhất Paris thời gian sau khi bỏ chế độ phong kiến?,,,False,True,1,1.0,1.0,4.9751691818237305,5.1750993728637695,-4.9751691818237305,CORRECT_NO_ANSWER
0001-0022-0003,Versailles dùng để làm gì sau khi nhà vua bị đuổi khỏi đó?,Quốc hội lập hiến,,True,True,0,0.0,1.0,8.708266854286194,1.4545539617538452,-8.708266854286194,ANSWERABLE_PREDICTED_EMPTY
0001-0022-0004,Ai là người có quyền lực cao nhất Paris thời gian sau khi bỏ chế độ phong kiến?,Quốc hội,", nhà thiên văn Jean Sylvain",True,False,0,0.0,1.0,3.259611129760742,6.877452850341797,-3.259611129760742,WRONG_SPAN
0001-0023-0001,Vì sao Louis trở thành vị vua không ngai?,Đa số vẫn ủng hộ chế độ quân chủ,,True,True,0,0.0,1.0,6.222910404205322,3.9295802116394043,-6.222910404205322,ANSWERABLE_PREDICTED_EMPTY
0001-0023-0002,Pháp chính thức không theo chế độ quân chủ vào lúc nào?,Ngày 21 tháng 9 năm 1792,. Ngày 21 tháng,True,False,0,0.6666666666666666,1.0,1.7497835159301758,8.216659545898438,-1.7497835159301758,SPAN_TOO_SHORT
0001-0023-0003,Sự kiện nào đánh dấu mốc chấm dứt cho chế độ quân chủ lập hiến ở Pháp?,Louis XVI bị hành quyết,,True,True,0,0.0,1.0,6.288029670715332,3.8520097732543945,-6.288029670715332,ANSWERABLE_PREDICTED_EMPTY
0001-0023-0004,Mục đích của ngày lễ Fédération là gì?,mừng một năm ngày phá ngục Bastille,,True,True,0,0.0,1.0,7.572997808456421,2.586099863052368,-7.572997808456421,ANSWERABLE_PREDICTED_EMPTY
0001-0023-0005,Vì sao Pháp xảy ra chiến tranh với Áo vào thập niên cuối thế kỷ XVIII?,Tình hình chính trị rối lọan,.,True,False,0,0.0,1.0,3.3463850021362305,6.649064064025879,-3.3463850021362305,WRONG_SPAN
0001-0023-0006,Pháp chính thức theo chế độ quân chủ vào lúc nào?,,. Ngày 21 tháng,False,False,0,0.0,1.0,1.6246814727783203,8.339561462402344,-1.6246814727783203,UNANSWERABLE_FALSE_POSITIVE
0001-0024-0001,Đường sắt đầu tiên của Pháp là cầu nối hai nơi nào?,Paris với Saint-Germain-en-Laye,,True,True,0,0.0,1.0,3.839831829071045,6.019062519073486,-3.839831829071045,ANSWERABLE_PREDICTED_EMPTY
0001-0024-0002,Những nhà văn nào đã phản ánh lên tình hình xã hội Pháp thời đó?,"Balzac, Victor Hugo hay Eugène Sue","của Balzac, Victor",True,False,0,0.4444444444444444,1.0,0.9133167266845703,9.123252868652344,-0.9133167266845703,SPAN_TOO_SHORT
0001-0024-0003,Cái gì là bước đệm mở ra thời đường sắt ở Pháp?,"Các nhà ga Saint-Lazare, Gare du Nord, các tuyến đường sắt Paris-Orléans, Paris-Rouen được xây dựng",". Các nhà ga Saint-Lazare, Gare du Nord, các tuyến đường sắt Paris-Orléans, Paris-Rouen được",True,False,0,0.9444444444444444,1.0,-0.8282089233398438,9.918285369873047,0.8282089233398438,SPAN_TOO_SHORT
0001-0024-0004,Những nhà văn nào đã phản ánh lên tình hình xã hội Pháp thời nay?,,"của Balzac, Victor",False,False,0,0.0,1.0,0.8777227401733398,9.150634765625,-0.8777227401733398,UNANSWERABLE_FALSE_POSITIVE
0001-0024-0005,Cái gì là bước đệm mở ra thời đường bộ ở Pháp?,,". Các nhà ga Saint-Lazare, Gare du Nord, các tuyến đường sắt Paris-Orléans, Paris-Rouen được",False,False,0,0.0,1.0,-0.19205856323242188,9.422883987426758,0.19205856323242188,UNANSWERABLE_FALSE_POSITIVE
0001-0025-0001,Paris có sự lột xác mạnh mẽ từ phong cách mới sang diện mạo cổ xưa vào lúc nào?,,. Dưới thời Napoléon,False,False,0,0.0,1.0,0.6388874053955078,9.482210159301758,-0.6388874053955078,UNANSWERABLE_FALSE_POSITIVE
0001-0025-0002,Paris từ 12 quận tăng thêm 8 quận vào lúc nào?,Ngày 1 tháng năm 1860,,True,True,0,0.0,1.0,3.783186912536621,6.3875732421875,-3.783186912536621,ANSWERABLE_PREDICTED_EMPTY
0001-0025-0003,Ai là người đã lên kế họach tái kiến thiết Paris?,Napoléon III cùng Nam tước Haussmann,thời Napoléon,True,False,0,0.25,1.0,0.6519460678100586,9.31180191040039,-0.6519460678100586,SPAN_TOO_SHORT
0001-0025-0004,Paris có sự lột xác mạnh mẽ từ phong cách cổ xưa sang diện mạo mới vào lúc nào?,thời Napoléon III,. Dưới thời Napoléon,True,False,0,0.6666666666666666,1.0,0.7602005004882812,9.365535736083984,-0.7602005004882812,PARTIAL_SPAN
0001-0026-0001,Thời kỳ thịnh vượng của Belle Époque được biểu hiện qua sự kiện gì?,Hai cuộc triển lãm thế giới vào năm 1889 và 1900,... Hai cuộc triển lãm thế giới vào năm 1889 và,True,False,0,0.9523809523809523,1.0,1.038919448852539,9.09921646118164,-1.038919448852539,SPAN_TOO_SHORT
0001-0026-0002,Paris trở thành trung tâm văn hóa thế giới vào thời gian nào?,Belle Époque,,True,True,0,0.0,1.0,6.224082946777344,3.9231834411621094,-6.224082946777344,ANSWERABLE_PREDICTED_EMPTY
0001-0026-0003,Tàu điện ngầm đầu tiên của Pháp nối liền những nơi nào?,"Grand Palais, Petit Palais và cầu Alexandre-III","cùng Grand Palais, Petit Palais và cầu Alexandre-",True,False,0,0.875,1.0,0.9542531967163086,9.048813819885254,-0.9542531967163086,PARTIAL_SPAN
0001-0026-0004,Tàu điện ngầm thứ hai của Pháp nối liền những nơi nào?,,"cùng Grand Palais, Petit Palais và cầu Alexandre-",False,False,0,0.0,1.0,2.487046718597412,7.635632038116455,-2.487046718597412,UNANSWERABLE_FALSE_POSITIVE
0001-0026-0005,Công trình nổi tiếng nào được xây dựng để đánh dấu 100 năm cách mạng Pháp?,Tháp Eiffel,. Tháp,True,False,0,0.6666666666666666,1.0,-1.8949775695800781,11.559268951416016,1.8949775695800781,SPAN_TOO_SHORT
0001-0026-0006,Thế giới trở thành trung tâm văn hóa Paris vào thời gian nào?,,,False,True,1,1.0,1.0,6.00032901763916,4.159834861755371,-6.00032901763916,CORRECT_NO_ANSWER
0001-0026-0007,Công trình nào dựng lên nhiều sau sự xuất hiện của điện ảnh?,175 rạp chiếu phim,. Tháp,True,False,0,0.0,1.0,2.3666810989379883,7.771925926208496,-2.3666810989379883,WRONG_SPAN
0001-0026-0008,Công trình nổi tiếng nào được xây dựng để đánh dấu 175 năm cách mạng Pháp?,,. Tháp,False,False,0,0.0,1.0,-1.185612678527832,11.16911792755127,1.185612678527832,UNANSWERABLE_FALSE_POSITIVE
0001-0027-0001,Biện pháp nào dùng để giải quyết việc thiếu nhà ở của người dân?,chung cư bình dân được lập nên,", những chung cư",True,False,0,0.4,1.0,0.865692138671875,9.271979331970215,-0.865692138671875,SPAN_TOO_SHORT
0001-0027-0002,Trận lũ lớn nhất thế kỷ XX đã gây tổn thất cho Paris như thế nào?,ba tỷ franc,,True,True,0,0.0,1.0,6.26579475402832,3.911642074584961,-6.26579475402832,ANSWERABLE_PREDICTED_EMPTY
0001-0027-0003,Paris đã đối mặt với những khó khăn gì sau thế chiến I?,chịu các cuộc ném bom và nã pháo của quân đội Đức,,True,True,0,0.0,1.0,5.2904582023620605,4.871138095855713,-5.2904582023620605,ANSWERABLE_PREDICTED_EMPTY
0001-0028-0001,Cuộc biểu tình của sinh viên đại học Nanterre xảy ra dưới thời tổng thống nào?,Charles de Gaulle,tổng thống Charles de,True,False,0,0.5714285714285715,1.0,-0.8575620651245117,10.868289947509766,0.8575620651245117,SPAN_TOO_LONG
0001-0028-0002,Hình ảnh các nước trên thế giới đối với Paris như thế nào sau thế chiến II?,,,False,True,1,1.0,1.0,6.5375471115112305,3.625819206237793,-6.5375471115112305,CORRECT_NO_ANSWER
0001-0028-0003,Hình ảnh Paris đối với các nước trên thế giới như thế nào sau thế chiến II?,một biểu tượng của sự hòa giải,,True,True,0,0.0,1.0,6.997426509857178,3.1656689643859863,-6.997426509857178,ANSWERABLE_PREDICTED_EMPTY
0001-0028-0004,Cuộc biểu tình của sinh viên đại học Algérie xảy ra dưới thời tổng thống nào?,,tổng thống Charles de,False,False,0,0.0,1.0,-1.143601417541504,11.113465309143066,1.143601417541504,UNANSWERABLE_FALSE_POSITIVE
0001-0028-0005,"Trong thời gian Charles de Gaulle làm tổng thống, có vấn đề nổi bật gì xảy ra?","Ngày 17 tháng 10 năm 1961, một cuộc biểu tình cho nền độc lập của Algérie bị cảnh sát đàn áp, ước tính 32 tới 325 người chết. Từ ngày 22 tháng 3 năm 1968, một phong trào sinh viên, bắt đầu từ Đại học Nanterre lan dần tới khu phố La Tinh trở thành một vụ bạo lọan",,True,True,0,0.0,1.0,5.334439754486084,4.834413051605225,-5.334439754486084,ANSWERABLE_PREDICTED_EMPTY
0001-0028-0006,"Trong thời gian Charles làm tổng thống, có vấn đề nổi bật gì xảy ra?",,,False,True,1,1.0,1.0,8.167169332504272,2.007263422012329,-8.167169332504272,CORRECT_NO_ANSWER
0001-0029-0001,Cuộc diễu hành tòan quốc ở Pháp kéo dài 1 ngày trong tháng 2 năm 2015 diễn ra với mục đích gì?,,,False,True,1,1.0,1.0,7.848322629928589,2.2932722568511963,-7.848322629928589,CORRECT_NO_ANSWER
0001-0029-0002,Đối tượng nào đã ra tay với tờ báo Charlie Hebdo vào năm 2015?,hai kẻ Hồi giáo cực đoan,,True,True,0,0.0,1.0,3.686769962310791,6.463089466094971,-3.686769962310791,ANSWERABLE_PREDICTED_EMPTY
0001-0029-0003,Cuộc diễu hành tòan quốc ở Pháp kéo dài 2 ngày trong tháng 1 năm 2015 diễn ra với mục đích gì?,"tưởng niệm các nạn nhân của vụ tấn công Charlie Hebdo, vụ nổ súng tại Montrouge, và cuộc khủng hỏang con tin Porte de Vincennes, đồng thời lên tiếng ủng hộ cho tự do ngôn luận, tự do báo chí và chống chủ nghĩa khủng bố",,True,True,0,0.0,1.0,7.808711528778076,2.332139492034912,-7.808711528778076,ANSWERABLE_PREDICTED_EMPTY
0001-0029-0004,Cuộc diễu hành lớn nhất ở Pháp sau thế chiến II diễn ra vào thời gian nào?,ngày 10 và 11 tháng 1 năm 2015,vào ngày 10 và 11 tháng 1 năm,True,False,0,0.875,1.0,0.6686735153198242,9.43110466003418,-0.6686735153198242,PARTIAL_SPAN
0001-0030-0001,Đặc điểm của các ngành kinh doanh ở Paris là gì?,"đa dạng, không đặc trưng",,True,True,0,0.0,1.0,5.105474472045898,5.052555084228516,-5.105474472045898,ANSWERABLE_PREDICTED_EMPTY
0001-0030-0002,Đặc điểm nổi bật của kinh tế Los Angeles là gì?,ngành công nghiệp giải trí,,True,True,0,0.0,1.0,6.180984735488892,3.9796645641326904,-6.180984735488892,ANSWERABLE_PREDICTED_EMPTY
0001-0030-0003,Những mặt hàng nào đem lại lợi nhuận lớn nhất của công nghiệp Paris?,"sản xuất hàng tiêu dùng, xây dựng, xe hơi, năng lượng",,True,True,0,0.0,1.0,6.988522052764893,3.1692843437194824,-6.988522052764893,ANSWERABLE_PREDICTED_EMPTY
0001-0030-0004,Cơ cấu nguồn dân lực ở Paris tập trung vào lĩnh vực nào nhiều nhất?,dịch vụ,,True,True,0,0.0,1.0,4.416352272033691,5.73026180267334,-4.416352272033691,ANSWERABLE_PREDICTED_EMPTY
0001-0030-0005,Đặc điểm của các ngành kinh doanh ở France là gì?,,,False,True,1,1.0,1.0,6.476315498352051,3.682466506958008,-6.476315498352051,CORRECT_NO_ANSWER
0001-0030-0006,Cơ cấu nguồn dân lực ở Los Angeles tập trung vào lĩnh vực nào nhiều nhất?,,lĩnh vực,False,False,0,0.0,1.0,1.7690372467041016,8.380928039550781,-1.7690372467041016,UNANSWERABLE_FALSE_POSITIVE
0001-0031-0001,Nguồn thu nhập của dân lao động chênh lệch như thế nào ở Pháp?,10% những nhân công hưởng lương cao nhất nhận được gấp bốn lần 10% hưởng lương thấp nhất,,True,True,0,0.0,1.0,8.342642903327942,1.8250006437301636,-8.342642903327942,ANSWERABLE_PREDICTED_EMPTY
0001-0031-0002,Mức lương trung bình của người lao động ở Pháp năm 2002 là bao nhiêu?,"13,1 euro một giờ",là 19 euro một,True,False,0,0.4444444444444445,1.0,0.6250619888305664,9.446451187133789,-0.6250619888305664,SPAN_TOO_SHORT
0001-0031-0003,Mức lương trung bình của người lao động ở Pháp năm 2004 là bao nhiêu?,,là 19 euro một,False,False,0,0.0,1.0,1.9666385650634766,8.167015075683594,-1.9666385650634766,UNANSWERABLE_FALSE_POSITIVE
0001-0031-0004,Nguồn dân lao động sống ở đâu nhiều nhất tại Paris?,Nội ô Paris,là Hauts-de-,True,False,0,0.0,1.0,1.1376228332519531,8.940649032592773,-1.1376228332519531,WRONG_SPAN
0001-0031-0005,Nguồn dân không lao động sống ở đâu nhiều nhất tại Paris?,,là Hauts-de-,False,False,0,0.0,1.0,2.141695022583008,7.973394393920898,-2.141695022583008,UNANSWERABLE_FALSE_POSITIVE
0001-0031-0006,Sự chênh lệch thu nhập giữa nam và nữ ở Quận 8 và Quận 20 như thế nào?,"6%, trong khi ở các tỉnh lên đến 10 %",,True,True,0,0.0,1.0,4.822163105010986,5.345397472381592,-4.822163105010986,ANSWERABLE_PREDICTED_EMPTY
0001-0031-0007,Nguồn thu nhập của dân thất nghiệp chênh lệch như thế nào ở Pháp?,,,False,True,1,1.0,1.0,8.585734724998474,1.5827137231826782,-8.585734724998474,CORRECT_NO_ANSWER
0001-0032-0001,Những công ty lớn tập trung ở tháp Gan nhiều đến mức nào?,,,False,True,1,1.0,1.0,4.3594818115234375,5.790124893188477,-4.3594818115234375,CORRECT_NO_ANSWER
0001-0032-0002,Những công ty lớn tập trung ở La Défense nhiều đến mức nào?,"1.500 công ty, trong đó có 14 trong 20 công ty hàng đầu của Pháp và 15 trong 50 công ty hàng đầu của thế giới",,True,True,0,0.0,1.0,4.595401763916016,5.551906585693359,-4.595401763916016,ANSWERABLE_PREDICTED_EMPTY
0001-0032-0003,Có những vấn đề bất cập nào tồn tại ở La Défense?,giá bất động sản quá cao và diện tích các văn phòng rất giới hạn,,True,True,0,0.0,1.0,6.942775726318359,3.2176666259765625,-6.942775726318359,ANSWERABLE_PREDICTED_EMPTY
0001-0032-0004,Những công trình lớn nào nổi tiếng ở La Défense?,"tháp Areva, tháp EDF, tháp Gan","như tháp Areva, tháp EDF, tháp",True,False,0,0.8333333333333334,1.0,1.8010568618774414,8.344402313232422,-1.8010568618774414,PARTIAL_SPAN
0001-0032-0005,Vì sao ngành bất động sản ở La Défense phát triển rất mạnh?,"các nhà chọc trời như tháp Areva, tháp EDF, tháp Gan... có tới 3 triệu m² văn phòng và tập trung 150.000 nhân viên",,True,True,0,0.0,1.0,4.612994194030762,5.552996635437012,-4.612994194030762,ANSWERABLE_PREDICTED_EMPTY
0001-0033-0001,Các khách sạn tập trung ở đâu là chủ yếu tại Pháp?,Paris,,True,True,0,0.0,1.0,7.173105239868164,2.982602119445801,-7.173105239868164,ANSWERABLE_PREDICTED_EMPTY
0001-0033-0002,Ngành du lịch có vị thế như thế nào trong cơ cấu kinh tế Paris?,"chiếm 12,8% nhân công của thành phố, tức 147.000 người",,True,True,0,0.0,1.0,7.653373718261719,2.4967117309570312,-7.653373718261719,ANSWERABLE_PREDICTED_EMPTY
0001-0033-0003,Giá của khách sạn tầm trung hạ rẻ như thế nào ở France?,,,False,True,1,1.0,1.0,5.462981700897217,4.698238849639893,-5.462981700897217,CORRECT_NO_ANSWER
0001-0033-0004,Ngành kinh tế có vị thế như thế nào trong cơ cấu du lịch Paris?,,Lĩnh vực,False,False,0,0.0,1.0,3.11346435546875,7.03592586517334,-3.11346435546875,UNANSWERABLE_FALSE_POSITIVE
0001-0033-0005,Giá của khách sạn tầm trung hạ rẻ như thế nào ở Paris?,"giá các khách sạn 2 sao của Paris lại thấp, đứng thứ 17 trên tổng số 20 đô thị lớn của thế giới",,True,True,0,0.0,1.0,5.373955726623535,4.787594795227051,-5.373955726623535,ANSWERABLE_PREDICTED_EMPTY
0001-0034-0001,Những hình ảnh xấu nào của Paris trong mắt du khách?,một trong những thành phố đắt nhất và bị cho là kém hiếu khách,,True,True,0,0.0,1.0,8.680218935012817,1.4303405284881592,-8.680218935012817,ANSWERABLE_PREDICTED_EMPTY
0001-0034-0002,Vì sao nói Paris không hiếu khách?,đứng thứ 52 về chất lượng đón tiếp,,True,True,0,0.0,1.0,9.035585403442383,1.071375846862793,-9.035585403442383,ANSWERABLE_PREDICTED_EMPTY
0001-0034-0003,Thành phố nào đứng nhất về vẻ đẹp theo khảo sát của Global Market Insite?,Paris,nhưng,True,False,0,0.0,1.0,0.41265106201171875,9.659198760986328,-0.41265106201171875,WRONG_SPAN
0001-0035-0001,GDP đầu người của Paris năm 2001 là bao nhiêu?,27.400 euro,Với 27.400,True,False,0,0.6666666666666666,1.0,1.5380373001098633,8.615546226501465,-1.5380373001098633,PARTIAL_SPAN
0001-0035-0002,Giá của các khu nhà ở tăng lên chứng tỏ điều gì?,những dân cư nghèo và trung bình dần được thay thế bằng một tầng lớp mới khá giả hơn,thấy những dân cư nghèo và trung bình dần được thay thế bằng một tầng lớp mới khá giả,True,False,0,0.9473684210526315,1.0,2.9022397994995117,7.262265205383301,-2.9022397994995117,PARTIAL_SPAN
0001-0035-0003,GDP đầu người của Paris năm 2006 là bao nhiêu?,,,False,True,1,1.0,1.0,5.776968955993652,4.398514747619629,-5.776968955993652,CORRECT_NO_ANSWER
0001-0035-0004,Người dân cả nước phải chịu thuế ở mức nào so với Paris?,,": 34,5 hộ trên 1.000 người",False,False,0,0.0,1.0,1.2671184539794922,8.885854721069336,-1.2671184539794922,UNANSWERABLE_FALSE_POSITIVE
0001-0035-0005,Người dân Paris phải chịu thuế ở mức nào so với cả nước?,đứng thứ 12 nước Pháp về tỷ lệ phải đóng thuế tài sản,": 34,5 hộ trên 1.000 người",True,False,0,0.0,1.0,2.6203460693359375,7.53724479675293,-2.6203460693359375,WRONG_SPAN
0001-0036-0001,Các tầng lớp xã hội chênh lệch như thế nào ở Quận 7?,,,False,True,1,1.0,1.0,7.676300048828125,2.4911251068115234,-7.676300048828125,CORRECT_NO_ANSWER
0001-0036-0002,Người lao động quận mấy ở Paris có tiền lương cao nhất?,Quận 7,"các Quận 10, 18, 19,",True,False,0,0.28571428571428575,1.0,0.066192626953125,9.984554290771484,-0.066192626953125,SPAN_TOO_LONG
0001-0036-0003,Người lao động quận mấy ở ngọai thành Paris có tiền lương cao nhất?,,"các Quận 10, 18, 19,",False,False,0,0.0,1.0,-0.06969070434570312,10.122554779052734,0.06969070434570312,UNANSWERABLE_FALSE_POSITIVE
0001-0036-0004,Các tầng lớp xã hội chênh lệch như thế nào ở Paris?,những người dân phía tây thường giàu có hơn phía đông,,True,True,0,0.0,1.0,7.0071516036987305,3.1603317260742188,-7.0071516036987305,ANSWERABLE_PREDICTED_EMPTY
0001-0036-0005,Tỉ lệ người nghèo trở xuống ở Quận 7 là bao nhiêu?,7%,,True,True,0,0.0,1.0,7.11136531829834,3.0502090454101562,-7.11136531829834,ANSWERABLE_PREDICTED_EMPTY
0001-0037-0001,Sự khác biệt dòng máu được thể hiện ở Paris như thế nào?,"32,6% các gia đình Paris có gốc ngòai Liên minh châu Âu ở mức nghèo",,True,True,0,0.0,1.0,4.4705352783203125,5.690338134765625,-4.4705352783203125,ANSWERABLE_PREDICTED_EMPTY
0001-0037-0002,Người nghèo khổ ở Paris thường tập trung sống ở đâu?,"Các Quận 18, 19 và 20",". Các Quận 18, 19 và",True,False,0,0.9090909090909091,1.0,-1.2038640975952148,11.021122932434082,1.2038640975952148,SPAN_TOO_SHORT
0001-0037-0003,Sự khác biệt dòng máu được thể hiện ở Sahara như thế nào?,,,False,True,1,1.0,1.0,5.891148567199707,4.269102096557617,-5.891148567199707,CORRECT_NO_ANSWER
0001-0037-0004,Người nghèo khổ ở châu Âu thường tập trung sống ở đâu?,,". Các Quận 18, 19 và",False,False,0,0.0,1.0,1.2835874557495117,8.818921089172363,-1.2835874557495117,UNANSWERABLE_FALSE_POSITIVE
0001-0037-0005,Người người di cư từ châu Phi đến thường sống ở nơi nào?,"Các Quận 18, 19 và 20",từ Bắc Phi và một số nước gần,True,False,0,0.14285714285714288,1.0,0.32489585876464844,9.813146591186523,-0.32489585876464844,SPAN_TOO_LONG
0001-0038-0001,Tỉ lệ các cặp hôn nhân chia tay của Paris ở mức nào?,27%,,True,True,0,0.0,1.0,3.5460357666015625,6.587823867797852,-3.5460357666015625,ANSWERABLE_PREDICTED_EMPTY
0001-0038-0002,Tỉ lệ các cặp hôn nhân tái hôn của Paris ở mức nào?,,,False,True,1,1.0,1.0,4.013227462768555,6.123504638671875,-4.013227462768555,CORRECT_NO_ANSWER
0001-0038-0003,Dẫn chứng nào cho thấy sự tan vỡ của các cặp hôn nhân ở Paris thấp?,,,False,True,1,1.0,1.0,5.394775390625,4.764497756958008,-5.394775390625,CORRECT_NO_ANSWER
0001-0038-0004,Dẫn chứng nào cho thấy sự tan vỡ của các cặp hôn nhân ở Paris cao?,Tỷ lệ số gia đình chỉ có bố hoặc mẹ của Paris cũng cao hơn trung bình nước Pháp,,True,True,0,0.0,1.0,6.040738582611084,4.1202263832092285,-6.040738582611084,ANSWERABLE_PREDICTED_EMPTY
0001-0038-0005,Vì sao các gia đình ở Paris thường chỉ có 3 thành viên?,"bởi giá bất động sản cao, các gia đình thường sống trong một diện tích nhỏ hẹp",,True,True,0,0.0,1.0,7.513858795166016,2.651071548461914,-7.513858795166016,ANSWERABLE_PREDICTED_EMPTY
0001-0039-0001,Tình trạng nào cho thấy thành phần kết hôn hoặc không sinh con ở Paris cao?,,lý do các căn hộ không có diện tích rộng và giá bất động sản quá,False,False,0,0.0,1.0,1.839848518371582,8.308988571166992,-1.839848518371582,UNANSWERABLE_FALSE_POSITIVE
0001-0039-0002,Vì sao các hộ có xu hướng di chuyển ra ngọai ô?,các căn hộ không có diện tích rộng và giá bất động sản quá cao,lý do các căn hộ không có diện tích rộng và giá bất động sản quá,True,False,0,0.9032258064516129,1.0,-1.5401248931884766,11.590391159057617,1.5401248931884766,SPAN_TOO_LONG
0001-0039-0003,Tình trạng nào cho thấy thành phần không kết hôn hoặc không sinh con ở Paris cao?,"Hơn một nửa - 58,1% vào năm 1999 - số căn hộ của Paris chỉ gồm một hoặc hai phòng",lý do các căn hộ không có diện tích rộng và giá bất động sản quá,True,False,0,0.11428571428571428,1.0,1.5730314254760742,8.576493263244629,-1.5730314254760742,SPAN_TOO_SHORT
0001-0039-0004,Người dân Paris phải đối mặt với những khó khăn thường nhật gì?,"dân số quá đông, tâm lý stress của đô thị, ô nhiễm, giá cả đắt đỏ, kém an ninh",,True,True,0,0.0,1.0,4.888289451599121,5.281506538391113,-4.888289451599121,ANSWERABLE_PREDICTED_EMPTY
0001-0039-0005,Người dân Paris không phải đối mặt với những khó khăn thường nhật gì?,,,False,True,1,1.0,1.0,6.5703089237213135,3.5995709896087646,-6.5703089237213135,CORRECT_NO_ANSWER
0001-0039-0006,Vì sao các hộ có xu hướng di chuyển vào ngọai ô?,,lý do các căn hộ không có diện tích rộng và giá bất động sản quá,False,False,0,0.0,1.0,-1.2110729217529297,11.31155014038086,1.2110729217529297,UNANSWERABLE_FALSE_POSITIVE
0001-0040-0001,Tỉ lệ dân di cư Pháp cho đến năm 2011 là bao nhiêu?,,,False,True,1,1.0,1.0,3.946855068206787,6.201873302459717,-3.946855068206787,CORRECT_NO_ANSWER
0001-0040-0002,Những người dân di cư đến Mỹ thường là người ở đâu nhiều nhất?,,từ Trung Quốc và châu,False,False,0,0.0,1.0,1.944620132446289,8.217243194580078,-1.944620132446289,UNANSWERABLE_FALSE_POSITIVE
0001-0040-0003,Những người dân di cư đến Pháp thường là người ở đâu nhiều nhất?,Trung Quốc và châu Phi,từ Trung Quốc và châu,True,False,0,0.8000000000000002,1.0,0.5301370620727539,9.621185302734375,-0.5301370620727539,PARTIAL_SPAN
0001-0040-0004,Sự việc gì chứng tỏ nhân dân Pháp đến từ nhiều nơi và đa tôn giáo?,"Theo cuộc điều tra năm 2011, có 23,1% dân số của thành phố sinh ngòai lãnh thổ chính quốc Pháp",,True,True,0,0.0,1.0,7.968063831329346,2.2045979499816895,-7.968063831329346,ANSWERABLE_PREDICTED_EMPTY
0001-0040-0005,Tỉ lệ dân di cư đến Pháp cho đến năm 2011 là bao nhiêu?,"23,1%",,True,True,0,0.0,1.0,4.284940719604492,5.86883544921875,-4.284940719604492,ANSWERABLE_PREDICTED_EMPTY
0001-0041-0001,Biển người đổ về Paris lần đầu tiên năm 1820 vì lý do gì?,chạy trốn cuộc khủng hỏang nông nghiệp,,True,True,0,0.0,1.0,5.549883842468262,4.597611427307129,-5.549883842468262,ANSWERABLE_PREDICTED_EMPTY
0001-0041-0002,Biển người đổ về Paris lần đầu tiên năm 1917 vì lý do gì?,,,False,True,1,1.0,1.0,7.923686504364014,2.238755702972412,-7.923686504364014,CORRECT_NO_ANSWER
0001-0042-0001,Dòng họ cựu Tổng thống Pháp Nicolas Sarkozy là người nước nào?,Hungary,tại,True,False,0,0.0,1.0,0.2910194396972656,9.800468444824219,-0.2910194396972656,WRONG_SPAN
0001-0042-0002,Dòng họ cựu Tổng thống Pháp Nicolas là người nước nào?,,tại,False,False,0,0.0,1.0,0.26496028900146484,9.823314666748047,-0.26496028900146484,UNANSWERABLE_FALSE_POSITIVE
0001-0042-0003,Chính phủ Pháp đã ghi nhớ những đóng góp to lớn của Marie qua hình thức nào?,,,False,True,1,1.0,1.0,10.508935391902924,-0.3499407172203064,-10.508935391902924,CORRECT_NO_ANSWER
0001-0042-0004,Chính phủ Pháp đã ghi nhớ những đóng góp to lớn của Marie Curie qua hình thức nào?,sau khi mất được đưa vào điện Panthéon và in trên tờ 500 franc của Pháp,,True,True,0,0.0,1.0,6.793655872344971,3.3633618354797363,-6.793655872344971,ANSWERABLE_PREDICTED_EMPTY
0001-0042-0005,Nhà văn Marcel Proust có dòng họ ở đâu di cư đến Paris?,Do Thái,tại,True,False,0,0.0,1.0,2.268437385559082,7.857407569885254,-2.268437385559082,WRONG_SPAN
0001-0043-0001,Dân số thủ đô Đức năm 2006 là bao nhiêu?,,,False,True,1,1.0,1.0,4.306626319885254,5.845670700073242,-4.306626319885254,CORRECT_NO_ANSWER
0001-0043-0002,Tỉ lệ người vô gia cư so với Pháp như thế nào?,,Paris không,False,False,0,0.0,1.0,1.5168933868408203,8.628368377685547,-1.5168933868408203,UNANSWERABLE_FALSE_POSITIVE
0001-0043-0003,Có bao nhiêu người dân không nơi nương tựa ở Paris năm 2005?,8.000 người,,True,True,0,0.0,1.0,7.248591661453247,2.8914763927459717,-7.248591661453247,ANSWERABLE_PREDICTED_EMPTY
0001-0043-0004,Tỉ lệ người vô gia cư so với Luân Đôn như thế nào?,50.000 người vô gia cư trên tổng số 7 triệu dân,,True,True,0,0.0,1.0,3.7111306190490723,6.424975872039795,-3.7111306190490723,ANSWERABLE_PREDICTED_EMPTY
0001-0043-0005,Dân số thủ đô Đức năm 2005 là bao nhiêu?,"3,5 triệu dân",,True,True,0,0.0,1.0,7.141528367996216,3.010981321334839,-7.141528367996216,ANSWERABLE_PREDICTED_EMPTY
0001-0044-0001,Tình trạng vô gia cư đã dẫn đến hệ quả gì?,"gặp các vấn đề về sức khỏe, cả thể chất lẫn tâm lý",,True,True,0,0.0,1.0,11.977065920829773,-1.796639323234558,-11.977065920829773,ANSWERABLE_PREDICTED_EMPTY
0001-0044-0002,Tình trạng hôn nhân của phần lớn người không nơi nương tựa ở Paris như thế nào?,"17% người vô gia cư là nữ giới, và cứ 3 nữ vô gia cư thì một người kèm theo con nhỏ, có thể cùng bố đưa trẻ hoặc không",,True,True,0,0.0,1.0,9.307581663131714,0.8667967319488525,-9.307581663131714,ANSWERABLE_PREDICTED_EMPTY
0001-0044-0003,Nam giới vô gia cư ở độ tuổi trung niên ở Paris là bao nhiêu?,31 tới 50 tuổi,,True,True,0,0.0,1.0,5.7044267654418945,4.466116905212402,-5.7044267654418945,ANSWERABLE_PREDICTED_EMPTY
0001-0044-0004,Tình trạng hôn nhân của phần lớn người có nơi nương tựa ở Paris như thế nào?,,,False,True,1,1.0,1.0,6.996662139892578,3.177042007446289,-6.996662139892578,CORRECT_NO_ANSWER
0001-0045-0001,Trường đại học Paris lúc mới xây dựng tọa lạc ở đâu?,Sainte-Geneviève,"tại đồi Sainte-Geneviève, thuộc khu phố La",True,False,0,0.4,1.0,1.539107322692871,8.578453063964844,-1.539107322692871,SPAN_TOO_LONG
0001-0045-0002,Trường đại học Paris lúc mới hiện đại tọa lạc ở đâu?,,"tại đồi Sainte-Geneviève, thuộc khu phố La",False,False,0,0.0,1.0,1.531219482421875,8.604385375976562,-1.531219482421875,UNANSWERABLE_FALSE_POSITIVE
0001-0045-0003,Thế mạnh giáo dục đã có từ lâu đời của châu Âu là gì?,,về thần học và,False,False,0,0.0,1.0,1.1471099853515625,9.004011154174805,-1.1471099853515625,UNANSWERABLE_FALSE_POSITIVE
0001-0045-0004,Thế mạnh giáo dục đã có từ lâu đời của Paris là gì?,thần học và triết học,,True,True,0,0.0,1.0,5.568515777587891,4.594317436218262,-5.568515777587891,ANSWERABLE_PREDICTED_EMPTY
0001-0045-0005,Hiện nay đại học Paris được hợp nhất bởi những khoa thành viên nào?,"khoa luật, y, dược, văn, thần học và khoa học","bởi sáu khoa luật, y, dược, văn, thần học và",True,False,0,0.8000000000000002,1.0,0.036866188049316406,10.083404541015625,-0.036866188049316406,PARTIAL_SPAN
0001-0045-0006,Hiện nay đại học Paris không được hợp nhất bởi những khoa thành viên nào?,,"bởi sáu khoa luật, y, dược, văn, thần học và",False,False,0,0.0,1.0,0.17339134216308594,9.956310272216797,-0.17339134216308594,UNANSWERABLE_FALSE_POSITIVE
0001-0046-0001,Đại học Paris XI tọa lạc ở đâu?,Cao nguyên nhỏ Saclay,,True,True,0,0.0,1.0,3.8241372108459473,6.276197910308838,-3.8241372108459473,ANSWERABLE_PREDICTED_EMPTY
0001-0046-0002,Vì sao Đại hoc Paris phân tách thành các trường riêng biệt?,cuộc nổi lọan của sinh viên năm 1968,,True,True,0,0.0,1.0,3.812673568725586,6.351872444152832,-3.812673568725586,ANSWERABLE_PREDICTED_EMPTY
0001-0046-0003,Vì sao các trường Đại học di chuyển ra khỏi nội thành?,tìm những khu vực rộng hơn ngòai ngọai thành,,True,True,0,0.0,1.0,8.599131464958191,1.5738345384597778,-8.599131464958191,ANSWERABLE_PREDICTED_EMPTY
0001-0047-0001,Hiện nay có những trường Đại học nào ở ngọai thành Paris?,,,False,True,1,1.0,1.0,6.285254955291748,3.8840012550354004,-6.285254955291748,CORRECT_NO_ANSWER
0001-0047-0002,Hiện nay có những trường Đại học nào ở nội thành Paris?,Các trường đại học Paris từ I đến VII,,True,True,0,0.0,1.0,9.601916909217834,0.5622047185897827,-9.601916909217834,ANSWERABLE_PREDICTED_EMPTY
0001-0047-0003,Co những trường Đại học nào tập trung ở khu phố La Tinh?,"Sorbonne và Trường Sư phạm (École normale supérieure), Trường Mỏ (École des Mines) cùng Collège de France","của Sorbonne và Trường Sư phạm (École normale supérieure), Trường Mỏ (École des Mines) cùng Collège de",True,False,0,0.9411764705882353,1.0,0.7861499786376953,9.273992538452148,-0.7861499786376953,PARTIAL_SPAN
0001-0047-0004,Từ Paris I đến Paris VII có mấy trường mạnh về thiết kế nghệ thuật?,Bốn,,True,True,0,0.0,1.0,8.730250477790833,1.4368294477462769,-8.730250477790833,ANSWERABLE_PREDICTED_EMPTY
0001-0048-0001,Số lượng sinh viên tập trung ở vùng Île-de-France lớn cỡ nào?,"600.000 sinh viên, chiếm hơn một phần tư số sinh viên ở Pháp",,True,True,0,0.0,1.0,3.7726426124572754,6.385903835296631,-3.7726426124572754,ANSWERABLE_PREDICTED_EMPTY
0001-0048-0002,Tổ chức quản lý đời sống sinh viên ở Paris gọi là gì?,CROUS,", CROUS của",True,False,0,0.6666666666666666,1.0,1.664785385131836,8.258338928222656,-1.664785385131836,SPAN_TOO_LONG
0001-0048-0003,Ký túc xá cho sinh viên lớn nhất Paris gọi là gì?,Cité internationale universitaire,là,True,False,0,0.0,1.0,1.7256269454956055,7.698235511779785,-1.7256269454956055,WRONG_SPAN
0001-0049-0001,Hệ thống giao thông của Paris được thiết kế như thế nào?,"Thành phố được bao bọc bởi một hệ thống các đại lộ vành đai và từ các cửa ô của Paris, các đường quốc lộ, xa lộ tỏa đi khắp vùng và tới các tỉnh",,True,True,0,0.0,1.0,6.162519454956055,3.9878273010253906,-6.162519454956055,ANSWERABLE_PREDICTED_EMPTY
0001-0049-0002,Các con đường lớn của Paris được cải tạo bởi ai?,Haussmann,của,True,False,0,0.0,1.0,2.4169702529907227,7.150069236755371,-2.4169702529907227,WRONG_SPAN
0001-0049-0003,Tình trạng của người điều khiển giao thông đường bộ ở Paris như thế nào?,khá khó khăn,Paris khá khó khăn và dày đặc,True,False,0,0.6,1.0,-0.2391347885131836,10.373950004577637,0.2391347885131836,SPAN_TOO_LONG
0001-0049-0004,Hệ thống giao thông của thế giới được thiết kế như thế nào?,,,False,True,1,1.0,1.0,7.047619342803955,3.1038012504577637,-7.047619342803955,CORRECT_NO_ANSWER
0001-0049-0005,Tình trạng của người điều khiển giao thông đường sắt ở Paris như thế nào?,,Paris khá khó khăn và dày đặc,False,False,0,0.0,1.0,1.1814165115356445,8.966976165771484,-1.1814165115356445,UNANSWERABLE_FALSE_POSITIVE
0001-0050-0001,Có những làn đường nào người đi xe ô tô có thể chạy ở Paris?,,,False,True,1,1.0,1.0,6.049620151519775,4.106606960296631,-6.049620151519775,CORRECT_NO_ANSWER
0001-0050-0002,Có những làn đường nào người đi xe đạp có thể chạy ở Paris?,"Cùng với các làn đường được phép chạy chung với xe búyt, ở nhiều phố những người đi xe đạp còn có làn đường riêng, tổng cộng dài 371 km",có làn đường,True,False,0,0.18181818181818182,1.0,0.7764663696289062,9.375249862670898,-0.7764663696289062,SPAN_TOO_SHORT
0001-0050-0003,Hệ thống dịch vụ xe đạp nào lớn nhất châu Âu?,Vélib',,True,True,0,0.0,1.0,7.880221605300903,2.2800395488739014,-7.880221605300903,ANSWERABLE_PREDICTED_EMPTY
0001-0050-0004,Cơ quan lãnh đạo của Paris có biện pháp gì làm giảm tắt nghẽn giao thông?,khuyến khích giao thông công cộng và xe đạp,,True,True,0,0.0,1.0,10.995309948921204,-0.8399296998977661,-10.995309948921204,ANSWERABLE_PREDICTED_EMPTY
0001-0050-0005,Cơ quan lãnh đạo của Paris có biện pháp gì làm giảm tai nạn giao thông?,,,False,True,1,1.0,1.0,9.909919679164886,0.24581533670425415,-9.909919679164886,CORRECT_NO_ANSWER
0001-0051-0001,Paris có những sân bay lớn nào?,Charles-de-Gaulle ở phía đông bắc và Orly ở phía nam,", Charles-de-Gaulle ở phía đông bắc và Orly ở phía",True,False,0,0.9565217391304348,1.0,1.8602304458618164,8.261004447937012,-1.8602304458618164,SPAN_TOO_SHORT
0001-0051-0002,Thành phố nào có số lượng khách và hàng hóa trung chuyển lớn thứ năm châu Âu?,,",",False,False,1,1.0,1.0,0.6642875671386719,9.492033004760742,-0.6642875671386719,UNANSWERABLE_FALSE_POSITIVE
0001-0051-0003,"Trước Charles-de-Gaulle, Paris có sân bay lớn nào?",Orly,và Orly ở phía,True,False,0,0.4,1.0,1.1609582901000977,8.757142066955566,-1.1609582901000977,SPAN_TOO_LONG
0001-0051-0004,Từ Charles-de-Gaulle có thể đến sân bay Paris bằng đường nào?,,,False,True,1,1.0,1.0,5.200398921966553,4.952558994293213,-5.200398921966553,CORRECT_NO_ANSWER
0001-0051-0005,Từ Paris có thể đến sân bay Charles-de-Gaulle bằng đường nào?,"đường cao tốc, xe búyt và tuyến RER B",,True,True,0,0.0,1.0,5.571910858154297,4.584419250488281,-5.571910858154297,ANSWERABLE_PREDICTED_EMPTY
0001-0051-0006,Sân bay nào có số lượng phi cơ ra vào nhiều nhất châu Âu năm 2006?,Charles-de-Gaulle,và Orly ở phía nam. Cho đến năm 2017 Charles-de-,True,False,0,0.28571428571428575,1.0,2.2512149810791016,7.834789276123047,-2.2512149810791016,SPAN_TOO_LONG
0001-0051-0007,Thành phố nào có số lượng khách và hàng hóa trung chuyển lớn thứ hai châu Âu?,Paris,",",True,False,0,0.0,1.0,0.7891435623168945,9.369277000427246,-0.7891435623168945,WRONG_SPAN
0001-0052-0001,"Ngòai họat động bóng đá, các sân vận động còn dùng để làm gì?","Ngòai các họat động thể thao, nó còn là nơi tổ chức nhiều buổi hòa nhạc lớn",,True,True,0,0.0,1.0,3.890120029449463,6.269166469573975,-3.890120029449463,ANSWERABLE_PREDICTED_EMPTY
0001-0052-0002,"Ngòai họat động Công viên, các sân vận động còn dùng để làm gì?",,,False,True,1,1.0,1.0,3.627819538116455,6.535562992095947,-3.627819538116455,CORRECT_NO_ANSWER
0001-0052-0003,Sân nhà bóng đá của Pháp có tên gì?,,,False,True,1,1.0,1.0,6.1003594398498535,4.044972896575928,-6.1003594398498535,CORRECT_NO_ANSWER
0001-0052-0004,Sân nhà bóng đá của PSG có tên gì?,Công viên các hòang tử (Parc des Princes),,True,True,0,0.0,1.0,6.577299118041992,3.558884620666504,-6.577299118041992,ANSWERABLE_PREDICTED_EMPTY
0001-0052-0005,Pháp đã cho tu sửa sân vận động gì để phục vụ cho World Cup 1998?,,. Sân Stade de,False,False,0,0.0,1.0,-0.781193733215332,10.853860855102539,0.781193733215332,UNANSWERABLE_FALSE_POSITIVE
0001-0052-0006,Pháp đã cho xây sân vận động gì để phục vụ cho World Cup 1998?,Stade de France,. Sân Stade de,True,False,0,0.6666666666666666,1.0,-1.0922327041625977,11.150129318237305,1.0922327041625977,PARTIAL_SPAN
0001-0053-0001,Có bao nhiêu công trình giao thông bắc ngang nội thành trong sông Seine?,,tới 37 cây,False,False,0,0.0,1.0,-0.6004371643066406,10.705404281616211,0.6004371643066406,UNANSWERABLE_FALSE_POSITIVE
0001-0053-0002,Cách điều phối Paris hiện nay được học theo ai?,nam tước Haussmann,của,True,False,0,0.0,1.0,2.434377670288086,7.214155197143555,-2.434377670288086,WRONG_SPAN
0001-0053-0003,Có bao nhiêu công trình giao thông bắc ngang sông Seine trong nội thành?,37 cây cầu,tới 37 cây,True,False,0,0.6666666666666666,1.0,-0.5988302230834961,10.708118438720703,0.5988302230834961,PARTIAL_SPAN
0001-0053-0004,Quốc lộ Saint-Germain được ai quy họach?,Haussmann,của,True,False,0,0.0,1.0,2.3122124671936035,7.014578342437744,-2.3122124671936035,WRONG_SPAN
0001-0053-0005,Quốc lộ Châtelet được ai quy họach?,,của,False,False,0,0.0,1.0,2.3226566314697266,6.9742889404296875,-2.3226566314697266,UNANSWERABLE_FALSE_POSITIVE
0001-0054-0001,Grand Palais và Petit Palais ngăn cách với nhau bởi gì?,đại lộ Winston-Churchill,bên đại lộ Winston-,True,False,0,0.75,1.0,-0.9561891555786133,11.01485824584961,0.9561891555786133,PARTIAL_SPAN
0001-0054-0002,Nơi nào đứng ngắm tháp Eiffel là đẹp nhất?,"sân giữa của Palais de Chaillot, cạnh quảng trường Trocadéro",,True,True,0,0.0,1.0,7.346533536911011,2.8045103549957275,-7.346533536911011,ANSWERABLE_PREDICTED_EMPTY
0001-0054-0003,Điểm nổi bật trong cảnh quan thành phố Paris là gì?,"các công trình quan trọng, cả cổ và hiện đại",", các công trình quan trọng, cả cổ và",True,False,0,0.888888888888889,1.0,-1.2981033325195312,11.20296859741211,1.2981033325195312,SPAN_TOO_SHORT
0001-0054-0004,Điểm ít nổi bật trong cảnh quan thành phố Paris là gì?,,", các công trình quan trọng, cả cổ và",False,False,0,0.0,1.0,-1.1942977905273438,11.100814819335938,1.1942977905273438,UNANSWERABLE_FALSE_POSITIVE
0001-0055-0001,Kim tự tháp Axe historique có nằm trên tuyến Louvre không?,,Louvre,False,False,0,0.0,1.0,0.9891815185546875,9.156532287597656,-0.9891815185546875,UNANSWERABLE_FALSE_POSITIVE
0001-0055-0002,Điểm cuối của Axe historique lúc dài nhất là nơi nào?,khu đô thị hiện đại La Défense,,True,True,0,0.0,1.0,3.80637788772583,6.296426296234131,-3.80637788772583,ANSWERABLE_PREDICTED_EMPTY
0001-0055-0003,Kim tự tháp Louvre có nằm trên tuyến Axe historique không?,"Kim tự tháp kính Louvre không nằm trên đường thẳng này, mà được xây lệnh sang một bên",Louvre,True,False,0,0.10526315789473684,1.0,0.6995944976806641,9.446844100952148,-0.6995944976806641,SPAN_TOO_SHORT
0001-0055-0004,Tuyến trọng tâm trong thiết kế đô thị Paris là gì?,Axe historique,,True,True,0,0.0,1.0,4.030575752258301,5.9654951095581055,-4.030575752258301,ANSWERABLE_PREDICTED_EMPTY
0001-0055-0005,Điểm cuối của Axe lúc dài nhất là nơi nào?,,,False,True,1,1.0,1.0,4.01806640625,6.107398986816406,-4.01806640625,CORRECT_NO_ANSWER
0001-0056-0001,Cần những điều kiện gì để xây những tòa cao tầng ở Paris?,những tòa nhà mới có độ cao trên 37 mét phải có giấy phép đặc biệt,,True,True,0,0.0,1.0,7.934537649154663,2.2324888706207275,-7.934537649154663,ANSWERABLE_PREDICTED_EMPTY
0001-0056-0002,Các tòa nhà được thiết kế ở Paris phải theo luật gì để phá hỏng cảnh quan?,,,False,True,1,1.0,1.0,5.2950334548950195,4.85933780670166,-5.2950334548950195,CORRECT_NO_ANSWER
0001-0056-0003,Các tòa nhà được thiết kế ở Paris phải theo luật gì để không phá hỏng cảnh quan?,"màu sắc, kiểu cửa sổ",,True,True,0,0.0,1.0,5.142166614532471,5.012811183929443,-5.142166614532471,ANSWERABLE_PREDICTED_EMPTY
0001-0056-0004,Công trình nào cao nhất Tây Âu?,Tour Generali,và,True,False,0,0.0,1.0,2.046074390411377,7.334433078765869,-2.046074390411377,WRONG_SPAN
0001-0057-0001,Con đường nổi tiếng với gì?,,,False,True,1,1.0,1.0,3.8065176010131836,6.3081865310668945,-3.8065176010131836,CORRECT_NO_ANSWER
0001-0057-0002,Con đường Montaigne nổi tiếng với gì?,có nhiều cửa hiệu thời trang cao cấp và khách sạn sang trọng Plaza Athénée,,True,True,0,0.0,1.0,5.293832302093506,4.874221324920654,-5.293832302093506,ANSWERABLE_PREDICTED_EMPTY
0001-0057-0003,Sinh viên thường tập trung đông đúc ở khu vực nào trong phố La Tinh?,Đại lộ Saint-Michel,. Đại lộ Saint-,True,False,0,0.8571428571428571,1.0,-2.7527379989624023,11.76633358001709,2.7527379989624023,SPAN_TOO_SHORT
0001-0058-0001,Quảng trường nào là nơi lý tưởng để chiêm ngưỡng tháp Eiffel?,Trocadéro,;,True,False,0,0.0,1.0,3.0232086181640625,6.948184013366699,-3.0232086181640625,WRONG_SPAN
0001-0058-0002,Quảng trường lớn nhất ở Hoa Kỳ tên gì?,,là,False,False,0,0.0,1.0,2.0810298919677734,7.533149719238281,-2.0810298919677734,UNANSWERABLE_FALSE_POSITIVE
0001-0058-0003,Quảng trường lớn nhất ở Pháp tên gì?,Quinconces ở Bordeaux,là,True,False,0,0.0,1.0,1.6186861991882324,7.830257892608643,-1.6186861991882324,WRONG_SPAN
0001-0058-0004,Quảng trường nào là nơi lý tưởng để không chiêm ngưỡng tháp Eiffel?,,;,False,False,1,1.0,1.0,3.3638358116149902,6.614819049835205,-3.3638358116149902,UNANSWERABLE_FALSE_POSITIVE
0001-0058-0005,Đại sứ quán Pháp ở Hoa Kỳ tọa lạc kế quảng trường gì?,,,False,True,1,1.0,1.0,5.055135250091553,4.99950647354126,-5.055135250091553,CORRECT_NO_ANSWER
0001-0058-0006,Đại sứ quán Hoa Kỳ ở Pháp tọa lạc kế quảng trường gì?,Concorde,,True,True,0,0.0,1.0,4.611616134643555,5.413150787353516,-4.611616134643555,ANSWERABLE_PREDICTED_EMPTY
0001-0058-0007,Xung quanh quảng trường Vendome có những nơi nào quan trọng?,"Bộ Tư pháp, khách sạn Ritz",,True,True,0,0.0,1.0,7.611962080001831,2.5693113803863525,-7.611962080001831,ANSWERABLE_PREDICTED_EMPTY
0001-0059-0001,Conciergerie được thiết kế theo phong cách gì?,,phong cách kiến trúc,False,False,0,0.0,1.0,2.079655647277832,8.06737995147705,-2.079655647277832,UNANSWERABLE_FALSE_POSITIVE
0001-0059-0002,Nhà thờ Đức Bà được mệnh danh là gì?,tâm của Paris,,True,True,0,0.0,1.0,5.2704386711120605,4.873645305633545,-5.2704386711120605,ANSWERABLE_PREDICTED_EMPTY
0001-0059-0003,Chiếc cầu nào được xem là lâu đời nhất Paris?,Cầu Pont Neuf,.,True,False,0,0.0,1.0,3.042501449584961,6.642902374267578,-3.042501449584961,WRONG_SPAN
0001-0059-0004,Nhà thờ Đức Bà tọa lạc ở đâu?,đảo Île de la Cité,,True,True,0,0.0,1.0,4.867234706878662,5.267820835113525,-4.867234706878662,ANSWERABLE_PREDICTED_EMPTY
0001-0059-0005,Nhà thờ tọa lạc ở đâu?,,,False,True,1,1.0,1.0,5.4714202880859375,4.666171073913574,-5.4714202880859375,CORRECT_NO_ANSWER
0001-0059-0006,Sainte-Chapelle được thiết kế theo phong cách gì?,kiến trúc Gothic,của kiến trúc,True,False,0,0.6666666666666666,1.0,0.5306453704833984,9.570962905883789,-0.5306453704833984,PARTIAL_SPAN
0001-0060-0001,Trung tâm Pompidou được thiết kế theo phong cách nào?,Kiến trúc đương đại,phong cách Tân,True,False,0,0.0,1.0,0.18856239318847656,9.930174827575684,-0.18856239318847656,WRONG_SPAN
0001-0060-0002,Kim tự tháp kính Ả Rập được thiết kế bởi ai?,,,False,True,1,1.0,1.0,5.108684539794922,4.935020446777344,-5.108684539794922,CORRECT_NO_ANSWER
0001-0060-0003,Các công trình trên các quốc lộ ở Paris được xây dựng những người nổi tiếng nào?,,,False,True,1,1.0,1.0,10.00670838356018,0.15304255485534668,-10.00670838356018,CORRECT_NO_ANSWER
0001-0060-0004,Kim tự tháp kính Louvre được thiết kế bởi ai?,kiến trúc sư Ieoh Ming Pei,,True,True,0,0.0,1.0,4.739479064941406,5.216620445251465,-4.739479064941406,ANSWERABLE_PREDICTED_EMPTY
0001-0060-0005,Bảo tàng Branly là nơi lưu trữ những gì?,"nghệ thuật và văn minh châu Phi, Á, Đại Dương và Mỹ","về nghệ thuật và văn minh châu Phi, Á, Đại Dương và",True,False,0,0.9166666666666666,1.0,1.4506444931030273,8.647846221923828,-1.4506444931030273,PARTIAL_SPAN
0001-0060-0006,Trung tâm thư viện được thiết kế theo phong cách nào?,,phong cách Tân,False,False,0,0.0,1.0,1.1664838790893555,8.987016677856445,-1.1664838790893555,UNANSWERABLE_FALSE_POSITIVE
0001-0060-0007,Các công trình trên các quốc lộ ở Paris được xây dựng bởi những người nổi tiếng nào?,"Guimard, Plumet hay Lavirotte với phong cách Tân nghệ thuật, kế đó Mallet-Stevens, Roux-Spitz, Dudok, Henri Sauvage, Le Corbusier, Auguste Perret",,True,True,0,0.0,1.0,9.730838775634766,0.4368934631347656,-9.730838775634766,ANSWERABLE_PREDICTED_EMPTY
0001-0061-0001,Những khu rừng nào nằm ở phía Đông và Tây trong nội thành Paris?,Rừng Boulogne và rừng Vincennes,.,True,False,0,0.0,1.0,3.161289691925049,6.69714879989624,-3.161289691925049,WRONG_SPAN
0001-0061-0002,Việc cần làm trong lúc dân số thành phố tăng nhanh là gì?,tạo ra các không gian xanh,việc tạo ra các không gian,True,False,0,0.8333333333333334,1.0,-1.6804437637329102,11.512913703918457,1.6804437637329102,PARTIAL_SPAN
0001-0061-0003,Những khu phố nào nằm ở phía Đông và Tây trong nội thành Paris?,,,False,True,1,1.0,1.0,4.680881023406982,5.276505947113037,-4.680881023406982,CORRECT_NO_ANSWER
0001-0061-0004,Các không gian ở Paris được thiết kế bởi những ai?,,của kỹ sư Jean-Charles Alphand và họa sĩ phong cảnh Jean-Pierre Barillet-,False,False,0,0.0,1.0,3.3332862854003906,6.82680606842041,-3.3332862854003906,UNANSWERABLE_FALSE_POSITIVE
0001-0061-0005,Các không gian xanh ở Paris được thiết kế bởi những ai?,kỹ sư Jean-Charles Alphand và họa sĩ phong cảnh Jean-Pierre Barillet-Deschamps,của kỹ sư Jean-Charles Alphand và họa sĩ phong cảnh Jean-Pierre Barillet-,True,False,0,0.9285714285714286,1.0,2.429253578186035,7.7209930419921875,-2.429253578186035,PARTIAL_SPAN
0001-0062-0001,Hai bên tuyến đường sắt Petite Ceinture có những công trình gì?,những khu vườn gia đình hoặc giáo dục,là những khu vườn gia đình hoặc,True,False,0,0.7999999999999999,1.0,-2.111607551574707,11.610640525817871,2.111607551574707,SPAN_TOO_SHORT
0001-0062-0002,Hai bên tuyến đường sắt Belleville có những công trình gì?,,là những khu vườn gia đình hoặc,False,False,0,0.0,1.0,-0.8974952697753906,10.799625396728516,0.8974952697753906,UNANSWERABLE_FALSE_POSITIVE
0001-0062-0003,La Villette được tái thiết kế bởi ai?,Bernard Tschumi,,True,True,0,0.0,1.0,4.622160911560059,5.319356918334961,-4.622160911560059,ANSWERABLE_PREDICTED_EMPTY
0001-0062-0004,Công viên xanh lớn nhất nội thành Paris được cải tạo từ nơi nào?,khu vực lò mổ cũ,,True,True,0,0.0,1.0,5.12755012512207,5.0270586013793945,-5.12755012512207,ANSWERABLE_PREDICTED_EMPTY
0001-0063-0001,Đồi Montmartre được biết đến là nơi như thế nào?,trung tâm của hội họa đầu thế kỷ 20,,True,True,0,0.0,1.0,10.431292533874512,-0.2522106170654297,-10.431292533874512,ANSWERABLE_PREDICTED_EMPTY
0001-0063-0002,Đồi được biết đến là nơi như thế nào?,,,False,True,1,1.0,1.0,8.739388585090637,1.4309061765670776,-8.739388585090637,CORRECT_NO_ANSWER
0001-0063-0003,Các trường Đại học cổ xưa ở Paris thường tọa lạc ở đâu?,Quận La Tinh,. Quận La,True,False,0,0.8,1.0,1.5690202713012695,8.558302879333496,-1.5690202713012695,SPAN_TOO_SHORT
0001-0063-0004,Quận Paris được biết đến là nơi như thế nào?,,,False,True,1,1.0,1.0,9.61775267124176,0.5603212118148804,-9.61775267124176,CORRECT_NO_ANSWER
0001-0063-0005,Các trường Đại học lớn nhất ở Paris thường tọa lạc ở đâu?,,. Quận La,False,False,0,0.0,1.0,1.4504060745239258,8.677419662475586,-1.4504060745239258,UNANSWERABLE_FALSE_POSITIVE
0001-0063-0006,Khu phố người Hoa lớn nhất Châu Âu nằm ở đâu?,Paris,. Chợ Tàu,True,False,0,0.0,1.0,0.6377468109130859,9.48403549194336,-0.6377468109130859,WRONG_SPAN
0001-0063-0007,Quận La Tinh được biết đến là nơi như thế nào?,khu phố sinh viên,,True,True,0,0.0,1.0,5.991328716278076,4.183791637420654,-5.991328716278076,ANSWERABLE_PREDICTED_EMPTY
0001-0064-0001,Paris có những viện bảo tàng nào chỉ lưu trữ tác phẩm của một danh nhân văn hóa?,"bảo tàng Picasso, Không gian Dalí, bảo tàng Rodin, bảo tàng Eugène Delacroix",là viện bảo tàng,True,False,0,0.23529411764705882,1.0,1.517725944519043,8.63425064086914,-1.517725944519043,SPAN_TOO_SHORT
0001-0064-0002,Viện bảo tàng nào hấp dẫn nhiều khách du lịch nhất trên thế giới?,Louvre,là viện bảo tàng,True,False,0,0.0,1.0,0.09111499786376953,10.017900466918945,-0.09111499786376953,WRONG_SPAN
0001-0064-0003,Paris có những viện bảo tàng nào chỉ lưu trữ danh nhân của một tác phẩm văn hóa?,,là viện bảo tàng,False,False,0,0.0,1.0,1.4518051147460938,8.701889038085938,-1.4518051147460938,UNANSWERABLE_FALSE_POSITIVE
0001-0064-0004,Bảo tàng Branly có gì để hấp dẫn nghệ sĩ?,,,False,True,1,1.0,1.0,6.581437826156616,3.5824921131134033,-6.581437826156616,CORRECT_NO_ANSWER
0001-0064-0005,Lâu đài Versaillers ngày xưa được dùng để làm gì?,cung điện của các vị vua,,True,True,0,0.0,1.0,6.035149574279785,4.13897705078125,-6.035149574279785,ANSWERABLE_PREDICTED_EMPTY
0001-0064-0006,Bức tranh Mona Lisa nằm ở đâu?,viện bảo tàng Louvre,,True,True,0,0.0,1.0,10.24772834777832,-0.07662105560302734,-10.24772834777832,ANSWERABLE_PREDICTED_EMPTY
0001-0064-0007,Bảo tàng Branly có gì để hấp dẫn du khách?,"nghệ thuật và văn minh châu Phi, châu Á, châu Đại Dương, châu Mỹ",,True,True,0,0.0,1.0,5.901361465454102,4.261379241943359,-5.901361465454102,ANSWERABLE_PREDICTED_EMPTY
0001-0065-0001,Richelieu trở thành thư viện quốc gia từ lúc nào?,triều vua François Đệ nhất,,True,True,0,0.0,1.0,8.24963116645813,1.8920695781707764,-8.24963116645813,ANSWERABLE_PREDICTED_EMPTY
0001-0065-0002,Sự khác biệt giữa 2 thư viện quốc gia Pháp là gì?,""" Richelieu "" là thư viện cổ, nhỏ hơn, nằm ở trung tâm, còn "" François-Mitterrand "" là một công trình kiến trúc hiện đại gồm bốn tòa nhà cao tầng ở khu Paris Rive Gauche",,True,True,0,0.0,1.0,3.5734200477600098,6.557979106903076,-3.5734200477600098,ANSWERABLE_PREDICTED_EMPTY
0001-0065-0003,Hai thư viện Richelieu và François-Mitterrand có giá trị gì?,lưu trữ tư liệu quan trọng bậc nhất thế giới với khỏang 30 triệu cuốn sách gồm nhiều phiên bản gốc giá trị,,True,True,0,0.0,1.0,6.634867191314697,3.512420177459717,-6.634867191314697,ANSWERABLE_PREDICTED_EMPTY
0001-0066-0001,Người dân có thể mượn sách từ những nơi nào?,55 thư viện phổ thông và khỏang 10 thư viện chuyên đề,10 thư viện,True,False,0,0.4,1.0,2.2512874603271484,7.904621124267578,-2.2512874603271484,SPAN_TOO_SHORT
0001-0066-0002,Pháp có thể mượn sách từ những nơi nào?,,quản lý 55 thư viện phổ thông và khỏang 10 thư viện,False,False,0,0.0,1.0,3.071125030517578,7.0800981521606445,-3.071125030517578,UNANSWERABLE_FALSE_POSITIVE
0001-0066-0003,Trong lịch sử thư viện Paris có những gì?,,,False,True,1,1.0,1.0,7.027880668640137,3.1374940872192383,-7.027880668640137,CORRECT_NO_ANSWER
0001-0066-0004,Trong thư viện lịch sử Paris có những gì?,"một triệu cuốn sách, ảnh, bản đồ liên quan tới lịch sử thành phố",,True,True,0,0.0,1.0,4.688264846801758,5.476347923278809,-4.688264846801758,ANSWERABLE_PREDICTED_EMPTY
0001-0066-0005,Thư viện Paris co quy định như thế nào về mượn tài liệu?,"Những sách, tạp chí, truyện tranh... được mượn tự do, còn các đĩa nhạc, video thì cần trả một số tiền trung bình hàng năm",,True,True,0,0.0,1.0,8.936678767204285,1.2250195741653442,-8.936678767204285,ANSWERABLE_PREDICTED_EMPTY
0001-0067-0001,Philharmonie de Paris bắt đầu đi vào họat động vào thời gian nào?,tháng 1 năm 2015,vào tháng 1 năm,True,False,0,0.75,1.0,-1.1799888610839844,11.16845989227295,1.1799888610839844,PARTIAL_SPAN
0001-0067-0002,Đặc trưng của phòng thể thao là gì?,,,False,True,1,1.0,1.0,9.518150925636292,0.6510461568832397,-9.518150925636292,CORRECT_NO_ANSWER
0001-0067-0003,Các ca sĩ nổi tiếng của Pháp bắt đầu sự nghiệp từ những nơi nào ở Paris?,"Bobino, Olympia, La Cigale hoặc Le Splendid",,True,True,0,0.0,1.0,6.07054328918457,4.097623825073242,-6.07054328918457,ANSWERABLE_PREDICTED_EMPTY
0001-0067-0004,Paris bắt đầu đi vào họat động vào thời gian nào?,,vào tháng 1 năm,False,False,0,0.0,1.0,2.2695999145507812,7.894186973571777,-2.2695999145507812,UNANSWERABLE_FALSE_POSITIVE
0001-0067-0005,Đặc trưng của phòng New Morning là gì?,"một trong những phòng hòa nhạc luôn dành cho jazz, nhưng cũng có các thể lọai nhạc khác",cho,True,False,0,0.10526315789473684,1.0,3.0115299224853516,7.160358428955078,-3.0115299224853516,SPAN_TOO_SHORT
0001-0068-0001,Các quán và phòng hòa nhạc nào đã xuất hiện ở Paris vào thế kỷ 19?,quán Moulin de la galette và cà phê hòa nhạc Élysée Montmartre cùng Château-Rouge,,True,True,0,0.0,1.0,5.284717559814453,4.774847030639648,-5.284717559814453,ANSWERABLE_PREDICTED_EMPTY
0001-0068-0002,Batofar được thiết kế như thế nào?,một chiếc thuyền được cải tạo thành hộp đêm,,True,True,0,0.0,1.0,5.318751811981201,4.844146251678467,-5.318751811981201,ANSWERABLE_PREDICTED_EMPTY
0001-0068-0003,The Pulp được thiết kế như thế nào?,,cũng rất,False,False,0,0.0,1.0,3.3342018127441406,6.834438323974609,-3.3342018127441406,UNANSWERABLE_FALSE_POSITIVE
0001-0068-0004,Các quán và phòng hòa nhạc nào đã xuất hiện ở Paris vào thế kỷ nay?,,,False,True,1,1.0,1.0,8.339476346969604,1.8105156421661377,-8.339476346969604,CORRECT_NO_ANSWER
0001-0068-0005,Những nơi giải trí cho giới trẻ nôỉ tiếng ở Paris?,"hộp đêm Queen, vũ trường L'Étoile, Le Cab",,True,True,0,0.0,1.0,3.6553969383239746,6.504187107086182,-3.6553969383239746,ANSWERABLE_PREDICTED_EMPTY
0001-0069-0001,Rạp phim lớn nhất Paris tên gì?,Le Grand Rex,là Le Grand,True,False,0,0.6666666666666666,1.0,-0.010412216186523438,9.851372718811035,0.010412216186523438,PARTIAL_SPAN
0001-0069-0002,Quy mô của phần lớn các rạp chiếu phim ở Paris như thế nào?,nhỏ hơn 1.000 chỗ,,True,True,0,0.0,1.0,8.92222249507904,1.25005304813385,-8.92222249507904,ANSWERABLE_PREDICTED_EMPTY
0001-0069-0003,Vị thế của phim Hollywood như thế nào tại châu Âu?,chiếm một thị phần lớn tại các rạp,thị phần lớn tại các rạp của,True,False,0,0.7999999999999999,1.0,3.125582218170166,7.035735607147217,-3.125582218170166,SPAN_TOO_SHORT
0001-0069-0004,Quy mô của phần lớn các rạp chiếu phim ở Hollywood như thế nào?,,,False,True,1,1.0,1.0,6.030080795288086,4.139519691467285,-6.030080795288086,CORRECT_NO_ANSWER
0001-0069-0005,Các rạp phim lớn ở Paris đa số thuộc tập đòan nào?,"UGC, Gaumont",như,True,False,0,0.0,1.0,1.1712327003479004,7.799140453338623,-1.1712327003479004,WRONG_SPAN
0001-0070-0001,Nhờ vào đâu mà hình thức cà phê thềm phát triển?,quy họach lại thành phố cùng sự xuất hiện các đại lộ lớn với vỉa hè,. Những quán cà phê,True,False,0,0.0,1.0,2.921537399291992,7.24101448059082,-2.921537399291992,WRONG_SPAN
0001-0070-0002,Khu vực nào tập trung nhiều du khách ở Paris?,"Montmartre, Champs-Élysées",trong quận La,True,False,0,0.0,1.0,-0.20900821685791016,10.33584976196289,0.20900821685791016,WRONG_SPAN
0001-0070-0003,Quán cafe xuất hiện thứ hai ở Paris nằm ở đâu?,quán Café Procope,ở bên tả ngạn sông,True,False,0,0.0,1.0,2.9618282318115234,7.208770751953125,-2.9618282318115234,WRONG_SPAN
0001-0070-0004,Khu vực nào tập trung nhiều du khách ở Palais-Royal?,,trong quận La,False,False,0,0.0,1.0,2.1280107498168945,8.041675567626953,-2.1280107498168945,UNANSWERABLE_FALSE_POSITIVE
0001-0070-0005,Nhờ vào đâu mà hình thức cà phê Régence phát triển?,,,False,True,1,1.0,1.0,11.481338024139404,-1.3055663108825684,-11.481338024139404,CORRECT_NO_ANSWER
0001-0071-0001,Ai đã thành lập La Taverne Anglaise vào thế kỷ 18?,Antoine Beauvilliers,,True,True,0,0.0,1.0,6.175704002380371,3.957657814025879,-6.175704002380371,ANSWERABLE_PREDICTED_EMPTY
0001-0071-0002,Mô hình của các khu vườn ở Paris hiện nay là dựa vào đâu?,,,False,True,1,1.0,1.0,8.494503140449524,1.6607989072799683,-8.494503140449524,CORRECT_NO_ANSWER
0001-0071-0003,Mô hình của các nhà hàng ở Paris hiện nay là dựa vào đâu?,La Taverne Anglaise,,True,True,0,0.0,1.0,5.048584461212158,5.061782360076904,-5.048584461212158,ANSWERABLE_PREDICTED_EMPTY
0001-0071-0004,Các nhà hàng ở Paris từ lâu đã nổi tiếng về điều gì?,"món ăn ngon, thức ăn được chuẩn bị rất tỉ mỉ và trình bày rất khéo léo",với các nhà hàng và món ăn,True,False,0,0.25,1.0,3.149735927581787,6.977993488311768,-3.149735927581787,SPAN_TOO_SHORT
0001-0072-0001,Những nước nào trên thế giới có sự hiện diện của ẩm thực Paris?,,"như Ý, Ấn Độ, Trung Quốc, Việt Nam,",False,False,0,0.0,1.0,0.031108856201171875,10.075349807739258,-0.031108856201171875,UNANSWERABLE_FALSE_POSITIVE
0001-0072-0002,Ẩm thực Paris có sự hiện diện của những nước nào trên thế giới?,"Ý, Ấn Độ, Trung Quốc, Việt Nam, Thái Lan","như Ý, Ấn Độ, Trung Quốc, Việt Nam,",True,False,0,0.823529411764706,1.0,0.33303165435791016,9.796231269836426,-0.33303165435791016,SPAN_TOO_SHORT
0001-0072-0003,Điều kiện gián tiếp giúp ẩm thực Paris trở nên phong phú là gì?,Nhờ giao thông đường sắt vào giữa thế kỷ 19 và cách mạng công nghiệp,", những người",True,False,0,0.0,1.0,-1.6563386917114258,11.63718032836914,1.6563386917114258,WRONG_SPAN
0001-0072-0004,Điều kiện gián tiếp giúp ẩm thực Việt Nam trở nên phong phú là gì?,,", những người",False,False,0,0.0,1.0,-1.0101308822631836,11.094088554382324,1.0101308822631836,UNANSWERABLE_FALSE_POSITIVE
0001-0072-0005,Nhà hàng Maxim's nổi tiếng về điều gì?,nhà hàng được trang trí theo phong cách Tân nghệ thuật,"về ẩm thực, Paris còn có các nhà hàng đặc biệt khác như Maxim's - nhà hàng được trang trí theo phong cách Tân",True,False,0,0.5142857142857142,1.0,2.697329044342041,7.442514896392822,-2.697329044342041,SPAN_TOO_LONG
0001-0073-0001,Khách sạn đại diện cho quảng trường nào của Crillon?,,trên quảng trường Concorde năm,False,False,0,0.0,1.0,1.6492938995361328,7.930931091308594,-1.6492938995361328,UNANSWERABLE_FALSE_POSITIVE
0001-0073-0002,Khách sạn Paris bắt đầu họat động vào thời gian nào?,,,False,True,1,1.0,1.0,4.002102851867676,6.146749496459961,-4.002102851867676,CORRECT_NO_ANSWER
0001-0073-0003,Vì sao có nhiều khách sạn xuất hiện ở Paris vào cuối thế kỷ 20?,,,False,True,1,1.0,1.0,9.247369885444641,0.9206293821334839,-9.247369885444641,CORRECT_NO_ANSWER
0001-0073-0004,Khách sạn Crillon đại diện cho quảng trường nào?,Concorde,trên quảng trường Concorde năm,True,False,0,0.33333333333333337,1.0,1.6662569046020508,7.68595027923584,-1.6662569046020508,SPAN_TOO_LONG
0001-0073-0005,Vì sao có nhiều khách sạn xuất hiện ở Paris vào đầu thế kỷ 20?,những cuộc Triển lãm thế giới được tổ chức ở đây đã kéo theo một số lượng lớn du khách từ khắp nơi tới thành phố,,True,True,0,0.0,1.0,8.905135869979858,1.2607004642486572,-8.905135869979858,ANSWERABLE_PREDICTED_EMPTY
0001-0073-0006,Khách sạn Vendôme bắt đầu họat động vào thời gian nào?,năm 1898,mở cửa năm,True,False,0,0.4,1.0,-0.35220813751220703,10.433829307556152,0.35220813751220703,SPAN_TOO_LONG
0001-0074-0001,Có sự kiện gì xảy ra vào ngày Quốc khánh trên Quốc lộ Champs-Élysées?,chặng đích của cuộc đua xe đạp Tour de France,tổ chức duyệt binh,True,False,0,0.0,1.0,2.4909563064575195,7.647763252258301,-2.4909563064575195,WRONG_SPAN
0001-0074-0002,Sự kiện Paris-Plage là gì?,thay đổi một phần bờ sông Seine thành bãi biển nhân tạo với cát và các ghế vải gập,,True,True,0,0.0,1.0,5.949410438537598,4.209029197692871,-5.949410438537598,ANSWERABLE_PREDICTED_EMPTY
0001-0074-0003,FAIC tổ chức vào tháng mấy hằng năm?,Tháng mười,. Tháng,True,False,0,0.6666666666666666,1.0,0.2157421112060547,9.886335372924805,-0.2157421112060547,SPAN_TOO_SHORT
0001-0074-0004,Tour de France kết thúc vào tháng mấy hằng năm?,bảy,14 tháng,True,False,0,0.0,1.0,1.8661384582519531,8.260866165161133,-1.8661384582519531,WRONG_SPAN
0001-0075-0001,Sự khác biệt của 20 phút và Le Parisien so với Mestro là gì?,,,False,True,1,1.0,1.0,7.1424736976623535,3.0150275230407715,-7.1424736976623535,CORRECT_NO_ANSWER
0001-0075-0002,Hai hãng nhật báo văn hóa ở Paris đã ngưng họat động tên gì?,Zurban và Le Pariscope,,True,True,0,0.0,1.0,5.246786594390869,4.769935131072998,-5.246786594390869,ANSWERABLE_PREDICTED_EMPTY
0001-0075-0003,Đa số các hãng báo của Pháp nằm ở đâu?,Paris,tại,True,False,0,0.0,1.0,-0.16811847686767578,9.988975524902344,0.16811847686767578,WRONG_SPAN
0001-0075-0004,Sự khác biệt của 20 phút và Mestro so với Le Parisien là gì?,không có nguồn gốc ở Paris,,True,True,0,0.0,1.0,6.614667892456055,3.542708396911621,-6.614667892456055,ANSWERABLE_PREDICTED_EMPTY
0001-0075-0005,Hai hãng nhật báo văn hóa ở Pháp đã ngưng họat động tên gì?,,,False,True,1,1.0,1.0,5.006540775299072,5.009318828582764,-5.006540775299072,CORRECT_NO_ANSWER
0001-0075-0006,Đa số các hãng báo của thành phố nằm ở đâu?,,tại,False,False,0,0.0,1.0,1.0530481338500977,9.104024887084961,-1.0530481338500977,UNANSWERABLE_FALSE_POSITIVE
0001-0076-0001,Pablo Picasso sống trong thế kỷ thứ mấy?,thế kỷ 20,Sang thế kỷ,True,False,0,0.6666666666666666,1.0,1.2395086288452148,8.909603118896484,-1.2395086288452148,PARTIAL_SPAN
0001-0076-0002,Paris trở thành trái tim của Thời kỳ ánh sáng dựa vào ai?,"Rousseau, Voltaire",,True,True,0,0.0,1.0,5.32016658782959,4.850369453430176,-5.32016658782959,ANSWERABLE_PREDICTED_EMPTY
0001-0076-0003,"Cuối thế kỷ 19, Paris có vị thế thế nào trong làng hội họa?",thủ đô của hội họa,,True,True,0,0.0,1.0,4.546250343322754,5.618863105773926,-4.546250343322754,ANSWERABLE_PREDICTED_EMPTY
0001-0077-0001,Sự kiện gì đánh dấu sự khởi đầu của điện ảnh Paris?,"Ngày 28 tháng 12 năm 1895, buổi chiếu phim đầu tiên của anh em Auguste và Louis Lumière tổ chức tại Salon Indien nằm dưới tầng hầm quán cà phê Grand Café",", buổi chiếu phim đầu tiên của anh em Auguste và Louis Lumière tổ chức tại Salon Indien nằm dưới tầng hầm quán cà phê Grand Café ở",True,False,0,0.8813559322033898,1.0,-0.5511865615844727,10.29849624633789,0.5511865615844727,SPAN_TOO_SHORT
0001-0077-0002,Có những danh họa nào sống ở Paris vào thế kỷ 19?,"Vincent van Gogh, Paul Cézanne, Auguste Rodin, Alfred Sisley, Paul Gauguin, Auguste Renoir, Camille Pissarro",,True,True,0,0.0,1.0,7.9262917041778564,2.2486865520477295,-7.9262917041778564,ANSWERABLE_PREDICTED_EMPTY
0001-0077-0003,Tác phẩm nào đánh dấu sự trí thức cho trường phái ấn tượng?,,", bức tranh Ấn tượng mặt trời",False,False,0,0.0,1.0,-0.9245052337646484,10.93052864074707,0.9245052337646484,UNANSWERABLE_FALSE_POSITIVE
0001-0077-0004,Sự kiện gì đánh dấu sự tiến bộ của điện ảnh Paris?,,", buổi chiếu phim đầu tiên của anh em Auguste và Louis Lumière tổ chức tại Salon Indien nằm dưới tầng hầm quán cà phê Grand Café ở",False,False,0,0.0,1.0,-0.1549549102783203,9.978399276733398,0.1549549102783203,UNANSWERABLE_FALSE_POSITIVE
0001-0077-0005,Tác phẩm nào đánh dấu sự khởi đầu cho trường phái ấn tượng?,bức tranh Ấn tượng mặt trời mọc,", bức tranh Ấn tượng mặt trời",True,False,0,0.923076923076923,1.0,-1.338393211364746,11.212174415588379,1.338393211364746,SPAN_TOO_SHORT
0001-0077-0006,Có những danh họa nào sống ở Paris vào thế kỷ 12?,,,False,True,1,1.0,1.0,7.43612003326416,2.7393341064453125,-7.43612003326416,CORRECT_NO_ANSWER
0001-0078-0001,Ai là người đi tiên phong trong trường phái sáng tạo?,,", Georges Braque và Pablo",False,False,0,0.0,1.0,0.8119544982910156,9.066659927368164,-0.8119544982910156,UNANSWERABLE_FALSE_POSITIVE
0001-0078-0002,Giai đọan tiểu thuyết bắt đầu bùng nổ mạnh mẽ ở Paris là lúc nào?,đầu thế kỷ 20,. Từ 1913 tới,True,False,0,0.0,1.0,0.5776882171630859,9.49502182006836,-0.5776882171630859,WRONG_SPAN
0001-0078-0003,Ai là người đi tiên phong trong trường phái lập thể?,Georges Braque và Pablo Picasso,", Georges Braque và Pablo",True,False,0,0.888888888888889,1.0,-1.37677001953125,11.308612823486328,1.37677001953125,SPAN_TOO_SHORT
0001-0078-0004,"Ai là người viết tác phẩm ""Đi tim thời gian đã mất""?",Marcel Proust,của,True,False,0,0.0,1.0,2.540369987487793,7.291929244995117,-2.540369987487793,WRONG_SPAN
0001-0078-0005,Giai đọan tiểu thuyết bắt đầu bùng nổ mạnh mẽ ở Anh là lúc nào?,,. Năm,False,False,0,0.0,1.0,2.250225067138672,7.847559928894043,-2.250225067138672,UNANSWERABLE_FALSE_POSITIVE
0001-0079-0001,"Nước nào có nền nghệ thuật,kiến truc,âm nhạc phát triển nhất châu Âu sau thế kỷ 18?",nước Pháp,", nước",True,False,0,0.6666666666666666,1.0,-0.3695049285888672,10.431232452392578,0.3695049285888672,SPAN_TOO_SHORT
0001-0079-0002,Người may trang phục ở đâu có tay nghề tốt nhất?,Pháp,,True,True,0,0.0,1.0,5.3952131271362305,4.750393867492676,-5.3952131271362305,ANSWERABLE_PREDICTED_EMPTY
0001-0079-0003,Trang phục truyền thống châu Âu lan truyền đến những nơi khác bằng cách gì?,,. Những thợ may Pháp được xem như hàng đầu và cách ăn mặc của người,False,False,0,0.0,1.0,1.5398998260498047,8.612417221069336,-1.5398998260498047,UNANSWERABLE_FALSE_POSITIVE
0001-0079-0004,Trang phục truyền thống Pháp lan truyền đến những nơi khác bằng cách gì?,Những du khách tới Paris và mang về các bộ quần áo rồi lại được những nhà may địa phương bắt chước,. Những thợ may,True,False,0,0.16,1.0,1.4794540405273438,8.674261093139648,-1.4794540405273438,SPAN_TOO_SHORT
0001-0079-0005,"Nước nào có nền nghệ thuật, kiến trúc, âm nhạc phát triển nhất thế kỷ 18 sau châu Âu?",,", nước",False,False,0,0.0,1.0,-0.4009284973144531,10.447311401367188,0.4009284973144531,UNANSWERABLE_FALSE_POSITIVE
0001-0079-0006,Người may trang phục ở đâu có tay nghề bắt chước?,,tới,False,False,0,0.0,1.0,1.1735811233520508,8.958589553833008,-1.1735811233520508,UNANSWERABLE_FALSE_POSITIVE
0001-0080-0001,Thời trang Paris có vị thế thế nào đối với phái mạnh?,,,False,True,1,1.0,1.0,7.871172904968262,2.283278465270996,-7.871172904968262,CORRECT_NO_ANSWER
0001-0080-0002,"Sau thế chiến II, có những nhà thiết kế thời trang nào của Paris nổi tiếng trên thế giới?","Yves Saint Laurent, Pierre Cardin, Givenchy",,True,True,0,0.0,1.0,6.478079319000244,3.676668643951416,-6.478079319000244,ANSWERABLE_PREDICTED_EMPTY
0001-0080-0003,Thời trang Paris có vị thế thế nào đối với phái đẹp?,chuẩn mực cho tất cả phụ nữ ở các thành phố lớn trên thế giới,,True,True,0,0.0,1.0,6.73052453994751,3.4212565422058105,-6.73052453994751,ANSWERABLE_PREDICTED_EMPTY
0001-0080-0004,Người sáng lập nên Paris ở Haute couture đến từ nước nào?,,người,False,False,0,0.0,1.0,0.30126190185546875,9.812578201293945,-0.30126190185546875,UNANSWERABLE_FALSE_POSITIVE
0001-0080-0005,Người sáng lập nên Haute couture ở Paris đến từ nước nào?,Anh,người,True,False,0,0.0,1.0,0.3108501434326172,9.806615829467773,-0.3108501434326172,WRONG_SPAN
0001-0081-0001,Hiện nay Paris co những mạng lưới thương mại lớn nào?,"Galeries Lafayette, Printemps, Le Bon Marché, La Samaritaine và BHV",,True,True,0,0.0,1.0,6.15910005569458,4.013280391693115,-6.15910005569458,ANSWERABLE_PREDICTED_EMPTY
0001-0081-0002,Sự mọc lên của các trung tâm thương mại ở Paris được xem như là gì vào thế kỷ 19?,một ý tưởng cách mạng,,True,True,0,0.0,1.0,3.7785511016845703,6.378277778625488,-3.7785511016845703,ANSWERABLE_PREDICTED_EMPTY
0001-0081-0003,Người đi đầu phát triển trung tâm thương mại ở Paris là ai?,Le Bon Marché,,True,True,0,0.0,1.0,6.335735082626343,3.7404463291168213,-6.335735082626343,ANSWERABLE_PREDICTED_EMPTY
0001-0081-0004,Người đi đầu tiểu thuyết trung tâm thương mại ở Paris là ai?,,,False,True,1,1.0,1.0,4.788147449493408,5.338344097137451,-4.788147449493408,CORRECT_NO_ANSWER
0001-0082-0001,"Vì sao ""Tấn trò đời""là một công trình to lớn, đồ sộ?","Gồm hơn 100 tác phẩm, gồm cả tiểu thuyết, truyện ngắn, tiểu luận",,True,True,0,0.0,1.0,8.759632587432861,1.412264347076416,-8.759632587432861,ANSWERABLE_PREDICTED_EMPTY
0001-0082-0002,Tác giả của công trình thành phố là ai?,,,False,True,1,1.0,1.0,4.754188537597656,5.333646774291992,-4.754188537597656,CORRECT_NO_ANSWER
0001-0082-0003,"Vì sao ""Le Testament"" là một công trình to lớn, đồ sộ?",,,False,True,1,1.0,1.0,11.084080636501312,-0.9110059142112732,-11.084080636501312,CORRECT_NO_ANSWER
0001-0082-0004,"""Tấn trò đời"" ra đời trong thời kỳ nào?",nền Quân chủ tháng bảy,Pháp thế kỷ,True,False,0,0.0,1.0,0.1479654312133789,9.928731918334961,-0.1479654312133789,WRONG_SPAN
0001-0082-0005,"Tác giả của công trình ""Tấn trò đời"" là ai?",Honoré de Balzac,,True,True,0,0.0,1.0,5.306329727172852,4.692665100097656,-5.306329727172852,ANSWERABLE_PREDICTED_EMPTY
0001-0083-0001,"Nội dung ""Những người khốn khổ"" nói về gì?","miêu tả cuộc sống nhiều mặt của thành phố, khiến Paris trở thành cổ điển",,True,True,0,0.0,1.0,5.495763301849365,4.6613383293151855,-5.495763301849365,ANSWERABLE_PREDICTED_EMPTY
0001-0083-0002,Nội dung tiểu thuyết nói về gì?,,,False,True,1,1.0,1.0,3.521834373474121,6.608180999755859,-3.521834373474121,CORRECT_NO_ANSWER
0001-0083-0003,"""Bí mật thành Paris"" viết về giai cấp nào trong xã hội?",tầng lớn dưới đáy xã hội,đến tầng lớp,True,False,0,0.2222222222222222,1.0,-1.1031112670898438,11.062135696411133,1.1031112670898438,SPAN_TOO_SHORT
0001-0083-0004,"""Tấn trò đời"" nói về giai cấp nào trong xã hội?",các tầng lớp cao,đến tầng lớp,True,False,0,0.5714285714285715,1.0,-0.8585290908813477,10.770657539367676,0.8585290908813477,SPAN_TOO_SHORT
0001-0083-0005,"""Nhà thờ Đức Bà Paris"" viết về giai cấp nào trong xã hội?",,đến tầng lớp,False,False,0,0.0,1.0,-0.540196418762207,10.595704078674316,0.540196418762207,UNANSWERABLE_FALSE_POSITIVE
0001-0084-0001,"Ai đã sọan kịch cho tác phẩm ""Bóng ma trong nhà hát""?",Andrew Lloyd Webber,,True,True,0,0.0,1.0,6.0468034744262695,3.9723024368286133,-6.0468034744262695,ANSWERABLE_PREDICTED_EMPTY
0001-0084-0002,"Hình ảnh Paris xuất hiện trong tác phẩm ""Zazie dans le métro"" như thế nào?","một thành phố hoang đường, đôi khi khôi hài và nực cười",,True,True,0,0.0,1.0,4.785395622253418,5.387210845947266,-4.785395622253418,ANSWERABLE_PREDICTED_EMPTY
0001-0084-0003,Những quy họach của Haussmann xuất hiện trong những tác phẩm nào?,"Le Ventre de Paris, Nana, Au Bonheur des Dames",,True,True,0,0.0,1.0,7.766429901123047,2.402332305908203,-7.766429901123047,ANSWERABLE_PREDICTED_EMPTY
0001-0085-0001,Cuộc sống hằng ngày của Paris bắt dầu hấp dẫn cac danh họa vào lúc nào?,thế kỷ 19,đến thế kỷ,True,False,0,0.6666666666666666,1.0,-1.0918149948120117,11.10952377319336,1.0918149948120117,PARTIAL_SPAN
0001-0086-0001,Hector Guimard là nghệ sĩ theo trường phái nào?,Tân nghệ thuật,. Nghệ thuật,True,False,0,0.8,1.0,2.8708410263061523,7.274706840515137,-2.8708410263061523,SPAN_TOO_SHORT
0001-0086-0002,Hình xuất hiện của nghệ thuật đương đại ở đâu tại Paris?,Palais-Royal với các cây cột của nhà điêu khắc Daniel Buren hay ở Trung tâm Pompidou với đài phun nước Stravinski của Jean Tinguely và Niki de Saint Phalle,ở Palais-,True,False,0,0.125,1.0,0.07573127746582031,9.686870574951172,-0.07573127746582031,SPAN_TOO_SHORT
0001-0086-0003,Ai là tác giả của tác phẩm điêu khắc đương đại vào thế kỷ 19?,,,False,True,1,1.0,1.0,5.162561416625977,4.840936660766602,-5.162561416625977,CORRECT_NO_ANSWER
0001-0086-0004,Jean-Baptiste Carpeaux là nghệ sĩ theo trường phái nào?,,Về,False,False,0,0.0,1.0,1.375741958618164,8.788118362426758,-1.375741958618164,UNANSWERABLE_FALSE_POSITIVE
0001-0086-0005,Ai là tác giả của tác phẩm điêu khắc đài phun nước vào thế kỷ 19?,Jean-Baptiste Carpeaux,,True,True,0,0.0,1.0,5.168106555938721,4.781409740447998,-5.168106555938721,ANSWERABLE_PREDICTED_EMPTY
0001-0087-0001,Nền âm nhạc Ý bắt đầu phát triển từ lúc nào?,,,False,True,1,1.0,1.0,6.300339937210083,3.876763105392456,-6.300339937210083,CORRECT_NO_ANSWER
0001-0087-0002,Nền âm nhạc Paris bắt đầu phát triển từ lúc nào?,thời Phục Hưng,từ thời,True,False,0,0.4,1.0,1.065873146057129,9.090344429016113,-1.065873146057129,SPAN_TOO_SHORT
0001-0087-0003,Các bài hát dễ lan truyền hơn nhờ phát minh ra thứ gì?,công nghệ in ấn,", công nghệ in ấn",True,False,1,1.0,1.0,-0.6275463104248047,10.747702598571777,0.6275463104248047,CORRECT
0001-0087-0004,Bài hát Carmagnole đóng vai trò gì trong lịch sử Pháp?,biểu tượng cho những người cách mạng vào năm 1792,trở thành ca khúc biểu tượng cho những người,True,False,0,0.5263157894736842,1.0,1.8752307891845703,8.280648231506348,-1.8752307891845703,SPAN_TOO_SHORT
0001-0088-0001,Nữ ca sĩ nào nổi tiếng nhất trong nền lịch sử âm nhạc Pháp?,""" la divine "" Sarah Bernhardt",,True,True,0,0.0,1.0,4.170089244842529,5.753843784332275,-4.170089244842529,ANSWERABLE_PREDICTED_EMPTY
0001-0088-0002,Thể lọai nhạc xuất hiện trong nước ngòai là gì?,,cho khiêu vũ của,False,False,0,0.0,1.0,1.3026084899902344,8.851171493530273,-1.3026084899902344,UNANSWERABLE_FALSE_POSITIVE
0001-0088-0003,Ai đã nâng tầm mạnh mẽ cho âm nhạc ba lê Nga?,,",",False,False,1,1.0,1.0,2.5956473350524902,6.839291095733643,-2.5956473350524902,UNANSWERABLE_FALSE_POSITIVE
0001-0088-0004,Nữ ca sĩ nào nổi tiếng nhất trong nền lịch sử âm nhạc Hoa Kỳ?,,,False,True,1,1.0,1.0,4.417917728424072,5.5276312828063965,-4.417917728424072,CORRECT_NO_ANSWER
0001-0088-0005,Thể lọai nhạc xuất hiện trong Carnaval Paris là gì?,Âm nhạc cho khiêu vũ,cho,True,False,0,0.33333333333333337,1.0,2.839986801147461,7.3293256759643555,-2.839986801147461,SPAN_TOO_SHORT
0001-0088-0006,Ai đã nâng tầm mạnh mẽ cho âm nhạc ba lê Pháp?,"Paul Dukas, Camille Saint-Saëns hay Georges Bizet",",",True,False,0,0.0,1.0,2.089698314666748,7.183187961578369,-2.089698314666748,WRONG_SPAN
0001-0089-0001,Nội dung của bộ phim Le Dernier Messtro là gì?,gợi lại những hiện thực về thời gian thành phố bị Đức Quốc xã chiếm đóng năm 1943,,True,True,0,0.0,1.0,6.872394800186157,3.2996671199798584,-6.872394800186157,ANSWERABLE_PREDICTED_EMPTY
0001-0089-0002,Câu thọai kinh điển trong La Traversée de Paris là gì?,,,False,True,1,1.0,1.0,7.434651136398315,2.741424798965454,-7.434651136398315,CORRECT_NO_ANSWER
0001-0089-0003,Cảnh quay nổi tiếng trong Le Fabuleux Destin d'Amélie Poulain ở đâu?,Montmartre,tới,True,False,0,0.0,1.0,3.4074926376342773,6.642697334289551,-3.4074926376342773,WRONG_SPAN
0001-0089-0004,Câu thọai kinh điển trong Hootel du Nord là gì?,""" Atmosphère, atmosphère, est-ce que j'ai une gueule d'atmosphère? """,,True,True,0,0.0,1.0,4.394281387329102,5.762825965881348,-4.394281387329102,ANSWERABLE_PREDICTED_EMPTY
0001-0089-0005,Nội dung của bộ phim Hôtel du Nord là gì?,,,False,True,1,1.0,1.0,8.299996256828308,1.8680258989334106,-8.299996256828308,CORRECT_NO_ANSWER
0001-0090-0001,"Nội dung của ""An American in Paris"" là gì?","một họa sĩ trẻ ở Paris, đã thành công rực rỡ, đạt giải Oscar cho phim hay nhất",,True,True,0,0.0,1.0,6.6535093784332275,3.495267629623413,-6.6535093784332275,ANSWERABLE_PREDICTED_EMPTY
0001-0091-0001,Hình ảnh tháp Eiffel đổ xuất hiện ở đâu?,các phim khoa học viễn tưởng,chọn,True,False,0,0.0,1.0,3.482089042663574,6.678835868835449,-3.482089042663574,WRONG_SPAN
0001-0091-0002,Bóng ma trong nhà hát nói về Paris trong thời kỳ nào?,thời Belle Époque,,True,True,0,0.0,1.0,6.077427864074707,4.089710235595703,-6.077427864074707,ANSWERABLE_PREDICTED_EMPTY
0001-0091-0003,Chú chuột đầu bếp là bộ phim do nước nào sản xuất?,Mỹ,hình,True,False,0,0.0,1.0,0.8275184631347656,9.306446075439453,-0.8275184631347656,WRONG_SPAN
0001-0091-0004,Ca sĩ Satine trong phim Moulin Rouge! do ai thủ vai?,Nicole Kidman,do Ewan,True,False,0,0.0,1.0,-1.7532005310058594,11.51768684387207,1.7532005310058594,WRONG_SPAN
0001-0091-0005,Hình ảnh sân khấu đổ xuất hiện ở đâu?,,chọn,False,False,0,0.0,1.0,2.416867256164551,7.739018440246582,-2.416867256164551,UNANSWERABLE_FALSE_POSITIVE
0002-0001-0001,Vào ngày nào thì James Cook đã trông thấy Nouvelle-Calédonie?,ngày 4 tháng 9 năm 1774,vào ngày 4 tháng,True,False,0,0.6,1.0,2.0361056327819824,7.317129611968994,-2.0361056327819824,SPAN_TOO_SHORT
0002-0001-0002,Nguyên nhân mà sau năm 1840 thì Nouvelle-Calédonie trở nên thường xuyên được tiếp xúc hơn là gì?,do mối quan tâm đến gỗ đàn hương từ Nouvelle-Calédonie,do mối quan tâm đến gỗ đàn,True,False,0,0.7777777777777778,1.0,2.5835418701171875,7.526970863342285,-2.5835418701171875,SPAN_TOO_SHORT
0002-0001-0003,Vào năm nào thì những người châu Âu đầu tiên đã đến thăm quần đảo Loyauté?,năm 1796,vào năm 1796. Từ sau đó cho đến năm,True,False,0,0.3636363636363636,1.0,2.931446075439453,6.982706069946289,-2.931446075439453,SPAN_TOO_LONG
0002-0001-0004,Nouvelle-Calédonie được trông thấy lần đầu bởi người châu Âu nào?,James Cook,hiểm người,True,False,0,0.0,1.0,2.7767977714538574,7.332681179046631,-2.7767977714538574,WRONG_SPAN
0002-0001-0005,Vào ngày nào thì James Cook đã bắt giữ Nouvelle-Calédonie?,,vào,False,False,0,0.0,1.0,2.3645315170288086,7.081147193908691,-2.3645315170288086,UNANSWERABLE_FALSE_POSITIVE
0002-0001-0006,Trước khi ông Jean-Francois de Galaup phát hiện ra Nouvelle-Calédonie thì ai đã tìm thấy nó?,James Cook,,True,True,0,0.0,1.0,4.833124160766602,5.307384490966797,-4.833124160766602,ANSWERABLE_PREDICTED_EMPTY
0002-0001-0007,Lý do mà James Cook đặt tên cho hòn đảo được ông khám phá ra vào ngày 4 tháng 9 năm 1774 là gì?,phần đông bắc của đảo khiến ông nhớ đến Scotland,,True,True,0,0.0,1.0,4.5617523193359375,5.564481735229492,-4.5617523193359375,ANSWERABLE_PREDICTED_EMPTY
0002-0002-0001,Trong 4.200 tù nhân chính trị được đưa đến Nouvelle- Calédonie từ năm 1873 đến 1876 thì thì có bao nhiêu người định cư tại thuộc địa?,40,có,True,False,0,0.0,1.0,0.018378257751464844,9.978669166564941,-0.018378257751464844,WRONG_SPAN
0002-0002-0002,Khu vực nào bị ông Febvrier Despointes chiếm giữ và là nơi giam cầm khỏang 22.000 tù nhân?,Nouvelle-Calédonie,đối với Nouvelle-Calédonie và Port-de-France (Nouméa,True,False,0,0.3636363636363636,1.0,0.5369358062744141,8.755167007446289,-0.5369358062744141,SPAN_TOO_LONG
0002-0002-0003,Những đợt ân xá của năm nào đã giúp cho phần lớn các tù binh chính trị được giải đến Nouvelle-Calédonie được trở về Pháp?,năm 1879 và 1880,vào năm 1879 và,True,False,0,0.75,1.0,-0.08001995086669922,10.188948631286621,0.08001995086669922,PARTIAL_SPAN
0002-0002-0004,Ai đã tuân theo lệnh của Hòang đế Napoléon III để giành quyền chiếm hữu đối với Nouvelle-Calédonie và Port-de-France?,Đô đốc Febvrier Despointes,",",True,False,0,0.0,1.0,1.3409528732299805,7.761740684509277,-1.3409528732299805,WRONG_SPAN
0002-0002-0005,Trong giai đọan nào thì Nouvelle-Calédonie đã tiếp nhận 4.200 tù nhân chính trị?,Từ năm 1873 đến năm 1876,. Từ năm 1873 đến năm,True,False,0,0.9090909090909091,1.0,-1.8821382522583008,11.72652530670166,1.8821382522583008,SPAN_TOO_SHORT
0002-0002-0006,Nouvelle-Calédonie đã tử hình số lượng tù binh là bao nhiêu trong suốt khỏang thời gian từ thập niên 1860 đến 1897?,,", 4.200 tù nhân",False,False,0,0.0,1.0,0.13105201721191406,9.957160949707031,-0.13105201721191406,UNANSWERABLE_FALSE_POSITIVE
0002-0002-0007,Nouvelle-Calédonie đã tiếp nhận số lượng tù binh là bao nhiêu trong suốt khỏang thời gian từ thập niên 1860 đến 1897?,khỏan 22.000 tù nhân,", 4.200 tù nhân",True,False,0,0.4444444444444445,1.0,-0.9369382858276367,10.851643562316895,0.9369382858276367,SPAN_TOO_SHORT
0002-0003-0001,Vào năm 1878 thì số lượng người Kanak là bao nhiêu?,,còn 27.,False,False,0,0.0,1.0,-0.7419052124023438,10.82767391204834,0.7419052124023438,UNANSWERABLE_FALSE_POSITIVE
0002-0003-0002,Trong cuộc phản ứng chiến tranh của Atal thì đã có bao nhiêu người Pháp thiệt mạng?,,khiến 200 người Pháp và 1.000,False,False,0,0.0,1.0,-0.03653907775878906,9.777981758117676,0.03653907775878906,UNANSWERABLE_FALSE_POSITIVE
0002-0003-0003,Ai là người đã lãnh đạo tạo ra phản ứng bạo lực vào năm 1878?,tù trưởng cấp cao Atal của La Foa,khi tù trưởng cấp cao Atal của La Foa thống nhất nhiều bộ lạc tại miền trung và phát động chiến tranh,True,False,0,0.5333333333333333,1.0,1.9611635208129883,7.666996955871582,-1.9611635208129883,SPAN_TOO_LONG
0002-0003-0004,Trong cuộc phản ứng bạo lực của Atal thì đã có bao nhiêu người Pháp thiệt mạng?,200 người,khiến 200 người Pháp và 1.000,True,False,0,0.4444444444444445,1.0,-0.030742645263671875,9.73414421081543,0.030742645263671875,SPAN_TOO_LONG
0002-0003-0005,Trong công việc buôn bán thì những người bản địa bị đối xử như thế nào?,,,False,True,1,1.0,1.0,4.266727924346924,5.87929105758667,-4.266727924346924,CORRECT_NO_ANSWER
0002-0003-0006,Những bệnh mới nào được du nhập bởi người châu Âu?,đậu mùa và sởi,như đậu mùa và,True,False,0,0.75,1.0,-2.010247230529785,11.464615821838379,2.010247230529785,PARTIAL_SPAN
0002-0003-0007,Vào năm 1921 thì số lượng người Kanak là bao nhiêu?,27.100,còn 27.,True,False,0,0.5,1.0,-1.8896169662475586,11.772165298461914,1.8896169662475586,PARTIAL_SPAN
0002-0003-0008,Việc gì dẫn đến số lượng người dân Kanak giảm đi phân nửa?,Người châu Âu mang đến các bệnh mới như đậu mùa và sởi,,True,True,0,0.0,1.0,8.021306991577148,2.1416025161743164,-8.021306991577148,ANSWERABLE_PREDICTED_EMPTY
0002-0003-0009,Trong công việc khai mỏ thì những người bản địa bị đối xử như thế nào?,bị hạn chế trong các khu vực riêng,cuối cùng bị hạn chế trong các khu vực,True,False,0,0.823529411764706,1.0,1.8577613830566406,8.278729438781738,-1.8577613830566406,SPAN_TOO_LONG
0002-0004-0001,Trận chiến nào thì quân của Nhật Bản đã bị đẩy lui bởi hạm đội vào tháng 5 năm 1942?,trận chiến biển Coral,trong,True,False,0,0.0,1.0,1.2507333755493164,7.819323539733887,-1.2507333755493164,WRONG_SPAN
0002-0004-0002,Số lượng người dân ở nước Nouvelle-Calédonie vào năm 1942 là bao nhiêu?,đến 50.000,đến,True,False,0,0.5,1.0,2.939990997314453,7.21837043762207,-2.939990997314453,SPAN_TOO_SHORT
0002-0004-0003,Năm 1942 thì Nouméa trở thành một nơi như thế nào?,đại bản quan của lực lượng hải quân và lục quân của Hoa Kỳ tại Nam Thái Bình Dương,,True,True,0,0.0,1.0,8.3912912607193,1.7702268362045288,-8.3912912607193,ANSWERABLE_PREDICTED_EMPTY
0002-0004-0004,Điều gì đã xảy ra ngay sau khi Pháp đầu hàng trước lực lượng Đức?,,,False,True,1,1.0,1.0,6.14126443862915,4.0118021965026855,-6.14126443862915,CORRECT_NO_ANSWER
0002-0004-0005,Điều gì đã xảy ra ngay sau khi Pháp thất thủ trước lực lượng Đức?,Hội đồng tòan thể Nouvelle-Calédonie nhất trí ủng hộ chính phủ Pháp quốc Tự do,,True,True,0,0.0,1.0,5.829677104949951,4.315066814422607,-5.829677104949951,ANSWERABLE_PREDICTED_EMPTY
0002-0004-0006,Nơi nào mà vào tháng 9 thì vị thống độc thân Vichy buộc phải đi đến?,Đông Dương,đến,True,False,0,0.0,1.0,0.37248802185058594,9.643299102783203,-0.37248802185058594,WRONG_SPAN
0002-0004-0007,Binh sĩ Hoa Kỳ tại quần đảo có quân số là bao nhiêu?,50.000,đến,True,False,0,0.0,1.0,0.26172351837158203,9.84044361114502,-0.26172351837158203,WRONG_SPAN
0002-0005-0001,Tất cả những đạo luật được Nouvelle-Calédonie thông qua trong năm 1876-1988 đều tạo nên điều gì?,bất mãn và hỗn lọan nghiêm trọng,nên bất mãn và hỗn lọan,True,False,0,0.7692307692307692,1.0,-1.1598262786865234,11.177579879760742,1.1598262786865234,SPAN_TOO_SHORT
0002-0005-0002,Số lượng đạo luật đã được Nouvelle-Calédonie lên kế họach trong khỏang thời gian năm 1976 đến năm 1988 là bao nhiêu?,,thông qua năm,False,False,0,0.0,1.0,-1.0874814987182617,10.946109771728516,1.0874814987182617,UNANSWERABLE_FALSE_POSITIVE
0002-0005-0003,Sự bất mãn và hỗn lọan do các đạo luật mà Nouvelle-Calédonie thông qua đạt đến đỉnh cao ở sự kiện nào?,cuộc bắt cóc con tin đẫm máu tại Ouvéa,. Từ năm 1976 đến năm,True,False,0,0.0,1.0,0.14209651947021484,9.93955135345459,-0.14209651947021484,WRONG_SPAN
0002-0005-0004,Tại sao hiệp định Matignon ra đời?,"Nouvelle-Calédonie thông qua năm đạo luật, đều gây nên bất mãn và hỗn lọan nghiêm trọng",,True,True,0,0.0,1.0,8.06116008758545,2.103062629699707,-8.06116008758545,ANSWERABLE_PREDICTED_EMPTY
0002-0005-0005,Sự bất mãn và hỗn lọan do các dịch vụ mà Nouvelle-Calédonie thông qua đạt đến đỉnh cao ở sự kiện nào?,,thông qua năm,False,False,0,0.0,1.0,-0.48991966247558594,10.53246784210205,0.48991966247558594,UNANSWERABLE_FALSE_POSITIVE
0002-0005-0006,Số lượng đạo luật đã được Nouvelle-Calédonie thông qua trong khỏang thời gian năm 1976 đến năm 1988 là bao nhiêu?,năm đạo luật,thông qua năm,True,False,0,0.3333333333333333,1.0,-1.1881065368652344,10.804756164550781,1.1881065368652344,PARTIAL_SPAN
0002-0005-0007,Ngày 26 tháng 6 năm 1988 đã ký các hiệp định Matignon với mục đích gì?,đảm bảo một thập niên ổn định,,True,True,0,0.0,1.0,6.0881805419921875,4.038456916809082,-6.0881805419921875,ANSWERABLE_PREDICTED_EMPTY
0002-0005-0008,Tất cả những đạo luật được Nouvelle-Calédonie lên kế họach trong năm 1876-1988 đều tạo nên điều gì?,,nên bất mãn và hỗn lọan,False,False,0,0.0,1.0,-0.8383541107177734,10.884069442749023,0.8383541107177734,UNANSWERABLE_FALSE_POSITIVE
0002-0005-0009,20 năm chuyển đổi được đưa ra trong Hiệp định Nouméa là sự chuyển đổi nào?,chuyển giao thẩm quyền cho chính quyền địa phương,,True,True,0,0.0,1.0,3.693568706512451,6.467767238616943,-3.693568706512451,ANSWERABLE_PREDICTED_EMPTY
0002-0005-0010,Ngày 26 tháng 6 năm 1998 đã ký các hiệp định Matignon với mục đích gì?,,,False,True,1,1.0,1.0,6.338044166564941,3.8010644912719727,-6.338044166564941,CORRECT_NO_ANSWER
0002-0006-0001,Cấp chính quyền nhỏ hơn thị tộc được gọi là gì?,,là tù trưởng thị,False,False,0,0.0,1.0,1.3310585021972656,8.815284729003906,-1.3310585021972656,UNANSWERABLE_FALSE_POSITIVE
0002-0006-0002,Cấp chính quyền nhỏ hơn bộ lạc được gọi là gì?,tù bang tục lệ,,True,True,0,0.0,1.0,4.059569835662842,6.09775972366333,-4.059569835662842,ANSWERABLE_PREDICTED_EMPTY
0002-0006-0003,Trong mỗi dân tộc sẽ có bao nhiêu bộ lạc?,,có 341,False,False,0,0.0,1.0,-0.11391448974609375,10.222200393676758,0.11391448974609375,UNANSWERABLE_FALSE_POSITIVE
0002-0006-0004,Những quyền nào là quyền của Thượng viện Tục lệ?,có quyền hạ về đề xuất luật liên quan đến bản sắc Kanak,,True,True,0,0.0,1.0,3.876885414123535,6.265252113342285,-3.876885414123535,ANSWERABLE_PREDICTED_EMPTY
0002-0006-0005,Quyền lực tục lệ của xã hội Kanak bị Pháp kiềm hãm khi liên quan đến điều gì?,hình sự,trong các vấn đề,True,False,0,0.0,1.0,-0.5996131896972656,10.635416030883789,0.5996131896972656,WRONG_SPAN
0002-0006-0006,Những vấn đề nào thì chính quyền Pháp sẽ hạn chế đi quyền hạn của hệ thống tục lệ?,các vấn đề hình sự,trong các vấn đề,True,False,0,0.6666666666666665,1.0,-0.8456277847290039,10.743388175964355,0.8456277847290039,SPAN_TOO_SHORT
0002-0006-0007,Những người đứng đầu thị tộc thì được gọi là gì?,trưởng thị tộc,là tù trưởng thị,True,False,0,0.5714285714285715,1.0,-1.1065235137939453,11.035835266113281,1.1065235137939453,SPAN_TOO_LONG
0002-0006-0008,Trong mỗi thị tộc sẽ có bao nhiêu bộ lạc?,341 bộ lạc,có 341,True,False,0,0.4,1.0,-0.03690338134765625,10.153850555419922,0.03690338134765625,SPAN_TOO_SHORT
0002-0007-0001,Trên đảo có bao nhiêu nhân viên quân sự được triển khai?,,", 760 nhân viên hiến",False,False,0,0.0,1.0,-0.8321142196655273,10.644086837768555,0.8321142196655273,UNANSWERABLE_FALSE_POSITIVE
0002-0007-0002,Đa số các quan chức Nouvelle-Calédonie được triển khai tại những nơi nào?,,,False,True,1,1.0,1.0,8.265142679214478,1.7879292964935303,-8.265142679214478,CORRECT_NO_ANSWER
0002-0007-0003,Lực lượng hải quân của lực lượng không quân Nouvelle-Calédonie gồm có những gì?,,,False,True,1,1.0,1.0,3.8107895851135254,6.330377101898193,-3.8107895851135254,CORRECT_NO_ANSWER
0002-0007-0004,Đa số lực lượng vũ trang Nouvelle-Calédonie được triển khai tại những nơi nào?,"Koumac, Nandaï, Tontouta, Plum, và Nouméa",,True,True,0,0.0,1.0,6.209677219390869,3.6842427253723145,-6.209677219390869,ANSWERABLE_PREDICTED_EMPTY
0002-0007-0005,Trên đảo có bao nhiêu nhân viên hiển binh được triển khai?,760 nhân viên,",",True,False,0,0.0,1.0,-0.13210773468017578,9.753692626953125,0.13210773468017578,WRONG_SPAN
0002-0007-0006,Lực lượng hải quân của lực lượng vũ trang Nouvelle-Calédonie gồm có những gì?,"hai tàu tuần tra lớp P400, một tàu đổ bộ lớp BATRAL, và một tàu tuần tra của Hiến binh Hàng hải",,True,True,0,0.0,1.0,4.190463066101074,5.954693794250488,-4.190463066101074,ANSWERABLE_PREDICTED_EMPTY
0002-0007-0007,Số lượng máy bay trực thăng Puma của không quân là bao nhiêu?,bốn máy bay,"có ba máy bay chuyên chở Casa,",True,False,0,0.4,1.0,-0.1902322769165039,10.107486724853516,0.1902322769165039,SPAN_TOO_LONG
0002-0007-0008,Lực lượng vũ trang của Nouvelle-Calédonie đóng quân ở Tontouta thuộc lọai lực lượng quân sự nào của nước này?,Không quân,.,True,False,0,0.0,1.0,0.4752473831176758,9.632882118225098,-0.4752473831176758,WRONG_SPAN
0002-0007-0009,Quân số của lực lượng vũ trang Nouvelle-Calédonie là bao nhiêu?,2.000 binh sĩ,gồm khỏang 2.000,True,False,0,0.5,1.0,0.7641353607177734,9.266544342041016,-0.7641353607177734,PARTIAL_SPAN
0002-0008-0001,Một hiệu kỳ Kanak đã được Nouvelle-Calédonie lên kế họach vào thời điểm nào?,,Trong tháng 7 năm,False,False,0,0.0,1.0,-1.4670658111572266,11.485841751098633,1.4670658111572266,UNANSWERABLE_FALSE_POSITIVE
0002-0008-0002,Cùng với lá cờ tam tài Pháp lá cờ còn lại ở Nouvelle-Calédonie có tên là gì?,hiệu kỳ Kanak,"một hiệu kỳ Kanak, cùng tồn tại với cờ tam tài Pháp trong vai trò hiệu kỳ chính thức của",True,False,0,0.2608695652173913,1.0,2.445652484893799,7.602105617523193,-2.445652484893799,SPAN_TOO_LONG
0002-0008-0003,Nhờ việc có hai hiệu kỳ mà Nouvelle-Calédonie được đưa vào danh sách nào?,số ít quốc gia và lãnh thổ có hai hiệu kỳ chính thức,,True,True,0,0.0,1.0,7.062500238418579,3.094175100326538,-7.062500238418579,ANSWERABLE_PREDICTED_EMPTY
0002-0008-0004,Song với hiệu kỳ Kanak được thông qua tháng 7 năm 2010 thì tại Nouvelle-Calédonie còn tồn tại hiệu kỳ nào khác?,cờ tam tài Pháp,với cờ tam tài,True,False,0,0.75,1.0,-0.7911090850830078,10.884195327758789,0.7911090850830078,PARTIAL_SPAN
0002-0008-0005,Một hiệu kỳ Kanak đã được Nouvelle-Calédonie thông qua vào thời điểm nào?,tháng 7 năm 2010,Trong tháng 7 năm,True,False,0,0.75,1.0,-1.6827077865600586,11.622603416442871,1.6827077865600586,PARTIAL_SPAN
0002-0009-0001,Tại nơi nào đã ghi nhận được lượng mưa lên đến 3.000 mm?,Galarino,tại,True,False,0,0.0,1.0,1.3883190155029297,8.007242202758789,-1.3883190155029297,WRONG_SPAN
0002-0009-0002,Gió do bão và áp thấp gây ra trong khỏang thời gian từ tháng 12 đến tháng 4 có thể đạt vận tốc gió là bao nhiêu?,100 km/h,"đến 100 km/h, giật 250 km/",True,False,0,0.6,1.0,0.10670185089111328,10.037775039672852,-0.10670185089111328,SPAN_TOO_LONG
0002-0009-0003,Khỏang nhiệt độ tại New Calesdonia trong khỏang thời gian từ tháng 11 đến tháng 3 là bao nhiêu?,từ 27 °C đến 30 °C,,True,True,0,0.0,1.0,4.1994218826293945,5.961217880249023,-4.1994218826293945,ANSWERABLE_PREDICTED_EMPTY
0002-0009-0004,Nguyên nhân giúp cho New Calesdonia có nhiệt đới ôn hòa là gì?,ảnh hưởng từ đại dương và gió mậu dịch làm giảm độ ẩm,nhờ ảnh hưởng từ đại dương và gió,True,False,0,0.6666666666666667,1.0,0.6904172897338867,9.330374717712402,-0.6904172897338867,SPAN_TOO_SHORT
0002-0009-0005,Khi New Calesdonia có thang nhiệt độ trong khỏang 20 °C đến 23 °C cũng là lúc tại đây đang trải qua mùa nào trong năm?,mùa mát khô,", mùa mát",True,False,0,0.8,1.0,-1.3501644134521484,11.402559280395508,1.3501644134521484,SPAN_TOO_SHORT
0002-0009-0006,Theo thống kê dữ liệu thì khu vực New Calesdonia ghi nhận nhiệt độ cao nhất là bao nhiêu?,"39,1 °C",,True,True,0,0.0,1.0,4.774681091308594,5.379526138305664,-4.774681091308594,ANSWERABLE_PREDICTED_EMPTY
0002-0009-0007,Khỏang dân số tại New Calesdonia trong khỏang thời gian từ tháng 11 đến tháng 3 là bao nhiêu?,,,False,True,1,1.0,1.0,6.401560306549072,3.7646374702453613,-6.401560306549072,CORRECT_NO_ANSWER
0002-0010-0001,Lòai thực vật hạt kín Parasitaxus usta được tìm thấy ở đâu?,Nouvelle-Calédonie,,True,True,0,0.0,1.0,6.664319276809692,3.483708143234253,-6.664319276809692,ANSWERABLE_PREDICTED_EMPTY
0002-0010-0002,Đã có bao nhiêu lòai Araucaria được tìm thấy tại Nouvelle-Calédonie?,35 lòai,có,True,False,0,0.0,1.0,0.7886762619018555,9.329952239990234,-0.7886762619018555,WRONG_SPAN
0002-0010-0003,Tổ tiên của động thực vật tại Nouvelle-Calédonie đã bị cô lập kể từ khi nào?,hàng chục triệu năm trước,khu vực khi quần đảo tách khỏi Gondwana hàng chục triệu năm,True,False,0,0.47058823529411764,1.0,-1.281407356262207,11.307788848876953,1.281407356262207,SPAN_TOO_LONG
0002-0010-0004,Amborella trichopoda là lòai thực vật như thế nào?,lòai thực vật có hoa phân kỳ sớm nhất của thế giới,", ở tại hoặc gần cơ sở tổ tiên chung của tòan bộ các thực vật có",True,False,0,0.28571428571428575,1.0,1.4062299728393555,8.738192558288574,-1.4062299728393555,SPAN_TOO_LONG
0002-0010-0005,Có bao nhiêu lòai thực vật hạt trần đặc hữu trong số các lòai thực vật hạt trần tại Nouvelle-Calédonie?,43 lòai,có,True,False,0,0.0,1.0,1.2116947174072266,8.927131652832031,-1.2116947174072266,WRONG_SPAN
0002-0010-0006,Nouvelle-Calédonie có bao nhiêu lòai thực vật hạt trần bản địa?,13 lòai,,True,True,0,0.0,1.0,3.986196517944336,6.163122177124023,-3.986196517944336,ANSWERABLE_PREDICTED_EMPTY
0002-0011-0001,Nouvelle-Calédonie nằm trong ứng viên năm địa điểm như thế nào?,,,False,True,1,1.0,1.0,8.46959662437439,1.7029287815093994,-8.46959662437439,CORRECT_NO_ANSWER
0002-0011-0002,Vì sao những địa hình mỏ lại là nơi trú ẩn của nhiều lòai thực vật bản địa?,có độc và hàm lượng khóang không phù hợp với hầu hết thực vật ngọai lai,. Đất gồm đá siêu mafic (địa hình mỏ) là nơi trú ẩn cho nhiều lòai thực vật bản địa do tại đó có độc và hàm lượng khóang không phù hợp với hầu hết thực vật ngọai,True,False,0,0.5660377358490566,1.0,1.9016571044921875,8.154365539550781,-1.9016571044921875,SPAN_TOO_LONG
0002-0011-0003,Trên lọai đất nào thì lòai dương xỉ Cyathea intermedia mọc phổ biến?,đất có tính a xít,"trên đất có tính a xít, và mọc cao khỏang một mét mỗi năm tại duyên hải phía đông, thường là trên đất hoang hoặc trong rừng",True,False,0,0.3125,1.0,0.60455322265625,9.50866413116455,-0.60455322265625,SPAN_TOO_LONG
0002-0011-0004,Nouvelle-Calédonie nằm trong danh sách năm địa điểm như thế nào?,có các lòai gỗ sồi phương nam (Nothofagus) bản địa,,True,True,0,0.0,1.0,10.079849541187286,0.09588116407394409,-10.079849541187286,ANSWERABLE_PREDICTED_EMPTY
0002-0011-0005,Cyathea intermedia là lòai dương xỉ như thế nào?,Lòai dương xỉ lớn nhất thế giới,,True,True,0,0.0,1.0,8.992260694503784,1.1797707080841064,-8.992260694503784,ANSWERABLE_PREDICTED_EMPTY
0002-0011-0006,Tại những nơi có lọai đất nào thì Nouvelle-Calédonie có kiểu rừng cây bụi riêng?,các vùng đất có chứa kim lọai,"trên các vùng đất có chứa kim lọai, hầu hết tại phía",True,False,0,0.7368421052631579,1.0,1.5331039428710938,8.609041213989258,-1.5331039428710938,SPAN_TOO_LONG
0002-0012-0001,Tỉnh Quần đảo Loyauté có số dân là bao nhiêu vào năm 2007?,,"xuống 2,2",False,False,0,0.0,1.0,-1.4625911712646484,11.499711036682129,1.4625911712646484,UNANSWERABLE_FALSE_POSITIVE
0002-0012-0002,Trong giai đọan 1996-2009 thì Nouvelle-Calédonie duy trì mức tăng trưởng dân số là bao nhiêu?,"1,7%","mức 1,7",True,False,0,0.8,1.0,1.13336181640625,9.031806945800781,-1.13336181640625,SPAN_TOO_LONG
0002-0012-0003,Di cư thuần chiếm tỷ tệ bao nhiêu trong tăng trưởng dân số tại Nouvelle-Calédonie?,15%,", 15",True,False,1,1.0,1.0,2.085468292236328,8.070619583129883,-2.085468292236328,CORRECT
0002-0012-0004,Nhiệt độ của Nouvelle-Calédonie là bao nhiêu vào năm 2014?,,,False,True,1,1.0,1.0,9.398049116134644,0.7653324604034424,-9.398049116134644,CORRECT_NO_ANSWER
0002-0012-0005,Vào năm 2007 thì tỷ suất sinh trên một nữ giới là bao nhiêu?,"2,2 trẻ","xuống 2,2",True,False,0,0.6666666666666666,1.0,-2.0011329650878906,11.773833274841309,2.0011329650878906,PARTIAL_SPAN
0002-0012-0006,Dân số của Nouvelle-Calédonie là bao nhiêu vào năm 2014?,268.767,,True,True,0,0.0,1.0,7.466735124588013,2.6614882946014404,-7.466735124588013,ANSWERABLE_PREDICTED_EMPTY
0002-0012-0007,Vào năm 2007 thì tỷ suất sinh trên một nam giới là bao nhiêu?,,"xuống 2,2",False,False,0,0.0,1.0,-1.7691516876220703,11.70479965209961,1.7691516876220703,UNANSWERABLE_FALSE_POSITIVE
0002-0012-0008,Tỉnh Quần đảo Loyauté có số dân là bao nhiêu vào năm 2014?,17.436 người,", 17.436",True,False,0,0.8,1.0,3.4248619079589844,6.711626052856445,-3.4248619079589844,SPAN_TOO_SHORT
0002-0013-0001,27% dân số là tỷ lệ dân số là người Kanak tại khu vực nào?,tỉnh Nam,dân số tỉnh,True,False,0,0.4,1.0,-0.7778463363647461,10.815731048583984,0.7778463363647461,SPAN_TOO_LONG
0002-0013-0002,Tỉnh Quần đảo Loyauté có tỷ lệ dân số là người Kanak chiếm bao nhiêu?,94%,chiếm 94,True,False,0,0.6666666666666666,1.0,-1.318629264831543,10.963884353637695,1.318629264831543,SPAN_TOO_LONG
0002-0013-0003,Người bản đại tại Nouvelle-Calédonie thuộc nhóm người nào?,Melanesia,,True,True,0,0.0,1.0,7.500614643096924,2.6241116523742676,-7.500614643096924,ANSWERABLE_PREDICTED_EMPTY
0002-0013-0004,Cách để nhận dạng bộ tộc là đất liền hay biển là dựa vào cách nào?,,theo vị trí quê hương và phạm vi chiếm đóng của tổ tiên,False,False,0,0.0,1.0,3.2122111320495605,6.926004886627197,-3.2122111320495605,UNANSWERABLE_FALSE_POSITIVE
0002-0013-0005,Cách để nhận dạng thị tộc là đất liền hay biển là dựa vào cách nào?,tùy theo vị trí quê hương và phạm vi chiếm đóng của tổ tiên họ,theo vị trí quê hương và phạm vi chiếm đóng của tổ tiên,True,False,0,0.9285714285714286,1.0,1.3154582977294922,8.808074951171875,-1.3154582977294922,SPAN_TOO_SHORT
0002-0013-0006,Xu hướng của người Kanak là như thế nào?,vị thế kinh tế-xã hội thấp hơn so với người gốc Âu và những người định cư khác,xu hướng ở vị thế kinh tế-xã hội thấp,True,False,0,0.48275862068965514,1.0,0.6921482086181641,9.462005615234375,-0.6921482086181641,SPAN_TOO_SHORT
0002-0014-0001,Điều tra năm 2009 cho biết tại Nouvelle-Calédonie có bao nhiêu người gốc Âu được di cư tại đây?,,số 71.721,False,False,0,0.0,1.0,0.02027416229248047,9.986888885498047,-0.02027416229248047,UNANSWERABLE_FALSE_POSITIVE
0002-0014-0002,Điều tra năm 2009 cho biết tại Nouvelle-Calédonie có bao nhiêu người gốc Âu được sinh tại đây?,32.354 người,số 71.721,True,False,0,0.0,1.0,0.3365316390991211,9.59045124053955,-0.3365316390991211,WRONG_SPAN
0002-0014-0003,Lần đầu tiên mà người gốc Âu đến sinh sống tại Nouvelle-Calédonie là khi nào?,Pháp lập một thuộc địa hình sự trên quần đảo,khi Pháp lập một thuộc địa hình sự trên,True,False,0,0.8421052631578948,1.0,1.8266124725341797,8.29516315460205,-1.8266124725341797,SPAN_TOO_SHORT
0002-0014-0004,Những người Caldoche là những người như thế nào?,người sinh tại Nouvelle-Calédonie có quan hệ tổ tiên từ những người Pháp định cư ban đầu,,True,True,0,0.0,1.0,6.437581539154053,3.732736110687256,-6.437581539154053,ANSWERABLE_PREDICTED_EMPTY
0002-0014-0005,Sau khi hòan thành bản án thì các tù nhân sẽ được làm gì?,họ được cấp đất để định cư,được cấp đất để,True,False,0,0.7272727272727273,1.0,-0.8576927185058594,10.851966857910156,0.8576927185058594,SPAN_TOO_SHORT
0002-0014-0006,Nơi nào là nơi buôn bán xuất khẩu chủ yếu của những người Caldoche tại Nouvelle-Calédonie?,,tại các khu vực nông thôn thuộc duyên hải phía tây,False,False,0,0.0,1.0,1.7409296035766602,8.405853271484375,-1.7409296035766602,UNANSWERABLE_FALSE_POSITIVE
0002-0014-0007,Nơi nào là nơi sinh sống chủ yếu của những người Caldoche tại Nouvelle-Calédonie?,các khu vực nông thôn thuộc duyên hải phía tây đảo chính,tại các khu vực nông thôn thuộc duyên hải phía tây,True,False,0,0.8695652173913043,1.0,2.35860538482666,7.792236328125,-2.35860538482666,SPAN_TOO_SHORT
0002-0014-0008,Những chính trị gia Caldoche là những người như thế nào?,,,False,True,1,1.0,1.0,7.489656925201416,2.6842989921569824,-7.489656925201416,CORRECT_NO_ANSWER
0002-0015-0001,Nhờ vào di dân mà các cộng đồng ngôn ngữ nào khác cũng được hình thành?,tiếng Wallis và tiếng Java,là tiếng Wallis và tiếng,True,False,0,0.8000000000000002,1.0,-1.0583534240722656,11.078878402709961,1.0583534240722656,PARTIAL_SPAN
0002-0015-0002,Tỷ lệ dân số đã tường trình rằng họ không có kiến thức về tiếng Pháp trong cuộc khảo sát năm 2009 là bao nhiêu?,"1,1%",", 97,3% dân số từ 15 tuổi trở lên tường trình rằng họ có thể nói, đọc và viết tiếng Pháp, trong khi chỉ 1,1",True,False,0,0.14285714285714288,1.0,-1.5719280242919922,11.023984909057617,1.5719280242919922,SPAN_TOO_LONG
0002-0015-0003,Kể từ khi nào thì tiếng Pháp đã bắt đầu được truyền bá?,các khu định cư của người Pháp hình thành,khi các khu định cư của người Pháp,True,False,0,0.823529411764706,1.0,-0.2925853729248047,10.251422882080078,0.2925853729248047,SPAN_TOO_SHORT
0002-0015-0004,Những nguyên nhân dẫn đến sự không đồng đều trong sự thông thạo tiếng Pháp trong tòan thể dân số là gì?,"thiếu tiếp cận phổ thông đối với giáo dục công lập trước năm 1953, song cũng là do nhập cư và đa dạng dân tộc",do nhập cư và đa dạng,True,False,0,0.3870967741935484,1.0,-0.07254791259765625,10.125076293945312,0.07254791259765625,SPAN_TOO_SHORT
0002-0015-0005,Điều tra năm 2009 đã chỉ ra rằng tỷ lệ dân số từ 15 tuổi trở lên có khả năng sử dụng tiếng Pháp là bao nhiêu?,"97,3%",", 97,3",True,False,1,1.0,1.0,-2.103898048400879,11.523918151855469,2.103898048400879,CORRECT
0002-0015-0006,Điều tra năm 1953 đã chỉ ra rằng tỷ lệ dân số từ 15 tuổi trở lên có khả năng sử dụng tiếng Pháp là bao nhiêu?,,", 97,3",False,False,0,0.0,1.0,-0.5720863342285156,10.495523452758789,0.5720863342285156,UNANSWERABLE_FALSE_POSITIVE
0002-0016-0001,28 ngôn ngữ Kanak thuộc ngữ hệ nào?,Nam Đảo,của ngữ hệ Nam,True,False,0,0.3333333333333333,1.0,-1.132573127746582,11.258710861206055,1.132573127746582,SPAN_TOO_LONG
0002-0016-0002,Ngôn ngữ Paicî được sử dụng tại khu vực nào?,phía bắc của Grande Terre,(phần phía bắc của Grande Terre,True,False,0,0.9090909090909091,1.0,2.7150678634643555,7.286812782287598,-2.7150678634643555,SPAN_TOO_LONG
0002-0016-0003,Tại Lifou thì ngôn ngữ nào được sử dụng phổ biến?,Drehu,,True,True,0,0.0,1.0,4.114292144775391,5.883764266967773,-4.114292144775391,ANSWERABLE_PREDICTED_EMPTY
0002-0016-0004,Kể từ cấp học nào thì mọi người được dạy các ngôn ngữ Kanak?,mầm non,từ mầm non (bốn ngôn ngữ được dạy đến bậc,True,False,0,0.33333333333333337,1.0,-1.0815496444702148,10.804882049560547,1.0815496444702148,SPAN_TOO_LONG
0002-0016-0005,"Có 58,7% dân số đã tường trình như thế nào về ngôn ngữ bản địa trong điều tra năm 2009?",họ không có kiến thức gì về chúng,rằng họ không có kiến thức gì về,True,False,0,0.875,1.0,1.8386154174804688,8.272028923034668,-1.8386154174804688,PARTIAL_SPAN
0002-0017-0001,Những giáo hội Tin Lành nào có số lượng tín đồ lớn nhất tại Nouvelle-Calédonie và Quần đảo Loyauté?,Giáo hội Phúc Âm Tự do và Giáo hội Phúc Âm,đó Giáo hội Phúc Âm Tự do và Giáo hội Phúc,True,False,0,0.9090909090909091,1.0,-2.534130096435547,11.644821166992188,2.534130096435547,PARTIAL_SPAN
0002-0017-0002,Những giáo hội Tin Lành nào có số lượng quan chức lớn nhất tại Nouvelle-Calédonie và Quần đảo Loyauté?,,đó Giáo hội Phúc Âm Tự do và Giáo hội Phúc,False,False,0,0.0,1.0,-2.386709213256836,11.560575485229492,2.386709213256836,UNANSWERABLE_FALSE_POSITIVE
0002-0017-0003,Hầu như đa số những người nào là tín đồ của Công giáo La Mã?,"gười gốc Âu, Ouvéa, Việt và một nửa cộng đồng thiểu số Melanesia và Polynesia",,True,True,0,0.0,1.0,5.416861534118652,4.73570442199707,-5.416861534118652,ANSWERABLE_PREDICTED_EMPTY
0002-0017-0004,Tại Nouvelle-Calédonie thì ưu thế về tôn giáo thuộc về tôn giáo nào?,Cơ Đốc giáo,là Cơ Đốc,True,False,0,0.6666666666666666,1.0,-2.1057605743408203,11.70590591430664,2.1057605743408203,PARTIAL_SPAN
0002-0017-0005,Thông qua cách nào mà Công giáo La Mã có thể đến với Nouvelle-Calédonie?,những người thực dân Pháp đưa đến,được những người thực dân,True,False,0,0.6666666666666666,1.0,2.340068817138672,7.8019866943359375,-2.340068817138672,SPAN_TOO_SHORT
0002-0017-0006,Những tín đồ của các giáo hội Tin Lành là những người nào?,người Melanesia,,True,True,0,0.0,1.0,7.017024993896484,3.1414737701416016,-7.017024993896484,ANSWERABLE_PREDICTED_EMPTY
0002-0018-0001,Với 1.000 CFP chúng ta có thể đổi được bao nhiêu euro?,"8,38 euro","đổi 8,38",True,False,0,0.6666666666666666,1.0,-0.9084081649780273,10.965559005737305,0.9084081649780273,PARTIAL_SPAN
0002-0018-0002,Năm 2011 thì nền kinh tế tại Nouvelle-Calédonie có GDP là bao nhiêu?,"9,89 tỷ USD","đạt 9,89 tỷ",True,False,0,0.75,1.0,-0.8357257843017578,10.822763442993164,0.8357257843017578,PARTIAL_SPAN
0002-0018-0003,Tuy GDP của Nouvelle-Calédonie song nó tồn tại một bất cập như thế nào?,"bất bình đẳng đáng kể về phân phối thu nhập, và mất cân bằng cấu trúc kéo dài giữa tỉnh Nam chi phối về kinh tế với tỉnh Bắc và Quần đảo Loyauté kém phát triển",,True,True,0,0.0,1.0,4.134632587432861,6.025895595550537,-4.134632587432861,ANSWERABLE_PREDICTED_EMPTY
0002-0018-0004,Đơn vị tiền tệ được sử dụng tại Nouvelle-Calédonie là gì?,franc CFP,là,True,False,0,0.0,1.0,1.927001953125,7.765321731567383,-1.927001953125,WRONG_SPAN
0002-0018-0005,Nền kinh tế của Nouvelle-Calédonie được xem là một nề kinh tế như thế nào?,một trong các nền kinh tế lớn nhất tại Nam Thái Bình Dương,,True,True,0,0.0,1.0,5.112119674682617,5.033931732177734,-5.112119674682617,ANSWERABLE_PREDICTED_EMPTY
0002-0019-0001,Lý do mà Nouvelle-Calédonie đạt được những tăng trưởng kinh tế cao là gì?,,,False,True,1,1.0,1.0,4.072482109069824,6.080777168273926,-4.072482109069824,CORRECT_NO_ANSWER
0002-0019-0002,Năm 2011 thì tăng trưởng GDP là bao nhiêu?,"3,11 tỷ USD","là 3,8% vào năm 2010 và 3,2",True,False,0,0.15384615384615383,1.0,-1.9937448501586914,11.769195556640625,1.9937448501586914,SPAN_TOO_LONG
0002-0019-0003,Giá trị của việc xuất khẩu nguyên liệu và dịch vụ của Nouvelle-Calédonie vào năm 2011 là bao nhiêu?,,"đạt 2,11 tỷ",False,False,0,0.0,1.0,0.9755620956420898,9.125015258789062,-0.9755620956420898,UNANSWERABLE_FALSE_POSITIVE
0002-0019-0004,Lý do mà Nouvelle-Calédonie đạt được những tăng trưởng GDP cao là gì?,"giá niken trên thế giới tăng lên và nhu cầu nội địa gia tăng khiến số việc làm tăng, cũng như dầu tư kinh doanh mạnh",,True,True,0,0.0,1.0,4.48484992980957,5.6656951904296875,-4.48484992980957,ANSWERABLE_PREDICTED_EMPTY
0002-0019-0005,Hơn 20% lượng hàng hóa và dịch vụ được Nouvelle-Calédonie nhập khẩu đến từ đâu?,chính quốc Pháp và các tỉnh hải ngọai,,True,True,0,0.0,1.0,3.5448341369628906,6.618448257446289,-3.5448341369628906,ANSWERABLE_PREDICTED_EMPTY
0002-0019-0006,Năm 2011 thì lượng nhập siêu hàng hóa và dịch vụ của Nouvelle-Calédonie là bao nhiêu?,"3,11 tỷ USD","đạt 2,11 tỷ",True,False,0,0.5,1.0,2.1847057342529297,7.926713943481445,-2.1847057342529297,PARTIAL_SPAN
0002-0019-0007,Giá trị của việc xuất khẩu hàng hóa và dịch vụ của Nouvelle-Calédonie vào năm 2011 là bao nhiêu?,"2,11 tỷ USD","đạt 2,11 tỷ",True,False,0,0.75,1.0,0.5775470733642578,9.495647430419922,-0.5775470733642578,PARTIAL_SPAN
0002-0020-0001,Tại Quần đảo Cool thì lượng khách du lịch mỗi năm là bao nhiêu?,400.000,"có 100.000 du khách mỗi năm, so với",True,False,0,0.1818181818181818,1.0,1.0946149826049805,9.007436752319336,-1.0946149826049805,SPAN_TOO_LONG
0002-0020-0002,Trong lượng hàng hóa nhập khẩu thì thực phẩm đã chiếm tỷ lệ bao nhiêu?,20%,,True,True,0,0.0,1.0,4.6414794921875,5.488080978393555,-4.6414794921875,ANSWERABLE_PREDICTED_EMPTY
0002-0020-0003,Diện tích của vùng đặc quyền kinh tế tại Nouvelle-Calédonie là bao nhiêu?,"1,4 triệu km²","rộng 1,4 triệu",True,False,0,0.75,1.0,-1.0164766311645508,11.044841766357422,1.0164766311645508,PARTIAL_SPAN
0002-0020-0004,Diện tích của vùng đặc quyền quân sự tại Nouvelle-Calédonie là bao nhiêu?,,"rộng 1,4 triệu",False,False,0,0.0,1.0,-0.5428848266601562,10.621954917907715,0.5428848266601562,UNANSWERABLE_FALSE_POSITIVE
0002-0020-0005,Trong GDP của Nouvelle-Calédonie thì hỗ trợ tài chính của Pháp đã chiếm tỷ lệ bao nhiêu?,hơn 15%,chiếm hơn 15%,True,False,0,0.8,1.0,0.5911836624145508,9.50354290008545,-0.5911836624145508,SPAN_TOO_LONG
0002-0020-0006,Những mặt hàng mà Nouvelle-Calédonie là một trong những nhà cung cấp lớn?,khoai lang; khoai môn; chuối táo quạ; dừa,: khoai lang; khoai môn; chuối táo quạ;,True,False,0,0.9333333333333333,1.0,-1.7212142944335938,11.517681121826172,1.7212142944335938,SPAN_TOO_SHORT
0002-0020-0007,Tại Quần đảo Cool thì lượng dân nhập cư mỗi năm là bao nhiêu?,,với,False,False,0,0.0,1.0,1.7859134674072266,8.358416557312012,-1.7859134674072266,UNANSWERABLE_FALSE_POSITIVE
0002-0020-0008,Trong GDP của Nouvelle-Calédonie thì hỗ trợ quân sự của Pháp đã chiếm tỷ lệ bao nhiêu?,,,False,True,1,1.0,1.0,3.771851062774658,6.380932331085205,-3.771851062774658,CORRECT_NO_ANSWER
0002-0021-0001,Lọai hình âm nhạc Kaneka được khởi nguồn vào lúc nào?,thập niên 1980,trong thập niên,True,False,0,0.6666666666666666,1.0,-1.1492538452148438,11.171611785888672,1.1492538452148438,PARTIAL_SPAN
0002-0021-0002,Điều gì đã được phản ánh thông qua khắc gỗ mà đặc biệt là gỗ houp?,"đức tin của xã hội bộ lạc truyền thống, và bao gồm các vật tổ, mặt nạ, khung cửa, hoặc flèche faîtière",về đức tin của xã hội bộ lạc,True,False,0,0.4666666666666667,1.0,0.7944240570068359,9.313465118408203,-0.7944240570068359,SPAN_TOO_SHORT
0002-0021-0003,Mwâ Ka được tạo ra nhằm kỷ niệm sự kiện gì?,Pháp sáp nhập Nouvelle-Calédonie,,True,True,0,0.0,1.0,3.610240936279297,6.389878273010254,-3.610240936279297,ANSWERABLE_PREDICTED_EMPTY
0002-0021-0004,Nữ giới ở các bộ lạc có lọai hình thủ công phổ biến là gì?,Đan rổ,. Đan,True,False,0,0.6666666666666666,1.0,-2.6310319900512695,11.75282096862793,2.6310319900512695,SPAN_TOO_SHORT
0002-0021-0005,Ai là người đã tạo nên thiết kế của Trung tâm Văn hóa Jean-Marie Tjibaou?,Renzo Piano,do kiến trúc sư người Ý Renzo,True,False,0,0.22222222222222224,1.0,-1.8389835357666016,11.56175708770752,1.8389835357666016,SPAN_TOO_LONG
0002-0021-0006,Houp được tạo ra nhằm kỷ niệm sự kiện gì?,,,False,True,1,1.0,1.0,5.493776321411133,4.677281379699707,-5.493776321411133,CORRECT_NO_ANSWER
0002-0021-0007,Lọai hình văn hóa Kaneka được khởi nguồn vào lúc nào?,,trong thập niên,False,False,0,0.0,1.0,-0.8564834594726562,10.94249153137207,0.8564834594726562,UNANSWERABLE_FALSE_POSITIVE
0002-0022-0001,Radio Djiido và Radio Rythmes Bleus có mục tiêu chính là ai?,các nhóm người Kanak,,True,True,0,0.0,1.0,8.154699802398682,2.0150036811828613,-8.154699802398682,ANSWERABLE_PREDICTED_EMPTY
0002-0022-0002,Có những đài phát thanh nào tại quần đảo?,"RFO radio Nouvelle-Calédonie, Océane FM, NRJ, Radio Djiido, và Radio Rythmes Bleus",,True,True,0,0.0,1.0,6.190825939178467,3.955101490020752,-6.190825939178467,ANSWERABLE_PREDICTED_EMPTY
0002-0022-0003,Les Nouvelles Calédoniennes và Radio Rythmes Bleus có mục tiêu chính là ai?,,,False,True,1,1.0,1.0,8.18339204788208,1.983335018157959,-8.18339204788208,CORRECT_NO_ANSWER
0002-0022-0004,Truyền hình analogue đã chấm dứt việc phát sóng kể từ khi nào?,tháng 9 năm 2011,vào tháng 9 năm,True,False,0,0.75,1.0,-2.372152328491211,11.737638473510742,2.372152328491211,PARTIAL_SPAN
0002-0022-0005,Cùng với việc vận hành Réseau Outre-Mer 1re thì Hãng buôn bán công cộng France Télévision còn truyền phát các kênh nào?,,,False,True,1,1.0,1.0,5.725795745849609,4.362358093261719,-5.725795745849609,CORRECT_NO_ANSWER
0002-0022-0006,Cùng với việc vận hành Réseau Outre-Mer 1re thì Hãng truyền thông công cộng France Télévision còn truyền phát các kênh nào?,"France 2, France 3, France 4, France 5, France Ô, France 24 và Arte",,True,True,0,0.0,1.0,5.588615894317627,4.462912082672119,-5.588615894317627,ANSWERABLE_PREDICTED_EMPTY
0002-0022-0007,Truyền hình analogue đã chấm dứt hợp đồng kể từ khi nào?,,vào tháng 9 năm,False,False,0,0.0,1.0,-2.013883590698242,11.658939361572266,2.013883590698242,UNANSWERABLE_FALSE_POSITIVE
0002-0022-0008,Réseau Outre-Mer 1re là kênh truyền hình địa phương được điều khiển bởi tổ chức nào?,Hãng truyền thông công cộng France Télévision,.,True,False,0,0.0,1.0,2.011763095855713,7.4985480308532715,-2.011763095855713,WRONG_SPAN
0002-0023-0001,Năm 2008 đã xảy ra sự kiện gì đối với thể thao của Nouvelle-Calédonie?,Đội tuyển bóng ném Nouvelle-Calédonie từng vô địch châu Đại Dương,. Đội tuyển bóng ném Nouvelle-Calédonie từng vô địch châu,True,False,0,0.9090909090909091,1.0,-1.4293861389160156,11.225446701049805,1.4293861389160156,SPAN_TOO_SHORT
0002-0023-0002,Tại Nouvelle-Calesdonie đã từng tổ chức sự kiện thể thao nào được xem là sôi động nhất?,,. Đua,False,False,0,0.0,1.0,1.9356708526611328,8.160968780517578,-1.9356708526611328,UNANSWERABLE_FALSE_POSITIVE
0002-0023-0003,Năm nào là năm đầu tiên mà đội tuyển bóng đá của Nouvelle-Calédonie được bắt đầu thi đấu?,năm 1950,vào năm,True,False,0,0.5,1.0,-1.5473880767822266,11.193806648254395,1.5473880767822266,PARTIAL_SPAN
0002-0023-0004,Tại Nouvelle-Calesdonie đã từng tổ chức sự kiện thể thao nào được xem là lớn nhất?,một vòng của giải vô địch đua xe châu Á Thái Bình Dương FIA,là một vòng của giải vô địch đua xe châu Á Thái Bình Dương FIA (APRC,True,False,0,0.9333333333333333,1.0,0.6173877716064453,9.489992141723633,-0.6173877716064453,SPAN_TOO_LONG
0002-0023-0005,Kể từ năm nào thì đôi bóng của Nouvelle-Calédonie được lên kế họach vào FIFA?,,vào năm,False,False,0,0.0,1.0,-0.2648324966430664,10.236288070678711,0.2648324966430664,UNANSWERABLE_FALSE_POSITIVE
0002-0023-0006,Vị thế của Nouvelle-Calédonie trước khi được gia nhập FIFA là gì?,quan sát viên của Liên đòan bóng đá châu Đại Dương,vị thế quan sát viên của Liên đòan bóng đá châu,True,False,0,0.8181818181818182,1.0,-0.20847702026367188,10.232776641845703,0.20847702026367188,PARTIAL_SPAN
0002-0023-0007,Kể từ năm nào thì đội bóng của Nouvelle-Calédonie được nhận vào FIFA?,năm 2004,vào năm,True,False,0,0.5,1.0,-0.9578742980957031,10.737762451171875,0.9578742980957031,PARTIAL_SPAN
0002-0023-0008,Vị thế của Nouvelle-Calédonie trước khi được gia nhập FIA là gì?,,vị thế quan sát viên của Liên đòan bóng đá châu,False,False,0,0.0,1.0,0.818089485168457,9.264723777770996,-0.818089485168457,UNANSWERABLE_FALSE_POSITIVE
0003-0001-0001,Đất nước nào không có diện tích lớn thứ hai thế giới nhưng có đường biên giới dài nhất thế giới?,Hoa Kỳ,,True,True,0,0.0,1.0,4.738190650939941,5.401843070983887,-4.738190650939941,ANSWERABLE_PREDICTED_EMPTY
0003-0001-0002,Đường biên giới nào đứng thứ nhất về giá trị kinh tế trên thế giới?,,về phía nam và phía tây,False,False,0,0.0,1.0,-0.8231143951416016,10.951435089111328,0.8231143951416016,UNANSWERABLE_FALSE_POSITIVE
0003-0001-0003,Dân số của quốc gia nào lớn thứ hai thế giới?,,,False,True,1,1.0,1.0,5.487109184265137,4.655891418457031,-5.487109184265137,CORRECT_NO_ANSWER
0003-0001-0004,Đường biên giới nào đứng thứ nhất về độ dài trên thế giới?,Biên giới chung của Canada với Hoa Kỳ,về phía nam và phía tây,True,False,0,0.0,1.0,-1.5809621810913086,11.603015899658203,1.5809621810913086,WRONG_SPAN
0003-0001-0005,Lãnh thổ của quốc gia nào lớn thứ hai thế giới?,Canada,Lãnh thổ,True,False,0,0.0,1.0,3.329115867614746,6.807021141052246,-3.329115867614746,WRONG_SPAN
0003-0001-0006,Lãnh thổ của Canada như thế nào?,"Lãnh thổ Canada gồm mười tỉnh bang và ba vùng lãnh thổ liên bang, trải dài từ Đại Tây Dương ở phía đông sang Thái Bình Dương ở phía tây, và giáp Bắc Băng Dương ở phía bắc",gồm mười tỉnh bang và ba vùng lãnh thổ,True,False,0,0.38297872340425526,1.0,2.3628063201904297,7.791193008422852,-2.3628063201904297,SPAN_TOO_SHORT
0003-0001-0007,Canada nằm về phía nào của Châu Mỹ nào?,cực bắc,ở cực bắc của,True,False,0,0.6666666666666666,1.0,-0.4112825393676758,10.473409652709961,0.4112825393676758,SPAN_TOO_LONG
0003-0002-0001,Hai quốc gia nào đã bắt đầu xâm lược các quốc gia ở vùng duyên hải Thái Bình Dương từ cuối thế kỷ XV?,,", người Anh và người",False,False,0,0.0,1.0,-1.3309459686279297,11.264892578125,1.3309459686279297,UNANSWERABLE_FALSE_POSITIVE
0003-0002-0002,Khi nào thì cac quốc gia phương tây thành lập cac thuộc địa ở Canada?,từ cuối thế kỷ XV,đầu từ cuối thế kỷ,True,False,0,0.8000000000000002,1.0,2.604243278503418,7.536709785461426,-2.604243278503418,PARTIAL_SPAN
0003-0002-0003,Hai quốc gia nào đã bắt đầu xâm lược các quốc gia ở vùng duyên hải Đại Tây Dương từ cuối thế kỷ XV?,người Anh và người Pháp,", người Anh và người",True,False,0,0.888888888888889,1.0,-1.6947441101074219,11.4730863571167,1.6947441101074219,SPAN_TOO_SHORT
0003-0002-0004,Khi nào thì các quốc gia phương tây thành lập các dân tộc ở Canada?,,đầu từ cuối thế kỷ,False,False,0,0.0,1.0,3.2962722778320312,6.859233856201172,-3.2962722778320312,UNANSWERABLE_FALSE_POSITIVE
0003-0002-0005,Canada được trao tình trạng độc lập hòan tòan trên mọi mặt vào năm bao nhiêu?,năm 1982,. Năm,True,False,0,0.6666666666666666,1.0,-1.0474443435668945,10.997692108154297,1.0474443435668945,SPAN_TOO_SHORT
0003-0002-0006,Khi chưa bị xâm lược Canada chịu sự chi phối của quốc gia nào?,,", Anh",False,False,0,0.0,1.0,-0.6095676422119141,10.712512016296387,0.6095676422119141,UNANSWERABLE_FALSE_POSITIVE
0003-0002-0007,Khi nào thì mối quan hệ giữa Canada và Anh Quốc bị hủy bỏ hòan tòan?,năm 1982,vào năm,True,False,0,0.5,1.0,-1.7083892822265625,11.502605438232422,1.7083892822265625,PARTIAL_SPAN
0003-0002-0008,Khi mới thành lập Canada chịu sự chi phối của quốc gia nào?,Anh,", Anh",True,False,1,1.0,1.0,-0.7027149200439453,10.785091400146484,0.7027149200439453,CORRECT
0003-0002-0009,Khi nào thì quốc gia Canada được thành lập?,ngày 1 tháng 7 năm 1867,,True,True,0,0.0,1.0,3.948528289794922,6.187994003295898,-3.948528289794922,ANSWERABLE_PREDICTED_EMPTY
0003-0003-0001,Lọai ngôn ngữ nào phổ biến ở Canada?,tiếng Anh và tiếng Pháp,(tiếng Anh và tiếng,True,False,0,0.888888888888889,1.0,-1.3745126724243164,11.396492004394531,1.3745126724243164,SPAN_TOO_SHORT
0003-0003-0002,Ai là người đảm nhiệm chức vụ nguyên thủ quốc gia của Canada?,Nữ hòang Elizabeth II,", Nữ hòang Elizabeth",True,False,0,0.8571428571428571,1.0,-2.309255599975586,11.607898712158203,2.309255599975586,SPAN_TOO_SHORT
0003-0003-0003,Dân số của Canada phát triển nhanh chóng nhờ có điều kiện gì?,,,False,True,1,1.0,1.0,4.730684757232666,5.413806438446045,-4.730684757232666,CORRECT_NO_ANSWER
0003-0003-0004,Thể chế chính trị của Canada là gì?,nền dân chủ đại nghị liên bang và một quốc gia quân chủ lập hiến,một nền dân chủ đại nghị,True,False,0,0.5714285714285715,1.0,-0.19516849517822266,10.277979850769043,0.19516849517822266,SPAN_TOO_SHORT
0003-0003-0005,Kinh tế của Canada phát triển nhanh chóng nhờ có điều kiện gì?,nguồn tài nguyên tự nhiên phong phú và hệ thống thương mại phát triển cao,vào nguồn tài nguyên tự nhiên phong phú và hệ thống thương mại phát triển,True,False,0,0.9333333333333333,1.0,-0.3710479736328125,10.50564956665039,0.3710479736328125,PARTIAL_SPAN
0003-0003-0006,"Bên cạnh tiếng Anh, ngôn ngữ nào được sử dụng chính thức tại cấp liên bang tại Canada?",tiếng Pháp,(tiếng Anh và tiếng,True,False,0,0.3333333333333333,1.0,-1.670370101928711,11.599931716918945,1.670370101928711,SPAN_TOO_LONG
0003-0003-0007,Thể chế ngọai giao của Canada là gì?,,một nền dân chủ đại nghị,False,False,0,0.0,1.0,-0.2178630828857422,10.313468933105469,0.2178630828857422,UNANSWERABLE_FALSE_POSITIVE
0003-0003-0008,Vì sao văn hóa của Canada đa dạng nhất thế giới?,Do tiếp nhận người nhập cư quy mô lớn từ nhiều quốc gia,,True,True,0,0.0,1.0,4.79818058013916,5.352185249328613,-4.79818058013916,ANSWERABLE_PREDICTED_EMPTY
0003-0004-0001,Chí số phát triển con người của Canada đứng thứ mấy trên thế giới?,thứ 11,cao thứ,True,False,0,0.5,1.0,-0.3958454132080078,10.463315963745117,0.3958454132080078,PARTIAL_SPAN
0003-0004-0002,Quốc gia nào có mật độ dân số đứng thứ tám trên thế giới?,,.,False,False,1,1.0,1.0,3.422396659851074,6.682883262634277,-3.422396659851074,UNANSWERABLE_FALSE_POSITIVE
0003-0004-0003,Quốc gia nào có thu nhập bình quần đầu người đứng thứ tám trên thế giới?,Canada,.,True,False,0,0.0,1.0,2.0485668182373047,8.053235054016113,-2.0485668182373047,WRONG_SPAN
0003-0004-0004,Canada có mối quan hệ gì với tổ chức NATO?,Canada là một thành viên của Tổ chức Hiệp ước Bắc Đại Tây Dương (NATO),,True,True,0,0.0,1.0,5.7748589515686035,4.375722408294678,-5.7748589515686035,ANSWERABLE_PREDICTED_EMPTY
0003-0004-0005,Kể tên các tổ chức quốc tế mà Canada tham gia?,"G8, G20",,True,True,0,0.0,1.0,4.672917366027832,5.472704887390137,-4.672917366027832,ANSWERABLE_PREDICTED_EMPTY
0003-0004-0006,Nước thành viên của NATO có thể được tham gia vào các tổ chức nào?,"G8, G20, Hiệp định Thương mại Tự do Bắc Mỹ, Diễn đàn Hợp tác Kinh tế châu Á - Thái Bình Dương",": G8, G20, Hiệp định Thương mại Tự do Bắc Mỹ, Diễn đàn Hợp tác Kinh tế châu Á -",True,False,0,0.923076923076923,1.0,3.1665706634521484,6.976202964782715,-3.1665706634521484,SPAN_TOO_SHORT
0003-0005-0001,Tại sao người Iroquois Saint Lawrence lại dùng từ kanata khi gặp Cartier?,để chỉ đường,,True,True,0,0.0,1.0,5.847428798675537,4.301523685455322,-5.847428798675537,ANSWERABLE_PREDICTED_EMPTY
0003-0005-0002,Người đảm nhiệm chức vụ tù trưởng của làng Stadacona là ai?,Donnacona,,True,True,0,0.0,1.0,5.275021076202393,4.6595635414123535,-5.275021076202393,ANSWERABLE_PREDICTED_EMPTY
0003-0005-0003,Ý nghĩa của từ Stadacona là gì?,,,False,True,1,1.0,1.0,8.953302145004272,1.201448678970337,-8.953302145004272,CORRECT_NO_ANSWER
0003-0005-0004,Nguồn gốc của cuộc nội chiến Canada là từ đâu?,,từ,False,False,0,0.0,1.0,2.8278751373291016,7.119620323181152,-2.8278751373291016,UNANSWERABLE_FALSE_POSITIVE
0003-0005-0005,Người đảm nhiệm chức vụ giám sát viên của làng Stadacona là ai?,,,False,True,1,1.0,1.0,5.104493141174316,4.972603797912598,-5.104493141174316,CORRECT_NO_ANSWER
0003-0005-0006,Từ katana đã được các nhà thám hiểm vùng Québec dùng làm gì?,,,False,True,1,1.0,1.0,5.473735809326172,4.646069526672363,-5.473735809326172,CORRECT_NO_ANSWER
0003-0005-0007,Ý nghĩa của từ Canada là gì?,"""làng"" hay ""khu định cư""",,True,True,0,0.0,1.0,6.837687969207764,3.3020806312561035,-6.837687969207764,ANSWERABLE_PREDICTED_EMPTY
0003-0005-0008,Từ katana đã được thổ dân vùng Québec dùng làm gì?,chỉ đường cho nhà thám hiểm người Pháp Jacques Cartier đến làng Stadacona,"nghĩa là ""làng"" hay ""khu",True,False,0,0.1111111111111111,1.0,3.1859869956970215,6.930610179901123,-3.1859869956970215,SPAN_TOO_SHORT
0003-0005-0009,Nguồn gốc của tên gọi Canada là từ đâu?,Tên gọi Canada bắt nguồn từ kanata trong ngôn ngữ của người Iroquois Saint Lawrence,từ,True,False,0,0.125,1.0,1.386265754699707,7.901371002197266,-1.386265754699707,SPAN_TOO_SHORT
0003-0006-0001,"Để ngăn chặn sự phản kháng của Mười ba thuộc địa, Tân Pháp đã làm gì?",,"Quốc mở rộng trên quy mô rất lớn lãnh thổ Canada theo Đạo luật Quebec 1774, bao gồm cả lãnh thổ chưa được định cư tại khu vực Ngũ Đại hồ kéo xuống sông",False,False,0,0.0,1.0,0.3628673553466797,9.678035736083984,-0.3628673553466797,UNANSWERABLE_FALSE_POSITIVE
0003-0006-0002,Tỉnh Ontario nằm về phía nào của Canada?,,vùng đất phía,False,False,0,0.0,1.0,0.752497673034668,9.377622604370117,-0.752497673034668,UNANSWERABLE_FALSE_POSITIVE
0003-0006-0003,Khi nào thì Canada được thống nhất thành một tỉnh?,năm 1841,vào năm,True,False,0,0.5,1.0,-1.4057111740112305,11.239800453186035,1.4057111740112305,PARTIAL_SPAN
0003-0006-0004,"Trong thế kỉ XVII, Canada thuộc quyền quản lý của quốc gia nào?",Pháp,thuộc Tân,True,False,0,0.0,1.0,-1.1859722137451172,11.141742706298828,1.1859722137451172,WRONG_SPAN
0003-0006-0005,Thượng Canada năm 1791 nằm ở phía nào của Ontario hiện nay?,phía bắc,vùng đất phía bắc của Ngũ Đại,True,False,0,0.4444444444444445,1.0,0.7746553421020508,9.344804763793945,-0.7746553421020508,SPAN_TOO_LONG
0003-0006-0006,"Để trừng trị sự phản kháng của Mười ba thuộc địa, Tân Pháp đã làm gì?",Anh Quốc mở rộng trên quy mô rất lớn lãnh thổ Canada theo Đạo luật Quebec 1774,"Quốc mở rộng trên quy mô rất lớn lãnh thổ Canada theo Đạo luật Quebec 1774, bao gồm cả lãnh thổ chưa được định cư tại khu vực Ngũ Đại hồ kéo xuống sông",True,False,0,0.627450980392157,1.0,0.7731752395629883,9.295732498168945,-0.7731752395629883,SPAN_TOO_LONG
0003-0006-0007,Tỉnh Ontario nằm về phía nào của Ngũ Đại Hồ?,phía bắc,vùng đất phía,True,False,0,0.4,1.0,-0.44217681884765625,10.490912437438965,0.44217681884765625,SPAN_TOO_LONG
0003-0007-0001,Nêu đặc trưng xã hội của người nhập cư vào Canada?,,,False,True,1,1.0,1.0,5.10112190246582,5.062915802001953,-5.10112190246582,CORRECT_NO_ANSWER
0003-0007-0002,Lòai người xuất hiện sớm nhất ở nơi nào trong lãnh thổ của Canada?,bắc bộ khu vực Yukon,,True,True,0,0.0,1.0,3.6304407119750977,6.451033592224121,-3.6304407119750977,ANSWERABLE_PREDICTED_EMPTY
0003-0007-0003,Khi nào thì lòai người xuất hiện ở tại Ontario?,7500 TCN,,True,True,0,0.0,1.0,5.7477216720581055,4.422848701477051,-5.7477216720581055,ANSWERABLE_PREDICTED_EMPTY
0003-0007-0004,Khi nào thì sự sống xuất hiện ở tại Ontario?,,,False,True,1,1.0,1.0,5.081186294555664,5.08673095703125,-5.081186294555664,CORRECT_NO_ANSWER
0003-0007-0005,Nêu đặc trưng xã hội của người bản địa Canada?,"Các đặc trưng của các xã hội Thổ dân Canada gồm có các khu định cư thường xuyên, nông nghiệp, kết cấu phân tầng xã hội phức tạp, và các mạng lưới mậu dịch","có các khu định cư thường xuyên, nông nghiệp, kết cấu phân tầng xã hội phức tạp, và các mạng lưới",True,False,0,0.7636363636363637,1.0,3.3380846977233887,6.8216423988342285,-3.3380846977233887,SPAN_TOO_SHORT
0003-0007-0006,Những người đầu tiên di cư tới Canada nhờ con đường nào?,đường cầu lục địa Bering,,True,True,0,0.0,1.0,6.7498908042907715,3.4087653160095215,-6.7498908042907715,ANSWERABLE_PREDICTED_EMPTY
0003-0007-0007,Lòai người tại nam bộ Ontario di chuyển qua Canada theo con đường nào?,đường cầu lục địa Bering,,True,True,0,0.0,1.0,8.780613899230957,1.3849267959594727,-8.780613899230957,ANSWERABLE_PREDICTED_EMPTY
0003-0007-0008,Kể tên một vài nơi xuất hiện con người sớm nhất ở Beringia?,,,False,True,1,1.0,1.0,4.378798484802246,5.658053398132324,-4.378798484802246,CORRECT_NO_ANSWER
0003-0007-0009,Kể tên một vài nơi xuất hiện con người sớm nhất ở Canada?,Các di chỉ khảo cổ học người Da đỏ cổ đại (Paleo-Indian) tại bình nguyên Old Crow và các động Bluefish,,True,True,0,0.0,1.0,3.59084415435791,6.429276466369629,-3.59084415435791,ANSWERABLE_PREDICTED_EMPTY
0003-0008-0001,Vì sao dân số thổ dân Canada giảm mạng?,Do hậu quả từ quá trình thực dân hóa của người châu Âu,,True,True,0,0.0,1.0,6.211804389953613,3.9602766036987305,-6.211804389953613,ANSWERABLE_PREDICTED_EMPTY
0003-0008-0002,Kể tên các dân tộc thổ dân Canada còn tồn tại đến ngày nay?,"Các dân tộc Trước tiên (First Nations), Inuit, và Métis",,True,True,0,0.0,1.0,9.688784837722778,0.47427916526794434,-9.688784837722778,ANSWERABLE_PREDICTED_EMPTY
0003-0008-0003,Ảnh hưởng của việc thực dân hóa của người châu Âu là gì?,"các dân tộc Thổ dân Canada phải chịu tổn thất do các dịch bệnh truyền nhiễm mới được đưa đến bùng phát lặp lại nhiều lần, như dịch cúm, dịch sởi, dịch đầu mùa (do Thổ dân không có miễn dịch tự nhiên), kết quả là dân số của họ giảm từ 40-80% trong các thế kỷ sau khi người châu Âu đến",,True,True,0,0.0,1.0,3.663954734802246,6.492609024047852,-3.663954734802246,ANSWERABLE_PREDICTED_EMPTY
0003-0008-0004,Ảnh hưởng của việc chấp nhận sự nhập cư của người châu Âu là gì?,,,False,True,1,1.0,1.0,7.165041446685791,3.0034422874450684,-7.165041446685791,CORRECT_NO_ANSWER
0003-0008-0005,Vì sao kinh tế thổ dân Canada giảm mạnh?,,,False,True,1,1.0,1.0,6.7517101764678955,3.423943281173706,-6.7517101764678955,CORRECT_NO_ANSWER
0003-0008-0006,"Tại sao trước khi người châu Ân đến, số người Thổ dân Canada lớn gấp đôi?","phải chịu tổn thất do các dịch bệnh truyền nhiễm mới được đưa đến bùng phát lặp lại nhiều lần, như dịch cúm, dịch sởi, dịch đầu mùa",,True,True,0,0.0,1.0,3.8416976928710938,6.330423355102539,-3.8416976928710938,ANSWERABLE_PREDICTED_EMPTY
0003-0008-0007,Kể tên các dân tộc nhập cư của Canada còn tồn tại đến ngày nay?,,,False,True,1,1.0,1.0,8.657509803771973,1.4775800704956055,-8.657509803771973,CORRECT_NO_ANSWER
0003-0008-0008,"Khi người châu Âu đặt chân vào Canada, thì dân số của người bản địa là bao nhiêu?",200.000 đến hai triệu,là từ 200.000 đến hai,True,False,0,0.7272727272727272,1.0,1.3669395446777344,8.785293579101562,-1.3669395446777344,SPAN_TOO_LONG
0003-0009-0001,Khi nào thì Pháp đánh dấu quyền sở hữu sông St.Lawrence?,ngày 24 tháng 7,". Năm 1534, nhà thám hiểm người Pháp Jacques Cartier khám phá ra sông St. Lawrence, vào ngày 24 tháng",True,False,0,0.2608695652173913,1.0,3.353738307952881,6.72396993637085,-3.353738307952881,SPAN_TOO_LONG
0003-0009-0002,Quốc tịch của Lawrence là gì?,,,False,True,1,1.0,1.0,5.253956317901611,4.92122220993042,-5.253956317901611,CORRECT_NO_ANSWER
0003-0009-0003,Ai là người đầu tiên phát hiện vùng duyên hải Đại Tây Dương của Canada?,John Cabot,đó thủy thủ người Ý John Cabot khám phá ra vùng duyên hải Đại Tây Dương của Canada cho Vương quốc Anh. Các thủy thủ người,True,False,0,0.14285714285714288,1.0,3.055575370788574,6.889460563659668,-3.055575370788574,SPAN_TOO_LONG
0003-0009-0004,"Sau khỏang 500 năm tính từ nỗ lực đầu tiên thuộc địa hóa Canada của người Âu, nỗ lực tiếp theo do ai thực hiện?",thủy thủ người Ý John Cabot,khi,True,False,0,0.0,1.0,2.0886926651000977,7.593043327331543,-2.0886926651000977,WRONG_SPAN
0003-0009-0005,Người đánh dấu quyền sở lãnh thổ của Pháp lên sông St.Lawrence là ai?,Jacques Cartier,,True,True,0,0.0,1.0,3.873600482940674,5.994826793670654,-3.873600482940674,ANSWERABLE_PREDICTED_EMPTY
0003-0009-0006,Quốc tịch của John Cabot là gì?,Ý,,True,True,0,0.0,1.0,4.306639194488525,5.85823392868042,-4.306639194488525,ANSWERABLE_PREDICTED_EMPTY
0003-0009-0007,Người đánh dấu quyền sở lãnh thổ của Canada lên sông St.Lawrence là ai?,,", nhà thám hiểm người",False,False,0,0.0,1.0,-0.045523643493652344,9.789068222045898,0.045523643493652344,UNANSWERABLE_FALSE_POSITIVE
0003-0009-0008,Khi nào thì người châu Âu bắt đầu âm mưu chia cắt Canada?,,,False,True,1,1.0,1.0,10.02958083152771,0.12853074073791504,-10.02958083152771,CORRECT_NO_ANSWER
0003-0009-0009,Khi nào thì người châu Âu bắt đầu âm mưu thực địa hóa Canada?,khi người Norse định cư trong một thời gian ngắn tại L'Anse aux Meadows thuộc Newfoundland vào khỏang năm 1000 CN,,True,True,0,0.0,1.0,10.130568981170654,0.03074789047241211,-10.130568981170654,ANSWERABLE_PREDICTED_EMPTY
0003-0010-0001,Các nhà truyền giáo Cơ Đốc tại Ngũ Đại Hồ là người nước nào?,Pháp,", người",True,False,0,0.0,1.0,0.4405803680419922,9.701631546020508,-0.4405803680419922,WRONG_SPAN
0003-0010-0002,Nơi định cư đầu tiên của người Pháp ở Canada là ở đâu?,Port Royal,tại Port,True,False,0,0.5,1.0,2.407857894897461,7.713971138000488,-2.407857894897461,PARTIAL_SPAN
0003-0010-0003,Ngành kinh tế nào ở Bắc Mỹ đã gây ra cuộc chiến Hải ly?,da lông thú,do tranh chấp quyền kiểm sóat đối với mậu dịch da lông,True,False,0,0.26666666666666666,1.0,-0.9228935241699219,11.0311279296875,0.9228935241699219,SPAN_TOO_LONG
0003-0010-0004,H.Gilbert là người của quốc gia nào?,Anh,tại Bắc,True,False,0,0.0,1.0,-1.182774543762207,11.24199104309082,1.182774543762207,WRONG_SPAN
0003-0010-0005,Nơi xâm lược đầu tiên của người Pháp ở Canada là ở đâu?,,,False,True,1,1.0,1.0,4.650274276733398,5.503252029418945,-4.650274276733398,CORRECT_NO_ANSWER
0003-0010-0006,Ai là người mở đầu cho công cuộc đánh dấu lãnh thổ thuộc địa của Anh Quốc?,Humphrey Gilbert,", nhà thám hiểm người Anh Humphrey",True,False,0,0.25,1.0,-1.115239143371582,11.009117126464844,1.115239143371582,SPAN_TOO_LONG
0003-0011-0001,Tiền đề tạo nên Mặt trận Bắc Mỹ là gì?,bốn cuộc chiến bùng nổ tại Bắc Mỹ thuộc địa hóa,,True,True,0,0.0,1.0,5.975656032562256,4.178823947906494,-5.975656032562256,ANSWERABLE_PREDICTED_EMPTY
0003-0011-0002,"Năm 1610, những khu vực nào đã trở thành thuộc địa?",Cupids và Ferryland trên đảo Newfoundland,tại,True,False,0,0.0,1.0,1.8897171020507812,7.573822021484375,-1.8897171020507812,WRONG_SPAN
0003-0011-0003,Có bao nhiêu trận chiến tranh nổ ra tại Bắc Mỹ trong khỏang thời gian từ 1689-1763?,bốn,. Một lọat,True,False,0,0.0,1.0,-1.6678218841552734,11.270757675170898,1.6678218841552734,WRONG_SPAN
0003-0011-0004,"Năm 1610, những quốc gia nào đã trở thành quốc thuộc địa?",,,False,True,1,1.0,1.0,5.612469673156738,4.50838565826416,-5.612469673156738,CORRECT_NO_ANSWER
0003-0011-0005,Khi nào người Anh bắt đầu mở rộng thuộc địa?,năm 1610,,True,True,0,0.0,1.0,8.019711971282959,2.1143784523010254,-8.019711971282959,ANSWERABLE_PREDICTED_EMPTY
0003-0012-0001,Anh Quốc đã làm gì để phòng chống xâm lược xảy ra ở Québec?,,"Quốc thông qua đạo luật Québec vào năm 1774, mở rộng lãnh thổ của Québec đến Ngũ Đại Hồ và thung lũng sông Ohio. Anh Quốc cũng tái lập ngôn ngữ Pháp, đức tin Công giáo La Mã, và dân luật",False,False,0,0.0,1.0,1.0881118774414062,8.959732055664062,-1.0881118774414062,UNANSWERABLE_FALSE_POSITIVE
0003-0012-0002,Anh Quốc đã làm gì để phòng chống xung đột xảy ra ở Québec?,"Anh Quốc thông qua đạo luật Québec vào năm 1774, mở rộng lãnh thổ của Québec đến Ngũ Đại Hồ và thung lũng sông Ohio","Quốc thông qua đạo luật Québec vào năm 1774, mở rộng lãnh thổ của Québec đến Ngũ Đại Hồ và thung lũng sông Ohio. Anh Quốc cũng tái lập ngôn ngữ Pháp, đức tin Công giáo La Mã, và dân luật",True,False,0,0.7575757575757575,1.0,0.3339653015136719,9.638605117797852,-0.3339653015136719,SPAN_TOO_LONG
0003-0012-0003,Việc làm gì của Anh Quốc đã gây nên sự phẫn nộ của nhân dân thế giới?,,"cũng tái lập ngôn ngữ Pháp, đức tin Công giáo La Mã, và dân luật",False,False,0,0.0,1.0,2.016829490661621,8.123394012451172,-2.016829490661621,UNANSWERABLE_FALSE_POSITIVE
0003-0012-0004,Nội dung của Tuyên ngôn Vương thất 1763 là gì?,"tạo nên tỉnh Quebec từ Tân Pháp, và sáp nhập đảo Cape Breton vào Nova Scotia",,True,True,0,0.0,1.0,9.718152642250061,0.38345181941986084,-9.718152642250061,ANSWERABLE_PREDICTED_EMPTY
0003-0012-0005,Việc làm gì của Anh Quốc đã gây nên sự phẫn nộ của nhân dân Canada?,"Anh Quốc cũng tái lập ngôn ngữ Pháp, đức tin Công giáo La Mã, và dân luật Pháp","cũng tái lập ngôn ngữ Pháp, đức tin Công giáo La Mã, và dân luật",True,False,0,0.9090909090909091,1.0,1.9704265594482422,8.167905807495117,-1.9704265594482422,SPAN_TOO_SHORT
0003-0012-0006,Khi nào đảo Prince Edward trở thành một khu vực thuộc địa riêng biệt?,năm 1769,,True,True,0,0.0,1.0,5.575071334838867,4.397470474243164,-5.575071334838867,ANSWERABLE_PREDICTED_EMPTY
0003-0013-0001,Ngôn ngữ nào phổ biến ở Ontario?,Anh ngữ,nói tiếng,True,False,0,0.0,1.0,0.35179996490478516,9.663243293762207,-0.35179996490478516,WRONG_SPAN
0003-0013-0002,Nội dung của lời Đạo luật Paris 1783 là gì?,,,False,True,1,1.0,1.0,7.056070804595947,3.0838942527770996,-7.056070804595947,CORRECT_NO_ANSWER
0003-0013-0003,Ngôn ngữ nào phổ biến ở Québec?,Pháp ngữ,nói tiếng,True,False,0,0.0,1.0,0.7540216445922852,9.306379318237305,-0.7540216445922852,WRONG_SPAN
0003-0013-0004,Nội dung của hiệp định Paris 1783 là gì?,Anh Quốc công nhận tình trạng độc lập của Hoa Kỳ và nhượng lại các lãnh thổ ở phía nam của Ngũ Đại Hồ cho Hoa Kỳ,,True,True,0,0.0,1.0,4.566303730010986,5.553914546966553,-4.566303730010986,ANSWERABLE_PREDICTED_EMPTY
0003-0013-0005,Ngôn ngữ nào phổ biến ở Nova Scotia?,,nói tiếng,False,False,0,0.0,1.0,0.7964715957641602,9.284835815429688,-0.7964715957641602,UNANSWERABLE_FALSE_POSITIVE
0003-0013-0006,Vì sao tỉnh Québec được chia thành hai vùng thượng và hạ?,Nhằm hòa giải những người nói tiếng Anh trung thành tại Quebec,thành Hạ Canada (sau là Québec) Pháp ngữ và Thượng Canada (sau là Ontario) Anh,True,False,0,0.14814814814814814,1.0,2.1825013160705566,7.921532154083252,-2.1825013160705566,SPAN_TOO_LONG
0003-0013-0007,Khi nào thì tỉnh Québec được chia làm hai vùng?,1791,,True,True,0,0.0,1.0,8.53830099105835,1.5926995277404785,-8.53830099105835,ANSWERABLE_PREDICTED_EMPTY
0003-0014-0001,Người ta thống kê được số người di cư từ châu Âu sang Canada trong khỏang thời gian từ 1825 đến 1846 là bao nhiêu?,626.628 người,", 626.",True,False,0,0.5,1.0,-1.5652046203613281,11.130157470703125,1.5652046203613281,SPAN_TOO_SHORT
0003-0014-0002,Hai quốc gia nào tham gia vào cuộc chiến tranh năm 1812?,Hoa Kỳ và Anh Quốc,giữa Hoa Kỳ và Anh,True,False,0,0.8000000000000002,1.0,2.0975656509399414,8.038277626037598,-2.0975656509399414,PARTIAL_SPAN
0003-0014-0003,Vì sao lại có rất nhiều người Ireland di cư sang Canada?,chạy trốn Nạn đói lớn Ireland cũng như ngững người Scot nói tiếng Gael phải dời đi theo Thanh trừ Cao địa,,True,True,0,0.0,1.0,5.531235694885254,4.624791145324707,-5.531235694885254,ANSWERABLE_PREDICTED_EMPTY
0003-0014-0004,Vì sao lại có rất nhiều người Ireland thiệt mạng ở Canada?,,thiệt mạng do các bệnh,False,False,0,0.0,1.0,2.844522476196289,7.320613861083984,-2.844522476196289,UNANSWERABLE_FALSE_POSITIVE
0003-0014-0005,Hai quốc gia nào tham gia vào bàn đàm phán năm 1812?,,,False,True,1,1.0,1.0,3.9670333862304688,6.178159713745117,-3.9670333862304688,CORRECT_NO_ANSWER
0003-0014-0006,Người ta thống kê được số người di cư từ châu Âu sang Hoa Kỳ trong khỏang thời gian từ 1825 đến 1846 là bao nhiêu?,,", 626.",False,False,0,0.0,1.0,-1.1117219924926758,10.850008964538574,1.1117219924926758,UNANSWERABLE_FALSE_POSITIVE
0003-0014-0007,Khi nào thì xuất hiện hiện tượng đông đảo người dân di cư từ đảo Ireland vào Canada?,năm 1815,vào năm,True,False,0,0.5,1.0,-1.3440170288085938,11.287763595581055,1.3440170288085938,PARTIAL_SPAN
0003-0015-0001,Bản hiệp ước nào đã kết thúc cuộc chiến tranh giành biên giới Oregon?,Hiệp định Oregon,ký kết Hiệp định,True,False,0,0.5714285714285715,1.0,-0.40075016021728516,10.544418334960938,0.40075016021728516,SPAN_TOO_LONG
0003-0015-0002,Tiền đề cho công cuộc hình thành hai thuộc địa đảo Vancouver và British Columbia là gì?,Anh Quốc và Hoa Kỳ ký kết Hiệp định Oregon vào năm 1846,,True,True,0,0.0,1.0,6.790759325027466,3.380523443222046,-6.790759325027466,ANSWERABLE_PREDICTED_EMPTY
0003-0015-0003,Bản hiệp ước nào đã kết thúc cuộc chiến tranh chống lại Oregon?,,ký kết Hiệp định,False,False,0,0.0,1.0,2.304062843322754,7.852241516113281,-2.304062843322754,UNANSWERABLE_FALSE_POSITIVE
0003-0015-0004,Nguyên nhân của việc kết thúc các cuộc chiến nổi dậy ở Canada năm 1837 là gì?,,,False,True,1,1.0,1.0,4.28306245803833,5.86665678024292,-4.28306245803833,CORRECT_NO_ANSWER
0003-0015-0005,Nguyên nhân của việc bùng nổ các cuộc chiến nổi dậy ở Canada năm 1837 là gì?,Nguyện vọng của người Canada về việc có chính phủ chịu trách nhiệm,việc có chính phủ chịu,True,False,0,0.5555555555555556,1.0,3.0664563179016113,7.0808424949646,-3.0664563179016113,SPAN_TOO_SHORT
0003-0015-0006,Khi nào hai vùng thượng và hạ của Canada được thống nhất lại thành một?,1840,. Đạo luật Liên minh,True,False,0,0.0,1.0,-1.9122247695922852,11.747658729553223,1.9122247695922852,WRONG_SPAN
0003-0015-0007,Kết cục của các cuộc tranh chấp biên giới của nhân dân Canada là gì?,,là nhanh chóng,False,False,0,0.0,1.0,1.8587446212768555,8.298501968383789,-1.8587446212768555,UNANSWERABLE_FALSE_POSITIVE
0003-0015-0008,Kết cục của các chiến đấu phản kháng của nhân dân Canada là gì?,nhanh chóng thất bại,là nhanh chóng,True,False,0,0.5714285714285715,1.0,1.217259407043457,8.935689926147461,-1.217259407043457,SPAN_TOO_SHORT
0003-0016-0001,Khi nào liên minh Canada ra đời?,ngày 1 tháng 7 năm 1867,vào ngày 1 tháng 7 năm,True,False,0,0.8333333333333334,1.0,-1.6522865295410156,11.576693534851074,1.6522865295410156,PARTIAL_SPAN
0003-0016-0002,Địa phận lãnh thổ của Canada sơ khai gồm có các tỉnh nào?,"Ontario, Québec, Nova Scotia, và New Brunswick",,True,True,0,0.0,1.0,3.8351869583129883,6.270874977111816,-3.8351869583129883,ANSWERABLE_PREDICTED_EMPTY
0003-0016-0003,Khi nào thì liên minh Canada nhận được tham gia của đảo Prince Edward?,1873,vào ngày 1 tháng 7 năm,True,False,0,0.0,1.0,-0.0838460922241211,10.147878646850586,0.0838460922241211,WRONG_SPAN
0003-0016-0004,Vì sao tỉnh Manitoba xuất hiện?,sự bất bình của người Métis bùng phát,,True,True,0,0.0,1.0,4.851706027984619,5.298989772796631,-4.851706027984619,ANSWERABLE_PREDICTED_EMPTY
0003-0016-0005,Khi nào thì liên minh Canada nhận được sự bất bình của đảo Prince Edward?,,vào ngày 1 tháng 7 năm,False,False,0,0.0,1.0,0.6200237274169922,9.458314895629883,-0.6200237274169922,UNANSWERABLE_FALSE_POSITIVE
0003-0017-0001,Khi nào thì Lãnh thổ Yukon được mở rộng?,,. Năm,False,False,0,0.0,1.0,-0.8133478164672852,10.74767017364502,0.8133478164672852,UNANSWERABLE_FALSE_POSITIVE
0003-0017-0002,Thủ tướng John A.Macdonald đã ban hành chính sách về vấn đề gì để bảo đảm các ngành công nghiệp chế tạo phát triển?,chính sách quốc gia về thuế quan,về,True,False,0,0.25,1.0,0.22162151336669922,9.823993682861328,-0.22162151336669922,SPAN_TOO_SHORT
0003-0017-0003,Chính phủ đã làm gì để hỗ trợ cho việc nhập cư ở phía Tây?,,,False,True,1,1.0,1.0,4.521721839904785,5.632271766662598,-4.521721839904785,CORRECT_NO_ANSWER
0003-0017-0004,Khi nào thì Lãnh thổ Yukon được thiết lập?,Năm 1898,. Năm,True,False,0,0.6666666666666666,1.0,-1.1762475967407227,11.062621116638184,1.1762475967407227,SPAN_TOO_SHORT
0003-0017-0005,Chính phủ đã làm gì để hỗ trợ cho việc khai hoang ở phía Tây?,"chính phủ tài trợ việc xây dựng ba tuyến đường sắt xuyên lục địa, mở cửa các thảo nguyên cho họat động định cư theo Đạo luật Thổ địa Lãnh thổ tự trị",,True,True,0,0.0,1.0,5.113155364990234,5.045502662658691,-5.113155364990234,ANSWERABLE_PREDICTED_EMPTY
0003-0017-0006,Ngành kỹ thuật nào của Canada chưa phát triển?,công nghiệp chế tạo,,True,True,0,0.0,1.0,6.387662172317505,3.7700412273406982,-6.387662172317505,ANSWERABLE_PREDICTED_EMPTY
0003-0018-0001,Quân đòan nào có vai trò quan trọng trong cuộc chiến Vimy?,Quân đòan Canada,,True,True,0,0.0,1.0,4.432115077972412,5.7269463539123535,-4.432115077972412,ANSWERABLE_PREDICTED_EMPTY
0003-0018-0002,Quốc gia nào đã đẩy Canada vào cuộc chiến tranh thế giới lần thứ nhất?,Anh Quốc,Anh,True,False,0,0.6666666666666666,1.0,2.33542537689209,7.816891670227051,-2.33542537689209,SPAN_TOO_SHORT
0003-0018-0003,Vì sao Canada bị động tham gia vào cuộc chiến tranh thế giới lần thứ nhất khi Anh Quốc tuyên chiến?,Anh Quốc vẫn duy trì quyền kiểm sóat trên lĩnh vực đối ngọai của Canada theo Đạo luật Liên minh,,True,True,0,0.0,1.0,7.696342945098877,2.4732632637023926,-7.696342945098877,ANSWERABLE_PREDICTED_EMPTY
0003-0018-0004,Quốc gia nào đã đẩy Canada vào cuộc khủng hỏang kinh tế thế giới lần thứ nhất?,,Anh,False,False,0,0.0,1.0,2.7150769233703613,7.443797588348389,-2.7150769233703613,UNANSWERABLE_FALSE_POSITIVE
0003-0018-0005,Cuộc chiến tranh lần thứ nhất đã đem đến thiệt hại như thế nào cho Canada?,"Trong số xấp xỉ 625.000 người Canada phục vụ trong Chiến tranh thế giới thứ nhất, có khỏang 60.000 bị giết và 173.000 bị thương",,True,True,0,0.0,1.0,9.807903081178665,0.3699953258037567,-9.807903081178665,ANSWERABLE_PREDICTED_EMPTY
0003-0018-0006,"Ngòai việc tranh chấp các trường dạy ngôn ngữ Anh, thì chính phủ đã làm thêm việc gì mà gây ra sự bất mãn của cho cộng đồng người Canada Pháp ngữ?",hủ tướng Bảo thủ Robert Borden cho tiến hành nghĩa vụ quân sự cưỡng bách bất chấp sự phản đối dữ dội của người Québec Pháp ngữ,,True,True,0,0.0,1.0,6.130176067352295,4.032715320587158,-6.130176067352295,ANSWERABLE_PREDICTED_EMPTY
0003-0018-0007,"Ngòai việc tranh chấp các trường dạy ngôn ngữ Anh, thì chính phủ đã làm thêm việc gì mà dẫn đến cuộc nổi dậy của cộng đồng người Canada Pháp ngữ?",,,False,True,1,1.0,1.0,7.432997703552246,2.7311506271362305,-7.432997703552246,CORRECT_NO_ANSWER
0003-0019-0001,Ai là người đảm nhiệm chức vụ thủ tướng của chính phủ Tự do?,William Lyon Mackenzie King,của Thủ tướng William Lyon Mackenzie,True,False,0,0.6,1.0,-1.3332195281982422,11.304983139038086,1.3332195281982422,SPAN_TOO_LONG
0003-0019-0002,Đại khủng hỏang vào đầu thập kỷ 1930 đã gây ảnh gì đến Canada?,"kinh tế bị suy thóai, khiến tòan quốc gặp cảnh gian khổ",,True,True,0,0.0,1.0,5.844910144805908,4.326544284820557,-5.844910144805908,ANSWERABLE_PREDICTED_EMPTY
0003-0019-0003,Kể tên một số trận chiến có ý nghĩa quan trọng mà quân đội Canada tham gia?,"Trận Dieppe năm 1942, Đồng Minh xâm chiếm Ý, đổ bộ Normandie, trận Normandie, và trận Scheldt vào năm 1944","có Trận Dieppe năm 1942, Đồng Minh xâm chiếm Ý, đổ bộ Normandie, trận Normandie, và trận Scheldt vào năm",True,False,0,0.9500000000000001,1.0,0.15447616577148438,9.802549362182617,-0.15447616577148438,PARTIAL_SPAN
0003-0019-0004,Chiến tranh lạnh vào đầu thập kỷ 1930 đã gây ảnh gì đến Canada?,,,False,True,1,1.0,1.0,8.432053804397583,1.7445580959320068,-8.432053804397583,CORRECT_NO_ANSWER
0003-0019-0005,Kể tên một số trận chiến có ý nghĩa quan trọng mà quân đội Canada đã thất bại?,,"có Trận Dieppe năm 1942, Đồng Minh xâm chiếm Ý, đổ bộ Normandie, trận Normandie, và trận Scheldt vào năm",False,False,0,0.0,1.0,0.9818105697631836,9.065746307373047,-0.9818105697631836,UNANSWERABLE_FALSE_POSITIVE
0003-0019-0006,Nhờ mặt hàng nào mà kinh tế của Canada phát triển nhanh chóng trong chiến tranh?,trang thiết bị quân sự,gia sản xuất các trang thiết bị,True,False,0,0.5,1.0,0.8808841705322266,9.254459381103516,-0.8808841705322266,SPAN_TOO_LONG
0003-0019-0007,Khi nào thì quân đội Canada đặt chân vào Anh Quốc?,tháng 12 năm 1939,vào tháng 12 năm,True,False,0,0.75,1.0,-1.137228012084961,11.17817497253418,1.137228012084961,PARTIAL_SPAN
0003-0020-0001,Sự kiện gì diễn ra vào năm 1969 ở Canada?,thi hành song ngữ chính thức (tiếng Anh và tiếng Pháp),và lập thể chế đa nguyên văn hóa,True,False,0,0.10526315789473685,1.0,2.37484073638916,7.7533769607543945,-2.37484073638916,SPAN_TOO_SHORT
0003-0020-0002,Việc làm gì đã thể hiện một bản sắc văn hóa mới xuất hiện ở Canada?,chấp thuận quốc kỳ lá phong hiện nay vào năm 1965,và lập thể chế đa nguyên văn hóa,True,False,0,0.0,1.0,0.22248458862304688,9.873392105102539,-0.22248458862304688,WRONG_SPAN
0003-0020-0003,Sự kiện gì tăn trưởng vào năm 1969 ở Canada?,,và lập thể chế đa nguyên văn hóa,False,False,0,0.0,1.0,0.7150840759277344,9.38333797454834,-0.7150840759277344,UNANSWERABLE_FALSE_POSITIVE
0003-0020-0004,Hệ quả của việc Canada kết hợp các chính sách kế tiếp nhau là gì?,hình thành một bản sắc Canada mới,,True,True,0,0.0,1.0,4.955946922302246,5.181586265563965,-4.955946922302246,ANSWERABLE_PREDICTED_EMPTY
0003-0020-0005,Việc làm gì đã thể hiện một lọai hình kinh tế mới xuất hiện ở Canada?,,,False,True,1,1.0,1.0,4.821237564086914,5.302330017089844,-4.821237564086914,CORRECT_NO_ANSWER
0003-0020-0006,Khi nào thì Canada trở thành một quốc gia đa nguyên văn hóa?,năm 1971,vào năm,True,False,0,0.5,1.0,-2.026242256164551,11.486534118652344,2.026242256164551,PARTIAL_SPAN
0003-0021-0001,Kẻ chủ mưu của cuộc Khủng hỏang Tháng mười là tổ chức nào?,Mặt trận giải phóng Québec (FLQ),. Mặt trận giải phóng Québec (FLQ),True,False,1,1.0,1.0,-2.1015729904174805,11.505133628845215,2.1015729904174805,CORRECT
0003-0021-0002,Kẻ chủ mưu của cuộc đàm phán từ Liên minh là tổ chức nào?,,,False,True,1,1.0,1.0,3.7405219078063965,6.387199878692627,-3.7405219078063965,CORRECT_NO_ANSWER
0003-0021-0003,Vị trí của ĐẢng Cải cách Canada là ở đâu?,Tây bộ Canada,tại Tây bộ,True,False,0,0.6666666666666666,1.0,-0.6509418487548828,10.700586318969727,0.6509418487548828,PARTIAL_SPAN
0003-0021-0004,Tiền đề của hiến pháp dân tộc chủ nghĩa hiện đại là gì?,,,False,True,1,1.0,1.0,6.114882946014404,4.052351474761963,-6.114882946014404,CORRECT_NO_ANSWER
0003-0021-0005,Vị trí của Đảng Tuyển cử Canada là ở đâu?,,", Đảng Người Québec ủng hộ",False,False,0,0.0,1.0,3.0387630462646484,7.10556697845459,-3.0387630462646484,UNANSWERABLE_FALSE_POSITIVE
0003-0021-0006,Tiền đề của phong trào dân tộc chủ nghĩa hiện đại là gì?,Cách mạng Yên tĩnh,do Cách mạng Yên tĩnh trong thập niên,True,False,0,0.6666666666666666,1.0,1.3827781677246094,8.776617050170898,-1.3827781677246094,SPAN_TOO_LONG
0003-0021-0007,Công cuộc hòa giải với người theo chủ nghĩa dân tộc Québec có kết quả như thế nào?,thất bại,,True,True,0,0.0,1.0,7.1726508140563965,3.0019612312316895,-7.1726508140563965,ANSWERABLE_PREDICTED_EMPTY
0003-0022-0001,Sự kiện nào mở đầu cho quá trình xung đột giữa người Thổ dân và chính quyền Canada?,Khủng hỏang Oka năm 1990,và Khủng hỏang Oka năm,True,False,0,0.8000000000000002,1.0,-1.9686956405639648,11.675602912902832,1.9686956405639648,PARTIAL_SPAN
0003-0022-0002,Quân đội Canada đã thực hiện những nhiệm vụ gì trong Chiến tranh Vùng Vịnh năm 1990?,gìn giữ hòa bình trong thập kỷ 1990,"sứ mệnh gìn giữ hòa bình trong thập kỷ 1990, bao gồm sứ mệnh UNPROFOR tại Nam Tư",True,False,0,0.6153846153846153,1.0,2.8706412315368652,7.295584201812744,-2.8706412315368652,SPAN_TOO_LONG
0003-0022-0003,Kể tên các cuộc cải cách quy mô lớn làm xáo trộn xã hội Canada vào cuối thập niên 1980?,,,False,True,1,1.0,1.0,8.435747504234314,1.7449737787246704,-8.435747504234314,CORRECT_NO_ANSWER
0003-0022-0004,Kể tên các cuộc khủng hòang quy mô lớn làm xáo trộn xã hội Canada vào cuối thập niên 1980?,"Chúng gồm có Chuyến bay 182 của Air India phát nổ vào năm 1985, vụ mưu sát hàng lọat lớn nhất trong lịch sử Canada; Thảm sát trường Bách khoa École vào năm 1989, một vụ xả súng đại học với mục tiêu là các nữ sinh; và Khủng hỏang Oka năm 1990",,True,True,0,0.0,1.0,10.561642289161682,-0.38015425205230713,-10.561642289161682,ANSWERABLE_PREDICTED_EMPTY
0003-0022-0005,Sự kiện nào được mệnh danh là vụ mưu sát hàng lọat có quy mô lớn nhất lịch sử Canada?,Chuyến bay 182 của Air India phát nổ vào năm 1985,"; Thảm sát trường Bách khoa École vào năm 1989, một vụ xả súng đại học với mục tiêu là các nữ sinh; và Khủng hỏang Oka năm",True,False,0,0.10526315789473684,1.0,3.1154232025146484,6.997409820556641,-3.1154232025146484,SPAN_TOO_LONG
0003-0022-0006,Sự kiện nào được mệnh danh là vụ xung đột hàng lọat có quy mô lớn nhất lịch sử Canada?,,"; Thảm sát trường Bách khoa École vào năm 1989, một vụ xả súng đại học với mục tiêu là các nữ sinh; và Khủng hỏang Oka năm",False,False,0,0.0,1.0,2.6615920066833496,7.471058368682861,-2.6615920066833496,UNANSWERABLE_FALSE_POSITIVE
0003-0022-0007,Bộ Ngọai giao Canada đã thực hiện những nhiệm vụ gì trong Chiến tranh Vùng Vịnh năm 1990?,,,False,True,1,1.0,1.0,4.289457321166992,5.884949684143066,-4.289457321166992,CORRECT_NO_ANSWER
0003-0023-0001,Địa phận lãnh thổ nào của Pháp gần với phía nam của Canada nhất?,Saint Pierre và Miquelon,còn Saint Pierre và Miquelon thuộc,True,False,0,0.8,1.0,-0.1463470458984375,10.11416244506836,0.1463470458984375,SPAN_TOO_LONG
0003-0023-0002,Địa phận lãnh thổ nào của Hoa Kỳ gần với phía nam của Canada nhất?,,và bang,False,False,0,0.0,1.0,0.3070945739746094,9.726844787597656,-0.3070945739746094,UNANSWERABLE_FALSE_POSITIVE
0003-0023-0003,Canada tiếp giáp với các quốc gia nào bằng biên giới trên cạn?,Hoa Kỳ liền kề ở phía nam và bang Alaska của Hoa Kỳ ở phía tây bắc,với,True,False,0,0.0,1.0,0.42615699768066406,9.69466781616211,-0.42615699768066406,WRONG_SPAN
0003-0023-0004,Quốc gia nào có mật độ dân số lớn nhất thế giới?,,,False,True,1,1.0,1.0,4.769383430480957,5.38429069519043,-4.769383430480957,CORRECT_NO_ANSWER
0003-0023-0005,Quốc gia nào có lãnh thổ rộng nhất thế giới?,Nga,,True,True,0,0.0,1.0,5.383733749389648,4.765220642089844,-5.383733749389648,ANSWERABLE_PREDICTED_EMPTY
0003-0023-0006,Địa phận lãnh thổ nào của Đan Mạch gần với phía đông bắc của Canada nhất?,Greenland,.,True,False,0,0.0,1.0,-0.011911392211914062,9.921382904052734,0.011911392211914062,WRONG_SPAN
0003-0023-0007,Canada tiếp giáp với các quốc gia nào bằng biên giới trên biển?,,với,False,False,0,0.0,1.0,0.47017765045166016,9.654534339904785,-0.47017765045166016,UNANSWERABLE_FALSE_POSITIVE
0003-0023-0008,Canada tiếp giáp với các vùng đại dương nào?,"Đại Tây Dương ở phía đông đến Thái Bình Dương ở phía tây, phía bắc là Bắc Băng Dương",từ,True,False,0,0.0,1.0,2.2455244064331055,7.873750686645508,-2.2455244064331055,WRONG_SPAN
0003-0023-0009,Hoa Kỳ tiếp giáp với các vùng đại dương nào?,,,False,True,1,1.0,1.0,4.405426025390625,5.741456031799316,-4.405426025390625,CORRECT_NO_ANSWER
0003-0024-0001,Nơi nào là khu vực có người sinh sống gần xích đạo nhất trên thế giới?,,,False,True,1,1.0,1.0,4.800984859466553,5.32029390335083,-4.800984859466553,CORRECT_NO_ANSWER
0003-0024-0002,Nơi nào là khu vực có người sinh sống gần cực bắc nhất trên thế giới?,trạm Alert,",",True,False,0,0.0,1.0,2.863511562347412,7.2513556480407715,-2.863511562347412,WRONG_SPAN
0003-0024-0003,Hai quốc gia nào đứng thứ nhất trên thế về độ dài đường biên giới trên bộ?,Canada-Hoa Kỳ,", biên giới Canada-",True,False,0,0.3333333333333333,1.0,-1.1222763061523438,10.952783584594727,1.1222763061523438,PARTIAL_SPAN
0003-0024-0004,Bờ biển Alert có vị trí địa lý như thế nào?,,,False,True,1,1.0,1.0,4.449375152587891,5.6871185302734375,-4.449375152587891,CORRECT_NO_ANSWER
0003-0024-0005,Khi nào Canada tuyên bố quản lý khu vực ở khỏang 60°T và 141°T?,năm 1925,từ năm,True,False,0,0.5,1.0,-1.40667724609375,11.290665626525879,1.40667724609375,PARTIAL_SPAN
0003-0024-0006,Trạm Alert có vị trí địa lý như thế nào?,"mũi phía bắc của đảo Ellesmere – vĩ độ 82,5°B – cách Bắc Cực 817 kilômét (508 mi)",", nằm ở mũi phía bắc của đảo Ellesmere – vĩ độ 82,5°B – cách Bắc Cực 817 kilômét (508 mi",True,False,0,0.9444444444444444,1.0,0.33843994140625,9.662580490112305,-0.33843994140625,SPAN_TOO_LONG
0003-0025-0001,Nơi xuất hiện của các dòng sông nước ngọt bị đóng băng là ở đâu?,Dãy núi Rocky của Canada và Dãy núi Coast,trên Dãy núi Rocky của Canada và Dãy núi,True,False,0,0.8888888888888888,1.0,-1.7385282516479492,11.599868774414062,1.7385282516479492,PARTIAL_SPAN
0003-0025-0002,Vụ Tseax Cone phun trào núi lửa đã gây thiệt hại như thế nào?,sát hại 2.000 người Nisga'a và hủy diệt làng của họ tại thung lũng sông Nass ở bắc bộ British Columbia,", sát hại 2.000 người Nisga'a và hủy diệt làng của",True,False,0,0.6857142857142856,1.0,3.1847801208496094,6.927107810974121,-3.1847801208496094,SPAN_TOO_SHORT
0003-0025-0003,Điểm nổi bật của sông ở Canada là gì?,,,False,True,1,1.0,1.0,8.417481780052185,1.733533501625061,-8.417481780052185,CORRECT_NO_ANSWER
0003-0025-0004,Điểm nổi bật của hồ nước ở Canada là gì?,"Canada có khỏang 31.700 hồ lớn hơn 3 kilômét vuông (300 ha), nhiều hơn bất kỳ quốc gia nào khác, và chứa nhiều nước ngọt của thế giới",,True,True,0,0.0,1.0,8.330998301506042,1.8193999528884888,-8.330998301506042,ANSWERABLE_PREDICTED_EMPTY
0003-0025-0005,Những khu vực nào có người dân tập trung sinh sống đông đúc nhất của Canada?,"hành lang Thành phố Québec – Windsor, nằm tại Nam bộ Québec và Nam bộ Ontario dọc theo Ngũ Đại Hồ và sông St. Lawrence",là hành lang Thành phố Québec –,True,False,0,0.33333333333333337,1.0,-0.12517261505126953,10.194093704223633,0.12517261505126953,SPAN_TOO_SHORT
0003-0025-0006,Canada có bao nhiêu khu rừng?,tám,có tám miền,True,False,0,0.5,1.0,0.016735076904296875,10.095139503479004,-0.016735076904296875,SPAN_TOO_LONG
0003-0025-0007,Nơi xuất hiện của các dòng sông nước ngọt bị sạt lở là ở đâu?,,trên Dãy núi Rocky của Canada và Dãy núi,False,False,0,0.0,1.0,-0.8069782257080078,10.892179489135742,0.8069782257080078,UNANSWERABLE_FALSE_POSITIVE
0003-0025-0008,Những khu vực nào có người dân nhập cư tập trung sinh sống đông đúc nhất của Canada?,,là hành lang Thành phố Québec –,False,False,0,0.0,1.0,-0.11510181427001953,10.190470695495605,0.11510181427001953,UNANSWERABLE_FALSE_POSITIVE
0003-0026-0001,Nhiệt độ có thể xuất hiện ở Canada vào mùa thu là bao nhiêu độ?,,,False,True,1,1.0,1.0,6.906192302703857,3.2568535804748535,-6.906192302703857,CORRECT_NO_ANSWER
0003-0026-0002,Nhiệt độ có thể xuất hiện ở Canada vào mùa đông là bao nhiêu độ?,dưới −40 °C (−40 °F),,True,True,0,0.0,1.0,6.593991994857788,3.5627501010894775,-6.593991994857788,ANSWERABLE_PREDICTED_EMPTY
0003-0026-0003,Nơi nào của Canada có khí hậu tốt nhất vào vào mùa đông?,British Columbia Duyên hải,,True,True,0,0.0,1.0,3.9473390579223633,6.204333305358887,-3.9473390579223633,ANSWERABLE_PREDICTED_EMPTY
0003-0026-0004,Thời tiết của Columbia lạnh giá nhất vào mùa nào?,,vào mùa,False,False,0,0.0,1.0,0.5566158294677734,9.556806564331055,-0.5566158294677734,UNANSWERABLE_FALSE_POSITIVE
0003-0026-0005,Nhiệt độ trung bình thường ngày của các khu vực khí hậu lục địa của Canada là bao nhiêu?,gần −15 °C (5 °F),là gần −15 °,True,False,0,0.4444444444444445,1.0,1.6011552810668945,8.523387908935547,-1.6011552810668945,SPAN_TOO_SHORT
0003-0026-0006,Thời tiết của Canada lạnh giá nhất vào mùa nào?,Mùa đông,trung bình mùa đông và mùa,True,False,0,0.5,1.0,-0.1746044158935547,10.266986846923828,0.1746044158935547,SPAN_TOO_LONG
0003-0027-0001,Ngân hàng nào đảm nhiệm vai trò ngân hàng đứng đầu của nước Canada?,,,False,True,1,1.0,1.0,4.072698593139648,6.094512939453125,-4.072698593139648,CORRECT_NO_ANSWER
0003-0027-0002,Canada tham gia vào những tổ chức kinh tế nào?,Tổ chức Hợp tác và Phát triển kinh tế (OECD) và G8,của Tổ chức Hợp tác và Phát triển kinh tế (OECD) và,True,False,0,0.9166666666666666,1.0,3.185084342956543,6.9824371337890625,-3.185084342956543,PARTIAL_SPAN
0003-0027-0003,Sàn giao dịch hàng hóa nào có quy mô đứng thứ bảy trên thế giới?,,. Sở giao dịch chứng khóan,False,False,0,0.0,1.0,0.2575197219848633,9.801883697509766,-0.2575197219848633,UNANSWERABLE_FALSE_POSITIVE
0003-0027-0004,Ngân hàng nào đảm nhiệm vai trò ngân hàng trung ương của nước Canada?,Ngân hàng Canada,Ngân hàng,True,False,0,0.8,1.0,3.3814706802368164,6.783641815185547,-3.3814706802368164,SPAN_TOO_SHORT
0003-0027-0005,Thu nhập kinh tế của Canada như thế nào trong năm 2008?,"Năm 2008, lượng hàng hóa nhập khẩu của Canada có giá trị trên 442,9 tỷ CAD, trong đó 280,8 tỷ CAD bắt nguồn từ Hoa Kỳ, 11,7 tỷ CAD bắt nguồn từ Nhật Bản, và 11,3 tỷ CAD bắt nguồn từ Anh Quốc",,True,True,0,0.0,1.0,5.216195106506348,4.965819358825684,-5.216195106506348,ANSWERABLE_PREDICTED_EMPTY
0003-0027-0006,Sàn giao dịch chứng khóan nào có quy mô đứng thứ bảy trên thế giới?,Sở giao dịch chứng khóan Toronto,. Sở giao dịch chứng khóan,True,False,0,0.9090909090909091,1.0,-0.8196249008178711,10.786812782287598,0.8196249008178711,SPAN_TOO_SHORT
0003-0028-0001,Ngành công nghiệp nào chiếm tỉ số lớn trong việc cung cấp các mặt hàng cho người dân Canada?,,", ngành công nghiệp",False,False,0,0.0,1.0,-0.2726736068725586,10.299549102783203,0.2726736068725586,UNANSWERABLE_FALSE_POSITIVE
0003-0028-0002,Ngành nào là ông vua không ngai trong nền kinh tế của Canada?,ngành công nghiệp dịch vụ,", ngành công nghiệp",True,False,0,0.7499999999999999,1.0,0.44099998474121094,9.56859016418457,-0.44099998474121094,SPAN_TOO_SHORT
0003-0028-0003,Ngành công nghiệp nào chiếm tỉ số lớn trong việc cung cấp việc làm cho người dân Canada?,ngành công nghiệp dịch vụ,", ngành công nghiệp",True,False,0,0.7499999999999999,1.0,-0.9692497253417969,10.973651885986328,0.9692497253417969,SPAN_TOO_SHORT
0003-0028-0004,Tiền đề cho sự chuyển hóa của nền kinh tế vào đầu thập kỷ XX là gì?,"sự phát triển của các ngành chế tạo, khai mỏ, và các lĩnh vực dịch vụ",", sự phát triển của các ngành chế tạo, khai mỏ, và các lĩnh vực",True,False,0,0.9333333333333333,1.0,-1.1627235412597656,11.102916717529297,1.1627235412597656,SPAN_TOO_SHORT
0003-0028-0005,"Từ thế kỷ XX, kinh tế của Canada có sự thay đổi gì?","Kể từ đầu thế kỷ XX, sự phát triển của các ngành chế tạo, khai mỏ, và các lĩnh vực dịch vụ đã chuyển đổi Canada từ một nền kinh tế nông thôn mức độ lớn sang nền kinh tế đô thị hóa, công nghiệp",", sự phát triển của các ngành chế tạo, khai mỏ, và các lĩnh vực",True,False,0,0.4745762711864407,1.0,1.0106086730957031,9.07476806640625,-1.0106086730957031,SPAN_TOO_SHORT
0003-0029-0001,Nguồn sống của người dân ở bắc bộ Canada là gì?,dựa vào các mỏ khóang sản lân cận hoặc các nguồn gỗ,"mà nông nghiệp gặp khó khăn, kinh tế của họ dựa vào các mỏ khóang sản lân cận hoặc các nguồn",True,False,0,0.6666666666666667,1.0,2.2392492294311523,7.928622245788574,-2.2392492294311523,SPAN_TOO_LONG
0003-0029-0002,Hãy nêu những hiểu biết của về tình hình xuất khẩu sản phẩm nông nghiệp của Canada?,"Canada cũng là một trong các quốc gia lớn nhất về cung cấp nông sản trên thế giới; Các thảo nguyên Canada là một trong những nơi sản xuất có tầm quan trọng tòan cầu nhất về lúa mì, cải dầu, và các lọai hạt khác",,True,True,0,0.0,1.0,10.76811158657074,-0.5923475027084351,-10.76811158657074,ANSWERABLE_PREDICTED_EMPTY
0003-0029-0003,Hai lọai kim lọai nào được xuất khẩu nhiều nhất ở Canada?,thiếc và urani,,True,True,0,0.0,1.0,3.8435306549072266,6.326372146606445,-3.8435306549072266,ANSWERABLE_PREDICTED_EMPTY
0003-0029-0004,Vì sao nói Canada là một trong những nơi có trữ lượng dầu khí lớn nhất thế giới?,Các mỏ cát dầu Athabasca và các tài sản khác khiến Canada sở hữu 13% trữ lượng dầu tòan cầu,,True,True,0,0.0,1.0,9.303839802742004,0.8721426725387573,-9.303839802742004,ANSWERABLE_PREDICTED_EMPTY
0003-0029-0005,Hai lọai kim lọai nào được xuất khẩu nhiều nhất ở Venezuela?,,,False,True,1,1.0,1.0,4.768096923828125,5.403656959533691,-4.768096923828125,CORRECT_NO_ANSWER
0003-0030-0001,Tiền đề của sự kết hợp của NEP và FIRA là gì?,,,False,True,1,1.0,1.0,5.00853157043457,5.157186508178711,-5.00853157043457,CORRECT_NO_ANSWER
0003-0030-0002,Mối quan hệ hợp tác kinh tế giữa hai quốc gia Hoa Kỳ và Canada đã có sự thay đổi gì vào năm 1988?,Hiệp định Thương mại tự do Canada – Hoa Kỳ (FTA) năm 1988 đã lọai trừ thuế quan giữa hai quốc gia,,True,True,0,0.0,1.0,5.06802225112915,5.095167636871338,-5.06802225112915,ANSWERABLE_PREDICTED_EMPTY
0003-0030-0003,Tổ chức nào do Pierre Trudeau tạo ra còn tồn tại đến hôm nay?,Cơ quan Đánh giá đầu tư nước ngòai (FIRA),,True,True,0,0.0,1.0,3.715064525604248,6.419701099395752,-3.715064525604248,ANSWERABLE_PREDICTED_EMPTY
0003-0030-0004,Khi nào thì mối quan hệ hội nhập kinh tế giữa México và Hoa Kỳ được tăng cường?,,từ sau Chiến tranh thế giới thứ,False,False,0,0.0,1.0,1.2684326171875,8.83890438079834,-1.2684326171875,UNANSWERABLE_FALSE_POSITIVE
0003-0030-0005,Khi nào thì mối quan hệ hội nhập kinh tế giữa Canada và Hoa Kỳ được tăng cường?,sau Chiến tranh thế giới thứ hai,từ sau Chiến tranh thế giới thứ,True,False,0,0.8571428571428571,1.0,0.5348968505859375,9.543817520141602,-0.5348968505859375,PARTIAL_SPAN
0003-0030-0006,Tiền đề của sự ra đờig của NEP và FIRA là gì?,các mối quan tâm về sự độc lập năng lượng và sở hữu ngọai quốc trong lĩnh vực chế tạo,,True,True,0,0.0,1.0,4.601497173309326,5.563032627105713,-4.601497173309326,ANSWERABLE_PREDICTED_EMPTY
0003-0030-0007,Mục đích của việc đổi tên |Cơ quan đÁnh giá đầu tư nước ngòai là gì?,khuyến khích đầu tư nước ngòai,,True,True,0,0.0,1.0,4.535834312438965,5.617090225219727,-4.535834312438965,ANSWERABLE_PREDICTED_EMPTY
0003-0030-0008,Mục đích của việc lọai bỏ Cơ quan đánh giá đầu tư nước ngòai là gì?,,,False,True,1,1.0,1.0,9.131473779678345,1.0343434810638428,-9.131473779678345,CORRECT_NO_ANSWER
0003-0031-0001,Canada đã thiết kế và sản xuất cho ISS những sản phẩm nào?,"các tay máy robot Canadarm, Canadarm2 và Dextre",,True,True,0,0.0,1.0,7.3254234790802,2.822643995285034,-7.3254234790802,ANSWERABLE_PREDICTED_EMPTY
0003-0031-0002,Vị trí của Canada trong lĩnh vực người máy không gian là gì?,một nước tiên phong,,True,True,0,0.0,1.0,4.129234313964844,5.989645004272461,-4.129234313964844,ANSWERABLE_PREDICTED_EMPTY
0003-0031-0003,"Các danh hiệu vệ tinh nào được thiết lập tại Canada, trong khỏang thập niên 1960?","Radarsat-1 và 2, ISIS và MOST",,True,True,0,0.0,1.0,9.62645411491394,0.5329601764678955,-9.62645411491394,ANSWERABLE_PREDICTED_EMPTY
0003-0031-0004,Canada tham gia tổ chức sản xuất nào?,,trong trạm vũ trụ quốc tế (ISS,False,False,0,0.0,1.0,0.7553901672363281,9.354972839355469,-0.7553901672363281,UNANSWERABLE_FALSE_POSITIVE
0003-0031-0005,Canada tham tổ chức về lĩnh vực không gian vũ trụ nào?,ISS,trong trạm vũ trụ quốc tế (,True,False,0,0.0,1.0,1.2896394729614258,8.836883544921875,-1.2896394729614258,WRONG_SPAN
0003-0031-0006,"Các nhãn hiệu vệ tinh nào được thiết lập tại NASA, trong khỏang thập niên 1960?",,,False,True,1,1.0,1.0,10.668883681297302,-0.5069383382797241,-10.668883681297302,CORRECT_NO_ANSWER
0003-0032-0001,Khi một người đảm nhiệm chức vụ thủ tướng thì họ sẽ bị hạn chế gì?,,,False,True,1,1.0,1.0,9.340847969055176,0.8109416961669922,-9.340847969055176,CORRECT_NO_ANSWER
0003-0032-0002,Tổ chức nào có trách nhiệm quản lý các quân chủ và phó quân chủ?,Nội các,trước Chúng,True,False,0,0.0,1.0,-0.7446727752685547,10.739744186401367,0.7446727752685547,WRONG_SPAN
0003-0032-0003,Ai là người quyết định thủ tướng của Nội các?,,"do Thủ tướng Canada lựa chọn và đứng đầu, thủ tướng là người đứng đầu chính phủ (Thủ tướng hiện tại là ông",False,False,0,0.0,1.0,3.122951030731201,7.015848636627197,-3.122951030731201,UNANSWERABLE_FALSE_POSITIVE
0003-0032-0004,Khi nào thì các quân chủ có thể tự động thực hiện chính sách mà không cần thông qua Nội các?,Trong các tình thế khủng hỏang nhất định,,True,True,0,0.0,1.0,8.746225595474243,1.4085500240325928,-8.746225595474243,ANSWERABLE_PREDICTED_EMPTY
0003-0032-0005,Khi một người đảm nhiệm chức vụ quân chủ thì họ sẽ bị hạn chế gì?,hạn chế trong việc tham gia trực tiếp vào các lĩnh vực cai trị,,True,True,0,0.0,1.0,8.071990013122559,2.0784082412719727,-8.071990013122559,ANSWERABLE_PREDICTED_EMPTY
0003-0032-0006,Ai là người quyết định thành viên của Nội các?,Thủ tướng Canada,do Thủ tướng,True,False,0,0.6666666666666666,1.0,1.594731330871582,8.509790420532227,-1.594731330871582,PARTIAL_SPAN
0003-0033-0001,Đại diện của các tổ chức nào trở thành người lãnh đạo nghị viện liên bang vào năm 2011?,,": Đảng Bảo thủ (đảng cầm quyèn), Đảng Tân Dân chủ (đối lập chính thức), Đảng Tự do, Khối Người Québec, và Đảng",False,False,0,0.0,1.0,1.2983665466308594,8.840723991394043,-1.2983665466308594,UNANSWERABLE_FALSE_POSITIVE
0003-0033-0002,Cơ chế tuyển cử các nghị sĩ là gì?,bầu theo đa số giản đơn trong một khu vực tuyển cử,,True,True,0,0.0,1.0,4.497267723083496,5.634525299072266,-4.497267723083496,ANSWERABLE_PREDICTED_EMPTY
0003-0033-0003,Giới hạn về độ tuổi của các nghị viện là bao nhiêu tuổi?,75,đến tuổi,True,False,0,0.0,1.0,0.4766216278076172,9.6537504196167,-0.4766216278076172,WRONG_SPAN
0003-0033-0004,Điều kiện để tổ chức một cuộc tổng tuyển cử là gì?,"Tổng tuyển cử phải do tòan quyền yêu cầu, theo cố vấn của thủ tướng trong vòng bốn năm tính từ cuộc bầu cử trước đó, hoặc nếu chính phủ thất bại trong một cuộc bỏ phiếu tín nhiệm tại nghị viện",,True,True,0,0.0,1.0,5.651618480682373,4.48461389541626,-5.651618480682373,ANSWERABLE_PREDICTED_EMPTY
0003-0033-0005,Đại diện của các tổ chức nào trở thành nghị viện liên bang vào năm 2011?,"Đảng Bảo thủ (đảng cầm quyèn), Đảng Tân Dân chủ (đối lập chính thức), Đảng Tự do, Khối Người Québec, và Đảng Xanh",": Đảng Bảo thủ (đảng cầm quyèn), Đảng Tân Dân chủ (đối lập chính thức), Đảng Tự do, Khối Người Québec, và Đảng",True,False,0,0.9777777777777777,1.0,0.7511167526245117,9.389404296875,-0.7511167526245117,SPAN_TOO_SHORT
0003-0034-0001,Văn bản nào có quyền hành pháp luật cao nhất Canada?,Hiến pháp Canada,,True,True,0,0.0,1.0,5.750125885009766,4.39240837097168,-5.750125885009766,ANSWERABLE_PREDICTED_EMPTY
0003-0034-0002,Ý nghĩa của đạo luật Hiến pháp 1867 là gì?,khẳng định sự cai trị dựa trên tiền lệ nghị viện và phân chia quyền lực giữa các chính phủ liên bang và cấp tỉnh,", khẳng định sự cai trị dựa trên tiền lệ nghị viện và phân chia quyền lực giữa các chính phủ liên bang và cấp",True,False,0,0.9795918367346939,1.0,2.552175521850586,7.498464584350586,-2.552175521850586,SPAN_TOO_SHORT
0003-0034-0003,Nhiệm vụ của Hiến chương Canada về Quyền lợi và Tự do là gì?,Hiến chương đảm bảo các quyền lợi và quyền tự do mà theo thường lệ không thể bị chà đạp bởi bất kỳ chính phủ nào,,True,True,0,0.0,1.0,5.244671821594238,4.902188301086426,-5.244671821594238,ANSWERABLE_PREDICTED_EMPTY
0003-0034-0004,Thứ gì đã cắt đứt mối quan hệ giữa Canada và Anh Quốc?,Quy chế Westminster 1931 trao đầy đủ quyền tự trị và Đạo luật Hiến pháp 1982,. Quy chế Westminster 1931 trao đầy đủ quyền tự trị và Đạo luật Hiến pháp,True,False,0,0.967741935483871,1.0,0.10186004638671875,9.980976104736328,-0.10186004638671875,SPAN_TOO_SHORT
0003-0035-0001,Các hiệp ước nào về vấn đề nhập cư giữa người châu Âu và thổ dân Canada được Đảng Canada chú ý nhất?,,,False,True,1,1.0,1.0,3.944669723510742,6.2191572189331055,-3.944669723510742,CORRECT_NO_ANSWER
0003-0035-0002,Các hiệp ước nào về vấn đề quan hệ giữa người châu Âu và thổ dân Canada được Đảng Canada chú ý nhất?,Các hiệp định Được đánh số,,True,True,0,0.0,1.0,3.7807607650756836,6.381853103637695,-3.7807607650756836,ANSWERABLE_PREDICTED_EMPTY
0003-0035-0003,Để duy trì trật tự giữa người châu Âu và thổ dân Canada thứ gì đã được tạo ra?,"Đạo luật người Da đỏ (Indian Act), các hiệp định khác nhau và các án lệ pháp",". Đạo luật người Da đỏ (Indian Act), các hiệp định khác nhau và các án lệ",True,False,0,0.9696969696969697,1.0,-1.706146240234375,11.457996368408203,1.706146240234375,SPAN_TOO_SHORT
0003-0035-0004,Dân nhập cư Canada nhận được quyền lợi gì qua các bản hiệp ước?,,"bao gồm cung cấp các dịch vụ như y tế, và miễn",False,False,0,0.0,1.0,1.9085807800292969,8.25210189819336,-1.9085807800292969,UNANSWERABLE_FALSE_POSITIVE
0003-0035-0005,Thổ dân Canada nhận được quyền lợi gì qua các bản hiệp ước?,"Các quyền lợi này có thể bao gồm cung cấp các dịch vụ như y tế, và miễn thuế","bao gồm cung cấp các dịch vụ như y tế, và miễn",True,False,0,0.7741935483870968,1.0,2.25184965133667,7.910778522491455,-2.25184965133667,SPAN_TOO_SHORT
0003-0035-0006,Mối quan hệ giữa người dân châu Âu di cư sang Canada và thổ dân Canada diễn ra như thế nào?,tương đối hòa bình,,True,True,0,0.0,1.0,7.617101669311523,2.5512685775756836,-7.617101669311523,ANSWERABLE_PREDICTED_EMPTY
0003-0036-0001,Các thành viên của tổ chức Tối cao pháp viện do ai đề cử?,cố vấn của thủ tướng và bộ trưởng tư pháp,do tòan quyền bổ nhiệm theo cố vấn của thủ tướng và bộ trưởng,True,False,0,0.6666666666666666,1.0,3.163013458251953,6.851102828979492,-3.163013458251953,SPAN_TOO_LONG
0003-0036-0002,"Từ cuối năm 2017, người đảm nhiệm chánh án tối cao của pháp viện Canada là ai?",Chánh án Richard Wagner,là Chánh án Richard,True,False,0,0.75,1.0,-0.2010631561279297,10.263002395629883,0.2010631561279297,PARTIAL_SPAN
0003-0036-0003,Nhiệm vụ của cơ quan tư pháp của Canada là gì?,giải thích các pháp luật và có quyền phủ định các đạo luật của nghị viện nếu chúng vi hiến,,True,True,0,0.0,1.0,4.455495834350586,5.675148963928223,-4.455495834350586,ANSWERABLE_PREDICTED_EMPTY
0003-0036-0004,"Từ cuối năm 2017, người đảm nhiệm luật sư tối cao của pháp viện Canada là ai?",,là Chánh án Richard,False,False,0,0.0,1.0,0.37514686584472656,9.726554870605469,-0.37514686584472656,UNANSWERABLE_FALSE_POSITIVE
0003-0036-0005,Tổ chức Nội các có quyền hạn đề đề cử chức vụ giám sát viên cho các tòa án quy mô như thế nào?,,,False,True,1,1.0,1.0,7.180622577667236,2.968080997467041,-7.180622577667236,CORRECT_NO_ANSWER
0003-0036-0006,Tổ chức Nội các có quyền hạn đề đề cử chức vụ thẩm phán cho các tòa án quy mô như thế nào?,Nội các liên bang cũng bổ nhiệm các thẩm phán cho các tòa cấp cao có quyền hạn cấp tỉnh và lãnh thổ,quyền hạn cấp tỉnh và,True,False,0,0.3571428571428571,1.0,2.7806715965270996,7.372704982757568,-2.7806715965270996,SPAN_TOO_SHORT
0003-0037-0001,Canada và Hoa Kỳ có cuộc đàm phán diễn ra như thế nào?,,,False,True,1,1.0,1.0,9.012866258621216,1.1246984004974365,-9.012866258621216,CORRECT_NO_ANSWER
0003-0037-0002,Canada và Hoa Kỳ có mối quan hệ diễn ra như thế nào?,"Canada và Hoa Kỳ chia sẻ đường biên giới không được bảo vệ dài nhất thế giới, hợp tác trong các chiến dịch và tập luyện quân sự, và là đối tác thương mại lớn nhất của nhau",,True,True,0,0.0,1.0,8.407171845436096,1.7259362936019897,-8.407171845436096,ANSWERABLE_PREDICTED_EMPTY
0003-0037-0003,Vì sao Canada và Anh Quốc không phải hai quốc gia đối địch với nhau?,,,False,True,1,1.0,1.0,7.767916679382324,2.3432693481445312,-7.767916679382324,CORRECT_NO_ANSWER
0003-0037-0004,Vì sao Canada và Hà Lan không phải hai quốc gia đối địch với nhau?,Canada từng góp phần giải phóng Hà Lan trong Chiến tranh thế giới thứ hai,,True,True,0,0.0,1.0,8.294798016548157,1.818363070487976,-8.294798016548157,ANSWERABLE_PREDICTED_EMPTY
0003-0037-0005,Canada giữ vững mối quan hệ với Anh Quốc với vị thế gì?,tư cách viên của minh trong Thịnh vượng chung các quốc gia và Cộng đồng Pháp ngữ,thông qua tư cách viên của minh trong Thịnh vượng chung các quốc gia và Cộng đồng Pháp,True,False,0,0.9142857142857143,1.0,3.467778205871582,6.65567684173584,-3.467778205871582,SPAN_TOO_LONG
0003-0037-0006,Sự việc gì đã chứng minh Canada giữ vững được độc lập trong chính sách đối ngọai?,duy trì quan hệ đầy đủ với Cuba và từ chối chính thức tham gia trong Cuộc xâm chiếm Iraq năm 2003,là việc duy trì quan hệ đầy đủ với Cuba và từ chối chính thức tham gia trong Cuộc xâm chiếm Iraq năm,True,False,0,0.9333333333333332,1.0,0.011261940002441406,10.064483642578125,-0.011261940002441406,SPAN_TOO_LONG
0003-0038-0001,"Trong Chiến tranh thế giới thứ hai, Canada là đồng minh của nước nào?",Anh Quốc,với Đế quốc Anh và Thịnh vượng,True,False,0,0.4444444444444445,1.0,0.09834575653076172,9.90347671508789,-0.09834575653076172,SPAN_TOO_LONG
0003-0038-0002,Vì sao Canada tham gi vào chiến sự Boer?,Canada gắn bó chặt chẽ với Đế quốc Anh và Thịnh vượng chung,,True,True,0,0.0,1.0,5.715603351593018,4.434706211090088,-5.715603351593018,ANSWERABLE_PREDICTED_EMPTY
0003-0038-0003,Canada đã kề vai sát chiến với Anh Quốc trong các trận chiến tranh nào?,"Chiến tranh Boer lần thứ hai, Chiến tranh thế giới thứ nhất và Chiến tranh thế giới thứ hai","trong Chiến tranh Boer lần thứ hai, Chiến tranh thế giới thứ nhất và Chiến tranh thế giới thứ",True,False,0,0.9473684210526315,1.0,-0.8853387832641602,10.768084526062012,0.8853387832641602,PARTIAL_SPAN
0003-0038-0004,"Sau khi tham chiến các trận chiến tranh với Anh Quốc, Canada đã có thay đổi về chrur trương gì?","Canada chủ trương đa phương hóa, tiến hành các nỗ lực nhằm giải quyết các vấn đề tòan cầu bằng cách cộng tác với các quốc gia khác",,True,True,0,0.0,1.0,10.347796320915222,-0.1908634901046753,-10.347796320915222,ANSWERABLE_PREDICTED_EMPTY
0003-0038-0005,Canada đã lên án hành vi của Anh Quốc trong các trận chiến tranh nào?,,"trong Chiến tranh Boer lần thứ hai, Chiến tranh thế giới thứ nhất và Chiến tranh thế giới thứ",False,False,0,0.0,1.0,-0.7508163452148438,10.561573028564453,0.7508163452148438,UNANSWERABLE_FALSE_POSITIVE
0003-0038-0006,"Sau khi tham chiến các trận chiến tranh với Hà Lan, Canada đã có thay đổi về chủ trương gì?",,,False,True,1,1.0,1.0,4.720438480377197,5.429564952850342,-4.720438480377197,CORRECT_NO_ANSWER
0003-0039-0001,Ai là người đầu tiên thực hiện một hành động giữ gìn hòa bình thế giới của Liên Hiệp Quốc?,Lester B. Pearson,",",True,False,0,0.0,1.0,0.6635169982910156,9.244197845458984,-0.6635169982910156,WRONG_SPAN
0003-0039-0002,Để giảm thiệt hại do cơn Khủng hỏang Kênh đào Suez gây ra chính quyền Canada đã làm gì?,làm giảm căng thẳng bằng đề xuất triển khai Lực lượng gìn giữ hòa bình Liên Hiệp Quốc,bằng đề xuất triển khai Lực lượng gìn giữ hòa bình,True,False,0,0.7586206896551725,1.0,1.9808740615844727,8.183424949645996,-1.9808740615844727,SPAN_TOO_SHORT
0003-0039-0003,Sự việc gì gây ra thiệt hại lớn cho cho Canada vào năm 1956?,Khủng hỏang Kênh đào Suez,Trong Khủng hỏang Kênh đào,True,False,0,0.8000000000000002,1.0,0.3773965835571289,9.65739917755127,-0.3773965835571289,PARTIAL_SPAN
0003-0039-0004,Điều khó khăn của Canada khi tham gia vào các sứ mệnh nỗ lực bảo vệ quyền trẻ em là gì?,,,False,True,1,1.0,1.0,9.258424818515778,0.9073466658592224,-9.258424818515778,CORRECT_NO_ANSWER
0003-0039-0005,Điều khó khăn của Canada khi tham gia vào các sứ mệnh nỗ lự giữ gìn hòa bình là gì?,Canada thỉnh thỏang phải đối mặt với các tranh luận về sự dính líu của họ đến các quốc gia khác,,True,True,0,0.0,1.0,7.95661735534668,2.2079362869262695,-7.95661735534668,ANSWERABLE_PREDICTED_EMPTY
0003-0039-0006,Sự việc gì gây ra mối nguy hiểm lớn cho cho Canada vào năm 1956?,,Trong Khủng hỏang Kênh đào,False,False,0,0.0,1.0,0.8281488418579102,9.222585678100586,-0.8281488418579102,UNANSWERABLE_FALSE_POSITIVE
0003-0039-0007,Để giảm thiệt hại do việc xây dựng Kênh đào Suez gây ra chính quyền Canada đã làm gì?,,bằng đề xuất triển khai Lực lượng gìn giữ hòa bình,False,False,0,0.0,1.0,2.5371131896972656,7.631013870239258,-2.5371131896972656,UNANSWERABLE_FALSE_POSITIVE
0003-0040-0001,Các thành viên ban đầu tự nguyện tham gia và dự án nghiên cứu vắc xin là quốc gia nào?,,", Canada, Ý, Anh Quốc, Na Uy, và",False,False,0,0.0,1.0,-0.8876333236694336,10.908841133117676,0.8876333236694336,UNANSWERABLE_FALSE_POSITIVE
0003-0040-0002,Sự việc gì đã gây ảnh hưởng xất tới việc thông báo Bắc Cực thuộc quyền sở hữu của Canada?,Nga tiến hành chiếm thám hiểm dưới nước đến Bắc Cực,khi Nga tiến hành chiếm thám hiểm dưới nước đến,True,False,0,0.8571428571428572,1.0,1.2419147491455078,8.878752708435059,-1.2419147491455078,SPAN_TOO_SHORT
0003-0040-0003,Kinh phí mà tất cả các quốc gia tham gia dự án tiêm viêm xắc đóng góp vào lúc ban đầu là bao nhiêu?,"1,5 tỷ đô la Mỹ","dự án 1,5 tỷ đô la",True,False,0,0.7692307692307692,1.0,-0.25310802459716797,10.37144660949707,0.25310802459716797,SPAN_TOO_LONG
0003-0040-0004,Khi nào dự án tiêm vắc-xin miễn phí cho các nước đang phát triển được triển khai?,tháng 2 năm 2007,Vào tháng 2 năm,True,False,0,0.75,1.0,-0.8722009658813477,10.879950523376465,0.8722009658813477,PARTIAL_SPAN
0003-0040-0005,Các thành viên ban đầu tự nguyện tham gia và dự án tiêm vắc xin là quốc gia nào?,"Canada, Ý, Anh Quốc, Na Uy, và Nga",", Canada, Ý, Anh Quốc, Na Uy, và",True,False,0,0.9333333333333333,1.0,-0.9176082611083984,10.931188583374023,0.9176082611083984,SPAN_TOO_SHORT
0003-0041-0001,Chính quyền của tỉnh hay liên bang có khỏang tiền thu vào cao hơn?,Tổng thu nhập của các tỉnh nhiều hơn của chính phủ liên bang,của chính phủ,True,False,0,0.375,1.0,0.18032360076904297,9.931331634521484,-0.18032360076904297,SPAN_TOO_SHORT
0003-0041-0002,Mục đích của việc chính quyền thực hiện thanh tóan cân bằng là gì?,bảo đảm các tiêu chuẩn thống nhất hợp lý về các dịch vụ và thuế được thi hành giữa các tỉnh giàu hơn và nghèo hơn,nhằm bảo đảm các tiêu chuẩn thống nhất hợp lý về các dịch vụ và thuế được thi hành giữa các tỉnh giàu hơn và nghèo,True,False,0,0.9615384615384616,1.0,2.194599151611328,7.932905197143555,-2.194599151611328,PARTIAL_SPAN
0003-0041-0003,Bộ máy chính quyền cấp tỉnh hay cấp lãnh thổ có quyền hành tự trị lớn hơn?,Các tỉnh có quyền tự trị lớn hơn các lãnh thổ,. Các tỉnh có quyền tự trị lớn hơn các,True,False,0,0.9,1.0,1.432596206665039,8.682348251342773,-1.432596206665039,SPAN_TOO_SHORT
0003-0041-0004,Lãnh thổ Canada được phân chia về mặt hành chính như thế nào?,Canada là một liên bang gồm có mười tỉnh và ba lãnh thổ,có mười tỉnh và ba,True,False,0,0.5555555555555556,1.0,2.147594451904297,8.001452445983887,-2.147594451904297,SPAN_TOO_SHORT
0003-0041-0005,Bộ máy chính quyền cấp tỉnh hay cấp lãnh thổ có khả năng kinh tế lớn hơn?,,có mười tỉnh và ba,False,False,0,0.0,1.0,2.1099109649658203,8.011106491088867,-2.1099109649658203,UNANSWERABLE_FALSE_POSITIVE
0003-0041-0006,Lãnh thổ Canada được phân chia về địa hình như thế nào?,,có mười tỉnh và ba,False,False,0,0.0,1.0,1.600189208984375,8.537490844726562,-1.600189208984375,UNANSWERABLE_FALSE_POSITIVE
0003-0042-0001,Dân số của Canada đang phát triển theo xu thế nào?,dân số già hơn,hướng dân số già,True,False,0,0.75,1.0,1.1556434631347656,9.003604888916016,-1.1556434631347656,PARTIAL_SPAN
0003-0042-0002,Dân số sống ở các đô thị chiếm bao nhiêu phần trăm?,80%,. Xấp xỉ 80,True,False,0,0.5,1.0,-1.7260417938232422,11.39594841003418,1.7260417938232422,SPAN_TOO_LONG
0003-0042-0003,Theo điều tra dân số Canada thì tuổi thọ trung bình người dân là bao nhiêu tuổi theo năm 2013?,81,là,True,False,0,0.0,1.0,0.9580650329589844,9.192834854125977,-0.9580650329589844,WRONG_SPAN
0003-0042-0004,Đa số người dân Mỹ sống cách biên giới Canada bao xa?,,Hoa Kỳ dưới 150 kilômét (93,False,False,0,0.0,1.0,0.5329971313476562,9.608503341674805,-0.5329971313476562,UNANSWERABLE_FALSE_POSITIVE
0003-0042-0005,Theo điều tra dân số Hoa Kỳ thì tuổi thọ trung bình người dân là bao nhiêu tuổi theo năm 2013?,,là,False,False,0,0.0,1.0,1.081101417541504,9.07266616821289,-1.081101417541504,UNANSWERABLE_FALSE_POSITIVE
0003-0042-0006,Đa số người dân Canada sống cách biên giới Hoa Kỳ bao xa?,dưới 150 kilômét (93 mi),Hoa Kỳ dưới 150 kilômét (93,True,False,0,0.7272727272727272,1.0,0.21761131286621094,9.903448104858398,-0.21761131286621094,SPAN_TOO_LONG
0003-0042-0007,Dân số của Hoa Kỳ đang phát triển theo xu thế nào?,,hướng dân số già,False,False,0,0.0,1.0,2.297999382019043,7.870153427124023,-2.297999382019043,UNANSWERABLE_FALSE_POSITIVE
0003-0042-0008,Các khu vực có đông người lao động sinh sống nhất là những nơi nào?,,"tại hành lang thành phố Québec –Windsor, Lower Mainland tại British Columbia, và hành lang Calgary–Edmonton tại",False,False,0,0.0,1.0,3.170325756072998,6.995631694793701,-3.170325756072998,UNANSWERABLE_FALSE_POSITIVE
0003-0042-0009,Các khu vực có đông người dân sinh sống nhất là những nơi nào?,"hành lang thành phố Québec –Windsor, Lower Mainland tại British Columbia, và hành lang Calgary–Edmonton tại Alberta","tại hành lang thành phố Québec –Windsor, Lower Mainland tại British Columbia, và hành lang Calgary–Edmonton tại",True,False,0,0.9444444444444444,1.0,2.429840564727783,7.7268385887146,-2.429840564727783,PARTIAL_SPAN
0003-0043-0001,Tổng số dân của các dân tộc thiểu số hữu hình Canada đã phát triển như thế nào trong khỏang năm 2011-2016?,"tăng trưởng 18,4%","tăng trưởng 18,4",True,False,1,1.0,1.0,3.411220073699951,6.766836643218994,-3.411220073699951,CORRECT
0003-0043-0002,Tốc độ tăng trưởng kinh tế của thổ dân Canada gấp mấy lần so với tốc độ tăng trưởng bình quân của Canada?,,gấp hai,False,False,0,0.0,1.0,-1.011897087097168,11.027242660522461,1.011897087097168,UNANSWERABLE_FALSE_POSITIVE
0003-0043-0003,Số người dân có đặc tính thổ dân chiếm bao nhiêu phần trăm dân số?,4%,và 4,True,False,0,0.6666666666666666,1.0,-0.890355110168457,10.85287094116211,0.890355110168457,SPAN_TOO_LONG
0003-0043-0004,Các quốc gia nào có số dân di cư đến Canada nhiều nhất?,Nam Á,"là Trung Quốc, Philippines và",True,False,0,0.0,1.0,1.3424978256225586,8.821910858154297,-1.3424978256225586,WRONG_SPAN
0003-0043-0005,Số người dân nhập cư chiếm bao nhiêu phần trăm dân số?,,,False,True,1,1.0,1.0,4.084425926208496,6.076404571533203,-4.084425926208496,CORRECT_NO_ANSWER
0003-0043-0006,Tổng sản lượng nông nghiệp của các dân tộc thiểu số hữu hình Canada đã phát triển như thế nào trong khỏang năm 2011-2016?,,,False,True,1,1.0,1.0,5.360857963562012,4.818803787231445,-5.360857963562012,CORRECT_NO_ANSWER
0003-0043-0007,Tốc độ tăng trưởng dân số của thổ dân Canada gấp mấy lần so với tốc độ tăng trưởng bình quân của Canada?,gần gấp hai lần,gấp hai,True,False,0,0.6666666666666666,1.0,-1.0804681777954102,11.040703773498535,1.0804681777954102,SPAN_TOO_SHORT
0003-0044-0001,Số người dân tị nạn đi đến Canada chiếm bao nhiêu phần trăm số dân tị nạn trên thế giới?,hơn 10%,chiếm hơn 10,True,False,0,0.8,1.0,-0.72119140625,10.793949127197266,0.72119140625,SPAN_TOO_LONG
0003-0044-0002,Người di cư tới Canada chủ yêu tập trung sinh sông ở khu vực nào?,"Toronto, Montreal và Vancouver","như Toronto, Montreal và",True,False,0,0.75,1.0,0.4254570007324219,9.706122398376465,-0.4254570007324219,PARTIAL_SPAN
0003-0044-0003,Quốc gia nào đứng hàng đầu thế giới về tỷ lệ nhập cư?,Canada,,True,True,0,0.0,1.0,7.41846489906311,2.708852529525757,-7.41846489906311,ANSWERABLE_PREDICTED_EMPTY
0003-0044-0004,Vì sao tỷ lệ nhập cư bình quân trên người của Canada thuộc top đầu thế giới?,chính sách kinh tế và đòan tụ gia đình,người cao nhất,True,False,0,0.0,1.0,3.4238715171813965,6.717383861541748,-3.4238715171813965,WRONG_SPAN
0003-0045-0001,Số dân chúng tham gia giáo Rôma chiếm bao nhiêu phần trăm dân số?,"38,7%","với 38,7%",True,False,0,0.8,1.0,3.143683910369873,6.991149425506592,-3.143683910369873,SPAN_TOO_LONG
0003-0045-0002,Số lượng người thổ địa Canada tham gia vào tôn giáo năm 2011 đã thay đổi như thế nào so với năm 2001?,,,False,True,1,1.0,1.0,3.984015941619873,6.172494411468506,-3.984015941619873,CORRECT_NO_ANSWER
0003-0045-0003,Tôn giáo thịnh hành nhất ở Canada là tôn giáo nào?,Kitô giáo,hữu Kitô,True,False,0,0.5,1.0,-0.17694568634033203,10.233938217163086,0.17694568634033203,PARTIAL_SPAN
0003-0045-0004,"Canada là một quốc gia như thế nào về vấn đề tín ngưỡng, tôn giáo?","Canada là quốc gia đa tôn giáo, bao gồm nhiều tín ngưỡng và phong tục",là quốc gia đa,True,False,0,0.4210526315789474,1.0,0.6063976287841797,9.507111549377441,-0.6063976287841797,SPAN_TOO_SHORT
0003-0045-0005,Tôn giáo thịnh hành nhất ở Hoa Kỳ là tôn giáo nào?,,hữu Kitô,False,False,0,0.0,1.0,1.289494514465332,8.805336952209473,-1.289494514465332,UNANSWERABLE_FALSE_POSITIVE
0003-0045-0006,Số lượng người dân Canada tham gia vào tôn giáo năm 2011 đã thay đổi như thế nào so với năm 2001?,"Năm 2011, khỏang 23,9% cư dân Canada coi rằng mình không tôn giáo, so với 16,5% vào năm 2001",", khỏang 23,9% cư dân Canada coi rằng mình không",True,False,0,0.6451612903225806,1.0,2.738720417022705,7.413893222808838,-2.738720417022705,SPAN_TOO_SHORT
0003-0046-0001,"Theo chương trình khảo sát học sinh quốc tế, năng lực của học sinh Canada như thế nào?",,Canada biểu hiện tốt hơn mức trung bình của,False,False,0,0.0,1.0,2.2485122680664062,7.915555953979492,-2.2485122680664062,UNANSWERABLE_FALSE_POSITIVE
0003-0046-0002,Trẻ nhỏ ở Canada bắt đầu trưởng thành từ mấy tuổi?,,từ 5–7 đến 16–18,False,False,0,0.0,1.0,0.5201587677001953,9.606369018554688,-0.5201587677001953,UNANSWERABLE_FALSE_POSITIVE
0003-0046-0003,"Theo chương trình đánh giá học sinh quốc tế, năng lực của học sinh Canada như thế nào?","học sinh Canada biểu hiện tốt hơn mức trung bình của OECD, đặc biệt là trong tóan học, khoa học, và đọc",Canada biểu hiện tốt hơn mức trung bình của,True,False,0,0.5806451612903226,1.0,1.3606252670288086,8.802722930908203,-1.3606252670288086,SPAN_TOO_SHORT
0003-0046-0004,Trẻ nhỏ ở Canada bắt đầu đi học từ mấy tuổi?,5–7,từ 5–7 đến 16–18,True,False,0,0.5,1.0,-0.8109645843505859,10.907333374023438,0.8109645843505859,SPAN_TOO_LONG
0003-0046-0005,Nhà truyền hình nào đã khẳng định Canada có một nền giáo dục chất lượng tốt?,Chương trình đánh giá học sinh quốc tế (PISA),,True,True,0,0.0,1.0,4.099947929382324,6.063735008239746,-4.099947929382324,ANSWERABLE_PREDICTED_EMPTY
0003-0046-0006,Việc gì góp phần vào việc đưa con số người biết chữ của người dân Canada lên 99%?,Độ tuổi bắt buộc đến trường có phạm vi từ 5–7 đến 16–18 tuổi,. Độ tuổi bắt buộc đến,True,False,0,0.47619047619047616,1.0,-0.2923717498779297,10.346820831298828,0.2923717498779297,SPAN_TOO_SHORT
0003-0047-0001,Ngôn ngữ nào phổ biến nhất ở Canada?,tiếng Anh và tiếng Pháp,là tiếng Anh và tiếng,True,False,0,0.8000000000000002,1.0,-1.059173583984375,10.980525970458984,1.059173583984375,PARTIAL_SPAN
0003-0047-0002,Tiếng Anh và tiếng Pháp có quyền lực như thế nào trên xã hội?,ngang nhau,,True,True,0,0.0,1.0,3.8698668479919434,6.27139139175415,-3.8698668479919434,ANSWERABLE_PREDICTED_EMPTY
0003-0047-0003,Nội dung của điều luật thứ 16 của Hiến chương Canada là gì?,Canada có hai ngôn ngữ chính thức là tiếng Anh và tiếng Pháp,về Quyền lợi và Tự do và Đạo luật ngôn ngữ chính thức của,True,False,0,0.3703703703703704,1.0,1.5161561965942383,8.570581436157227,-1.5161561965942383,SPAN_TOO_LONG
0003-0047-0004,"Để đảm bảo cho việc nghiên cứu các ngôn ngữ thiểu số, chính quyền đã làm gì?",,,False,True,1,1.0,1.0,3.9524126052856445,6.207942962646484,-3.9524126052856445,CORRECT_NO_ANSWER
0003-0047-0005,"Để đám bảo cho việc sử dụng các ngôn ngữ thiểu số, chính quyền đã làm gì?",các ngôn ngữ thiểu số có địa vị chính thức được đảm bảo có trường học sử dụng chúng tại tất cả các tỉnh và lãnh thổ,,True,True,0,0.0,1.0,5.013494491577148,5.151242256164551,-5.013494491577148,ANSWERABLE_PREDICTED_EMPTY
0003-0048-0001,Tỉnh nào có số người sử dụng ngôn ngữ Anh và ngôn ngữ Pháp cân bằng với nhau?,New Brunswick,"tại Ontario,",True,False,0,0.0,1.0,1.845322608947754,8.08051872253418,-1.845322608947754,WRONG_SPAN
0003-0048-0002,Tỉnh nào có số người sử dụng ngôn ngữ Anh và ngôn ngữ Pháp chênh lệch lớn nhất?,,"tại Ontario,",False,False,0,0.0,1.0,0.6176395416259766,9.314565658569336,-0.6176395416259766,UNANSWERABLE_FALSE_POSITIVE
0003-0048-0003,Tỉnh nào có số người sử dụng tiếng anh đứng thứ hai Canada?,Ontario,"tại Ontario,",True,False,0,0.6666666666666666,1.0,3.1898860931396484,6.774474143981934,-3.1898860931396484,SPAN_TOO_LONG
0003-0048-0004,Tỉnh nào có số người sử dụng tiếng anh nhiều nhất Canada?,Québec,"tại Ontario,",True,False,0,0.0,1.0,1.4220027923583984,8.592557907104492,-1.4220027923583984,WRONG_SPAN
0003-0048-0005,Ngôn ngữ chính thức của Québec được quy định ở văn bản nào?,Hiến chương Pháp ngữ 1977,ngữ,True,False,0,0.33333333333333337,1.0,2.8772411346435547,7.253486633300781,-2.8772411346435547,SPAN_TOO_SHORT
0003-0049-0001,Canada có tất cả các lọai ngôn ngữ của dân bản địa nào?,"11 nhóm ngôn ngữ Thổ dân, bao gồm hơn 65 phương ngôn riêng biệt",,True,True,0,0.0,1.0,3.6605191230773926,6.486663341522217,-3.6605191230773926,ANSWERABLE_PREDICTED_EMPTY
0003-0049-0002,Đa số các ngôn ngữ bản địa của Canada không đạt điều kiện gì để có thể trở thành ngôn ngữ chính thức?,có số người nói thành thạo đủ lớn để được xem là có thể sinh tồn trường kỳ,có số người nói thành thạo đủ,True,False,0,0.56,1.0,3.038888454437256,7.128498554229736,-3.038888454437256,SPAN_TOO_SHORT
0003-0049-0003,"Sự khác biệt giữa ba tỉnh Manitoba, Ontario, Québec và các tỉnh khác về ngôn ngữ như thế nào??","Các tỉnh khác không có ngôn ngữ chính thức như vậy, song tiếng Pháp được sử dụng như một ngôn ngữ trong giảng dạy, trong tòa án, và cho các dịch vụ chính quyền khác, cùng với tiếng Anh",khác,True,False,0,0.05,1.0,3.2518506050109863,6.9188055992126465,-3.2518506050109863,SPAN_TOO_SHORT
0003-0049-0004,Khu vực nào của Canada công nhận các ngôn ngữ thổ dân?,Các Lãnh thổ Tây Bắc,tại Các Lãnh thổ,True,False,0,0.6666666666666665,1.0,2.4197568893432617,7.683774948120117,-2.4197568893432617,SPAN_TOO_SHORT
0003-0049-0005,Canada có tất cả các lọai hình văn hóa của dân bản địa nào?,,,False,True,1,1.0,1.0,7.167700290679932,2.9979567527770996,-7.167700290679932,CORRECT_NO_ANSWER
0003-0049-0006,"Sự khác biệt giữa ba tỉnh Manitoba, Ontario, Québec và các tỉnh khác về lãnh thổ như thế nào?",,,False,True,1,1.0,1.0,4.7024760246276855,5.469415187835693,-4.7024760246276855,CORRECT_NO_ANSWER
0003-0049-0007,Đa số các ngôn ngữ nước ngòai của Canada không đạt điều kiện gì để có thể trở thành ngôn ngữ chính thức?,,,False,True,1,1.0,1.0,4.158222198486328,6.006763458251953,-4.158222198486328,CORRECT_NO_ANSWER
0003-0050-0001,Các nhà bình luận văn học đã nhận xét về văn hóa của Québec như thế nào?,nhiều nhà bình luận nói tiếng Pháp nói về một văn hóa Québec khác biệt với văn hóa Canada Anh ngữ,,True,True,0,0.0,1.0,6.7238194942474365,3.448237657546997,-6.7238194942474365,ANSWERABLE_PREDICTED_EMPTY
0003-0050-0002,Các nhà bình luận văn học đã nhận xét về trình độ dân cư của Québec như thế nào?,,,False,True,1,1.0,1.0,5.5867919921875,4.586503982543945,-5.5867919921875,CORRECT_NO_ANSWER
0003-0050-0003,Tỉnh nào của Canada có thành phần dân cư là sắc mạnh hóa mạnh?,,.,False,False,1,1.0,1.0,1.2520318031311035,7.772994518280029,-1.2520318031311035,UNANSWERABLE_FALSE_POSITIVE
0003-0050-0004,Chính phủ Canada đã thực hiện những chính sách nào có giá trị văn hóa và chính trị to lớn?,"tài trợ công khai chăm sóc sức khỏe, áp thuế cao hơn để tái phân phối của cải, xóa bỏ tử hình, những nôc lự mạnh mẽ nhằm lọai trừ nghèo khổ, kiểm sóat súng nghiêm ngặt, và hợp pháp hóa hôn nhân đồng tính",và hợp pháp hóa hôn nhân,True,False,0,0.23529411764705882,1.0,1.5868358612060547,8.493658065795898,-1.5868358612060547,SPAN_TOO_SHORT
0003-0050-0005,Chính phủ Canada đã thực hiện những chính sách nào có giá trị cải cách to lớn?,,,False,True,1,1.0,1.0,5.983623504638672,4.1581878662109375,-5.983623504638672,CORRECT_NO_ANSWER
0003-0050-0006,Tỉnh nào của Canada có bản sắc văn hóa là sắc mạnh hóa mạnh?,Québec,.,True,False,0,0.0,1.0,1.1811490058898926,7.830831050872803,-1.1811490058898926,WRONG_SPAN
0003-0050-0007,Văn hóa của Canada được thành lập nên từ những cơ sở nào?,"những ảnh hưởng của các dân tộc thành phần, và các chính sách nhằm thúc đẩy đa nguyên văn hóa được bảo vệ theo hiến pháp",,True,True,0,0.0,1.0,7.472536087036133,2.696920394897461,-7.472536087036133,ANSWERABLE_PREDICTED_EMPTY
0003-0050-0008,Tôn giáo của Canada được thành lập nên từ những cơ sở nào?,,,False,True,1,1.0,1.0,10.616052508354187,-0.44100844860076904,-10.616052508354187,CORRECT_NO_ANSWER
0003-0051-0001,Các quốc gia nào đã ảnh đến sự phát triển văn hóa của Canada?,"Anh Quốc, Pháp, và thổ dân",,True,True,0,0.0,1.0,4.78011417388916,5.393568992614746,-4.78011417388916,ANSWERABLE_PREDICTED_EMPTY
0003-0051-0002,Chính phủ đã làm gì mà việc đó thể hiện chính phủ ủng hộ việc phát triển một Canada có nền kinh tế vượt trội?,,,False,True,1,1.0,1.0,3.505821704864502,6.63628625869751,-3.505821704864502,CORRECT_NO_ANSWER
0003-0051-0003,Chính phủ đã làm gì mà việc đó thể hiện chính phủ ủng hộ việc phát triển một Canada có văn hóa đặc trưng?,"Việc duy trì một văn hóa Canada riêng biệt được chính phủ ủng hộ thông qua các chương trình, các đạo luật, và các thể chế như Công ty Phát thanh-Truyền hình Canada (CBC), Cục Điện ảnh Quốc gia Canada (NFB), và Ủy ban Phát thanh-Truyền hình và Viễn thông Canada (CRTC)","như Công ty Phát thanh-Truyền hình Canada (CBC), Cục Điện ảnh Quốc gia Canada (NFB), và Ủy ban Phát thanh-Truyền hình và Viễn thông Canada (CRTC",True,False,0,0.6829268292682926,1.0,3.151759147644043,6.973841667175293,-3.151759147644043,SPAN_TOO_SHORT
0003-0051-0004,Dân bản địa Canada ảnh hướng đến văn hóa Canada bằng thứ gì?,"ngôn ngữ, nghệ thuật và âm nhạc","Thông qua ngôn ngữ, nghệ thuật và",True,False,0,0.7142857142857143,1.0,-0.9956283569335938,11.108884811401367,0.9956283569335938,PARTIAL_SPAN
0003-0052-0001,Nội dung của những bức tranh do Emily Carr vẽ là gì?,phong cảnh và chân dung về những người bản địa tại vùng Duyên hải Tây Bắc Thái Bình Dương,,True,True,0,0.0,1.0,7.195669651031494,2.981823444366455,-7.195669651031494,ANSWERABLE_PREDICTED_EMPTY
0003-0052-0002,Chủ trường trong phong cách hội họa của các họa sĩ thuộc nhóm Group of Seven là gì?,dân tộc chủ nghĩa và duy tâm chủ nghĩa,,True,True,0,0.0,1.0,5.037162780761719,5.126003265380859,-5.037162780761719,ANSWERABLE_PREDICTED_EMPTY
0003-0052-0003,Tom Thomson đã dành bao nhiêu thời gian cho sự nghiệp cải cách của mình?,,kéo dài một,False,False,0,0.0,1.0,0.6981029510498047,9.466628074645996,-0.6981029510498047,UNANSWERABLE_FALSE_POSITIVE
0003-0052-0004,Khi nào nhà hội họa nổi tiếng nhất của hội họa hiện đại Canada qua đời?,,vào năm,False,False,0,0.0,1.0,-0.7080001831054688,10.785924911499023,0.7080001831054688,UNANSWERABLE_FALSE_POSITIVE
0003-0052-0005,Những nhà tác giả nào rất nổi tiếng trong lĩnh vực nghệ thuật thị giác Canada?,Tom Thomson – họa sĩ nổi tiếng nhất của quốc gia – hay Group of Seven,như Tom Thomson – họa sĩ nổi tiếng nhất của quốc gia – hay Group of Seven (nhóm 7 họa sĩ,True,False,0,0.8484848484848484,1.0,2.4597644805908203,7.423793792724609,-2.4597644805908203,SPAN_TOO_LONG
0003-0052-0006,Tom Thomson đã dành bao nhiêu thời gian của đời cho sự nghiệp hội họa của mình?,kéo dài một thập kỷ,kéo dài một,True,False,0,0.7499999999999999,1.0,-1.1196680068969727,11.226357460021973,1.1196680068969727,SPAN_TOO_SHORT
0003-0052-0007,Khi nào nhà hội họa nổi tiếng nhất của hội họa phong cảnh Canada qua đời?,một thập kỷ,vào năm,True,False,0,0.0,1.0,-0.8529481887817383,10.908906936645508,0.8529481887817383,WRONG_SPAN
0003-0053-0001,Tác phẩm âm nhạc nào mở đầu cho thể lọai yêu nước Canada?,The Bold Canadian,"là The Bold Canadian (người Canada Dũng cảm), được viết vào năm 1812. Quốc ca của Canada là ""O",True,False,0,0.2727272727272727,1.0,2.3833370208740234,7.678000450134277,-2.3833370208740234,SPAN_TOO_LONG
0003-0053-0002,Những ca sĩ nào của Canada có sự nghiệp đạt đến độ cao thế giới?,"Nelly Furtado, Avril Lavigne, Michael Bublé, Drake, The Weeknd và Justin Bieber","như Nelly Furtado, Avril Lavigne, Michael Bublé, Drake, The Weeknd và",True,False,0,0.8695652173913043,1.0,-1.503371238708496,11.302704811096191,1.503371238708496,SPAN_TOO_SHORT
0003-0053-0003,Tuổi đời của âm nhạc có nội dung nói về sự nghiệp cách mạng của Canada là bao nhiêu?,,từ trên 200,False,False,0,0.0,1.0,2.2603025436401367,7.885265350341797,-2.2603025436401367,UNANSWERABLE_FALSE_POSITIVE
0003-0053-0004,Cơ quan nào của chính quyền Canada có trách nhiệm quản lý về âm nhạc phát sóng trong nước?,Ủy ban Phát thanh-Truyền hình và Viễn thông Canada,. Ủy ban Phát thanh-Truyền hình và Viễn thông,True,False,0,0.9473684210526316,1.0,-2.2174930572509766,11.50931167602539,2.2174930572509766,SPAN_TOO_SHORT
0003-0053-0005,Ngành công nghiệp âm nhạc của Canada đã đạt được thành tựu đáng chú ý nào?,"Ngành công nghiệp âm nhạc của Canada sản sinh ra những nhà sọan nhạc, nhạc sĩ, ban nhạc nổi tiếng ở tầm quốc tế",,True,True,0,0.0,1.0,6.031709671020508,4.125807762145996,-6.031709671020508,ANSWERABLE_PREDICTED_EMPTY
0003-0053-0006,Cơ quan nào của chính quyền Canada có trách nhiệm quản lý về phát sóng thể thao trong nước?,,. Ủy ban Phát thanh-Truyền hình và Viễn thông,False,False,0,0.0,1.0,-1.9781103134155273,11.377778053283691,1.9781103134155273,UNANSWERABLE_FALSE_POSITIVE
0003-0053-0007,Tuổi đời của âm nhạc có nội dung nói về tình yêu nước của Canada là bao nhiêu?,trên 200 năm,từ trên 200,True,False,0,0.6666666666666666,1.0,2.149181365966797,7.993621826171875,-2.149181365966797,PARTIAL_SPAN
0003-0053-0008,Tác phẩm âm nhạc nào mở đầu cho thể lọai tình yêu ở Canada?,,. Âm nhạc,False,False,0,0.0,1.0,3.4395041465759277,6.667477130889893,-3.4395041465759277,UNANSWERABLE_FALSE_POSITIVE
0003-0053-0009,Ngành công nghiệp nặng của Canada đã đạt được thành tựu đáng chú ý nào?,,,False,True,1,1.0,1.0,9.212789595127106,0.9484900832176208,-9.212789595127106,CORRECT_NO_ANSWER
0003-0054-0001,Những môn thể thao nào ở Canada được rất nhiều người dân theo dõi?,bi đá trên băng và bóng đá Canada,là khúc côn cầu trên băng và bóng,True,False,0,0.5,1.0,3.2513980865478516,6.891628265380859,-3.2513980865478516,PARTIAL_SPAN
0003-0054-0002,Khi nào thì Canada được tham gia World Cup?,,vào năm,False,False,0,0.0,1.0,-0.5076141357421875,10.576248168945312,0.5076141357421875,UNANSWERABLE_FALSE_POSITIVE
0003-0054-0003,Nền thể thao của Canada đã đạt được những thành tựu đáng tự hào nào?,"Canada tham gia vào hầu như mọi kỳ Thế vận hội kể từ lần đầu tham gia vào năm 1900, và từng tổ chức một số sự kiện thể thao quốc tế cao cấp, bao gồm Thế vận hội Mùa hè 1976 tại Montréal, Thế vận hội Mùa đông 1988 tại Calgary, Thế vận hội Mùa đông 2010 tại Vancouver và Giải vô địch bóng chày thế giới 1994 và Giải vô địch bóng đá U-20 thế giới 2007",,True,True,0,0.0,1.0,10.135760128498077,0.01597040891647339,-10.135760128498077,ANSWERABLE_PREDICTED_EMPTY
0003-0054-0004,Khi nào thì các môn thể thao có tổ chức xuất hiện tại Canada?,thập niên 1770,vào năm,True,False,0,0.0,1.0,1.4177560806274414,8.715044975280762,-1.4177560806274414,WRONG_SPAN
0003-0054-0005,Khi nào thì Canada trở thành chủ nhà của World Cup?,năm 2026,vào năm,True,False,0,0.5,1.0,-0.6939191818237305,10.734027862548828,0.6939191818237305,PARTIAL_SPAN
0003-0054-0006,Khi nào thì các hội nghiên cứu có tổ chức xuất hiện tại Canada?,,vào năm,False,False,0,0.0,1.0,2.41972017288208,7.719811916351318,-2.41972017288208,UNANSWERABLE_FALSE_POSITIVE
0003-0054-0007,Những môn thể thao nào trở thành các môn thể thao chính thức đầu tiên của Canada?,khúc côn cầu trên băng và bóng vợt,là khúc côn cầu trên băng và bóng,True,False,0,0.875,1.0,-1.482844352722168,11.512166023254395,1.482844352722168,PARTIAL_SPAN
0004-0001-0001,Án phạt của Liên Hợp Quốc dành cho hành vi xâm lược vô căn cứ của Iraq là gì?,trừng phạt kinh tế,,True,True,0,0.0,1.0,5.106478214263916,5.042211055755615,-5.106478214263916,ANSWERABLE_PREDICTED_EMPTY
0004-0001-0002,Cuộc chiến tranh Vùng Vịnh chủ yếu tập trận ở những nơi nào?,,,False,True,1,1.0,1.0,3.878170967102051,6.2643632888793945,-3.878170967102051,CORRECT_NO_ANSWER
0004-0001-0003,Hành động bắn tên lửa vào Iraq của Israel có gây ra chiến tranh với quốc gia này hay không?,,. Cuộc chiến không mở rộng ra ngòai vùng biên giới Iraq/Kuwait/Ả Rập Xê,False,False,0,0.0,1.0,2.969113349914551,7.1527099609375,-2.969113349914551,UNANSWERABLE_FALSE_POSITIVE
0004-0001-0004,Hành động bắn tên lửa vào Israel của Iraq có gây ra chiến tranh với quốc gia này hay không?,Cuộc chiến không mở rộng ra ngòai vùng biên giới Iraq/Kuwait/Ả Rập Xê Út,". Cuộc chiến không mở rộng ra ngòai vùng biên giới Iraq/Kuwait/Ả Rập Xê Út, dù Iraq đã bắn tên lửa vào các thành phố của",True,False,0,0.7441860465116279,1.0,2.779684543609619,7.336162090301514,-2.779684543609619,SPAN_TOO_LONG
0004-0001-0005,Cuộc chiến tranh Vùng Vịnh chủ yếu diễn ra ở những nơi nào?,"Iraq, Kuwait và những vùng giáp biên giới Ả Rập Xê Út",,True,True,0,0.0,1.0,4.024967670440674,6.116689205169678,-4.024967670440674,ANSWERABLE_PREDICTED_EMPTY
0004-0001-0006,Nguyên nhân nào dẫn đến Liên hiệp quốc trừng phạt kinh tế Iraq?,việc Iraq xâm chiếm Kuwait ngày 2 tháng 8 năm 1990,,True,True,0,0.0,1.0,5.811717987060547,4.324197769165039,-5.811717987060547,ANSWERABLE_PREDICTED_EMPTY
0004-0001-0007,Iraq viện cớ gì để tấn công Kuwait?,"Iraq cho rằng (nhưng không chứng minh được) Kuwait đã ""khoan nghiêng"" giếng dầu của họ vào biên giới Iraq","đã ""khoan nghiêng"" giếng dầu của họ vào biên giới",True,False,0,0.6666666666666666,1.0,1.1180400848388672,8.98338508605957,-1.1180400848388672,SPAN_TOO_SHORT
0004-0001-0008,Nguyên nhân trực tiếp khiến cho chiến tranh Vùng Vịnh xảy ra là gì?,Iraq xâm chiếm Kuwait ngày 2 tháng 8 năm 1990,việc Iraq xâm chiếm,True,False,0,0.4285714285714285,1.0,1.2111120223999023,8.90899658203125,-1.2111120223999023,SPAN_TOO_SHORT
0004-0002-0001,Người Mỹ thường dùng cái tên nào để nói về cuộc chiến Vùng Vịnh?,"Chiến dịch ""Lá chắn sa mạc"" (Desert Shield)","và ""Chiến tranh vịnh Ba",True,False,0,0.15384615384615385,1.0,1.4699630737304688,8.658489227294922,-1.4699630737304688,SPAN_TOO_SHORT
0004-0002-0002,Chiến dịch Iraq tự do diễn ra khi nào?,ngày 22 tháng 3 năm 2003,""" ngày 22 tháng 3 năm",True,False,0,0.9090909090909091,1.0,-2.7590208053588867,11.723755836486816,2.7590208053588867,SPAN_TOO_SHORT
0004-0002-0003,"Ngòai ""chiến tranh Vùng Vịnh"", thuật ngữ nào cũng được sử dụng để nói về cuộc chiến này?",Chiến tranh vịnh Ba Tư,"và ""Chiến tranh vịnh Ba",True,False,0,0.8000000000000002,1.0,0.43973350524902344,9.69143009185791,-0.43973350524902344,PARTIAL_SPAN
0004-0002-0004,"Chiến dịch mang tên ""Bão táp sa mạc"" được dịch sang tiếng Anh là gì?",Desert Storm,,True,True,0,0.0,1.0,6.8727707862854,3.227963924407959,-6.8727707862854,ANSWERABLE_PREDICTED_EMPTY
0004-0002-0005,"Đối với người Iraq, cuộc chiến Um M'aārak có nghĩa là gì?",Cuộc chiến của mọi cuộc chiến,"- ""Cuộc chiến của mọi",True,False,0,0.8,1.0,-0.5576410293579102,10.515800476074219,0.5576410293579102,SPAN_TOO_SHORT
0004-0002-0006,Người Mỹ thường dùng cái tên nào để nói về cuộc chiến Iraq?,,"""Chiến tranh Vùng Vịnh"" và ""Chiến tranh vịnh Ba Tư",False,False,0,0.0,1.0,3.432180881500244,6.669835567474365,-3.432180881500244,UNANSWERABLE_FALSE_POSITIVE
0004-0002-0007,Tên gọi khác của Chiến tranh giải phóng Kuwait tại các nước Ả Rập?,Harb Tahrir al-Kuwait,là Harb Tahrir al-,True,False,0,0.75,1.0,-1.8680534362792969,11.484893798828125,1.8680534362792969,PARTIAL_SPAN
0004-0002-0008,"Chiến dịch mang tên ""Bão táp sa mạc"" được dịch sang tiếng Ba Tư là gì?",,,False,True,1,1.0,1.0,6.725878715515137,3.4153432846069336,-6.725878715515137,CORRECT_NO_ANSWER
0004-0003-0001,Hiệp ước Anh-Ottoman nhận định vị trí của Kuwait như thế nào?,"""caza tự trị"" bên trong Iraq của Đế chế Ottoman",", Kuwait bị coi là một ""caza tự trị"" bên trong Iraq của Đế chế",True,False,0,0.75,1.0,2.297934055328369,7.789421558380127,-2.297934055328369,SPAN_TOO_LONG
0004-0003-0002,Các Tiểu Vương quốc Ả Rập nằm dưới sự xâm lược của Anh là những nước nào?,Anh,coi Kuwait và,True,False,0,0.0,1.0,-0.21768474578857422,10.261406898498535,0.21768474578857422,WRONG_SPAN
0004-0003-0003,Nước nào đã giúp Iraq ngăn chặn ý định thâu tóm nước này của Kuwait?,,của,False,False,0,0.0,1.0,0.08933639526367188,9.908496856689453,-0.08933639526367188,UNANSWERABLE_FALSE_POSITIVE
0004-0003-0004,Hiệp định Anh-Ottoman được chỉnh sửa vào năm bao nhiêu?,,Ottoman năm,False,False,0,0.0,1.0,-1.4115076065063477,10.9312162399292,1.4115076065063477,UNANSWERABLE_FALSE_POSITIVE
0004-0003-0005,Quyền độc lập của Kuwait không được sự chấp thuận của thế lực nào?,những quan chức Iraq,của,True,False,0,0.0,1.0,0.1209554672241211,9.872174263000488,-0.1209554672241211,WRONG_SPAN
0004-0003-0006,Hiệp định Anh-Ottoman được ký kết vào năm bao nhiêu?,năm 1913,Ottoman năm,True,False,0,0.5,1.0,-1.4569225311279297,10.998970031738281,1.4569225311279297,PARTIAL_SPAN
0004-0003-0007,Nước nào đã giúp Kuwait ngăn chặn ý định thâu tóm nước này của Iraq?,Anh,của,True,False,0,0.0,1.0,0.06320667266845703,9.91946792602539,-0.06320667266845703,WRONG_SPAN
0004-0003-0008,Sau sự kiện nào thì Kuwait được xem là một quốc gia dưới sự thống trị của Anh?,chiến tranh thế giới thứ nhất,", theo Hiệp định Anh-Ottoman năm",True,False,0,0.0,1.0,2.590959072113037,7.486923694610596,-2.590959072113037,WRONG_SPAN
0004-0004-0001,Tổng thống Iraq Saddam Hussein dùng lý do gì để giải thích cho ý định sáp nhập Kuwait?,"xác nhận việc Kuwait từng là một phần của lãnh thổ Iraq và đã bị chủ nghĩa thực dân tách ra một cách không công bằng, và Iraq sáp nhập Kuwait để bù ""phí tổn kinh tế"" khi họ phải bảo vệ Kuwait trước Iran cũng như việc Kuwait đã khoan nghiêng vào các giếng dầu của họ",để xác nhận việc Kuwait từng là một phần của lãnh thổ Iraq và đã bị chủ nghĩa thực dân tách ra một cách không,True,False,0,0.6024096385542169,1.0,2.890838146209717,7.209106922149658,-2.890838146209717,SPAN_TOO_SHORT
0004-0004-0002,"Trước khi thành lập quốc gia riêng, Kuwait là một bộ phận của nước nào?",Iraq,của,True,False,0,0.0,1.0,0.6714973449707031,9.40353012084961,-0.6714973449707031,WRONG_SPAN
0004-0004-0003,Iraq đã viện lý do gì để thương lượng với Kuwait và Ả Rập Xê Út về việc xóa nợ chiến tranh?,Iraq là nước đệm chống lại Iran bảo vệ cho tòan bộ các nước Ả Rập,rằng vì Iraq là nước đệm chống lại Iran bảo vệ cho tòan bộ các nước,True,False,0,0.875,1.0,2.9095940589904785,7.207055568695068,-2.9095940589904785,PARTIAL_SPAN
0004-0004-0004,Lý do thứ hai mà tổng thống Iraq Saddam Hussein đưa ra để biện hộ cho chiến tranh là già?,"Iraq sáp nhập Kuwait để bù ""phí tổn kinh tế"" khi họ phải bảo vệ Kuwait trước Iran cũng như việc Kuwait đã khoan nghiêng vào các giếng dầu của họ",để xác nhận việc Kuwait từng là một phần của lãnh thổ Iraq và đã bị chủ nghĩa thực dân tách ra một cách không,True,False,0,0.21428571428571427,1.0,2.6335697174072266,7.445047378540039,-2.6335697174072266,SPAN_TOO_SHORT
0004-0004-0005,Iraq dự định sẽ thi hành chính sách gì để có thể trả khỏan nợ 14 tỷ dollar cho Kuwait?,làm tăng giá dầu mỏ thông qua việc cắt giảm sản lượng khai thác của OPEC,khi làm tăng giá dầu mỏ thông qua việc cắt giảm sản lượng khai thác của,True,False,0,0.9375,1.0,-0.9955673217773438,10.936563491821289,0.9955673217773438,PARTIAL_SPAN
0004-0004-0006,Tổng thống Kuwait Saddam Hussein dùng lý do gì để giải thích cho ý định sáp nhập Iraq?,,để xác nhận việc Kuwait từng là một phần của lãnh thổ Iraq và đã bị chủ nghĩa thực dân tách ra một cách không,False,False,0,0.0,1.0,2.8686842918395996,7.233715534210205,-2.8686842918395996,UNANSWERABLE_FALSE_POSITIVE
0004-0004-0007,"Trước khi thành lập quốc gia riêng, Iraq là một bộ phận của nước nào?",,nên Kuwait và Ả Rập Xê,False,False,0,0.0,1.0,0.5662813186645508,9.485963821411133,-0.5662813186645508,UNANSWERABLE_FALSE_POSITIVE
0004-0004-0008,Lý do lớn nhất cho việc Kuwait đứng về phía Iraq trong Chiến tranh Iran-Iraq là gì?,để được Iraq bảo vệ khỏi những người Shi'ite ở Iran,là để xác nhận việc Kuwait từng là một phần của lãnh thổ Iraq và đã bị chủ nghĩa thực dân tách ra một cách không,True,False,0,0.10526315789473684,1.0,2.880502700805664,7.220573425292969,-2.880502700805664,SPAN_TOO_LONG
0004-0004-0009,Kuwait dự định sẽ thi hành chính sách gì để có thể trả khỏan nợ 14 tỷ dollar cho Iraq?,,khi làm tăng giá dầu mỏ thông qua việc cắt giảm sản lượng khai thác của,False,False,0,0.0,1.0,-0.9333972930908203,10.912954330444336,0.9333972930908203,UNANSWERABLE_FALSE_POSITIVE
0004-0005-0001,"Ngòai Israel, quốc gia nào cũng là mục tiêu đấu tranh của chính khách Saddam?",Hoa Kỳ,lại Israel và,True,False,0,0.0,1.0,0.5032386779785156,9.623790740966797,-0.5032386779785156,WRONG_SPAN
0004-0005-0002,"Ngòai chính khách Saddam, quốc gia nào cũng là mục tiêu đấu tranh của Israel?",,và,False,False,0,0.0,1.0,0.16603565216064453,9.939940452575684,-0.16603565216064453,UNANSWERABLE_FALSE_POSITIVE
0004-0005-0003,Iraq ngòai việc chống Anh và Mỹ thì Iraq còn muốn đấu tranh với quốc gia nào?,Israel,xâm chiếm Kuwait được biện hộ bởi những lời kêu gọi của chủ nghĩa quốc gia,True,False,0,0.0,1.0,0.8807277679443359,9.246549606323242,-0.8807277679443359,WRONG_SPAN
0004-0005-0004,Thế lực nào đã phân tách Iraq ra khỏi Kuwait?,,bị chủ nghĩa thực dân,False,False,0,0.0,1.0,-1.9533138275146484,11.817468643188477,1.9533138275146484,UNANSWERABLE_FALSE_POSITIVE
0004-0005-0005,Phong trào Intifada đầu não ở quốc gia nào?,,của người,False,False,0,0.0,1.0,0.04827404022216797,10.029448509216309,-0.04827404022216797,UNANSWERABLE_FALSE_POSITIVE
0004-0005-0006,"Kuwait, Ả Rập Xê Út và Ai Cập là những quốc gia nằm trong khu vực nào?",phụ thuộc vào các nước đồng minh phương Tây,ở vùng,True,False,0,0.0,1.0,2.356600284576416,7.779362201690674,-2.356600284576416,WRONG_SPAN
0004-0005-0007,Phong trào Intifada đầu tiên ở quốc gia nào?,Palestine,của người,True,False,0,0.0,1.0,-0.4927234649658203,10.561107635498047,0.4927234649658203,WRONG_SPAN
0004-0005-0008,Thế lực nào đã phân tách Kuwait ra khỏi Iraq?,chủ nghĩa thực dân Anh,bị chủ nghĩa thực dân,True,False,0,0.8000000000000002,1.0,-1.9152288436889648,11.806916236877441,1.9152288436889648,PARTIAL_SPAN
0004-0005-0009,Quá trình sáp nhập Kuwait vào Iraq được Hussein nhìn nhập như thế nào?,một cách để khôi phục Đế chế Babylon theo cách khoa trương của những người Ả Rập theo chủ nghĩa quốc gia,là một bước trên con đường tiến tới một Liên hiệp Ả Rập rộng lớn,True,False,0,0.16216216216216214,1.0,2.2678632736206055,7.853045463562012,-2.2678632736206055,SPAN_TOO_SHORT
0004-0006-0001,Iraq có tên trong danh sách các nước khủng bố của Mỹ vào thời gian nào?,ngày 29 tháng 12 năm 1979,khủng bố ngày 29 tháng 12 năm,True,False,0,0.7692307692307692,1.0,-1.5711641311645508,11.526961326599121,1.5711641311645508,SPAN_TOO_LONG
0004-0006-0002,Ai buộc tội Iraq hỗ trợ cho nhiều cho nhiềm nhóm chiến binh và đưa Iraq vào danh sách các quốc gia khủng bố?,Hoa Kỳ,",",True,False,0,0.0,1.0,0.22797203063964844,9.807640075683594,-0.22797203063964844,WRONG_SPAN
0004-0006-0003,"Trong Chiến tranh Mỹ, Iran và Iraq mong phe nào sẽ chiến thắng?",,với,False,False,0,0.0,1.0,1.0475749969482422,9.091275215148926,-1.0475749969482422,UNANSWERABLE_FALSE_POSITIVE
0004-0006-0004,Mỹ có tên trong danh sách các nước khủng bố của Iraq vào thời gian nào?,,khủng bố ngày 29 tháng 12 năm,False,False,0,0.0,1.0,-1.558603286743164,11.524717330932617,1.558603286743164,UNANSWERABLE_FALSE_POSITIVE
0004-0006-0005,Vì lý do nào mà Iraq bị Mỹ nghi ngờ ủng hộ chủ nghĩa khủng bố?,Iraq hỗ trợ cho nhiều nhóm chiến binh Ả Rập và Palestine,,True,True,0,0.0,1.0,4.700085639953613,5.4620513916015625,-4.700085639953613,ANSWERABLE_PREDICTED_EMPTY
0004-0006-0006,Cuộc bê bối con tin Iran diễn ra trong bao lâu?,444 ngày,dài 444,True,False,0,0.5,1.0,0.098052978515625,10.043586730957031,-0.098052978515625,PARTIAL_SPAN
0004-0006-0007,Vì sao Iraq được Hoa Kỳ xóa tên khỏi danh sách các nước ủng hộ khủng bố?,Trong một nỗ lực nhằm mở ra khả năng về những quan hệ có thể có với Iraq,,True,True,0,0.0,1.0,4.47485876083374,5.635722637176514,-4.47485876083374,ANSWERABLE_PREDICTED_EMPTY
0004-0006-0008,"Trong Chiến tranh Iran-Iraq, Mỹ mong phe nào sẽ chiến thắng?",Iraq,với,True,False,0,0.0,1.0,0.36197566986083984,9.77207088470459,-0.36197566986083984,WRONG_SPAN
0004-0007-0001,"Sau khi có Iran có được chiến thắng mới, họ đã bắt đầu việc kinh doanh vũ khí với quốc gia nào?",Trung Quốc,"là Liên Xô, Pháp, Ai Cập, và bắt đầu từ năm đó là",True,False,0,0.0,1.0,-0.5594196319580078,10.555923461914062,0.5594196319580078,WRONG_SPAN
0004-0007-0002,Ai là người được chính quyền Reagan điều sang Iraq nhằm xây dựng quan hệ?,Donald Rumsfeld,cử,True,False,0,0.0,1.0,1.4666614532470703,7.808692932128906,-1.4666614532470703,WRONG_SPAN
0004-0007-0003,Tổ chức Abu Nidal bị đuổi sang Iraq vào thời gian nào?,,vào tháng 11 năm,False,False,0,0.0,1.0,-1.5155677795410156,11.483457565307617,1.5155677795410156,UNANSWERABLE_FALSE_POSITIVE
0004-0007-0004,Tổ chức Abu Nidal bị đuổi sang Syria vào thời gian nào?,tháng 11 năm 1983,vào tháng 11 năm,True,False,0,0.75,1.0,-2.2110605239868164,11.680447578430176,2.2110605239868164,PARTIAL_SPAN
0004-0007-0005,Lượng dầu khí của Iran chủ yếu được nhập từ đâu?,,"từ các nước khác (nhiều nhất là Liên Xô, Pháp, Ai Cập, và bắt đầu từ năm đó là",False,False,0,0.0,1.0,2.076374053955078,8.04371452331543,-2.076374053955078,UNANSWERABLE_FALSE_POSITIVE
0004-0007-0006,"Ngòai Pháp, Ai Cập và Liên Xô, Iraq đã mua bán vũ khí với nước nào?",Trung Quốc,là,True,False,0,0.0,1.0,0.011841773986816406,9.937779426574707,-0.011841773986816406,WRONG_SPAN
0004-0007-0007,Lượng vũ khí của Iran chủ yếu được nhập từ đâu?,"Liên Xô, Pháp, Ai Cập","từ các nước khác (nhiều nhất là Liên Xô, Pháp, Ai Cập, và bắt đầu từ năm đó là",True,False,0,0.4166666666666667,1.0,0.703129768371582,9.374120712280273,-0.703129768371582,SPAN_TOO_LONG
0004-0007-0008,"Sau khi có Iran có được chiến thắng mới, họ đã bắt đầu việc kinh doanh dầu khí với quốc gia nào?",,"là Liên Xô, Pháp, Ai Cập, và bắt đầu từ năm đó là",False,False,0,0.0,1.0,-0.04586029052734375,10.077710151672363,0.04586029052734375,UNANSWERABLE_FALSE_POSITIVE
0004-0008-0001,Nguyên nhân nào giúp cho Mỹ được nhận viện trợ từ Iraq?,,Vì sợ rằng nước Iran cách mạng sẽ đánh bại Iraq và xuất khẩu Cách mạng Hồi giáo của mình sang các nước Trung Đông,False,False,0,0.0,1.0,3.3140439987182617,6.7973737716674805,-3.3140439987182617,UNANSWERABLE_FALSE_POSITIVE
0004-0008-0002,Nguyên nhân nào dẫn đến Mỹ phải phê chuẩn bán vũ khí cho Iraq?,Vì sợ rằng nước Iran cách mạng sẽ đánh bại Iraq và xuất khẩu Cách mạng Hồi giáo của mình sang các nước Trung Đông khác,,True,True,0,0.0,1.0,4.91191291809082,5.217020034790039,-4.91191291809082,ANSWERABLE_PREDICTED_EMPTY
0004-0008-0003,SIPRI là tên viết tắt của tổ chức nào?,Viện hòa bình quốc tế Stockholm,theo Viện hòa bình quốc tế,True,False,0,0.8333333333333334,1.0,-0.5698528289794922,10.549251556396484,0.5698528289794922,PARTIAL_SPAN
0004-0008-0004,Nguyên nhân nào giúp cho Iraq được nhận viện trợ từ Mỹ?,Vì sợ rằng nước Iran cách mạng sẽ đánh bại Iraq và xuất khẩu Cách mạng Hồi giáo của mình sang các nước Trung Đông khác,Vì sợ rằng nước Iran cách mạng sẽ đánh bại Iraq và xuất khẩu Cách mạng Hồi giáo của mình sang các nước Trung Đông,True,False,0,0.9803921568627451,1.0,3.22329044342041,6.889198303222656,-3.22329044342041,SPAN_TOO_SHORT
0004-0008-0005,Số tiền buôn bán vũ khí cho Iraq được Hoa Kỳ chấp thuận trong giai đọan 1983-1990 là bao nhiêu?,khỏang 200 triệu đô la Mỹ,bán khỏang 200 triệu đô la,True,False,0,0.8333333333333334,1.0,0.10356807708740234,9.758237838745117,-0.10356807708740234,PARTIAL_SPAN
0004-0008-0006,Lọai phi cơ mà Iraq mua từ Mỹ là gì?,máy bay trực thăng,bán máy bay,True,False,0,0.5714285714285715,1.0,-0.9836235046386719,10.90744686126709,0.9836235046386719,SPAN_TOO_SHORT
0004-0009-0001,Don Riegle nắm giữ chức vụ gì trong chính quyền Iraq?,,. Chủ tịch Ủy ban thượng,False,False,0,0.0,1.0,-1.9383907318115234,11.66769027709961,1.9383907318115234,UNANSWERABLE_FALSE_POSITIVE
0004-0009-0002,Don Riegle nắm giữ chức vụ trong chính quyền Hoa Kỳ?,Chủ tịch Ủy ban thượng nghị viện,. Chủ tịch Ủy ban thượng,True,False,0,0.8333333333333333,1.0,0.6610851287841797,9.41569709777832,-0.6610851287841797,SPAN_TOO_SHORT
0004-0009-0003,Iraq sử dụng vũ khí sinh học hay sinh học trong chiến tranh?,vũ khí hóa học,và không một tác nhân sinh học nào trong bản báo cáo trên có liên quan tới các vũ khí hóa,True,False,0,0.32,1.0,1.5680885314941406,8.541755676269531,-1.5680885314941406,SPAN_TOO_LONG
0004-0009-0004,Vi khuẩn anthrax là nguyên nhân gây ra căn bệnh gì?,bệnh than,cả khuẩn bệnh,True,False,0,0.4,1.0,0.10920333862304688,10.014104843139648,-0.10920333862304688,SPAN_TOO_LONG
0004-0009-0005,"Theo Ủy ban tài chính Thượng nghị viện, tổ chức nào đã đồng ý cho Iraq mua các chất sinh học từ Mỹ?",Bộ Thương mại Hoa Kỳ,rằng Bộ Thương mại,True,False,0,0.6666666666666665,1.0,2.4855308532714844,7.650936126708984,-2.4855308532714844,SPAN_TOO_SHORT
0004-0009-0006,"Theo Ủy ban tài chính Thượng nghị viện, tổ chức nào đã đồng ý cho Mỹ mua các chất sinh học từ Iraq?",,rằng Bộ Thương mại,False,False,0,0.0,1.0,2.5057811737060547,7.632150650024414,-2.5057811737060547,UNANSWERABLE_FALSE_POSITIVE
0004-0009-0007,"Ngòai anthrax, những lọai vi khuẩn chiếm thành phần lớn trong kế họach vũ khí sinh học của Iraq là gì?","Clostridium botulinum, Histoplasma capsulatum, Brucella melitensis và Clostridium perfringens",cả khuẩn bệnh,True,False,0,0.0,1.0,0.8461122512817383,9.22708511352539,-0.8461122512817383,WRONG_SPAN
0004-0009-0008,Iraq bị Mỹ cáo buộc sử dụng vũ khí sinh học từ khi nào?,năm 1983,từ năm,True,False,0,0.5,1.0,2.0631275177001953,8.062105178833008,-2.0631275177001953,PARTIAL_SPAN
0004-0010-0001,Iraq chủ yếu nhận hỗ trợ của Mỹ trong lĩnh vực nào?,kinh tế,viện trợ,True,False,0,0.0,1.0,0.3951101303100586,9.706445693969727,-0.3951101303100586,WRONG_SPAN
0004-0010-0002,Commodity Credit Corporation đã viện trợ cho Iraq bao nhiêu tiền trong giai đọan 1983-1990?,5 tỷ dollar,được 5 tỷ dollar,True,False,0,0.8571428571428571,1.0,-0.7850561141967773,10.882325172424316,0.7850561141967773,SPAN_TOO_LONG
0004-0010-0003,Nguyên nhân khiến cho tình trạng nợ nần của Iraq ngày càng nghiêm trọng là gì?,Cuộc chiến của Iraq với Iran và sự suy sụp trong sản xuất và buôn bán dầu mỏ của họ,. Cuộc chiến của Iraq với Iran và sự suy sụp trong sản xuất và buôn bán dầu mỏ của,True,False,0,0.9743589743589743,1.0,-1.607259750366211,11.473060607910156,1.607259750366211,SPAN_TOO_SHORT
0004-0010-0004,Số tiền Iraq nhận được từ Ngân hàng xuất nhập khẩu Hoa Kỳ năm 1985 được sử dụng trong việc gì?,xây dựng đường ống dẫn dầu qua Jordan,để xây dựng đường ống dẫn dầu qua,True,False,0,0.875,1.0,-0.7797737121582031,10.88408374786377,0.7797737121582031,PARTIAL_SPAN
0004-0010-0005,Mỹ chủ yếu nhận hỗ trợ của Iraq trong lĩnh vực nào?,,viện trợ,False,False,0,0.0,1.0,0.2917022705078125,9.784591674804688,-0.2917022705078125,UNANSWERABLE_FALSE_POSITIVE
0004-0010-0006,Số tiền được Mỹ tài trợ ít nhất vào năm nào?,năm 1983,. Năm,True,False,0,0.6666666666666666,1.0,1.0310697555541992,9.093727111816406,-1.0310697555541992,SPAN_TOO_SHORT
0004-0010-0007,Số tiền hằng năm Iraq phải trả nợ cho Hoa Kỳ là bao nhiêu?,"400 triệu đô la một năm năm 1983 và tăng tới hơn 1 tỷ một năm năm 1988 và 1989, cuối cùng kết thúc với khỏan tiền 500 triệu năm 1990",,True,True,0,0.0,1.0,8.301520347595215,1.8537359237670898,-8.301520347595215,ANSWERABLE_PREDICTED_EMPTY
0004-0010-0008,Iraq đã viện trợ cho Commodity Credit Corporation bao nhiêu tiền trong giai đọan 1983-1990?,,được 5 tỷ dollar,False,False,0,0.0,1.0,-0.4076833724975586,10.510024070739746,0.4076833724975586,UNANSWERABLE_FALSE_POSITIVE
0004-0011-0001,Vị chính khách đã thông hành quyết sách số 26 về an ninh quốc gia là ai?,Tổng thống George H. W. Bush,", Tổng thống George H. W.",True,False,0,0.9090909090909091,1.0,-1.8469171524047852,11.612333297729492,1.8469171524047852,SPAN_TOO_SHORT
0004-0011-0002,Sự kiện nào đã gây ảnh hưởng đến nền kinh tế của Iraq và Hoa Kỳ?,,khi Iraq tấn công xâm chiến,False,False,0,0.0,1.0,-0.7080755233764648,10.730365753173828,0.7080755233764648,UNANSWERABLE_FALSE_POSITIVE
0004-0011-0003,Trong điều lệnh mật số 26 nhận định rằng điều quan trong nhất trong anh ninh Hoa Kỳ là gì?,Việc tiếp cận tới nguồn dầu mỏ ở Vịnh Péc xích và an ninh của các quốc gia đồng minh chủ chốt trong vùng,", ""Việc tiếp cận tới nguồn dầu mỏ ở Vịnh Péc xích và an ninh của các quốc gia đồng minh chủ chốt trong",True,False,0,0.9787234042553191,1.0,2.4134926795959473,7.718204021453857,-2.4134926795959473,SPAN_TOO_SHORT
0004-0011-0004,Tổng thống George H. W. Bush đã ban hành điều lệnh mật số 26 vào thời gian nào?,Ngày 2 tháng 10 năm 1989,. Ngày 2 tháng 10 năm,True,False,0,0.9090909090909091,1.0,-1.9999332427978516,11.6763334274292,1.9999332427978516,SPAN_TOO_SHORT
0004-0011-0005,"Qua bản sắc lệnh số 26, Iraq có nhìn nhận gì về việc bình thường hóa quan hệ với Mỹ?",phục vụ cho những lợi ích lâu dài và thúc đẩy sự ổn định ở cả Vịnh Péc xích và Trung Đông,,True,True,0,0.0,1.0,6.153199911117554,3.9949209690093994,-6.153199911117554,ANSWERABLE_PREDICTED_EMPTY
0004-0011-0006,Sự kiện nào đã gây ảnh hưởng đến mối quan hệ của Iraq và Hoa Kỳ?,Iraq tấn công xâm chiến Kuwait,khi Iraq tấn công xâm chiến,True,False,0,0.8333333333333334,1.0,-0.8709506988525391,10.847799301147461,0.8709506988525391,PARTIAL_SPAN
0004-0011-0007,"Qua bản sắc lệnh số 26, Mỹ có nhìn nhận gì về việc bình thường hóa quan hệ với Iraq?",,,False,True,1,1.0,1.0,6.99692440032959,3.1510133743286133,-6.99692440032959,CORRECT_NO_ANSWER
0004-0012-0001,Vị chính sách nào đang trong nhiệm kỳ Tổng thống của Iraq trong năm 1990?,Saddam Hussein,triệu tập Đại sứ,True,False,0,0.0,1.0,3.166250228881836,6.850826263427734,-3.166250228881836,WRONG_SPAN
0004-0012-0002,Ai là người được mời trong buổi gặp mặt ngòai dự kiến của Tổng thống Iraq Saddam Hussein hồi tháng 7 năm 1990?,Đại sứ Hoa Kỳ April Glaspie,triệu tập Đại sứ,True,False,0,0.4,1.0,1.0809831619262695,8.664225578308105,-1.0809831619262695,SPAN_TOO_SHORT
0004-0012-0003,Có mấy bản thảo được viết về buổi tập kích bất ngờ của Đại sứ Hoa Kỳ và Tổng thống Iraq vào tháng 7 năm 1990?,,.,False,False,1,1.0,1.0,0.9223594665527344,9.185115814208984,-0.9223594665527344,UNANSWERABLE_FALSE_POSITIVE
0004-0012-0004,"Trong những tài liệu về cuộc gặp mặt, những nội dung nào là của Tổng thống Hoa Kỳ?",,,False,True,1,1.0,1.0,7.906913995742798,2.2432897090911865,-7.906913995742798,CORRECT_NO_ANSWER
0004-0012-0005,"Trong những tài liệu về cuộc gặp mặt, những nội dung nào là của Tổng thống Saddam?","những bất bình của mình đối với Kuwait, trong khi hứa hẹn rằng ông sẽ không xâm chiếm Kuwait trước khi tiếp diễn những cuộc đàm phán thẳng thắn khác",,True,True,0,0.0,1.0,7.2181477546691895,2.9283127784729004,-7.2181477546691895,ANSWERABLE_PREDICTED_EMPTY
0004-0012-0006,Cuộc hẹn bất ngờ giữa Saddam Hussein và April Glaspie vào tháng 7 năm 1990 được tổ chức tại đâu?,vùng biên giới với Kuwait,,True,True,0,0.0,1.0,5.637826442718506,4.502320766448975,-5.637826442718506,ANSWERABLE_PREDICTED_EMPTY
0004-0012-0007,Vị chính sách nào đang trong nhiệm kỳ Tổng thống của Hoa kỳ trong năm 1990?,,,False,True,1,1.0,1.0,4.77620792388916,5.33115291595459,-4.77620792388916,CORRECT_NO_ANSWER
0004-0012-0008,Cuộc chiến bất ngờ giữa Saddam Hussein và April Glaspie vào tháng 7 năm 1990 được tổ chức tại đâu?,,,False,True,1,1.0,1.0,3.6892147064208984,6.450788497924805,-3.6892147064208984,CORRECT_NO_ANSWER
0004-0012-0009,Ai là người mời được Tổng thống Iraq Saddam Hussein trong buổi gặp mặt ngòai dự kiến hồi tháng 7 năm 1990?,,triệu tập Đại sứ,False,False,0,0.0,1.0,2.59959077835083,7.2807230949401855,-2.59959077835083,UNANSWERABLE_FALSE_POSITIVE
0004-0012-0010,Có mấy bản thảo được viết về buổi gặp mặt bất ngờ của Đại sứ Hoa Kỳ và Tổng thống Iraq vào tháng 7 năm 1990?,Hai,.,True,False,0,0.0,1.0,0.49337005615234375,9.570741653442383,-0.49337005615234375,WRONG_SPAN
0004-0013-0001,Vì sao các bản thảo của Glaspie chỉ có ý nghĩa như là một ví dụ?,Nhiều người tin rằng những trù tính của Saddam đã bị ảnh hưởng bởi việc nhận thức được rằng Hoa Kỳ không quan tâm tới vấn đề,,True,True,0,0.0,1.0,5.4452667236328125,4.712136268615723,-5.4452667236328125,ANSWERABLE_PREDICTED_EMPTY
0004-0013-0002,"Từ nguồn thông tin của Mỹ, các vấn đề của Glaspie có tạo điều kiện cho Tổng thống Saddam bất chấp thái độ của Liên Đòan Ả Rập không?",không,và,True,False,0,0.0,1.0,0.30405235290527344,9.795539855957031,-0.30405235290527344,WRONG_SPAN
0004-0013-0003,"Mỹ cho thấy mọi vấn đề được Glaspie thực hiện ""theo chỉ đạo"" nghĩa là như thế nào?",phù hợp với tính trung lập chính thức của Hoa Kỳ về vấn đề Iraq-Kuwait,(phù hợp với tính trung lập chính thức của Hoa Kỳ về vấn đề Iraq-,True,False,0,0.967741935483871,1.0,0.5076198577880859,9.509296417236328,-0.5076198577880859,SPAN_TOO_SHORT
0004-0013-0004,"Từ nguồn thông tin của Tổng thống Saddam, các vấn đề của Glaspie có tạo điều kiện cho Mỹ bất chấp thái độ của Liên Đòan Ả Rập không?",,và,False,False,0,0.0,1.0,0.389129638671875,9.717761993408203,-0.389129638671875,UNANSWERABLE_FALSE_POSITIVE
0004-0013-0005,"Glaspie cho thấy mọi vấn đề được Mỹ thực hiện ""theo chỉ đạo"" nghĩa là như thế nào?",,(phù hợp với tính trung lập chính thức của Hoa Kỳ về vấn đề Iraq-,False,False,0,0.0,1.0,0.5155925750732422,9.500001907348633,-0.5155925750732422,UNANSWERABLE_FALSE_POSITIVE
0004-0014-0001,Người đứng đầu tổ chức an ninh Kuwait là ai?,Thiếu tướng Fahd Ahmed Al-Fahd,,True,True,0,0.0,1.0,5.295804500579834,4.7254319190979,-5.295804500579834,ANSWERABLE_PREDICTED_EMPTY
0004-0014-0002,CIA và Kuwait nhận định tính xác thực của thông tin trong văn bản như thế nào?,chỉ là một sự giả mạo,,True,True,0,0.0,1.0,3.9388537406921387,6.218003749847412,-3.9388537406921387,ANSWERABLE_PREDICTED_EMPTY
0004-0014-0003,"Theo như thông tin của The Washington Post, ai là người đã ngất khi thấy văn bản về cuộc gặp giữa William Webster và Fahd Ahmed Al-Fahd?",Bộ trưởng Ngọai giao Kuwait,rằng Bộ trưởng Ngọai giao,True,False,0,0.8000000000000002,1.0,-2.0428247451782227,11.6240234375,2.0428247451782227,PARTIAL_SPAN
0004-0014-0004,Những thông tin trong văn bản được Iraq nhận định là những chứng cứ cho sự việc nào?,một âm mưu của CIA và Kuwait nhằm làm mất ổn định kinh tế và chính trị Iraq,về một âm mưu của CIA và Kuwait nhằm làm mất ổn định kinh tế và chính trị,True,False,0,0.9444444444444444,1.0,1.2756805419921875,8.871559143066406,-1.2756805419921875,PARTIAL_SPAN
0004-0014-0005,Buổi gặp mặt giữa William Webster và Fahd Ahmed Al-Fahd diễn ra vào năm bao nhiêu?,năm 1989,11 năm,True,False,0,0.5,1.0,0.9662542343139648,9.174395561218262,-0.9662542343139648,PARTIAL_SPAN
0004-0014-0006,Những thông tin trong văn bản được Ả Rập nhận định là những chứng cứ cho sự việc nào?,,,False,True,1,1.0,1.0,3.596524238586426,6.562945365905762,-3.596524238586426,CORRECT_NO_ANSWER
0004-0014-0007,Buổi tập kích giữa William Webster và Fahd Ahmed Al-Fahd diễn ra vào năm bao nhiêu?,,11 năm,False,False,0,0.0,1.0,0.9303493499755859,9.208189010620117,-0.9303493499755859,UNANSWERABLE_FALSE_POSITIVE
0004-0015-0001,Cung điện Emir rơi vào tay Kuwait vào ngày tháng năm nào?,,sáng ngày 2 tháng 8 năm,False,False,0,0.0,1.0,0.14813613891601562,10.006481170654297,-0.14813613891601562,UNANSWERABLE_FALSE_POSITIVE
0004-0015-0002,Cung điện Emir rơi vào tay Iraq vào ngày tháng năm nào?,ngày 2 tháng 8 năm 1990,sáng ngày 2 tháng 8 năm,True,False,0,0.8333333333333334,1.0,-0.08320236206054688,10.234561920166016,0.08320236206054688,PARTIAL_SPAN
0004-0015-0003,Lực lượng của Iraq trong cuộc vượt biên giới Kuwait ngày 2 tháng 8 năm 1990 gồm những bộ phận nào?,bộ binh và xe bọc thép,với bộ binh và xe,True,False,0,0.7272727272727272,1.0,-1.1421470642089844,11.166120529174805,1.1421470642089844,SPAN_TOO_SHORT
0004-0015-0004,Ai là người đứng đầu của chính quyền bù nhìn do Iraq lập ra tại Kuwai?,Alaa Hussein Ali,do Alaa Hussein,True,False,0,0.6666666666666666,1.0,-2.7323827743530273,11.797597885131836,2.7323827743530273,PARTIAL_SPAN
0004-0015-0005,"Trong cuộc công kích của Iraq, lực lượng không quân của Kuwait đã kịp tẩu thóat đến nơi nào?",Ả Rập Xê Út,,True,True,0,0.0,1.0,4.572998523712158,5.52656888961792,-4.572998523712158,ANSWERABLE_PREDICTED_EMPTY
0004-0015-0006,Ai là người đứng đầu của chính quyền bù nhìn do Kuwait lập ra tại Iraq?,,do Alaa Hussein,False,False,0,0.0,1.0,-2.687124252319336,11.818437576293945,2.687124252319336,UNANSWERABLE_FALSE_POSITIVE
0004-0015-0007,Cuộc chiến lớn nhất trong suốt giai đọan tấn công Kuwait của Iraq xảy ra tại địa điểm nào?,Cung Emir,,True,True,0,0.0,1.0,3.897317409515381,5.978325366973877,-3.897317409515381,ANSWERABLE_PREDICTED_EMPTY
0004-0016-0001,"Ngòai lên án và yêu cầu Iraq rút quân, nội dung nào cũng được nêu ra trong nghị quyết của Liên đòan Ả Rập?","kêu gọi tìm ra một giải pháp cho cuộc xung đột từ bên trong Liên đòan Ả Rập, và cảnh báo chống lại sự can thiệp từ bên ngòai",,True,True,0,0.0,1.0,8.143035411834717,2.0066628456115723,-8.143035411834717,ANSWERABLE_PREDICTED_EMPTY
0004-0016-0002,Hội đồng Bảo an Liên Hiệp Quốc quyết định trừng trị Iraq bằng kinh tế qua nghị quyết số bao nhiêu?,661,thông qua Nghị quyết,True,False,0,0.0,1.0,-1.253249168395996,11.017145156860352,1.253249168395996,WRONG_SPAN
0004-0016-0003,Nghị quyết phản bác cuộc tấn công của Iraq và yêu cầu rút quân được Liên đòan Ả Rập ban hành vào thời gian nào?,Ngày 3 tháng 8,. Ngày 3 tháng,True,False,0,0.8571428571428571,1.0,-1.489786148071289,11.182197570800781,1.489786148071289,SPAN_TOO_SHORT
0004-0016-0004,Nghị quyết phản bác cuộc tấn công của Liên đòan Ả Rập và yêu cầu rút quân được Iraq ban hành vào thời gian nào?,,. Ngày 3 tháng,False,False,0,0.0,1.0,-1.9125423431396484,11.495983123779297,1.9125423431396484,UNANSWERABLE_FALSE_POSITIVE
0004-0016-0005,Quốc gia đã cùng với Kuwait đề nghị Liên Hợp Quốc bàn bạc về cuộc xâm chiếm của Iraq là gì?,Hoa Kỳ,và,True,False,0,0.0,1.0,0.18464374542236328,9.94329833984375,-0.18464374542236328,WRONG_SPAN
0004-0016-0006,Nội dung chính trong Nghị định số 66 của Hội đồng Bảo an Liên Hiệp Quốc là gì?,,,False,True,1,1.0,1.0,8.245354890823364,1.9161384105682373,-8.245354890823364,CORRECT_NO_ANSWER
0004-0016-0007,Quốc gia đã cùng với Iraq đề nghị Liên Hợp Quốc bàn bạc về cuộc xâm chiếm của Kuwait là gì?,,và,False,False,0,0.0,1.0,0.14215469360351562,9.974955558776855,-0.14215469360351562,UNANSWERABLE_FALSE_POSITIVE
0004-0016-0008,Nội dung chính trong Nghị định số 660 của Hội đồng Bảo an Liên Hiệp Quốc là gì?,lên án cuộc xâm lược và yêu cầu Iraq rút quân,,True,True,0,0.0,1.0,6.998127460479736,3.1613945960998535,-6.998127460479736,ANSWERABLE_PREDICTED_EMPTY
0004-0016-0009,"Ngòai lên án và yêu cầu Liên đòan Ả Rập rút quân, nội dung nào cũng được nêu ra trong nghị quyết của Iraq?",,,False,True,1,1.0,1.0,8.470292091369629,1.6822738647460938,-8.470292091369629,CORRECT_NO_ANSWER
0004-0017-0001,Quốc gia đứng đầu thế giới về sản lượng dầu hỏa là gì?,Riyadh,"xâm lược Ả Rập Xê Út, một nước có tầm quan trọng hơn rất nhiều so với",True,False,0,0.0,1.0,0.1271228790283203,9.948003768920898,-0.1271228790283203,WRONG_SPAN
0004-0017-0002,Thành phố nào là thủ đô của Ả Rập Xê Út?,Riyadh,vào,True,False,0,0.0,1.0,-0.02906513214111328,9.978078842163086,0.02906513214111328,WRONG_SPAN
0004-0017-0003,Lý do thực sự mà các nước phương Tây ngăn chặn cuộc xâm chiếm của Iraq là gì?,ngăn Iraq xâm lược Ả Rập Xê Út,. Thắng lợi nhanh chóng của quân đội Iraq trước,True,False,0,0.11764705882352941,1.0,3.4017281532287598,6.735657215118408,-3.4017281532287598,SPAN_TOO_LONG
0004-0017-0004,Quốc gia đứng đầu thế giới về sản lượng hỏa lực là gì?,,"xâm lược Ả Rập Xê Út, một nước có tầm quan trọng hơn rất nhiều so với",False,False,0,0.0,1.0,0.43003177642822266,9.639307022094727,-0.43003177642822266,UNANSWERABLE_FALSE_POSITIVE
0004-0017-0005,Thành phố nào là thủ đô của Iraq?,,vào,False,False,0,0.0,1.0,-0.26032161712646484,9.981614112854004,0.26032161712646484,UNANSWERABLE_FALSE_POSITIVE
0004-0017-0006,"Để tới được giếng dầu, quân đội Iraq sẽ phải vượt qua khu vực có điều kiện thiên nhiên như thế nào?",một sa mạc rộng lớn với điều kiện khí hậu khắc nghiệt,qua một sa mạc,True,False,0,0.375,1.0,-0.4267282485961914,10.503560066223145,0.4267282485961914,SPAN_TOO_SHORT
0004-0017-0007,Địa điểm nào được xem như nguồn tài nguyên qúy giá nhất Ả Rập Xê Út?,các giếng dầu ở Hama,ở,True,False,0,0.33333333333333337,1.0,0.32103824615478516,9.813249588012695,-0.32103824615478516,SPAN_TOO_SHORT
0004-0017-0008,Lý do thực sự mà Iraq ngăn chặn cuộc xâm chiếm của các nước phương Tây là gì?,,,False,True,1,1.0,1.0,4.467998504638672,5.675634384155273,-4.467998504638672,CORRECT_NO_ANSWER
0004-0018-0001,"Sau khi chiến thắng Kuwait, Xát-đam có nhận định gì về chính phủ Ả Rập Xê Út?",kẻ trông coi bất hợp pháp của những thành phố linh thiêng như Mecca và Medina,để công kích vương triều Ả Rập Xê,True,False,0,0.0,1.0,1.0797758102416992,9.072948455810547,-1.0797758102416992,WRONG_SPAN
0004-0018-0002,Vì sao chính phủ Iraq lo sợ về số tiền nợ trong thời Chiến tranh Iran-Iraq?,vì Iraq nợ Ả Rập Xê Út tới khỏang 26 tỷ đô la Mỹ,,True,True,0,0.0,1.0,4.250943660736084,5.912773609161377,-4.250943660736084,ANSWERABLE_PREDICTED_EMPTY
0004-0018-0003,Vì sao chính phủ Mỹ lo sợ về số tiền nợ trong thời Chiến tranh Iran-Iraq?,,,False,True,1,1.0,1.0,4.878267765045166,5.2898640632629395,-4.878267765045166,CORRECT_NO_ANSWER
0004-0018-0004,Mục đích của Xát-đam khi viết dòng chữ Allahu Akbar lên cờ Iraq và đi cầu nguyện ở Kuwait là gì?,lôi kéo sự ủng hộ từ Nhóm huynh đệ Hồi giáo và chia rẽ nhóm Hồi giáo Mu-gia-hít-đin với Ả Rập Xê Út,,True,True,0,0.0,1.0,6.26187539100647,3.891986608505249,-6.26187539100647,ANSWERABLE_PREDICTED_EMPTY
0004-0018-0005,Allahu Akbar có nghĩa là gì?,Thánh Ala vĩ đại,. Việc đưa thêm dòng chữ Allahu Akbar (Thánh Ala vĩ đại) vào lá cờ Iraq và những hình ảnh Xát-đam đang cầu nguyện ở,True,False,0,0.2758620689655173,1.0,2.913945198059082,7.236193656921387,-2.913945198059082,SPAN_TOO_LONG
0004-0018-0006,"Sau thắng lợi trước Kuwait, Xát-đam đã sử dụng hình thức nào để phán xét chính quyền Ả Rập Xê Út?",dùng những lời phát biểu,dùng những lời phát biểu để công kích vương triều Ả Rập Xê,True,False,0,0.5555555555555556,1.0,2.4906201362609863,7.65988302230835,-2.4906201362609863,SPAN_TOO_LONG
0004-0019-0001,"Bên cạnh USS Missouri, chiến hạm nào được Iraq thiết lập để tích cực tham chiến?",,những thiết giáp hạm USS Missouri và USS,False,False,0,0.0,1.0,0.3325996398925781,9.738409042358398,-0.3325996398925781,UNANSWERABLE_FALSE_POSITIVE
0004-0019-0002,"Bên cạnh USS Missouri, chiến hạm nào được Mỹ thiết lập để tích cực tham chiến?",USS Wisconsin,và USS,True,False,0,0.5,1.0,-0.3504447937011719,10.437700271606445,0.3504447937011719,PARTIAL_SPAN
0004-0019-0003,Những hạm đội tàu chiến nào được Ả Rập Xê Út triệu tập?,,thiết giáp hạm USS Missouri và USS,False,False,0,0.0,1.0,1.8182907104492188,8.303720474243164,-1.8182907104492188,UNANSWERABLE_FALSE_POSITIVE
0004-0019-0004,Không quân Mỹ lập tức huy động phi cơ đi tuần trên không phận Ả Rập Xê Út để làm gì?,ngăn chặn đà tiến của quân đội Iraq,,True,True,0,0.0,1.0,4.259408950805664,5.892740249633789,-4.259408950805664,ANSWERABLE_PREDICTED_EMPTY
0004-0019-0005,Ả Rập Xê Út đã sử dụng bao nhiêu phi cơ F-15 để tuần tra trên bầu trời Hoa Kỳ?,,", 48",False,False,0,0.0,1.0,-1.339914321899414,10.895072937011719,1.339914321899414,UNANSWERABLE_FALSE_POSITIVE
0004-0019-0006,Hoa Kỳ đã sử dụng bao nhiêu phi cơ F-15 để tuần tra trên bầu trời Ả Rập Xê Út?,48,", 48",True,False,1,1.0,1.0,-1.351027488708496,10.912089347839355,1.351027488708496,CORRECT
0004-0019-0007,Những hạm đội tàu chiến nào được Hải quân Mỹ triệu tập?,USS Dwight D. Eisenhower và USS Independence,thiết giáp hạm USS Missouri và USS,True,False,0,0.42857142857142855,1.0,2.8374829292297363,7.204939365386963,-2.8374829292297363,PARTIAL_SPAN
0004-0019-0008,Số lượng quân lính mà Hoa Kỳ đã triệu tập lên đến con số bao nhiêu?,500.000 quân,tới 500.000,True,False,0,0.6666666666666666,1.0,0.15184593200683594,9.972248077392578,-0.15184593200683594,PARTIAL_SPAN
0004-0019-0009,Không quân Ả Rập Xê Út lập tức huy động phi cơ đi tuần trên không phận Mỹ để làm gì?,,,False,True,1,1.0,1.0,4.95688533782959,5.196835517883301,-4.95688533782959,CORRECT_NO_ANSWER
0004-0020-0001,Lý do khiến cho một số nước đồng minh không muốn tham gia chiến dịch là gì?,"cảm thấy rằng cuộc chiến là công việc nội bộ của Ả Rập, hay lo ngại sự tăng cường ảnh hưởng của Mỹ ở Kuwait",,True,True,0,0.0,1.0,4.194400787353516,5.9685821533203125,-4.194400787353516,ANSWERABLE_PREDICTED_EMPTY
0004-0020-0002,Vì lý do gì mà nhiều lực lượng đã đồng ý tham gia chống Mỹ cùng Iraq?,,,False,True,1,1.0,1.0,3.7261219024658203,6.436652183532715,-3.7261219024658203,CORRECT_NO_ANSWER
0004-0020-0003,Vì lý do gì mà nhiều lực lượng đã đồng ý tham gia chống Iraq cùng Mỹ?,"chứng khiến sự hiếu chiến của Iraq đối với các nước Ả Rập khác, và khi được hứa hẹn viện trợ kinh tế cũng như giảm nợ",,True,True,0,0.0,1.0,3.779273509979248,6.382944583892822,-3.779273509979248,ANSWERABLE_PREDICTED_EMPTY
0004-0020-0004,Trong lực lượng chống Iraq của Mỹ thì quân đội nước này chiếm bao nhiêu phần trăm?,74,chiếm 74,True,False,0,0.6666666666666666,1.0,-1.8336315155029297,11.664880752563477,1.8336315155029297,SPAN_TOO_LONG
0004-0020-0005,"Ngòai Mỹ, những nước nào có tham gia xây dựng quân đội trong chiến dịch chống Iraq của nước này?","Afghanistan, Argentina, Úc, Bahrain, Bangladesh, Canada, Tiệp Khắc, Đan Mạch, Ai Cập, Pháp, Đức, Hy Lạp, Hungary, Honduras, Ý, Kuwait, Maroc, Hà Lan, New Zealand, Niger, Na Uy, Oman, Pakistan, Ba Lan, Bồ Đào Nha, Qatar, Ả Rập Xê Út, Sénégal, Hàn Quốc, Tây Ban Nha, Syria, Thổ Nhĩ Kỳ, Các Tiểu vương quốc Ả Rập Thống nhất, Anh",,True,True,0,0.0,1.0,6.727715730667114,3.398353338241577,-6.727715730667114,ANSWERABLE_PREDICTED_EMPTY
0004-0020-0006,Lực lượng quân đội chống Iraq của Mỹ được huy động từ bao nhiêu quốc gia?,34,từ 34,True,False,0,0.6666666666666666,1.0,-0.32556724548339844,10.433711051940918,0.32556724548339844,SPAN_TOO_LONG
0004-0021-0001,Lọai vũ khí đáng lo ngại mà Việt Nam có khả năng sử dụng là gì?,,,False,True,1,1.0,1.0,5.870508670806885,4.279510021209717,-5.870508670806885,CORRECT_NO_ANSWER
0004-0021-0002,Nhiều người dân Mỹ sử dụng khẩu hiệu gì để biểu tình chống đối chính phủ?,Không đổi máu lấy dầu,"khẩu hiệu ""Không đổi máu lấy",True,False,0,0.7272727272727272,1.0,-1.7130746841430664,11.576309204101562,1.7130746841430664,SPAN_TOO_LONG
0004-0021-0003,Lọai vũ khí đáng lo ngại mà Iraq có khả năng sử dụng là gì?,vũ khí hạt nhân hay vũ khí hủy diệt hàng lọat,phát triển vũ khí,True,False,0,0.26666666666666666,1.0,1.6274652481079102,8.4910306930542,-1.6274652481079102,SPAN_TOO_SHORT
0004-0021-0004,"Để biện hộ cho sự can thiệp vào cuộc chiến, Mỹ đã viện cớ có mối quan hệ quan trọng với quốc gia nào?",Ả Rập Xê Út,với Ả Rập Xê,True,False,0,0.75,1.0,-2.5011672973632812,11.781034469604492,2.5011672973632812,PARTIAL_SPAN
0004-0021-0005,"Câu nói ""naked aggression will not stand"" có nghĩa là gì?",sự gây hấn lộ liễu sẽ không có chỗ đứng,"""sự gây hấn lộ liễu sẽ không có chỗ đứng",True,False,1,1.0,1.0,2.0829238891601562,8.054862976074219,-2.0829238891601562,CORRECT
0004-0021-0006,"Ngòai lý do có hợp tác lâu dài với Ả Rập Xê Út, còn lý do nào khác mà Mỹ đưa ra để biện hộ cho sự can hệ trong cuộc chiến?",lịch sử vi phạm nhân quyền của Iraq dưới chế độ Tổng thống Saddam Hussein,là tầm quan trọng của mối quan hệ liên minh lâu dài với Ả Rập Xê,True,False,0,0.06451612903225808,1.0,3.3643407821655273,6.745116233825684,-3.3643407821655273,SPAN_TOO_LONG
0004-0021-0007,"Câu nói ""Không đổi dầu lấy máu"" có nghĩa là gì?",,,False,True,1,1.0,1.0,6.853549957275391,3.2778701782226562,-6.853549957275391,CORRECT_NO_ANSWER
0004-0022-0001,"Trước hiện trạng Kuwait bị Mỹ xâm lược, Iraq đã thành lập tổ chức nào để phản đối việc này?",,", tổ chức các công dân cho một nước Kuwait",False,False,0,0.0,1.0,-1.9332256317138672,11.531475067138672,1.9332256317138672,UNANSWERABLE_FALSE_POSITIVE
0004-0022-0002,Số tiền dùng để phá công ty Hill and Knowlton do ai tài trợ?,,giá 11 triệu dollar do chính phủ,False,False,0,0.0,1.0,-0.06797409057617188,10.212575912475586,0.06797409057617188,UNANSWERABLE_FALSE_POSITIVE
0004-0022-0003,Ai là người đã vạch trần luận điệu sai trái về binh lính Iraq của công ty Hill and Knowlton?,một thành viên của Gia đình hòang gia Kuwait,,True,True,0,0.0,1.0,3.716799736022949,6.423810005187988,-3.716799736022949,ANSWERABLE_PREDICTED_EMPTY
0004-0022-0004,Hình ảnh xấu về lính Iraq do công ty Hill and Knowlton vẽ ra như thế nào?,binh sĩ Iraq là đã lôi những đứa trẻ ra khỏi lồng ấp trong các bệnh viện Kuwait và để chúng chết dưới sàn,là đã lôi những đứa trẻ ra khỏi lồng ấp trong các bệnh viện Kuwait và để chúng chết dưới,True,False,0,0.9090909090909091,1.0,0.2857627868652344,9.851838111877441,-0.2857627868652344,SPAN_TOO_SHORT
0004-0022-0005,Số tiền dùng để thuê công ty Hill and Knowlton do ai tài trợ?,chính phủ Kuwait,giá 11 triệu dollar do chính phủ,True,False,0,0.4,1.0,-0.24910449981689453,10.364160537719727,0.24910449981689453,SPAN_TOO_LONG
0004-0022-0006,"Trước hiện trạng Kuwait bị Iraq xâm lược, Mỹ đã thành lập tổ chức nào để phản đối việc này?",tổ chức các công dân cho một nước Kuwait tự do,", tổ chức các công dân cho một nước Kuwait",True,False,0,0.9,1.0,-1.9976005554199219,11.575615882873535,1.9976005554199219,SPAN_TOO_SHORT
0004-0022-0007,Công ty quan hệ công chúng Hill and Knowlton bị thiệt hại với số tiền bao nhiêu?,,giá 11 triệu,False,False,0,0.0,1.0,-1.7808074951171875,11.64865493774414,1.7808074951171875,UNANSWERABLE_FALSE_POSITIVE
0004-0022-0008,Ai là người đã vạch trần luận điệu sai trái về binh lính Kuwait của công ty Hill and Knowlton?,,,False,True,1,1.0,1.0,4.12054443359375,6.021300315856934,-4.12054443359375,CORRECT_NO_ANSWER
0004-0022-0009,Công ty quan hệ công chúng Hill and Knowlton được thuê với số tiền bao nhiêu?,11 triệu dollar,giá 11 triệu,True,False,0,0.6666666666666666,1.0,-2.439995765686035,11.816641807556152,2.439995765686035,PARTIAL_SPAN
0004-0023-0001,Iraq không đồng ý với thỏa thuận của Những quốc gia nào?,,"nhưng Syria,",False,False,0,0.0,1.0,1.9479312896728516,8.179187774658203,-1.9479312896728516,UNANSWERABLE_FALSE_POSITIVE
0004-0023-0002,Nguyên nhân sâu xa khiến cho một số lượng lớn người Palestine bị trục xuất khỏi Kuwait là gì?,Tổ chức Giải phóng Palestine dưới quyền lãnh đạo của Yasser Arafat hòan tòan ủng hộ Saddam Hussein,,True,True,0,0.0,1.0,6.957892656326294,3.200363874435425,-6.957892656326294,ANSWERABLE_PREDICTED_EMPTY
0004-0023-0003,"Để đổi lại sự không can thiệp của Israel vào cuộc chiến, Mỹ đã có thỏa thuận gì với nước này?",tăng cường viện trợ,,True,True,0,0.0,1.0,5.217966556549072,4.937318325042725,-5.217966556549072,ANSWERABLE_PREDICTED_EMPTY
0004-0023-0004,"Để đổi lại sự không can thiệp của Mỹ vào cuộc chiến, Israel đã có thỏa thuận gì với nước này?",,,False,True,1,1.0,1.0,5.016692161560059,5.1359758377075195,-5.016692161560059,CORRECT_NO_ANSWER
0004-0023-0005,"Đáp lại yêu cầu rút quân của Mỹ, Iraq đưa ra điều kiện gì?","rút quân khỏi Kuwait phải được ""gắn liền với"" sự rút quân đồng thời của quân đội Syria ra khỏi Liban và quân đội Israel ra khỏi Bờ Tây, Dải Gaza, Cao nguyên Golan, và Nam Liban",,True,True,0,0.0,1.0,4.0053911209106445,6.1358842849731445,-4.0053911209106445,ANSWERABLE_PREDICTED_EMPTY
0004-0023-0006,Những quốc gia nào không đồng ý với thỏa thuận của Iraq?,"Syria, Israel và liên minh chống Iraq",. Maroc và,True,False,0,0.22222222222222224,1.0,0.21280384063720703,9.871742248535156,-0.21280384063720703,SPAN_TOO_SHORT
0004-0023-0007,Điều kiện của Hoa Kỳ để hòa bình hóa quan hệ với Iraq là gì?,là việc rút quân không điều kiện ra khỏi Kuwait,là việc rút quân không điều kiện ra khỏi,True,False,0,0.9473684210526316,1.0,-0.3945913314819336,10.500015258789062,0.3945913314819336,SPAN_TOO_SHORT
0004-0023-0008,Nguyên nhân sâu xa khiến cho một số lượng lớn người Kuwait bị trục xuất khỏi Palestine là gì?,,,False,True,1,1.0,1.0,7.62249755859375,2.535761833190918,-7.62249755859375,CORRECT_NO_ANSWER
0004-0024-0001,"Kể từ ngày hạn chót của Liên Hợp Quốc, chiến dịch bão táp sa mạc được khởi động sau bao lâu?",Một ngày,đầu từ sáng sớm ngày 17 tháng 1 năm,True,False,0,0.1818181818181818,1.0,1.1452903747558594,8.955435752868652,-1.1452903747558594,SPAN_TOO_LONG
0004-0024-0002,Chiến dịch bão táp sa mạc cải thiện từ khi nào?,,đầu từ sáng sớm ngày 17 tháng 1 năm,False,False,0,0.0,1.0,0.11822128295898438,9.971805572509766,-0.11822128295898438,UNANSWERABLE_FALSE_POSITIVE
0004-0024-0003,"Kể từ ngày hạn chót của Liên Hợp Quốc, chiến dịch bão táp sa mạc được đẩy mạnh sau bao lâu?",,đầu từ sáng sớm ngày 17 tháng 1 năm,False,False,0,0.0,1.0,1.7835569381713867,8.32160472869873,-1.7835569381713867,UNANSWERABLE_FALSE_POSITIVE
0004-0024-0004,Tiếng nói được đài phát thanh Bagdad truyền đi sau đợt công kích đầu tiên là của ai?,Saddam Hussein,của,True,False,0,0.0,1.0,-0.24609661102294922,9.763931274414062,0.24609661102294922,WRONG_SPAN
0004-0024-0005,Đâu là một dẫn chứng cho sự dồn dập của chiến dịch bão táp sa mạc?,Năm tiếng đồng hồ sau những cuộc tấn công đầu tiên,,True,True,0,0.0,1.0,10.170423686504364,-0.030494868755340576,-10.170423686504364,ANSWERABLE_PREDICTED_EMPTY
0004-0024-0006,Thông điệp của Saddam được phát thanh qua đài quốc gia Bagdad là gì?,"Cuộc chiến vĩ đại, cuộc chiến của mọi cuộc chiến đã bắt đầu. Bình minh thắng lợi đã rất gần khi cuộc thử thách cuối cùng đã đến",,True,True,0,0.0,1.0,5.148974418640137,4.999258041381836,-5.148974418640137,ANSWERABLE_PREDICTED_EMPTY
0004-0024-0007,Thông điệp của Liên Hiệp Quốc được phát thanh qua đài quốc gia Bagdad là gì?,,,False,True,1,1.0,1.0,6.668059587478638,3.486985921859741,-6.668059587478638,CORRECT_NO_ANSWER
0004-0024-0008,Chiến dịch bão táp sa mạc xảy ra từ khi nào?,ngày 17 tháng 1 năm 1991,đầu từ sáng sớm ngày 17 tháng 1 năm,True,False,0,0.6666666666666667,1.0,-0.5208845138549805,10.582538604736328,0.5208845138549805,SPAN_TOO_LONG
0004-0025-0001,"Sau ngày khởi đầu chiến tranh, phe đồng minh đã có những tổn thất gì?",,thiệt hại một,False,False,0,0.0,1.0,-0.6070003509521484,10.76801872253418,0.6070003509521484,UNANSWERABLE_FALSE_POSITIVE
0004-0025-0002,Thiết bị gì khiến cho phần lớn máy bay tàng hình trừ phi cơ khó đưa vào cuộc chiến?,,tránh các hệ thống tên lửa đất đối không SAM dày đặc của,False,False,0,0.0,1.0,2.000276565551758,8.152791976928711,-2.000276565551758,UNANSWERABLE_FALSE_POSITIVE
0004-0025-0003,Quân liên minh đặt mục tiêu quan trọng nhất là gì?,phá hủy các cơ sở không quân và phòng không của Iraq,là phá hủy các cơ sở không quân và phòng không của,True,False,0,0.9166666666666666,1.0,-1.555959701538086,11.370250701904297,1.555959701538086,PARTIAL_SPAN
0004-0025-0004,Phần lớn những cuộc không kích bắt đầu từ đâu?,liên minh ở Vịnh Péc-xích,từ Ả Rập Xê Út và sáu nhóm tàu sân bay của liên minh ở Vịnh Péc-,True,False,0,0.4347826086956522,1.0,-0.934478759765625,10.889266967773438,0.934478759765625,SPAN_TOO_LONG
0004-0025-0005,"Sau ngày khởi đầu chiến tranh, phe liên minh đã có những tổn thất gì?",thiệt hại một máy bay,thiệt hại một,True,False,0,0.7499999999999999,1.0,-0.692317008972168,10.852195739746094,0.692317008972168,SPAN_TOO_SHORT
0004-0025-0006,Thiết bị gì khiến cho phần lớn phi cơ trừ máy bay tàng hình khó đưa vào cuộc chiến?,hệ thống tên lửa đất đối không SAM,tránh các hệ thống tên lửa đất đối không SAM dày đặc của,True,False,0,0.761904761904762,1.0,1.6977853775024414,8.453577995300293,-1.6977853775024414,SPAN_TOO_LONG
0004-0025-0007,Chiến dịch bão táp sa mạc xuất hiện nhiều nhất những lọai hỏa lực nào?,"các vũ khí dẫn đường chính xác (hay ""bom thông minh""), bom bầy, BLU-82 ""daisy cutters"" và tên lửa hành trình",. Máy bay,True,False,0,0.0,1.0,1.392984390258789,8.764657974243164,-1.392984390258789,WRONG_SPAN
0004-0026-0001,Sự kiện tràn dầu trên máy bay lớn nhất lịch sử do ai gây ra?,,",",False,False,1,1.0,1.0,0.7617702484130859,9.36899471282959,-0.7617702484130859,UNANSWERABLE_FALSE_POSITIVE
0004-0026-0002,Sự kiện tràn dầu trên biển lớn nhất lịch sử do ai gây ra?,Iraq,",",True,False,0,0.0,1.0,0.595637321472168,9.531824111938477,-0.595637321472168,WRONG_SPAN
0004-0026-0003,"Sau khi thất thế trước phi đội Iraq, liên minh đã phải tẩu thóat đến nơi nào?",,sang,False,False,0,0.0,1.0,0.24092864990234375,9.876554489135742,-0.24092864990234375,UNANSWERABLE_FALSE_POSITIVE
0004-0026-0004,Iraq đã tiêu diệt được bao nhiêu chiếc MiG của Lực lượng không chiến của phe liên minh?,,", 38 máy bay",False,False,0,0.0,1.0,-0.47901344299316406,10.029369354248047,0.47901344299316406,UNANSWERABLE_FALSE_POSITIVE
0004-0026-0005,"Theo kế họach của quân liên minh, mục tiêu cần chú trọng để nhanh chóng hạ bệ Iraq là gì?",các sở chỉ huy và thông tin,là các sở chỉ huy và,True,False,0,0.7692307692307692,1.0,1.746108055114746,8.411356925964355,-1.746108055114746,SPAN_TOO_SHORT
0004-0026-0006,Lực lượng không chiến của phe liên minh đã tiêu diệt được bao nhiêu chiếc MiG của Iraq?,38,", 38 máy bay",True,False,0,0.5,1.0,-0.3887338638305664,9.882976531982422,0.3887338638305664,SPAN_TOO_LONG
0004-0026-0007,Có bao nhiêu chiến cơ trong phi đội Iran khi tẩu thóat sang Iraq?,,", 38 máy bay MiG của Iraq đã bị không quân liên quân bắn hạ. Ngay sau đó, không quân Iraq bắt đầu chạy trốn sang Iran, với khỏang 115 tới 140",False,False,0,0.0,1.0,0.29550647735595703,9.796355247497559,-0.29550647735595703,UNANSWERABLE_FALSE_POSITIVE
0004-0026-0008,"Sau khi thất thế trước liên minh, phi đội Iraq đã phải tẩu thóat đến nơi nào?",Iran,sang,True,False,0,0.0,1.0,0.2227640151977539,9.889938354492188,-0.2227640151977539,WRONG_SPAN
0004-0026-0009,Có bao nhiêu chiến cơ trong phi đội Iraq khi tẩu thóat sang Iran?,khỏang 115 tới 140,", 38 máy bay MiG của Iraq đã bị không quân liên quân bắn hạ. Ngay sau đó, không quân Iraq bắt đầu chạy trốn sang Iran, với khỏang 115 tới 140",True,False,0,0.2285714285714286,1.0,-0.1987466812133789,10.19064712524414,0.1987466812133789,SPAN_TOO_LONG
0004-0027-0001,Sản lượng điện còn lại sau cuộc chiến là bao nhiêu?,4% so với trước chiến tranh,mức 4,True,False,0,0.25,1.0,-1.419175148010254,11.540522575378418,1.419175148010254,SPAN_TOO_SHORT
0004-0027-0002,Những địa điểm bị đặt mục tiêu trong giai đọan thứ ba của cuộc chiến là gì?,"các bệ phóng tên lửa Scud, các địa điểm vũ khí hủy diệt hàng lọat, những cơ sở nghiên cứu vũ khí và các lực lượng hải quân",": các bệ phóng tên lửa Scud, các địa điểm vũ khí hủy diệt hàng lọat, những cơ sở nghiên cứu vũ khí và các lực lượng",True,False,0,0.962962962962963,1.0,2.703862190246582,7.434481620788574,-2.703862190246582,SPAN_TOO_SHORT
0004-0027-0003,Sản lượng bom còn lại sau cuộc chiến là bao nhiêu?,,mức 4,False,False,0,0.0,1.0,2.2080483436584473,7.920613765716553,-2.2080483436584473,UNANSWERABLE_FALSE_POSITIVE
0004-0027-0004,"Trong các giai đọan của cuộc đào tẩu, giai đọan nào xảy ra ác liệt nhất?",,,False,True,1,1.0,1.0,5.510110855102539,4.630596160888672,-5.510110855102539,CORRECT_NO_ANSWER
0004-0027-0005,Nguyên nhân nào khiến cho lực lượng triệt phá hỏa tiễn Scud gặp nhiều bất lợi?,nằm trên các xe tải và do đó rất khó tìm kiếm để tiêu diệt,vì thiếu những điều kiện địa lý thích hợp để,True,False,0,0.08,1.0,-1.0288610458374023,10.982390403747559,1.0288610458374023,SPAN_TOO_SHORT
0004-0027-0006,Những địa điểm bị thiệt thòi trong giai đọan thứ ba của cuộc chiến là gì?,,,False,True,1,1.0,1.0,3.854973316192627,6.2809882164001465,-3.854973316192627,CORRECT_NO_ANSWER
0004-0027-0007,"Trong các giai đọan của cuộc chiến, giai đọan nào xảy ra ác liệt nhất?",Giai đọan thứ ba,,True,True,0,0.0,1.0,4.088221549987793,6.044814109802246,-4.088221549987793,ANSWERABLE_PREDICTED_EMPTY
0004-0027-0008,Quân liên minh huy động bao nhiêu quân lực trên không để làm nhiệm vụ tiêu diệt các bệ phóng Scud?,Khỏang một phần ba,,True,True,0,0.0,1.0,4.384658336639404,5.733743190765381,-4.384658336639404,ANSWERABLE_PREDICTED_EMPTY
0004-0028-0001,Lọai công trình nào được liên minh đề phòng khỏi bị phá hủy?,cơ sở dân sự thuần túy,,True,True,0,0.0,1.0,4.442422866821289,5.455910682678223,-4.442422866821289,ANSWERABLE_PREDICTED_EMPTY
0004-0028-0002,"Theo thông tin về phía Hoa Kỳ, lô cốt Amiriyah được xây dựng nhằm mục đích gì?",chỉ huy quân sự,,True,True,0,0.0,1.0,5.8253936767578125,4.331769943237305,-5.8253936767578125,ANSWERABLE_PREDICTED_EMPTY
0004-0028-0003,Lọai công trình nào được liên minh nghiên cứu để khỏi bị phá hủy?,,,False,True,1,1.0,0.0,,,,CORRECT_NO_ANSWER
0004-0028-0004,Người trước đây đứng đầu chương trình vũ khí nguyên tử của Iraq hiện làm chức vụ gì cho Saddam?,Kẻ chế tạo bom,", Kẻ chế tạo bom của Saddam, cựu giám đốc chương trình vũ khí hạt nhân của",True,False,0,0.4,1.0,1.8774938583374023,8.155707359313965,-1.8774938583374023,SPAN_TOO_LONG
0004-0028-0005,Liên quân nhận định rằng Amiriyah là công trình được sử dụng để làm gì?,,là nơi tránh bom của,False,False,0,0.0,1.0,2.4518842697143555,7.682906150817871,-2.4518842697143555,UNANSWERABLE_FALSE_POSITIVE
0004-0028-0006,Lô cốt Amiriyah bị tàn phá bởi lọai vũ khí nào?,bom thông minh điều khiển bằng tia laser,", hai quả bom thông minh điều khiển bằng tia",True,False,0,0.823529411764706,1.0,-2.166445732116699,11.830678939819336,2.166445732116699,SPAN_TOO_LONG
0004-0028-0007,Iraq nhận định rằng Amiriyah là công trình được sử dụng để làm gì?,nơi tránh bom của thường dân,là nơi tránh bom của,True,False,0,0.7272727272727272,1.0,0.1912403106689453,9.913707733154297,-0.1912403106689453,SPAN_TOO_SHORT
0004-0029-0001,Lô cốt Amiriyah được trang bị những gì để tạo các lọai sát thương thông thường?,,"có vô tuyến, vòi nước uống, máy phát điện",False,False,0,0.0,1.0,-1.6479377746582031,11.367218017578125,1.6479377746582031,UNANSWERABLE_FALSE_POSITIVE
0004-0029-0002,Lô cốt Amiriyah được trang bị những gì để chống các lọai sát thương thông thường?,"vô tuyến, vòi nước uống, máy phát điện riêng","có vô tuyến, vòi nước uống, máy phát điện",True,False,0,0.8888888888888888,1.0,-1.8008928298950195,11.447539329528809,1.8008928298950195,PARTIAL_SPAN
0004-0029-0003,Manh mối đầu tiên dẫn đến nghi ngờ về một căn cứ quân sự trong Amiriyah là gì?,vài chiếc limousine đen chạy ra chạy vào qua cánh cổng ngầm ở phía sau,,True,True,0,0.0,1.0,4.663766860961914,5.47566032409668,-4.663766860961914,ANSWERABLE_PREDICTED_EMPTY
0004-0029-0004,Lô cốt Amiriyah bị tố cáo là vũ khí bí mật của ai?,,của Xát-,False,False,0,0.0,1.0,1.3775949478149414,8.745343208312988,-1.3775949478149414,UNANSWERABLE_FALSE_POSITIVE
0004-0029-0005,Lô cốt Amiriyah bị tố cáo là căn cứ bí mật của ai?,Xát-đam,của Xát-,True,False,0,0.5,1.0,-0.6251010894775391,10.675193786621094,0.6251010894775391,PARTIAL_SPAN
0004-0030-0001,Nguyên nhân nào khiến cho cuộc tấn công thành phố Khafji của Iraq thất bại?,các lực lượng Ả Rập Xê Út được các lính thủy đánh bộ và không quân Mỹ yểm trợ hai ngày sau đó,. Sự chậm chạp của Iraq khi đưa các sư đòan thiết giáp vào Khafji và sau đó dùng nơi này làm bàn đạp để tiến vào phần phía đông được bảo vệ kém cỏi của Ả Rập Xê,True,False,0,0.26229508196721313,1.0,0.12862396240234375,9.94050407409668,-0.12862396240234375,SPAN_TOO_LONG
0004-0030-0002,Vì sao Israel chỉ nhận sát thương không đáng kể từ tên lửa Scud?,"vì khi tăng tầm bắn, tên lửa Scud bị giảm đi rất nhiều về độ chính xác và khả năng sát thương",,True,True,0,0.0,1.0,5.608358860015869,4.538655757904053,-5.608358860015869,ANSWERABLE_PREDICTED_EMPTY
0004-0030-0003,Giả sử chiến dịch chiếm đóng Khafji sau đó tiến đánh phía Đông Ả Rập Xê Út của Iraq thành công thì Iraq sẽ có những lợi thế gì?,Iraq không chỉ kiểm sóat được phần lớn những nguồn cung cấp dầu ở Trung Đông mà sau đó còn đe dọa được lực lượng quân Mỹ triển khai dọc theo các đường chiến tuyến,,True,True,0,0.0,1.0,5.042468070983887,5.09561824798584,-5.042468070983887,ANSWERABLE_PREDICTED_EMPTY
0004-0030-0004,Cuộc công kích bằng tên lửa Scud ngày 25 tháng 2 đã khiến cho Mỹ nhận những thiệt hại gì?,28 người Mỹ đã thiệt mạng,,True,True,0,0.0,1.0,6.950597763061523,3.2040977478027344,-6.950597763061523,ANSWERABLE_PREDICTED_EMPTY
0004-0030-0005,Giả sử chiến dịch chiếm đóng Ả Rập Xê Út sau đó tiến đánh phía Đông Khafji của Iraq thành công thì Iraq sẽ có những lợi thế gì?,,,False,True,1,1.0,1.0,5.015191078186035,5.121081352233887,-5.015191078186035,CORRECT_NO_ANSWER
0004-0030-0006,Mục đích mà Iraq nhắm đến khi oanh tạc tên lửa vào các cơ sở của quân liên minh tại Ả Rập Xê Út và Israel là gì?,buộc Israel tham gia cuộc chiến và các nước Ả Rập khác rút lui khỏi nó,hy vọng buộc Israel tham gia cuộc chiến và các nước Ả Rập khác rút lui khỏi,True,False,0,0.9090909090909091,1.0,3.1796226501464844,6.957669258117676,-3.1796226501464844,SPAN_TOO_LONG
0004-0030-0007,Vì sao Mỹ chỉ nhận sát thương không đáng kể từ tên lửa Scud?,,,False,True,1,1.0,1.0,5.845742225646973,4.2983293533325195,-5.845742225646973,CORRECT_NO_ANSWER
0004-0031-0001,Hiệu quả mang lại từ việc giảm bớt khỏang cách viện trợ và phạm vị bảo vệ là gì?,giúp tăng cường tập trung quân đội và giảm bớt khỏang cách tiếp tế,,True,True,0,0.0,1.0,5.6141862869262695,4.531184196472168,-5.6141862869262695,ANSWERABLE_PREDICTED_EMPTY
0004-0031-0002,"Thay vì triệu tập lực lượng để đối phó Serbia, chiến thuật gì đã được áp dụng?",,,False,True,1,1.0,1.0,5.730766296386719,4.413033485412598,-5.730766296386719,CORRECT_NO_ANSWER
0004-0031-0003,Chiến thuật gì được các thành phố sử dụng vì sự hiệu quả của nó?,,,False,True,1,1.0,1.0,7.9821178913116455,2.164536237716675,-7.9821178913116455,CORRECT_NO_ANSWER
0004-0031-0004,Quân Taliban đã sử dụng chiến lược gì trong Chiến tranh Afghanistan?,quân Taliban rút lui khỏi những vùng đất rộng lớn về giữ những cứ điểm mạnh của họ,,True,True,0,0.0,1.0,4.645521640777588,5.487024784088135,-4.645521640777588,ANSWERABLE_PREDICTED_EMPTY
0004-0031-0005,Quân Serbia đã sử dụng chiến lược gì trong Chiến tranh Afghanistan?,,,False,True,1,1.0,1.0,6.449176073074341,3.690725088119507,-6.449176073074341,CORRECT_NO_ANSWER
0004-0031-0006,"Thay vì triệu tập lực lượng để đối phó Mỹ, chiến thuật gì đã được áp dụng?",phân tán các sư đòan ra,,True,True,0,0.0,1.0,5.133986473083496,5.008971214294434,-5.133986473083496,ANSWERABLE_PREDICTED_EMPTY
0004-0031-0007,Hiệu quả mang lại từ việc giảm bớt viện trợ và phạm vi khỏang cách bảo vệ là gì?,,,False,True,1,1.0,1.0,8.723732471466064,1.4234766960144043,-8.723732471466064,CORRECT_NO_ANSWER
0004-0031-0008,Chiến thuật gì được các bên xung đột sử dụng vì sự hiệu quả của nó?,Chiến dịch không quân,,True,True,0,0.0,1.0,3.795858860015869,6.346909046173096,-3.795858860015869,ANSWERABLE_PREDICTED_EMPTY
0004-0032-0001,Mục tiêu được nhắm đến khi quân liên minh tiến sâu vào trong lãnh thổ Anh là gì?,,,False,True,1,1.0,1.0,3.844569206237793,6.322569847106934,-3.844569206237793,CORRECT_NO_ANSWER
0004-0032-0002,"Bên cạnh Sư đòan Pháp, quân Mỹ còn có sự bảo trợ từ lực lượng nào?",Sư đòan thiết giáp số 1 Hòang gia Anh,bởi Sư đòan thiết giáp số 1 Hòang gia,True,False,0,0.8888888888888888,1.0,2.839397430419922,7.304137229919434,-2.839397430419922,PARTIAL_SPAN
0004-0032-0003,Phương tiện chiến đấu nào được Iraq sử dụng trong cuộc tấn công vào Quân đòan VII Mỹ?,,bằng xe,False,False,0,0.0,1.0,-0.5106410980224609,10.619077682495117,0.5106410980224609,UNANSWERABLE_FALSE_POSITIVE
0004-0032-0004,Mỹ cử lực lượng nào trong quân đội để tiến công vào Irag bằng xe thiết giáp?,Quân đòan VII,", Quân đòan",True,False,0,0.8,1.0,1.8264293670654297,8.287467956542969,-1.8264293670654297,SPAN_TOO_SHORT
0004-0032-0005,"Trong cuộc tấn công Vệ binh cộng hòa Iraq của quân đòan Mỹ, phe nào đã thất bại?",Vệ binh cộng hòa,", Quân đòan VII",True,False,0,0.0,1.0,-1.1224889755249023,11.05625057220459,1.1224889755249023,WRONG_SPAN
0004-0032-0006,"Trong cuộc tấn công quân đòan Mỹ của Vệ binh cộng hòa Iraq, phe nào đã thất bại?",,", Quân đòan VII",False,False,0,0.0,1.0,-0.7748222351074219,10.752742767333984,0.7748222351074219,UNANSWERABLE_FALSE_POSITIVE
0004-0032-0007,Irag cử lực lượng nào trong quân đội để tiến công vào Mỹ bằng xe thiết giáp?,,,False,True,1,1.0,1.0,5.3653411865234375,4.781404495239258,-5.3653411865234375,CORRECT_NO_ANSWER
0004-0032-0008,"Bên cạnh Sư đòan Pháp, quân Iraq còn có sự bảo trợ từ lực lượng nào?",,", Quân đòan VII",False,False,0,0.0,1.0,2.164332389831543,7.930781364440918,-2.164332389831543,UNANSWERABLE_FALSE_POSITIVE
0004-0032-0009,Phương tiện chiến đấu nào được Quân đòan VII Mỹ sử dụng trong cuộc tiến công vào Iraq?,xe bọc thép,bằng xe,True,False,0,0.4,1.0,0.4542655944824219,9.670201301574707,-0.4542655944824219,SPAN_TOO_SHORT
0004-0032-0010,Mục tiêu được nhắm đến khi quân liên minh tiến sâu vào trong lãnh thổ Iraq là gì?,lực lượng Vệ binh cộng hòa Iraq,vào lực lượng Vệ binh cộng hòa,True,False,0,0.8571428571428571,1.0,1.9206790924072266,8.237224578857422,-1.9206790924072266,PARTIAL_SPAN
0004-0033-0001,Phe liên minh có trang bị gì hiện đại hơn Lực lượng Iraq?,,chất lượng,False,False,0,0.0,1.0,0.4719409942626953,9.657251358032227,-0.4719409942626953,UNANSWERABLE_FALSE_POSITIVE
0004-0033-0002,Việc thiếu lực lượng để bố trí khắp biên giới Kuwait khiến cho Iraq phải nghĩ đến giải pháp gì?,triển khai quân và thu hẹp mặt trận chỉ ở phía nam Thành phố Kuwait và mở rộng tới vùng ngọai ô Basra,,True,True,0,0.0,1.0,4.682807922363281,5.438510894775391,-4.682807922363281,ANSWERABLE_PREDICTED_EMPTY
0004-0033-0003,"Ngòai khỏang cách vận chuyển xa, Iraq sẽ phải đối mặt với nguy hiểm gì khi tổ chức quân đội dọc biên giới Kuwait?",bị tấn công ồ ạt vào sườn,nguy cơ bị tấn công ồ ạt vào,True,False,0,0.7999999999999999,1.0,1.3670587539672852,8.78272533416748,-1.3670587539672852,SPAN_TOO_LONG
0004-0033-0004,Mục đích thực sự của Iraq khi trang xe để kéo pháo là gì?,làm chậm sự di chuyển của quân địch và giao chiến dọc theo các giới tuyến không dễ dàng bị chọc thủng hay đánh ngang sườn,muốn làm chậm sự di chuyển của quân địch và giao chiến dọc theo các giới tuyến không dễ dàng bị chọc thủng hay đánh ngang,True,False,0,0.9615384615384616,1.0,2.8315773010253906,7.315230369567871,-2.8315773010253906,PARTIAL_SPAN
0004-0033-0005,Lực lượng Iraq có trang bị gì hiện đại hơn phe liên minh?,số lượng và chất lượng pháo binh,chất lượng,True,False,0,0.4444444444444445,1.0,0.38015174865722656,9.741239547729492,-0.38015174865722656,SPAN_TOO_SHORT
0004-0033-0006,Việc huy động nhiều quân lính bố trí quanh biên giới Kuwait đã làm cho Iraq gặp khó khăn gì trong vận chuyển?,tăng khỏang cách tiếp tế,,True,True,0,0.0,1.0,5.600062370300293,4.553720474243164,-5.600062370300293,ANSWERABLE_PREDICTED_EMPTY
0004-0033-0007,Mục đích thực sự của Kuwait khi trang xe để kéo pháo là gì?,,,False,True,1,1.0,1.0,3.7069177627563477,6.445525169372559,-3.7069177627563477,CORRECT_NO_ANSWER
0004-0034-0001,Các chiến xa M1 Abrams có khả năng gì tân tiến hơn Iraq?,chiến đấu và tiêu diệt một cách hiệu quả các xe tăng Iraq từ khỏang cách xa gấp ba lần khỏang cách có thể tác chiến của xe tăng Iraq,,True,True,0,0.0,1.0,5.408276557922363,4.734219551086426,-5.408276557922363,ANSWERABLE_PREDICTED_EMPTY
0004-0034-0002,Chiến lược chiến tranh đô thị của quân đội Iraq là phương thức chiến đấu như thế nào?,chiến đấu bên trong Thành phố Kuwait,- chiến đấu bên trong Thành phố,True,False,0,0.923076923076923,1.0,-1.5666885375976562,11.545299530029297,1.5666885375976562,SPAN_TOO_SHORT
0004-0034-0003,Quân Iraq sử dụng chiến thuật giao chiến trong thành phố vì họ có thể tận dụng được điều gì mà liên minh không có?,"Các ranh giới của địa lý đô thị, và sự hiểu biết",,True,True,0,0.0,1.0,4.801741123199463,5.351315975189209,-4.801741123199463,ANSWERABLE_PREDICTED_EMPTY
0004-0034-0004,Lực lượng đồng minh có sử dụng lọai trang bị gì gây khó khăn lớn cho Iraq trong các chiến dịch trên bộ?,ống nhòm hồng ngọai và lọai đạn năng lượng động lực từ các xe M1 Abrams,những ống nhòm hồng ngọai và lọai đạn năng lượng,True,False,0,0.6923076923076923,1.0,0.7180252075195312,9.401351928710938,-0.7180252075195312,SPAN_TOO_SHORT
0004-0034-0005,Vì sao các ưu thế trong chiến thuật quân sự của liên minh không được phát huy tốt khi chiến đấu nội thành?,,,False,True,1,1.0,1.0,8.322580814361572,1.8330111503601074,-8.322580814361572,CORRECT_NO_ANSWER
0004-0034-0006,Iraq có sử dụng lọai trang bị gì gây khó khăn lớn cho Lực lượng đồng minh trong các chiến dịch trên bộ?,,những ống nhòm hồng ngọai và lọai đạn năng lượng,False,False,0,0.0,1.0,0.8751773834228516,9.247085571289062,-0.8751773834228516,UNANSWERABLE_FALSE_POSITIVE
0004-0034-0007,Iraq có khả năng gì tân tiến hơn Các chiến xa M1 Abrams?,,sử dụng chiến thuật chiến tranh đô thị - chiến đấu bên trong Thành phố,False,False,0,0.0,1.0,3.405014991760254,6.738367080688477,-3.405014991760254,UNANSWERABLE_FALSE_POSITIVE
0004-0034-0008,Vì sao các ưu thế trong công nghệ quân sự của liên minh không được phát huy tốt khi chiến đấu nội thành?,có thể gây ra những thương vong đáng kể đối với các lực lượng tấn công,,True,True,0,0.0,1.0,7.573101997375488,2.5830907821655273,-7.573101997375488,ANSWERABLE_PREDICTED_EMPTY
0004-0035-0001,Một cuộc khởi nghĩa của người Kurd có thể được phát động ở phía Bắc nhờ vào sự hỗ trợ của ai?,Hoa Kỳ,của,True,False,0,0.0,1.0,0.006439208984375,10.031932830810547,-0.006439208984375,WRONG_SPAN
0004-0035-0002,Phe liên minh đã tổ chức hội nghị hòa bình tại nơi nào?,vùng lãnh thổ Iraq bị chiếm đóng,trên vùng lãnh thổ Iraq bị,True,False,0,0.7692307692307692,1.0,-0.5100002288818359,10.57839584350586,0.5100002288818359,SPAN_TOO_SHORT
0004-0035-0003,Vì sao máy bay trực thăng vũ trang được Iraq sử dụng để di chuyển quan chức nhà nước?,do những thiệt hại đã phải hứng chịu của hệ thống vận chuyển công cộng,,True,True,0,0.0,1.0,4.5928449630737305,5.540225028991699,-4.5928449630737305,ANSWERABLE_PREDICTED_EMPTY
0004-0035-0004,Cuộc nổi dậy của người Kurd đã bị lực lượng nào dập tắt?,các tướng lĩnh Iraq còn trung thành,tại Thổ Nhĩ Kỳ và,True,False,0,0.0,1.0,0.029104232788085938,10.03872299194336,-0.029104232788085938,WRONG_SPAN
0004-0035-0005,Vì sao máy bay trực thăng vũ trang được Iraq sử dụng để tấn công quan chức nhà nước?,,để vận chuyển các quan chức,False,False,0,0.0,1.0,3.212308883666992,6.92005729675293,-3.212308883666992,UNANSWERABLE_FALSE_POSITIVE
0004-0035-0006,Vì sao trong những người bị trục xuất khỏi Kuwait đa phần là người Palestine?,vì sự ủng hộ và hợp tác của họ với Saddam Hussein,(vì sự ủng hộ và hợp tác của họ với Saddam Hussein,True,False,1,1.0,1.0,1.436563491821289,8.688285827636719,-1.436563491821289,CORRECT
0004-0035-0007,Vì sao trong những người bị trục xuất khỏi Palestine đa phần là người Kuwait?,,(vì sự ủng hộ và hợp tác của họ với Saddam Hussein,False,False,0,0.0,1.0,2.426903247833252,7.704127788543701,-2.426903247833252,UNANSWERABLE_FALSE_POSITIVE
0004-0035-0008,Một cuộc khởi nghĩa của người Kurd có thể được phát hiện ở phía Bắc nhờ vào sự hỗ trợ của ai?,,của,False,False,0,0.0,1.0,0.050759315490722656,10.026740074157715,-0.050759315490722656,UNANSWERABLE_FALSE_POSITIVE
0004-0036-0001,Số tiền Đức và Nhật Bản đóng góp cho Hoa Kỳ để phục vụ chiến tranh là bao nhiêu?,$16 tỷ,; $16,True,False,0,0.6666666666666666,1.0,-2.0867795944213867,11.711176872253418,2.0867795944213867,SPAN_TOO_SHORT
0004-0036-0002,Vì sao Đức và Nhật Bản chỉ hỗ trợ tiền bạc mà không điều động quân lích cho quân liên minh?,vì các điều khỏan trong các hiệp ước chấm dứt Chiến tranh thế giới thứ hai,chiến đấu vì các điều khỏan trong các hiệp ước chấm dứt Chiến tranh thế giới thứ,True,False,0,0.9090909090909091,1.0,3.321000099182129,6.8334455490112305,-3.321000099182129,SPAN_TOO_LONG
0004-0036-0003,Số tiền Đức và Hoa Kỳ đóng góp cho Nhật Bản để phục vụ chiến tranh là bao nhiêu?,,; $16,False,False,0,0.0,1.0,-2.2300891876220703,11.73733901977539,2.2300891876220703,UNANSWERABLE_FALSE_POSITIVE
0004-0036-0004,Theo tính tóan của Hạ viện thì số tiền mà Mỹ chi tiêu cho chiến tranh là bao nhiêu?,"$61,1 tỷ","là $61,1",True,False,0,0.6666666666666666,1.0,1.1932544708251953,8.849449157714844,-1.1932544708251953,PARTIAL_SPAN
0004-0036-0005,Ả Rập Xê Út đã tài trợ bằng cách nào cho quân liên minh tương đương với một phần tư lượng đóng góp của họ?,các dịch vụ cung cấp cho lực lượng liên quân như thực phẩm và vận chuyển,hình thức các dịch vụ cung cấp cho lực lượng liên quân như thực phẩm và,True,False,0,0.875,1.0,-0.15191268920898438,10.274642944335938,0.15191268920898438,PARTIAL_SPAN
0004-0036-0006,Quân liên minh đã tài trợ bằng cách nào cho Ả Rập Xê Út tương đương với một phần tư lượng đóng góp của họ?,,hình thức các dịch vụ cung cấp cho lực lượng liên quân như thực phẩm và,False,False,0,0.0,1.0,-0.231689453125,10.350763320922852,0.231689453125,UNANSWERABLE_FALSE_POSITIVE
0004-0036-0007,Thông tin về việc giá bán dâm được Ả Rập Xê Út cung cấp cho liên minh có đúng hay không?,không,là không,True,False,0,0.6666666666666666,1.0,1.9076995849609375,8.23292350769043,-1.9076995849609375,SPAN_TOO_LONG
0004-0037-0001,"Tòa báo TIME đã phát hành tờ ""CHIẾN TRANH VÙNG VỊNH"" vào thời gian nào?",ngày 28 tháng 1 năm 1991,đặc biệt ngày 28 tháng 1 năm,True,False,0,0.7692307692307692,1.0,-2.163884162902832,11.791297912597656,2.163884162902832,SPAN_TOO_LONG
0004-0037-0002,Hãng thông tấn được nhiều người Mỹ theo dõi nhất là gì?,CNN,chính kênh,True,False,0,0.0,1.0,-0.19944190979003906,10.187246322631836,0.19944190979003906,WRONG_SPAN
0004-0037-0003,Phóng viên Gary Shepard làm nội gián cho đài thông tấn nào?,,của ABC,False,False,0,0.0,1.0,-0.7902469635009766,10.865699768066406,0.7902469635009766,UNANSWERABLE_FALSE_POSITIVE
0004-0037-0004,Những phóng viên nào nổi tiếng ở Mỹ về các thông tin trong cuộc chiến?,"Peter Jennings của ABC, Dan Rather của CBS và Tom Brokaw",": Peter Jennings của ABC, Dan Rather của CBS và Tom Brokaw của",True,False,0,0.9565217391304348,1.0,-0.06862735748291016,10.124787330627441,0.06862735748291016,SPAN_TOO_LONG
0004-0037-0005,"Tòa báo CNN đã phát hành tờ ""CHIẾN TRANH VÙNG VỊNH"" vào thời gian nào?",,đặc biệt ngày 28 tháng 1 năm,False,False,0,0.0,1.0,-1.4927101135253906,11.519124984741211,1.4927101135253906,UNANSWERABLE_FALSE_POSITIVE
0004-0037-0006,Phóng viên Gary Shepard làm việc cho đài thông tấn nào?,ABC News,của ABC,True,False,0,0.5,1.0,-1.2712736129760742,11.288986206054688,1.2712736129760742,PARTIAL_SPAN
0004-0037-0007,Nguồn tin mà phóng viên Allen Pizzey sử dụng trên đài CBS được lấy từ đâu?,Baghdad,,True,True,0,0.0,1.0,3.677884578704834,6.482260227203369,-3.677884578704834,ANSWERABLE_PREDICTED_EMPTY
0004-0038-0001,Lầu Năm Góc đã công bố tài liệu gì mà nội dung của nó nói rõ về sự tự do báo chí của Hoa Kỳ?,Annex Foxtrot,,True,True,0,0.0,1.0,7.121670722961426,3.016964912414551,-7.121670722961426,ANSWERABLE_PREDICTED_EMPTY
0004-0038-0002,Mục đích thực sự của những khắt khe trong việc kiểm tra phóng viên trên mặt trận là gì?,ngăn chặn tiết lộ các thông tin gây rắc rối về chính trị,,True,True,0,0.0,1.0,9.764665454626083,0.3817960321903229,-9.764665454626083,ANSWERABLE_PREDICTED_EMPTY
0004-0038-0003,Những nguồn tin về cuộc chiến được các hãng báo chí thu thập chủ yếu từ đâu?,những cuộc họp báo ngắn của quân đội,từ những cuộc họp báo ngắn của,True,False,0,0.7999999999999999,1.0,0.15779495239257812,9.96878433227539,-0.15779495239257812,SPAN_TOO_SHORT
0004-0038-0004,Quá trình tác nghiệp tại mặt trận của các binh sĩ phải trải qua những khâu kiểm tra nào?,,,False,True,1,1.0,1.0,5.512901782989502,4.639760494232178,-5.512901782989502,CORRECT_NO_ANSWER
0004-0038-0005,Quá trình tác nghiệp tại mặt trận của các phóng viên phải trải qua những khâu kiểm tra nào?,"luôn được tiến hành với sự hiện diện của các sĩ quan, và sau đó đều phải được sự cho phép của quân đội và bộ phận kiểm duyệt",,True,True,0,0.0,1.0,5.310776233673096,4.840493679046631,-5.310776233673096,ANSWERABLE_PREDICTED_EMPTY
0004-0038-0006,Lầu Năm Góc đã công bố tài liệu gì mà nội dung của nó nói rõ về sự tự do báo chí của Việt Nam?,,,False,True,1,1.0,1.0,7.109165668487549,3.029139995574951,-7.109165668487549,CORRECT_NO_ANSWER
0004-0038-0007,Mục đích thực sự của những khắt khe trong việc kiểm tra nhân viên trên mặt trận là gì?,,,False,True,1,1.0,1.0,9.335928618907928,0.8118117451667786,-9.335928618907928,CORRECT_NO_ANSWER
0004-0038-0008,Những lỗ hổng trong chính sách báo chí từ Chiến tranh Việt Nam của Mỹ đã gây ra mâu thuẫn gì?,sự chống đối từ bên trong nước Mỹ,,True,True,0,0.0,1.0,4.492036819458008,5.66251277923584,-4.492036819458008,ANSWERABLE_PREDICTED_EMPTY
0004-0038-0009,Những nguồn tin về Lầu Năm Góc được các hãng báo chí thu thập chủ yếu từ đâu?,,từ những cuộc họp báo ngắn của,False,False,0,0.0,1.0,-0.2629671096801758,10.369243621826172,0.2629671096801758,UNANSWERABLE_FALSE_POSITIVE
0004-0039-0001,Đâu là một hãng thông tấn của Mỹ sử dụng hệ thống truyền hình cáp?,CNN,,True,True,0,0.0,1.0,4.839855194091797,5.314840316772461,-4.839855194091797,ANSWERABLE_PREDICTED_EMPTY
0004-0039-0002,"Giữa đòan phóng viên CBS và liên quân, đâu là tổ chức đến Việt Nam sau?",,,False,True,1,1.0,1.0,3.9512977600097656,6.194798469543457,-3.9512977600097656,CORRECT_NO_ANSWER
0004-0039-0003,Đâu là một hãng thông tấn của Ả Rập sử dụng hệ thống truyền hình cáp?,,,False,True,1,1.0,1.0,5.999824047088623,4.155354976654053,-5.999824047088623,CORRECT_NO_ANSWER
0004-0039-0004,Nhóm phóng viên của CBS News đã mang theo thiết bị gì để có thể tường thuật trực tiếp trận chiến?,thiết bị truyền thông tin vệ tinh,trang bị thiết bị truyền thông tin,True,False,0,0.7142857142857143,1.0,-1.3090009689331055,11.349987983703613,1.3090009689331055,PARTIAL_SPAN
0004-0039-0005,Ai là người dẫn đầu đòan phóng sự của đài CBS đến làm việc ngay tại mặt trận?,David Green và Andy Thompson,(David Green và Andy,True,False,0,0.888888888888889,1.0,-1.9255084991455078,11.740056991577148,1.9255084991455078,SPAN_TOO_SHORT
0004-0039-0006,Địa điểm nào được số lượng lớn nhà báo Mỹ lựa chọn ngay trong khi cuộc chiến đang diễn ra?,Baghdad,lại thủ đô Baghdad của,True,False,0,0.33333333333333337,1.0,-0.7850275039672852,10.552936553955078,0.7850275039672852,SPAN_TOO_LONG
0004-0039-0007,"Giữa đòan phóng viên CBS và liên quân, đâu là tổ chức đến Kuwait sau?",liên quân,,True,True,0,0.0,1.0,5.449995994567871,4.701597213745117,-5.449995994567871,ANSWERABLE_PREDICTED_EMPTY
0004-0040-0001,Chính quyền Saddam tan rã khi nào?,năm 2003,Hussein năm,True,False,0,0.5,1.0,-1.2491960525512695,11.246415138244629,1.2491960525512695,PARTIAL_SPAN
0004-0040-0002,"Để bảo vệ người dân ở phía Nam và phía Bắc, chính sách gì đã được thi hành?",các vùng cấm bay đã được thiết lập,", các vùng cấm",True,False,0,0.5454545454545454,1.0,-0.7372722625732422,10.79732894897461,0.7372722625732422,SPAN_TOO_SHORT
0004-0040-0003,"Cùng với Pháp, những quốc gia nào cũng tham gia thiết lập các vùng cấm phương tiện trên không?",Mỹ và Anh,do Mỹ và,True,False,0,0.6666666666666666,1.0,-2.279407501220703,11.812185287475586,2.279407501220703,PARTIAL_SPAN
0004-0040-0004,"Sau chiến dịch Kiểm sóat miền Bắc, cộng đồng dân cư nào đã có cơ hội phát triển xã hội?",người Kurd,cho người Shi',True,False,0,0.4,1.0,-1.8548498153686523,11.68751335144043,1.8548498153686523,SPAN_TOO_LONG
0004-0040-0005,Chiến dịch Tấn công máy bay bắt đầu từ năm bao nhiêu?,,năm,False,False,0,0.0,1.0,2.2265329360961914,7.911751747131348,-2.2265329360961914,UNANSWERABLE_FALSE_POSITIVE
0004-0040-0006,Chiến dịch Tấn công sa mạc bắt đầu từ năm bao nhiêu?,năm 1996,", tháng 12 năm",True,False,0,0.4,1.0,-0.43004894256591797,10.528027534484863,0.43004894256591797,SPAN_TOO_LONG
0004-0041-0001,Nguyên nhân do đâu mà nguồn nước sông Tigris bị nhiễm bẩn nặng nề?,Việc phá hủy các nhà máy xử lý nước khiến nước thải bị đổ trực tiếp xuống sông,. Việc phá hủy các nhà máy xử lý,True,False,0,0.6153846153846153,1.0,0.02720165252685547,10.024247169494629,-0.02720165252685547,SPAN_TOO_SHORT
0004-0041-0002,Phương Tây đã dùng tiền viện trợ của Chính phủ Saddam để làm gì?,,để duy trì quyền kiểm sóat quân sự của,False,False,0,0.0,1.0,0.0977935791015625,10.014686584472656,-0.0977935791015625,UNANSWERABLE_FALSE_POSITIVE
0004-0041-0003,Chiến tranh đã gây ra tổn thất lớn gì cho cơ cấu xây dựng của Iraq?,Cơ sở hạ tầng bị tàn phá nặng nề trên diện rộng,,True,True,0,0.0,1.0,5.101253509521484,5.053680419921875,-5.101253509521484,ANSWERABLE_PREDICTED_EMPTY
0004-0041-0004,"Sau cuộc chiến, sản lượng điện của Iraq được sản xuất như thế nào so với trước đây?",chỉ đạt một phần tư mức trước cuộc chiến,vẫn chỉ đạt một phần tư mức trước,True,False,0,0.823529411764706,1.0,1.5873832702636719,8.552682876586914,-1.5873832702636719,SPAN_TOO_SHORT
0004-0041-0005,Chính phủ Saddam đã dùng tiền viện trợ của phương Tây để làm gì?,duy trì quyền kiểm sóat quân sự của mình,để duy trì quyền kiểm sóat quân sự của,True,False,0,0.8888888888888888,1.0,0.04868316650390625,10.056934356689453,-0.04868316650390625,PARTIAL_SPAN
0004-0041-0006,Chất độc hại trong nước sông Tigris đã gây ảnh hưởng như thế nào đến đời sống người dân?,dẫn tới sự phát sinh dịch bệnh trên diện rộng,,True,True,0,0.0,1.0,5.417187213897705,4.735471248626709,-5.417187213897705,ANSWERABLE_PREDICTED_EMPTY
0004-0041-0007,Chiến tranh đã gây ra tổn thất lớn gì cho cơ cấu xây dựng của phương Tây?,,,False,True,1,1.0,1.0,6.817912578582764,3.3428244590759277,-6.817912578582764,CORRECT_NO_ANSWER
0004-0042-0001,"Theo số liệu của UNICEF, số lượng người Iraq thiệt mạng mỗi năm tăng thêm bao nhiêu vì lệnh trừng phạt kinh tế?",90.000,thêm 90.000,True,False,0,0.8,1.0,-1.4454498291015625,11.20489501953125,1.4454498291015625,SPAN_TOO_LONG
0004-0042-0002,"Theo số liệu của UNICEF, số lượng người trên thế giới thiệt mạng mỗi năm tăng thêm bao nhiêu vì lệnh trừng phạt kinh tế?",,thêm 90.000,False,False,0,0.0,1.0,-1.3378973007202148,11.109562873840332,1.3378973007202148,UNANSWERABLE_FALSE_POSITIVE
0004-0042-0003,Vì sao Iraq vẫn bị trừng phạt kinh tế dù chiến tranh đã kết thúc?,lý do từ những cuộc thanh sát vũ khí mà Iraq chưa bao giờ hợp tác đầy đủ,,True,True,0,0.0,1.0,4.173431396484375,5.949991226196289,-4.173431396484375,ANSWERABLE_PREDICTED_EMPTY
0004-0042-0004,Điều gì đã làm cho hình ảnh của Mỹ xấu đi trong mắt người Ả Rập?,Nhiều người cho rằng các biện pháp trừng phạt Iraq và sự hiện diện quân sự của Mỹ ở Ả Rập Xê Út,rằng các biện pháp trừng phạt Iraq và sự hiện diện quân sự của Mỹ ở Ả Rập Xê,True,False,0,0.9047619047619047,1.0,-2.084096908569336,11.594038009643555,2.084096908569336,SPAN_TOO_SHORT
0004-0042-0005,Giữa Mỹ và Liên Hợp Quốc đã tổ chức sự kiện gì để trao đổi hàng hóa?,,chương trình Đổi dầu lấy,False,False,0,0.0,1.0,2.30709171295166,7.827375411987305,-2.30709171295166,UNANSWERABLE_FALSE_POSITIVE
0004-0042-0006,Giữa Iraq và Liên Hợp Quốc đã tổ chức sự kiện gì để trao đổi hàng hóa?,chương trình Đổi dầu lấy lương thực,chương trình Đổi dầu lấy,True,False,0,0.8333333333333333,1.0,0.6048774719238281,9.515691757202148,-0.6048774719238281,SPAN_TOO_SHORT
0004-0042-0007,Điều gì đã làm cho hình ảnh của Ả Rập xấu đi trong mắt người Mỹ?,,rằng các biện pháp trừng phạt Iraq và sự hiện diện quân sự của Mỹ ở Ả Rập Xê,False,False,0,0.0,1.0,-2.0327720642089844,11.556794166564941,2.0327720642089844,UNANSWERABLE_FALSE_POSITIVE
0004-0043-0001,Một số người của tổ chức UNSCOM đã liên lạc với lực lượng tình báo để báo cáo việc gì?,cung cấp các thông tin về các địa điểm tàng trữ vũ khí,,True,True,0,0.0,1.0,4.099154472351074,6.062321662902832,-4.099154472351074,ANSWERABLE_PREDICTED_EMPTY
0004-0043-0002,Tổ chức UNMOVIC đã được cử vào vị trí của đội thanh tra khi nào?,Năm 1999,. Năm,True,False,0,0.6666666666666666,1.0,1.7587089538574219,8.342025756835938,-1.7587089538574219,SPAN_TOO_SHORT
0004-0043-0003,Vì sao tất cả những nhân viên Mỹ trong đòan thanh tra vũ khí bị Iraq trục xuất năm 1997?,cáo buộc rằng Hoa Kỳ đã lợi dụng họ làm gián điệp,,True,True,0,0.0,1.0,6.615115404129028,3.5461719036102295,-6.615115404129028,ANSWERABLE_PREDICTED_EMPTY
0004-0043-0004,Quốc gia nào đã tham gia cùng với Mỹ trong cuộc xâm chiếm Iraq năm 2003?,Anh,",",True,False,0,0.0,1.0,0.06506729125976562,9.944429397583008,-0.06506729125976562,WRONG_SPAN
0004-0043-0005,Scott Ritter đã đưa ra lý do gì để cáo buộc chính phủ Clinton về sự cản trở cuộc thanh tra?,họ không muốn đối đầu thực sự với Iraq,họ không muốn đối đầu thực sự với,True,False,0,0.9411764705882353,1.0,2.183426856994629,7.9658918380737305,-2.183426856994629,SPAN_TOO_SHORT
0004-0043-0006,Một số người của lực lượng tình báo đã liên lạc với tổ chức UNSCOM để báo cáo việc gì?,,,False,True,1,1.0,1.0,5.0888214111328125,5.076154708862305,-5.0888214111328125,CORRECT_NO_ANSWER
0004-0043-0007,Quốc gia nào đã tham gia cùng với Iraq trong cuộc xâm chiếm Mỹ năm 2003?,,",",False,False,1,1.0,1.0,0.10239791870117188,9.948583602905273,-0.10239791870117188,UNANSWERABLE_FALSE_POSITIVE
0004-0044-0001,Đâu là một trong những quốc gia công nhận sự tồn tại của chính phủ Israel?,,giữa Ả Rập Xê,False,False,0,0.0,1.0,0.07344532012939453,10.01568603515625,-0.07344532012939453,UNANSWERABLE_FALSE_POSITIVE
0004-0044-0002,Israel cho rằng cuộc chiến Vùng Vịnh đã gây ra một hậu quả nghiêm trọng là gì?,,là sự hồi sinh rõ rệt của chủ nghĩa Hồi giáo,False,False,0,0.0,1.0,-0.6438465118408203,10.741774559020996,0.6438465118408203,UNANSWERABLE_FALSE_POSITIVE
0004-0044-0003,"Để xoa dịu các thành phần cực đoan trong nước, chính phủ Ả Rập Xê Út đã thực hiện điều gì?",chi thêm tiền cho những nhóm ủng hộ chính phủ,đã chi tiền phát hàng triệu cuốn Qur'an cho dân các nước mới độc lập ở vùng Trung Á và xây dựng hàng trăm thánh đường Hồi giáo cho những nhóm,True,False,0,0.23809523809523808,1.0,2.8390045166015625,7.313145637512207,-2.8390045166015625,SPAN_TOO_LONG
0004-0044-0004,Đâu là một trong những quốc gia công nhận sự tồn tại của chính phủ Taliban?,Ả Rập Xê Út,chính quyền Ả Rập Xê,True,False,0,0.6666666666666665,1.0,0.15985488891601562,9.933326721191406,-0.15985488891601562,SPAN_TOO_LONG
0004-0044-0005,"Trong giai đọan suy yếu uy tín trong nước của chính phủ Ả Rập Xê Út, tần suất họat động của các nhóm Hồi giáo cực đoan có xu hướng như thế nào?",tăng lên dữ dội,Út tăng lên,True,False,0,0.5714285714285715,1.0,2.2105021476745605,7.9396653175354,-2.2105021476745605,SPAN_TOO_SHORT
0004-0044-0006,"Không chỉ việc Saddam bị lật đổ, vấn đề gì đã làm mất lòng tin của nhân dân đối với chính phủ Ả Rập Xê Út?",liên minh giữa Ả Rập Xê Út và Hoa Kỳ,"lật đổ không khiến các nhóm Hồi giáo ủng hộ nhiều. Tuy nhiên, việc này, cùng với liên minh giữa Ả Rập Xê Út và Hoa Kỳ, bị coi là cùng phía với",True,False,0,0.4651162790697675,1.0,1.2248497009277344,8.907247543334961,-1.2248497009277344,SPAN_TOO_LONG
0004-0044-0007,Gilles Kepel cho rằng cuộc chiến Vùng Vịnh đã gây ra một hậu quả nghiêm trọng là gì?,sự hồi sinh rõ rệt của chủ nghĩa Hồi giáo cực đoan,là sự hồi sinh rõ rệt của chủ nghĩa Hồi giáo,True,False,0,0.8695652173913043,1.0,-1.2122011184692383,11.209883689880371,1.2122011184692383,SPAN_TOO_SHORT
0004-0045-0001,"Theo Sở Cựu chiến binh Hoa Kỳ, những tác động xấu đến trẻ sơ sinh trong các gia đình chiến sĩ là gì?",số lượng trẻ sinh ra trong các gia đình binh lính với các khiếm khuyết tương tự nhau hay những bệnh tật nghiêm trọng lên tới 67%,,True,True,0,0.0,1.0,4.123325824737549,6.030406475067139,-4.123325824737549,ANSWERABLE_PREDICTED_EMPTY
0004-0045-0002,Một lý do dẫn đến tình trạng nhiễm độc về vấn đề sinh sản trong các lính Mỹ là gì?,"tiếp xúc với các vật liệu phóng xạ, khói dầu, và các lọai vắc xin bệnh than sản xuất quá nhanh","là tiếp xúc với các vật liệu phóng xạ, khói dầu, và các lọai vắc xin bệnh than sản xuất quá nhanh dùng cho",True,False,0,0.9333333333333333,1.0,0.15642070770263672,9.943438529968262,-0.15642070770263672,SPAN_TOO_LONG
0004-0045-0003,Căn bệnh mà các binh sĩ liên minh gặp phải sau khi trở về từ chiến trận là gì?,Hội chứng Vùng Vịnh,là Hội chứng Vùng,True,False,0,0.75,1.0,0.49466419219970703,9.620403289794922,-0.49466419219970703,PARTIAL_SPAN
0004-0045-0004,Theo như Văn phòng Giải trình Chính phủ báo cáo thì có bao nhiêu chất độc ảnh hưởng đến sinh nở đã tiếp xúc với các binh lính?,21,với,True,False,0,0.0,1.0,0.901580810546875,9.218347549438477,-0.901580810546875,WRONG_SPAN
0004-0046-0001,Vì sao đòan nghiên cứu bệnh dịch của Tổ chức sức khỏe thế giới không được tiến hành công việc tại miền Nam Iraq?,Saddam đã từ chối,,True,True,0,0.0,1.0,4.676529884338379,5.464618682861328,-4.676529884338379,ANSWERABLE_PREDICTED_EMPTY
0004-0046-0002,Nguyên nhân chủ yếu làm phát sinh bệnh bạch cầu ở Iraq là gì?,liên quân sử dụng urani nghèo,rằng việc liên quân sử dụng urani,True,False,0,0.7692307692307692,1.0,1.0069475173950195,9.125255584716797,-1.0069475173950195,SPAN_TOO_LONG
0004-0046-0003,Quân liên minh bị các bác sĩ Iraq cáo buộc về việc sử dụng urani nghèo có những tác động xấu nào trong người dân?,"gây ra hàng lọat vụ khuyết tật ở trẻ sơ sinh và ung thư trong dân chúng Iraq, đặc biệt là bệnh bạch cầu",đã gây ra hàng lọat vụ khuyết tật ở trẻ sơ sinh và,True,False,0,0.6486486486486487,1.0,-0.5104684829711914,10.489645004272461,0.5104684829711914,SPAN_TOO_SHORT
0004-0046-0004,Nguyên nhân do đâu mà việc liên minh sử dụng urani nghèo không được kiểm chứng rõ ràng bởi Iraq?,vì những biện pháp trừng phạt đã khiến họ không thể có được các thiết bị thử nghiệm cần thiết,,True,True,0,0.0,1.0,6.129208087921143,4.006927967071533,-6.129208087921143,ANSWERABLE_PREDICTED_EMPTY
0004-0046-0005,Nguyên nhân chủ yếu làm phát sinh bệnh bạch cầu ở Iran là gì?,,,False,True,1,1.0,1.0,4.961809158325195,5.179333686828613,-4.961809158325195,CORRECT_NO_ANSWER
0004-0047-0001,"Giữa bệnh bạch cầu và ung thư phổi, căn bệnh nào dễ xảy ra hơn khi con người hít phải lượng lớn phóng xạ urani nghèo?",ung thư phổi,nguy cơ ung thư phổi ở mức độ có thể nhận thấy trong một nhóm nguy cơ. Những nguy cơ về ung thư phóng xạ khác gồm bệnh,True,False,0,0.19354838709677416,1.0,0.2643404006958008,9.809493064880371,-0.2643404006958008,SPAN_TOO_LONG
0004-0047-0002,Mức độ phóng xạ của urani nghèo được tổ chức WHO nhận định là gì?,yếu,"là phóng xạ yếu, cần phải hít vào những khối lượng rất lớn bụi (ở mức độ",True,False,0,0.1111111111111111,1.0,0.5574588775634766,9.554271697998047,-0.5574588775634766,SPAN_TOO_LONG
0004-0047-0003,"Giữa bệnh bạch cầu và ung thư phổi, căn bệnh nào dễ chữa trị hơn khi con người hít phải lượng lớn phóng xạ urani nghèo?",,nguy cơ ung thư,False,False,0,0.0,1.0,-0.11561965942382812,10.166654586791992,0.11561965942382812,UNANSWERABLE_FALSE_POSITIVE
0004-0047-0004,WHO thông báo rằng nếu sự hô hấp xảy ra đủ lâu trong môi trường urani nghèo có thể dẫn đến tình trạng gì?,tăng nguy cơ ung thư phổi ở mức độ có thể nhận thấy trong một nhóm nguy cơ,nguy cơ ung thư,True,False,0,0.3636363636363636,1.0,-0.9482154846191406,11.03493881225586,0.9482154846191406,SPAN_TOO_SHORT
0004-0047-0005,"Theo tổ chức y tế thế giới, những tác động liên tiếp và phát triển của sức khỏe trên con người do urani nghèo gây ra có được ghi nhận không?",,",",False,False,1,1.0,1.0,1.3810234069824219,8.734785079956055,-1.3810234069824219,UNANSWERABLE_FALSE_POSITIVE
0004-0047-0006,Những chiến trận bị nhiễm urani nghèo đã được Tổ chức sức khỏe thế giới tiếp cận bằng cách nào?,nhờ một phái đòan năm 2001 tới Kosovo,,True,True,0,0.0,1.0,5.541801929473877,4.607455730438232,-5.541801929473877,ANSWERABLE_PREDICTED_EMPTY
0004-0047-0007,"Theo tổ chức y tế thế giới, những tác động liên tiếp và phát triển của bệnh dịch trên con người do urani nghèo gây ra có được ghi nhận không?",không,", ""không có những tác động liên tục hay tiến triển đã được báo cáo ở",True,False,0,0.125,1.0,1.4574995040893555,8.663439750671387,-1.4574995040893555,SPAN_TOO_LONG
0004-0047-0008,Mức độ phóng xạ của urani nghèo được thế giới nhận định là gì?,,"là phóng xạ yếu, cần phải hít vào những khối lượng rất lớn bụi (ở mức độ",False,False,0,0.0,1.0,0.9614934921264648,9.161069869995117,-0.9614934921264648,UNANSWERABLE_FALSE_POSITIVE
0004-0048-0001,Hoa Kỳ cáo buộc lý do khiến cho nhiều trẻ sơ sinh Iraq bị khiếm khuyết là gì?,Quân đội Iraq sử dụng các vũ khí hóa học và thần kinh trong thập kỷ 1980 và 1990,". Quân đội Iraq sử dụng các vũ khí hóa học và thần kinh trong thập kỷ 1980 và 1990 có thể là nguyên nhân gây ra cái gọi là khuyết tật ở trẻ em Iraq."" Về những buộc tội gây ra",True,False,0,0.6333333333333334,1.0,-0.6061496734619141,10.661069869995117,0.6061496734619141,SPAN_TOO_LONG
0004-0048-0002,Theo nội dung trong cuốn sách về urani nghèo của Mỹ thì tác động của chất này đến sức khỏe con người được nhận định như thế nào?,"không gây ra những nguy cơ nghiêm trọng đối với sức khỏe"" và ""urani nghèo không gây ra khuyết tật ở trẻ sơ sinh",nghèo ở mức độ,True,False,0,0.14285714285714285,1.0,1.1137924194335938,9.014846801757812,-1.1137924194335938,SPAN_TOO_SHORT
0004-0048-0003,Kết quả của các cuộc nghiên cứu dịch tễ học về tác động của phóng xạ tại các nhà máy là gì?,,,False,True,1,1.0,1.0,6.331235408782959,3.838095188140869,-6.331235408782959,CORRECT_NO_ANSWER
0004-0048-0004,Iraq cáo buộc lý do khiến cho nhiều trẻ sơ sinh Hoa Kỳ bị khiếm khuyết là gì?,,. Quân đội Iraq sử dụng các vũ khí hóa học và,False,False,0,0.0,1.0,-0.21503543853759766,10.297886848449707,0.21503543853759766,UNANSWERABLE_FALSE_POSITIVE
0004-0048-0005,Các chuyên gia sức khỏe môi trường có xác nhận rằng urani là nguyên nhân chính của bệnh bạch cầu hay không?,không,y tế không thể coi việc nhiễm bệnh bạch cầu như là kết quả của việc chịu tác động của urani hay urani,True,False,0,0.08333333333333333,1.0,0.7963733673095703,9.320541381835938,-0.7963733673095703,SPAN_TOO_LONG
0004-0048-0006,Kết quả của các cuộc nghiên cứu dịch tễ học về tác động của urani tại các nhà máy là gì?,không cho thấy tỷ lệ tăng bất thường hay sự liên quan tới những chất sinh ung thư khác đã được biết ngòai urani,,True,True,0,0.0,1.0,5.595775604248047,4.572149276733398,-5.595775604248047,ANSWERABLE_PREDICTED_EMPTY
0004-0048-0007,Số lượng nhân viên đã tiếp xúc với urani nghèo ở Phòng thí nghiệm quốc gia Oak Ridge là bao nhiêu?,19.000,số,True,False,0,0.0,1.0,1.061197280883789,9.08243179321289,-1.061197280883789,WRONG_SPAN
0004-0049-0001,Khối lượng của mỗi tên lửa AGM-130 là bao nhiêu pound?,,,False,True,1,1.0,1.0,5.350949287414551,4.802728652954102,-5.350949287414551,CORRECT_NO_ANSWER
0004-0049-0002,Đâu là một trong những lọai vũ khí thông minh của quân đội Hoa Kỳ?,tên lửa AGM-130,,True,True,0,0.0,1.0,4.736258506774902,5.401731491088867,-4.736258506774902,ANSWERABLE_PREDICTED_EMPTY
0004-0049-0003,Khối lượng của mỗi quả bom BLU-82 là bao nhiêu pound?,15.000,nặng 15.000,True,False,0,0.8,1.0,-1.6954412460327148,11.530389785766602,1.6954412460327148,SPAN_TOO_LONG
0004-0049-0004,Bán kính gây sát thương của bom BLU-82 có thể lên đến con số bao nhiêu?,hàng trăm yard,nặng 15.000,True,False,0,0.0,1.0,-0.8440399169921875,10.975183486938477,0.8440399169921875,WRONG_SPAN
0004-0049-0005,Ưu điểm của các lọai vũ khí dẫn đường thông minh của Hoa Kỳ là gì?,cho phép các cuộc tấn công quân sự diễn ra với những tổn thất dân sự nhỏ nhất,,True,True,0,0.0,1.0,9.552915811538696,0.6021630764007568,-9.552915811538696,ANSWERABLE_PREDICTED_EMPTY
0004-0049-0006,Trong tổng lượng vũ khí của quân liên minh thì vũ khí thông minh chiếm bao nhiêu?,gần 7.4%,chiếm gần 7.4,True,False,0,0.8571428571428571,1.0,0.33851146697998047,9.7685546875,-0.33851146697998047,SPAN_TOO_LONG
0004-0050-0001,Khả năng tìm kiếm mục tiêu của tên lửa Scud được phát minh dựa trên kỹ thuật gì?,hệ thống dẫn đường quán tính,là tên lửa đạn đạo,True,False,0,0.0,1.0,1.998636245727539,8.142485618591309,-1.998636245727539,WRONG_SPAN
0004-0050-0002,Những cách thức nào thường được sử dụng trong các cuộc tấn công bằng bom hóa học?,Các vũ khí hóa học vốn thích hợp hơn khi được vận chuyển bằng máy bay ném bom hoặc các tên lửa hành trình,,True,True,0,0.0,1.0,6.3341546058654785,3.8101143836975098,-6.3341546058654785,ANSWERABLE_PREDICTED_EMPTY
0004-0050-0003,Vì sao các đầu đạn hóa học không phát huy hiệu quả khi trang bị trên hỏa tiễn Scud?,bởi nhiệt độ cao trong quá trình bay ở tốc độ gần Mach 5 làm biến tính đa số các chất hóa học mang theo,bởi nhiệt độ cao trong quá trình bay ở tốc độ gần Mach,True,False,0,0.6842105263157895,1.0,0.6014337539672852,9.441044807434082,-0.6014337539672852,SPAN_TOO_SHORT
0004-0050-0004,Những cách thức nào thường được sử dụng trong các cuộc tấn công bằng bom sinh học?,,,False,True,1,1.0,1.0,6.435792446136475,3.7179675102233887,-6.435792446136475,CORRECT_NO_ANSWER
0004-0050-0005,Quốc gia nào đã sáng chế ra tên lửa Scud?,Liên bang xô viết,do Liên bang xô,True,False,0,0.75,1.0,-0.057651519775390625,10.12026596069336,0.057651519775390625,PARTIAL_SPAN
0004-0050-0006,Lực lượng Hồng Quân ở Đông Đức đã được Liên Xô tài trợ tên lửa Scud để nhắm vào những mục tiêu nào?,"cơ sở thông tin, trung tâm chỉ huy và làm trì hõan quá trình động viên quân đội của Tây Đức cũng như các lực lượng Đồng Minh tại Đức","tiêu diệt các cơ sở thông tin, trung tâm chỉ huy và làm trì hõan quá trình động viên quân đội của Tây Đức cũng như các lực lượng Đồng Minh tại",True,False,0,0.9354838709677419,1.0,3.064014434814453,7.084987640380859,-3.064014434814453,SPAN_TOO_LONG
0004-0050-0007,Quốc gia nào đã sáng chế ra tên lửa thăm dò?,,.,False,False,1,1.0,1.0,0.24820709228515625,9.863521575927734,-0.24820709228515625,UNANSWERABLE_FALSE_POSITIVE
0004-0051-0001,Người ta tính tóan hiệu suất của hệ thống Patriot bằng cách nào?,dựa trên phần trăm số đầu đạn tên lửa Scud được biết đã tới mục tiêu hoặc đã nổ so với số lượng tên lửa Scud được bắn đi,,True,True,0,0.0,1.0,7.94242525100708,2.1906886100769043,-7.94242525100708,ANSWERABLE_PREDICTED_EMPTY
0004-0051-0002,Khả năng phòng ngự của hệ thống Patriot trong cuộc chiến Vùng Vịnh được quân đội Mỹ đánh giá như thế nào?,họat động tuyệt diệu,"đã ""họat động",True,False,0,0.5714285714285715,1.0,-0.96295166015625,10.941039085388184,0.96295166015625,SPAN_TOO_SHORT
0004-0051-0003,Người ta tính tóan hiệu suất của hệ thống tên lửa bằng cách nào?,,,False,True,1,1.0,1.0,7.507266044616699,2.6259355545043945,-7.507266044616699,CORRECT_NO_ANSWER
0004-0051-0004,Độ hiệu quả thấp nhất của hệ thống Patriot từng được tính tóan là bao nhiêu?,0%,mức 0,True,False,0,0.6666666666666666,1.0,-1.1953973770141602,11.286413192749023,1.1953973770141602,SPAN_TOO_LONG
0004-0051-0005,Hệ thống nào của Hoa Kỳ được họ chế tạo với khả năng chống lại liên quân?,,hệ thống,False,False,0,0.0,1.0,0.485565185546875,9.61338996887207,-0.485565185546875,UNANSWERABLE_FALSE_POSITIVE
0004-0051-0006,Hệ thống nào của Hoa Kỳ được họ chế tạo với khả năng chống lại tên lửa Scud?,Hệ thống phòng thủ tên lửa Patriot,hệ thống,True,False,0,0.4444444444444445,1.0,0.5022525787353516,9.594375610351562,-0.5022525787353516,SPAN_TOO_SHORT
0004-0051-0007,Khả năng phòng ngự của quân đội Iraq trong cuộc chiến Vùng Vịnh được quân đội Mỹ đánh giá như thế nào?,,"đã ""họat động",False,False,0,0.0,1.0,-0.1903667449951172,10.273508071899414,0.1903667449951172,UNANSWERABLE_FALSE_POSITIVE
0004-0051-0008,Vì sao mà người ta khó xác định được nguyên nhân khiến cho các tên lửa Al-Hussein phát nổ trên đường bay?,khó có thể biết đâu là mảnh đầu đạn và có ít dữ liệu ghi lại những lần dò tìm radar còn được lưu trữ cho phép phân tích về sau này,,True,True,0,0.0,1.0,4.039237976074219,6.104890823364258,-4.039237976074219,ANSWERABLE_PREDICTED_EMPTY
0005-0001-0001,Biển hở nào có độ mặn cao nhất thế giới?,biển Đỏ,là biển Đỏ (Hồng Hải,True,False,0,0.5714285714285715,1.0,-1.769291877746582,11.331696510314941,1.769291877746582,SPAN_TOO_LONG
0005-0001-0002,Độ ngọt trung bình của nước biển là bao nhiêu?,,"từ 3,1% tới 3,8",False,False,0,0.0,1.0,2.9430441856384277,7.191848278045654,-2.9430441856384277,UNANSWERABLE_FALSE_POSITIVE
0005-0001-0003,Nước biển ở đâu có hàm lượng muối thấp nhất?,vịnh Phần Lan,là biển Đỏ (Hồng Hải,True,False,0,0.0,1.0,2.029412269592285,8.082793235778809,-2.029412269592285,WRONG_SPAN
0005-0001-0004,Ngòai biển hở có nồng độ muối cao hơn biển thông thường thì còn có lọai biển nào khác cũng có nồng độ muối cao hơn một cách đáng kể?,biển trong các biển cô lập (biển kín),như biển,True,False,0,0.2,1.0,0.3048715591430664,9.825013160705566,-0.3048715591430664,SPAN_TOO_SHORT
0005-0001-0005,Những nguyên nhân nào làm cho vịnh Phần Lan có độ mặn cao?,,do nhiệt độ cao và sự tuần hòan bị,False,False,0,0.0,1.0,2.295154571533203,7.856414794921875,-2.295154571533203,UNANSWERABLE_FALSE_POSITIVE
0005-0001-0006,Vịnh Phần Lan nằm trong biển nào?,biển Baltic,của biển,True,False,0,0.5,1.0,-1.6792182922363281,11.260305404663086,1.6792182922363281,PARTIAL_SPAN
0005-0001-0007,Nước sông ở đâu có hàm lượng muối thấp nhất?,,là biển Đỏ (Hồng Hải,False,False,0,0.0,1.0,1.8673200607299805,8.252113342285156,-1.8673200607299805,UNANSWERABLE_FALSE_POSITIVE
0005-0001-0008,Độ mặn trung bình của nước biển là bao nhiêu?,"3,1% tới 3,8%","từ 3,1% tới 3,8",True,False,0,0.9090909090909091,1.0,1.3294191360473633,8.8004732131958,-1.3294191360473633,SPAN_TOO_LONG
0005-0001-0009,Những nguyên nhân nào làm cho biển Đỏ có độ mặn cao?,do nhiệt độ cao và sự tuần hòan bị hạn chế đã tạo ra tỷ lệ bốc hơi cao của nước bề mặt cũng như có rất ít nước ngọt từ các cửa sông đổ vào và lượng giáng thủy nhỏ,do nhiệt độ cao và sự tuần hòan bị,True,False,0,0.36,1.0,-0.10071659088134766,10.216913223266602,0.10071659088134766,SPAN_TOO_SHORT
0005-0002-0001,Tại sao nước biển nặng hơn nước cất?,do trọng lượng bổ sung của các muối và hiện tượng điện giảo,,True,True,0,0.0,1.0,4.616560935974121,5.524616241455078,-4.616560935974121,ANSWERABLE_PREDICTED_EMPTY
0005-0002-0002,Tại sao nước cất nặng hơn nước biển?,,,False,True,1,1.0,1.0,6.045516490936279,4.105937480926514,-6.045516490936279,CORRECT_NO_ANSWER
0005-0002-0003,Nồng độ pH của nước biển khỏang bao nhiêu?,"7,5 tới 8,4",,True,True,0,0.0,1.0,4.621547698974609,5.513495445251465,-4.621547698974609,ANSWERABLE_PREDICTED_EMPTY
0005-0002-0004,Khối lượng riêng của âm thanh là bao nhiêu?,,,False,True,1,1.0,1.0,8.297818899154663,1.8698837757110596,-8.297818899154663,CORRECT_NO_ANSWER
0005-0002-0005,Nước biển đóng băng ở nhiệt độ bao nhiêu?,-2 °C,nhiệt độ 4 °,True,False,0,0.0,1.0,0.03755950927734375,10.105464935302734,-0.03755950927734375,WRONG_SPAN
0005-0002-0006,Dựa vào đâu ta kết luận nước biển nặng hơn nước ngọt?,tỷ trọng riêng,,True,True,0,0.0,1.0,6.659270763397217,3.493076801300049,-6.659270763397217,ANSWERABLE_PREDICTED_EMPTY
0005-0002-0007,Khối lượng riêng của nước biển tầng mặt là bao nhiêu?,1.020 tới 1.030 kg/m³,,True,True,0,0.0,1.0,6.028415679931641,4.11747932434082,-6.028415679931641,ANSWERABLE_PREDICTED_EMPTY
0005-0002-0008,Khối lượng riêng của nước cất là bao nhiêu?,1.000 g/ml,là 1.000 g/,True,False,0,0.75,1.0,2.365600109100342,7.784433841705322,-2.365600109100342,PARTIAL_SPAN
0005-0003-0001,Hàm lượng các ion canxi trong nước biển gấp bao nhiêu lần so với nước ngọt?,,"biển khỏang 2,8",False,False,0,0.0,1.0,2.126392364501953,7.866113662719727,-2.126392364501953,UNANSWERABLE_FALSE_POSITIVE
0005-0003-0002,Tại sao tỉ lệ bicacbonat với các ion trong nước sông lại cao hơn nước biển?,"do thời gian cư trú khác nhau của các chất hòa tan trong nước biển; các ion natri và clorua có thời gian cư trú lâu hơn, trong khi các ion canxi (thiết yếu cho sự hình thành cacbonat) có xu hướng trầm lắng nhanh hơn",,True,True,0,0.0,1.0,4.036685943603516,6.107240676879883,-4.036685943603516,ANSWERABLE_PREDICTED_EMPTY
0005-0003-0003,Hàm lượng các bicacbonat trong nước biển gấp bao nhiêu lần so với nước ngọt?,"2,8 lần","biển khỏang 2,8",True,False,0,0.5714285714285715,1.0,0.7335214614868164,9.087838172912598,-0.7335214614868164,SPAN_TOO_LONG
0005-0003-0004,Sự khác biệt về tỷ lệ các chất hòa tan giữa nước biển và nước ngọt là do đâu?,o thời gian cư trú khác nhau của các chất hòa tan trong nước biển,do thời gian cư trú khác nhau của các chất hòa tan trong nước,True,False,0,0.896551724137931,1.0,-0.45346832275390625,10.43733024597168,0.45346832275390625,SPAN_TOO_SHORT
0005-0003-0005,Các bicacbonat ở nước biển thường chiếm bao nhiêu phần trăm các ion?,48%,"tới 48% các ion có trong nước sông trong khi chỉ chiếm khỏang 0,41",True,False,0,0.125,1.0,-0.8060188293457031,10.872724533081055,0.8060188293457031,SPAN_TOO_LONG
0005-0003-0006,Lượng các bicacbonat ở nước sông thường chiếm bao nhiêu phần trăm các ion?,"0,41%",tới 48,True,False,0,0.0,1.0,-1.3815460205078125,11.369029998779297,1.3815460205078125,WRONG_SPAN
0005-0004-0001,Vì sao biển Chết và biển Caspi có độ chứa muối cao?,không có các lối thóat ra đại dương,rằng một lượng nhỏ các hồ trên thế giới mà không có các lối thóat ra,True,False,0,0.5,1.0,1.9147119522094727,8.22641372680664,-1.9147119522094727,SPAN_TOO_LONG
0005-0004-0002,Nồng độ muối ở biển Caspi là cao hay thấp?,cao,muối,True,False,0,0.0,1.0,0.7273674011230469,9.407567977905273,-0.7273674011230469,WRONG_SPAN
0005-0004-0003,Edmond Halley đưa ra giả thuyết về nguồn gốc của muối trong nước biển từ khi nào?,năm 1715,vào,True,False,0,0.0,1.0,2.10172176361084,7.45809268951416,-2.10172176361084,WRONG_SPAN
0005-0004-0004,Ai là người đầu tiên đưa ra giả thuyết về nguồn gốc của muối trong nước biển?,Edmond Halley,thời,True,False,0,0.0,1.0,1.6691994667053223,7.3346428871154785,-1.6691994667053223,WRONG_SPAN
0005-0005-0001,Điều gì giúp cho nồng độ muối của nước biển luôn ổn định?,do hệ quả của các hệ thống hóa học/kiến tạo làm cho muối bị trầm lắng,do hệ quả của các hệ thống hóa học/,True,False,0,0.6923076923076924,1.0,0.11339092254638672,9.90173053741455,-0.11339092254638672,SPAN_TOO_SHORT
0005-0005-0002,Điều gì giúp cho nồng độ nước biển của muối luôn ổn định?,,do hệ quả của các hệ thống hóa học/,False,False,0,0.0,1.0,0.6721820831298828,9.3687162399292,-0.6721820831298828,UNANSWERABLE_FALSE_POSITIVE
0005-0005-0003,Từ khi nào natri không còn được lọc từ đáy đại dương nữa?,Kể từ khi các đại dương hình thành,. Kể từ khi các đại dương,True,False,0,0.8571428571428571,1.0,-1.502523422241211,11.270638465881348,1.502523422241211,SPAN_TOO_SHORT
0005-0005-0004,Hiện nay natri còn được lọc từ đáy đại dương không?,không,natri,True,False,0,0.0,1.0,1.285531997680664,8.842887878417969,-1.285531997680664,WRONG_SPAN
0005-0005-0005,Việc muối trầm lắng do hệ quả của các hệ thống hóa học/kiến tạo đã dẫn đến hệ quả nào?,Độ mặn của nước biển đã ổn định trong nhiều triệu năm,,True,True,0,0.0,1.0,7.192824363708496,2.9468889236450195,-7.192824363708496,ANSWERABLE_PREDICTED_EMPTY
0005-0005-0006,Từ khi nào clorua không còn được lọc từ đáy đại dương nữa?,,. Kể từ khi các đại dương,False,False,0,0.0,1.0,-1.1887626647949219,11.088739395141602,1.1887626647949219,UNANSWERABLE_FALSE_POSITIVE
0005-0006-0001,Điều gì sẽ xảy ra nếu uống quá nhiều nước biển?,kích thích thận gia tăng họat động bài tiết natri,,True,True,0,0.0,1.0,4.845339298248291,5.310983180999756,-4.845339298248291,ANSWERABLE_PREDICTED_EMPTY
0005-0006-0002,Nồng độ NaCl trong cơ thể bình thường khỏang bao nhiêu?,9 g/L,,True,True,0,0.0,1.0,5.532369613647461,4.587093353271484,-5.532369613647461,ANSWERABLE_PREDICTED_EMPTY
0005-0006-0003,"Vì sao uống nước biển có nồng độ khỏang 3,5% có thể gây tử vong?",nồng độ natri của nước biển là cao hơn khả năng cô tối đa của thận,,True,True,0,0.0,1.0,5.631227970123291,4.513704776763916,-5.631227970123291,ANSWERABLE_PREDICTED_EMPTY
0005-0006-0004,Cơ quan nào đóng vai trò quan trọng nhất trong việc điều chỉnh lượng muối trong cơ thể?,thận,được,True,False,0,0.0,1.0,0.5133047103881836,9.573042869567871,-0.5133047103881836,WRONG_SPAN
0005-0007-0001,Hồng Công là thuộc địa của đế quốc nào ở thế kỷ 20?,Anh,của,True,False,0,0.0,1.0,-0.08063125610351562,9.954360961914062,0.08063125610351562,WRONG_SPAN
0005-0007-0002,Mục đích của việc sử dụng nước biển trong sinh họat của Hồng Công là gì?,bảo tồn các nguồn nước ngọt,để dội rửa nhà vệ sinh trên phạm vi cả,True,False,0,0.0,1.0,1.167684555053711,8.959064483642578,-1.167684555053711,WRONG_SPAN
0005-0007-0003,Nước biển có thể được dự trữ như nước thải hay không?,,,False,True,1,1.0,1.0,6.128673553466797,3.9834108352661133,-6.128673553466797,CORRECT_NO_ANSWER
0005-0007-0004,Nước biển có thể được xử lý như nước thải hay không?,không,,True,True,0,0.0,1.0,4.496790409088135,5.619025707244873,-4.496790409088135,ANSWERABLE_PREDICTED_EMPTY
0005-0007-0005,Hồng Kông trong khỏang thời gian nào vẫn là thuộc địa của Anh?,những năm thập niên 1960 và 1970,đầu từ những năm thập niên 1960 và,True,False,0,0.7999999999999999,1.0,-0.6093292236328125,10.630565643310547,0.6093292236328125,SPAN_TOO_LONG
0005-0007-0006,"Ở Hồng Công, nước biển được khuyến khích sử dụng để làm gì?",dội rửa nhà vệ sinh,để dội rửa nhà,True,False,0,0.6666666666666665,1.0,-1.851456642150879,11.703869819641113,1.851456642150879,SPAN_TOO_SHORT
0005-0008-0001,Những công nghệ lọc nước biển nào không thể thực thi trong thời đại thuyền buồm trong giai đọan thế kỷ 16 tới 19?,"công nghệ của thiết bị bốc hơi chân không, thiết bị bốc hơi flash hay công nghệ thẩm thấu ngược","của thiết bị bốc hơi chân không, thiết bị bốc hơi flash hay công nghệ thẩm thấu",True,False,0,0.9189189189189189,1.0,2.377573013305664,7.7729034423828125,-2.377573013305664,SPAN_TOO_SHORT
0005-0008-0002,Giai đọan quan trọng nhất khi xử lý nước ngọt là gì?,,trong giai đọan thế kỷ 16 tới thế kỷ,False,False,0,0.0,1.0,3.1231493949890137,7.02534818649292,-3.1231493949890137,UNANSWERABLE_FALSE_POSITIVE
0005-0008-0003,Giai đọan quan trọng nhất khi xử lý nước biển là gì?,khử muối,trong giai đọan thế kỷ 16 tới thế kỷ,True,False,0,0.0,1.0,2.7596254348754883,7.376631736755371,-2.7596254348754883,WRONG_SPAN
0005-0008-0004,Nước biển được chuyển thành nước ngọt bằng cách nào?,"các quy trình khử muối như sử dụng các công nghệ của thiết bị bốc hơi chân không, thiết bị bốc hơi flash hay công nghệ thẩm thấu ngược","nhờ các quy trình khử muối như sử dụng các công nghệ của thiết bị bốc hơi chân không, thiết bị bốc hơi flash hay công nghệ thẩm thấu",True,False,0,0.9655172413793104,1.0,1.4003000259399414,8.732739448547363,-1.4003000259399414,PARTIAL_SPAN
0005-0009-0001,Nhà thám hiểm Thor Heyerdahl đã vượt đại dương bằng con bè nào?,Kon-Tiki,Trên bè Kon-,True,False,0,0.4,1.0,-0.8726482391357422,10.912820816040039,0.8726482391357422,SPAN_TOO_LONG
0005-0009-0002,"Bác sĩ, nhà thám hiểm Alain Bombard đã mất vào năm nào?",2005,(1924-,True,False,0,0.0,1.0,2.276163101196289,7.863186836242676,-2.276163101196289,WRONG_SPAN
0005-0009-0003,"Bác sĩ, nhà thám hiểm Alan Willis đã mất vào năm nào?",,. Năm,False,False,0,0.0,1.0,0.7452125549316406,9.375356674194336,-0.7452125549316406,UNANSWERABLE_FALSE_POSITIVE
0005-0009-0004,Chuyến vượt đại dương của Thor Heyerdahl được thực hiện khi nào?,năm 1947,Tiki năm,True,False,0,0.5,1.0,2.150392532348633,7.986076354980469,-2.150392532348633,PARTIAL_SPAN
0005-0009-0005,Bác sĩ Alain Bombard là người nước nào?,Pháp,người,True,False,0,0.0,1.0,0.8030424118041992,9.325422286987305,-0.8030424118041992,WRONG_SPAN
0005-0009-0006,"Trong một vài trường hợp, nếu pha nước biển với nước ngọt theo tỉ lệ nào thì không xuất hiện các triệu chứng bệnh tật?",2:3,tỷ lệ 2:,True,False,0,0.4,1.0,-1.352707862854004,11.206417083740234,1.352707862854004,SPAN_TOO_LONG
0006-0001-0001,Lãnh thổ Puerto Rico là tập hợp của gì?,một quần đảo,là Thịnh vượng chung,True,False,0,0.0,1.0,0.19646263122558594,9.821857452392578,-0.19646263122558594,WRONG_SPAN
0006-0001-0002,Hòn đảo có diện tích bé nhất trong bốn đảo Đại Antilles tọa lạc ở vị trí nào so với lãnh thổ nước Dominicana?,phía đông,"ở phía đông bắc vùng biển Caribbean, phía đông nước Cộng hòa Dominicana và phía tây Quần đảo",True,False,0,0.19999999999999998,1.0,2.4422388076782227,7.698489189147949,-2.4422388076782227,SPAN_TOO_LONG
0006-0001-0003,Peurto Rico thuộc về cường quốc nào?,Hoa Kỳ,của,True,False,0,0.0,1.0,0.0797882080078125,9.968816757202148,-0.0797882080078125,WRONG_SPAN
0006-0001-0004,Vùng biển Caribbean có vị trí địa lí ở đâu?,,"ở phía đông bắc vùng biển Caribbean, phía đông nước Cộng hòa Dominicana và phía tây Quần đảo",False,False,0,0.0,1.0,1.5351009368896484,8.579233169555664,-1.5351009368896484,UNANSWERABLE_FALSE_POSITIVE
0006-0001-0005,Dân số Puerto Rico là tập hợp của gì?,,,False,True,1,1.0,1.0,3.6768646240234375,6.437395095825195,-3.6768646240234375,CORRECT_NO_ANSWER
0006-0001-0006,Thịnh vượng chung Puerto Rico có vị trí địa lí ở đâu?,"phía đông bắc vùng biển Caribbean, phía đông nước Cộng hòa Dominicana và phía tây Quần đảo Virgin","ở phía đông bắc vùng biển Caribbean, phía đông nước Cộng hòa Dominicana và phía tây Quần đảo",True,False,0,0.9444444444444444,1.0,2.793750762939453,7.341012954711914,-2.793750762939453,PARTIAL_SPAN
0006-0001-0007,Ba đảo chiếm diện tích nhiều nhất lãnh thổ Puerto Rico là gì?,"đảo Vieques, Culebra và Mona",,True,True,0,0.0,1.0,5.116769790649414,5.025579452514648,-5.116769790649414,ANSWERABLE_PREDICTED_EMPTY
0006-0001-0008,Lãnh thổ Thịnh vượng chung Puerto Rico là tên gọi chính thức của nước nào?,Puerto Rico,của,True,False,0,0.0,1.0,0.03631114959716797,9.951177597045898,-0.03631114959716797,WRONG_SPAN
0006-0001-0009,Ba đảo chiếm diện tích nhiều nhất lãnh thổ Tây Ban Nha là gì?,,,False,True,1,1.0,1.0,5.456554889678955,4.671817302703857,-5.456554889678955,CORRECT_NO_ANSWER
0006-0001-0010,Đảo Đại Antilles là tên gọi chính thức của nước nào?,,của,False,False,0,0.0,1.0,0.7594614028930664,9.331445693969727,-0.7594614028930664,UNANSWERABLE_FALSE_POSITIVE
0006-0002-0001,"Trong quá khứ, tộc người nào sống tại hầu hết lãnh thổ Puerto Rico?",người Taino,đó,True,False,0,0.0,1.0,2.5082545280456543,7.336856365203857,-2.5082545280456543,WRONG_SPAN
0006-0002-0002,Ai là những người đầu tiên sinh sống tại lãnh tổ Puerto Rico?,người Taino,"đó người Taino có một nền văn hóa khá phát triển và chiếm ưu thế tại hòn đảo trong thời gian dài. Năm 1493, Christopher",True,False,0,0.14814814814814814,1.0,2.5465359687805176,7.5522379875183105,-2.5465359687805176,SPAN_TOO_LONG
0006-0002-0003,Ai là những người đầu tiên sinh sống tại lãnh thổ Hoa Kỳ?,,,False,True,1,1.0,1.0,3.712465763092041,6.373290538787842,-3.712465763092041,CORRECT_NO_ANSWER
0006-0002-0004,"Đất nước Puerto Rico đã bị nhiều đế quốc xâm chiếm, và đã chuyển từ thuộc địa của Tây Ban Nha thành thuộc địa của Mỹ vào giao đọan nào?",1898,Trong cuộc chiến tranh Mỹ-Tây Ban Nha,True,False,0,0.0,1.0,0.5692873001098633,9.58543872833252,-0.5692873001098633,WRONG_SPAN
0006-0002-0005,Sau khi được phát hiện Puerto Rico bị nước nào cai trị?,Đế chế Tây Ban Nha,",",True,False,0,0.0,1.0,0.09720993041992188,9.981439590454102,-0.09720993041992188,WRONG_SPAN
0006-0002-0006,Nhà thám hiểm châu Âu đi đến Puerto Rico là ai?,Christopher Columbus,", Christopher",True,False,0,0.6666666666666666,1.0,-1.066061019897461,10.939502716064453,1.066061019897461,SPAN_TOO_SHORT
0006-0002-0007,Nhà thám hiểm châu Âu đi đến Tây Ban Nha là ai?,,", Christopher",False,False,0,0.0,1.0,0.6248311996459961,9.40953254699707,-0.6248311996459961,UNANSWERABLE_FALSE_POSITIVE
0006-0002-0008,Mỹ nắm quyền kiểm sóat Puerto Rico từ thời gian nào?,1898,Trong cuộc chiến tranh Mỹ-Tây Ban Nha,True,False,0,0.0,1.0,-0.3170766830444336,10.444124221801758,0.3170766830444336,WRONG_SPAN
0006-0003-0001,"Kể từ năm 1967, Puerto Rico bàn cãi về vấn đề lãnh thổ đất nước bao nhiêu lần?",,đã bốn,False,False,0,0.0,1.0,-1.3470325469970703,10.984477996826172,1.3470325469970703,UNANSWERABLE_FALSE_POSITIVE
0006-0003-0002,Cuộc trưng cầu ý dân năm 2012 không bị chi phối bởi thế cầm quyền về mặt gì?,không có tính ràng buộc về mật pháp lý về tình trạng chính trị của hòn đảo,dân ý không có tính ràng buộc về mật,True,False,0,0.5384615384615384,1.0,2.827850341796875,7.299091339111328,-2.827850341796875,SPAN_TOO_SHORT
0006-0003-0003,Đợt trưng cầu dân ý gần đây nhất là khi nào?,ngày 6 tháng 11 năm 2012,vào ngày 6 tháng 11 năm,True,False,0,0.8333333333333334,1.0,1.9457969665527344,8.157898902893066,-1.9457969665527344,PARTIAL_SPAN
0006-0003-0004,Vấn đề chính trị nào đang có nhiều bàn luận dữ dội tại Hoa Kỳ?,,bao gồm khả năng trở thành một tiểu bang của Hoa Kỳ hay được,False,False,0,0.0,1.0,2.233485221862793,7.900439262390137,-2.233485221862793,UNANSWERABLE_FALSE_POSITIVE
0006-0003-0005,Trước khi kết quả đại đa số cư tri ở Puerto Rico chấp thuận nên hợp thức hóa quốc gia này như một bang của Mỹ thì đã có bao nhiêu lần thất bại?,bốn lần,đã bốn,True,False,0,0.5,1.0,0.6456193923950195,9.366571426391602,-0.6456193923950195,PARTIAL_SPAN
0006-0003-0006,Kết quả của cuộc trưng cầu ý dân năm 2012 là gì?,cử tri Puerto Rico đã bác bỏ sít sao tình trạng chính trị hiện tại (câu hỏi thứ nhất) và chấp thuận áp đảo việc trở thành tiểu bang của Hoa Kỳ như là một chọn lựa ưng ý (câu hỏi thứ hai),là giữ tình trạng như,True,False,0,0.16666666666666666,1.0,0.9177436828613281,9.16445541381836,-0.9177436828613281,SPAN_TOO_SHORT
0006-0003-0007,"Kể từ năm 1967, Puerto Rico tổ chức trưng cầu ý dân về vấn đề lãnh thổ đất nước bao nhiêu lần?",bốn lần,đã bốn,True,False,0,0.5,1.0,-1.7343711853027344,11.21881103515625,1.7343711853027344,PARTIAL_SPAN
0006-0003-0008,Vấn đề chính trị nào đang có nhiều bàn luận dữ dội tại Puerto Rico?,"Tình trạng chính trị hiện nay của hòn đảo, bao gồm khả năng trở thành một tiểu bang của Hoa Kỳ hay được độc lập",bao gồm khả năng trở thành một tiểu bang của Hoa Kỳ hay được,True,False,0,0.717948717948718,1.0,-0.10317707061767578,10.212441444396973,0.10317707061767578,SPAN_TOO_SHORT
0006-0004-0001,Người dân Ortoiroid ở Peurto Rico đã cùng sinh sống với người có nguồn Venezuela trong khỏang thời gian nào?,Giữa thế kỉ 4 và thế kỉ 10,,True,True,0,0.0,1.0,4.657740592956543,5.49903678894043,-4.657740592956543,ANSWERABLE_PREDICTED_EMPTY
0006-0004-0002,"Theo khảo cổ học, người da đỏ định cư tại Puerto Rico ít nhất bao nhiêu năm về trước?",2000 năm trước công nguyên,niên đại 2000,True,False,0,0.25,1.0,-0.6721248626708984,10.616558074951172,0.6721248626708984,SPAN_TOO_SHORT
0006-0004-0003,Thành phần chính của bộ lạc Ortoiroid tại đảo Puerto Rico là ai?,những thổ dân da đỏ,là những thổ dân da,True,False,0,0.8000000000000002,1.0,-1.5353631973266602,11.434111595153809,1.5353631973266602,PARTIAL_SPAN
0006-0004-0004,"Theo khảo cổ học, người da đỏ định cư tại châu Âu ít nhất bao nhiêu năm về trước?",,niên đại 2000,False,False,0,0.0,1.0,0.8694019317626953,9.189550399780273,-0.8694019317626953,UNANSWERABLE_FALSE_POSITIVE
0006-0004-0005,Nền văn hóa có lịch sử phát triển rực rỡ ở đảo Puerto Rico là gì?,nền văn hóa Taino,,True,True,0,0.0,1.0,8.279541373252869,1.8907171487808228,-8.279541373252869,ANSWERABLE_PREDICTED_EMPTY
0006-0004-0006,Ở giai đọan nào trong lịch sử đã có hai bộ tộc cùng sống tại Puerto Rico?,Giữa thế kỉ 4 và thế kỉ 10,,True,True,0,0.0,1.0,5.728450775146484,4.426817893981934,-5.728450775146484,ANSWERABLE_PREDICTED_EMPTY
0006-0004-0007,Tộc người da đỏ sinh sống trên đảo Puerto Rico bằng cách nào?,làm nghề sắn bắt và đánh cá,làm nghề sắn bắt và,True,False,0,0.8333333333333333,1.0,1.088393211364746,9.070422172546387,-1.088393211364746,SPAN_TOO_SHORT
0006-0005-0001,Nhà thám hiểm châu Âu đã gọi hòn đảo mới tìm thấy là gì?,San Juan Bautista,ra đảo,True,False,0,0.0,1.0,3.3431711196899414,6.792773246765137,-3.3431711196899414,WRONG_SPAN
0006-0005-0002,Columbus đã vô tình tìm thấy Puerto Rico trong chuyến viễn chinh lần thứ mấy?,lần thứ hai,", Christopher Columbus trong chuyến thám hiểm lần thứ",True,False,0,0.36363636363636365,1.0,-0.4811582565307617,10.490947723388672,0.4811582565307617,SPAN_TOO_LONG
0006-0005-0003,Ai là nhà lãnh đạo chính thức đầu tiên của 'Borikén'?,Juan Ponce de Leon,", Juan Ponce de",True,False,0,0.8571428571428571,1.0,-2.4061336517333984,11.788734436035156,2.4061336517333984,SPAN_TOO_SHORT
0006-0005-0004,Ý nghĩa của cái tên Borikén mà Columbus đặt cho hòn đảo là gì?,,,False,True,1,1.0,1.0,6.3153510093688965,3.8304848670959473,-6.3153510093688965,CORRECT_NO_ANSWER
0006-0005-0005,Nhà thám hiểm Tây Ban Nha đã gọi hòn đảo mới tìm thấy là gì?,,ra đảo,False,False,0,0.0,1.0,3.2796316146850586,6.851749420166016,-3.2796316146850586,UNANSWERABLE_FALSE_POSITIVE
0006-0005-0006,Ý nghĩa của cái tên San Juan Bautista mà Columbus đặt cho hòn đảo là gì?,tưởng niệm thánh John Baptist,,True,True,0,0.0,1.0,4.2788801193237305,5.86044979095459,-4.2788801193237305,ANSWERABLE_PREDICTED_EMPTY
0006-0005-0007,Những người bản địa San Juan Bautista gọi lãnh thổ của họ là gì?,,thành Puerto Rico còn,False,False,0,0.0,1.0,1.981302261352539,8.12891960144043,-1.981302261352539,UNANSWERABLE_FALSE_POSITIVE
0006-0005-0008,Nhà thám hiểm Christopher Columbus đã đổi tên hòn đảo Puerto Rico thành San Juan Bautista vào năm nào?,năm 1493,,True,True,0,0.0,1.0,6.236692190170288,3.779231309890747,-6.236692190170288,ANSWERABLE_PREDICTED_EMPTY
0006-0005-0009,Những người bản địa Puerto Rico gọi lãnh thổ của họ là gì?,Borikén,,True,True,0,0.0,1.0,4.961642265319824,5.153435707092285,-4.961642265319824,ANSWERABLE_PREDICTED_EMPTY
0006-0006-0001,Nếu không bị mất mạng bởi chiến tranh hay dịch bệnh thì người Tây Ban Nha sẽ ra sao?,,Nha bắt làm,False,False,0,0.0,1.0,2.9428768157958984,7.214227676391602,-2.9428768157958984,UNANSWERABLE_FALSE_POSITIVE
0006-0006-0002,Vai trò của Puerto Rico trong hệ thống thuộc địa của thực dân Pháp là gì?,,,False,True,1,1.0,1.0,8.145635604858398,2.0090999603271484,-8.145635604858398,CORRECT_NO_ANSWER
0006-0006-0003,Quốc gia châu Phi nào đã đưa quân tràn sang đảo Puerto Rico?,,Người,False,False,0,0.0,1.0,2.9514694213867188,7.207015037536621,-2.9514694213867188,UNANSWERABLE_FALSE_POSITIVE
0006-0006-0004,Vai trò của Puerto Rico trong hệ thống thuộc địa của thực dân Tây Ban Nha là gì?,một pháo đài phòng thủ quan trọng,,True,True,0,0.0,1.0,7.109994411468506,3.0440945625305176,-7.109994411468506,ANSWERABLE_PREDICTED_EMPTY
0006-0006-0005,Những cường quốc khác nào từng lăm le ý định giành lấy đảo Puerto Rico?,"Pháp, Hà Lan và Anh","như Pháp, Hà Lan và",True,False,0,0.8000000000000002,1.0,-1.2922954559326172,11.345666885375977,1.2922954559326172,PARTIAL_SPAN
0006-0006-0006,Quốc gia châu Âu nào đã đưa quân tràn sang đảo Puerto Rico?,Người Tây Ban Nha,Người,True,False,0,0.4,1.0,2.7944774627685547,7.365420341491699,-2.7944774627685547,SPAN_TOO_SHORT
0006-0006-0007,"Ngòai người bản xứ, đối tượng nào cũng bị bắt làm nô lệ?",nô lệ da đen,. Những người thổ dân Taino hoặc bị giết trong những trận chiếm đẫm máu mà ưu thế thuộc về người Tây Ban Nha hay những bệnh dịch chết người từ châu,True,False,0,0.0,1.0,2.744955062866211,7.040309906005859,-2.744955062866211,WRONG_SPAN
0006-0006-0008,Tại sao số lượng người bản địa tại đảo Puerto Rico hạ xuống thấp trong trời gian bị Tây Ban Nha cai trị?,bị giết trong những trận chiếm đẫm máu mà ưu thế thuộc về người Tây Ban Nha hay những bệnh dịch chết người,,True,True,0,0.0,1.0,9.20144808292389,0.9702485799789429,-9.20144808292389,ANSWERABLE_PREDICTED_EMPTY
0006-0006-0009,Nếu không bị mất mạng bởi chiến tranh hay dịch bệnh thì người bản địa Puerto Rico sẽ ra sao?,bị người Tây Ban Nha bắt làm nô lệ,,True,True,0,0.0,1.0,5.848775863647461,4.308603286743164,-5.848775863647461,ANSWERABLE_PREDICTED_EMPTY
0006-0007-0001,Người cầm quyền nào đã bãi bỏ chính sách công nhận Puerto Rico là một tỉnh hải ngọai?,vua Ferdinand VII,",",True,False,0,0.0,1.0,2.847170829772949,6.707947731018066,-2.847170829772949,WRONG_SPAN
0006-0007-0002,Tại sao những nước bị Tây Ban Nha kiểm sóat lại đồng lọat đòi tách ra?,"Cuộc chiến tranh Iberia nổ ra giữa Tây Ban Nha, Bồ Đào Nha và Anh với quân Pháp","Cuộc chiến tranh Iberia nổ ra giữa Tây Ban Nha, Bồ Đào Nha và Anh với quân",True,False,0,0.9714285714285714,1.0,3.468778610229492,6.667483329772949,-3.468778610229492,SPAN_TOO_SHORT
0006-0007-0003,Trước khi vua Ferdinand VII nắm trong tay quyền điều hành thì đảo Peurto Rico có được quyền lợi gì từ Ủy ban Trung ương tối cao tại Cadiz?,gửi đại diện đến quốc hội Tây Ban Nha,,True,True,0,0.0,1.0,7.151944160461426,2.994257926940918,-7.151944160461426,ANSWERABLE_PREDICTED_EMPTY
0006-0007-0004,Cơ quan nào cho phép Puerto Rico gửi người đại diện đến Pháp?,,đến quốc hội,False,False,0,0.0,1.0,-0.42696285247802734,10.451401710510254,0.42696285247802734,UNANSWERABLE_FALSE_POSITIVE
0006-0007-0005,Dù không suôn sẻ nhưng những nỗ lực tuyên bố độc lập của Puerto Rico đã có ảnh hưởng gì?,góp phần nâng cao tính dân tộc của người dân hòn đảo,,True,True,0,0.0,1.0,5.837445259094238,4.309634208679199,-5.837445259094238,ANSWERABLE_PREDICTED_EMPTY
0006-0007-0006,Cơ quan nào cho phép Puerto Rico gửi người đại diện đến chính quốc ở đất liền?,Ủy ban Trung ương Tối cao tại Cadiz,đến quốc hội,True,False,0,0.0,1.0,-1.6920661926269531,11.416041374206543,1.6920661926269531,WRONG_SPAN
0006-0007-0007,Puerto Rico được xem là một tỉnh ngòai đất liền của Tây Ban Nha vào năm nào?,Năm 1809,,True,True,0,0.0,1.0,5.501473903656006,4.511448383331299,-5.501473903656006,ANSWERABLE_PREDICTED_EMPTY
0006-0007-0008,Tại sao những nước bị Anh kiểm sóat lại đồng lọat đòi tách ra?,,,False,True,1,1.0,1.0,5.989260673522949,4.15723991394043,-5.989260673522949,CORRECT_NO_ANSWER
0006-0008-0001,Ai được xem là người khởi xướng cho những phong trào đấu tranh giành tự do ở Puerto Rico?,Ramon Emeterio Betances,", Luis Munoz",True,False,0,0.0,1.0,3.1504111289978027,6.921387195587158,-3.1504111289978027,WRONG_SPAN
0006-0008-0002,Những yếu tố nào đã tạo nên xung đột giữa thuộc địa và chính quốc?,mâu thuẫn chính trị và sự nghèo đói,", mâu thuẫn chính trị và sự nghèo đói của hòn",True,False,0,0.888888888888889,1.0,-1.816162109375,11.463083267211914,1.816162109375,SPAN_TOO_LONG
0006-0008-0003,Người nào đã thành công khi thỏa thuận với chính quốc về chính trị của Puerto Rico?,,", Luis Munoz",False,False,0,0.0,1.0,0.0746316909790039,9.954240798950195,-0.0746316909790039,UNANSWERABLE_FALSE_POSITIVE
0006-0008-0004,Hai nước châu Mỹ vẫn bị Tây Ban Nha kiểm sóat vào cuối thế kỉ XIX là gì?,Puerto Rico và Cuba,", Puerto Rico và",True,False,0,0.8571428571428571,1.0,-2.4203062057495117,11.561817169189453,2.4203062057495117,SPAN_TOO_SHORT
0006-0008-0005,Cuộc phản kháng mạnh mẽ của người dân sống tại Lares năm 1868 có tên gọi là gì?,Grito de Lares,", cuộc nổi dậy ""Grito de Lares",True,False,0,0.6666666666666666,1.0,1.5446577072143555,8.49979019165039,-1.5446577072143555,SPAN_TOO_LONG
0006-0008-0006,Cuộc sống trên đảo Peurto Rico ra sao trong giai đọan cuối thế kỷ 19?,nghèo đói,,True,True,0,0.0,1.0,8.786622524261475,1.3746533393859863,-8.786622524261475,ANSWERABLE_PREDICTED_EMPTY
0006-0008-0007,Hai nước châu Mỹ vẫn bị Cuba kiểm sóat vào cuối thế kỉ XIX là gì?,,", Puerto Rico và",False,False,0,0.0,1.0,-1.9137763977050781,11.247692108154297,1.9137763977050781,UNANSWERABLE_FALSE_POSITIVE
0006-0008-0008,Cuộc phản kháng mạnh mẽ của người dân sống tại Tây Ban Nha năm 1868 có tên gọi là gì?,,", cuộc nổi dậy ""Grito de Lares",False,False,0,0.0,1.0,3.009547233581543,7.032886505126953,-3.009547233581543,UNANSWERABLE_FALSE_POSITIVE
0006-0008-0009,Người nào đã thành công khi thỏa thuận với chính quốc về quyền tự do của Puerto Rico?,Luis Munoz Rivera,", Luis Munoz",True,False,0,0.8,1.0,0.5287857055664062,9.51408576965332,-0.5287857055664062,SPAN_TOO_SHORT
0006-0009-0001,"Trong Thế chiến I, tầng lớp nào ở Puerto Rico cùng với quân đội Mỹ chiến đấu?",thanh niên,nhiều thanh niên,True,False,0,0.8,1.0,3.0890016555786133,7.059632301330566,-3.0890016555786133,SPAN_TOO_LONG
0006-0009-0002,Dựa trên đạo luật gì mà người dân có thể trực tiếp chọn ra hạ viện?,Đạo luật Foraker,,True,True,0,0.0,1.0,3.7318544387817383,6.15755558013916,-3.7318544387817383,ANSWERABLE_PREDICTED_EMPTY
0006-0009-0003,"Sang thế kỉ XX, cường quốc nào kiểm sóat Mỹ?",,", Puerto Rico nằm dưới sự cai trị của quân đội",False,False,0,0.0,1.0,2.0228271484375,8.094614028930664,-2.0228271484375,UNANSWERABLE_FALSE_POSITIVE
0006-0009-0004,Cùng với thượng viện thì cần thêm cơ quan nào nữa để tạo ra một đất nước có quốc hội lưỡng viện như Puerto Rico?,hạ viện,ra thượng viện do dân,True,False,0,0.28571428571428575,1.0,-1.2835769653320312,11.309453964233398,1.2835769653320312,SPAN_TOO_LONG
0006-0009-0005,Dựa trên đạo luật gì mà người dân có thể trực tiếp cai trị?,,,False,True,1,1.0,1.0,4.781421661376953,5.184449195861816,-4.781421661376953,CORRECT_NO_ANSWER
0006-0009-0006,Đạo luật nào cho phép người dân Puerto Rico tự mình bầu ra thượng viện kể từ năm 1917?,Đạo luật Jones-Shafroth,",",True,False,0,0.0,1.0,1.998152732849121,7.414986610412598,-1.998152732849121,WRONG_SPAN
0006-0009-0007,Tổng thống Mỹ có thể chọn ra người làm vị trí nào trong chính phủ Puerto Rico?,thống đốc,và thống đốc,True,False,0,0.8,1.0,-1.5922536849975586,11.40330982208252,1.5922536849975586,SPAN_TOO_LONG
0006-0009-0008,"Sang thế kỉ XX, cường quốc nào kiểm sóat Puerto Rico?",Mỹ,của quân đội,True,False,0,0.0,1.0,-0.28822803497314453,10.332213401794434,0.28822803497314453,WRONG_SPAN
0006-0009-0009,Thống đốc Puerto Rico có thể chọn ra người làm vị trí nào trong chính phủ Puerto Rico?,,,False,True,1,1.0,1.0,3.9376306533813477,6.189131736755371,-3.9376306533813477,CORRECT_NO_ANSWER
0006-0010-0001,Người đứng đầu Đảng Dân tộc Puerto Rico đã kêu gọi người dân vùng lên khỏi sự kìm hãm của Mỹ vào thời gian nào?,Ngày 30 tháng 10 năm 1950,. Ngày 30 tháng 10 năm,True,False,0,0.9090909090909091,1.0,-1.230508804321289,11.157445907592773,1.230508804321289,SPAN_TOO_SHORT
0006-0010-0002,"Bên cạnh những thảm họa không thể tránh khỏi, Peurto còn phải hứng chịu tác động từ đâu?",cuộc Đại khủng hỏang 1929,,True,True,0,0.0,1.0,5.0814313888549805,5.076584815979004,-5.0814313888549805,ANSWERABLE_PREDICTED_EMPTY
0006-0010-0003,Chính quyền Puerto Rico đã thực hiện nhiều cuộc tấn công nhằm vào nhân vật quan trọng nào của Mỹ?,tổng thống Harry Truman,ám sát tổng thống Harry,True,False,0,0.6666666666666665,1.0,-0.7763233184814453,10.893918991088867,0.7763233184814453,SPAN_TOO_LONG
0006-0010-0004,Yếu tố thiên nhiên nào đã tác động xấu đến tình hình phát triển của Hoa Kỳ?,,"như động đất, sóng thần, các cơn bão nhiệt đới cũng như cuộc Đại khủng hỏang",False,False,0,0.0,1.0,2.4621353149414062,7.677729606628418,-2.4621353149414062,UNANSWERABLE_FALSE_POSITIVE
0006-0010-0005,"Bên cạnh những thảm họa không thể tránh khỏi, Mỹ còn phải hứng chịu tác động từ đâu?",,,False,True,1,1.0,1.0,5.609435081481934,4.5519866943359375,-5.609435081481934,CORRECT_NO_ANSWER
0006-0010-0006,Yếu tố thiên nhiên nào đã tác động xấu đến tình hình phát triển của Puerto Rico?,"động đất, sóng thần, các cơn bão nhiệt đới","như động đất, sóng thần, các cơn bão nhiệt đới cũng như cuộc Đại khủng hỏang",True,False,0,0.72,1.0,0.7315940856933594,9.39314079284668,-0.7315940856933594,SPAN_TOO_LONG
0006-0010-0007,Ai là người đưa ra quyết định khởi nghĩa chống lại sự kiểm sóat của Hoa Kì?,Pedro Albizu Campos,", Pedro Albizu Campos, lãnh đạo Đảng Dân tộc",True,False,0,0.5454545454545454,1.0,1.2638778686523438,8.158105850219727,-1.2638778686523438,SPAN_TOO_LONG
0006-0010-0008,Chính quyền Jayuya đã thực hiện nhiều cuộc tấn công nhằm vào nhân vật quan trọng nào của Mỹ?,,ám sát tổng thống Harry,False,False,0,0.0,1.0,-0.007861137390136719,10.105268478393555,0.007861137390136719,UNANSWERABLE_FALSE_POSITIVE
0006-0010-0009,Người đứng đầu của Đảng Dân tộc ở Puerto Rico đã bị quân đội Mỹ giam cầm dưới thời đại của vị tổng thống nào?,Harry Truman,tổng thống Harry,True,False,0,0.4,1.0,-1.1106147766113281,11.19003677368164,1.1106147766113281,SPAN_TOO_LONG
0006-0011-0001,Bản hiến pháp đầu tiên của Puerto Rico lần đầu tiên được thông qua bời chính quyền Truman vào thời gian nào?,ngày 3 tháng 7,vào ngày 3 tháng,True,False,0,0.75,1.0,0.5840663909912109,9.500343322753906,-0.5840663909912109,PARTIAL_SPAN
0006-0011-0002,Khi nào thì nhân dân Puerto có thể tự chọn ra thống đốc cho mình?,Năm 1947,Năm,True,False,0,0.6666666666666666,1.0,1.3584394454956055,8.765755653381348,-1.3584394454956055,SPAN_TOO_SHORT
0006-0011-0003,Ai là người có vai trò quan trọng trong thành công của cuộc thương lượng với Mỹ?,Luis Munoz Marin,.,True,False,0,0.0,1.0,1.718029499053955,7.17965841293335,-1.718029499053955,WRONG_SPAN
0006-0011-0004,Puerto Rico có quyền tham khảo ý kiến nhân dân về việc xây dựng chính phủ riêng vào năm nào?,,Năm,False,False,0,0.0,1.0,1.9098272323608398,8.189826011657715,-1.9098272323608398,UNANSWERABLE_FALSE_POSITIVE
0006-0011-0005,Puerto Rico có quyền tham khảo ý kiến nhân dân về việc xây dựng hiến pháp riêng vào năm nào?,Năm 1950,. Năm,True,False,0,0.6666666666666666,1.0,-0.2034893035888672,10.23486328125,0.2034893035888672,SPAN_TOO_SHORT
0006-0011-0006,Khi nào thì nhân dân Puerto có thể tự chọn ra hiến pháp riêng cho mình?,,,False,True,1,1.0,1.0,3.531981945037842,6.585752010345459,-3.531981945037842,CORRECT_NO_ANSWER
0006-0011-0007,Luis Munoz Marin được người dân bầu chọn làm vị trí nào?,thống đốc,trở thành thống đốc,True,False,0,0.6666666666666666,1.0,-0.7398147583007812,10.60417366027832,0.7398147583007812,SPAN_TOO_LONG
0006-0011-0008,Bản hiến pháp đầu tiên của Mỹ lần đầu tiên được thông qua bời chính quyền Truman vào thời gian nào?,,vào ngày 3 tháng,False,False,0,0.0,1.0,0.34696197509765625,9.734067916870117,-0.34696197509765625,UNANSWERABLE_FALSE_POSITIVE
0006-0012-0001,Tại sao Puerto Rico không được Mỹ ủy quyền?,,,False,True,1,1.0,1.0,3.867518424987793,6.2634477615356445,-3.867518424987793,CORRECT_NO_ANSWER
0006-0012-0002,Lãnh đạo của nhánh hành pháp là ai?,Anibal Acevedo Vila,,True,True,0,0.0,1.0,3.8883228302001953,6.172027587890625,-3.8883228302001953,ANSWERABLE_PREDICTED_EMPTY
0006-0012-0003,Có bao nhiêu nhánh trong hệ thống tam quyền phân lập ở Hoa Kỳ?,,"gồm ba nhánh: lập pháp, hành pháp và",False,False,0,0.0,1.0,1.4718027114868164,8.604290962219238,-1.4718027114868164,UNANSWERABLE_FALSE_POSITIVE
0006-0012-0004,Đâu là một khu vực còn độc lập về chính trị của nhà nước Puerto Rico?,,,False,True,1,1.0,1.0,7.669223308563232,2.479160785675049,-7.669223308563232,CORRECT_NO_ANSWER
0006-0012-0005,Người có quyền hạn cao nhất tại Puerto Rico là ai?,tổng thống Mỹ,,True,True,0,0.0,1.0,3.6924924850463867,6.448757171630859,-3.6924924850463867,ANSWERABLE_PREDICTED_EMPTY
0006-0012-0006,Có bao nhiêu nhánh trong hệ thống tam quyền phân lập ở Peurto Rico?,ba nhánh,"gồm ba nhánh: lập pháp, hành pháp và",True,False,0,0.4,1.0,2.5673751831054688,7.530067443847656,-2.5673751831054688,SPAN_TOO_LONG
0006-0012-0007,Tại sao Puerto Rico không được Mỹ bảo vệ tòan diện?,không phải là một tiểu bang của Hoa Kỳ,,True,True,0,0.0,1.0,5.283718109130859,4.868134498596191,-5.283718109130859,ANSWERABLE_PREDICTED_EMPTY
0006-0012-0008,Đâu là một khu vực còn đôc lập về chính trị của Mỹ?,Puerto Rico,,True,True,0,0.0,1.0,6.823508262634277,3.32840633392334,-6.823508262634277,ANSWERABLE_PREDICTED_EMPTY
0006-0012-0009,Chủ tịch của nhánh hành pháp là ai?,,,False,True,1,1.0,1.0,4.530732154846191,5.552892684936523,-4.530732154846191,CORRECT_NO_ANSWER
0006-0013-0001,Phe nào muốn Hoa Kỳ trở thành một nước tự trị?,,", Đảng Độc lập Puerto Rico (PIP",False,False,0,0.0,1.0,0.6096725463867188,9.002779006958008,-0.6096725463867188,UNANSWERABLE_FALSE_POSITIVE
0006-0013-0002,Chủ trương của phe PPD là gì?,duy trì hiện trạng Puerto Rico với vai trò hiện nay là một lãnh thổ thịnh vượng chung thuộc Hoa Kỳ,muốn duy trì hiện trạng Puerto Rico với vai trò hiện nay là một lãnh thổ thịnh vượng chung thuộc,True,False,0,0.9268292682926829,1.0,0.8642635345458984,9.157865524291992,-0.8642635345458984,SPAN_TOO_SHORT
0006-0013-0003,Tình hình chính trị của Hoa Kỳ kể từ năm 1952 bị chia thành bao nhiêu phe chính?,,giữa 3,False,False,0,0.0,1.0,-0.876678466796875,10.868165969848633,0.876678466796875,UNANSWERABLE_FALSE_POSITIVE
0006-0013-0004,Phe nào muốn Puerto Rico trở thành một nước tự trị?,Đảng Độc lập Puerto Rico (PIP),", Đảng Độc lập Puerto Rico (PIP",True,False,1,1.0,1.0,0.6228551864624023,9.008625984191895,-0.6228551864624023,CORRECT
0006-0013-0005,Phe nào muốn lãnh thổ được sáp nhập vào Puerto Rico?,,", Đảng Độc lập Puerto Rico (PIP",False,False,0,0.0,1.0,0.9816217422485352,8.8321533203125,-0.9816217422485352,UNANSWERABLE_FALSE_POSITIVE
0006-0013-0006,Dù có nhiều xu hướng khác nhau nhưng lựa chọn Hoa Kỳ là gì?,,,False,True,1,1.0,1.0,6.592021226882935,3.5534284114837646,-6.592021226882935,CORRECT_NO_ANSWER
0006-0013-0007,Phe nào muốn lãnh thổ được sáp nhập vào Mỹ?,Đảng Cấp tiến Mới Puerto Rico (PNP),", Đảng Độc lập Puerto Rico (PIP",True,False,0,0.4615384615384615,1.0,1.147653579711914,8.667587280273438,-1.147653579711914,SPAN_TOO_SHORT
0006-0013-0008,Tình hình chính trị của Puerto Rico kể từ năm 1952 bị chia thành bao nhiêu phe chính?,3 đảng phái chính,giữa 3,True,False,0,0.3333333333333333,1.0,-1.213425636291504,11.100080490112305,1.213425636291504,SPAN_TOO_SHORT
0006-0013-0009,Dù có nhiều xu hướng khác nhau nhưng lựa chọn của đa số người dân là gì?,giữ nguyên hiện trạng chính trị,chọn lựa giữ nguyên hiện trạng chính trị như hiện nay như một vùng lãnh thổ quốc hải của,True,False,0,0.4799999999999999,1.0,3.2844629287719727,6.860255241394043,-3.2844629287719727,SPAN_TOO_LONG
0006-0014-0001,Khu vực có khí hậu mát mẻ nhất miền nam là ở đâu?,,đó vùng cao nguyên và đồi núi trung tâm,False,False,0,0.0,1.0,-2.281991958618164,11.640016555786133,2.281991958618164,UNANSWERABLE_FALSE_POSITIVE
0006-0014-0002,Đặc điểm khí hậu của Puerto Rico là gì?,ấm áp quanh năm,có khí hậu ấm áp,True,False,0,0.4444444444444445,1.0,0.22832107543945312,9.811004638671875,-0.22832107543945312,SPAN_TOO_LONG
0006-0014-0003,Khu vực có khí hậu mát mẻ nhất lãnh thổ là ở đâu?,vùng cao nguyên và đồi núi,đó vùng cao nguyên và đồi núi trung tâm,True,False,0,0.8,1.0,-1.7796506881713867,11.431614875793457,1.7796506881713867,SPAN_TOO_LONG
0006-0014-0004,Phần lớn lượng nước mưa ở miền Nam bắt nguồn từ đâu?,,của những cơn bão từ,False,False,0,0.0,1.0,0.44501495361328125,9.654775619506836,-0.44501495361328125,UNANSWERABLE_FALSE_POSITIVE
0006-0014-0005,Biên độ nhiệt trong năm của Puerto Rico như thế nào?,khỏang 26 °C (80 °F),,True,True,0,0.0,1.0,4.265499591827393,5.849768161773682,-4.265499591827393,ANSWERABLE_PREDICTED_EMPTY
0006-0014-0006,Đặc điểm khí hậu của Đại Tây Dương là gì?,,có khí hậu ấm áp,False,False,0,0.0,1.0,1.1640424728393555,8.909089088439941,-1.1640424728393555,UNANSWERABLE_FALSE_POSITIVE
0006-0014-0007,Puerto Rico có kiểu khí hậu gì?,khí hậu nhiệt đới,có khí hậu ấm áp,True,False,0,0.4444444444444445,1.0,-0.45532989501953125,10.427129745483398,0.45532989501953125,SPAN_TOO_LONG
0006-0014-0008,Phần lớn lượng nước mưa ở lãnh thổ bắt nguồn từ đâu?,những cơn bão từ Đại Tây Dương,của những cơn bão từ Đại Tây Dương đổ,True,False,0,0.8750000000000001,1.0,-0.6117267608642578,10.691064834594727,0.6117267608642578,SPAN_TOO_LONG
0006-0015-0001,Thành tựu của Puerto Rico sau những nỗ lực phát triển là gì?,hiện là một trong các nước có thu nhập bình quân đầu người cao nhất châu Mỹ,,True,True,0,0.0,1.0,7.249873399734497,2.8911540508270264,-7.249873399734497,ANSWERABLE_PREDICTED_EMPTY
0006-0015-0002,Một trong những trở ngại khó khăn nhất với nền kinh tế của Puerto Rico trong giai đọan đầu là gì?,cuộc Đại Khủng hỏang 1929 từ nước Mỹ,,True,True,0,0.0,1.0,8.348573684692383,1.7914276123046875,-8.348573684692383,ANSWERABLE_PREDICTED_EMPTY
0006-0015-0003,Điều kiện thuận lợi nào giúp Puerto Rico vươn lên nhanh chóng?,được chính phủ Mỹ miễn thuế,,True,True,0,0.0,1.0,5.373952865600586,4.768527984619141,-5.373952865600586,ANSWERABLE_PREDICTED_EMPTY
0006-0015-0004,Ngành gì chiếm vị trí quan trọng trong kinh tế của Puerto Rico từ thế kỉ XX trở về trước?,ngành trồng và xuất khẩu mía đường,quanh ngành trồng và xuất khẩu mía,True,False,0,0.8571428571428571,1.0,-0.8977375030517578,10.973339080810547,0.8977375030517578,PARTIAL_SPAN
0006-0015-0005,Kinh tế Puerto Rico chuyến biến kinh ngạc từ nông nghiệp sang công nghiệp vào thời gian nào?,thập niên 1940,đến thập niên,True,False,0,0.6666666666666666,1.0,1.3453369140625,8.72960090637207,-1.3453369140625,PARTIAL_SPAN
0006-0016-0001,Điểm nào ở các nước Puerto Rico khác hấp dẫn các nhà đầu tư nước ngòai hơn Mỹ Latinh?,,,False,True,1,1.0,1.0,3.5004148483276367,6.660041809082031,-3.5004148483276367,CORRECT_NO_ANSWER
0006-0016-0002,Điều gì đã làm tê liệt chính phủ và hệ thống trường công của Puerto Rico năm 2006?,cuộc khủng hỏang ngân qũy trầm trọng,ra cuộc khủng hỏang ngân qũy,True,False,0,0.7692307692307692,1.0,0.8263931274414062,9.336877822875977,-0.8263931274414062,SPAN_TOO_SHORT
0006-0016-0003,Điểm nào ở các nước Mỹ Latinh khác hấp dẫn các nhà đầu tư nước ngòai hơn Puerto Rico?,giá nhân công rẻ,,True,True,0,0.0,1.0,3.6249308586120605,6.532203197479248,-3.6249308586120605,ANSWERABLE_PREDICTED_EMPTY
0006-0016-0004,Tại sao người dân Puerto Rico di cư sang các nước phát triển khác?,Tình trạng kinh tế khó khăn giữa các cuộc khủng hỏang kinh tế,tới,True,False,0,0.0,1.0,1.2367267608642578,8.928775787353516,-1.2367267608642578,WRONG_SPAN
0006-0016-0005,Tỉ lệ tăng trưởng kinh tế quốc dân của Puerto Rico tụt xuống mức âm vào năm nào?,năm 2007,vào năm,True,False,0,0.5,1.0,0.6063194274902344,9.50084114074707,-0.6063194274902344,PARTIAL_SPAN
0006-0016-0006,Tỉ lệ tăng trưởng ngân qũy quốc dân của Puerto Rico tụt xuống mức âm vào năm nào?,,vào năm,False,False,0,0.0,1.0,-0.34027767181396484,10.401261329650879,0.34027767181396484,UNANSWERABLE_FALSE_POSITIVE
0006-0016-0007,Hậu quả để lại sau cuộc khủng hỏang ngân qũy ở Puerto Rico năm 2006 là gì?,gần 96 000 người bị cho nghỉ việ,,True,True,0,0.0,1.0,7.422574281692505,2.7470433712005615,-7.422574281692505,ANSWERABLE_PREDICTED_EMPTY
0006-0016-0008,Hậu quả để lại sau cuộc khủng hỏang kinh tế ở Puerto Rico năm 2006 là gì?,,,False,True,1,1.0,1.0,7.515157461166382,2.65486741065979,-7.515157461166382,CORRECT_NO_ANSWER
0006-0017-0001,Để khai thác tối ta tiềm năng du lịch thì chính quyền đã đầu tư xây dựng những công trình gì?,"Nhiều khách sạn, các khu nghỉ dưỡng, trung tâm hội thảo lớn",như Trung tâm Hội nghị,True,False,0,0.35294117647058826,1.0,-1.1262626647949219,11.107155799865723,1.1262626647949219,SPAN_TOO_SHORT
0006-0017-0002,Các ngành công nghiệp trọng điểm của Puerto Rico là gì?,"các ngành hóa dầu, dược phẩm và khoa học công nghệ",.,True,False,0,0.0,1.0,1.1249675750732422,9.007081985473633,-1.1249675750732422,WRONG_SPAN
0006-0017-0003,Gần sáu triệu khách nước ngòai đến với Puerto Rico vào năm nào?,năm 2007,vào năm,True,False,0,0.5,1.0,-1.2136754989624023,11.055288314819336,1.2136754989624023,PARTIAL_SPAN
0006-0017-0004,Ngành nào có tỉ trọng thấp nhất trong cơ cấu kinh tế Puerto Rico?,nông nghiệp,"với nông nghiệp chỉ chiếm 1%, công nghiệp chiếm 45% và",True,False,0,0.3076923076923077,1.0,0.8260650634765625,9.285745620727539,-0.8260650634765625,SPAN_TOO_LONG
0006-0017-0005,Hiện tại ngành nào chiếm vai trò lớn trong nông nghiệp?,ngành chăn nuôi lấy sản phẩm từ thịt và sữa,", công nghiệp chiếm 45% và",True,False,0,0.13333333333333333,1.0,1.3012676239013672,8.810208320617676,-1.3012676239013672,SPAN_TOO_SHORT
0006-0017-0006,Các ngành kinh tế trọng điểm của Puerto Rico là gì?,,.,False,False,1,1.0,1.0,0.5155925750732422,9.599051475524902,-0.5155925750732422,UNANSWERABLE_FALSE_POSITIVE
0006-0018-0001,Cơ quan nào đưa Cuba vào những nước có thu nhập trung bình trên đầu người cao?,,và Ngân hàng,False,False,0,0.0,1.0,-1.9797754287719727,11.682143211364746,1.9797754287719727,UNANSWERABLE_FALSE_POSITIVE
0006-0018-0002,Chỉ số HDI của Puerto Rico đạt bao nhiêu điểm vào năm 1998?,"0,942 điểm","đạt 0,942",True,False,0,0.6666666666666666,1.0,1.136077880859375,9.008810043334961,-1.136077880859375,PARTIAL_SPAN
0006-0018-0003,"Năm 2007, một người lao động Puerto Rico làm ra bao nhiêu tiền?",19.600 USD,là 19.600,True,False,0,0.6666666666666666,1.0,-0.05402660369873047,10.152981758117676,0.05402660369873047,PARTIAL_SPAN
0006-0018-0004,Số người trong độ tuổi lao động không có việc làm ở Puerto Rico chiếm bao nhiêu phần trăm?,"11,7%","cao 11,7",True,False,0,0.8,1.0,0.6365070343017578,9.48043441772461,-0.6365070343017578,SPAN_TOO_LONG
0006-0018-0005,"Bên cạnh Puerto Rico, hai nước có kinh tế phát triển nhất khu vực Caribeann là gì?",Cuba và Cộng hòa Dominicana,,True,True,0,0.0,1.0,7.327434539794922,2.8090295791625977,-7.327434539794922,ANSWERABLE_PREDICTED_EMPTY
0006-0018-0006,Cơ quan nào đưa Puerto Rico vào những nước có thu nhập trung bình trên đầu người cao?,Ngân hàng Thế giới,và Ngân hàng,True,False,0,0.5714285714285715,1.0,-2.0876502990722656,11.761489868164062,2.0876502990722656,SPAN_TOO_SHORT
0006-0018-0007,Chỉ số HDI của Mỹ đạt bao nhiêu điểm vào năm 1998?,,"đạt 0,942",False,False,0,0.0,1.0,1.1254987716674805,9.019028663635254,-1.1254987716674805,UNANSWERABLE_FALSE_POSITIVE
0006-0018-0008,Số người có thu nhập bình quân cao ở Puerto Rico chiếm bao nhiêu phần trăm?,,là 19.600,False,False,0,0.0,1.0,-0.177276611328125,10.210018157958984,0.177276611328125,UNANSWERABLE_FALSE_POSITIVE
0006-0019-0001,"Ngòai người bản địa và người da trắng nhập cư, Puerto Rico còn có chủng tộc nào?",Người da đen,người da,True,False,0,0.8,1.0,0.48736000061035156,9.627634048461914,-0.48736000061035156,SPAN_TOO_SHORT
0006-0019-0002,Ai là người bản địa ở Puerto Rico?,người da đỏ châu Mỹ,là người da đỏ châu,True,False,0,0.8000000000000002,1.0,2.498690605163574,7.643824577331543,-2.498690605163574,PARTIAL_SPAN
0006-0019-0003,Tại sao nhiều người tràn vào Puerto Rico?,để được cấp đất,,True,True,0,0.0,1.0,5.0182671546936035,5.107100963592529,-5.0182671546936035,ANSWERABLE_PREDICTED_EMPTY
0006-0019-0004,Dân số của Puerto Rico tăng vọt nhanh chóng kể từ khi nào?,Thế kỉ 19,. Tình trạng nhập cư vào thế kỉ,True,False,0,0.4,1.0,-1.0070476531982422,10.991661071777344,1.0070476531982422,SPAN_TOO_LONG
0006-0019-0005,Nguồn gốc của đa số người da trắng sinh sống ở Puerto Rico là gì?,người Tây Ban Nha,là người,True,False,0,0.3333333333333333,1.0,0.6950855255126953,9.44163703918457,-0.6950855255126953,SPAN_TOO_SHORT
0006-0019-0006,Nguồn gốc của đa số người da trắng sinh sống ở Đức là gì?,,là người,False,False,0,0.0,1.0,2.809995651245117,7.335468292236328,-2.809995651245117,UNANSWERABLE_FALSE_POSITIVE
0006-0019-0007,Ai là người bản địa ở Mỹ?,,là người da đỏ châu,False,False,0,0.0,1.0,1.9663009643554688,8.177312850952148,-1.9663009643554688,UNANSWERABLE_FALSE_POSITIVE
0006-0020-0001,Mỹ ủng hô người dân Puerto Rico theo tôn giáo nào?,Đạo Tin lành,", Đạo Tin",True,False,0,0.8,1.0,-1.3888263702392578,11.345466613769531,1.3888263702392578,SPAN_TOO_SHORT
0006-0020-0002,Đạo Tin lành không được khuyến khích và truyền bá rộng rãi ở Tây Ban Nha vào thời gian nào?,,,False,True,1,1.0,1.0,7.281404972076416,2.8658461570739746,-7.281404972076416,CORRECT_NO_ANSWER
0006-0020-0003,Mỹ ủng hô người dân Tây Ban Nha theo tôn giáo nào?,,", Đạo Tin",False,False,0,0.0,1.0,-2.0035171508789062,11.706756591796875,2.0035171508789062,UNANSWERABLE_FALSE_POSITIVE
0006-0020-0004,Những nhà thờ tôn giáo bản địa Rôma được gọi là gì?,,,False,True,1,1.0,1.0,10.277179956436157,-0.12333512306213379,-10.277179956436157,CORRECT_NO_ANSWER
0006-0020-0005,Tôn giáo có lịch sử dài nhất ở Puerto Rico là gì?,Công giáo Rôma,Công giáo,True,False,0,0.8,1.0,3.3889598846435547,6.725091934204102,-3.3889598846435547,SPAN_TOO_SHORT
0006-0020-0006,Đạo Tin lành không được khuyến khích và truyền bá rộng rãi ở Puerto Rico vào thời gian nào?,Dưới sự cai trị của người Tây Ban Nha,,True,True,0,0.0,1.0,4.31179666519165,5.826827526092529,-4.31179666519165,ANSWERABLE_PREDICTED_EMPTY
0006-0020-0007,Hiện tại vị trí của Công giáo Rôma ở Puerto Rico là gì?,tôn giáo chủ yếu,,True,True,0,0.0,1.0,4.292660236358643,5.821527004241943,-4.292660236358643,ANSWERABLE_PREDICTED_EMPTY
0006-0020-0008,Những nhà thờ Công giáo Rôma dược gọi là gì?,plaza,,True,True,0,0.0,1.0,10.122534036636353,0.02872633934020996,-10.122534036636353,ANSWERABLE_PREDICTED_EMPTY
0006-0021-0001,Dân tộc nào hiện tại chỉ chiếm một phần ít tổng số dân của Châu Phi?,,,False,True,1,1.0,1.0,3.6167430877685547,6.335033416748047,-3.6167430877685547,CORRECT_NO_ANSWER
0006-0021-0002,Những nhà cầm quyền Hoa Kì đã xây dựng gì tại Peurto Rico vào năm 1903?,Trường Đại học Puerto Rico,", Trường Đại học",True,False,0,0.7499999999999999,1.0,-0.959101676940918,11.001323699951172,0.959101676940918,SPAN_TOO_SHORT
0006-0021-0003,Thiên chúa giáo được ai du nhập vào Puerto Rico?,Người Tây Ban Nha,,True,True,0,0.0,1.0,4.306421279907227,5.845183372497559,-4.306421279907227,ANSWERABLE_PREDICTED_EMPTY
0006-0021-0004,Dân tộc nào hiện tại chỉ chiếm một phần ít tổng số dân của Puerto Rico?,Người Taino,". Người Taino ngày nay tuy chỉ chiếm một tỉ lệ dân số nhỏ bé song họ vẫn giữ một số tên gọi truyền thống về địa danh, các món ăn, nhạc cụ và một số lượng từ vựng trong tiếng Tây Ban",True,False,0,0.0909090909090909,1.0,2.644932746887207,7.133029937744141,-2.644932746887207,SPAN_TOO_LONG
0006-0021-0005,Bomba và plena là những lọai hình điện ảnh đặc trưng của ai?,,. Người da,False,False,0,0.0,1.0,-1.2907905578613281,11.28471565246582,1.2907905578613281,UNANSWERABLE_FALSE_POSITIVE
0006-0021-0006,Bomba và plena là những lọai hình âm nhạc ca múa đặc trưng của ai?,Người da đen gốc châu Phi,. Người da,True,False,0,0.5,1.0,-1.7556657791137695,11.630026817321777,1.7556657791137695,SPAN_TOO_SHORT
0006-0021-0007,Văn hóa Puerto Rico là kết hợp của những dòng văn hóa nào?,"văn hóa Taino bản địa, văn hóa Tây Ban Nha, văn hóa Châu Phi và văn hóa Mỹ","giữa bốn dòng văn hóa: văn hóa Taino bản địa, văn hóa Tây Ban Nha, văn hóa Châu Phi và văn hóa",True,False,0,0.85,1.0,-0.10381698608398438,10.234685897827148,0.10381698608398438,SPAN_TOO_LONG
0006-0021-0008,Thiên chúa giáo được ai du nhập vào Châu Phi?,,,False,True,1,1.0,1.0,5.435462951660156,4.7261962890625,-5.435462951660156,CORRECT_NO_ANSWER
0006-0022-0001,Vận động viên Caribbean đầu tiên giành được huy chương tại Thế vận hội là ai?,,,False,True,1,1.0,1.0,3.7578492164611816,6.273376941680908,-3.7578492164611816,CORRECT_NO_ANSWER
0006-0022-0002,Thành tích mà Puerto Rico đạt được qua các kì Olympic là gì?,"6 huy chương (1 bạc, 5 đồng)","từng giành được 6 huy chương (1 bạc, 5",True,False,0,0.75,1.0,2.9845781326293945,7.140106201171875,-2.9845781326293945,SPAN_TOO_LONG
0006-0022-0003,Thành tích mà Trung Mỹ đạt được qua các kì Olympic là gì?,,,False,True,1,1.0,1.0,3.711069107055664,6.421627998352051,-3.711069107055664,CORRECT_NO_ANSWER
0006-0022-0004,Giải bóng chày Trung Mỹ diễn ra vào thời gian nào trong năm?,,vào mùa,False,False,0,0.0,1.0,-0.05385875701904297,10.159915924072266,0.05385875701904297,UNANSWERABLE_FALSE_POSITIVE
0006-0022-0005,Vận động viên Puerto Rico đầu tiên giành được huy chương tại Thế vận hội là ai?,Juan Evangelista Venegas,,True,True,0,0.0,1.0,3.994534969329834,6.055579662322998,-3.994534969329834,ANSWERABLE_PREDICTED_EMPTY
0006-0022-0006,Lọai hình thể thao nào chiếm vị trí thứ nhất ở Puerto Rico?,Bóng chày,". Quyền anh, bóng rổ và",True,False,0,0.28571428571428575,1.0,-0.291534423828125,10.352893829345703,0.291534423828125,SPAN_TOO_LONG
0006-0022-0007,Giải bóng chày Puerto Rico diễn ra vào thời gian nào trong năm?,mùa đông,vào mùa,True,False,0,0.5,1.0,-0.2741432189941406,10.37114143371582,0.2741432189941406,PARTIAL_SPAN
0006-0022-0008,Lọai hình thể thao nào chiếm vị trí thứ nhất ở châu Mỹ?,,". Quyền anh, bóng rổ và",False,False,0,0.0,1.0,-0.06261062622070312,10.13427448272705,0.06261062622070312,UNANSWERABLE_FALSE_POSITIVE
0006-0022-0009,Chiếc huy chương đầu tiên mà châu Mỹ đạt được nằm ở bộ môn nào?,,đồng môn quyền,False,False,0,0.0,1.0,-0.22725677490234375,10.333209037780762,0.22725677490234375,UNANSWERABLE_FALSE_POSITIVE
0006-0022-0010,Chiếc huy chương đầu tiên mà Puerto Rico đạt được nằm ở bộ môn nào?,môn quyền anh,đồng môn quyền,True,False,0,0.6666666666666666,1.0,0.19463729858398438,9.905319213867188,-0.19463729858398438,PARTIAL_SPAN
0007-0001-0001,Ai giành độc lập cho Abkhazia?,,là,False,False,0,0.0,1.0,0.18429946899414062,9.887453079223633,-0.18429946899414062,UNANSWERABLE_FALSE_POSITIVE
0007-0001-0002,Điều gì dẫn đến chiến tranh Nam Abkhazia?,,,False,True,1,1.0,1.0,5.193416118621826,4.961272716522217,-5.193416118621826,CORRECT_NO_ANSWER
0007-0001-0003,Điều gì dẫn đến chiến tranh Nam Ossetia?,Chính phủ Gruzia phản ứng lại bằng cách bãi bỏ quyền tự trị của Nam Ossetia và cố gắng chiếm lại khu vực bằng vũ lực,. Chính phủ Gruzia phản ứng lại bằng cách bãi bỏ quyền tự trị của Nam Ossetia và cố gắng chiếm lại khu vực bằng,True,False,0,0.9600000000000001,1.0,3.275491237640381,6.879430294036865,-3.275491237640381,SPAN_TOO_SHORT
0007-0001-0004,Nam Ossetia thuộc vùng nào?,Nam Kavkaz,,True,True,0,0.0,1.0,4.653132438659668,5.4554338455200195,-4.653132438659668,ANSWERABLE_PREDICTED_EMPTY
0007-0001-0005,Ai công nhận độc lập cho Abkhazia?,Nga,là,True,False,0,0.0,1.0,0.039066314697265625,9.909027099609375,-0.039066314697265625,WRONG_SPAN
0007-0001-0006,Nguyên nhân nào đã gây ra chiến tranh Nam Ossetia vào đầu những năm 90?,Chính phủ Gruzia phản ứng lại bằng cách bãi bỏ quyền tự trị của Nam Ossetia và cố gắng chiếm lại khu vực bằng vũ lực,,True,True,0,0.0,1.0,7.120368480682373,3.0403647422790527,-7.120368480682373,ANSWERABLE_PREDICTED_EMPTY
0007-0001-0007,Abkhazia có đặc điểm gì nổi bật về chính trị?,,,False,True,1,1.0,1.0,11.354718565940857,-1.2112230062484741,-11.354718565940857,CORRECT_NO_ANSWER
0007-0001-0008,Nam Ossetia có đặc điểm gì nổi bật về chính trị?,Cộng hòa Xã hội chủ nghĩa Xô viết Gruzia,,True,True,0,0.0,1.0,9.878465473651886,0.2644883990287781,-9.878465473651886,ANSWERABLE_PREDICTED_EMPTY
0007-0001-0009,Nam Ossetia giành được độc lập khi nào?,đầu thập niên 1990,từ khi lãnh thổ này tuyên bố độc lập thành Cộng hòa Nam Ossetia trong cuộc xung đột Gruzia-Ossetia đầu thập niên,True,False,0,0.22222222222222218,1.0,2.4561119079589844,7.677862167358398,-2.4561119079589844,SPAN_TOO_LONG
0007-0002-0001,AI đứng đầu chính quyền trung ương lâm thời?,,,False,True,1,1.0,1.0,9.380783438682556,0.7548309564590454,-9.380783438682556,CORRECT_NO_ANSWER
0007-0002-0002,Những nước nào công nhận Nam Ossetia là một quốc gia?,"Nga, Venezuela, Nicaragua, và Nauru","trừ Nga, Venezuela, Nicaragua, và Nauru",True,False,0,0.9090909090909091,1.0,1.3428592681884766,8.684539794921875,-1.3428592681884766,SPAN_TOO_LONG
0007-0002-0003,Gruzia lập một cơ quan hành chính vào khi nào?,tháng 4 năm 2007,vào tháng 4 năm,True,False,0,0.75,1.0,-1.657754898071289,11.566415786743164,1.657754898071289,PARTIAL_SPAN
0007-0002-0004,Nam Ossetia lập một cơ quan hành chính vào khi nào?,,vào tháng 4 năm,False,False,0,0.0,1.0,-1.7869558334350586,11.624045372009277,1.7869558334350586,UNANSWERABLE_FALSE_POSITIVE
0007-0002-0005,AI đứng đầu cơ quan hành chính lâm thời?,các thành viên cũ của chính phủ ly khai,,True,True,0,0.0,1.0,9.668156206607819,0.47009509801864624,-9.668156206607819,ANSWERABLE_PREDICTED_EMPTY
0007-0002-0006,"Trên thực tế, Nauru thuộc chủ quyền quốc gia nào?",,"trừ Nga, Venezuela,",False,False,0,0.0,1.0,-0.483184814453125,10.534366607666016,0.483184814453125,UNANSWERABLE_FALSE_POSITIVE
0007-0002-0007,Bốn quốc gia nào không xem Nam Ossetia là một phần lãnh thổ của Gruzia?,"Nga, Venezuela, Nicaragua, và Nauru","trừ Nga, Venezuela, Nicaragua, và Nauru",True,False,0,0.9090909090909091,1.0,0.5035228729248047,9.37002182006836,-0.5035228729248047,SPAN_TOO_LONG
0007-0002-0008,"Trên thực tế, Nam Ossetia thuộc chủ quyền quốc gia nào?",Gruzia,"trừ Nga, Venezuela, Nicaragua, và Nauru) không công nhận Nam Ossetia mà vẫn tiếp tục xem lãnh thổ này là một bộ phận của",True,False,0,0.0,1.0,0.4458503723144531,9.610013961791992,-0.4458503723144531,WRONG_SPAN
0007-0002-0009,Tại sao Gruzia lại lập ra cơ quan hành chính lâm thời?,có thể đàm phán với các chính quyền trung ương Gruzia về tình trạng cuối cùng của vùng cũng như giải pháp cho cuộc xung đột,,True,True,0,0.0,1.0,7.501664638519287,2.634830951690674,-7.501664638519287,ANSWERABLE_PREDICTED_EMPTY
0007-0003-0001,Nam Ossetia thực tế được quản lí bởi ai?,Gruzia,bởi một chính phủ,True,False,0,0.0,1.0,0.5161323547363281,9.37455940246582,-0.5161323547363281,WRONG_SPAN
0007-0003-0002,Tại sao các hiệp hội quốc tế không công nhận cuộc trưng cầu dân ý của Nam Ossetia?,thiếu sự tham gia của cộng đồng người Gruzia và cũng không được chính phủ tại Tbilisi công nhận,,True,True,0,0.0,1.0,4.428877830505371,5.706301689147949,-4.428877830505371,ANSWERABLE_PREDICTED_EMPTY
0007-0003-0003,Cuộc dân ý đầu tiên ở Nam Ossetia là khi nào?,ngày 12 tháng 11 năm 2006,vào ngày 12 tháng 11 năm,True,False,0,0.8333333333333334,1.0,0.06217193603515625,10.002519607543945,-0.06217193603515625,PARTIAL_SPAN
0007-0003-0004,Liên hiệp quốc là cơ quan nào?,,"được Liên hiệp quốc, Liên minh châu Âu, OSCE, NATO và Liên bang",False,False,0,0.0,1.0,0.4434642791748047,9.66141128540039,-0.4434642791748047,UNANSWERABLE_FALSE_POSITIVE
0007-0003-0005,NATO là cơ quan nào?,Tổ chức Hiệp ước Bắc Đại Tây Dương,"được Liên hiệp quốc, Liên minh châu Âu, OSCE, NATO và Liên bang",True,False,0,0.09523809523809525,1.0,2.7091808319091797,7.415224075317383,-2.7091808319091797,SPAN_TOO_LONG
0007-0003-0006,Tại sao các hiệp hội quốc tế không công nhận cuộc trưng cầu dân ý của Kokoity?,,,False,True,1,1.0,1.0,4.933929920196533,5.20112943649292,-4.933929920196533,CORRECT_NO_ANSWER
0007-0003-0007,Nam Ossetia được ai lãnh đạo vào năm 2007?,Dmitri Sanakoev,ủng hộ,True,False,0,0.0,1.0,2.6716084480285645,7.067541599273682,-2.6716084480285645,WRONG_SPAN
0007-0003-0008,Phe đối lập Ossetia đã bầu ai làm thủ lĩnh đứng đầu?,Dmitri Sanakoev,ủng hộ,True,False,0,0.0,1.0,2.595895767211914,7.144844055175781,-2.595895767211914,WRONG_SPAN
0007-0004-0001,Vùng đết Iron sau năm 1767 được thống trị bởi quốc gia nào?,Nga,của,True,False,0,0.0,1.0,-0.07361412048339844,9.969337463378906,0.07361412048339844,WRONG_SPAN
0007-0004-0002,Người ở Gruzia theo đạo giáo nào?,,theo Đạo,False,False,0,0.0,1.0,0.31238269805908203,9.812434196472168,-0.31238269805908203,UNANSWERABLE_FALSE_POSITIVE
0007-0004-0003,Người Ossetia bắt nguồn từ tộc nào?,Sarmatia,,True,True,0,0.0,1.0,4.222746849060059,5.879731178283691,-4.222746849060059,ANSWERABLE_PREDICTED_EMPTY
0007-0004-0004,Cuộc di cư đã thành lập ra bao nhiêu lãnh thổ?,ba,lên,True,False,0,0.0,1.0,1.1484012603759766,8.973188400268555,-1.1484012603759766,WRONG_SPAN
0007-0004-0005,Người Mông Cổ hiện nay chủ yếu theo đạo gì?,,theo Đạo,False,False,0,0.0,1.0,0.4003753662109375,9.729850769042969,-0.4003753662109375,UNANSWERABLE_FALSE_POSITIVE
0007-0004-0006,Người ở Digor theo đạo giáo nào?,Đạo Hồi,theo Đạo,True,False,0,0.5,1.0,-1.2350711822509766,11.23205852508545,1.2350711822509766,PARTIAL_SPAN
0007-0004-0007,Người Kavkaz phải di cư đến đâu trong thời kỳ cai trị của Mông Cổ?,,tới,False,False,0,0.0,1.0,0.14518070220947266,9.914466857910156,-0.14518070220947266,UNANSWERABLE_FALSE_POSITIVE
0007-0004-0008,Người Ossetia hiện nay chủ yếu theo đạo gì?,Thiên chúa giáo,theo Đạo,True,False,0,0.0,1.0,0.284393310546875,9.836649894714355,-0.284393310546875,WRONG_SPAN
0007-0004-0009,Người Ossetia phải di cư đến đâu trong thời kỳ cai trị của Mông Cổ?,phía nam sông Đông,tới,True,False,0,0.0,1.0,0.24219608306884766,9.861225128173828,-0.24219608306884766,WRONG_SPAN
0007-0005-0001,Kết quả cuối cùng của Nam Ossetia là gì?,Nam Ossetia trở thành một phần của nước Cộng hòa Dân chủ Gruzia Menshevik,,True,True,0,0.0,1.0,8.525040626525879,1.6127185821533203,-8.525040626525879,ANSWERABLE_PREDICTED_EMPTY
0007-0005-0002,Nam Ossetia từng bị sáp nhập vào đâu?,Nga,,True,True,0,0.0,1.0,5.2168073654174805,4.921442985534668,-5.2168073654174805,ANSWERABLE_PREDICTED_EMPTY
0007-0005-0003,Cộng hòa Xô viết Terek thành lập từ phần nào của Ossetia?,miền bắc,khi miền,True,False,0,0.5,1.0,-1.2129096984863281,11.125005722045898,1.2129096984863281,PARTIAL_SPAN
0007-0005-0004,Ai đã giết hại 5.000 người Ossetia?,người dân Ossetia hợp tác với những người Bolshevik,,True,True,0,0.0,1.0,5.548203468322754,4.605339050292969,-5.548203468322754,ANSWERABLE_PREDICTED_EMPTY
0007-0005-0005,Người dân Ossetia bị buộc tội như thế nào bởi Đế quốc Nga?,,,False,True,1,1.0,1.0,6.068955898284912,4.0844550132751465,-6.068955898284912,CORRECT_NO_ANSWER
0007-0005-0006,Cộng hòa Xô viết Terek thành lập từ phần nào của Bolshevik?,,khi miền,False,False,0,0.0,1.0,1.716496467590332,8.42827033996582,-1.716496467590332,UNANSWERABLE_FALSE_POSITIVE
0007-0005-0007,Người dân Ossetia bị buộc tội như thế nào bởi chính phủ?,hợp tác với những người Bolshevik,,True,True,0,0.0,1.0,4.7137064933776855,5.3961663246154785,-4.7137064933776855,ANSWERABLE_PREDICTED_EMPTY
0007-0005-0008,Bao nhiêu người Ossetia phải bị chết đói?,13.000,và hơn 13.000,True,False,0,0.6666666666666666,1.0,-1.8816280364990234,11.536563873291016,1.8816280364990234,SPAN_TOO_LONG
0007-0006-0001,Đặc điểm của quốc gia mới thành lập này là gì?,đầy đủ chủ quyền bên trong Liên bang các nước Cộng hòa Xã hội chủ nghĩa Xô viết,,True,True,0,0.0,1.0,7.991774559020996,2.1464176177978516,-7.991774559020996,ANSWERABLE_PREDICTED_EMPTY
0007-0006-0002,Đặc điểm của nghị viện mới thành lập này là gì?,,,False,True,1,1.0,1.0,9.511128842830658,0.6210647225379944,-9.511128842830658,CORRECT_NO_ANSWER
0007-0006-0003,Tại sao chính phủ Gruzia lại xóa quyền tự trị của Ossetia?,Người dân Ossetia đã tẩy chay cuộc bầu cử nghị viện Gruzia sau đó và tổ chức cuộc bầu cử của riêng mình,,True,True,0,0.0,1.0,5.9131669998168945,4.24143123626709,-5.9131669998168945,ANSWERABLE_PREDICTED_EMPTY
0007-0006-0004,Cuộc bầu cử đầu tiên của người dân Ossetia diễn ra vào thời gian nào?,tháng 12,vào tháng,True,False,0,0.5,1.0,2.253291606903076,7.828821659088135,-2.253291606903076,PARTIAL_SPAN
0007-0006-0005,Tại sao nghị viện Gruzia tuyên bố thành lập Cộng hòa Dân chủ Xô viết?,,,False,True,1,1.0,1.0,7.164779186248779,2.972568988800049,-7.164779186248779,CORRECT_NO_ANSWER
0007-0006-0006,Cuộc bầu cử đầu tiên của người dân Gruzia diễn ra vào thời gian nào?,,vào tháng,False,False,0,0.0,1.0,2.0437917709350586,8.030627250671387,-2.0437917709350586,UNANSWERABLE_FALSE_POSITIVE
0007-0006-0007,Ossetia bị chính phủ Gruzia xóa bỏ quyền tự trị vào năm nào?,ngày 11 tháng 12 năm 1990,vào ngày 11 tháng 12 năm,True,False,0,0.8333333333333334,1.0,0.4388771057128906,9.653160095214844,-0.4388771057128906,PARTIAL_SPAN
0007-0006-0008,Ossetia bị Ademon Nykhas xóa bỏ quyền tự trị vào năm nào?,,vào ngày 11 tháng 12 năm,False,False,0,0.0,1.0,0.07195472717285156,10.007925033569336,-0.07195472717285156,UNANSWERABLE_FALSE_POSITIVE
0007-0006-0009,Tại sao người Ossetia tuyên bố thành lập Cộng hòa Dân chủ Xô viết?,Xô viết Tối cao Gruzia đã thông qua một luật ngăn cấm các đảng khu vực vào mùa hè năm 1990,,True,True,0,0.0,1.0,6.050261974334717,4.0894341468811035,-6.050261974334717,ANSWERABLE_PREDICTED_EMPTY
0007-0006-0010,Hành động nào bị người Ossentia coi là một động thái chớng lại Ademon Nykhas?,Xô viết Tối cao Gruzia đã thông qua một luật ngăn cấm các đảng khu vực vào mùa hè năm 1990,,True,True,0,0.0,1.0,6.302722454071045,3.8432211875915527,-6.302722454071045,ANSWERABLE_PREDICTED_EMPTY
0007-0006-0011,Tại sao chính phủ Gruzia lại xóa quyền tự trị của Ademon Nykhas?,,,False,True,1,1.0,1.0,6.587061882019043,3.5621042251586914,-6.587061882019043,CORRECT_NO_ANSWER
0007-0007-0001,Đa số người dân Ossetia phải bỏ chạy đi đâu?,Bắc Ossetia,vào Bắc,True,False,0,0.5,1.0,1.2684736251831055,8.88151741027832,-1.2684736251831055,PARTIAL_SPAN
0007-0007-0002,Đa số người dân Gruzia phải bỏ chạy đi đâu?,,vào Bắc,False,False,0,0.0,1.0,0.46825599670410156,9.679988861083984,-0.46825599670410156,UNANSWERABLE_FALSE_POSITIVE
0007-0007-0003,Nguyên nhân nào dẫn đến gần 1.000 người chết và khỏang 100.000 người Ossetia rời lãnh thổ Gruzia?,"Xung đột vũ trang bùng phát hồi cuối năm 1991 trong đó nhiều làng mạc Nam Ossetia đã bị tấn công và đốt phá tương tự như nhiều ngôi nhà và trường học của người Gruzia tại Tskhinvali, thủ đô của Nam Ossetia",,True,True,0,0.0,1.0,8.184746623039246,1.9678412675857544,-8.184746623039246,ANSWERABLE_PREDICTED_EMPTY
0007-0007-0004,Người Ingush đã bị Nam Ossetia trục xuất khỏi đâu?,,ở Bắc,False,False,0,0.0,1.0,0.14296340942382812,9.963186264038086,-0.14296340942382812,UNANSWERABLE_FALSE_POSITIVE
0007-0007-0005,Tại sao lại có sự xung đột giữa người Ossetia và người Ingush?,Nhiều người dân Nam Ossetia đã tái định cư tại những vùng không có người sinh sống ở Bắc Ossetia,,True,True,0,0.0,1.0,4.599522113800049,5.519073009490967,-4.599522113800049,ANSWERABLE_PREDICTED_EMPTY
0007-0007-0006,Người Ingush đã bị Stalin trục xuất khỏi đâu?,Bắc Ossetia,ở Bắc,True,False,0,0.5,1.0,-0.8160781860351562,10.89462661743164,0.8160781860351562,PARTIAL_SPAN
0007-0007-0007,Có bao nhiêu người chết trong cuộc xung đột vũ trang?,xấp xỉ 1.000 người,", xấp xỉ",True,False,0,0.5714285714285715,1.0,-1.5665159225463867,11.144533157348633,1.5665159225463867,SPAN_TOO_SHORT
0007-0007-0008,Có bao nhiêu người bị thương trong cuộc xung đột vũ trang?,,", xấp xỉ 1.000",False,False,0,0.0,1.0,0.013149261474609375,9.961507797241211,-0.013149261474609375,UNANSWERABLE_FALSE_POSITIVE
0007-0007-0009,Xung đột của người Ingush năm 1991 đã tấn công vào đâu?,,,False,True,1,1.0,1.0,5.3523125648498535,4.785545825958252,-5.3523125648498535,CORRECT_NO_ANSWER
0007-0007-0010,Xung đột vũ trang năm 1991 đã tấn công vào đâu?,làng mạc Nam Ossetia,,True,True,0,0.0,1.0,4.201568603515625,5.931338310241699,-4.201568603515625,ANSWERABLE_PREDICTED_EMPTY
0007-0008-0001,"Năm 1933, ai là tổng thống Liên Xô?",,"chính phủ Franklin D. Roosevelt đã thiết lập các quan hệ ngọai giao với Kremlin ở thời điểm cuối năm đó). Vì điều này, chính quyền George H. W.",False,False,0,0.0,1.0,2.2371902465820312,7.857159614562988,-2.2371902465820312,UNANSWERABLE_FALSE_POSITIVE
0007-0008-0002,Hoa Kỳ thiết lập ngọai giao với Gruzia vào năm nào?,,năm,False,False,0,0.0,1.0,0.6185493469238281,9.51250171661377,-0.6185493469238281,UNANSWERABLE_FALSE_POSITIVE
0007-0008-0003,"Năm 1933, ai là tổng thống Mỹ?",Franklin D. Roosevelt,"chính phủ Franklin D. Roosevelt đã thiết lập các quan hệ ngọai giao với Kremlin ở thời điểm cuối năm đó). Vì điều này, chính quyền George H. W.",True,False,0,0.1875,1.0,1.7975826263427734,8.292192459106445,-1.7975826263427734,SPAN_TOO_LONG
0007-0008-0004,Chính phủ Hoa Kỳ công nhận các biên giới sau sự kiện gì?,Hiệp ước Molotov-Ribbentrop năm 1933,trước Hiệp ước Molotov-Ribbentrop năm,True,False,0,0.8333333333333334,1.0,-1.8602590560913086,11.608997344970703,1.8602590560913086,PARTIAL_SPAN
0007-0008-0005,Chính phủ Liên Xô công nhận các biên giới sau sự kiện gì?,,trước Hiệp ước Molotov-Ribbentrop năm,False,False,0,0.0,1.0,-1.8390331268310547,11.599109649658203,1.8390331268310547,UNANSWERABLE_FALSE_POSITIVE
0007-0008-0006,"Tổng thống Mỹ nào xem các vấn đề liên quan tới các cuộc xung đột giành độc lập và lãnh thổ Gruzia, Armenia, Azerbaijan và một phần còn lại của Transcaucasus là vấn đề nội bộ của Liên bang Xô?",George H. W. Bush,chính quyền George H. W.,True,False,0,0.6666666666666665,1.0,-0.34587955474853516,10.431605339050293,0.34587955474853516,SPAN_TOO_LONG
0007-0008-0007,Chính quyền George H. W. Bush ủng hộ lập trường nào?,sự ly khai của các nước vùng Baltic,ủng hộ sự ly khai của các nước vùng,True,False,0,0.823529411764706,1.0,-0.3741931915283203,10.453418731689453,0.3741931915283203,SPAN_TOO_LONG
0007-0008-0008,Những vấn đề nào là vấn đề nội bộ của Liên Xô?,"các cuộc xung đột giành độc lập và lãnh thổ của Gruzia, Armenia, Azerbaijan và phần còn lại của Transcaucasus","coi các vấn đề liên quan tới các cuộc xung đột giành độc lập và lãnh thổ của Gruzia, Armenia, Azerbaijan và phần còn lại của Transcaucasus — là phần không thể tách rời của Liên bang Xô viết với các biên giới",True,False,0,0.6451612903225806,1.0,0.20127201080322266,9.68114948272705,-0.20127201080322266,SPAN_TOO_LONG
0007-0008-0009,Hoa Kỳ thiết lập ngọai giao với Kremlin vào năm nào?,năm 1933,năm,True,False,0,0.6666666666666666,1.0,0.7755403518676758,9.358977317810059,-0.7755403518676758,SPAN_TOO_SHORT
0007-0008-0010,Những vấn đề nào là vấn đề nội bộ của Hoa Kỳ?,,"coi các vấn đề liên quan tới các cuộc xung đột giành độc lập và lãnh thổ của Gruzia, Armenia, Azerbaijan và phần còn lại của Transcaucasus — là phần không thể tách rời của Liên bang Xô viết với các biên giới",False,False,0,0.0,1.0,1.668588638305664,8.30150032043457,-1.668588638305664,UNANSWERABLE_FALSE_POSITIVE
0007-0009-0001,Chính phủ Gruzia được thành lập với mục đích gì?,,. Một lực lượng gìn giữ hòa,False,False,0,0.0,1.0,-0.8618097305297852,10.85235595703125,0.8618097305297852,UNANSWERABLE_FALSE_POSITIVE
0007-0009-0002,Việc gì đã xảy ra khi căng thẳng gia tăng trở lại?,,,False,True,1,1.0,1.0,5.001646995544434,5.167814254760742,-5.001646995544434,CORRECT_NO_ANSWER
0007-0009-0003,Nam Ossetia vẫn bị quốc gia nào cai quản?,Gruzia,với,True,False,0,0.0,1.0,2.134187698364258,8.021360397338867,-2.134187698364258,WRONG_SPAN
0007-0009-0004,Người Tskhinvali chấp nhận ngưng bắn khi nào?,,ký ngày 13 tháng,False,False,0,0.0,1.0,-1.282670021057129,11.314395904541016,1.282670021057129,UNANSWERABLE_FALSE_POSITIVE
0007-0009-0005,Nam Ossetia sống trong cảnh hòa bình đến năm nào?,2004,tới giữa năm,True,False,0,0.0,1.0,-1.8887805938720703,11.529275894165039,1.8887805938720703,WRONG_SPAN
0007-0009-0006,Việc gì đã xảy ra khi căng thẳng gia tăng?,"Những vụ bắt cóc con tin, bắn giết và thỉnh thỏang cả đánh bom đã khiến hàng chục người thiệt mạng và bị thương",,True,True,0,0.0,1.0,4.45490837097168,5.712882995605469,-4.45490837097168,ANSWERABLE_PREDICTED_EMPTY
0007-0009-0007,OSCE được thành lập với mục đích gì?,giám sát chiến dịch gìn giữ hòa bình,. Một lực lượng gìn giữ hòa,True,False,0,0.42857142857142855,1.0,1.0002021789550781,9.10706615447998,-1.0002021789550781,SPAN_TOO_SHORT
0007-0009-0008,Nguyên nhân nào từ năm 1992 đến 2004 thì Nam Ossetia sống trong hòa bình?,"Ngày 6 tháng 11 năm 1992, Tổ chức An ninh và Hợp tác châu Âu (OSCE) thành lập một phái bộ ở Gruzia để giám sát chiến dịch gìn giữ hòa bình",,True,True,0,0.0,1.0,9.491191864013672,0.6801891326904297,-9.491191864013672,ANSWERABLE_PREDICTED_EMPTY
0007-0009-0009,Người Gruzia chấp nhận ngưng bắn khi nào?,Năm 1992,ký ngày 13 tháng,True,False,0,0.0,1.0,-0.5268917083740234,10.608864784240723,0.5268917083740234,WRONG_SPAN
0007-0010-0001,Richard Lugar đã bác bỏ điều gì?,,bác bỏ khả năng thay thế binh lính gìn giữ hòa bình Nga bằng lực lượng của Liên minh châu,False,False,0,0.0,1.0,2.0799570083618164,8.077744483947754,-2.0799570083618164,UNANSWERABLE_FALSE_POSITIVE
0007-0010-0002,Javier Solana đã bác bỏ điều gì?,bác bỏ khả năng thay thế binh lính gìn giữ hòa bình Nga bằng lực lượng của Liên minh châu Âu,bác bỏ khả năng thay thế binh lính gìn giữ hòa bình Nga bằng lực lượng của Liên minh châu,True,False,0,0.975609756097561,1.0,0.4534626007080078,9.695087432861328,-0.4534626007080078,SPAN_TOO_SHORT
0007-0010-0003,Ý kiến của Gruzia trong việc tăng cường sự hiện diện của Nga là gì?,phản đối,,True,True,0,0.0,1.0,5.000064849853516,5.147157669067383,-5.000064849853516,ANSWERABLE_PREDICTED_EMPTY
0007-0010-0004,Lời chỉ trích nào đã được Richard Lugar ủng hộ?,lực lượng gìn giữ hòa bình là không trung lập và yêu cầu thay thế,đã bác bỏ khả năng thay thế binh lính gìn giữ hòa bình Nga bằng lực lượng của Liên minh châu,True,False,0,0.4444444444444444,1.0,2.9644904136657715,7.193140506744385,-2.9644904136657715,SPAN_TOO_LONG
0007-0010-0005,Cái gì đã gây hại tới lòng tinh của các lực lượng gìn giữ hòa bình?,các hành động của Nga trong cuộc tranh cãi gián điệp Gruzia,"""các hành động của Nga trong cuộc tranh cãi gián điệp",True,False,0,0.9565217391304348,1.0,0.04780387878417969,10.111671447753906,-0.04780387878417969,SPAN_TOO_SHORT
0007-0010-0006,Lực lượng gìn giữ hòa bình bị Gruzia xem như thế nào?,không trung lập,là không trung,True,False,0,0.6666666666666666,1.0,3.160262107849121,6.971846580505371,-3.160262107849121,PARTIAL_SPAN
0007-0010-0007,Nam Ossetia đã bị ai kiểm sóat?,Nga,phản đối,True,False,0,0.0,1.0,0.5627927780151367,9.570390701293945,-0.5627927780151367,WRONG_SPAN
0007-0011-0001,Cái gì có thể dẫn đến một cuộc di cư quy mô lớn?,bất kỳ nỗ lực nào nhằm thanh lọc sắc tộc,nào nhằm thanh lọc,True,False,0,0.5714285714285715,1.0,-0.8779296875,10.864669799804688,0.8779296875,SPAN_TOO_SHORT
0007-0011-0002,Văn hóa của Nam Ossetia là sự trộn lẫn của những gì?,của những thị trấn và làng mạc nơi sinh sống của người Gruzia và người Ossetia,của những thị trấn và làng mạc nơi sinh sống của người Gruzia và người,True,False,0,0.967741935483871,1.0,-0.5295114517211914,10.413789749145508,0.5295114517211914,SPAN_TOO_SHORT
0007-0011-0003,Thủ đô của Cộng hòa Nam Ossetia là đâu?,Tskhinvali,,True,True,0,0.0,1.0,6.127702236175537,3.8094754219055176,-6.127702236175537,ANSWERABLE_PREDICTED_EMPTY
0007-0011-0004,Điều gì khiến sự xung đột ở Nam Ossetia trở nên tăng cao?,Sự gẫn gũi và tương tác giữa hai cộng đồng,. Sự gẫn gũi và tương tác giữa hai,True,False,0,0.888888888888889,1.0,-1.9734058380126953,11.465039253234863,1.9734058380126953,SPAN_TOO_SHORT
0007-0011-0005,Người Gruzia quản lí những gì ở Cộng hòa Nam Ossetia?,các làng và thị trấn của người Gruzia,của những thị trấn và,True,False,0,0.6153846153846154,1.0,0.6480388641357422,9.41628646850586,-0.6480388641357422,SPAN_TOO_SHORT
0007-0011-0006,Văn hóa của Gruzia là sự trộn lẫn của những gì?,,của những thị trấn và làng mạc nơi sinh sống của người Gruzia và người,False,False,0,0.0,1.0,0.2134695053100586,9.678465843200684,-0.2134695053100586,UNANSWERABLE_FALSE_POSITIVE
0007-0012-0001,Nghị quyết ủng hộ hòa bình bị ai bác bỏ?,chính quyền Nam Ossetia,bị chính quyền,True,False,0,0.5714285714285715,1.0,-1.9069643020629883,11.314897537231445,1.9069643020629883,SPAN_TOO_SHORT
0007-0012-0002,Chính phủ Mỹ ủng hộ Gruzia vào khi nào?,"Cuối tháng 10,",. Cuối tháng,True,False,0,0.8,1.0,0.16718196868896484,9.836830139160156,-0.16718196868896484,SPAN_TOO_SHORT
0007-0012-0003,Tổng thống Saakashvili đệ trình lên yêu sách hòa bình vào năm nào?,2005,. Ngày 25 tháng 1 năm,True,False,0,0.0,1.0,0.0072021484375,10.096586227416992,-0.0072021484375,WRONG_SPAN
0007-0012-0004,Nam Ossetia vẫn cai quản vùng đất nào?,Nam Ossetia,,True,True,0,0.0,1.0,6.644376277923584,3.4816088676452637,-6.644376277923584,ANSWERABLE_PREDICTED_EMPTY
0007-0012-0005,Mục tiêu ưu tiên của Gruzia là gì?,đòi lại Nam Osseatia,,True,True,0,0.0,1.0,5.023471355438232,5.100204944610596,-5.023471355438232,ANSWERABLE_PREDICTED_EMPTY
0007-0012-0006,Nam Ossetia ủng hộ Gruzia vào khi nào?,,,False,True,1,1.0,1.0,3.898019790649414,6.179542541503906,-3.898019790649414,CORRECT_NO_ANSWER
0007-0012-0007,Mỹ vẫn cai quản vùng đất nào?,,ly khai,False,False,0,0.0,1.0,0.7487640380859375,9.379562377929688,-0.7487640380859375,UNANSWERABLE_FALSE_POSITIVE
0007-0013-0001,Điều mà quốc tế muốn Gruzia làm là gì?,,sẽ tổ chức một cuộc trưng cầu dân ý về,False,False,0,0.0,1.0,2.0523204803466797,8.078821182250977,-2.0523204803466797,UNANSWERABLE_FALSE_POSITIVE
0007-0013-0002,Cuộc trưng cầu dân ý về độc lập được tổ chức khi nào?,12 tháng 11 năm 2006,,True,True,0,0.0,1.0,4.140525817871094,5.9945831298828125,-4.140525817871094,ANSWERABLE_PREDICTED_EMPTY
0007-0013-0003,Các kết quả của cuộc trưng cầu dân ý có được công nhận không?,không ai sẽ chấp nhận,có lẽ,True,False,0,0.0,1.0,0.8890590667724609,9.24251651763916,-0.8890590667724609,WRONG_SPAN
0007-0013-0004,Điều mà quốc tế muốn Nam Ossetia làm là gì?,hối thúc chính phủ Nam Ossetia tham gia các cuộc đàm phán với Gruzia,sẽ tổ chức một cuộc trưng cầu dân ý về,True,False,0,0.08333333333333333,1.0,0.726405143737793,9.382868766784668,-0.726405143737793,SPAN_TOO_SHORT
0007-0013-0005,Giá trị của cuộc đàm phán này là gì?,,,False,True,1,1.0,1.0,8.816169500350952,1.3369791507720947,-8.816169500350952,CORRECT_NO_ANSWER
0007-0013-0006,Cuộc đàm phán về độc lập được tổ chức khi nào?,,,False,True,1,1.0,1.0,6.455184698104858,3.6922781467437744,-6.455184698104858,CORRECT_NO_ANSWER
0007-0013-0007,Phản ứng của Liên minh châu Âu như thế nào đối với cuộc trưng cầu dân ý?,,,False,True,1,1.0,1.0,4.294010162353516,5.858180999755859,-4.294010162353516,CORRECT_NO_ANSWER
0007-0013-0008,Giá trị của cuộc trưng cầu dân ý này là gì?,không góp phần giải quyết cuộc xung đột ở Nam Ossetia,,True,True,0,0.0,1.0,7.722535610198975,2.431546688079834,-7.722535610198975,ANSWERABLE_PREDICTED_EMPTY
0007-0013-0009,Phản ứng của Gruzia như thế nào đối với cuộc trưng cầu dân ý?,lên án hành động này,,True,True,0,0.0,1.0,5.415579795837402,4.732259750366211,-5.415579795837402,ANSWERABLE_PREDICTED_EMPTY
0007-0013-0010,Các kết quả của cuộc đàm phán có được công nhận không?,,có lẽ,False,False,0,0.0,1.0,0.7311029434204102,9.403782844543457,-0.7311029434204102,UNANSWERABLE_FALSE_POSITIVE
0007-0014-0001,Có khỏang bao nhiêu cử tri tham gia đàm phán?,,ước tính hơn 42.000,False,False,0,0.0,1.0,0.2933378219604492,9.805012702941895,-0.2933378219604492,UNANSWERABLE_FALSE_POSITIVE
0007-0014-0002,Dmitri Sanakoev đã tổ chức sự kiện gì nổi bật?,cuộc bầu cử thay thế,tổ chức cái gọi là cuộc bầu cử,True,False,0,0.4615384615384615,1.0,-0.2959718704223633,10.311674118041992,0.2959718704223633,SPAN_TOO_LONG
0007-0014-0003,Có khỏang bao nhiêu cử tri tham gia bầu cử?,42.000 cử tri,ước tính hơn 42.000,True,False,0,0.4444444444444445,1.0,-0.8206367492675781,10.797554016113281,0.8206367492675781,SPAN_TOO_LONG
0007-0014-0004,Cuộc trưng cầu dân ý giành được bao nhiêu phiếu ủng hộ?,94% phiếu ủng hộ,được 94% phiếu,True,False,0,0.5714285714285715,1.0,-0.35544395446777344,10.392009735107422,0.35544395446777344,SPAN_TOO_SHORT
0007-0014-0005,Người Ossetia gồm người ở đâu tham gia bầu cử?,Java và Tskhinvali,cả người Ossetia (quận Java và Tskhinvali) và người,True,False,0,0.5,1.0,-1.215306282043457,11.163071632385254,1.215306282043457,SPAN_TOO_LONG
0007-0014-0006,Gruzia có mục tiêu trở thành quốc gia như thế nào?,Gruzia Đa quốc gia,", ""Gruzia Đa",True,False,0,0.6666666666666666,1.0,3.410785675048828,6.735211372375488,-3.410785675048828,SPAN_TOO_SHORT
0007-0014-0007,Tskhinvali có mục tiêu trở thành quốc gia như thế nào?,,,False,True,1,1.0,1.0,6.815753936767578,3.3297605514526367,-6.815753936767578,CORRECT_NO_ANSWER
0007-0014-0008,Người Gruzia đã tổ chức sự kiện gì nổi bật?,,là cuộc bầu cử,False,False,0,0.0,1.0,3.452458381652832,6.681532859802246,-3.452458381652832,UNANSWERABLE_FALSE_POSITIVE
0007-0015-0001,Lọai nông sản nào được trồng chủ yếu ở Nam Ossetia?,"Ngũ cốc, hoa quả",". Ngũ cốc, hoa quả,",True,False,1,1.0,1.0,-1.820047378540039,11.53953742980957,1.820047378540039,CORRECT
0007-0015-0002,Lọai nông sản nào được trồng chủ yếu ở Nga?,,". Ngũ cốc, hoa quả,",False,False,0,0.0,1.0,-1.8392677307128906,11.563403129577637,1.8392677307128906,UNANSWERABLE_FALSE_POSITIVE
0007-0015-0003,Nam Ossetia bao phủ bao nhiêu diện tích Kavkaz?,3.900 km²,bao phủ khỏang 3.900,True,False,0,0.5,1.0,0.837489128112793,9.074185371398926,-0.837489128112793,SPAN_TOO_LONG
0007-0015-0004,Nam Ossetia và vùng Bắc Ossetia bị chia cắt bởi gì?,bởi những dãy núi,bởi những dãy,True,False,0,0.8571428571428571,1.0,-1.3193073272705078,11.296652793884277,1.3193073272705078,SPAN_TOO_SHORT
0007-0015-0005,Độ cao chủ yếu của vùng núi Nga là bao nhiêu?,,cao 1.000 m (3.300,False,False,0,0.0,1.0,-0.8345632553100586,10.786169052124023,0.8345632553100586,UNANSWERABLE_FALSE_POSITIVE
0007-0015-0006,Độ cao chủ yếu của vùng núi Nam Ossetia là bao nhiêu?,1.000 m,cao 1.000 m (3.300,True,False,0,0.6666666666666666,1.0,-0.8152847290039062,10.791157722473145,0.8152847290039062,SPAN_TOO_LONG
0007-0015-0007,Khu vực Nam Ossetia có địa thế như thế nào?,nhiều núi non,,True,True,0,0.0,1.0,5.601490020751953,4.517189025878906,-5.601490020751953,ANSWERABLE_PREDICTED_EMPTY
0008-0001-0001,Những lòai sinh vật nào torng họ Formicidae nằm cùng nhánh với ong Vò vẽ?,ong và tò vò Kiến,"bao gồm sawfly, ong và tò vò",True,False,0,0.6666666666666666,1.0,-1.9554929733276367,11.629034996032715,1.9554929733276367,SPAN_TOO_LONG
0008-0001-0002,Dựa trên tài liệu nguyên thủy thì lòai kiến Sphecomyrma là lòai động vật thuộc bộ sinh vật nào?,bộ Hymenoptera,bộ,True,False,0,0.6666666666666666,1.0,0.8248100280761719,9.232681274414062,-0.8248100280761719,SPAN_TOO_SHORT
0008-0001-0003,"Theo các nhóm nguyên thủy Leptanillinae, bản chất của những khủng long nguyên thủy được biết đến là gì?",,,False,True,1,1.0,1.0,4.03318977355957,6.14006233215332,-4.03318977355957,CORRECT_NO_ANSWER
0008-0001-0004,Ai là người đưa ra kết luận các hóa thạch kiến sống trong kỷ Creta?,E. O. Wilson,", E. O.",True,False,0,0.8,1.0,-1.925868034362793,11.361597061157227,1.925868034362793,SPAN_TOO_SHORT
0008-0001-0005,"Cách đây khỏang 60 triệu năm, lòai nào được coi là thống trị mặt đất?",,thấy,False,False,0,0.0,1.0,1.3919258117675781,8.72515869140625,-1.3919258117675781,UNANSWERABLE_FALSE_POSITIVE
0008-0001-0006,"Theo các nhóm nguyên thủy Leptanillinae, bản chất của những lòai kiến nguyên thủy được biết đến là gì?",các lòai săn mồi dưới mặt đất,là các lòai săn mồi dưới,True,False,0,0.7692307692307692,1.0,2.4954452514648438,7.664089202880859,-2.4954452514648438,SPAN_TOO_SHORT
0008-0001-0007,"Cách đây khỏang 60 triệu năm, lòai nào được coi là thống trị chủ yếu?",kiến,thấy,True,False,0,0.0,1.0,0.9612817764282227,9.149035453796387,-0.9612817764282227,WRONG_SPAN
0008-0002-0001,"Ở kỷ Creta, sinh khối của lòai kiến đóng góp bao nhiêu phần trăm trong tổng số sinh khối của nhóm động vật?",,chiếm 1,False,False,0,0.0,1.0,2.271864414215088,7.889529705047607,-2.271864414215088,UNANSWERABLE_FALSE_POSITIVE
0008-0002-0002,Hầu hết các lòai kiến còn tồn tại đến bây giờ sinh sống ở đâu?,Dominica,trong,True,False,0,0.0,1.0,3.394484043121338,6.736851215362549,-3.394484043121338,WRONG_SPAN
0008-0002-0003,"Ở kỷ Creta, sinh khối của lòai kiến đóng góp bao nhiêu phần trăm trong tổng số sinh khối của nhóm côn trùng?",1%,chiếm 1,True,False,0,0.6666666666666666,1.0,-0.16232585906982422,10.29915714263916,0.16232585906982422,SPAN_TOO_LONG
0008-0002-0004,Số lượng cá thể kiến biến đỏi như thế nào sau kỷ Creta?,trở nên phổ biến,,True,True,0,0.0,1.0,9.09214448928833,1.0889573097229004,-9.09214448928833,ANSWERABLE_PREDICTED_EMPTY
0008-0002-0005,Sự xuất hiện của lòai kiến được lan rộng vào thời điểm nào?,sau sự kiện tỏa nhánh thích nghi vào đầu kỷ Paleogen,,True,True,0,0.0,1.0,9.802075386047363,0.37093067169189453,-9.802075386047363,ANSWERABLE_PREDICTED_EMPTY
0008-0002-0006,"0,1% lòai kiến ngày nay trước đó đã sinh sống trong thời gian của kỷ nào?",Eocene,,True,True,0,0.0,1.0,5.500804901123047,4.61638069152832,-5.500804901123047,ANSWERABLE_PREDICTED_EMPTY
0008-0002-0007,Lòai kiến vào kỷ Creta sinh sống nhiều nhất ở khu vực nào?,siêu lục địa Laurasia,trên siêu lục địa Laurasia (bán cầu,True,False,0,0.7272727272727273,1.0,1.3574142456054688,8.783519744873047,-1.3574142456054688,SPAN_TOO_LONG
0008-0002-0008,Lòai kiến vào kỷ Eocene sinh sống nhiều nhất ở khu vực nào?,,trên siêu lục địa Laurasia (bán cầu,False,False,0,0.0,1.0,2.999213218688965,7.161740303039551,-2.999213218688965,UNANSWERABLE_FALSE_POSITIVE
0008-0002-0009,Sự xuất hiện của lòai kiến được tìm thấy vào thời điểm nào?,,,False,True,1,1.0,1.0,10.59660530090332,-0.42039012908935547,-10.59660530090332,CORRECT_NO_ANSWER
0008-0003-0001,Châu lục nào không có sự xuất hiện của côn trùng?,,"như Greenland, Iceland, các phần của Polynesia và",False,False,0,0.0,1.0,-0.19162750244140625,10.138595581054688,0.19162750244140625,UNANSWERABLE_FALSE_POSITIVE
0008-0003-0002,Lòai kiến chiếm 25% tổng sinh khối của hệ động vật đất liền thường sống ở khu vực có kiểu khí hậu như thế nào?,nhiệt đới,các vùng,True,False,0,0.0,1.0,0.10625648498535156,10.032567977905273,-0.10625648498535156,WRONG_SPAN
0008-0003-0003,Trị số nào được dùng để khái quát phạm vi phân bố của lòai kiến trong hệ sinh thái động vật?,sinh khối,,True,True,0,0.0,1.0,6.138818740844727,4.018589019775391,-6.138818740844727,ANSWERABLE_PREDICTED_EMPTY
0008-0003-0004,Nguồn dinh dưỡng của lòai kiến được lấy từ những lòai động vật nào?,"các động vật ăn cỏ, săn mồi",,True,True,0,0.0,1.0,5.881592750549316,4.275609016418457,-5.881592750549316,ANSWERABLE_PREDICTED_EMPTY
0008-0003-0005,Châu lục nào không có sự xuất hiện của lòai kiến?,Nam Cực,"như Greenland, Iceland, các phần của Polynesia và",True,False,0,0.0,1.0,-1.9320459365844727,11.463895797729492,1.9320459365844727,WRONG_SPAN
0008-0003-0006,Các vùng đất trên trái đát có khí hậu nhiệt có số lượng cá thể kiến bao nhiêu so với tổng sinh khối động vật sống trên đất liền?,trung bình gần 25%,,True,True,0,0.0,1.0,3.979419708251953,6.148663520812988,-3.979419708251953,ANSWERABLE_PREDICTED_EMPTY
0008-0003-0007,Lòai kiến thuộc nhóm động vật nào?,động vật ăn tạp,,True,True,0,0.0,1.0,4.4731621742248535,5.6829142570495605,-4.4731621742248535,ANSWERABLE_PREDICTED_EMPTY
0008-0003-0008,Nguồn nhân lực của lòai kiến được lấy từ những lòai động vật nào?,,,False,True,1,1.0,1.0,5.408215045928955,4.7507548332214355,-5.408215045928955,CORRECT_NO_ANSWER
0008-0003-0009,Trị số nào được dùng để khái quát phạm vi phân bố của lòai kiến trong hệ sinh thái côn trùng?,,,False,True,1,1.0,1.0,4.992408752441406,5.164846420288086,-4.992408752441406,CORRECT_NO_ANSWER
0008-0003-0010,Lòai kiến thuộc lớp động vật nào?,,,False,True,1,1.0,1.0,3.979281425476074,6.172148704528809,-3.979281425476074,CORRECT_NO_ANSWER
0008-0004-0001,Họ Kiến được nghiên cứu thông qua những cơ sở dữ liệu nào?,"""AntBase"" và ""Hymenoptera Name Server""","như ""AntBase"" và ""Hymenoptera Name",True,False,0,0.8000000000000002,1.0,2.807605743408203,7.3531084060668945,-2.807605743408203,PARTIAL_SPAN
0008-0004-0002,Họ Kiến được sản xuất thông qua những cơ sở dữ liệu nào?,,"như ""AntBase"" và ""Hymenoptera Name",False,False,0,0.0,1.0,1.4549694061279297,8.701286315917969,-1.4549694061279297,UNANSWERABLE_FALSE_POSITIVE
0008-0004-0003,"Thông thường, kích thước trung bình của lòai kiến vào khỏang bao nhiêu?","0,75 đến 52 milimét",,True,True,0,0.0,1.0,5.568732738494873,4.597254276275635,-5.568732738494873,ANSWERABLE_PREDICTED_EMPTY
0008-0004-0004,Những nghiên cứu khoa học về lòai kiến khẳng định khám phá bao nhiêu lòai?,,. Hơn 15.000 lòai,False,False,0,0.0,1.0,-0.2425994873046875,10.223936080932617,0.2425994873046875,UNANSWERABLE_FALSE_POSITIVE
0008-0004-0005,"Trong số 15.000 lòai kiến đã được tìm thấy thì ngòai màu đỏ, xanh lục, ánh kim thì kiến còn có màu nào khác?",đen,có màu,True,False,0,0.0,1.0,1.842249870300293,8.325332641601562,-1.842249870300293,WRONG_SPAN
0008-0004-0006,Những nghiên cứu khoa học về lòai kiến dự tính khám phá bao nhiêu lòai?,khỏang 22.000 lòai,. Hơn 15.000 lòai,True,False,0,0.5,1.0,-0.32062244415283203,10.323415756225586,0.32062244415283203,PARTIAL_SPAN
0008-0004-0007,Lòai kiến thay đổi màu sắc cơ thể như thế nào để thích nghi với khí hậu nhiệt đới?,có ánh kim lọai,,True,True,0,0.0,1.0,3.6275315284729004,6.547050952911377,-3.6275315284729004,ANSWERABLE_PREDICTED_EMPTY
0008-0005-0001,Đặc trưng nào của lòai kiến để chúng nhận biết những con không cùng một tổ với nhau?,mùi,bằng,True,False,0,0.0,1.0,0.4749765396118164,9.641355514526367,-0.4749765396118164,WRONG_SPAN
0008-0005-0002,Trách nhiệm của những con kiến chúa trong đàn là gì?,,,False,True,1,1.0,1.0,4.495538234710693,5.624300479888916,-4.495538234710693,CORRECT_NO_ANSWER
0008-0005-0003,Đặc trưng nào của lòai kiến để chúng nhận biết những con không cùng một lọai với nhau?,,bằng,False,False,0,0.0,1.0,0.646575927734375,9.487548828125,-0.646575927734375,UNANSWERABLE_FALSE_POSITIVE
0008-0005-0004,Một đàn kiến thường bao gồm bao nhiêu con?,100.000 con,có khỏang 100.000,True,False,0,0.5714285714285715,1.0,-0.6068572998046875,10.636153221130371,0.6068572998046875,SPAN_TOO_LONG
0008-0005-0005,Cái gì gây ra trở ngại không thể sinh sản của những con kiến thợ?,cơ cấu giới tính,vì cơ cấu giới tính của chúng chưa phát triển,True,False,0,0.5714285714285715,1.0,1.9270906448364258,8.19078540802002,-1.9270906448364258,SPAN_TOO_LONG
0008-0005-0006,Cái gì gây ra trở ngại không thể làm việc của những con kiến thợ?,,,False,True,1,1.0,1.0,3.642559051513672,6.497162818908691,-3.642559051513672,CORRECT_NO_ANSWER
0008-0005-0007,Lòai kiến nào mà con người có thể nhận thấy trực tiếp?,kiến thợ,là kiến,True,False,0,0.5,1.0,0.924189567565918,9.18856143951416,-0.924189567565918,PARTIAL_SPAN
0008-0005-0008,Một tổ kiến thường bao gồm bao nhiêu con?,,có khỏang 100.000,False,False,0,0.0,1.0,0.48989009857177734,9.613922119140625,-0.48989009857177734,UNANSWERABLE_FALSE_POSITIVE
0008-0005-0009,Trách nhiệm của những con kiến thợ trong đàn là gì?,"chăm sóc kiến chúa, ấp trứng, chuyển trứng, nuôi kiến con, tìm kiếm thức ăn, đào đất xây dựng tổ, canh gác tổ (kiến lính)",,True,True,0,0.0,1.0,3.868474006652832,6.246062278747559,-3.868474006652832,ANSWERABLE_PREDICTED_EMPTY
0008-0005-0010,Kiến nào chịu tránh nhiệm sinh sản trong một đàn kiến?,kiến chúa,là kiến,True,False,0,0.5,1.0,2.367076873779297,7.7286529541015625,-2.367076873779297,PARTIAL_SPAN
0008-0006-0001,Thời tiết như thế nào tạo điều kiện thuận lợi cho hiện tượng phối giống của lòai kiến?,mùa ấm áp hay oi bức,những mùa ấm áp hay,True,False,0,0.7272727272727272,1.0,0.5583591461181641,9.56631088256836,-0.5583591461181641,SPAN_TOO_SHORT
0008-0006-0002,Hiện tượng kiến bay đầy trời cho biết điều gì?,"những con kiến đực và cái (đã trưởng thành, có thể sinh sản được) đang phối giống",,True,True,0,0.0,1.0,8.846805930137634,1.309618592262268,-8.846805930137634,ANSWERABLE_PREDICTED_EMPTY
0008-0006-0003,Đặc điểm chung của đa số những con kiến là gì?,không có cánh,đều không có,True,False,0,0.6666666666666666,1.0,-0.8364439010620117,10.92026424407959,0.8364439010620117,PARTIAL_SPAN
0008-0006-0004,Thông thường xác của con kiến đực biến thành thức ăn cho kiến cái vào thời điểm thời tiết như thế nào?,ấm áp hay oi bức,những mùa ấm áp hay,True,False,0,0.6,1.0,1.667449951171875,8.473389625549316,-1.667449951171875,PARTIAL_SPAN
0008-0006-0005,Thời tiết như thế nào tạo điều kiện thuận lợi cho hiệu suất làm việc của lòai kiến?,,những mùa ấm áp hay,False,False,0,0.0,1.0,0.5409393310546875,9.59614372253418,-0.5409393310546875,UNANSWERABLE_FALSE_POSITIVE
0008-0006-0006,Cánh kiến được hình thành từ nơi nào?,"khi chúng sống trong tổ trong thời gian dài và được che chở, nơi này sẽ tạo ra cánh cho chúng",,True,True,0,0.0,1.0,6.601231098175049,3.5458216667175293,-6.601231098175049,ANSWERABLE_PREDICTED_EMPTY
0008-0006-0007,Những kiến chúa con được nuôi dưỡng bằng cái gì?,,,False,True,1,1.0,1.0,3.566814422607422,6.572997093200684,-3.566814422607422,CORRECT_NO_ANSWER
0008-0006-0008,Những kiến thợ con được nuôi dưỡng bằng cái gì?,cánh của những con đực rụng xuống cộng với phần cơ bắp của chúng,cho kiến,True,False,0,0.0,1.0,1.3380393981933594,8.799993515014648,-1.3380393981933594,WRONG_SPAN
0008-0007-0001,Cái gì thúc đẩy những con kiến làm những công việc khác nhau?,bản năng,do,True,False,0,0.0,1.0,0.7909994125366211,9.321830749511719,-0.7909994125366211,WRONG_SPAN
0008-0007-0002,"Sau khi kiến tìm được các lọai thực ăn như nấm, mật hay hạt giống thì sẽ được kiến đưa về tổ ra sao?",cùng nhau rìu thức ăn về tổ thành từng đàn,,True,True,0,0.0,1.0,9.293872356414795,0.8547759056091309,-9.293872356414795,ANSWERABLE_PREDICTED_EMPTY
0008-0007-0003,Tính tập thể của lòai kiến được biểu hiện như thế nào?,"chúng cùng nhau rìu thức ăn về tổ thành từng đàn, theo từng hàng lối nghiêm chỉnh",,True,True,0,0.0,1.0,5.327282905578613,4.824517250061035,-5.327282905578613,ANSWERABLE_PREDICTED_EMPTY
0008-0007-0004,Món ăn yêu thích của đa số lòai kiến là gì?,đồ ngọt & mật của rệp vừng,thích đồ ngọt & mật của rệp,True,False,0,0.8333333333333334,1.0,-0.41735076904296875,10.473079681396484,0.41735076904296875,PARTIAL_SPAN
0008-0007-0005,Món ăn yêu thích của đa số côn trùng là gì?,,thích đồ ngọt & mật của rệp,False,False,0,0.0,1.0,-0.31804752349853516,10.390671730041504,0.31804752349853516,UNANSWERABLE_FALSE_POSITIVE
0008-0007-0006,Cái gì thúc đẩy những con kiến sinh sản khác nhau?,,,False,True,1,1.0,1.0,3.5321083068847656,6.616506576538086,-3.5321083068847656,CORRECT_NO_ANSWER
0009-0001-0001,Cháu họ xa của Mitterrand tên gì?,,,False,True,1,1.0,1.0,4.271149635314941,5.773138999938965,-4.271149635314941,CORRECT_NO_ANSWER
0009-0001-0002,Ai nhận mình là con trai của Francois Mitterrand?,Hravn Forsne,", một chính trị gia trẻ tuổi người Thuy",True,False,0,0.0,1.0,-0.022721290588378906,9.909318923950195,0.022721290588378906,WRONG_SPAN
0009-0001-0003,Marie sinh ra ở đâu?,,ở,False,False,0,0.0,1.0,2.1616997718811035,7.96896505355835,-2.1616997718811035,UNANSWERABLE_FALSE_POSITIVE
0009-0001-0004,Người phụ nữ thứ 2 có con với Mitterrand là ai?,Anne Pingeot,. Mẹ,True,False,0,0.0,1.0,3.4067482948303223,6.712876796722412,-3.4067482948303223,WRONG_SPAN
0009-0001-0005,Mitterrand được rửa tội với tên gọi là gì?,François Maurice Adrien Marie Mitterrand,gọi François Maurice Adrien,True,False,0,0.6666666666666665,1.0,1.3421716690063477,8.666297912597656,-1.3421716690063477,SPAN_TOO_SHORT
0009-0001-0006,Ai nhận mình là con gái thất lạc của Francois?,,", một chính trị gia trẻ tuổi người Thuy",False,False,0,0.0,1.0,2.842649459838867,7.231359481811523,-2.842649459838867,UNANSWERABLE_FALSE_POSITIVE
0009-0001-0007,Mitterrand sinh ra ở đâu?,"Jarnac, Charente",ở,True,False,0,0.0,1.0,0.3126554489135742,9.686980247497559,-0.3126554489135742,WRONG_SPAN
0009-0001-0008,Mẹ của Mitterrand tên gì?,Marie Gabrielle Yvonne Lorrain,gọi François Maurice Adrien,True,False,0,0.0,1.0,3.3005151748657227,6.701491355895996,-3.3005151748657227,WRONG_SPAN
0009-0001-0009,Bà ngọai được miêu tả như thế nào?,một phụ nữ qúy tộc,,True,True,0,0.0,1.0,9.92032340168953,0.24089905619621277,-9.92032340168953,ANSWERABLE_PREDICTED_EMPTY
0009-0002-0001,Gaston Jèze là ai?,"giáo sư luật Gaston Jèze, người từng được chỉ định làm cố vấn pháp lý của Negus tại Ethiopia tháng 1 năm 1936",,True,True,0,0.0,1.0,4.615712642669678,5.54574728012085,-4.615712642669678,ANSWERABLE_PREDICTED_EMPTY
0009-0002-0002,Mitterrand đã có khỏang thời gian học tập 11 năm tại đâu?,collège Saint-Paul ở Angoulême,tại collège Saint-,True,False,0,0.5,1.0,2.9133386611938477,7.137144088745117,-2.9133386611938477,SPAN_TOO_SHORT
0009-0002-0003,"Trong khỏang thời gian từ năm 1925 đến năm 1934, Mitterrand học tập tại đâu?",collège Saint-Paul,tại collège Saint-,True,False,0,0.6666666666666666,1.0,2.2432918548583984,7.4398956298828125,-2.2432918548583984,PARTIAL_SPAN
0009-0002-0004,Mitterrand còn dính liếu với tổ chức khủng bố nào?,Cagoule,"của Cagoule, một nhóm khủng bố",True,False,0,0.2857142857142857,1.0,0.7528457641601562,9.33309555053711,-0.7528457641601562,SPAN_TOO_LONG
0009-0002-0005,Volontaires nationaux là gì?,Người tình nguyện Quốc gia,(Người tình nguyện Quốc gia,True,False,1,1.0,1.0,-1.2109870910644531,11.2861328125,1.2109870910644531,CORRECT
0009-0002-0006,"Trong khỏang thời gian từ năm 1934 đến năm 1937, Mitterrand học tập tại đâu?",,tại,False,False,0,0.0,1.0,2.433835029602051,7.385611534118652,-2.433835029602051,UNANSWERABLE_FALSE_POSITIVE
0009-0002-0007,"Vào tháng 2 năm 1935, Mitterrand đã làm gì?","tham gia vào các cuộc tuần hành bài ngọai chống lại ""sự xâm lăng métèque""","Ông tham gia vào các cuộc tuần hành bài ngọai chống lại ""sự xâm lăng métèque",True,False,0,0.967741935483871,1.0,2.383089542388916,7.775963306427002,-2.383089542388916,SPAN_TOO_LONG
0009-0003-0001,Ai được Mitterrand giải cứu khỏi những hành động quá khích của phong trào bảo hòang quốc gia chống Do Thái Action franciase?,Georges Dayan,của,True,False,0,0.0,1.0,3.079089641571045,6.578365802764893,-3.079089641571045,WRONG_SPAN
0009-0003-0002,"Khi được gửi tới giới tuyến Maginot, Mitterrand ở vị trí cấp bậc nào?",cấp bậc trung sĩ (trung sĩ bộ binh),cấp bậc,True,False,0,0.4,1.0,0.4918546676635742,9.5789794921875,-0.4918546676635742,SPAN_TOO_SHORT
0009-0003-0003,Ai được Do Thái Action franciase giải cứu khỏi những hành động quá khích của phong trào bảo hòang quốc gia chống Mitterrand?,,của,False,False,0,0.0,1.0,2.6894702911376953,6.875555038452148,-2.6894702911376953,UNANSWERABLE_FALSE_POSITIVE
0009-0003-0004,Mitterrand đã trở thành bạn thân của Georges Dayan sau khi thực hiện nghĩa vụ quân sự tại đâu?,trung đòan bộ binh thuộc địa số 23,tại trung đòan bộ binh thuộc địa số,True,False,0,0.875,1.0,0.6715736389160156,9.46677017211914,-0.6715736389160156,PARTIAL_SPAN
0009-0003-0005,Điều gì khiến Mitterrand nghi ngờ các lí tưởng quốc gia của Georges?,,.,False,False,1,1.0,1.0,1.42930269241333,7.590551853179932,-1.42930269241333,UNANSWERABLE_FALSE_POSITIVE
0009-0003-0006,Mitterrand tham gia nghĩa vụ quân sự trong thời gian nào?,từ năm 1937 tới năm 1939,từ năm 1937 tới năm,True,False,0,0.9090909090909091,1.0,-1.9940385818481445,11.709449768066406,1.9940385818481445,SPAN_TOO_SHORT
0009-0003-0007,"Khi được gửi tới giới tuyến Mitterrand, Maginot ở vị trí cấp bậc nào?",,cấp bậc,False,False,0,0.0,1.0,0.49238014221191406,9.5664701461792,-0.49238014221191406,UNANSWERABLE_FALSE_POSITIVE
0009-0003-0008,Marie-Louise tham gia nghĩa vụ quân sự trong thời gian nào?,,từ năm 1937 tới năm,False,False,0,0.0,1.0,-1.203683853149414,11.212038040161133,1.203683853149414,UNANSWERABLE_FALSE_POSITIVE
0009-0003-0009,Điều gì khiến Mitterrand nghi ngờ các lí tưởng quốc gia của mình?,Tình bạn của ông với Dayan,.,True,False,0,0.0,1.0,1.3296561241149902,7.624385356903076,-1.3296561241149902,WRONG_SPAN
0009-0003-0010,Georges Dayan là ai?,một người Do Thái theo chủ nghĩa xã hội,,True,True,0,0.0,1.0,9.92078848183155,0.23571233451366425,-9.92078848183155,ANSWERABLE_PREDICTED_EMPTY
0009-0004-0001,Quân Đức bắt giữ Mitterrand vào thời gian nào?,ngày 14 tháng 6 năm 1940,bắt giữ ngày 14 tháng 6 năm,True,False,0,0.7692307692307692,1.0,-1.4979791641235352,11.44286060333252,1.4979791641235352,SPAN_TOO_LONG
0009-0004-0002,Mẹ Miiterrand bị giam tại đâu?,,tại,False,False,0,0.0,1.0,2.450448989868164,7.14714241027832,-2.450448989868164,UNANSWERABLE_FALSE_POSITIVE
0009-0004-0003,"Khi chiến tranh quay trở lại, Mitterrand đang trong giai đọan nào ở quân đội?",,ở cuối thời hạn phục vụ,False,False,0,0.0,1.0,0.19254302978515625,9.9464111328125,-0.19254302978515625,UNANSWERABLE_FALSE_POSITIVE
0009-0004-0004,Pháp tham gia chiến trường ở vị trí nào?,,một trung sĩ,False,False,0,0.0,1.0,0.40152740478515625,9.732063293457031,-0.40152740478515625,UNANSWERABLE_FALSE_POSITIVE
0009-0004-0005,Miiterrand bị giam tại đâu?,Stalag IXA gần Ziegenhain,tại,True,False,0,0.0,1.0,2.243142604827881,7.3232903480529785,-2.243142604827881,WRONG_SPAN
0009-0004-0006,Mitterrand tham gia chiến trường ở vị trí nào?,trung sĩ bộ binh,một trung sĩ,True,False,0,0.5714285714285715,1.0,-0.6415081024169922,10.756908416748047,0.6415081024169922,SPAN_TOO_SHORT
0009-0004-0007,Trước khi Mitterrand quay về nhà ở khu vực không bị chiếm đóng do người Pháp quản lý năm 1941 thì ông đã vượt ngục thất bại bao nhiêu lần?,hai lần,đã hai,True,False,0,0.5,1.0,-1.4329090118408203,11.29090404510498,1.4329090118408203,PARTIAL_SPAN
0009-0004-0008,"Khi chiến tranh nổ ra, Mitterrand đang trong giai đọan nào ở quân đội?",cuối thời hạn phục vụ quân sự,ở cuối thời hạn phục vụ,True,False,0,0.7692307692307692,1.0,-0.8364858627319336,10.937397956848145,0.8364858627319336,SPAN_TOO_SHORT
0009-0004-0009,"Khi ở trong trại giam, Mitterrand đã làm gì?",bắt đầu tham gia vào một tổ chứ xã hội cho các tù binh chiến tranh trong trại,,True,True,0,0.0,1.0,5.184955596923828,4.975075721740723,-5.184955596923828,ANSWERABLE_PREDICTED_EMPTY
0009-0005-0001,Mitterrand làm việc dưới trướng của nhân vật nào?,Favre de Thierrens,quyền,True,False,0,0.0,1.0,2.983992099761963,6.488198757171631,-2.983992099761963,WRONG_SPAN
0009-0005-0002,Mitterrand xuất bản một bài viết quan trọng của mình trên tạp chí nào?,"France, revue de l'État nouveau",trên tạp chí,True,False,0,0.0,1.0,-0.2775688171386719,10.222285270690918,0.2775688171386719,WRONG_SPAN
0009-0005-0003,Nhân vật nào làm việc dưới trướng của Mitterrand?,,,False,True,1,1.0,1.0,3.7611937522888184,6.1199517250061035,-3.7611937522888184,CORRECT_NO_ANSWER
0009-0005-0004,Sở hướng nghiệp cho tù binh chiến tranh có tên gốc là gì?,Commissariat au reclassement des prisonniers de guerre,tới,True,False,0,0.0,1.0,3.2728829383850098,6.754514217376709,-3.2728829383850098,WRONG_SPAN
0009-0005-0005,Mitterrand đã làm nhân viên dân sự theo hợp đồng tạm thời trong vòng 3 tháng dưới quyền của ai?,Favre de Thierrens,quyền,True,False,0,0.0,1.0,3.0389513969421387,6.246592998504639,-3.0389513969421387,WRONG_SPAN
0009-0005-0006,"Trong khỏang thời gian từ tháng 1 tới tháng 4 năm 1942, Mitterrand làm việc cho tổ chức nào?",Légion française des combattants et des volontaires de la révolution nationale (Quân đòan chiến binh và tình nguyện Pháp cho cuộc cách mạng quốc gia),cho Légion française des combattants et des volontaires de la révolution nationale (Quân đòan chiến binh và tình nguyện Pháp cho cuộc cách mạng,True,False,0,0.9387755102040817,1.0,2.3718786239624023,7.306948661804199,-2.3718786239624023,SPAN_TOO_SHORT
0009-0005-0007,"Sau một thời gian làm việc, Mitterrand chuyển tới đâu?",Commissariat au reclassement des prisonniers de guerre,tới Commissariat au reclassement des prisonniers de guerre (Sở hướng nghiệp cho tù binh chiến trah,True,False,0,0.6086956521739131,1.0,1.970557689666748,7.901499271392822,-1.970557689666748,SPAN_TOO_LONG
0009-0005-0008,"Sau một thời gian làm việc, Thierrens chuyển tới đâu?",,tới Commissariat au reclassement des prisonniers de guerre (Sở hướng nghiệp cho tù binh chiến trah,False,False,0,0.0,1.0,2.142828941345215,7.724312782287598,-2.142828941345215,UNANSWERABLE_FALSE_POSITIVE
0009-0005-0009,Mitterrand xuất bản một bài viết quan trọng của Anh trên tạp chí nào?,,trên tạp chí,False,False,0,0.0,1.0,-0.09272384643554688,10.070985794067383,0.09272384643554688,UNANSWERABLE_FALSE_POSITIVE
0009-0006-0001,Ba nhân vật thúc đẩy Mitterrand gia nhập cuộc kháng chiến là ai?,"Jean Roussel, Max Varenne, và tiến sĩ Guy Fric",,True,True,0,0.0,1.0,3.5201282501220703,6.461291313171387,-3.5201282501220703,ANSWERABLE_PREDICTED_EMPTY
0009-0006-0002,Mitterrand và Fric đã làm gì trong một cuộc tụ họp công cộng do người hợp tác Georges Claude tổ chức?,gây ra một vụ hỗn lọan lớ,", Mitterrand và Fric gây ra một vụ hỗn lọan",True,False,0,0.75,1.0,0.4662208557128906,9.570089340209961,-0.4662208557128906,SPAN_TOO_LONG
0009-0006-0003,Cơ sở cho mạng lưới kháng chiến của Mitterrand bắt đầu được hình thành từ mốc thời gian nào?,Từ giữa năm 1942,và ngày 12 tháng 6 và 15 tháng 8 năm,True,False,0,0.14285714285714288,1.0,-0.28108882904052734,10.302961349487305,0.28108882904052734,SPAN_TOO_LONG
0009-0006-0004,Michel Cailliau là ai?,cháu của Tướng Charles de Gaulle,của Tướng Charles de,True,False,0,0.8,1.0,1.9762897491455078,8.17487907409668,-1.9762897491455078,SPAN_TOO_SHORT
0009-0006-0005,Các tù nhân chiến tranh khác gặp Mitterrand bỏ chốn từ thời gian nào?,,Từ mùa xuân năm,False,False,0,0.0,1.0,0.04591178894042969,10.076656341552734,-0.04591178894042969,UNANSWERABLE_FALSE_POSITIVE
0009-0006-0006,Mitterrand thúc đẩy ba nhân vật gia nhập cuộc kháng chiến là ai?,,khác,False,False,0,0.0,1.0,3.303792953491211,6.652318954467773,-3.303792953491211,UNANSWERABLE_FALSE_POSITIVE
0009-0006-0007,Mitterrand gặp các tù nhân chiến tranh bỏ chốn khác từ thời gian nào?,Từ mùa xuân năm 1942,Từ mùa xuân năm,True,False,0,0.888888888888889,1.0,0.1297740936279297,9.975931167602539,-0.1297740936279297,SPAN_TOO_SHORT
0009-0006-0008,Mitterrand gửi những giấy tờ giả tới các tù binh chiến tranh tại Đức từ thời gian nào?,Từ giữa năm 1942,và ngày 12 tháng 6 và 15 tháng 8 năm,True,False,0,0.14285714285714288,1.0,-1.4317121505737305,11.232345581054688,1.4317121505737305,SPAN_TOO_LONG
0009-0007-0001,Quá khứ Vichy của Mitterrand bị tiết lộ trong thời gian nào?,thập niên 1950,trong thập niên,True,False,0,0.6666666666666666,1.0,-2.5787363052368164,11.735754013061523,2.5787363052368164,PARTIAL_SPAN
0009-0007-0002,Ai vẫn hòai nghi về niềm tin thực sự của Mitterrand?,Pierre Moscovici và Jacques Attali,như,True,False,0,0.0,1.0,0.7379951477050781,8.16064453125,-0.7379951477050781,WRONG_SPAN
0009-0007-0003,Gabriel là ai?,,,False,True,1,1.0,1.0,7.88040566444397,2.2571380138397217,-7.88040566444397,CORRECT_NO_ANSWER
0009-0007-0004,Sự kiện nào khiến Mitterrand rời ban thư kí?,"gười lãnh đạo của ông Maurice Pinot, một vichysto-résistant khác, bị thay thế bởi cộng tác viên André Masson",,True,True,0,0.0,1.0,9.214739739894867,0.9317122101783752,-9.214739739894867,ANSWERABLE_PREDICTED_EMPTY
0009-0007-0005,Sự kiện nào khiến ban thư kí rời Mitterrand?,,,False,True,1,1.0,1.0,9.78125885128975,0.3694426715373993,-9.78125885128975,CORRECT_NO_ANSWER
0009-0007-0006,Vùng không bị chiếm đóng bị người Đức chiếm khi nào?,Cuối năm 1942,năm,True,False,0,0.5,1.0,1.080845832824707,9.06159496307373,-1.080845832824707,SPAN_TOO_SHORT
0009-0007-0007,"Ai trong nội các Maréchal Pétain từng là thành viên cũ của ""la Cagoule"" cùng với Simon Arbellot?",Maréchal Pétain,,True,True,0,0.0,1.0,4.046518325805664,5.886388778686523,-4.046518325805664,ANSWERABLE_PREDICTED_EMPTY
0009-0007-0008,Gabriel Jeantet là ai?,một thành viên của nội các Maréchal Pétain,"và Simon Arbellot (cả hai đều là thành viên cũ của ""la Cagoule""",True,False,0,0.2857142857142857,1.0,2.0620555877685547,7.848040580749512,-2.0620555877685547,SPAN_TOO_LONG
0009-0008-0001,Tập hợp tù binh chiến tranh quốc tế đã liên kết với ai?,,,False,True,1,1.0,1.0,3.6848373413085938,5.98832893371582,-3.6848373413085938,CORRECT_NO_ANSWER
0009-0008-0002,Từ năm nào trở đi Mitterrand trở thành thành viên của ORA?,1943,đầu năm,True,False,0,0.0,1.0,-0.10852622985839844,10.187417030334473,0.10852622985839844,WRONG_SPAN
0009-0008-0003,Lực lượng chính của mạng lưới kháng chiến là ai?,các cựu tù binh chiến tranh,gồm các cựu tù binh,True,False,0,0.7272727272727272,1.0,-1.1728191375732422,11.203699111938477,1.1728191375732422,SPAN_TOO_SHORT
0009-0008-0004,Tập hợp tù binh chiến tranh quốc gia đã liên kết với ai?,Tướng Henri Giraud,với,True,False,0,0.0,1.0,3.1085662841796875,6.3636932373046875,-3.1085662841796875,WRONG_SPAN
0009-0008-0005,Kế họach của Mitterrand là gì?,xây dựng một mạng lưới kháng chiến,dự định xây dựng một mạng lưới,True,False,0,0.7142857142857143,1.0,1.9389066696166992,8.194467544555664,-1.9389066696166992,PARTIAL_SPAN
0009-0008-0006,Giraud tranh chấp vai trò lãnh đạo Kháng chiến Pháp với ai?,Tướng Charles de Gaulle,Tướng Charles de,True,False,0,0.8571428571428571,1.0,-1.447916030883789,11.244924545288086,1.447916030883789,SPAN_TOO_SHORT
0009-0008-0007,Henri Frenay là ai?,người khuyến khích phong trào kháng chiến Pháp ủng hộ Mitterrand thay vì Michel Cailliau,,True,True,0,0.0,1.0,4.841628074645996,5.309162139892578,-4.841628074645996,ANSWERABLE_PREDICTED_EMPTY
0009-0008-0008,Giraud tranh chấp vai trò lãnh đạo Kháng chiến Đức với ai?,,với Tướng Charles de,False,False,0,0.0,1.0,-1.216109275817871,11.088488578796387,1.216109275817871,UNANSWERABLE_FALSE_POSITIVE
0009-0009-0001,Những tù binh nhà có thể quay về chiến tranh nếu họ được thay thế bởi ai?,,bởi những thanh niên Pháp bị buộc phải tới làm việc ở,False,False,0,0.0,1.0,0.9809436798095703,9.148752212524414,-0.9809436798095703,UNANSWERABLE_FALSE_POSITIVE
0009-0009-0002,Mitterand đánh giá như thế nào về Masson?,Masson không có quyền tuyên bố thay mặt các tù binh chiến tranh,,True,True,0,0.0,1.0,5.395207405090332,4.76979923248291,-5.395207405090332,ANSWERABLE_PREDICTED_EMPTY
0009-0009-0003,Nhờ ai mà Mitterrand bị bắt?,,nhờ Piatzook đã yểm trợ cho ông chạy,False,False,0,0.0,1.0,2.152332305908203,7.358492851257324,-2.152332305908203,UNANSWERABLE_FALSE_POSITIVE
0009-0009-0004,Masson đánh giá như thế nào về Mitterand?,,,False,True,1,1.0,1.0,4.589332103729248,5.574844837188721,-4.589332103729248,CORRECT_NO_ANSWER
0009-0009-0005,Những tù binh chiến tranh có thể quay về nhà nếu họ được thay thế bởi ai?,những thanh niên Pháp bị buộc phải tới làm việc ở Đức,bởi những thanh niên Pháp bị buộc phải tới làm việc ở,True,False,0,0.9166666666666666,1.0,1.9015531539916992,8.239599227905273,-1.9015531539916992,PARTIAL_SPAN
0009-0009-0006,"Mitterrand đã gọi ""la relève"" là trò bịp tại một cuộc tụ họp công khai diễn ra vào năm nào?",1943,Trong năm,True,False,0,0.0,1.0,0.3955373764038086,9.744013786315918,-0.3955373764038086,WRONG_SPAN
0009-0009-0007,"Mitterrand gọi ""la relève"" là gì?",một trò bịp,,True,True,0,0.0,1.0,3.9599575996398926,6.204188823699951,-3.9599575996398926,ANSWERABLE_PREDICTED_EMPTY
0009-0009-0008,Nhờ ai mà Mitterrand không bị bắt?,Piatzook,nhờ,True,False,0,0.0,1.0,2.2541065216064453,7.121199607849121,-2.2541065216064453,WRONG_SPAN
0009-0009-0009,Ngày 7 tháng 10 Mitterrand và Piazook đã làm gì?,,) ngừng một cuộc tụ họp công khai tại Salle Wagram ở,False,False,0,0.0,1.0,2.7640414237976074,7.397121906280518,-2.7640414237976074,UNANSWERABLE_FALSE_POSITIVE
0009-0009-0010,Ngày 10 tháng 7 Mitterrand và Piazook đã làm gì?,gừng một cuộc tụ họp công khai tại Salle Wagram ở Paris,) ngừng một cuộc tụ họp công khai tại Salle Wagram ở,True,False,0,0.8695652173913043,1.0,0.9646463394165039,9.157267570495605,-0.9646463394165039,SPAN_TOO_SHORT
0009-0010-0001,MNPGD sẽ không được thành lập nếu chọn ai làm người lãnh đạo?,Cailliau,gặp gỡ Charles de,True,False,0,0.0,1.0,0.0922250747680664,9.534205436706543,-0.0922250747680664,WRONG_SPAN
0009-0010-0002,Lí do gì mà Mitterrand bỏ trốn tới Paris?,,,False,True,1,1.0,1.0,6.941195964813232,3.2156262397766113,-6.941195964813232,CORRECT_NO_ANSWER
0009-0010-0003,Lí do gì mà Mitterrand bỏ trốn tới London?,những người bạn cảnh báo,,True,True,0,0.0,1.0,5.860407829284668,4.298105239868164,-5.860407829284668,ANSWERABLE_PREDICTED_EMPTY
0009-0010-0004,Henri Marlin dùng tên gì để ngụy trang?,,,False,True,1,1.0,1.0,6.561333656311035,3.591464042663574,-6.561333656311035,CORRECT_NO_ANSWER
0009-0010-0005,Mitterrand dùng tên gì để ngụy trang?,Morland,,True,True,0,0.0,1.0,4.644268035888672,5.448774337768555,-4.644268035888672,ANSWERABLE_PREDICTED_EMPTY
0009-0010-0006,Sicherheitsdienst (SD) lục sóat một căn hộ tại đâu?,Vichy,tại,True,False,0,0.0,1.0,0.9287624359130859,7.898355484008789,-0.9287624359130859,WRONG_SPAN
0009-0010-0007,"Ở Algiers, Mitterrand đã gặp ai?",Charles de Gaulle,gặp gỡ Charles de,True,False,0,0.5714285714285715,1.0,-2.639425277709961,11.710987091064453,2.639425277709961,SPAN_TOO_LONG
0009-0010-0008,Mitterrand bỏ trốn tới London vào thời gian nào?,ngày 15 tháng 11 năm 1943,trong tháng 2 năm,True,False,0,0.4,1.0,-0.9566917419433594,11.039719581604004,0.9566917419433594,SPAN_TOO_SHORT
0009-0011-0001,Mitterrand đã cùng ai lập ra kế họach giải phóng các tù binh?,Jacques Foccart,và,True,False,0,0.0,1.0,2.060459613800049,7.54494047164917,-2.060459613800049,WRONG_SPAN
0009-0011-0002,Vì sao Antelme có thể giải thóat cho Mitterrand?,,,False,True,1,1.0,1.0,8.003841400146484,2.1578617095947266,-8.003841400146484,CORRECT_NO_ANSWER
0009-0011-0003,Antelme đã tìm thấy ai?,,thấy người,False,False,0,0.0,1.0,3.108625888824463,7.05675745010376,-3.108625888824463,UNANSWERABLE_FALSE_POSITIVE
0009-0011-0004,Mitterrand tình cờ gặp một người bạn của ông tại đâu?,Kaufering và Dachau,,True,True,0,0.0,1.0,6.48344087600708,3.6260886192321777,-6.48344087600708,ANSWERABLE_PREDICTED_EMPTY
0009-0011-0005,Mitterrand đã cùng ai lập ra kế họach điều trị các tù binh?,,và,False,False,0,0.0,1.0,2.2057642936706543,7.471017360687256,-2.2057642936706543,UNANSWERABLE_FALSE_POSITIVE
0009-0011-0006,Vì sao Mitterrand có thể giải thóat cho Antelme?,Antelme được ra lệnh ở lại trong trại để ngăn ngừa bệnh lây truyền,,True,True,0,0.0,1.0,9.357314229011536,0.8013352155685425,-9.357314229011536,ANSWERABLE_PREDICTED_EMPTY
0009-0011-0007,Tháng 10 năm 1944 Mitterrand và Jacques Foccart đã làm gì?,cùng đặt một kế họach giải phóng các tù binh chiến tranh và các trại tập trung,,True,True,0,0.0,1.0,3.7282023429870605,6.419799327850342,-3.7282023429870605,ANSWERABLE_PREDICTED_EMPTY
0009-0011-0008,Mitterrand đã tìm thấy ai?,Robert Antelme,,True,True,0,0.0,1.0,4.774365425109863,5.347489356994629,-4.774365425109863,ANSWERABLE_PREDICTED_EMPTY
0009-0012-0001,Mitterrand nhanh chóng quay trở lại với chính trị sau sự kiện nào?,Sau cuộc thế chiến,Sau cuộc,True,False,0,0.6666666666666666,1.0,-1.7197027206420898,11.36648178100586,1.7197027206420898,SPAN_TOO_SHORT
0009-0012-0002,Cuộc bầu cử lập pháp diễn ra vào tháng năm nào?,tháng 6 năm 1946,lập pháp tháng 6 năm,True,False,0,0.6666666666666665,1.0,-1.5174579620361328,11.287667274475098,1.5174579620361328,SPAN_TOO_LONG
0009-0012-0003,RGR là gì?,"một thực thể bầu cử gồm Đảng cấp tiến, Liên minh Kháng chiến Dân chủ Xã hội",,True,True,0,0.0,1.0,4.007501125335693,6.116978168487549,-4.007501125335693,ANSWERABLE_PREDICTED_EMPTY
0009-0012-0004,Mitterrand lãnh đạo phe nào tại cuộc bầu cử năm 1946?,Tập hợp những người Cộng hòa cánh Tả,lãnh đạo phái Tập hợp những người Cộng hòa cánh,True,False,0,0.7777777777777777,1.0,-1.4830303192138672,11.410825729370117,1.4830303192138672,SPAN_TOO_LONG
0009-0012-0005,Cuộc bầu cử Đảng diễn ra vào tháng năm nào?,,lập pháp tháng 6 năm,False,False,0,0.0,1.0,-0.9566841125488281,11.022862434387207,0.9566841125488281,UNANSWERABLE_FALSE_POSITIVE
0009-0012-0006,"""Liên minh ba đảng"" thể hiện thái độ như thế nào với chính sách của RGR?",,Nó,False,False,0,0.0,1.0,1.351877212524414,8.791723251342773,-1.351877212524414,UNANSWERABLE_FALSE_POSITIVE
0009-0012-0007,"RGR thể hiện thái độ như thế nào với chính sách của ""liên minh ba đảng""?",đối lập,Nó,True,False,0,0.0,1.0,1.6656684875488281,8.476552963256836,-1.6656684875488281,WRONG_SPAN
0009-0013-0001,"Trong cuộc bầu cử lập pháp tháng 11 năm 1946, ông đạt được kết quả gì?",giành được một ghế đại biểu tại Nièvre département,,True,True,0,0.0,1.0,6.932771444320679,3.212778329849243,-6.932771444320679,ANSWERABLE_PREDICTED_EMPTY
0009-0013-0002,"Với vị trí cao nhất của phái bầu cử RGR, Mitterrand đã làm gì?",thực hiện một chiến dịch tranh cử rất chống cộng,,True,True,0,0.0,1.0,6.985395669937134,3.177173376083374,-6.985395669937134,ANSWERABLE_PREDICTED_EMPTY
0009-0013-0003,Ông gia nhập nội các khi nào?,Tháng 1 năm 1947,năm,True,False,0,0.4,1.0,0.5631914138793945,9.369796752929688,-0.5631914138793945,SPAN_TOO_SHORT
0009-0013-0004,Thành viên đã phải làm gì để có thể đắc cử?,,,False,True,1,1.0,1.0,6.245529890060425,3.9152729511260986,-6.245529890060425,CORRECT_NO_ANSWER
0009-0013-0005,Mitterrand giữ bao nhiêu chức vụ bộ trưởng?,11,giữ 11 chức vụ,True,False,0,0.4,1.0,0.27313232421875,9.807344436645508,-0.27313232421875,SPAN_TOO_LONG
0009-0013-0006,Ông đã phải làm gì để có thể đắc cử?,giành một ghế với cái giá là Đảng Cộng sản Pháp (PCF),,True,True,0,0.0,1.0,5.12699031829834,5.034722328186035,-5.12699031829834,ANSWERABLE_PREDICTED_EMPTY
0009-0013-0007,Mitterrand lãnh đạo bao nhiêu chức vụ bộ trưởng?,,giữ 11 chức vụ,False,False,0,0.0,1.0,0.6606645584106445,9.464995384216309,-0.6606645584106445,UNANSWERABLE_FALSE_POSITIVE
0009-0014-0001,"Tháng 9 năm 1958, Mitterrand đã làm gì?","Mitterrand đưa ra một lời kêu gọi bỏ phiếu ""phản đối"" trong cuộc trưng cầu dân ý về hiến pháp",,True,True,0,0.0,1.0,5.693171977996826,4.461555004119873,-5.693171977996826,ANSWERABLE_PREDICTED_EMPTY
0009-0014-0002,Một trong số ít người để Charles de Gaulle chỉ định làm lãnh đạo chính phủ là ai?,Mitterrand,",",True,False,0,0.0,1.0,1.96331787109375,7.181324005126953,-1.96331787109375,WRONG_SPAN
0009-0014-0003,"Khi de Gaulle trở lại, Mitterrand đã làm gì?",quyết định đối đầu với Charles de Gaulle,đã thay đổi sự đối lập của mình trong hòan cảnh de Gaulle quay trở lại: cuộc khủng hỏang tháng 5 năm 1958 và áp lực,True,False,0,0.1764705882352941,1.0,3.093900680541992,7.0040740966796875,-3.093900680541992,SPAN_TOO_LONG
0009-0014-0004,Hành động của Mitterrand nhằm đối đối với Charles de Gaulle được thông qua khi nào?,ngày 4 tháng 10 năm 1958,thông qua ngày 4 tháng 10 năm,True,False,0,0.7692307692307692,1.0,2.3517298698425293,7.749464511871338,-2.3517298698425293,SPAN_TOO_LONG
0009-0014-0005,Những phe thất bại bao gồm?,PCF và một số nhà chính trị cộng hòa cánh tả,gồm PCF và một số nhà chính trị cộng hòa cánh,True,False,0,0.9090909090909091,1.0,0.18949127197265625,9.916105270385742,-0.18949127197265625,PARTIAL_SPAN
0009-0015-0001,Ai lập ra Nhóm Công nhân Quốc tế Pháp?,,do Mendès-,False,False,0,0.0,1.0,-0.6136322021484375,10.329399108886719,0.6136322021484375,UNANSWERABLE_FALSE_POSITIVE
0009-0015-0002,Mitterrand nhận được nhiều sự ủng hộ ở vòng mấy của cuộc bầu cử?,vòng hai,ở vòng,True,False,0,0.5,1.0,0.17765045166015625,9.893070220947266,-0.17765045166015625,PARTIAL_SPAN
0009-0015-0003,Ai lập ra Đảng Xã hội Thống nhất?,Mendès-France,do Mendès-,True,False,0,0.5,1.0,-2.2788848876953125,11.648534774780273,2.2788848876953125,PARTIAL_SPAN
0009-0015-0004,Lãnh đạo là ai?,,do Mendès-,False,False,0,0.0,1.0,1.640049934387207,8.443170547485352,-1.640049934387207,UNANSWERABLE_FALSE_POSITIVE
0009-0015-0005,Mitterrand trúng cử với nhiệm vụ gì?,làm đại diện cho Nièvre trong Thượng viện,"làm đại diện cho Nièvre trong Thượng viện, nơi ông là một phần của Nhóm Dân chủ cánh",True,False,0,0.6153846153846153,1.0,0.9005146026611328,9.209726333618164,-0.9005146026611328,SPAN_TOO_LONG
0009-0015-0006,Mitterrand mất ghế với nhiệm vụ gì?,,", bắt đầu một chiến dịch ""vượt sa mạc""",False,False,0,0.0,1.0,2.245039939880371,7.890422821044922,-2.245039939880371,UNANSWERABLE_FALSE_POSITIVE
0009-0015-0007,Mitterrand nhận được ít sự ủng hộ ở vòng mấy của cuộc bầu cử?,,ở vòng,False,False,0,0.0,1.0,0.4704933166503906,9.619491577148438,-0.4704933166503906,UNANSWERABLE_FALSE_POSITIVE
0009-0015-0008,Mendès-France là ai?,cựu đối thủ bên trong của Molletvà là cựu thành viên có tư tưởng cải cách của Đảng Cộng sản,", cựu đối thủ bên trong của Molletvà là cựu thành viên có tư tưởng cải cách của Đảng",True,False,0,0.9473684210526316,1.0,3.382321357727051,6.744074821472168,-3.382321357727051,SPAN_TOO_SHORT
0009-0015-0009,Ai đã ủng hộ Mitterrand?,những người Cộng sản,được những người,True,False,0,0.5714285714285715,1.0,-0.9248371124267578,11.004688262939453,0.9248371124267578,SPAN_TOO_SHORT
0009-0016-0001,Ai là người bị cáo buộc đứng sau vụ ám sát?,Thủ tướng Michel Debré,,True,True,0,0.0,1.0,4.150909423828125,5.939675331115723,-4.150909423828125,ANSWERABLE_PREDICTED_EMPTY
0009-0016-0002,Mitterrand chỉ trích những người đã nói gì?,,,False,True,1,1.0,1.0,4.586457252502441,5.569568634033203,-4.586457252502441,CORRECT_NO_ANSWER
0009-0016-0003,Đơn vị ám sát nào được cho là đang nhận nhiệm vụ giết Mitterrand?,Algérie française,,True,True,0,0.0,1.0,4.48141622543335,5.664834499359131,-4.48141622543335,ANSWERABLE_PREDICTED_EMPTY
0009-0016-0004,Mitterrand tuyên bố đã thóat khỏi âm mưu ám sát tại đâu?,trên Đại lộ de l'Observatoire ở Paris,,True,True,0,0.0,1.0,3.793781280517578,6.354506492614746,-3.793781280517578,ANSWERABLE_PREDICTED_EMPTY
0009-0016-0005,Làm sao Mitterrand có thể thóat chết?,nấp phía sau một hàng rào,,True,True,0,0.0,1.0,7.690205097198486,2.4795756340026855,-7.690205097198486,ANSWERABLE_PREDICTED_EMPTY
0009-0016-0006,Đơn vị ám sát nào của Mitterrand được cho là đang nhận nhiệm vụ giết người?,,,False,True,1,1.0,1.0,4.602217197418213,5.543054103851318,-4.602217197418213,CORRECT_NO_ANSWER
0009-0016-0007,Những người chỉ trích Mitterrand đã nói gì?,chính ông dựng lên vụ ám sát,,True,True,0,0.0,1.0,5.835666179656982,4.334160327911377,-5.835666179656982,ANSWERABLE_PREDICTED_EMPTY
0009-0017-0001,Nhờ gì mà Mitterrand có thể trở lại Quốc hội?,PCF và SFIO,,True,True,0,0.0,1.0,11.127689480781555,-0.9542990922927856,-11.127689480781555,ANSWERABLE_PREDICTED_EMPTY
0009-0017-0002,Những người đối lập với De Gaulle đã làm gì?,tổ chức thành các câu lạc bộ,Gaulle tự tổ chức thành các câu,True,False,0,0.7142857142857143,1.0,3.431089401245117,6.716423034667969,-3.431089401245117,PARTIAL_SPAN
0009-0017-0003,Mitterrand giành lại ghế trong Quốc hội trong cuộc thống trị vào năm nào?,,bầu cử năm,False,False,0,0.0,1.0,-0.48595619201660156,10.602920532226562,0.48595619201660156,UNANSWERABLE_FALSE_POSITIVE
0009-0017-0004,Mitterrand ủng hộ gì khi họat động trong cánh tả thống nhất ở Nièvre?,việc tập hợp các lực lượng cánh tả ở mức độ quốc gia,"ủng hộ việc tập hợp các lực lượng cánh tả ở mức độ quốc gia, gồm cả PCF, nhằm thách thức sự thống trị của phái de",True,False,0,0.65,1.0,1.954350471496582,8.161273956298828,-1.954350471496582,SPAN_TOO_LONG
0009-0017-0005,Mitterrand trở thành chủ tịch của Đại hội đồng Nièvre sau bao nhiêu năm?,Hai năm,. Hai,True,False,0,0.6666666666666666,1.0,-2.120746612548828,11.413007736206055,2.120746612548828,SPAN_TOO_SHORT
0009-0017-0006,Mitterrand giành lại ghế trông Quốc hội trong cuộc bầu cử vào năm nào?,cuộc bầu cử năm 1962,bầu cử năm,True,False,0,0.7499999999999999,1.0,-0.8510894775390625,10.864311218261719,0.8510894775390625,SPAN_TOO_SHORT
0009-0018-0001,Gaston Defferre là ai?,đối thủ của ông trong SFIO,,True,True,0,0.0,1.0,4.879659175872803,5.219702243804932,-4.879659175872803,ANSWERABLE_PREDICTED_EMPTY
0009-0018-0002,Vì sao Mitterrand là một mối đe dọa với các thành viên của các đảng cánh tả?,Mitterrand là một nhân vật đơn độc,", Mitterrand là một nhân vật",True,False,0,0.8333333333333333,1.0,0.7213602066040039,9.427095413208008,-0.7213602066040039,SPAN_TOO_SHORT
0009-0018-0003,Đảng xã hội cấp tiến có tên viết tắt là?,PR,,True,True,0,0.0,1.0,4.612363338470459,5.546749591827393,-4.612363338470459,ANSWERABLE_PREDICTED_EMPTY
0009-0018-0004,Gaston là ai?,,,False,True,1,1.0,1.0,5.9116291999816895,4.2403178215026855,-5.9116291999816895,CORRECT_NO_ANSWER
0009-0018-0005,Ai là người đầu tiên coi cuộc bầu cử phổ thông đầu phiếu là một cách thức để đánh bại lãnh đạo đối lập?,Mitterrand,", Mitterrand là chính trị gia cánh",True,False,0,0.2857142857142857,1.0,0.8454065322875977,8.648395538330078,-0.8454065322875977,SPAN_TOO_LONG
0009-0018-0006,Tư cách ứng viên tổng thống của Mitterrand được ai chấp nhận?,mọi đảng cánh tả,được mọi đảng cánh,True,False,0,0.75,1.0,-0.23944950103759766,10.274938583374023,0.23944950103759766,PARTIAL_SPAN
0009-0018-0007,Vì sao các đảng cánh tả là một mối đe dọa với các thành viên của Mitterrand?,,", Mitterrand là một nhân vật",False,False,0,0.0,1.0,0.6901102066040039,9.458235740661621,-0.6901102066040039,UNANSWERABLE_FALSE_POSITIVE
0009-0018-0008,Ai là người đầu tiên coi lãnh đạo đối lập là một cách thức để đánh bại cuộc bầu cử phổ thông đầu phiếu?,,", Mitterrand là chính trị gia cánh",False,False,0,0.0,1.0,1.126220703125,8.365840911865234,-1.126220703125,UNANSWERABLE_FALSE_POSITIVE
0009-0019-0001,Mọi ứng viên không vướt quá bao nhiêu phần trăm số phiếu?,10%,quá 10%,True,False,0,0.6666666666666666,1.0,-1.2147455215454102,11.118542671203613,1.2147455215454102,SPAN_TOO_LONG
0009-0019-0002,Các đảng cảnh tả giành được tổng công bao nhiêu ghế?,194,tổng cộng 194,True,False,0,0.5,1.0,-0.4356422424316406,10.541023254394531,0.4356422424316406,SPAN_TOO_LONG
0009-0019-0003,Nhóm cánh tả lớn nhất là những ai?,Những người Cộng sản,. Những người,True,False,0,0.6666666666666666,1.0,-0.8451299667358398,10.90742015838623,0.8451299667358398,SPAN_TOO_SHORT
0009-0019-0004,Liên minh cầm quyền giành được bao nhiêu số ghế?,(247 ghế,(247 ghế trong số,True,False,0,0.6666666666666666,1.0,0.7045955657958984,9.40493392944336,-0.7045955657958984,SPAN_TOO_LONG
0009-0019-0005,Những người bầu cử chiếm bao nhiêu phần trăm số phiếu?,,với 22.5,False,False,0,0.0,1.0,-0.3927879333496094,10.395132064819336,0.3927879333496094,UNANSWERABLE_FALSE_POSITIVE
0009-0019-0006,Những người cộng sản chiếm bao nhiêu phần trăm số phiếu?,22.5%,với 22.5,True,False,0,0.8,1.0,-1.874612808227539,11.390802383422852,1.874612808227539,SPAN_TOO_LONG
0009-0020-0001,"CIR gia nhập với ""PS"" vào thời gian nào?",Tháng 6 năm 1971,. Tháng 6 năm,True,False,0,0.8571428571428571,1.0,-0.9175167083740234,10.911836624145508,0.9175167083740234,SPAN_TOO_SHORT
0009-0020-0002,Mitterrand quay sang Đảng xã hội sau sự kiện nào?,Sau thất bại của FGDS,,True,True,0,0.0,1.0,7.48267674446106,2.663344144821167,-7.48267674446106,ANSWERABLE_PREDICTED_EMPTY
0009-0020-0003,Mitterrand quay lưng với Đảng xã hội sau sự kiện nào?,,,False,True,1,1.0,1.0,8.518733501434326,1.6336865425109863,-8.518733501434326,CORRECT_NO_ANSWER
0009-0020-0004,Điều gì là tối cần thiết với Mitterrand để vươn tới quyền phản đối?,,", một liên minh",False,False,0,0.0,1.0,-2.106947898864746,11.689598083496094,2.106947898864746,UNANSWERABLE_FALSE_POSITIVE
0009-0020-0005,Điều gì là tối cần thiết với Mitterrand để vươn tới quyền lực?,một liên minh bầu cử,", một liên minh",True,False,0,0.7499999999999999,1.0,-2.1323633193969727,11.685970306396484,2.1323633193969727,SPAN_TOO_SHORT
0009-0020-0006,"Ai là người thống trị phe hành pháp của ""PS""?",Guy Mollet,,True,True,0,0.0,1.0,4.423798561096191,5.5587873458862305,-4.423798561096191,ANSWERABLE_PREDICTED_EMPTY
0009-0020-0007,Những người ủng hộ Guy Mollet đã đề xuất gì?,"một cuộc ""đối thọai lý tưởng"" với những người Cộng sản","đề xuất một cuộc ""đối thọai lý tưởng"" với những người",True,False,0,0.8181818181818182,1.0,2.8933067321777344,7.266729354858398,-2.8933067321777344,PARTIAL_SPAN
0009-0020-0008,"""PS"" gia nhập với CIR vào thời gian nào?",,. Tháng 6 năm,False,False,0,0.0,1.0,-0.9297809600830078,10.916677474975586,0.9297809600830078,UNANSWERABLE_FALSE_POSITIVE
0009-0021-0001,Các đảng Cộng sản xã hội thua trong cuộc bầu cử lập pháp vào năm nào?,năm 1978,năm,True,False,0,0.6666666666666666,1.0,0.6284809112548828,9.465408325195312,-0.6284809112548828,SPAN_TOO_SHORT
0009-0021-0002,Ai là người đứng thứ hai của nhóm đối lập trong nội bộ?,,,False,True,1,1.0,1.0,3.6402878761291504,6.142599582672119,-3.6402878761291504,CORRECT_NO_ANSWER
0009-0021-0003,Michel Rocard chỉ trích chương trình PS như thế nào?,"""cổ lỗ"" và ""không thực tế""","là ""cổ lỗ"" và ""không",True,False,0,0.7272727272727272,1.0,-0.23762130737304688,10.288986206054688,0.23762130737304688,SPAN_TOO_SHORT
0009-0021-0004,"Năm 1977, các đảng Cộng sản và Xã hội đã không thể làm gì?",nâng cấp Chương trình Chung,không thể nâng cấp Chương trình,True,False,0,0.7272727272727272,1.0,-0.07187843322753906,10.196029663085938,0.07187843322753906,SPAN_TOO_LONG
0009-0021-0005,Chương trình PS chỉ trích Michel Rocard như thế nào?,,"là ""cổ lỗ"" và ""không",False,False,0,0.0,1.0,1.0898628234863281,9.031394958496094,-1.0898628234863281,UNANSWERABLE_FALSE_POSITIVE
0009-0021-0006,Ai là người đảm nhận vai trò lãnh đạo cánh tả?,những người Xã hội,,True,True,0,0.0,1.0,4.724782466888428,5.199839115142822,-4.724782466888428,ANSWERABLE_PREDICTED_EMPTY
0009-0021-0007,Ai là người đứng đầu của nhóm đối lập trong nội bộ?,Michel Rocard,,True,True,0,0.0,1.0,4.051592826843262,5.75273323059082,-4.051592826843262,ANSWERABLE_PREDICTED_EMPTY
0009-0022-0001,Mitterrand lên án họat động của ai?,tổng thống đương nhiệm,của tổng thống,True,False,0,0.5714285714285715,1.0,-0.9041976928710938,10.878962516784668,0.9041976928710938,SPAN_TOO_SHORT
0009-0022-0002,"Mitterrand dựa một ""chính trị khác"", kêu gọi trên chương trình gì?",,trên chương trình Xã hội 110 Đề xuất cho nước,False,False,0,0.0,1.0,-1.7891578674316406,11.275001525878906,1.7891578674316406,UNANSWERABLE_FALSE_POSITIVE
0009-0022-0003,"Ở vòn hai, Mitterrand thắng cử với bao nhiêu phần trăm phiếu bầu?",51.76%,", 51.76",True,False,1,1.0,1.0,1.6492786407470703,8.47757625579834,-1.6492786407470703,CORRECT
0009-0022-0004,"Mitterrand kêu gọi một ""chính trị khác"", dựa trên chương trình gì?",Xã hội 110,trên chương trình Xã hội 110 Đề xuất cho nước,True,False,0,0.4615384615384615,1.0,-1.3892745971679688,11.007823944091797,1.3892745971679688,SPAN_TOO_LONG
0009-0022-0005,"Ở vòng ba, Mitterrand thắng cử với bao nhiêu phần trăm phiếu bầu?",,được 25.85,False,False,0,0.0,1.0,0.3940401077270508,9.692204475402832,-0.3940401077270508,UNANSWERABLE_FALSE_POSITIVE
0009-0022-0006,Mitterrand hưởng lợi từ đâu?,cuộc xung đột trong cánh hữu đa số,từ cuộc xung đột trong cánh hữu,True,False,0,0.7999999999999999,1.0,1.512380599975586,8.610326766967773,-1.512380599975586,SPAN_TOO_SHORT
0009-0022-0007,"Ở vòng một, Mitterand giành được bao nhiêu phần trăm số phiếu?",25.85%,được 25.85,True,False,0,0.8,1.0,-0.9320182800292969,10.811298370361328,0.9320182800292969,SPAN_TOO_LONG
0009-0022-0008,PCF hưởng lợi từ đâu?,,từ cuộc xung đột trong cánh hữu,False,False,0,0.0,1.0,2.1483702659606934,7.982334613800049,-2.1483702659606934,UNANSWERABLE_FALSE_POSITIVE
0009-0022-0009,Mitterrand làm vững họat động của ai?,,của tổng thống,False,False,0,0.0,1.0,0.33334922790527344,9.748491287231445,-0.33334922790527344,UNANSWERABLE_FALSE_POSITIVE
0009-0023-0001,Sự đánh dấu nhiệm kì của Mitterrand được khởi đầu bằng thứ gì?,,bởi một chính sách kinh tế cánh,False,False,0,0.0,1.0,-1.8289661407470703,11.56578254699707,1.8289661407470703,UNANSWERABLE_FALSE_POSITIVE
0009-0023-0002,Vấn đề nào được tối thiểu nhiều hơn hết?,,,False,True,1,1.0,1.0,5.566216468811035,4.600656509399414,-5.566216468811035,CORRECT_NO_ANSWER
0009-0023-0003,"Trong đề xuất kinh tế của Mitterrand, châu Âu yêu cầu tăng tối thiểu bao nhiêu phần trăm lương?",,tăng 10,False,False,0,0.0,1.0,1.431279182434082,8.723733901977539,-1.431279182434082,UNANSWERABLE_FALSE_POSITIVE
0009-0023-0004,Vấn đề nào được chú trong nhiều hơn hết?,cuộc chiến chống lạm phát,", thất nghiệp tiếp tục gia tăng và ba lần phá giá đồng",True,False,0,0.0,1.0,3.304016590118408,6.86056661605835,-3.304016590118408,WRONG_SPAN
0009-0023-0005,"Trong đề xuất kinh tế của mình, Mitterrand quy định bao nhiêu giờ làm việc mỗi tuần?",39,làm việc 39,True,False,0,0.5,1.0,-1.728729248046875,11.451478958129883,1.728729248046875,SPAN_TOO_LONG
0009-0023-0006,Mục tiêu của chính sách kinh tế tự do là gì?,,,False,True,1,1.0,1.0,6.7906575202941895,3.3778300285339355,-6.7906575202941895,CORRECT_NO_ANSWER
0009-0023-0007,Mục tiêu của chính sách kinh tế cánh tả là gì?,khuyến khích bùng nổ nhu cầu,,True,True,0,0.0,1.0,6.62312650680542,3.5315117835998535,-6.62312650680542,ANSWERABLE_PREDICTED_EMPTY
0009-0023-0008,"Trong đề xuất kinh tế của Mitterrand, ông yêu cầu tăng tối thiểu bao nhiêu phần trăm lương?",10%,tăng 10,True,False,0,0.6666666666666666,1.0,0.81072998046875,9.340232849121094,-0.81072998046875,SPAN_TOO_LONG
0009-0023-0009,Sự khởi đầu nhiệm kì của Mitterrand được dánh dấu bằng thứ gì?,"một chính sách kinh tế cánh tả dựa trên 110 Đề xuất cho Pháp và Common Program năm 1972 giữa Đảng Xã hội, Đảng Cộng sản và Đảng Cấp tiến cánh Tả",bởi một chính sách kinh tế cánh,True,False,0,0.30769230769230765,1.0,-1.7143497467041016,11.473682403564453,1.7143497467041016,SPAN_TOO_SHORT
0009-0024-0001,Belgrade trở thành công dân danh dự đầu tiên của Mitterrand vào năm nào?,,. Năm,False,False,0,0.0,1.0,-1.4401025772094727,11.082990646362305,1.4401025772094727,UNANSWERABLE_FALSE_POSITIVE
0009-0024-0002,Nội dung phụ của Đạo luật anti-casseurs là gì?,,việc quy trách nhiệm cho các hành động bạo lực trong các cuộc,False,False,0,0.0,1.0,0.9878482818603516,9.059429168701172,-0.9878482818603516,UNANSWERABLE_FALSE_POSITIVE
0009-0024-0003,"Về các chính sách văn hóa và xã hỗi, Mitterrand đã làm gì?",bãi bỏ hình phạt tử hình,,True,True,0,0.0,1.0,8.361665844917297,1.7946442365646362,-8.361665844917297,ANSWERABLE_PREDICTED_EMPTY
0009-0024-0004,Nội dung chính của Đạo luật anti-casseurs?,quy trách nhiệm cho các hành động bạo lực trong các cuộc biểu tình,quy định việc quy trách nhiệm cho các hành động bạo lực trong các cuộc,True,False,0,0.8275862068965518,1.0,1.7882671356201172,8.256441116333008,-1.7882671356201172,SPAN_TOO_LONG
0009-0024-0005,"Sau khi lên nhậm chức, Mitterrand đã giải tán cơ quan nào?",Cour de sûreté,"giải tán Cour de sûreté, một tòa án cấp cao",True,False,0,0.4615384615384615,1.0,2.808169364929199,7.148171424865723,-2.808169364929199,SPAN_TOO_LONG
0009-0024-0006,Một trong những đạo luật mà Mitterrand thông qua là?,bộ luật phi tập trung đầu tiên (Đạo luật Defferre) và tự do hóa truyền thông,,True,True,0,0.0,1.0,7.1675238609313965,2.9983811378479004,-7.1675238609313965,ANSWERABLE_PREDICTED_EMPTY
0009-0024-0007,Mitterrand trở thành công dân danh dự đầu tiên của Mitterrand vào năm nào?,Năm 1983,. Năm,True,False,0,0.6666666666666666,1.0,-1.1219749450683594,10.99224853515625,1.1219749450683594,SPAN_TOO_SHORT
0009-0024-0008,Một trong những đạo luật mà Belgrade thông qua là?,,,False,True,1,1.0,1.0,8.019607305526733,2.1450130939483643,-8.019607305526733,CORRECT_NO_ANSWER
0009-0025-0001,Mitterrand ngầm xung đột gì?,,,False,True,1,1.0,1.0,6.4991865158081055,3.6463537216186523,-6.4991865158081055,CORRECT_NO_ANSWER
0009-0025-0002,Ai đảm nhiệm việc xử lí các chính sách nổi lọan?,,,False,True,1,1.0,1.0,6.733144998550415,3.391374349594116,-6.733144998550415,CORRECT_NO_ANSWER
0009-0025-0003,Đâu là một trong những hành động gây xung đột giữa hai nhà lãnh đạo?,"Mitterrand từ chối ký các nghị định tự do hóa, buộc Chirac phải để nó được thông qua theo đường nghị viện",lãnh đạo nhánh,True,False,0,0.0,1.0,1.1484699249267578,8.977535247802734,-1.1484699249267578,WRONG_SPAN
0009-0025-0004,Mitterrand ngầm ủng hộ gì?,các phong trào xã hội,ủng hộ các phong trào,True,False,0,0.6,1.0,2.1780991554260254,7.972550868988037,-2.1780991554260254,PARTIAL_SPAN
0009-0025-0005,Danh tiếng của Mitterrand tăng lên nhờ đâu?,Lợi dụng những khó khăn của nội các Chirac,,True,True,0,0.0,1.0,5.345495223999023,4.758429527282715,-5.345495223999023,ANSWERABLE_PREDICTED_EMPTY
0009-0025-0006,Ai đảm nhiệm việc xử lí các chính sách đối nội?,Chirac,,True,True,0,0.0,1.0,5.397316932678223,4.732474327087402,-5.397316932678223,ANSWERABLE_PREDICTED_EMPTY
0009-0025-0007,Mitterrand xử lí các vấn đề nào?,quan hệ nước ngòai và quốc phòng,,True,True,0,0.0,1.0,3.7987098693847656,6.366293907165527,-3.7987098693847656,ANSWERABLE_PREDICTED_EMPTY
0009-0026-0001,Nhiệm kì thứ hai của Mitterrand bị xóa bỏ bởi điều gì?,,", việc thành lập Bù đắp Thu nhập Tối thiểu (RMI), đảm bảo một mức độ thu nhập tối thiểu cho những người bị tước đọat bất kỳ hình thức thu nhập nào, việc tái lập thuế đòan kết vào",False,False,0,0.0,1.0,2.2534923553466797,7.780024528503418,-2.2534923553466797,UNANSWERABLE_FALSE_POSITIVE
0009-0026-0002,Một trong những thứ được cải cách là gì?,Chính sách Nông nghiệp Chung,,True,True,0,0.0,1.0,6.29251503944397,3.8689582347869873,-6.29251503944397,ANSWERABLE_PREDICTED_EMPTY
0009-0026-0003,Nhiệm kì thứ hai của Mitterrand được dánh dấu bởi điều gì?,Thỏa thuận Matignon về New Caledonia,bởi,True,False,0,0.0,1.0,3.1659274101257324,6.236240863800049,-3.1659274101257324,WRONG_SPAN
0009-0026-0004,Một trong những thứ không được cải cách là gì?,,,False,True,1,1.0,1.0,7.386457443237305,2.7727622985839844,-7.386457443237305,CORRECT_NO_ANSWER
0009-0026-0005,Lọai thuế nào đã từng bị xóa bỏ dưới thời chính phủ Chirac?,thuế đòan kết,tái lập thuế đòan kết vào,True,False,0,0.6666666666666666,1.0,-1.3844079971313477,11.438203811645508,1.3844079971313477,SPAN_TOO_LONG
0009-0026-0006,"Theo thỏa thuận Matignon vè New Caledonia, những người bị tước đọat bất kì hình thức thu nhập nào được đảm bảo điều gì?",một mức độ thu nhập tối thiểu,", đảm bảo một mức độ thu nhập",True,False,0,0.7142857142857143,1.0,-0.8866987228393555,10.776484489440918,0.8866987228393555,PARTIAL_SPAN
0009-0026-0007,Lọai thuế nào đã từng bị xóa bỏ dưới thời chính phủ?,,tái lập thuế đòan kết vào,False,False,0,0.0,1.0,-1.1953067779541016,11.27359390258789,1.1953067779541016,UNANSWERABLE_FALSE_POSITIVE
0009-0026-0008,Những dấu hiệu nào cho thấy ngành xây dựng được thúc đẩy?,"Nhiều công trình kiến trúc lớn được tiếp tục, với việc xây dựng Kim tự tháp Louvre, Đường hầm eo biển Manche, Grande Arche tại La Défense, Bastille Opera, Bộ Tài chính tại Bercy, Thư viện Quốc gia Pháp",,True,True,0,0.0,1.0,9.710377097129822,0.4541822671890259,-9.710377097129822,ANSWERABLE_PREDICTED_EMPTY
0009-0027-0001,Rocard tự cách chức vào thời gian nào?,,năm,False,False,0,0.0,1.0,0.6387214660644531,9.373817443847656,-0.6387214660644531,UNANSWERABLE_FALSE_POSITIVE
0009-0027-0002,Ai là người Rocard thay thế?,,,False,True,1,1.0,1.0,3.7024803161621094,6.172782897949219,-3.7024803161621094,CORRECT_NO_ANSWER
0009-0027-0003,Pierre Bérégovoy tự sát vào thời gian nào?,ngày 1 tháng 5 năm 1993,tự sát ngày 1 tháng 5 năm,True,False,0,0.7692307692307692,1.0,-1.1820659637451172,11.116579055786133,1.1820659637451172,SPAN_TOO_LONG
0009-0027-0004,Người Edith Cresson kế nhiệm là ai?,,,False,True,1,1.0,1.0,4.544227600097656,5.4687604904174805,-4.544227600097656,CORRECT_NO_ANSWER
0009-0027-0005,Rocard bị cách chức vào thời gian nào?,năm 1991,năm,True,False,0,0.6666666666666666,1.0,0.8023538589477539,9.246298789978027,-0.8023538589477539,SPAN_TOO_SHORT
0009-0027-0006,Vì sao Rocard bãi chức Mitterrand?,,chỉ định Edith Cresson thay thế,False,False,0,0.0,1.0,2.916917324066162,7.20849084854126,-2.916917324066162,UNANSWERABLE_FALSE_POSITIVE
0009-0027-0007,Ai là người thay thế Rocard?,Edith Cresson,,True,True,0,0.0,1.0,3.583648681640625,6.33364200592041,-3.583648681640625,ANSWERABLE_PREDICTED_EMPTY
0009-0027-0008,Vì sao Mitterrand bãi chức Rocard?,Bất bình với thất bại của Rocard trong việc thực hiện các chương trình xã hội,chỉ định Edith Cresson thay thế,True,False,0,0.0,1.0,2.3999714851379395,7.718898296356201,-2.3999714851379395,WRONG_SPAN
0009-0027-0009,Người kế nhiệm của Edith Cresson là ai?,Pierre Bérégovoy,,True,True,0,0.0,1.0,5.2172322273254395,4.865476131439209,-5.2172322273254395,ANSWERABLE_PREDICTED_EMPTY
0009-0028-0001,Edouraud là ai?,,chỉ định cựu Bộ trưởng Tài chính của đảng Tập hợp vì nền Cộng hòa Edouard Balladur làm,False,False,0,0.0,1.0,2.7633838653564453,7.370604515075684,-2.7633838653564453,UNANSWERABLE_FALSE_POSITIVE
0009-0028-0002,Edouraud Balladur là ai?,Bộ trưởng Tài chính của đảng Tập hợp vì nền Cộng hòa,làm,True,False,0,0.0,1.0,2.109103202819824,8.01640510559082,-2.109103202819824,WRONG_SPAN
0009-0028-0003,Ai được Mitterrand chỉ định làm Thủ tướng?,Edouard Balladur,chỉ định cựu Bộ trưởng Tài chính của đảng Tập hợp vì nền Cộng hòa Edouard Balladur làm,True,False,0,0.19999999999999998,1.0,2.2780652046203613,6.922760486602783,-2.2780652046203613,SPAN_TOO_LONG
0009-0028-0004,Mitterrand thất bại khi tái tranh cử vào năm nào?,năm 1995,tổng thống năm,True,False,0,0.4,1.0,-0.8265514373779297,10.858917236328125,0.8265514373779297,SPAN_TOO_LONG
0009-0028-0005,Ai được Mitterrand chỉ định làm Tổng thống?,,chỉ định,False,False,0,0.0,1.0,3.2041540145874023,6.358010292053223,-3.2041540145874023,UNANSWERABLE_FALSE_POSITIVE
0009-0028-0006,Ai là người mà Mitterrand kế nhiệm?,,,False,True,1,1.0,1.0,4.273602485656738,5.6301069259643555,-4.273602485656738,CORRECT_NO_ANSWER
0009-0028-0007,Những điều gì đã làm Mitterrand suy yếu?,bệnh ung the,bởi bệnh ung,True,False,0,0.6666666666666666,1.0,1.2094507217407227,8.666093826293945,-1.2094507217407227,PARTIAL_SPAN
0009-0028-0008,Ai là người kế nhiệm của Mitterrand?,Jacques Chirac,,True,True,0,0.0,1.0,4.302809715270996,5.561842918395996,-4.302809715270996,ANSWERABLE_PREDICTED_EMPTY
0009-0029-0001,Mitterrand viếng thăm nước Nga khi nào?,tháng 11 năm 1988,vào tháng 11 năm,True,False,0,0.75,1.0,-1.8105688095092773,11.670310974121094,1.8105688095092773,PARTIAL_SPAN
0009-0029-0002,Mitterrand kêu gọi sự hợp tác chặt chẽ hơn từ đâu?,châu Âu,của châu,True,False,0,0.5,1.0,-1.2606401443481445,11.307713508605957,1.2606401443481445,PARTIAL_SPAN
0009-0029-0003,Mitterrand muốn duy trì quyền lực của Pháp tại lục địa nào?,,của châu,False,False,0,0.0,1.0,-0.3071556091308594,10.294306755065918,0.3071556091308594,UNANSWERABLE_FALSE_POSITIVE
0009-0029-0004,Quan hệ giữa Liên Xô và Paris ngày càng xa cách trong thời gian nào?,thập niên 1980,trong thập niên,True,False,0,0.6666666666666666,1.0,-1.8209867477416992,11.617315292358398,1.8209867477416992,PARTIAL_SPAN
0009-0029-0005,Mitterrand muốn duy trì quyền lực của Paris tại lục địa nào?,châu Phi,của châu,True,False,0,0.5,1.0,0.07445430755615234,9.911626815795898,-0.07445430755615234,PARTIAL_SPAN
0009-0029-0006,Cơ quan nào của Nga đã chỉ trích Mitterrand?,truyền thông,,True,True,0,0.0,1.0,6.573165655136108,3.5762388706207275,-6.573165655136108,ANSWERABLE_PREDICTED_EMPTY
0009-0030-0001,Đa phần những thành tựu của Mitterrand là trên bình diện nào?,bình diện quốc tế,trên bình diện,True,False,0,0.5714285714285715,1.0,0.48647594451904297,9.587844848632812,-0.48647594451904297,SPAN_TOO_SHORT
0009-0030-0002,"Tháng 2 năm 1986, Mitterrand đã đưa Đạo luật gì đi vào thực hiện?",Đạo luật Một châu Âu,giúp Đạo luật Một châu,True,False,0,0.8000000000000002,1.0,-1.947615623474121,11.763240814208984,1.947615623474121,PARTIAL_SPAN
0009-0030-0003,Mitterrand có sự hợp tác tốt với ai?,Helmut Kohl,với,True,False,0,0.0,1.0,2.898953437805176,6.822833061218262,-2.898953437805176,WRONG_SPAN
0009-0030-0004,Mitterrand giúp một Đạo luật đi vào họat động vào thời gian nào?,Tháng 2 năm 1986,. Tháng 2 năm,True,False,0,0.8571428571428571,1.0,-2.1655426025390625,11.581443786621094,2.1655426025390625,SPAN_TOO_SHORT
0009-0030-0005,Hiệp ước Maastricht được kí kết vào ngày tháng năm nào?,ngày 7 tháng 2 năm 1992,ký kết ngày 7 tháng 2 năm,True,False,0,0.7692307692307692,1.0,-0.6124267578125,10.70152473449707,0.6124267578125,SPAN_TOO_LONG
0009-0030-0006,"Tháng 7 năm 1986, Mitterrand đã đưa Đạo luật gì đi vào thực hiện?",,giúp Đạo luật Một châu,False,False,0,0.0,1.0,-1.7648191452026367,11.69151496887207,1.7648191452026367,UNANSWERABLE_FALSE_POSITIVE
0009-0031-0001,Cái gì đánh dấu sự thay đổi đáng kể trong chính sách của Pháp với các quốc gia từng là thuộc địa?,bài diễn văn La Baule của Mitterrand,,True,True,0,0.0,1.0,4.248022556304932,5.67626428604126,-4.248022556304932,ANSWERABLE_PREDICTED_EMPTY
0009-0031-0002,Bức tường Berlin sụp đổ vào năm nào?,năm 1989,sụp đổ năm,True,False,0,0.4,1.0,-1.3122892379760742,11.228879928588867,1.3122892379760742,SPAN_TOO_LONG
0009-0031-0003,Cái gì đánh dấu sự thay đổi đáng kể trong chính sách của các quốc gia với Pháp từng là thuộc địa?,,,False,True,1,1.0,1.0,4.123439311981201,5.781800746917725,-4.123439311981201,CORRECT_NO_ANSWER
0009-0031-0004,Quốc gia nào có nỗ lực cao nhất về viện trợ phát triển?,Pháp,", Côte d'Ivoire, Congo, Cameroon và",True,False,0,0.0,1.0,-0.4125785827636719,10.460699081420898,0.4125785827636719,WRONG_SPAN
0009-0031-0005,"Trong năm 1960, Mitterrand đã có bài phát biểu nổi tiếng nào?",La Baule,phát biểu La Baule,True,False,0,0.6666666666666666,1.0,1.5643072128295898,8.56441879272461,-1.5643072128295898,SPAN_TOO_LONG
0009-0031-0006,"Theo Mitterrand, các lãnh đạo nhà nước phải đáp ứng những kì vọng, yêu cầu của nhân dân bằng việc gì?","một sự ""mở rộng dân chủ"", gồm một hệ thống đại diện, bầu cử tự do, đa đảng phái, tự do báo chí, tư pháp độc lập, và xóa bỏ kiểm duyệt",vì thế tiếp tục chính sách châu,True,False,0,0.0,1.0,2.3827762603759766,7.744600296020508,-2.3827762603759766,WRONG_SPAN
0009-0032-0001,Pétain đảm nhận vai trò gì trong Phát xít Đức?,,,False,True,1,1.0,1.0,6.088502883911133,4.052990913391113,-6.088502883911133,CORRECT_NO_ANSWER
0009-0032-0002,"Sau khi quê nhà bị Đức chiếm đóng, Pétain lãnh đạo chế độ gì?",Vichy,lãnh đạo chế độ Vichy,True,False,0,0.33333333333333337,1.0,-1.281747817993164,11.253347396850586,1.281747817993164,SPAN_TOO_LONG
0009-0032-0003,Mitterrand bị tấn công khi nào?,năm 1992,tấn công năm,True,False,0,0.4,1.0,-2.163484573364258,11.513391494750977,2.163484573364258,SPAN_TOO_LONG
0009-0032-0004,Những chính trị gia nào đã đặt vòng hoa trên mộ Pétain?,Charles de Gaulle và Valéry Giscard d'Estaing,: các tổng thống Charles de,True,False,0,0.3076923076923077,1.0,2.1193337440490723,7.813845157623291,-2.1193337440490723,SPAN_TOO_SHORT
0009-0032-0005,Pétain đảm nhận vai trò gì trong Thế chiến I?,lãnh đạo các lực lượng vũ trang Pháp tại Trận Verdun,là người lãnh đạo các lực lượng vũ trang,True,False,0,0.7000000000000001,1.0,0.5493068695068359,9.398599624633789,-0.5493068695068359,SPAN_TOO_SHORT
0009-0032-0006,Vì sao Mitterrand bị tấn công?,khi mọi người phát hiện rằng ông đã sắp xếp việc đặt vòng hoa trên mộ Thống chế Philippe Pétain vào mỗi Ngày đình chiến từ năm 1987,,True,True,0,0.0,1.0,3.6811437606811523,6.439425468444824,-3.6811437606811523,ANSWERABLE_PREDICTED_EMPTY
0009-0033-0001,Cơ quan tư vấn Henri được thành lập bởi Đảng nào?,,bởi Đảng,False,False,0,0.0,1.0,-1.87725830078125,11.619081497192383,1.87725830078125,UNANSWERABLE_FALSE_POSITIVE
0009-0033-0002,Chiến dịch tranh cử của Mitterrand do ai khởi xướng?,Henri Nallet,bởi,True,False,0,0.0,1.0,2.6850008964538574,6.8413405418396,-2.6850008964538574,WRONG_SPAN
0009-0033-0003,Ai là người phụ trách tài chính của Đảng Xã hội?,Henri Emmanuelli,Xã hội,True,False,0,0.0,1.0,2.525761127471924,7.068185329437256,-2.525761127471924,WRONG_SPAN
0009-0033-0004,Cơ quan nào được thành lập năm 1971?,Cơ quan tư vấn Urba,,True,True,0,0.0,1.0,7.48466944694519,2.660078287124634,-7.48466944694519,ANSWERABLE_PREDICTED_EMPTY
0009-0033-0005,Cơ quan tư vấn Urba được thành lập bởi Đảng nào?,Đảng Xã hội,bởi Đảng,True,False,0,0.4,1.0,-2.370266914367676,11.652785301208496,2.370266914367676,SPAN_TOO_SHORT
0009-0033-0006,Mục đích của việc thành lập cơ quan tư vấn Mitterrand là gì?,,,False,True,1,1.0,1.0,3.8135175704956055,6.356657028198242,-3.8135175704956055,CORRECT_NO_ANSWER
0009-0033-0007,Chiến dịch tranh cử của Mitterrand do ai điều tra?,,bởi,False,False,0,0.0,1.0,2.7223739624023438,6.774548530578613,-2.7223739624023438,UNANSWERABLE_FALSE_POSITIVE
0009-0033-0008,Mục đích của việc thành lập cơ quan tư vấn Urba là gì?,cố vấn cho các xã đang dưới quyền lãnh đạo của phe xã hội về các dự án cơ sở hạ tầng và dự án công cộng,để cố vấn cho các xã đang dưới quyền lãnh đạo của phe xã hội về các dự án cơ sở hạ tầng và dự án,True,False,0,0.9433962264150944,1.0,1.765275001525879,8.39387035369873,-1.765275001525879,SPAN_TOO_SHORT
0009-0033-0009,Cơ quan nào được thành lập năm 1988?,,,False,True,1,1.0,1.0,8.458365678787231,1.6915643215179443,-8.458365678787231,CORRECT_NO_ANSWER
0009-0033-0010,Ai là người phụ trách tài chính Xã hội của Đảng?,,Xã hội,False,False,0,0.0,1.0,2.517324447631836,7.14479923248291,-2.517324447631836,UNANSWERABLE_FALSE_POSITIVE
0009-0034-0001,Hàng ngành cuộc nói chuyện đã bị ghi lại tại đâu?,Điện Elysée,,True,True,0,0.0,1.0,6.037189483642578,4.07158088684082,-6.037189483642578,ANSWERABLE_PREDICTED_EMPTY
0009-0034-0002,Tờ báo nào đã phát giác hành vi thu âm phi pháp của Mitterrand?,Libération,tờ,True,False,0,0.0,1.0,2.980461597442627,6.505552768707275,-2.980461597442627,WRONG_SPAN
0009-0034-0003,Tổng cộng có bao nhiêu đọan hội thọai đã bị nghe lén?,3000 cuộc hội thọai,.,True,False,0,0.0,1.0,0.2456684112548828,9.636106491088867,-0.2456684112548828,WRONG_SPAN
0009-0034-0004,"Mitterrand thành lập một ""đơn vị chống khủng bố"" trong thời gian nào?",Từ năm 1982 tới năm 1986,Từ năm 1982 tới năm,True,False,0,0.9090909090909091,1.0,-0.9238748550415039,11.005732536315918,0.9238748550415039,SPAN_TOO_SHORT
0009-0034-0005,Đơn vị nào nằm dưới quyền giám sát của Thủ tướng?,Cảnh sát Quốc gia và Gendarmerie,"thuộc Cảnh sát Quốc gia và Gendarmerie, họat động dưới quyền Thủ tướng, và dưới sự giám sát của",True,False,0,0.4799999999999999,1.0,1.3081207275390625,8.57451057434082,-1.3081207275390625,SPAN_TOO_LONG
0009-0034-0006,Đơn vị nào nắm quyền giám sát của Thủ tướng?,,"thuộc Cảnh sát Quốc gia và Gendarmerie, họat động dưới quyền Thủ tướng, và dưới sự giám sát của",False,False,0,0.0,1.0,1.8295183181762695,8.06379222869873,-1.8295183181762695,UNANSWERABLE_FALSE_POSITIVE
0009-0035-0001,Vụ kiện được đưa ra Tòa sau bao nhiêu năm?,20 năm,Mất 20,True,False,0,0.5,1.0,-1.702627182006836,11.617799758911133,1.702627182006836,PARTIAL_SPAN
0009-0035-0002,Bao nhiêu người bị kết tội xâm phạm quyền bảo mật thông tin cá nhân?,12 người,. 12,True,False,0,0.6666666666666666,1.0,-1.2190799713134766,11.096357345581055,1.2190799713134766,SPAN_TOO_SHORT
0009-0035-0003,"Ngày 15 tháng 12 năm 2004, vụ việc được xét xử tại đâu?",,trước phòng số 16 của tòa án trừng phạt,False,False,0,0.0,1.0,-0.8966445922851562,10.904422760009766,0.8966445922851562,UNANSWERABLE_FALSE_POSITIVE
0009-0035-0004,Cơ quan nào đã giải mã thành công một số những hồ sơ liên quan?,la Commission consultative du secret de la défense nationale,,True,True,0,0.0,1.0,4.485504627227783,5.430055141448975,-4.485504627227783,ANSWERABLE_PREDICTED_EMPTY
0009-0035-0005,"Ngày 15 tháng 11 năm 2004, vụ việc được xét xử tại đâu?",phòng số 16 của tòa án trừng phạt Paris,trước phòng số 16 của tòa án trừng phạt,True,False,0,0.8888888888888888,1.0,-1.1066770553588867,11.049127578735352,1.1066770553588867,PARTIAL_SPAN
0009-0035-0006,Cuộc điều tra kết thúc nào năm nào?,năm 2000,điều tra năm,True,False,0,0.4,1.0,-0.4249897003173828,10.525043487548828,0.4249897003173828,SPAN_TOO_LONG
0009-0035-0007,Vụ kiện được đưa ra án treo sau bao nhiêu năm?,,Mất 20,False,False,0,0.0,1.0,-1.2982988357543945,11.340639114379883,1.2982988357543945,UNANSWERABLE_FALSE_POSITIVE
0009-0036-0001,"Theo Tòa án, ai là người nghe lén vụ điện thọai của chủ mưu?",,rằng,False,False,0,0.0,1.0,1.888838768005371,7.290215492248535,-1.888838768005371,UNANSWERABLE_FALSE_POSITIVE
0009-0036-0002,Hội đồng Tòa án đưa ra phán quyết cuối cùng vào thời gian nào?,ngày 9 tháng 11 năm 2005,ngày 9 tháng 11 năm,True,False,0,0.9090909090909091,1.0,1.8282995223999023,8.304803848266602,-1.8282995223999023,SPAN_TOO_SHORT
0009-0036-0003,"Theo Tòa án, ai là người chủ mưu của vụ nghe lén điện thọai?",Mitterrand,rằng,True,False,0,0.0,1.0,1.8689184188842773,7.340411186218262,-1.8689184188842773,WRONG_SPAN
0009-0036-0004,Một trong những nạn nhân bị ghi âm trong lúc nói chuyện là ai?,Edwy Plenel,,True,True,0,0.0,1.0,6.439078330993652,3.6964330673217773,-6.439078330993652,ANSWERABLE_PREDICTED_EMPTY
0009-0036-0005,Người dân vẫn chưa biết những gì về Mitterrand?,bệnh ung thư tuyến tiền liệt của ông được chẩn đóan năm 1981 và các chi tiết quá khứ của ông thời Chế độ Vichy,,True,True,0,0.0,1.0,4.796327590942383,5.34877872467041,-4.796327590942383,ANSWERABLE_PREDICTED_EMPTY
0009-0036-0006,Mitterrand chống cùng với 7 thành viên của đơn vị khủng bố bị coi là những ai?,,"là ""người thành lập và kiểm sóat hầu hết chiến dịch.",False,False,0,0.0,1.0,2.2300057411193848,7.894730091094971,-2.2300057411193848,UNANSWERABLE_FALSE_POSITIVE
0009-0036-0007,Hội đồng Tòa án đưa ra phán quyết tạm thời vào thời gian nào?,,ngày 9 tháng 11 năm,False,False,0,0.0,1.0,2.2034730911254883,7.937898635864258,-2.2034730911254883,UNANSWERABLE_FALSE_POSITIVE
0009-0036-0008,Một trong những nạn nhân bị làm ngơ trong lúc nói chuyện là ai?,,,False,True,1,1.0,1.0,5.177760124206543,4.956500053405762,-5.177760124206543,CORRECT_NO_ANSWER
0009-0036-0009,Người dân vẫn biết những gì về Mitterrand?,,,False,True,1,1.0,1.0,6.239871025085449,3.907534599304199,-6.239871025085449,CORRECT_NO_ANSWER
0009-0036-0010,Mitterrand cùng với 7 thành viên của đơn vị chống khủng bố bị coi là những ai?,"""người thành lập và kiểm sóat hầu hết chiến dịch.""","là ""người thành lập và kiểm sóat hầu hết chiến dịch.",True,False,0,0.9523809523809523,1.0,2.0599937438964844,8.063941955566406,-2.0599937438964844,SPAN_TOO_LONG
0009-0037-0001,Con trai của Mitterrand là ai?,Jean-Christophe,,True,True,0,0.0,1.0,6.41646409034729,3.7210843563079834,-6.41646409034729,ANSWERABLE_PREDICTED_EMPTY
0009-0037-0002,Nhờ đâu mà quân đội Rwandan đã phát triển lớn mạnh chỉ sau một năm?,Với sự giúp đỡ của Pháp,của,True,False,0,0.2857142857142857,1.0,0.6227569580078125,9.542041778564453,-0.6227569580078125,SPAN_TOO_SHORT
0009-0037-0003,Opération Turquoise là gì?,một chiến dịch quân sự được tiến hành theo sự ủy nhiệm của Liên hợp quốc (UN) mandate,,True,True,0,0.0,1.0,6.483365774154663,3.6841156482696533,-6.483365774154663,ANSWERABLE_PREDICTED_EMPTY
0009-0037-0004,"Trong vòng 1 năm, quân số của Rwadan tăng từ 9000 người lên bao nhiêu?","28,000 người","tới 28,000",True,False,0,0.6666666666666666,1.0,0.4388713836669922,9.667076110839844,-0.4388713836669922,PARTIAL_SPAN
0009-0037-0005,Nhân vật nào bị ám sát ngày 6 tháng 4 năm 1994?,Rwanda Juvénal Habyarimana,,True,True,0,0.0,1.0,6.379391431808472,3.764664888381958,-6.379391431808472,ANSWERABLE_PREDICTED_EMPTY
0009-0038-0001,Sự kiện nào đã khiến Charles Hernu buộc phải rời Quốc hội?,sự liên can của Pháp vào vụ tấn công chiếc Rainbow Warrior bị phát hiện,khi sự liên can của Pháp vào vụ tấn công chiếc Rainbow Warrior bị,True,False,0,0.896551724137931,1.0,2.4963293075561523,7.64177131652832,-2.4963293075561523,SPAN_TOO_SHORT
0009-0038-0002,Vì sao Tàu Rainbow Warrrior ở đất nước?,,,False,True,1,1.0,1.0,5.821591854095459,4.322332859039307,-5.821591854095459,CORRECT_NO_ANSWER
0009-0038-0003,Vì sao Tàu Rainbow Warrrior ở New Zealand?,chuẩn bị phản đối cuộc thử nghiệm hạt nhân của Pháp ở Nam Thái Bình Dương,,True,True,0,0.0,1.0,6.603130340576172,3.5438003540039062,-6.603130340576172,ANSWERABLE_PREDICTED_EMPTY
0009-0038-0004,Nhiếp ảnh gia nào đã thiệt mạng khi đang cố gắng thu gom các phụ kiện?,Fernando Pereira,gia Fernando,True,False,0,0.5,1.0,-1.9261703491210938,11.622669219970703,1.9261703491210938,PARTIAL_SPAN
0009-0038-0005,Tàu Rainbow Warrior thuộc tổ chức nào?,tổ chức Hòa bình xanh,của tổ chức Hòa bình,True,False,0,0.8000000000000002,1.0,-2.0249385833740234,11.562355041503906,2.0249385833740234,PARTIAL_SPAN
0009-0038-0006,Tàu Rainbow Warrior không thuộc tổ chức nào?,,của tổ chức Hòa bình,False,False,0,0.0,1.0,-1.9218034744262695,11.537466049194336,1.9218034744262695,UNANSWERABLE_FALSE_POSITIVE
0009-0038-0007,Wellington đã gọi cuộc đánh bom là gì?,cuộc tấn công khủng bố đầu tiên vào đất nước,,True,True,0,0.0,1.0,5.226661682128906,4.918856620788574,-5.226661682128906,ANSWERABLE_PREDICTED_EMPTY
0009-0039-0001,Truyền hình New Zealand có tên viết tắt là gì?,TVNZ,(TVNZ,True,False,1,1.0,1.0,0.11631393432617188,9.902202606201172,-0.11631393432617188,CORRECT
0009-0039-0002,Việc gì đã gây ảnh hưởng lớn tới lương tâm của Pierre Lacoste?,cái chết của Pereira,rằng cái chết của,True,False,0,0.75,1.0,2.757966995239258,7.382251739501953,-2.757966995239258,PARTIAL_SPAN
0009-0039-0003,"Trong ngày chiếc tàu bị đánh đắm, TVNZ đã làm gì?",,,False,True,1,1.0,1.0,6.064120292663574,4.040894508361816,-6.064120292663574,CORRECT_NO_ANSWER
0009-0039-0004,"Trong ngày kỉ niệm, TVNZ đã làm gì?",tìm cách tiếp cận một đọan video được thực hiện ở phiên xét xử đầu tiên,,True,True,0,0.0,1.0,6.002289295196533,4.045865535736084,-6.002289295196533,ANSWERABLE_PREDICTED_EMPTY
0009-0039-0005,Truyền hình có tên viết tắt là gì?,,", Truyền hình New Zealand (TVNZ",False,False,0,0.0,1.0,0.13474273681640625,9.704977035522461,-0.13474273681640625,UNANSWERABLE_FALSE_POSITIVE
0009-0039-0006,Sự việc chấn động nào đã được phát hiện trong dịp kỉ niệm 20 năm ngày chiếc tàu bị tấn công?,Mitterrand đã cho phép thực hiện vụ việc gây ra cái chết của Pereira,,True,True,0,0.0,1.0,4.300026893615723,5.849421501159668,-4.300026893615723,ANSWERABLE_PREDICTED_EMPTY
0009-0039-0007,Cựu lãnh đạo của DGSE là ai?,Pierre Lacoste,.,True,False,0,0.0,1.0,1.9233918190002441,7.4045939445495605,-1.9233918190002441,WRONG_SPAN
0010-0001-0001,Gà có thể được giết lấy trứng kể từ lúc nào?,,giết mổ khi đạt 14 tuần,False,False,0,0.0,1.0,2.430685043334961,7.740198135375977,-2.430685043334961,UNANSWERABLE_FALSE_POSITIVE
0010-0001-0002,Lượng trứng cao nhất mà một con gà có thể đẻ được trong vòng 1 năm tính cho đến thời điểm hiện tại là bao nhiêu?,371,đẻ 300 trứng/,True,False,0,0.0,1.0,1.9902667999267578,8.169118881225586,-1.9902667999267578,WRONG_SPAN
0010-0001-0003,Tuổi thọ của một con gà bình thường cỡ bao nhiêu năm?,khỏang sáu năm,,True,True,0,0.0,1.0,3.7454042434692383,6.335611343383789,-3.7454042434692383,ANSWERABLE_PREDICTED_EMPTY
0010-0001-0004,Mục đích chính của việc nuôi gà là gì?,lấy thịt gà và trứng gà,"để lấy thịt gà và trứng gà, là phương tiện báo thức ở nông thông ngòai ra còn các sản phẩm khác như lông gà, phục vụ cho đá gà, và làm",True,False,0,0.3157894736842105,1.0,2.196709632873535,7.939714431762695,-2.196709632873535,SPAN_TOO_LONG
0010-0001-0005,"Ngày xưa,ở nông thôn gà được được xem là gì?",phương tiện báo thức,để lấy thịt gà và trứng,True,False,0,0.0,1.0,3.4863014221191406,6.664362907409668,-3.4863014221191406,WRONG_SPAN
0010-0001-0006,"Trên thế giới, trong một năm con gà có thể đẻ tối đa bao nhiêu trứng?",300 trứng,đẻ 300,True,False,0,0.5,1.0,-1.088418960571289,11.161466598510742,1.088418960571289,PARTIAL_SPAN
0010-0001-0007,Gà có thể được giết lấy thịt kể từ lúc nào?,14 tuần tuổi.,giết mổ khi đạt 14 tuần,True,False,0,0.4444444444444444,1.0,2.6579208374023438,7.514547348022461,-2.6579208374023438,SPAN_TOO_LONG
0010-0001-0008,"Ngày xưa,ở Guinness gà được xem là gì?",,,False,True,1,1.0,1.0,6.187910079956055,3.977458953857422,-6.187910079956055,CORRECT_NO_ANSWER
0010-0001-0009,Tuổi thọ của một con gà rừng cỡ bao nhiêu năm?,,dưới hai,False,False,0,0.0,1.0,3.4216971397399902,6.716932773590088,-3.4216971397399902,UNANSWERABLE_FALSE_POSITIVE
0010-0002-0001,Thịt gà Tây là thực đơn chính trong dịp lễ lớn nào ở Mỹ?,Tạ ơn hay Giáng sinh,dịp lễ Tạ ơn hay,True,False,0,0.6,1.0,-0.9585943222045898,10.880715370178223,0.9585943222045898,PARTIAL_SPAN
0010-0002-0002,Gà tây được xem như món ăn chính vào dịp lễ nào ở Mỹ?,Tạ ơn hay Giáng sinh,dịp lễ Tạ ơn hay,True,False,0,0.6,1.0,-0.1610250473022461,10.190103530883789,0.1610250473022461,PARTIAL_SPAN
0010-0002-0003,Vì sao người ta cảm thấy nuôi gà rất thuận tiện?,,,False,True,1,1.0,1.0,8.875177502632141,1.301467776298523,-8.875177502632141,CORRECT_NO_ANSWER
0010-0002-0004,Vì sao người ta thường chọn gà tây để nuôi?,Gà tây rất dễ nuôi. Nó hiền lành và chăm kiếm mồi,,True,True,0,0.0,1.0,7.5925164222717285,2.579594135284424,-7.5925164222717285,ANSWERABLE_PREDICTED_EMPTY
0010-0002-0005,Gà tây nhà được thuần hóa từ lọai gì?,gà tây rừng,từ các lọai gà tây,True,False,0,0.5,1.0,0.30535888671875,9.745468139648438,-0.30535888671875,SPAN_TOO_LONG
0010-0002-0006,Vì sao người ta cảm thấy nuôi gà tây rất thuận tiện?,Nó hiền lành và chăm kiếm mồi,,True,True,0,0.0,1.0,8.856854915618896,1.3192009925842285,-8.856854915618896,ANSWERABLE_PREDICTED_EMPTY
0010-0002-0007,"Ngòai các lọai cỏ và rau, gà tây còn có thể ăn gì?","ngũ cốc, đậu đỗ, cám bã","ăn ngũ cốc, đậu đỗ, cám",True,False,0,0.8333333333333334,1.0,3.2684388160705566,6.895655155181885,-3.2684388160705566,PARTIAL_SPAN
0010-0002-0008,Vì sao người ta thường chọn gà tây rừng để nuôi?,,,False,True,1,1.0,1.0,7.429472923278809,2.743162155151367,-7.429472923278809,CORRECT_NO_ANSWER
0010-0003-0001,Vì sao gà sao có thể nuôi ở nhiều nơi trên thế giới?,"Gà sao có sức đề kháng cao, thích nghi rộng với nhiều vùng sinh thái",,True,True,0,0.0,1.0,5.765895843505859,4.402782440185547,-5.765895843505859,ANSWERABLE_PREDICTED_EMPTY
0010-0003-0002,Gà sao nhà có nguồn gốc từ lọai nào?,"gà sao trong tự nhiên chúng thuộc lớp Aves, bộ Điểu cầm, họ Phasiani, giống Numidiae",,True,True,0,0.0,1.0,3.510006904602051,6.643360137939453,-3.510006904602051,ANSWERABLE_PREDICTED_EMPTY
0010-0003-0003,Vì sao bệnh nấm mỏ két được xem như bệnh chí tử đối với lòai gà sao?,dù có điều trị tốt thì tỉ lệ khỏi cũng không quá 10%,,True,True,0,0.0,1.0,8.633620500564575,1.5386931896209717,-8.633620500564575,ANSWERABLE_PREDICTED_EMPTY
0010-0003-0004,Gà nhà có nguồn gốc từ lọai nào?,,từ gà,False,False,0,0.0,1.0,0.06905364990234375,10.045869827270508,-0.06905364990234375,UNANSWERABLE_FALSE_POSITIVE
0010-0003-0005,Điểm mạnh của gà sao là gì?,"sức sống cao, ít bệnh tật, hao hụt không đáng kể, với tỉ lệ sống bình quân đạt 95,6%",như sức sống,True,False,0,0.1739130434782609,1.0,2.80338716506958,7.352912425994873,-2.80338716506958,SPAN_TOO_SHORT
0010-0003-0006,Gà sao nhà thuộc giống gì?,Numidiae,,True,True,0,0.0,1.0,6.058333396911621,4.097456932067871,-6.058333396911621,ANSWERABLE_PREDICTED_EMPTY
0010-0003-0007,Gà sao có thể dễ mắc bệnh nguy hiểm nào?,bệnh nấm mỏ két,là bệnh nấm mỏ,True,False,0,0.75,1.0,-0.8985147476196289,11.037208557128906,0.8985147476196289,PARTIAL_SPAN
0010-0003-0008,Điểm mạnh của gà là gì?,,như sức sống,False,False,0,0.0,1.0,1.4153900146484375,8.731868743896484,-1.4153900146484375,UNANSWERABLE_FALSE_POSITIVE
0010-0003-0009,Vì sao bệnh nấm mỏ két được xem như bệnh chí tử đối với lòai gà thả vườn?,,,False,True,1,1.0,1.0,8.629231691360474,1.5421626567840576,-8.629231691360474,CORRECT_NO_ANSWER
0010-0003-0010,Vì sao gà nhà có thể nuôi ở nhiều nơi trên thế giới?,,,False,True,1,1.0,1.0,6.1711602210998535,3.996093273162842,-6.1711602210998535,CORRECT_NO_ANSWER
0010-0004-0001,Vịt nhà có nguồn gốc từ đâu?,lòai vịt cổ xanh (Anas platyrhynchos) ở vùng Mallard,,True,True,0,0.0,1.0,4.047842979431152,6.117949485778809,-4.047842979431152,ANSWERABLE_PREDICTED_EMPTY
0010-0004-0002,Người dân nuôi vịt để làm gì?,"chúng cung cấp cho con người thịt vịt, trứng, lông",,True,True,0,0.0,1.0,4.323394775390625,5.841973304748535,-4.323394775390625,ANSWERABLE_PREDICTED_EMPTY
0010-0004-0003,Thủy tổ của các lòai vịt được nuôi hiện nay là lòai nào?,vịt cổ xanh (Anas platyrhynchos),từ lòai vịt cổ,True,False,0,0.4444444444444445,1.0,-0.05479717254638672,10.18447208404541,0.05479717254638672,SPAN_TOO_SHORT
0010-0004-0004,Vịt kiểng có nguồn gốc từ đâu?,,,False,True,1,1.0,1.0,4.952564239501953,5.214666366577148,-4.952564239501953,CORRECT_NO_ANSWER
0010-0004-0005,"Theo báo cáo năm 2002, nước nào tiêu thụ vịt lớn thứ hai thế giới?",Trung Quốc,",",True,False,0,0.0,1.0,0.03826427459716797,9.88988208770752,-0.03826427459716797,WRONG_SPAN
0010-0004-0006,Người Việt Nam chăn nuôi vịt rộng rãi từ lúc nào?,khỏang vài ngàn năm trước,,True,True,0,0.0,1.0,10.359395265579224,-0.18571972846984863,-10.359395265579224,ANSWERABLE_PREDICTED_EMPTY
0010-0004-0007,Người ta nuôi vịt còn để làm gì trong các họat động giải trí?,"một lòai chim kiểng, hay phục vụ các màn xiếc trong Sở thú",,True,True,0,0.0,1.0,4.214853286743164,5.95661735534668,-4.214853286743164,ANSWERABLE_PREDICTED_EMPTY
0010-0004-0008,Người Việt Nam chăn nuôi thú rộng rãi từ lúc nào?,,,False,True,1,1.0,1.0,8.217030048370361,1.9559950828552246,-8.217030048370361,CORRECT_NO_ANSWER
0010-0004-0009,Người ta nuôi vịt còn để làm gì trong các họat động Tổ chức?,,,False,True,1,1.0,1.0,4.605989933013916,5.565059185028076,-4.605989933013916,CORRECT_NO_ANSWER
0010-0005-0001,Ngan nhà có thể đẻ trứng tối đa mấy lần một năm?,3 lần,tới 3,True,False,0,0.5,1.0,-1.2064876556396484,11.17460823059082,1.2064876556396484,PARTIAL_SPAN
0010-0005-0002,Người ta chọn lọai ngan nào để cung cấp thịt tốt hơn?,Lọai ngan có lông trắng,. Lọai ngan có lông,True,False,0,0.888888888888889,1.0,0.3375864028930664,9.766192436218262,-0.3375864028930664,SPAN_TOO_SHORT
0010-0005-0003,Thịt ngan thường được lấy từ lọai ngan nào?,Ngan nhà và Ngan bướu mũi,và Ngan bướu,True,False,0,0.6666666666666666,1.0,1.5835561752319336,8.574315071105957,-1.5835561752319336,SPAN_TOO_SHORT
0010-0005-0004,Vì sao thịt ngan được thích nhiều hơn thịt vịt?,"do nạc hơn, chứ không chứa nhiều mỡ như thịt vịt, độ nạc và mềm của thịt ngan có thể so sánh với thịt bê","do nạc hơn, chứ không chứa nhiều mỡ như thịt",True,False,0,0.5714285714285715,1.0,0.2089061737060547,9.86256217956543,-0.2089061737060547,SPAN_TOO_SHORT
0010-0005-0005,Ngan nhà và ngan hoang khác nhau chỗ nào?,Các giống ngan thuần hóa thường có các đặc trưng bộ lông khác với của ngan hoang,,True,True,0,0.0,1.0,3.6886329650878906,6.464150428771973,-3.6886329650878906,ANSWERABLE_PREDICTED_EMPTY
0010-0005-0006,Vì sao thịt vịt được thích nhiều hơn thịt ngan?,,"do nạc hơn, chứ không chứa nhiều",False,False,0,0.0,1.0,-0.0045928955078125,10.080357551574707,0.0045928955078125,UNANSWERABLE_FALSE_POSITIVE
0010-0006-0001,Vì sao nuôi ngỗng có khả năng giải quyết được các lọai cỏ?,"Con ngỗng được ví như một cỗ máy xén cỏ, khả năng vặt cỏ của ngỗng tốt hơn bò, ngỗng có thể vặt tận gốc cây cỏ, cả phần củ rễ, ngỗng ăn tạp các lọai cỏ và không chê cỏ non, cỏ già, cỏ dại từ cỏ tranh đến lục bình ngỗng đều ăn được",,True,True,0,0.0,1.0,6.892798900604248,3.2564358711242676,-6.892798900604248,ANSWERABLE_PREDICTED_EMPTY
0010-0006-0002,Vì sao ngỗng là một trong số gia cầm được hay chọn nuôi?,"dễ nuôi, hay ăn, chóng lớn, ít mắc bệnh",,True,True,0,0.0,1.0,7.255743980407715,2.899806022644043,-7.255743980407715,ANSWERABLE_PREDICTED_EMPTY
0010-0006-0003,Tốc độ cho thịt của ngỗng như thế nào?,Nuôi trong 4-8 tháng ngỗng đã cho thu họach 4–7 kg,,True,True,0,0.0,1.0,7.883230686187744,2.278585910797119,-7.883230686187744,ANSWERABLE_PREDICTED_EMPTY
0010-0006-0004,Nuôi ngỗng có những thuận tiện gì cho cây cỏ?,,là có thể sử dụng rất hiệu quả thức ăn,False,False,0,0.0,1.0,3.229367256164551,6.928457260131836,-3.229367256164551,UNANSWERABLE_FALSE_POSITIVE
0010-0006-0005,Vì sao ngỗng được ví như cỗ máy xén cỏ?,"khả năng vặt cỏ của ngỗng tốt hơn bò, ngỗng có thể vặt tận gốc cây cỏ, cả phần củ rễ, ngỗng ăn tạp các lọai cỏ và không chê cỏ non, cỏ già, cỏ dại từ cỏ tranh đến lục bình ngỗng đều ăn được",,True,True,0,0.0,1.0,3.773003578186035,6.371272087097168,-3.773003578186035,ANSWERABLE_PREDICTED_EMPTY
0010-0006-0006,Nuôi ngỗng có những thuận tiện gì cho người dân?,"Ngỗng chỉ ăn cỏ, ăn rau là chính, ít dùng lương thực",là có thể sử dụng rất hiệu quả thức ăn,True,False,0,0.1818181818181818,1.0,2.2926125526428223,7.866343021392822,-2.2926125526428223,SPAN_TOO_SHORT
0010-0007-0001,Vì sao ở nhiều nước người ta hay chọn bồ câu là lọai gia cầm để nuôi?,"Nuôi chim bồ câu không đòi hỏi kỹ thuật chăm sóc, chi phí cao mà hiệu quả nhan",,True,True,0,0.0,1.0,3.6976122856140137,6.455092906951904,-3.6976122856140137,ANSWERABLE_PREDICTED_EMPTY
0010-0007-0002,Vì sao nuôi bồ câu thừa còn có thể giải quyết được nguồn nông phẩm?,,": đậu nành xấu, ngô, lõi ngô, rau",False,False,0,0.0,1.0,-0.33394527435302734,10.42586898803711,0.33394527435302734,UNANSWERABLE_FALSE_POSITIVE
0010-0007-0003,Vì sao ở một số nước người ta hay chọn bồ câu là lọai gia cầm để nuôi?,,câu,False,False,0,0.0,1.0,3.4508562088012695,6.701235771179199,-3.4508562088012695,UNANSWERABLE_FALSE_POSITIVE
0010-0007-0004,Sự khác biệt về độ phụ thuộc ánh sáng giữa sự đẻ trúng và sự ấp trứng là gì?,ự đẻ trứng chỉ phụ thuộc vào một phần ánh sáng nhưng sự ấp trứng lại phụ thuộc chặt chẽ vào yếu tố ánh sáng,,True,True,0,0.0,1.0,5.329139709472656,4.827663421630859,-5.329139709472656,ANSWERABLE_PREDICTED_EMPTY
0010-0007-0005,Khi nuôi bồ câu bệnh cần làm chuồng như thế nào?,,nuôi thóang,False,False,0,0.0,1.0,1.4762134552001953,8.678831100463867,-1.4762134552001953,UNANSWERABLE_FALSE_POSITIVE
0010-0007-0006,Những thuận lợi khi nuôi bồ câu là gì?,"Chim bồ câu siêu thịt, có thể nặng từ 1,2 kg trở lên, dễ nuôi, nhanh lớn, ít bệnh, sinh sản tốt",,True,True,0,0.0,1.0,8.80325436592102,1.3543670177459717,-8.80325436592102,ANSWERABLE_PREDICTED_EMPTY
0010-0007-0007,Những thuận lợi khi nuôi chim là gì?,,,False,True,1,1.0,1.0,9.283688426017761,0.8755694627761841,-9.283688426017761,CORRECT_NO_ANSWER
0010-0007-0008,Yếu tố tự nhiên cần chú trọng khi nuôi bồ câu là gì?,Chim bồ câu nhà đòi hỏi chuồng nuôi thóang mát. Chim bồ câu rất nhạy cảm với ánh sáng,,True,True,0,0.0,1.0,8.179758071899414,1.982172966003418,-8.179758071899414,ANSWERABLE_PREDICTED_EMPTY
0010-0007-0009,Vì saoo nuôi bồ câu có thể giải quyết được nguồn nông phẩm còn thừa?,"Một số giống bồ câu nhà có thể tận dụng từ sản phẩm nông nghiệp dư thừa như: đậu nành xấu, ngô, lõi ngô, rau cỏ đem nghiền thành cám viên cho chim bồ câu ăn",": đậu nành xấu, ngô, lõi ngô, rau",True,False,0,0.32558139534883723,1.0,-0.3084239959716797,10.387815475463867,0.3084239959716797,SPAN_TOO_SHORT
0010-0007-0010,Khi nuôi bồ câu cần làm chuồng như thế nào?,chuồng nuôi thóang mát,nuôi thóang,True,False,0,0.6666666666666666,1.0,1.397444725036621,8.752866744995117,-1.397444725036621,SPAN_TOO_SHORT
0010-0007-0011,Yếu tố tự nhiên cần chú trọng khi nuôi chim là gì?,,,False,True,1,1.0,1.0,8.801369190216064,1.3612513542175293,-8.801369190216064,CORRECT_NO_ANSWER
0011-0001-0001,"Ngày nay, thần học được giảng dạy ở đâu?","các chủng viện, trường dòng, học viện, đại học của các tôn giáo","trong các chủng viện, trường dòng, học viện, đại học của các",True,False,0,0.8799999999999999,1.0,0.06377601623535156,10.05215072631836,-0.06377601623535156,SPAN_TOO_SHORT
0011-0001-0002,Tôn giáo là môn học gì?,,,False,True,1,1.0,1.0,4.871057987213135,5.217376232147217,-4.871057987213135,CORRECT_NO_ANSWER
0011-0001-0003,Thế nào là thần học?,"là ngành nghiên cứu về các thần thánh, hay rộng hơn là về niềm tin tôn giáo, thực hành và trải nghiệm tôn giáo, về linh hồn",,True,True,0,0.0,1.0,5.808061599731445,4.250158309936523,-5.808061599731445,ANSWERABLE_PREDICTED_EMPTY
0011-0001-0004,Vai trò của thần học là gì?,"giúp các nhà thần học hiểu rõ hơn về truyền thống tôn giáo của chính mình, về các truyền thống tôn giáo khác, cũng như so sánh giữa các truyền thống tôn giáo khác nhau",,True,True,0,0.0,1.0,5.680086612701416,4.450246334075928,-5.680086612701416,ANSWERABLE_PREDICTED_EMPTY
0011-0001-0005,Thần học trong tiếng La Tinh là gì?,Theologia,,True,True,0,0.0,1.0,3.6201295852661133,6.255551338195801,-3.6201295852661133,ANSWERABLE_PREDICTED_EMPTY
0011-0001-0006,Ngành khoa học nghiên cứu về các thần thánh trong tiếng Hy Lạp là một danh từ được cấu thành từ những từ nào?,Theos (nghĩa là thần linh) và logos (nghĩa là lời),là Theos (nghĩa là thần linh) và logos (nghĩa là lời,True,False,0,0.9523809523809523,1.0,3.0467004776000977,7.089608192443848,-3.0467004776000977,SPAN_TOO_LONG
0011-0001-0007,Theologia là môn học gì?,"môn học nghiên cứu về những lời, lý lẽ phù hợp với Thiên Chúa","là môn học nghiên cứu về những lời, lý lẽ phù hợp với",True,False,0,0.888888888888889,1.0,0.6513519287109375,9.459722518920898,-0.6513519287109375,SPAN_TOO_SHORT
0011-0002-0001,Quan điểm của Richchard về tôn giáo là như thế nào?,,là khoa học về những điều,False,False,0,0.0,1.0,3.388298511505127,6.7729620933532715,-3.388298511505127,UNANSWERABLE_FALSE_POSITIVE
0011-0002-0002,Người nào quan niệm thần học là những sự hiển nhiên xảy ra trong cuộc sống khi con người có trải nghiệm về tôn giáo và tâm linh?,Richchard Hooker,. Thánh Augustine của,True,False,0,0.0,1.0,0.24514198303222656,9.865629196166992,-0.24514198303222656,WRONG_SPAN
0011-0002-0003,Mục đích của thần học là gì?,"nhắm tới thiết lập và đào sâu những kinh nghiệm và khái niệm, sử dụng những điều đó để đi tìm bằng chứng cho việc các hữu thể tồn tại và phát triển như thế nào, cuối cùng là đi đến việc khám phá những điều huyền bí",là khoa học về những điều,True,False,0,0.1111111111111111,1.0,3.401857852935791,6.742339611053467,-3.401857852935791,SPAN_TOO_SHORT
0011-0002-0004,Thần học được nghiên cứu như thế nào?,"bắt đầu với giả thuyết cho rằng sự thiêng liêng hiện hữu trong một số hình thái như vật lý, siêu nhiên, tâm lý hay các thực thể xã hội",,True,True,0,0.0,1.0,4.797830104827881,5.361830234527588,-4.797830104827881,ANSWERABLE_PREDICTED_EMPTY
0011-0002-0005,"Theo thánh Augustine, thần học là gì?","là những tranh luận, lập luận liên quan đến Thiên Chúa","là những tranh luận, lập luận liên quan đến Thiên Chúa. Richchard Hooker thì cho rằng thần học là khoa học về những điều",True,False,0,0.6285714285714286,1.0,0.1959381103515625,9.860074996948242,-0.1959381103515625,SPAN_TOO_LONG
0011-0002-0006,Quan điểm của Richchard Hooker về thần học là như thế nào?,cho rằng thần học là khoa học về những điều thiêng liêng,là khoa học về những điều,True,False,0,0.6666666666666666,1.0,0.5846796035766602,9.510863304138184,-0.5846796035766602,SPAN_TOO_SHORT
0011-0003-0001,Thần học đã giúp các thần học gia như thế nào?,"chuyển tải những tình huống hiện thời hay điều cần thiết qua 1 truyền thống tôn giáo, hoặc tìm ra những cách thức có thể để lý giải thế giới",,True,True,0,0.0,1.0,6.226053476333618,3.944211721420288,-6.226053476333618,ANSWERABLE_PREDICTED_EMPTY
0011-0003-0002,Bản chất của thần học là gì?,"tìm hiểu, suy tư về các vấn đề siêu nhiên và thiêng liêng bằng phương diện đức tin",,True,True,0,0.0,1.0,3.6814513206481934,6.452730655670166,-3.6814513206481934,ANSWERABLE_PREDICTED_EMPTY
0011-0003-0003,Việc nghiên cứu thần học có tác dụng gì?,"giúp các thần học gia hiểu biết sâu sắc về truyền thống tôn giáo của họ, truyền thống các tôn giáo khác, tư tưởng thần học chứa đựng trong thần thọai các tộc người, nó có thể giúp các thần học gia khám phá sự tự nhiên của thần học ngòai các suy luận tới truyền thống riêng biệt",,True,True,0,0.0,1.0,6.022731781005859,4.117805480957031,-6.022731781005859,ANSWERABLE_PREDICTED_EMPTY
0011-0003-0004,Có những thứ gì liên quan đến thần học?,"Bất cứ thắc mắc hay câu hỏi có liên quan đến những điều thiêng liêng như thần linh, ma qủy, thiên đàng, hỏa ngục","như thần linh, ma qủy, thiên đàng, hỏa ngục,",True,False,0,0.5454545454545454,1.0,-0.560577392578125,10.603145599365234,0.560577392578125,SPAN_TOO_SHORT
0011-0003-0005,Thần học có vai trò gì trong đời sống tinh thần?,"có thể được sử dụng để lưu truyền, phục dựng, biện minh cho 1 truyền thống tôn giáo hoặc nó có thể được dùng để so sánh, thách thức hay chống lại 1 truyền thống tôn giáo",,True,True,0,0.0,1.0,10.56157374382019,-0.40077662467956543,-10.56157374382019,ANSWERABLE_PREDICTED_EMPTY
0011-0003-0006,Thần linh đã giúp các thần học gia như thế nào?,,,False,True,1,1.0,1.0,6.644670009613037,3.526672840118408,-6.644670009613037,CORRECT_NO_ANSWER
0011-0003-0007,Những đối tượng nào được thần học nghiên cứu?,"thần linh, ma qủy, thiên đàng, hỏa ngục,...","như thần linh, ma qủy, thiên đàng, hỏa ngục,",True,False,0,0.9411764705882353,1.0,1.9239816665649414,8.209118843078613,-1.9239816665649414,SPAN_TOO_LONG
0011-0004-0001,Lĩnh vực nghiên cứu thần học Atman được đảm nhận nghiên cứu bởi ai?,,,False,True,1,1.0,1.0,5.9368977546691895,4.236215114593506,-5.9368977546691895,CORRECT_NO_ANSWER
0011-0004-0002,Thần học Vaishnava có lĩnh vực riêng cho những ai?,"cho nhiều tín đồ sùng đạo, các triết gia, các nhà thông thái","nhiều tín đồ sùng đạo, các triết gia, các nhà",True,False,0,0.8695652173913044,1.0,-1.943552017211914,11.551871299743652,1.943552017211914,SPAN_TOO_SHORT
0011-0004-0003,Nghiên cứu của Vaishnava về thần học là nghiên cứu về những vấn đề gì?,,"nhiều tín đồ sùng đạo, các triết gia, các nhà",False,False,0,0.0,1.0,1.1084651947021484,9.046113967895508,-1.1084651947021484,UNANSWERABLE_FALSE_POSITIVE
0011-0004-0004,Lĩnh vực nghiên cứu nào được đảm nhận bởi những tổ chức hàn lâm ở châu Âu như Trung tâm nghiên cứu Ấn Độ tại Đại họ Oxford?,"lĩnh vực nghiên cứu cho nhiều tín đồ sùng đạo, các triết gia, các nhà thông thá",,True,True,0,0.0,1.0,7.733673095703125,2.432527542114258,-7.733673095703125,ANSWERABLE_PREDICTED_EMPTY
0011-0004-0005,"Trong tiếng Darshana, Ấn Độ nghĩa là gì?",,nghĩa là,False,False,0,0.0,1.0,2.5831995010375977,7.56732177734375,-2.5831995010375977,UNANSWERABLE_FALSE_POSITIVE
0011-0004-0006,Ngôn từ Sankrit được sử dụng nhiều trong trường phái triết học Ấn Độ là gì?,Darshana,"là Darshana, có nghĩa là",True,False,0,0.33333333333333337,1.0,2.5427160263061523,7.202764511108398,-2.5427160263061523,SPAN_TOO_LONG
0011-0004-0007,Nghiên cứu thần học Vaishnava là nghiên cứu về những vấn đề gì?,việc sắp xếp và cấu hình sự biểu lộ của hàng ngàn các vị thần cùng những đặc trưng của họ,"cho nhiều tín đồ sùng đạo, các triết gia, các nhà",True,False,0,0.0625,1.0,0.42266082763671875,9.722761154174805,-0.42266082763671875,SPAN_TOO_SHORT
0011-0004-0008,"Trong tiếng Ấn Độ, Darshana nghĩa là gì?",quan điểm,nghĩa là,True,False,0,0.0,1.0,2.38740873336792,7.763878345489502,-2.38740873336792,WRONG_SPAN
0011-0004-0009,Thần học Brahman có lĩnh vực riêng cho những ai?,,"nhiều tín đồ sùng đạo, các triết gia, các nhà",False,False,0,0.0,1.0,-0.2774381637573242,10.369808197021484,0.2774381637573242,UNANSWERABLE_FALSE_POSITIVE
0011-0004-0010,Lĩnh vực nghiên cứu thần học Vaishnava được đảm nhận nghiên cứu bởi ai?,những tổ chức hàn lâm ở châu Âu,"nhiều tín đồ sùng đạo, các triết gia, các nhà",True,False,0,0.0,1.0,3.0878725051879883,7.075514793395996,-3.0878725051879883,WRONG_SPAN
0011-0005-0001,"Về mặt lịch sử, sự thiếu vắng của quyền lực chính trị đóng vai trò như thế nào đối với các thần học khác?",có ý nghĩa cao lớn đối với thần học Ki-tô giáo và Hồi giáo và có tính chất tốt đẹp đối với thần học Do Thái giáo,đối với thần học Ki-tô giáo và,True,False,0,0.4444444444444445,1.0,2.2202091217041016,7.900480270385742,-2.2202091217041016,SPAN_TOO_SHORT
0011-0005-0002,Điều gì ảnh hướng đến tính hiệu quả và có ý nghĩa cao đối với thần học Ki-tô giáo và Hồi giáo?,sự thiếu vắng mang tính lịch sử của quyền lực chính trị,", sự thiếu vắng mang tính lịch sử của quyền lực",True,False,0,0.9090909090909091,1.0,1.4282588958740234,8.661362648010254,-1.4282588958740234,SPAN_TOO_SHORT
0011-0005-0003,Sự thiếu vắng mang tính lịch sử của quyền lực chính trị có ý nghĩa như thế nào trong thần học Do Thái giáo?,"rằng sự phản chiếu mang tính thần học nhất đã hiện diện trong bối cảnh của cộng đòan và hội đường Do thái giáo, hơn là trong các tổ chức hàn lâm đặc thù",rằng sự phản chiếu mang tính thần học nhất đã hiện diện trong bối cảnh của cộng đòan và hội đường Do thái,True,False,0,0.8070175438596492,1.0,-0.4158802032470703,10.393070220947266,0.4158802032470703,SPAN_TOO_SHORT
0011-0005-0004,"Ngòai thần học Do Thái giáo, hãy kể tên những thần học khác?",thần học Ki-tô giáo và Hồi giáo,,True,True,0,0.0,1.0,8.05429744720459,2.091557502746582,-8.05429744720459,ANSWERABLE_PREDICTED_EMPTY
0011-0005-0005,Rabbi là những ai?,các thầy tư tế và luật sĩ Do Thái giáo,(các thầy tư tế và luật sĩ Do Thái,True,False,0,0.9473684210526316,1.0,2.927700996398926,7.202066421508789,-2.927700996398926,SPAN_TOO_SHORT
0011-0006-0001,Mục đích của việc nghiên cứu niềm tin và thực hành đức tin Ki-tô giáo là gì?,"để giúp các nhà thần học hiểu rõ hơn các giáo lý Ki-tô giáo, để tạo nên sự so sánh giữa Ki-tô giáo với các truyền thống khác, để bảo vệ Ki-tô giáo trước những lời phản đối và phê bình, để làm dễ dàng hơn cho các sửa đổi bên trong Ki-tô giáo, để hỗ trợ cho việc rao giảng Ki-tô giáo, để đưa những cách thức của truyền thống Ki-tô giáo nhằm chuyển tải những tình huống hiện thời hay cần thiết, hoặc nhiều lý do khác",,True,True,0,0.0,1.0,4.478870391845703,5.654353141784668,-4.478870391845703,ANSWERABLE_PREDICTED_EMPTY
0011-0006-0002,Thần học được tranh luận với mục đích gì trong Ki-tô giáo?,,,False,True,1,1.0,1.0,5.213348388671875,4.902469635009766,-5.213348388671875,CORRECT_NO_ANSWER
0011-0006-0003,Lĩnh vực nghiên cứu của thần học Ki-tô giáo là gì?,nghiên cứu niềm tin và thực hành đức tin Ki-tô giáo,"sử dụng các lời giải thích Kinh Thánh, các phân tích và tranh luận",True,False,0,0.07692307692307691,1.0,3.0613179206848145,7.056142330169678,-3.0613179206848145,SPAN_TOO_LONG
0011-0006-0004,Việc giải thích thần học Ki-tô giáo dựa trên những cơ sở nào?,,"sử dụng các lời giải thích Kinh Thánh, các phân tích và tranh luận",False,False,0,0.0,1.0,3.1667251586914062,6.984792709350586,-3.1667251586914062,UNANSWERABLE_FALSE_POSITIVE
0011-0006-0005,Các nhà thần học làm gì để nghiên cứu thần học Ki-tô giáo?,"các lời giải thích Kinh Thánh, các phân tích và tranh luận hợp lý","giáo sử dụng các lời giải thích Kinh Thánh, các phân tích và tranh luận",True,False,0,0.8275862068965518,1.0,2.632902145385742,7.483560562133789,-2.632902145385742,SPAN_TOO_LONG
0011-0006-0006,Việc nghiên cứu thần học Ki-tô giáo dựa trên những cơ sở nào?,bản văn Cựu Ước và Tân Ước cúng như truyền thống Ki-tô giáo,,True,True,0,0.0,1.0,4.838399887084961,5.31071662902832,-4.838399887084961,ANSWERABLE_PREDICTED_EMPTY
0011-0006-0007,Lĩnh vực nghiên cứu của thần học Kinh Thánh là gì?,,các phân tích và tranh luận,False,False,0,0.0,1.0,1.7694320678710938,8.35601806640625,-1.7694320678710938,UNANSWERABLE_FALSE_POSITIVE
0011-0006-0008,Các nhà thần học làm gì để nghiên cứu thần linh Ki-tô giáo?,,"giáo sử dụng các lời giải thích Kinh Thánh, các phân tích và tranh luận",False,False,0,0.0,1.0,3.373708724975586,6.748281478881836,-3.373708724975586,UNANSWERABLE_FALSE_POSITIVE
0011-0006-0009,Thần học được thực hiện với mục đích gì trong Ki-tô giáo?,"giúp các nhà thần học hiểu rõ hơn các giáo lý Ki-tô giáo, để tạo nên sự so sánh giữa Ki-tô giáo với các truyền thống khác, để bảo vệ Ki-tô giáo trước những lời phản đối và phê bình, để làm dễ dàng hơn cho các sửa đổi bên trong Ki-tô giáo, để hỗ trợ cho việc rao giảng Ki-tô giáo, để đưa những cách thức của truyền thống Ki-tô giáo nhằm chuyển tải những tình huống hiện thời hay cần thiết, hoặc nhiều lý do khác",,True,True,0,0.0,1.0,4.4285783767700195,5.663327217102051,-4.4285783767700195,ANSWERABLE_PREDICTED_EMPTY
0011-0007-0001,Các giáo phụ thời kỳ đầu đã làm thế nào để rao giảng thành công tín lý Ki-tô giáo?,can đảm sử dụng triết học Hy Lạp để giải thích các mầu nhiệm Ki-tô giáo,đã can đảm sử dụng triết học Hy Lạp để giải thích các mầu nhiệm Ki-tô,True,False,0,0.9411764705882353,1.0,0.1283416748046875,9.917712211608887,-0.1283416748046875,PARTIAL_SPAN
0011-0007-0002,Triết học Hy Lạp đã giúp đỡ như thế nào cho các nhà tư tưởng Ki-tô giáo?,"cung cấp các thuật ngữ, triết lý",,True,True,0,0.0,1.0,6.901371955871582,3.2589054107666016,-6.901371955871582,ANSWERABLE_PREDICTED_EMPTY
0011-0007-0003,Mầu nhiệm nhập thế của Ngôi Lời đã được giải thích như thế nào qua triết học Hy Lạp?,"Triết học Hy Lạp cung cấp các thuật ngữ, triết lý để các nhà tư tưởng Ki-tô giáo trình bày thần học; ví dụ khái niệm Logos của Heraclitus và thuyết ý niệm của Plato đã được sử dụng để giải thích mầu nhiệm nhập thể của Ngôi Lời",ví dụ khái niệm Logos của Heraclitus và thuyết ý niệm của Plato đã được sử dụng để giải thích mầu nhiệm nhập thể của Ngôi,True,False,0,0.6842105263157895,1.0,2.21951961517334,7.849002838134766,-2.21951961517334,SPAN_TOO_SHORT
0011-0007-0004,Các giáo phụ tín lý đầu đã làm thế nào để rao giảng thành công thời kỳ Ki-tô giáo?,,đã can đảm sử dụng triết học Hy,False,False,0,0.0,1.0,0.1654834747314453,9.888826370239258,-0.1654834747314453,UNANSWERABLE_FALSE_POSITIVE
0011-0007-0005,"Để thuyết phục người Do Thái chấp nhận Thần học Ki-tô giáo, người truyền giáo đã làm gì?",các giáo phụ thời kỳ đầu đã can đảm sử dụng triết học Hy Lạp để giải thích các mầu nhiệm Ki-tô giáo,đã can đảm sử dụng triết học Hy Lạp để giải thích các mầu nhiệm Ki-tô,True,False,0,0.8292682926829268,1.0,2.2327280044555664,7.924196243286133,-2.2327280044555664,SPAN_TOO_SHORT
0011-0007-0006,Triết học Hy Lạp có vai trò như thế nào với thần học Ki-tô giáo?,nữ tỳ phục vụ nữ hòang thần học Ki-tô giáo,,True,True,0,0.0,1.0,3.691107749938965,6.459802627563477,-3.691107749938965,ANSWERABLE_PREDICTED_EMPTY
0011-0007-0007,Nền tảng vững chắc của thần học Ki-tô giáo là gì?,triết học Hy Lạp,là triết học Hy,True,False,0,0.75,1.0,0.6586837768554688,9.44637680053711,-0.6586837768554688,PARTIAL_SPAN
0011-0007-0008,Mầu nhiệm nhập thế của Hy Lạp đã được giải thích như thế nào qua triết học Ngôi Lời?,,ví dụ khái niệm Logos của Heraclitus và thuyết ý niệm của Plato đã được sử dụng để giải thích mầu nhiệm nhập thể của Ngôi,False,False,0,0.0,1.0,1.613907814025879,8.393805503845215,-1.613907814025879,UNANSWERABLE_FALSE_POSITIVE
0011-0007-0009,Nền tảng vững chắc của thần học Hy Lạp là gì?,,,False,True,1,1.0,1.0,8.558274507522583,1.6020419597625732,-8.558274507522583,CORRECT_NO_ANSWER
0011-0008-0001,Những trường phái tư tưởng của thần học Hồi giáo là những trường phái nào?,"Sunni, Shia, Kharijites",,True,True,0,0.0,1.0,4.925104141235352,5.231983184814453,-4.925104141235352,ANSWERABLE_PREDICTED_EMPTY
0011-0008-0002,"Abu Hamid Muhammad al-Ghazali là một nhà tư tưởng nổi tiếng của thần học Hồi giáo, ông theo trường phái nào của thần học Hồi giáo?",Sufi,có trường phái Sufi chuyên nghiên cứu về những điều huyền,True,False,0,0.16666666666666669,1.0,0.2746591567993164,9.615742683410645,-0.2746591567993164,SPAN_TOO_LONG
0011-0008-0003,"Abu Hamid Muhammad al-Ghazali là một nhà tư tưởng nổi tiếng của thần học Hồi giáo, ông theo trường phái nào của thần học Sunni?",,có trường phái Sufi chuyên nghiên cứu về những điều huyền,False,False,0,0.0,1.0,0.4466133117675781,9.481206893920898,-0.4466133117675781,UNANSWERABLE_FALSE_POSITIVE
0011-0008-0004,"""Kalam"" có vai trò như thế nào đối với Hồi giáo?",thần học kinh viện của Hồi giáo,là thần học kinh,True,False,0,0.5454545454545454,1.0,-0.8138360977172852,10.858739852905273,0.8138360977172852,SPAN_TOO_SHORT
0011-0008-0005,Nhà tư tưởng nổi tiếng nào đi theo trường phái Sufi của Hồi giáo?,Abu Hamid Muhammad al-Ghazali,là,True,False,0,0.0,1.0,3.158940315246582,6.745303153991699,-3.158940315246582,WRONG_SPAN
0011-0008-0006,"Những trường phái:Sunni, Shia, Kharijites xuất hiện khi nào?",những thế kỷ đầu của Hồi giáo,vào những thế kỷ đầu của,True,False,0,0.7692307692307692,1.0,0.6467971801757812,9.44942855834961,-0.6467971801757812,SPAN_TOO_SHORT
0011-0008-0007,Sự tranh luận về thần học Hồi giáo song hành với thần học Ki-tô giáo được gọi là gì?,"""Kalam""","là ""Kalam",True,False,0,0.6666666666666666,1.0,2.4463229179382324,7.178106784820557,-2.4463229179382324,SPAN_TOO_LONG
0011-0008-0008,Sự tranh luận về thần học Trung cổ song hành với thần học Ki-tô giáo được gọi là gì?,,"là ""Kalam",False,False,0,0.0,1.0,2.3739938735961914,7.401463508605957,-2.3739938735961914,UNANSWERABLE_FALSE_POSITIVE
0012-0001-0001,Nguyên lý bất bạo lực mà Martin đề xướng có tên là gì?,,tên Chấp trì,False,False,0,0.0,1.0,-0.7983894348144531,10.742046356201172,0.7983894348144531,UNANSWERABLE_FALSE_POSITIVE
0012-0001-0002,Chấp trì chân lý đã ảnh hưởng đến phong trào nào ở Đế quốc Anh?,,bao gồm phong trào Vận động Quyền công dân tại,False,False,0,0.0,1.0,-0.5950889587402344,10.691967010498047,0.5950889587402344,UNANSWERABLE_FALSE_POSITIVE
0012-0001-0003,Gandhi đã làm những gì cho Ấn Độ?,chỉ đạo cuộc kháng chiến chống chế độ thực dân của Đế quốc Anh và giành độc lập cho Ấn Độ,,True,True,0,0.0,1.0,6.4506142139434814,3.7099292278289795,-6.4506142139434814,ANSWERABLE_PREDICTED_EMPTY
0012-0001-0004,Gandhi sinh năm nào?,1869,(2 tháng 10 năm 1869 – 30 tháng 1 năm,True,False,0,0.19999999999999998,1.0,0.019548416137695312,10.116352081298828,-0.019548416137695312,SPAN_TOO_LONG
0012-0001-0005,"Trong suốt cuộc đời, ông đã phản đối điều gì?",tất cả các hình thức khủng bố bạo lực,phản đối tất cả các hình thức khủng bố,True,False,0,0.7777777777777778,1.0,-0.17187881469726562,10.30308723449707,0.17187881469726562,PARTIAL_SPAN
0012-0001-0006,Nguyên lý bất bạo lực đã ảnh hưởng đến phong trào nào ở Mỹ?,phong trào Vận động Quyền công dân tại Hoa Kỳ,bao gồm phong trào Vận động Quyền công dân tại,True,False,0,0.8000000000000002,1.0,-0.9689388275146484,11.054964065551758,0.9689388275146484,PARTIAL_SPAN
0012-0001-0007,Chấp trì chân lý đã ảnh hưởng đến phong trào nào ở Hoa Kỳ?,phong trào Vận động Quyền công dân,bao gồm phong trào Vận động Quyền công dân tại,True,False,0,0.8235294117647058,1.0,-1.0816497802734375,11.131072998046875,1.0816497802734375,SPAN_TOO_LONG
0012-0001-0008,Martin sinh năm nào?,,(2 tháng 10 năm 1869 – 30 tháng 1 năm,False,False,0,0.0,1.0,0.8637142181396484,9.277891159057617,-0.8637142181396484,UNANSWERABLE_FALSE_POSITIVE
0012-0001-0009,Nguyên lý bất bạo lực mà ông đề xướng có tên là gì?,Chấp trì chân lý (sa. satyāgraha),tên Chấp trì,True,False,0,0.4444444444444444,1.0,-1.0043563842773438,10.88235855102539,1.0043563842773438,SPAN_TOO_SHORT
0012-0001-0010,"Trong suốt cuộc đời, Đế quốc Anh đã phản đối điều gì?",,phản đối tất cả các hình thức khủng bố,False,False,0,0.0,1.0,0.3332958221435547,9.809162139892578,-0.3332958221435547,UNANSWERABLE_FALSE_POSITIVE
0012-0002-0001,Danh hiệu nào được Rabindranath Tagore dùng khi chào đón Gandhi tại Mumbai?,Mahātmā,,True,True,0,0.0,1.0,4.466579437255859,5.626459121704102,-4.466579437255859,ANSWERABLE_PREDICTED_EMPTY
0012-0002-0002,Danh hiệu Mahatma Gandhi được dùng đến ngày nay mặc dù ông cảm thấy như thế nào?,không hài lòng,Mặc dù Gandhi không hài lòng với những cách gọi,True,False,0,0.4615384615384615,1.0,0.6374979019165039,9.465872764587402,-0.6374979019165039,SPAN_TOO_LONG
0012-0002-0003,Danh hiệu Mahatma Gandhi được dùng đến ngày nay mặc dù mọi người cảm thấy như thế nào?,,Mặc dù Gandhi không,False,False,0,0.0,1.0,1.1844682693481445,8.932546615600586,-1.1844682693481445,UNANSWERABLE_FALSE_POSITIVE
0012-0002-0004,"Năm 1918, Gandhi giữ chức vụ gì?",đứng đầu đảng Quốc dân Đại hội Ấn Độ,và đứng đầu đảng Quốc dân Đại hội Ấn Độ (Indian National Congress,True,False,0,0.8181818181818181,1.0,0.7863597869873047,9.320974349975586,-0.7863597869873047,SPAN_TOO_LONG
0012-0002-0005,Ngày 2 tháng 10 là ngày gì?,Ngày Quốc tế Bất Bạo động,,True,True,0,0.0,1.0,4.664280891418457,5.499274253845215,-4.664280891418457,ANSWERABLE_PREDICTED_EMPTY
0012-0002-0006,Danh hiệu Mahatma Gandhi lần đầu tiên được dùng bởi ai?,Rabindranath Tagore,được,True,False,0,0.0,1.0,1.762773036956787,7.5111985206604,-1.762773036956787,WRONG_SPAN
0012-0002-0007,Hàng triệu dân Ấn Độ khủng bố gọi ông là gì?,,"là Mahātmā, nghĩa là ""Linh hồn lớn"", ""Vĩ nhân"" hoặc ""Đại",False,False,0,0.0,1.0,2.803347587585449,7.014650344848633,-2.803347587585449,UNANSWERABLE_FALSE_POSITIVE
0012-0002-0008,Hàng triệu dân Ấn Độ tôn kính gọi ông là gì?,Mahātmā,"là Mahātmā, nghĩa là ""Linh hồn lớn"", ""Vĩ nhân"" hoặc ""Đại",True,False,0,0.16666666666666669,1.0,2.824852466583252,6.989279270172119,-2.824852466583252,SPAN_TOO_LONG
0012-0003-0001,Vì sao Gandhi có thể khích lệ những người dân bị đô hộ phấn đấu cho nền độc lập của nước nhà?,Bằng phương tiện bất hợp tác,,True,True,0,0.0,1.0,5.477684020996094,4.665891647338867,-5.477684020996094,ANSWERABLE_PREDICTED_EMPTY
0012-0003-0002,Vì sao những người dân bị đô hộ có thể khích lệ Gandhi phấn đấu cho nền độc lập của nước nhà?,,,False,True,1,1.0,1.0,3.6410012245178223,6.5068488121032715,-3.6410012245178223,CORRECT_NO_ANSWER
0012-0003-0003,Gandhi khích lệ những người dân bị đô hộ khác phấn đấu cho điều gì?,nền độc lập của nước nhà,cho nền độc lập của nước nhà và đả đảo triệt để Đế quốc,True,False,0,0.6,1.0,-0.3743553161621094,10.413280487060547,0.3743553161621094,SPAN_TOO_LONG
0012-0003-0004,Nguyên lý Chấp trì chân lý của Gandhi cũng thường được dịch là gì?,"""con đường chân thật"", ""truy tầm chân lý""","là ""con đường chân thật"", ""truy tầm chân lý",True,False,0,0.9411764705882353,1.0,-0.778106689453125,10.679121017456055,0.778106689453125,SPAN_TOO_LONG
0012-0003-0005,Nguyên lý Chấp trì chân lý đã cảm kích những ai?,những người chủ trương hành động giành tự do,"như Đạt-lại Lạt-ma Đăng-châu Gia-mục-thố (Tenzin Gyatso), Lech Wałęsa, Stephen Biko, Aung San Suu Kyi và",True,False,0,0.0,1.0,-1.4348745346069336,11.14476490020752,1.4348745346069336,WRONG_SPAN
0012-0003-0006,Nguyên lý Chấp trì chân lý có gốc tiếng Anh là gì?,,,False,True,1,1.0,1.0,3.8782529830932617,6.269014358520508,-3.8782529830932617,CORRECT_NO_ANSWER
0012-0003-0007,Nguyên lý Chấp trì chân lý đã phục kích những ai?,,"như Đạt-lại Lạt-ma Đăng-châu Gia-mục-thố (Tenzin Gyatso), Lech Wałęsa, Stephen Biko, Aung San Suu Kyi và",False,False,0,0.0,1.0,-0.4019308090209961,10.43596076965332,0.4019308090209961,UNANSWERABLE_FALSE_POSITIVE
0012-0003-0008,"Có phải tất cả những người chủ trương hành động giành tự do như Đạt-lại Lạt-ma Đăng-châu Gia-mục-thố (Tenzin Gyatso), Lech Walesa, Stephen Biko, Aung San Suu Kyi và Nelson Mandela đều theo nguyên tắc bất bạo lực và bất kháng cự của Gandhi không?",không,",",True,False,0,0.0,1.0,1.8150520324707031,8.337010383605957,-1.8150520324707031,WRONG_SPAN
0012-0003-0009,Nguyên lý Chấp trì chân lý của Biko cũng thường được dịch là gì?,,"là ""con đường chân thật"", ""truy tầm chân lý",False,False,0,0.0,1.0,-0.7103500366210938,10.620977401733398,0.7103500366210938,UNANSWERABLE_FALSE_POSITIVE
0012-0003-0010,Những người dân bị đô hộ khích lệ Gandhi phấn đấu cho điều gì?,,cho nền độc lập của nước nhà và đả đảo triệt để Đế quốc,False,False,0,0.0,1.0,-0.13370800018310547,10.229228973388672,0.13370800018310547,UNANSWERABLE_FALSE_POSITIVE
0012-0003-0011,Nguyên lý Chấp trì chân lý có gốc tiếng Phạn là gì?,"satya là ""chân lý"" và ā-graha là ""nắm lấy"", ""nắm chặt""",,True,True,0,0.0,1.0,3.562917709350586,6.5827226638793945,-3.562917709350586,ANSWERABLE_PREDICTED_EMPTY
0012-0004-0001,"Nguyên tắc bất hại, sùng tín, phương pháp nhịn ăn có tác dụng gì?",,để thanh lọc tâm thức cũng như sự khoan dung lẫn nhau của các tín đồ và tông,False,False,0,0.0,1.0,0.09291362762451172,9.886473655700684,-0.09291362762451172,UNANSWERABLE_FALSE_POSITIVE
0012-0004-0002,Kasturba sinh ra và lớn lên trong một môi trường như thế nào?,,một môi trường được ảnh hưởng bởi những người theo Kì-na giáo tại,False,False,0,0.0,1.0,2.7380666732788086,7.424897193908691,-2.7380666732788086,UNANSWERABLE_FALSE_POSITIVE
0012-0004-0003,"Nguyên tắc bất hại, ăn chay, phương pháp nhịn ăn có tác dụng gì?",thanh lọc tâm thức,để thanh lọc tâm thức cũng như sự khoan dung lẫn nhau của các tín đồ và tông,True,False,0,0.3636363636363636,1.0,0.0307769775390625,9.946304321289062,-0.0307769775390625,SPAN_TOO_LONG
0012-0004-0004,Vợ kế ông có bao nhiêu người con?,,,False,True,1,1.0,1.0,3.885533332824707,6.279431343078613,-3.885533332824707,CORRECT_NO_ANSWER
0012-0004-0005,Gandhi sinh ra và lớn lên trong một môi trường như thế nào?,Lớn lên với một bà mẹ sùng tín Tì-thấp-nô trong một môi trường được ảnh hưởng bởi những người theo Kì-na giáo tại Gujarat,một môi trường được ảnh hưởng bởi những người theo Kì-na giáo tại,True,False,0,0.6829268292682926,1.0,1.2774734497070312,8.874826431274414,-1.2774734497070312,SPAN_TOO_SHORT
0012-0004-0006,"Nhờ vào đâu mà Gandhi sớm cảm nhận nguyên tắc bất hại, ăn chay, phương pháp nhịn ăn để thanh lọc tâm thức cũng như sự khoan dung lẫn nhau của các tín đồ và tông phái?",Lớn lên với một bà mẹ sùng tín Tì-thấp-nô trong một môi trường được ảnh hưởng bởi những người theo Kì-na giáo tại Gujarat,một môi trường được ảnh hưởng bởi những người theo Kì-na giáo tại,True,False,0,0.6829268292682926,1.0,2.213439464569092,7.946835994720459,-2.213439464569092,SPAN_TOO_SHORT
0012-0004-0007,Gandhi đã sớm cảm nhận tâm thức để thanh lọc điều gì?,,"cảm nhận nguyên tắc bất hại, ăn chay, phương pháp nhịn",False,False,0,0.0,1.0,-1.2725753784179688,11.313050270080566,1.2725753784179688,UNANSWERABLE_FALSE_POSITIVE
0012-0004-0008,Ông mất vợ lúc mấy tuổi?,,", 14",False,False,0,0.0,1.0,2.976679801940918,7.170224189758301,-2.976679801940918,UNANSWERABLE_FALSE_POSITIVE
0012-0004-0009,Vợ chồng ông có bao nhiêu người con?,bốn con,có,True,False,0,0.0,1.0,2.161576271057129,7.985385894775391,-2.161576271057129,WRONG_SPAN
0012-0004-0010,Gandhi đã sớm cảm nhận điều gì để thanh lọc tâm thức?,"nguyên tắc bất hại, ăn chay, phương pháp nhịn ăn","cảm nhận nguyên tắc bất hại, ăn chay, phương pháp nhịn",True,False,0,0.8571428571428572,1.0,-1.8394041061401367,11.74089241027832,1.8394041061401367,SPAN_TOO_LONG
0012-0004-0011,Ông cưới vợ lúc mấy tuổi?,13,", 14",True,False,0,0.0,1.0,0.024900436401367188,10.04246711730957,-0.024900436401367188,WRONG_SPAN
0012-0005-0001,"Thay vì làm tọai nguyện ông, mẹ đã làm gì?",,", ông đọc sách và đổi sang ăn chay ngay trên phương diện",False,False,0,0.0,1.0,3.043532371520996,7.089241981506348,-3.043532371520996,UNANSWERABLE_FALSE_POSITIVE
0012-0005-0002,Gandhi mở đại học nào?,,vào Đại học College,False,False,0,0.0,1.0,-1.0806217193603516,11.150530815124512,1.0806217193603516,UNANSWERABLE_FALSE_POSITIVE
0012-0005-0003,Bà Helena đã thành lập cái gì vào năm 1875?,hiệp hội Thần Trí học,,True,True,0,0.0,1.0,4.748381614685059,5.404986381530762,-4.748381614685059,ANSWERABLE_PREDICTED_EMPTY
0012-0005-0004,Mẹ phải làm gì sau khi ông rời Ấn Độ?,,là giữ giới luật Ấn Độ giáo không ăn thịt và uống,False,False,0,0.0,1.0,-2.0602245330810547,11.68834400177002,2.0602245330810547,UNANSWERABLE_FALSE_POSITIVE
0012-0005-0005,Gandhi học đại học nào?,Đại học College Luân Đôn,vào Đại học College,True,False,0,0.6666666666666665,1.0,-1.3469915390014648,11.368474960327148,1.3469915390014648,SPAN_TOO_SHORT
0012-0005-0006,Công việc của ông đã giúp ủy viên ban chấp hành Hội người ăn chay như thế nào?,,,False,True,1,1.0,1.0,4.41032600402832,5.748207092285156,-4.41032600402832,CORRECT_NO_ANSWER
0012-0005-0007,Công việc ủy viên ban chấp hành Hội người ăn chay đã giúp ông như thế nào?,thu thập những kinh nghiệm giá trị trong việc quản lý và duy trì một tổ chức,,True,True,0,0.0,1.0,4.053553581237793,6.1074419021606445,-4.053553581237793,ANSWERABLE_PREDICTED_EMPTY
0012-0005-0008,"Thay vì làm tọai nguyện mẹ, ông đã làm gì?",ông đọc sách và đổi sang ăn chay ngay trên phương diện tri thức,", ông đọc sách và đổi sang ăn chay ngay trên phương diện",True,False,0,0.923076923076923,1.0,1.7144641876220703,8.38167953491211,-1.7144641876220703,SPAN_TOO_SHORT
0012-0005-0009,Vì sao Gandhi không ăn được thịt cừu và cải bắp bà chủ nhà trọ nấu cho mình?,"ông chịu ảnh hưởng của lời nguyện với bà mẹ trước mặt một vị tăng Kì-na giáo là Becharji, đó là giữ giới luật Ấn Độ giáo không ăn thịt và uống rượu sau khi rời Ấn Độ",,True,True,0,0.0,1.0,4.968953609466553,5.1956658363342285,-4.968953609466553,ANSWERABLE_PREDICTED_EMPTY
0012-0005-0010,Mẹ ông phải làm gì sau khi rời Ấn Độ.?,giữ giới luật Ấn Độ giáo không ăn thịt và uống rượu,là giữ giới luật Ấn Độ giáo không ăn thịt và uống,True,False,0,0.9166666666666666,1.0,-2.074713706970215,11.74665641784668,2.074713706970215,PARTIAL_SPAN
0012-0006-0001,Vì sao chỉ sau khi trở về Ấn Độ thì Gandhi mới biết mẹ mình đã qua đời?,gia đình đã giấu kín chuyện này,,True,True,0,0.0,1.0,8.305194973945618,1.8572348356246948,-8.305194973945618,ANSWERABLE_PREDICTED_EMPTY
0012-0006-0002,Vì sao thành tựu của ông trong việc mở trường dạy học tại Mumbai chỉ hạn chế?,,,False,True,1,1.0,1.0,5.566939353942871,4.599362373352051,-5.566939353942871,CORRECT_NO_ANSWER
0012-0006-0003,Ông trở về Ấn Độ từ khi nào?,tháng 6 năm 1891,vào tháng 6 năm,True,False,0,0.75,1.0,-1.0283279418945312,11.145038604736328,1.0283279418945312,PARTIAL_SPAN
0012-0006-0004,Vì sao sau khi trỏ về ông mới biết mẹ mình đã qua đời?,gia đình đã giấu kín chuyện này,,True,True,0,0.0,1.0,7.654791355133057,2.5077948570251465,-7.654791355133057,ANSWERABLE_PREDICTED_EMPTY
0012-0006-0005,Vì sao sau khi trở về mẹ mới biết ông đã qua đời?,,,False,True,1,1.0,1.0,8.686431646347046,1.474330186843872,-8.686431646347046,CORRECT_NO_ANSWER
0012-0006-0006,Vì sao thành tựu của ông trong việc mở văn phòng luật sư tại Mumbai chỉ hạn chế?,thời đó có rất nhiều người làm nghề này và Gandhi không phải là một luật sư năng nổ tại pháp tòa,,True,True,0,0.0,1.0,5.169672966003418,4.988835334777832,-5.169672966003418,ANSWERABLE_PREDICTED_EMPTY
0012-0006-0007,Ông trở về Rajkot làm gì?,sọan lời thỉnh nguyện cho những người tố tụng,sống một cuộc sống,True,False,0,0.0,1.0,1.644521713256836,8.37710952758789,-1.644521713256836,WRONG_SPAN
0012-0006-0008,"Ông đã làm gì ở Natal, Nam Phi vào năm 1893?",chấp nhận một hợp đồng lâu dài của một công ty Ấn Độ,,True,True,0,0.0,1.0,3.6312170028686523,6.533475875854492,-3.6312170028686523,ANSWERABLE_PREDICTED_EMPTY
0012-0007-0001,Chủ nghĩa hành động của ông xảy ra lúc nào?,khi ông bắt đầu một cuộc hành trình đến Pretoria,,True,True,0,0.0,1.0,8.411773204803467,1.7272858619689941,-8.411773204803467,ANSWERABLE_PREDICTED_EMPTY
0012-0007-0002,Tại sao ông bị vất ra khỏi xe lửa tại Pietermaritzburg?,sau khi từ chối chuyển từ toa xe hạng nhất đến toa hạng ba,khi từ chối chuyển từ toa xe hạng nhất đến toa hạng,True,False,0,0.923076923076923,1.0,2.1073951721191406,7.998544692993164,-2.1073951721191406,SPAN_TOO_SHORT
0012-0007-0003,Sự kiện nào được xem là chất xúc tác cho chủ nghĩa hành động của Gandhi?,"Vào một ngày, khi quan tòa thành phố Durban yêu cầu Gandhi gỡ khăn xếp (turban) trên đầu, ông từ chối và hùng hồn bước ra khỏi tòa",. Một bước ngoặt trong cuộc đời thường được các truyện ký,True,False,0,0.10256410256410255,1.0,-0.686558723449707,10.753411293029785,0.686558723449707,SPAN_TOO_SHORT
0012-0007-0004,Chủ nghĩa hành động của du khách xảy ra lúc nào?,,,False,True,1,1.0,1.0,8.379099726676941,1.7793360948562622,-8.379099726676941,CORRECT_NO_ANSWER
0012-0007-0005,"Lúc 18 tuổi, ông thường đọc báo khi nào?",,báo lần đầu tiên năm lên 18 và thường run sợ khi bước ra tòa,False,False,0,0.0,1.0,1.2301254272460938,8.916199684143066,-1.2301254272460938,UNANSWERABLE_FALSE_POSITIVE
0012-0007-0006,Ông làm gì khi được quan tòa thành phố Durban yêu cầu gỡ khăn xếp?,từ chối và hùng hồn bước ra khỏi tòa,,True,True,0,0.0,1.0,6.216473579406738,3.949408531188965,-6.216473579406738,ANSWERABLE_PREDICTED_EMPTY
0012-0007-0007,Quan tòa thành phố Durban làm gì khi được Ông yêu cầu gỡ khăn xếp?,,,False,True,1,1.0,1.0,6.357187032699585,3.8084757328033447,-6.357187032699585,CORRECT_NO_ANSWER
0012-0007-0008,"Lúc 18 tuổi, ông thường run sợ khi nào?",bước ra tòa thuyết trình,khi bước ra tòa,True,False,0,0.6666666666666665,1.0,-1.042501449584961,11.050504684448242,1.042501449584961,SPAN_TOO_SHORT
0012-0007-0009,Ông đọc báo lần đầu tiên năm mấy tuổi?,18,đầu tiên năm lên,True,False,0,0.0,1.0,-1.2537593841552734,10.870115280151367,1.2537593841552734,WRONG_SPAN
0012-0008-0001,Dự thảo pháp luật của Hội đồng lập pháp Natal có mục đích gì?,lọai bỏ quyền bầu cử của người di dân Ấn Độ,nhằm lọai bỏ quyền bầu cử của người di dân,True,False,0,0.8571428571428572,1.0,-1.034749984741211,10.968446731567383,1.034749984741211,SPAN_TOO_SHORT
0012-0008-0002,Cơ quan nào đã gửi kiến nghị phản đối dự thảo đến Ông?,,", Viện Lập Pháp Natal và chính quyền",False,False,0,0.0,1.0,-1.7446231842041016,11.718591690063477,1.7446231842041016,UNANSWERABLE_FALSE_POSITIVE
0012-0008-0003,Ông được thuyết phục ở lại Durban để làm gì?,tiếp tục đấu tranh chống sự bất công được áp dụng đối với người Ấn,để tiếp tục đấu tranh chống sự bất công được áp dụng đối với người Ấn tại,True,False,0,0.9375,1.0,0.06358051300048828,9.997066497802734,-0.06358051300048828,SPAN_TOO_LONG
0012-0008-0004,"Khi hợp đồng làm việc chấm dứt, Gandhi có trở về Ấn Độ hay không?",ông lưu lại Durban,Gandhi thu xếp trở về,True,False,0,0.0,1.0,1.7838973999023438,8.358314514160156,-1.7838973999023438,WRONG_SPAN
0012-0008-0005,Ông được thuyết phục ở lại Anh để làm gì?,,để tiếp tục đấu tranh chống sự bất công được áp dụng đối với người Ấn tại,False,False,0,0.0,1.0,1.8647212982177734,8.272457122802734,-1.8647212982177734,UNANSWERABLE_FALSE_POSITIVE
0012-0008-0006,"Thông qua tổ chức Hội nghị Ấn Độ, ông đã làm được những gì?","chuyển hóa cộng đồng người Ấn tại Nam Phi thành một lực lượng chính trị hỗn tạp, làm tràn ngập chính quyền cũng như báo chí với những lời trần thuật về sự bất mãn của người Ấn và những bằng chứng của sự kì thị nơi người Anh tại Nam Phi",,True,True,0,0.0,1.0,9.171556949615479,0.9961438179016113,-9.171556949615479,ANSWERABLE_PREDICTED_EMPTY
0012-0008-0007,Quyền bầu cử của Hội đồng lập pháp Natal có mục đích gì?,,nhằm lọai bỏ quyền bầu cử của người di dân,False,False,0,0.0,1.0,1.2421417236328125,8.914175987243652,-1.2421417236328125,UNANSWERABLE_FALSE_POSITIVE
0012-0008-0008,"Khi không làm việc nữa, Gandhi làm gì?",Gandhi thu xếp trở về Ấn Độ,,True,True,0,0.0,1.0,6.526081562042236,3.6410107612609863,-6.526081562042236,ANSWERABLE_PREDICTED_EMPTY
0012-0008-0009,Ông đã gửi kiến nghị phản đối dự thảo đến cơ quan nào?,Viện Lập Pháp Natal và chính quyền Anh,", Viện Lập Pháp Natal và chính quyền",True,False,0,0.9333333333333333,1.0,-1.6482133865356445,11.658536911010742,1.6482133865356445,SPAN_TOO_SHORT
0012-0009-0001,Dự án nào sau khi được áp dụng đã dẫn đến một cuộc đấu tranh kéo dài 7 năm với hơn 7000 người Ấn bị bắt giam?,áp dụng nguyên tắc Chấp trì chân lý và đấu tranh bất bạo lực,,True,True,0,0.0,1.0,6.583985328674316,3.565739631652832,-6.583985328674316,ANSWERABLE_PREDICTED_EMPTY
0012-0009-0002,"Hơn 7000 người Ấn đã bị đàn áp, bắt giam vì đã làm gì?","vì đình công, từ chối không ký chứng, đốt giấy ký chứng hoặc tham gia những cuộc kháng cự bất bạo động khác","vì đình công, từ chối không ký chứng, đốt giấy ký chứng hoặc tham gia những cuộc kháng cự bất bạo động",True,False,0,0.9777777777777777,1.0,0.8495054244995117,9.226238250732422,-0.8495054244995117,SPAN_TOO_SHORT
0012-0009-0003,"Sau khi chiến tranh kết thúc, tình hình Ấn Độ như thế nào?","tình trạng của người Ấn tại Nam Phi không khả quan hơn, vẫn tiếp tục sa đọa",,True,True,0,0.0,1.0,3.8028078079223633,6.349164009094238,-3.8028078079223633,ANSWERABLE_PREDICTED_EMPTY
0012-0009-0004,"Hơn 7000 người Nam Phi đã bị đàn áp, bắt giam vì đã làm gì?",,"vì đình công, từ chối không ký chứng, đốt giấy ký chứng hoặc tham gia những cuộc kháng cự bất bạo động",False,False,0,0.0,1.0,1.4666004180908203,8.633983612060547,-1.4666004180908203,UNANSWERABLE_FALSE_POSITIVE
0012-0009-0005,Smuts lần đầu tiên áp dụng nguyên tắc chấp trì chân lý khi nào?,,,False,True,1,1.0,1.0,4.635885238647461,5.518348693847656,-4.635885238647461,CORRECT_NO_ANSWER
0012-0009-0006,Nhóm tình nguyện của Gandhi lập ra gồm bao nhiêu người?,300 người Ấn Độ và 800 người làm mướn,gồm 300 người Ấn Độ và 800 người,True,False,0,0.823529411764706,1.0,-1.3329896926879883,11.270042419433594,1.3329896926879883,SPAN_TOO_SHORT
0012-0009-0007,Gandhi lần đầu tiên áp dụng nguyên tắc chấp trì chân lý khi nào?,Tại một cuộc biểu tình lớn được tổ chức tại Johannesburg vào tháng 9,,True,True,0,0.0,1.0,4.681502342224121,5.474218368530273,-4.681502342224121,ANSWERABLE_PREDICTED_EMPTY
0012-0009-0008,"Sau khi chiến tranh kết thúc, tình hình thế giới như thế nào?",,,False,True,1,1.0,1.0,6.690492630004883,3.4657726287841797,-6.690492630004883,CORRECT_NO_ANSWER
0012-0009-0009,Những người Ấn Độ đã khuyên Gandhi làm gì với nguyên tắc bất bạo lực?,,phương án thỏa,False,False,0,0.0,1.0,3.456292152404785,6.68803596496582,-3.456292152404785,UNANSWERABLE_FALSE_POSITIVE
0012-0009-0010,Nhóm biểu tình của Gandhi lập ra gồm bao nhiêu người?,,gồm 300 người Ấn Độ và 800 người,False,False,0,0.0,1.0,-0.7742042541503906,10.879013061523438,0.7742042541503906,UNANSWERABLE_FALSE_POSITIVE
0012-0009-0011,Gandhi đã khuyên những người Ấn Độ làm gì với nguyên tắc bất bạo lực?,phản bác luật mới và chịu đựng hình phạt,đồng hương phản bác luật mới và chịu đựng hình phạt để thực hiện việc này thay vì phản kháng bằng phương tiện,True,False,0,0.5625,1.0,3.278520107269287,6.867082118988037,-3.278520107269287,SPAN_TOO_LONG
0012-0010-0001,Gandhi dịch bài Thư gửi đến một môn đồ Ấn Độ giáo để làm gì?,phản ứng những đồng hương Ấn Độ theo chủ nghĩa dân tộc một cách hung bạo,để phản ứng những đồng hương Ấn Độ theo chủ nghĩa dân tộc một cách,True,False,0,0.9032258064516129,1.0,0.9699344635009766,9.161399841308594,-0.9699344635009766,SPAN_TOO_SHORT
0012-0010-0002,Tolstoy qua đời vào năm nào?,1910,vào năm,True,False,0,0.0,1.0,-0.6475181579589844,10.614645004272461,0.6475181579589844,WRONG_SPAN
0012-0010-0003,Lev Nikolayevich Tolstoy là người như thế nào?,"người đã trải qua một sự chuyển biến tôn giáo sâu sắc với niềm tin vào một dạng ""chủ nghĩa vô chính phủ"" của Kitô giáo",,True,True,0,0.0,1.0,6.795426368713379,3.357893943786621,-6.795426368713379,ANSWERABLE_PREDICTED_EMPTY
0012-0010-0004,Gandhi đã bị ảnh hưởng bởi những tác phẩm nào?,những tác phẩm của Lev Nikolayevich Tolstoy,,True,True,0,0.0,1.0,5.461533546447754,4.662888526916504,-5.461533546447754,ANSWERABLE_PREDICTED_EMPTY
0012-0010-0005,Một môn đồ Ấn Độ giáo dịch bài Thư gửi đến Gandhi để làm gì?,,để phản ứng những đồng hương Ấn Độ theo chủ nghĩa dân tộc một cách,False,False,0,0.0,1.0,1.0663948059082031,9.071733474731445,-1.0663948059082031,UNANSWERABLE_FALSE_POSITIVE
0012-0010-0006,Mahatma Gandhi là người như thế nào?,,,False,True,1,1.0,1.0,10.012789979577065,0.12032864987850189,-10.012789979577065,CORRECT_NO_ANSWER
0012-0010-0007,Những khái niệm và kỹ thuật của phương pháp bất hợp tác được phát triển trong thời gian nào?,Những năm lưu trú tại Nam Phi,. Những năm lưu trú tại Nam Phi với tư cách một người chủ trương hành động chuyên về xã hội,True,False,0,0.5185185185185185,1.0,1.3553733825683594,8.479854583740234,-1.3553733825683594,SPAN_TOO_LONG
0012-0010-0008,"Quyển ""Thiên đường nằm trong Bạn"" được viết bởi ai?",Lev Nikolayevich Tolstoy,của,True,False,0,0.0,1.0,2.5087246894836426,7.0496392250061035,-2.5087246894836426,WRONG_SPAN
0012-0010-0009,Gandhi qua đời vào năm nào?,,vào năm,False,False,0,0.0,1.0,0.5886716842651367,9.545108795166016,-0.5886716842651367,UNANSWERABLE_FALSE_POSITIVE
0012-0011-0001,Ông đã thuyết trình cho những ai?,Quốc dân Đại hội Ấn Độ,trước Quốc dân Đại hội,True,False,0,0.7272727272727272,1.0,0.7898731231689453,9.31948471069336,-0.7898731231689453,SPAN_TOO_SHORT
0012-0011-0002,Ông khích lệ người Ấn tham gia quân đội vì lý do gì?,"quyền công dân đầy đủ, tự do và quyền lợi trong Đế quốc Anh",,True,True,0,0.0,1.0,4.155631065368652,5.991266250610352,-4.155631065368652,ANSWERABLE_PREDICTED_EMPTY
0012-0011-0003,Ai là lãnh đạo được tôn kính nhất của đảng Quốc dân Đại hội lúc bấy giờ?,Gopal Krishna Gokhale,",",True,False,0,0.0,1.0,0.4036083221435547,9.55958366394043,-0.4036083221435547,WRONG_SPAN
0012-0011-0004,Gokhale ủng hộ ai trong chiến tranh Thế giới thứ nhất?,,ủng hộ người,False,False,0,0.0,1.0,0.47383880615234375,9.653167724609375,-0.47383880615234375,UNANSWERABLE_FALSE_POSITIVE
0012-0011-0005,Ai là lãnh đạo được tôn kính nhất của đảng Quốc dân Nam Phi lúc bấy giờ?,,",",False,False,1,1.0,1.0,0.3625373840332031,9.651220321655273,-0.3625373840332031,UNANSWERABLE_FALSE_POSITIVE
0012-0011-0006,Phần lớn buổi thuyết trình của Gandhi là gì?,"chính ông được hướng dẫn vào những chủ đề Ấn Độ, chính trị và công chúng Ấn","ông được hướng dẫn vào những chủ đề Ấn Độ, chính trị và công chúng",True,False,0,0.9375,1.0,3.039656162261963,7.102274417877197,-3.039656162261963,SPAN_TOO_SHORT
0012-0011-0007,Gandhi ủng hộ ai trong chiến tranh Thế giới thứ nhất?,người Anh,ủng hộ người,True,False,0,0.4,1.0,-1.4938106536865234,11.437032699584961,1.4938106536865234,SPAN_TOO_LONG
0012-0012-0001,Hơn 10000 thực dân tham gia cuộc kháng cự với Gandhi tại Champaran đã bị ép phải làm gì?,,phải trồng indigo và những nông sản bán được trên,False,False,0,0.0,1.0,-0.5613212585449219,10.621028900146484,0.5613212585449219,UNANSWERABLE_FALSE_POSITIVE
0012-0012-0002,Tại sao những người nông dân có cuộc sống vất vả?,"Bị đàn áp bởi dân binh của điền chủ (phần lớn là người Anh), họ được trả công rất ít",". Bị đàn áp bởi dân binh của điền chủ (phần lớn là người Anh), họ được trả công rất",True,False,0,0.9743589743589743,1.0,0.9918718338012695,9.176623344421387,-0.9918718338012695,SPAN_TOO_SHORT
0012-0012-0003,Gandhi đạt được thành tựu lần đầu tiên vào năm nào?,1918,vào năm,True,False,0,0.0,1.0,-1.8856964111328125,11.098413467407227,1.8856964111328125,WRONG_SPAN
0012-0012-0004,Gandhi là ai?,,"là Sardar Vallabhbhai Patel, cánh tay phải của",False,False,0,0.0,1.0,3.197816848754883,6.952390670776367,-3.197816848754883,UNANSWERABLE_FALSE_POSITIVE
0012-0012-0005,Patel đạt được thành tựu lần đầu tiên vào năm nào?,,vào năm,False,False,0,0.0,1.0,-1.9155330657958984,11.152342796325684,1.9155330657958984,UNANSWERABLE_FALSE_POSITIVE
0012-0012-0006,Những thành tích lớn đầu tiên của Gandhi là gì?,cuộc kích động tại Champaran và phong trào Chấp trì chân lý,với cuộc kích động tại Champaran và phong trào Chấp trì,True,False,0,0.8695652173913043,1.0,3.2977099418640137,6.773581027984619,-3.2977099418640137,SPAN_TOO_SHORT
0012-0012-0007,Patel là ai?,cánh tay phải của Gandhi,,True,True,0,0.0,1.0,5.458283424377441,4.711660385131836,-5.458283424377441,ANSWERABLE_PREDICTED_EMPTY
0012-0012-0008,Hơn 10000 nông dân tham gia cuộc kháng cự với Gandhi tại Champaran đã bị ép phải làm gì?,phải trồng indigo và những nông sản bán được trên thị trường thay vì gieo trồng những lọai cung cấp thực phẩm cần thiết cho sự sinh tồn của họ,phải trồng indigo và những nông sản bán được trên,True,False,0,0.5,1.0,-0.6194076538085938,10.67262077331543,0.6194076538085938,SPAN_TOO_SHORT
0012-0013-0001,Những việc lập trường theo Gandhi là những gì?,,,False,True,1,1.0,1.0,5.440734386444092,4.715066432952881,-5.440734386444092,CORRECT_NO_ANSWER
0012-0013-0002,Vì sao Gandhi có thể chỉnh lý các thôn xóm?,Lập cơ sở trên lòng tự tin của người làng,", lập trường học và",True,False,0,0.14285714285714288,1.0,0.8192615509033203,9.275684356689453,-0.8192615509033203,SPAN_TOO_SHORT
0012-0013-0003,Gandhi tổ chức một nhóm người bao gồm những ai?,người giúp cố cựu và người mới từ địa phương,bao gồm người giúp cố cựu và người mới từ,True,False,0,0.8000000000000002,1.0,-1.6403026580810547,11.449766159057617,1.6403026580810547,PARTIAL_SPAN
0012-0013-0004,Những việc hủ nát theo Gandhi là những gì?,"phân biệt tiện dân, bắt phụ nữ mang khăn che và áp chế họ","như phân biệt tiện dân, bắt phụ nữ mang khăn che và áp chế",True,False,0,0.9285714285714286,1.0,1.1533451080322266,9.004007339477539,-1.1533451080322266,PARTIAL_SPAN
0012-0013-0005,Gandhi tổ chức một nhóm khủng bố bao gồm những ai?,,bao gồm người giúp cố cựu và người mới từ,False,False,0,0.0,1.0,-0.7115726470947266,10.802763938903809,0.7115726470947266,UNANSWERABLE_FALSE_POSITIVE
0012-0013-0006,Mục đích ông lập một công trình nghiên cứu để làm gì?,"có được một tổng quan về các thôn làng, xem xét những sự tàn bạo và những tình tiết thống khổ bao gồm những trạng thái thóai hóa của cuộc sống nói chung",để có được một tổng quan về các thôn,True,False,0,0.38095238095238093,1.0,1.284592628479004,8.779816627502441,-1.284592628479004,SPAN_TOO_SHORT
0012-0014-0001,Những người biểu tình đã đòi hỏi điều gì?,trả tự do lại cho ông,,True,True,0,0.0,1.0,4.02815055847168,6.136954307556152,-4.02815055847168,ANSWERABLE_PREDICTED_EMPTY
0012-0014-0002,Kết quả từ việc chính quyền Anh đại diện các nông gia thương lượng với Patel là gì?,,,False,True,1,1.0,1.0,5.639704704284668,4.5273542404174805,-5.639704704284668,CORRECT_NO_ANSWER
0012-0014-0003,Gandhi được quần chúng tôn xưng là gì?,Bapu (người cha già dân tộc) và Mahātmā (tâm hồn vĩ đại),là Bapu (người cha già dân tộc) và Mahātmā (tâm hồn vĩ đại,True,False,0,0.9600000000000001,1.0,1.4457769393920898,8.47235107421875,-1.4457769393920898,SPAN_TOO_LONG
0012-0014-0004,Các điền chủ đã làm gì để đối phó với cuộc biểu tình?,"ký một hiệp định đảm bảo trả lương cao hơn và kiểm sóat việc cho nông dân nghèo địa phương thuê đất, xóa bỏ việc tăng thuế cũng như việc thu thuế đến khi nạn đói chấm dứt",,True,True,0,0.0,1.0,4.886384010314941,5.278210639953613,-4.886384010314941,ANSWERABLE_PREDICTED_EMPTY
0012-0014-0005,Kết quả từ việc Patel đại diện các nông gia thương lượng với chính quyền Anh là gì?,"họ tạm dừng thu thuế, đảm bảo trợ cấp",,True,True,0,0.0,1.0,5.048247337341309,5.113079071044922,-5.048247337341309,ANSWERABLE_PREDICTED_EMPTY
0012-0014-0006,Các tổ chức đã làm gì để đối phó với cuộc biểu tình?,,,False,True,1,1.0,1.0,7.976799964904785,2.192866325378418,-7.976799964904785,CORRECT_NO_ANSWER
0012-0014-0007,Những người tự do đã đòi hỏi điều gì?,,,False,True,1,1.0,1.0,6.822275876998901,3.343139886856079,-6.822275876998901,CORRECT_NO_ANSWER
0012-0014-0008,Cuộc phát động có tổ chức đầu tiên của Gandhi xảy ra khi nào?,khi ông bị cảnh sát bắt giam với lý do gây bạo động và được yêu cầu rời địa phương này,khi ông bị cảnh sát bắt giam với lý do gây bạo động và được yêu cầu rời địa phương,True,False,0,0.975609756097561,1.0,2.8920412063598633,7.107526779174805,-2.8920412063598633,SPAN_TOO_SHORT
0012-0014-0009,Cuộc phát động có tổ chức đầu tiên của Patel xảy ra khi nào?,,,False,True,1,1.0,1.0,3.6393661499023438,6.363264083862305,-3.6393661499023438,CORRECT_NO_ANSWER
0012-0015-0001,Các cuộc biểu tình lớn có ảnh hưởng như thế nào?,Tất cả những thành phố và thị xã lớn đều đóng cửa; các họat động cơ quan chính phủ đều phải được quân đội đảm nhiệm,,True,True,0,0.0,1.0,8.240103483200073,1.9248955249786377,-8.240103483200073,ANSWERABLE_PREDICTED_EMPTY
0012-0015-0002,Sự kiện gì đã diễn ra ở Punjab?,cuộc đại tàn sát ở Amritsar,", cuộc đại tàn sát ở Amritsar với 379 người dân bị giết bởi quân đội Anh và",True,False,0,0.5217391304347826,1.0,2.894083023071289,6.970454216003418,-2.894083023071289,SPAN_TOO_LONG
0012-0015-0003,Các cuộc biểu tình được tổ chức như thế nào?,hòa bình,,True,True,0,0.0,1.0,8.821139097213745,1.349229097366333,-8.821139097213745,ANSWERABLE_PREDICTED_EMPTY
0012-0015-0004,Dự thảo Rowlatt năm 1919 có nội dung gì?,cho phép chính phủ bắt giam những người bị vu khống gây lọan mà không cần đưa ra tòa duyệt,", cho phép chính phủ bắt giam những người bị vu khống gây lọan mà không cần đưa ra tòa",True,False,0,0.9743589743589743,1.0,1.7951469421386719,8.229284286499023,-1.7951469421386719,SPAN_TOO_SHORT
0012-0015-0005,Sự kiện gì đã diễn ra ở Anh?,,", cuộc đại tàn sát ở Amritsar với 379 người dân bị",False,False,0,0.0,1.0,3.1952123641967773,6.901324272155762,-3.1952123641967773,UNANSWERABLE_FALSE_POSITIVE
0012-0015-0006,Ai đã tổ chức biểu tình cùng với Gandhi?,đảng Quốc dân Đại hội,. Gandhi và đảng Quốc dân,True,False,0,0.6,1.0,-0.04939079284667969,10.160009384155273,0.04939079284667969,PARTIAL_SPAN
0012-0015-0007,Dự thảo Gandhi năm 1919 có nội dung gì?,,,False,True,1,1.0,1.0,4.541357040405273,5.609112739562988,-4.541357040405273,CORRECT_NO_ANSWER
0012-0016-0001,Điều gì đã chuyển biến đảng từ một tổ chức tinh duệ số ít thành một đảng lớn với sức lôi cuốn tòan quốc?,Một tổ chức có giai cấp của các ủy ban được thành lập,. Một tổ chức có giai cấp của các ủy,True,False,0,0.8181818181818181,1.0,0.36705589294433594,9.740629196166992,-0.36705589294433594,SPAN_TOO_SHORT
0012-0016-0002,Chính sách của ông khuyên mọi người nên ăn mặc gì?,mang y phục tự dệt ở nhà,mang y phục tự dệt ở,True,False,0,0.923076923076923,1.0,0.4220104217529297,9.717235565185547,-0.4220104217529297,SPAN_TOO_SHORT
0012-0016-0003,Điều gì đã chuyển biến đảng từ đảng lớn với sức lôi cuốn tòan quốc thành một một tổ chức tinh duệ số ít?,,. Một tổ chức có giai cấp của các ủy,False,False,0,0.0,1.0,0.1726675033569336,9.938488960266113,-0.1726675033569336,UNANSWERABLE_FALSE_POSITIVE
0012-0016-0004,Làm thế nào để trở thành đảng viên đảng Quốc dân Đại hội?,sau khi đóng một lệ phí trên danh nghĩa,,True,True,0,0.0,1.0,7.4927074909210205,2.6532504558563232,-7.4927074909210205,ANSWERABLE_PREDICTED_EMPTY
0012-0016-0005,Gandhi làm gì vào tháng 4 năm 1922?,,,False,True,1,1.0,1.0,3.9535160064697266,6.203762054443359,-3.9535160064697266,CORRECT_NO_ANSWER
0012-0016-0006,Chính sách bản quốc có nghĩa là gì?,"tẩy chay những sản phẩm ngọai lai, đặc biệt là những sản phẩm Anh","nghĩa là tẩy chay những sản phẩm ngọai lai, đặc biệt là những sản phẩm",True,False,0,0.896551724137931,1.0,0.06551647186279297,10.058762550354004,-0.06551647186279297,SPAN_TOO_LONG
0012-0016-0007,Gandhi làm gì vào tháng 4 năm 1920?,chủ tịch hội Liên hiệp Tự trị Tòan Ấn Độ,,True,True,0,0.0,1.0,3.582869529724121,6.565136909484863,-3.582869529724121,ANSWERABLE_PREDICTED_EMPTY
0012-0017-0001,Tại sao phong trào đạt đỉnh điểm đột ngột?,,"vì một cuộc xung đột bạo lực tại thị xã Chauri Chaura, bang Uttar Pradesh vào tháng 2 năm",False,False,0,0.0,1.0,1.5481395721435547,8.605470657348633,-1.5481395721435547,UNANSWERABLE_FALSE_POSITIVE
0012-0017-0002,Gandhi bị hủy bỏ những danh hiệu với tội danh gì?,,,False,True,1,1.0,1.0,4.096712112426758,6.083089828491211,-4.096712112426758,CORRECT_NO_ANSWER
0012-0017-0003,"Ngòai việc tẩy chay sản phẩm của Anh, Gandhi còn kêu gọi mọi người làm gì?","tẩy chay các cơ quan giáo dục và pháp tòa Anh, từ chức không làm cho chính quyền, từ chối không đóng thuế và hủy bỏ những danh hiệu, huy chương An","dân chúng tẩy chay các cơ quan giáo dục và pháp tòa Anh, từ chức không làm cho chính quyền, từ chối không đóng thuế và hủy bỏ những danh hiệu, huy chương",True,False,0,0.9538461538461539,1.0,-0.8464469909667969,10.93556022644043,0.8464469909667969,SPAN_TOO_LONG
0012-0017-0004,Gandhi bị đưa ra tòa với tội danh gì?,gây lọan,lý do gây lọan và kết án sáu năm,True,False,0,0.3636363636363636,1.0,3.3115673065185547,6.823114395141602,-3.3115673065185547,SPAN_TOO_LONG
0012-0017-0005,Hiệu quả của chương trình tẩy chay này đạt được như thế nào?,"sức lôi cuốn và thành công rộng lớn, gia lực cho người Ấn chưa từng có từ xưa nay",,True,True,0,0.0,1.0,9.550801694393158,0.6282563805580139,-9.550801694393158,ANSWERABLE_PREDICTED_EMPTY
0012-0017-0006,"Ngòai việc tẩy chay sản phẩm của Gandhi, Anh còn kêu gọi mọi người làm gì?",,"dân chúng tẩy chay các cơ quan giáo dục và pháp tòa Anh, từ chức không làm cho chính quyền, từ chối không đóng thuế và hủy bỏ những danh hiệu, huy chương",False,False,0,0.0,1.0,-0.964146614074707,11.04040241241455,0.964146614074707,UNANSWERABLE_FALSE_POSITIVE
0012-0017-0007,Tại sao phong trào chấm dứt đột ngột?,"một cuộc xung đột bạo lực tại thị xã Chauri Chaura, bang Uttar Pradesh","vì một cuộc xung đột bạo lực tại thị xã Chauri Chaura, bang Uttar Pradesh vào tháng 2 năm",True,False,0,0.8484848484848484,1.0,2.354900360107422,7.803410530090332,-2.354900360107422,SPAN_TOO_LONG
0012-0017-0008,Vì sao Gandhi lại ngồi tù ít hơn thời gian xét xử?,ca mổ viêm ruột thừa,kết án sáu năm,True,False,0,0.0,1.0,3.446873664855957,6.724126815795898,-3.446873664855957,WRONG_SPAN
0012-0018-0001,Phái được lãnh đạo bởi Chitta đòi hỏi điều gì?,đảng tham dự cơ quan lập pháp,,True,True,0,0.0,1.0,4.646114349365234,5.503137588500977,-4.646114349365234,ANSWERABLE_PREDICTED_EMPTY
0012-0018-0002,Gandhi đã làm gì để bắc cầu nối những điểm sai biệt của Đảng?,"bằng nhiều phương tiện, bao gồm một cuộc tuyệt thực ba tuần mùa thu năm 1924",bao gồm một cuộc tuyệt thực ba tuần mùa thu năm,True,False,0,0.8148148148148148,1.0,3.002574920654297,7.150662422180176,-3.002574920654297,SPAN_TOO_SHORT
0012-0018-0003,"Sau khi tan vỡ, đảng Quốc dân đại hội phân thành bao nhiêu phe phái?",hai phái,thành hai,True,False,0,0.5,1.0,-2.2373361587524414,11.612958908081055,2.2373361587524414,PARTIAL_SPAN
0012-0018-0004,Đảng đã làm gì để bắc cầu nối những điểm sai biệt của Gandhi?,,,False,True,1,1.0,1.0,5.950255393981934,4.207186698913574,-5.950255393981934,CORRECT_NO_ANSWER
0012-0018-0005,Phương tiện thứ hai được lãnh đạo bởi ai?,,,False,True,1,1.0,1.0,6.042211532592773,3.750783920288086,-6.042211532592773,CORRECT_NO_ANSWER
0012-0018-0006,Phái thứ hai được lãnh đạo bởi ai?,Chakravarti Rajagopalachari và Sardar Vallabhbhai Patel,,True,True,0,0.0,1.0,6.260514736175537,3.550635814666748,-6.260514736175537,ANSWERABLE_PREDICTED_EMPTY
0012-0018-0007,"Sau khi hợp tác, đảng Quốc dân đại hội phân thành bao nhiêu phe phái?",,thành hai,False,False,0,0.0,1.0,-1.525390625,11.375486373901367,1.525390625,UNANSWERABLE_FALSE_POSITIVE
0012-0018-0008,Tại sao đảng Quốc dân Đại hội tan vỡ?,Không có nhân cách hùng mạnh của Gandhi để kiềm chế các người đồng sự,,True,True,0,0.0,1.0,6.760863304138184,3.3878087997436523,-6.760863304138184,ANSWERABLE_PREDICTED_EMPTY
0012-0019-0001,"Trong những năm 1920-1930, Đảng tập trung làm gì?",,việc giải quyết cái nêm giữa đảng Swaraj và Quốc dân,False,False,0,0.0,1.0,2.036914825439453,8.123651504516602,-2.036914825439453,UNANSWERABLE_FALSE_POSITIVE
0012-0019-0002,Nghị quyết Gandhi đề xuất vào tháng 12 năm 1928 nhằm mục đích gì?,kêu gọi chính quyền Anh đảm bảo địa vị chủ quyền (dominion status) trong vòng một năm,,True,True,0,0.0,1.0,5.254363059997559,4.906902313232422,-5.254363059997559,ANSWERABLE_PREDICTED_EMPTY
0012-0019-0003,Ai lãnh đạo hội đồng cải cách hiến pháp?,Sir John Simon,của Sir John,True,False,0,0.6666666666666666,1.0,-1.889927864074707,11.569975852966309,1.889927864074707,PARTIAL_SPAN
0012-0019-0004,"Trong những năm 1920-1930, Gandhi tập trung làm gì?","chú trọng đến việc giải quyết cái nêm giữa đảng Swaraj và Quốc dân Đại hội, và khai mở các phương pháp chống kì thị dân vô giai cấp, uống rượu, thiếu học và nghèo đói",,True,True,0,0.0,1.0,4.2251482009887695,5.940896034240723,-4.2251482009887695,ANSWERABLE_PREDICTED_EMPTY
0012-0019-0005,Kết quả của việc không có người Ấn nào trong hội đồng cải cách hiến pháp là gì?,sự tẩy chay hội đồng của các đảng Ấn Độ,,True,True,0,0.0,1.0,5.1152191162109375,5.037552833557129,-5.1152191162109375,ANSWERABLE_PREDICTED_EMPTY
0012-0019-0006,Ai lãnh đạo nhân dân cải cách hiến pháp?,,của Sir John,False,False,0,0.0,1.0,-1.8434925079345703,11.592851638793945,1.8434925079345703,UNANSWERABLE_FALSE_POSITIVE
0012-0020-0001,Thành công của chiến dịch sản xuất muối đã mang lại kết quả gì?,,là hơn 60.000 người bị bắt,False,False,0,0.0,1.0,2.5262703895568848,7.630496501922607,-2.5262703895568848,UNANSWERABLE_FALSE_POSITIVE
0012-0020-0002,Gandhi đã làm gì vào tháng 3 năm 1940?,phát động một chiến dịch Chấp trì chân lý phản đối thuế muối,", ông phát động một chiến dịch Chấp trì chân lý phản đối thuế",True,False,0,0.9230769230769231,1.0,0.7644500732421875,9.334039688110352,-0.7644500732421875,PARTIAL_SPAN
0012-0020-0003,Chiến dịch phản đối thuế muối được nhấn mạnh bởi điều gì?,bởi cuộc Hành trình muối (Salt March) đến Dandi,bởi cuộc Hành trình muối (Salt March) đến Dandi,True,False,1,1.0,1.0,-0.5513763427734375,10.156576156616211,0.5513763427734375,CORRECT
0012-0020-0004,Thành công của chiến dịch hành trình muối đã mang lại kết quả gì?,"Chính quyền, được đại diện qua Lord Irwin, quyết định thương lượng với Gandhi",là hơn 60.000 người bị bắt,True,False,0,0.0,1.0,1.974822998046875,8.18088150024414,-1.974822998046875,WRONG_SPAN
0012-0020-0005,Bao nhiêu người dân bị chết vì tham gia hành trình muối?,,. Hàng,False,False,0,0.0,1.0,2.018914222717285,8.068672180175781,-2.018914222717285,UNANSWERABLE_FALSE_POSITIVE
0012-0020-0006,Cuộc hành trình muối kéo dài bao lâu?,21 tháng 3 đến 6 tháng 4 năm 1930,,True,True,0,0.0,1.0,6.252620220184326,3.8990464210510254,-6.252620220184326,ANSWERABLE_PREDICTED_EMPTY
0012-0020-0007,Bao nhiêu người dân bị bắt vì tham gia hành trình muối?,60.000,là hơn 60.000,True,False,0,0.6666666666666666,1.0,-1.526322364807129,11.294540405273438,1.526322364807129,SPAN_TOO_LONG
0012-0020-0008,Chính quyền Lord Irwin đã làm gì vào tháng 3 năm 1940?,,", quyết định thương lượng với",False,False,0,0.0,1.0,2.490724563598633,7.644356727600098,-2.490724563598633,UNANSWERABLE_FALSE_POSITIVE
0012-0021-0001,Hiệp ước Gandhi-Irwin cho phép Gandhi làm gì?,Gandhi được mời sang Anh tham dự hội nghị bàn tròn (Round Table Conference) tại Luân Đôn với tư cách người đại diện duy nhất của Quốc dân Đại hội Ấn Độ,,True,True,0,0.0,1.0,3.998819351196289,6.124692916870117,-3.998819351196289,ANSWERABLE_PREDICTED_EMPTY
0012-0021-0002,Hiệp ước Gandhi-Irwin quy định điều gì?,chính quyền Anh đồng ý thả tất cả những tù nhân chính trị để bù cho việc đình chỉ cuộc vận động bất phục tòng,,True,True,0,0.0,1.0,7.099207878112793,3.064070701599121,-7.099207878112793,ANSWERABLE_PREDICTED_EMPTY
0012-0021-0003,Tại sao Gandhi và dân chúng lại thất vọng về Đại hội Ấn Độ?,,,False,True,1,1.0,1.0,5.656922340393066,4.485165596008301,-5.656922340393066,CORRECT_NO_ANSWER
0012-0021-0004,Vào tháng 3 năm 1931 đã xảy ra điều gì?,Hiệp ước Gandhi-Irwin được đóng dấu,,True,True,0,0.0,1.0,5.2248148918151855,4.916758060455322,-5.2248148918151855,ANSWERABLE_PREDICTED_EMPTY
0012-0021-0005,Vào tháng 3 năm 1933 đã xảy ra điều gì?,,,False,True,1,1.0,1.0,5.710167407989502,4.432809352874756,-5.710167407989502,CORRECT_NO_ANSWER
0012-0021-0006,Tại sao Gandhi và dân chúng lại thất vọng về hội nghị bàn tròn?,nó chỉ lưu ý đến những tiểu vương cũng như những nhóm thiểu số Ấn Độ hơn là một sự phó truyền quyền lực,,True,True,0,0.0,1.0,5.219000816345215,4.908461570739746,-5.219000816345215,ANSWERABLE_PREDICTED_EMPTY
0012-0021-0007,Hiệp ước Gandhi-Irwin cho phép Anh làm gì?,,Anh tham dự hội nghị bàn tròn (Round Table Conference) tại Luân Đôn với tư cách người đại diện duy nhất của Quốc dân Đại hội,False,False,0,0.0,1.0,1.8710765838623047,8.194829940795898,-1.8710765838623047,UNANSWERABLE_FALSE_POSITIVE
0012-0021-0008,Người thừa kế Lord Irwin là ai?,Lord Willingdon,là,True,False,0,0.0,1.0,1.1483139991760254,7.810298442840576,-1.1483139991760254,WRONG_SPAN
0012-0022-0001,Chính quyền làm cách nào để đập tan ảnh hưởng của ông?,bằng cách cách li hòan tòan ông và các người đi theo ủng hộ,cách cách li hòan tòan ông và các người đi theo,True,False,0,0.88,1.0,-0.9364490509033203,10.956212997436523,0.9364490509033203,SPAN_TOO_SHORT
0012-0022-0002,Ông làm cách nào để đập tan ảnh hưởng của Chính quyền?,,cách cách li hòan tòan ông và các người đi theo,False,False,0,0.0,1.0,-0.8233814239501953,10.886346817016602,0.8233814239501953,UNANSWERABLE_FALSE_POSITIVE
0012-0022-0003,Ambedkar làm gì để phản đối chiến dịch của Gandhi?,,", Gandhi bắt đầu một cuộc tuyệt thực 6",False,False,0,0.0,1.0,2.268069267272949,7.890563011169434,-2.268069267272949,UNANSWERABLE_FALSE_POSITIVE
0012-0022-0004,Chiến dịch của B. R. Ambedkar xảy ra vào năm nào?,1932,. Năm,True,False,0,0.0,1.0,-1.5104045867919922,11.056108474731445,1.5104045867919922,WRONG_SPAN
0012-0022-0005,B. R. Ambedkar đã làm gì trong chiến dịch của Chính quyền?,,chính quyền đảm bảo cho dân ti tiện Dalit những khu bầu cử riêng trong hiến pháp,False,False,0,0.0,1.0,2.485689640045166,7.6675333976745605,-2.485689640045166,UNANSWERABLE_FALSE_POSITIVE
0012-0022-0006,Chính quyền đã làm gì trong chiến dịch của B. R. Ambedkar?,chính quyền đảm bảo cho dân ti tiện Dalit những khu bầu cử riêng trong hiến pháp mới,- chính quyền đảm bảo cho dân ti tiện Dalit những khu bầu cử riêng trong hiến pháp,True,False,0,0.9714285714285714,1.0,1.3712100982666016,8.756206512451172,-1.3712100982666016,SPAN_TOO_SHORT
0012-0022-0007,Cuộc tuyệt thực tháng 9 năm 1932 đã đạt được thành công gì?,buộc chính quyền tiếp nhận một hệ thống công bằng hơn qua sự thương lượng qua trung gian là ông Palwankar Baloo,,True,True,0,0.0,1.0,4.280362129211426,5.862801551818848,-4.280362129211426,ANSWERABLE_PREDICTED_EMPTY
0012-0022-0008,Gandhi làm gì để phản đối chiến dịch của Ambedkar?,Gandhi bắt đầu một cuộc tuyệt thực 6 ngày vào tháng 9 năm 1932,", Gandhi bắt đầu một cuộc tuyệt thực 6",True,False,0,0.7272727272727273,1.0,1.7819328308105469,8.373411178588867,-1.7819328308105469,SPAN_TOO_SHORT
0012-0023-0001,Đảng Quốc dân đại hội có những thành viên khác biệt nhau như thế nào?,"thành viên theo chủ nghĩa cộng sản, xã hội, công đòan, sinh viên, tôn giáo bảo thủ, kinh doanh và quyền sở hữu",,True,True,0,0.0,1.0,3.693894386291504,6.453059196472168,-3.693894386291504,ANSWERABLE_PREDICTED_EMPTY
0012-0023-0002,Đảng cộng sản Anh có những thành viên khác biệt nhau như thế nào?,,,False,True,1,1.0,1.0,5.389152526855469,4.758472442626953,-5.389152526855469,CORRECT_NO_ANSWER
0012-0023-0003,Tại sao Gandhi rời đảng cộng sản Anh?,,,False,True,1,1.0,1.0,7.241170883178711,2.9087905883789062,-7.241170883178711,CORRECT_NO_ANSWER
0012-0023-0004,Gandhi rời đảng quốc dân đại hội vào thời điểm nào?,Khi đảng Quốc dân Đại hội Ấn Độ tranh luận về tuyển cử và chấp nhận quyền chính trị dưới kế họach liên bang,,True,True,0,0.0,1.0,3.674895763397217,6.474153995513916,-3.674895763397217,ANSWERABLE_PREDICTED_EMPTY
0012-0023-0005,Tại sao Gandhi rời đảng Quốc dân đại hội?,cảm thấy rằng nếu ông rút lui thì hình tượng của ông đối với thường dân Ấn Độ sẽ ngưng đè nén tòan thể hội viên của đảng,,True,True,0,0.0,1.0,8.31696081161499,1.8355774879455566,-8.31696081161499,ANSWERABLE_PREDICTED_EMPTY
0012-0023-0006,Tại sao chính quyền Anh có thể tuyên truyền nhắm đến Gandhi?,khi lãnh đạo một đảng đã có lần tạm thời thừa nhận sự phù hợp chính trị với chính quyền Anh,. Gandhi cũng không muốn mình là mục tiêu của sự tuyên truyền của chính quyền Anh khi lãnh đạo một đảng đã có lần tạm thời thừa nhận sự phù hợp chính trị với chính quyền,True,False,0,0.7368421052631579,1.0,3.2640175819396973,6.8879008293151855,-3.2640175819396973,SPAN_TOO_LONG
0012-0024-0001,Gandhi phê bình Bose vì việc gì?,không thừa nhận nguyên tắc bất bạo lực cũng như dân quyền,"việc ông thăng tiến, nhậm chức",True,False,0,0.0,1.0,0.5881996154785156,9.445772171020508,-0.5881996154785156,WRONG_SPAN
0012-0024-0002,Nguyện vọng phát động một cuộc khởi nghĩa chống chính quyền Anh của Bose là nhằm mục đích gì?,đưa những người thân cận lên nắm những chức quan trọng,"dung việc chuẩn bị không dùng bạo lực của những người tham gia và trong năm đầu giữ quyền chủ tịch, Bose tập trung vào việc đưa những người thân cận lên nắm những chức",True,False,0,0.39130434782608686,1.0,2.258841037750244,7.84359884262085,-2.258841037750244,SPAN_TOO_LONG
0012-0024-0003,Vì sao Gandhi phản đối Subhas Chandra Bose?,Bose không thừa nhận nguyên tắc bất bạo lực cũng như dân quyền,"và việc ông thăng tiến, nhậm chức chủ tịch vào năm",True,False,0,0.0,1.0,0.6673727035522461,9.340909004211426,-0.6673727035522461,WRONG_SPAN
0012-0024-0004,Nền tảng cho cuộc bầu cử đối với Gandhi là gì?,,việc Bose không thừa nhận nguyên tắc bất bạo lực cũng như dân,False,False,0,0.0,1.0,1.735147476196289,8.397364616394043,-1.735147476196289,UNANSWERABLE_FALSE_POSITIVE
0012-0024-0005,Vì sao Subhas Chandra Bose phản đối Gandhi?,,việc Bose không thừa nhận nguyên tắc bất bạo lực cũng như dân,False,False,0,0.0,1.0,2.5460338592529297,7.558429718017578,-2.5460338592529297,UNANSWERABLE_FALSE_POSITIVE
0012-0024-0006,Bose phê bình Gandhi vì việc gì?,,"việc ông thăng tiến, nhậm chức",False,False,0,0.0,1.0,1.0282001495361328,9.043815612792969,-1.0282001495361328,UNANSWERABLE_FALSE_POSITIVE
0012-0024-0007,Ai đã phê bình Gandhi?,,,False,True,1,1.0,1.0,4.400362491607666,5.5122599601745605,-4.400362491607666,CORRECT_NO_ANSWER
0012-0024-0008,Nền tảng cho cuộc đấu tranh đối với Gandhi là gì?,nguyên tắc bất bạo lực cũng như dân quyền,việc Bose không thừa nhận nguyên tắc bất bạo lực cũng như dân,True,False,0,0.7272727272727274,1.0,0.004363059997558594,10.087860107421875,-0.004363059997558594,SPAN_TOO_LONG
0012-0024-0009,Gandhi đã phê bình ai?,Subhas Chandra Bose,,True,True,0,0.0,1.0,4.446259498596191,5.405587196350098,-4.446259498596191,ANSWERABLE_PREDICTED_EMPTY
0012-0025-0001,Ông đã công bố điều gì?,Ấn Độ không thể tham gia một cuộc chiến với mục đích bề ngòai là giành tự do dân chủ trong khi chính tự do dân chủ này bị phủ nhận tại Ấn Độ,,True,True,0,0.0,1.0,6.718351364135742,3.434690475463867,-6.718351364135742,ANSWERABLE_PREDICTED_EMPTY
0012-0025-0002,Chiến tranh xâm chiếm thế giới xảy ra khi nào?,,bùng nổ năm,False,False,0,0.0,1.0,-0.6954450607299805,10.826706886291504,0.6954450607299805,UNANSWERABLE_FALSE_POSITIVE
0012-0025-0003,Chiến tranh thế giới thứ 2 xảy ra khi nào?,khi Đức Quốc Xã xâm lấn Ba Lan,bùng nổ năm,True,False,0,0.0,1.0,-2.2024497985839844,11.643403053283691,2.2024497985839844,WRONG_SPAN
0012-0025-0004,Gandhi yêu cầu điều gì để ủng hộ người Anh trong cuộc chiến?,họ cho ông thấy cách áp dụng mục đích của cuộc chiến tại Ấn Độ sau chiến tranh,họ cho ông thấy cách áp dụng mục đích của cuộc chiến tại Ấn Độ sau,True,False,0,0.9411764705882353,1.0,2.275954246520996,7.8115644454956055,-2.275954246520996,SPAN_TOO_SHORT
0012-0025-0005,Phản ứng của chính quyền Anh đối với yêu cầu của Gandhi là gì?,hòan tòan phủ định,Anh hòan tòan,True,False,0,0.5714285714285715,1.0,3.317709445953369,6.816274166107178,-3.317709445953369,SPAN_TOO_SHORT
0012-0025-0006,Gandhi có cảm xúc gì đối với các nạn nhân của sự xâm chiếm của Đức quốc xã?,hòan tòan đồng cảm,,True,True,0,0.0,1.0,4.002604007720947,6.149988651275635,-4.002604007720947,ANSWERABLE_PREDICTED_EMPTY
0012-0025-0007,Ba Lan đã công bố điều gì?,,,False,True,1,1.0,1.0,7.209872007369995,2.9477264881134033,-7.209872007369995,CORRECT_NO_ANSWER
0012-0026-0001,Mục tiêu của Gandhi và đảng quốc xã là gì?,,mục tiêu xác nhận việc người Anh rời nước,False,False,0,0.0,1.0,1.724020004272461,8.415008544921875,-1.724020004272461,UNANSWERABLE_FALSE_POSITIVE
0012-0026-0002,Sự phản đối của Gandhi và đảng quốc dân đại hội có mức độ như thế nào?,"quyết định nhất, cực lực nhất","là sự phản đối quyết định nhất, cực lực",True,False,0,0.6666666666666667,1.0,1.5149726867675781,8.595827102661133,-1.5149726867675781,SPAN_TOO_LONG
0012-0026-0003,Gandhi bị những ai phản đối?,"một số người trong Quốc hội và một số nhóm chính trị khác - thuộc cả hai mặt, theo Anh và chống Anh",bị một số người trong Quốc hội và một số nhóm chính trị,True,False,0,0.6857142857142856,1.0,-0.7852354049682617,10.750903129577637,0.7852354049682617,SPAN_TOO_SHORT
0012-0026-0004,Sự phản đối của Gandhi và đảng quốc xã có mức độ như thế nào?,,,False,True,1,1.0,1.0,4.4853715896606445,5.6510210037231445,-4.4853715896606445,CORRECT_NO_ANSWER
0012-0026-0005,Lý do của những người phản đối Gandhi đưa ra là gì?,"Một số người cho rằng, đối lập người Anh trong thời đọan chiến đấu sinh tử của họ là một việc phi đạo đức trong khi một số người khác lại cho rằng Gandhi chưa thực hiện đủ yêu cầu",,True,True,0,0.0,1.0,6.950150966644287,3.2059226036071777,-6.950150966644287,ANSWERABLE_PREDICTED_EMPTY
0012-0026-0006,Mục tiêu của Gandhi và đảng quốc dân đại hội là gì?,người Anh rời nước Ấn,mục tiêu xác nhận việc người Anh rời nước,True,False,0,0.5714285714285714,1.0,0.7513103485107422,9.37144660949707,-0.7513103485107422,SPAN_TOO_LONG
0012-0027-0001,Quyết định của Gandhi đã dẫn khởi cho điều gì?,cuộc vận động đấu tranh giành độc lập Ấn Độ lớn nhất cho đến bây giờ,khởi một cuộc vận động đấu tranh giành độc lập,True,False,0,0.6153846153846154,1.0,1.8037662506103516,8.260126113891602,-1.8037662506103516,SPAN_TOO_SHORT
0012-0027-0002,Tại sao Gandhi và đội ngũ không giúp người Anh trong thế chiến?,Ấn Độ không được đảm bảo tự do,nếu Ấn Độ không được đảm bảo tự do ngay,True,False,0,0.888888888888889,1.0,1.6587715148925781,8.437928199768066,-1.6587715148925781,SPAN_TOO_LONG
0012-0027-0003,Gandhi đã yêu cầu làm gì vì tự do tuyệt đối?,"duy trì kỉ luật hòa bình và ""làm hay chết""","yêu cầu tất cả những thành viên Quốc hội và dân chúng duy trì kỉ luật hòa bình và ""làm hay",True,False,0,0.5806451612903225,1.0,-1.1320161819458008,11.195655822753906,1.1320161819458008,SPAN_TOO_LONG
0012-0027-0004,Gandhi cho rằng tình trạng vô chính phủ thật sự nguy hiểm hơn điều gì?,,", tình trạng ""vô chính phủ có tổ chức"" xung quanh",False,False,0,0.0,1.0,-0.6603622436523438,10.567598342895508,0.6603622436523438,UNANSWERABLE_FALSE_POSITIVE
0012-0027-0005,Điều gì đã dẫn khởi cho Quyết định của Gandhi?,,,False,True,1,1.0,1.0,5.946102142333984,4.18305778503418,-5.946102142333984,CORRECT_NO_ANSWER
0012-0027-0006,Gandhi cho rằng điều gì nguy hiểm hơn tình trạng vô chính phủ thật sự?,"tình trạng ""vô chính phủ có tổ chức"" xung quanh ông """,", tình trạng ""vô chính phủ có tổ chức"" xung quanh",True,False,0,0.9523809523809523,1.0,-1.8442802429199219,11.34113883972168,1.8442802429199219,SPAN_TOO_SHORT
0012-0027-0007,Tại sao cuộc vận động đấu tranh giành độc lập cho Ấn độ lại có mức độ lớn nhất cho đến bây giờ?,"Hàng nghìn người kháng cự bị sát hại hoặc bị thương dưới nòng súng cảnh sát, và hàng trăm nghìn người đấu tranh giành độc lập bị bắt giam",- với sự bắt giam số đông và bạo lực ở một mức độ chưa từng,True,False,0,0.13636363636363635,1.0,2.841000556945801,7.272017478942871,-2.841000556945801,SPAN_TOO_SHORT
0012-0028-0001,Vì sao Gandhi được thả trước khi chiến tranh chấm dứt?,Chính quyền Anh không muốn ông chết trong tù vì đây là một sự kiện có thể làm lòng căm phẫn của công chúng vượt khỏi tầm kiểm sóat,vì sức khỏe sa sút và một ca mổ,True,False,0,0.10526315789473684,1.0,1.6147518157958984,8.45650863647461,-1.6147518157958984,SPAN_TOO_SHORT
0012-0028-0002,Những nỗi khổ lớn nhất cuộc đời Gandhi là gì?,cái chết của vợ Kasturbai chỉ vài tháng sau khi Mahadev Desai - người thư ký được ông xem như con trai - chết vì bị nhồi máu cơ tim vào tuổi 42,là cái chết của vợ Kasturbai chỉ vài tháng sau khi Mahadev Desai - người thư ký được ông xem như con trai - chết vì bị nhồi máu cơ,True,False,0,0.9152542372881356,1.0,1.9245576858520508,8.084175109863281,-1.9245576858520508,SPAN_TOO_SHORT
0012-0028-0003,Vì sao chính quyền Anh không muốn ông vượt khỏi tù?,,,False,True,1,1.0,1.0,8.014312982559204,2.1400420665740967,-8.014312982559204,CORRECT_NO_ANSWER
0012-0028-0004,Gandhi bị giam giữ tại đâu?,Mumbai,tại,True,False,0,0.0,1.0,1.7569990158081055,8.38782024383545,-1.7569990158081055,WRONG_SPAN
0012-0028-0005,Vì sao chiến tranh chấm dứt trước khi Gandhi được thả?,,vì sức khỏe sa sút và một ca mổ,False,False,0,0.0,1.0,0.9420623779296875,9.116168975830078,-0.9420623779296875,UNANSWERABLE_FALSE_POSITIVE
0012-0028-0006,Vì sao chính quyền Anh không muốn ông chết trong tù?,có thể làm lòng căm phẫn của công chúng vượt khỏi tầm kiểm sóat,,True,True,0,0.0,1.0,9.856703281402588,0.30472707748413086,-9.856703281402588,ANSWERABLE_PREDICTED_EMPTY
0012-0028-0007,Gandhi và tòan bộ ban chấp hành Quốc hội bị bắt giam vào ngày nào?,ngày 9 tháng 8 năm 1942,giam ngày 9 tháng 8 năm,True,False,0,0.8333333333333334,1.0,-2.934293746948242,11.771522521972656,2.934293746948242,PARTIAL_SPAN
0012-0028-0008,Gandhi và tòan bộ ban chấp hành nước Anh bị bắt giam vào ngày nào?,,giam ngày 9 tháng 8 năm,False,False,0,0.0,1.0,-2.5069875717163086,11.720502853393555,2.5069875717163086,UNANSWERABLE_FALSE_POSITIVE
0012-0029-0001,Tại sao Quốc hội không muốn Ali Jinnah và Liên minh Hồi giáo đạt vị trí ngang hàng với Quốc dân Đại hội?,bản chất dân tộc và hiện thế,,True,True,0,0.0,1.0,6.190924644470215,3.9625396728515625,-6.190924644470215,ANSWERABLE_PREDICTED_EMPTY
0012-0029-0002,Bao nhiêu lần Quốc hội không nghe lời Gandhi?,ít,lần,True,False,0,0.0,1.0,1.1052360534667969,9.029594421386719,-1.1052360534667969,WRONG_SPAN
0012-0029-0003,Tại sao Quốc hội không nghe lời Gandhi?,"những người cầm đầu không những muốn lập chính quyền nhanh như có thể khi người Anh trao quyền lại, mà còn muốn ngăn cản Mohammed Ali Jinnah và Liên minh Hồi giáo đạt vị trí ngang hàng với đảng Quốc dân Đại hội",,True,True,0,0.0,1.0,4.544443130493164,5.602693557739258,-4.544443130493164,ANSWERABLE_PREDICTED_EMPTY
0012-0029-0004,Gandhi khuyên Quốc hội điều gì?,từ khước những đề nghị trong kế họach của phái đòan chính phủ Anh năm 1946,Quốc hội từ khước những đề nghị trong kế họach của phái đòan chính phủ Anh năm,True,False,0,0.9090909090909091,1.0,1.0268049240112305,9.071846008300781,-1.0268049240112305,SPAN_TOO_LONG
0012-0029-0005,Gandhi nghi ngờ điều gì?,việc chia quyền với Liên minh Hồi giáo,nghi ngờ việc chia quyền với Liên minh Hồi giáo (Muslim League) cũng như sự phân chia và hạ giảm chính quyền trung ương có thể xảy,True,False,0,0.45714285714285713,1.0,1.7414474487304688,8.380343437194824,-1.7414474487304688,SPAN_TOO_LONG
0012-0029-0006,Quốc hội khuyên Gandhi điều gì?,,Quốc hội từ khước những đề nghị trong kế họach của phái đòan chính phủ Anh năm,False,False,0,0.0,1.0,3.3434219360351562,6.795940399169922,-3.3434219360351562,UNANSWERABLE_FALSE_POSITIVE
0012-0029-0007,Tại sao Ali Jinnah không muốn Quốc hội và Liên minh Hồi giáo đạt vị trí ngang hàng với Quốc dân Đại hội?,,,False,True,1,1.0,1.0,5.751133918762207,4.403010368347168,-5.751133918762207,CORRECT_NO_ANSWER
0012-0029-0008,Tại sao Gandhi không nghe lời Quốc hội?,,,False,True,1,1.0,1.0,5.684144020080566,4.462510108947754,-5.684144020080566,CORRECT_NO_ANSWER
0012-0030-0001,Cuối cùng Patel có nghe lời Gandhi và đồng nghiệp không?,,cuối cùng xuôi,False,False,0,0.0,1.0,1.3654041290283203,8.759561538696289,-1.3654041290283203,UNANSWERABLE_FALSE_POSITIVE
0012-0030-0002,Patel cố gắng thuyết phục Gandhi điều gì?,đây là con đường duy nhất để tránh cuộc nội chiến,Gandhi đây là con đường duy nhất để tránh cuộc,True,False,0,0.8571428571428572,1.0,1.359175682067871,8.785630226135254,-1.359175682067871,SPAN_TOO_SHORT
0012-0030-0003,Gandhi sẽ không tiến bước nếu không có điều gì?,,có sự thỏa thuận của,False,False,0,0.0,1.0,-1.4508352279663086,11.290631294250488,1.4508352279663086,UNANSWERABLE_FALSE_POSITIVE
0012-0030-0004,Vì sao sự thỏa thuận của Gandhi lại quan trọng?,sự hỗ trợ trong đảng và tòan quốc dành cho Gandhi rất sâu rộng,,True,True,0,0.0,1.0,4.268759727478027,5.8637285232543945,-4.268759727478027,ANSWERABLE_PREDICTED_EMPTY
0012-0030-0005,Những nhà lãnh đạo cố cựu của của Quốc hội biết rõ Gandhi sẽ làm gì?,phản đối cực lực sự phân chia,sẽ phản đối cực lực sự,True,False,0,0.7692307692307692,1.0,-1.805501937866211,11.347616195678711,1.805501937866211,SPAN_TOO_SHORT
0012-0030-0006,Vì sao sự thỏa thuận của đảng lại quan trọng?,,,False,True,1,1.0,1.0,3.816193103790283,6.310282230377197,-3.816193103790283,CORRECT_NO_ANSWER
0012-0030-0007,Quốc hội sẽ không tiến bước nếu không có điều gì?,sự thỏa thuận của ông,có sự thỏa thuận của,True,False,0,0.8000000000000002,1.0,-1.805572509765625,11.512092590332031,1.805572509765625,PARTIAL_SPAN
0012-0030-0008,Gandhi biết rõ Những nhà lãnh đạo cố cựu của Quốc hội sẽ làm gì?,,sẽ phản đối cực lực sự,False,False,0,0.0,1.0,-1.321822166442871,11.044013023376465,1.321822166442871,UNANSWERABLE_FALSE_POSITIVE
0012-0030-0009,Cuối cùng Gandhi có nghe lời Patel và đồng nghiệp không?,"Gandhi cuối cùng xuôi lòng, tán đồng bước thực hiện này",cuối cùng xuôi,True,False,0,0.42857142857142855,1.0,1.0646638870239258,9.054588317871094,-1.0646638870239258,SPAN_TOO_SHORT
0012-0031-0001,Người hồi giáo ở trung tâm Pakistan chung sống với những người theo tôn giáo nào?,,"người Ấn giáo, đạo Sikhs, Phật giáo, Kì-na giáo, đạo Parsi, Kitô giáo và đạo Do",False,False,0,0.0,1.0,-1.3575620651245117,11.324240684509277,1.3575620651245117,UNANSWERABLE_FALSE_POSITIVE
0012-0031-0002,Lý do mà Ấn Độ muốn phân chia Liên minh Hồi giáo là gì?,,và một quốc gia riêng cho người theo,False,False,0,0.0,1.0,-0.25677013397216797,10.363142013549805,0.25677013397216797,UNANSWERABLE_FALSE_POSITIVE
0012-0031-0003,Xứ sở mới của người Phật giáo đặt ở đâu?,,từ các vùng Đông và Tây,False,False,0,0.0,1.0,-0.19173431396484375,10.270957946777344,0.19173431396484375,UNANSWERABLE_FALSE_POSITIVE
0012-0031-0004,Cộng đồng nào có ảnh hưởng đối với Gandhi?,,trong các cộng đồng Ấn Độ giáo và,False,False,0,0.0,1.0,-1.3739700317382812,11.391670227050781,1.3739700317382812,UNANSWERABLE_FALSE_POSITIVE
0012-0031-0005,Người hồi giáo ở trung tâm Ấn độ mong muốn điều gì?,một quốc gia Ấn Độ thống nhất,muốn một quốc gia Ấn Độ,True,False,0,0.7692307692307692,1.0,3.24971866607666,6.916717529296875,-3.24971866607666,SPAN_TOO_SHORT
0012-0031-0006,Người Ấn độ ở trung tâm hồi giáo mong muốn điều gì?,,muốn một quốc gia Ấn Độ,False,False,0,0.0,1.0,2.7239155769348145,7.438075542449951,-2.7239155769348145,UNANSWERABLE_FALSE_POSITIVE
0012-0031-0007,Xứ sở mới của người Hồi giáo đặt ở đâu?,các vùng Đông và Tây Ấn Độ,từ các vùng Đông và Tây,True,False,0,0.7692307692307692,1.0,-0.4821624755859375,10.547649383544922,0.4821624755859375,SPAN_TOO_SHORT
0012-0031-0008,Người hồi giáo ở trung tâm Ấn độ chung sống với những người theo tôn giáo nào?,"người Ấn giáo, đạo Sikhs, Phật giáo, Kì-na giáo, đạo Parsi, Kitô giáo và đạo Do Thái","người Ấn giáo, đạo Sikhs, Phật giáo, Kì-na giáo, đạo Parsi, Kitô giáo và đạo Do",True,False,0,0.9714285714285714,1.0,-1.3550834655761719,11.322591781616211,1.3550834655761719,SPAN_TOO_SHORT
0012-0031-0009,Gandhi có ảnh hưởng đối với cộng đồng nào?,cộng đồng Ấn Độ giáo và Hồi giáo tại Ấn Độ,trong các cộng đồng Ấn Độ giáo và,True,False,0,0.631578947368421,1.0,-1.6990718841552734,11.574380874633789,1.6990718841552734,SPAN_TOO_SHORT
0012-0031-0010,Lý do mà Liên minh Hồi giáo muốn phân chia Ấn Độ là gì?,thiểu số người Hồi giáo sẽ bị bức áp một cách có hệ thống,và một quốc gia riêng cho người theo,True,False,0,0.18181818181818182,1.0,-0.3198204040527344,10.438299179077148,0.3198204040527344,SPAN_TOO_SHORT
0012-0032-0001,Gandhi có suy nghĩ gì về Tổ chức Hindu Mahasabha?,,,False,True,1,1.0,1.0,7.806753873825073,2.3539345264434814,-7.806753873825073,CORRECT_NO_ANSWER
0012-0032-0002,Vì sao chủ tịch của Hindu Mahasabha được giải đi tù?,,,False,True,1,1.0,1.0,3.7997846603393555,6.371700286865234,-3.7997846603393555,CORRECT_NO_ANSWER
0012-0032-0003,Gandhi bị bắn chết bởi ai?,Nathuram Godse,bởi,True,False,0,0.0,1.0,1.6967782974243164,7.255688667297363,-1.6967782974243164,WRONG_SPAN
0012-0032-0004,Vì sao chủ tịch của Hindu Mahasabha được giải tội?,thiếu bằng chứng,vì thiếu,True,False,0,0.4,1.0,0.29856395721435547,9.814177513122559,-0.29856395721435547,SPAN_TOO_SHORT
0012-0032-0005,Tổ chức Hindu Mahasabha có suy nghĩ gì về Gandhi?,Gandhi là người chịu trách nhiệm cho việc chính quyền suy nhược,,True,True,0,0.0,1.0,6.911046743392944,3.2531464099884033,-6.911046743392944,ANSWERABLE_PREDICTED_EMPTY
0012-0032-0006,Ai bị bắn chết bởi Gandhi?,,bởi,False,False,0,0.0,1.0,2.3515396118164062,6.906434059143066,-2.3515396118164062,UNANSWERABLE_FALSE_POSITIVE
0012-0032-0007,Gandhi là ai?,,,False,True,1,1.0,1.0,5.280932426452637,4.8100786209106445,-5.280932426452637,CORRECT_NO_ANSWER
0012-0032-0008,Godse là ai?,một môn đồ Ấn giáo cực đoan,,True,True,0,0.0,1.0,8.041907787322998,2.1156697273254395,-8.041907787322998,ANSWERABLE_PREDICTED_EMPTY
0012-0032-0009,Người cùng âm mưu với Godse là ai?,Narayan Apte,là,True,False,0,0.0,1.0,1.5286312103271484,7.6880645751953125,-1.5286312103271484,WRONG_SPAN
0012-0033-0001,"Câu ""Ô kìa Rama!"" có hàm ý gì?","câu tôn kính hướng đến thần Rama, là một dấu hiệu gợi cảm tâm linh Gandhi cũng như lý tưởng đạt sự thống nhất với hòa bình vĩnh hằng của ông","là câu tôn kính hướng đến thần Rama, là một dấu hiệu gợi cảm tâm linh Gandhi cũng như lý tưởng đạt sự thống nhất với hòa bình vĩnh hằng của",True,False,0,0.967741935483871,1.0,2.7370195388793945,7.35646915435791,-2.7370195388793945,PARTIAL_SPAN
0012-0033-0002,Ông được tường thuật đã chết như thế nào?,"lăn xuống đất, chắp hai tay trước ngực ở tư thế chào","rằng ông lăn xuống đất, chắp hai tay trước ngực ở tư thế",True,False,0,0.8799999999999999,1.0,0.6552629470825195,9.480452537536621,-0.6552629470825195,SPAN_TOO_LONG
0012-0033-0003,Câu nói trước khi chết của Rama là gì?,,"là ""Ô kìa Rama!"" (Hey Rama!",False,False,0,0.0,1.0,1.917006492614746,8.135787010192871,-1.917006492614746,UNANSWERABLE_FALSE_POSITIVE
0012-0033-0004,Một số nguồn ghi lại những lời cuối của Rama là gì?,,"là ""He Ram, He",False,False,0,0.0,1.0,0.9535808563232422,9.048311233520508,-0.9535808563232422,UNANSWERABLE_FALSE_POSITIVE
0012-0033-0005,Một số nguồn ghi lại những lời cuối của ông là gì?,"""He Ram, He Ram"" hoặc ""Rama, Rama""","là ""He Ram, He Ram"" hoặc ""Rama, Rama",True,False,0,0.9333333333333333,1.0,-0.09808731079101562,10.026681900024414,0.09808731079101562,SPAN_TOO_LONG
0012-0033-0006,Câu xác nhận của ông có hàm ý gì?,,,False,True,1,1.0,1.0,4.119397163391113,6.012759208679199,-4.119397163391113,CORRECT_NO_ANSWER
0012-0033-0007,"Câu ""Ô kìa Rama!"" dấy lên những nghi vấn gì?",nghi vấn về tính có thật của câu này,người nghi vấn về tính có,True,False,0,0.6666666666666667,1.0,2.99752140045166,7.145733833312988,-2.99752140045166,SPAN_TOO_SHORT
0012-0033-0008,Câu nói trước khi chết của Gandhi là gì?,"""Ô kìa Rama!"" (Hey Rama!)","là ""Ô kìa Rama!"" (Hey Rama!",True,False,0,0.9090909090909091,1.0,0.7108888626098633,9.220524787902832,-0.7108888626098633,SPAN_TOO_LONG
0012-0033-0009,Ông được hướng dẫn cách chết như thế nào?,,,False,True,1,1.0,1.0,3.7699899673461914,6.3653459548950195,-3.7699899673461914,CORRECT_NO_ANSWER
0012-0034-0001,Việc nhịn ăn đối với ông là gì?,một vũ khí chính trị,,True,True,0,0.0,1.0,5.412050247192383,4.750368118286133,-5.412050247192383,ANSWERABLE_PREDICTED_EMPTY
0012-0034-0002,Gandhi kết luận gì về việc tôn giáo?,,,False,True,1,1.0,1.0,4.749935150146484,5.418712615966797,-4.749935150146484,CORRECT_NO_ANSWER
0012-0034-0003,Gandhi có ăn chay không?,Gandhi sau này trở thành một người ăn chay tuyệt đối,người ăn chay,True,False,0,0.42857142857142855,1.0,1.2767391204833984,8.867115020751953,-1.2767391204833984,SPAN_TOO_SHORT
0012-0034-0004,Việc ăn trứng đối với ông là gì?,,,False,True,1,1.0,1.0,6.1808648109436035,3.983381748199463,-6.1808648109436035,CORRECT_NO_ANSWER
0012-0034-0005,Ăn chay có truyền thống lâu đời trong các tôn giáo nào?,"Ấn Độ giáo, Kì-na giáo và Phật giáo","như Ấn Độ giáo, Kì-na giáo và",True,False,0,0.823529411764706,1.0,-1.326089859008789,11.059988021850586,1.326089859008789,SPAN_TOO_SHORT
0012-0034-0006,Ông viết sách về chủ đề tranh đấu khi nào?,,trong thời gian du học tại,False,False,0,0.0,1.0,-1.4331331253051758,11.355103492736816,1.4331331253051758,UNANSWERABLE_FALSE_POSITIVE
0012-0034-0007,Gandhi kết luận gì về việc ăn chay?,ăn chay đủ cung cấp chất dinh dưỡng tối thiểu cho thân thể,,True,True,0,0.0,1.0,4.934476375579834,5.233683109283447,-4.934476375579834,ANSWERABLE_PREDICTED_EMPTY
0012-0034-0008,Ông viết sách về chủ đề ăn chay khi nào?,sau khi gặp người tranh đấu cho việc ăn chay là Henry Stephens Salt ở những cuộc hội họp của Hội người ăn chay,trong thời gian du học tại,True,False,0,0.0,1.0,-1.486480712890625,11.40115737915039,1.486480712890625,WRONG_SPAN
0012-0035-0001,Tại sao Gandhi quyết định sống tuyệt dục?,bị ảnh hưởng mạnh bởi khái niệm Phạm hạnh,,True,True,0,0.0,1.0,4.877505302429199,5.250670433044434,-4.877505302429199,ANSWERABLE_PREDICTED_EMPTY
0012-0035-0002,Vì sao Gandhi cảm thấy có trách nhiệm phải sống tâm linh?,,ông để có thể phát triển lòng từ bi thay vì đam mê nhục,False,False,0,0.0,1.0,3.0439319610595703,7.091914176940918,-3.0439319610595703,UNANSWERABLE_FALSE_POSITIVE
0012-0035-0003,Cái gì có liên hệ trực tiếp đến việc tu khổ hạnh?,khái niệm Phạm hạnh (sa. brahmacarya),"bởi khái niệm Phạm hạnh (sa. brahmacarya) trong các tôn giáo Ấn Độ, tức là sự thanh tịnh của tâm linh và",True,False,0,0.42857142857142855,1.0,-0.8505430221557617,10.780200004577637,0.8505430221557617,SPAN_TOO_LONG
0012-0035-0004,"Trong tự truyện, ông nhắc đến điều gì về tình dục?",cuộc phấn đấu chống lại sự thôi thúc tính dục và những cuộc ghen tuông vì bà Kasturba,,True,True,0,0.0,1.0,3.7185707092285156,6.348481178283691,-3.7185707092285156,ANSWERABLE_PREDICTED_EMPTY
0012-0035-0005,Vì sao Gandhi cảm thấy có trách nhiệm phải sống tuyệt dục?,phát triển lòng từ bi thay vì đam mê nhục dục,ông để có thể phát triển lòng từ bi thay vì đam mê nhục,True,False,0,0.8,1.0,1.6197700500488281,8.511863708496094,-1.6197700500488281,SPAN_TOO_LONG
0012-0035-0006,Cái gì có liên hệ trực tiếp đến việc tu hành?,,"bởi khái niệm Phạm hạnh (sa. brahmacarya) trong các tôn giáo Ấn Độ, tức là sự thanh tịnh của tâm linh và",False,False,0,0.0,1.0,1.4151439666748047,8.575667381286621,-1.4151439666748047,UNANSWERABLE_FALSE_POSITIVE
0012-0035-0007,Gandhi sống tuyệt dục từ khi nào?,36 tuổi,từ năm 36,True,False,0,0.4,1.0,-2.1288375854492188,11.578947067260742,2.1288375854492188,SPAN_TOO_LONG
0012-0036-0001,Gandhi liên tưởng y phục phương Tây đến điều gì?,phú qúy và thành công,,True,True,0,0.0,1.0,7.544883728027344,2.625751495361328,-7.544883728027344,ANSWERABLE_PREDICTED_EMPTY
0012-0036-0002,"Sau khi làm luật sư thành công tại Nam Phi, ông trở về Ấn Độ và từ chối điều gì?",mặc y phục phương Tây,từ khước mặc y phục phương,True,False,0,0.7272727272727272,1.0,1.2618694305419922,8.796476364135742,-1.2618694305419922,SPAN_TOO_LONG
0012-0036-0003,Vì sao Gandhi không mặc y phục phương tây?,Ông ăn mặc để người nghèo nhất Ấn Độ cũng có thể chấp nhận,,True,True,0,0.0,1.0,9.623728573322296,0.5467769503593445,-9.623728573322296,ANSWERABLE_PREDICTED_EMPTY
0012-0036-0004,Làm thế nào để người Ấn gây chấn động kinh tế cho các tổ chức Anh?,người Ấn tự sản xuất vải,", nếu người Ấn tự sản xuất",True,False,0,0.8333333333333334,1.0,-1.5212173461914062,11.400192260742188,1.5212173461914062,PARTIAL_SPAN
0012-0036-0005,Gandhi và môn đệ mặc quần áo có chất liệu như thế nào?,sợi chỉ tự se,từ sợi chỉ tự,True,False,0,0.75,1.0,-0.9640436172485352,11.048135757446289,0.9640436172485352,PARTIAL_SPAN
0012-0036-0006,Vì sao phương tây không mặc y phục Gandhi?,,,False,True,1,1.0,1.0,8.955985426902771,1.214342713356018,-8.955985426902771,CORRECT_NO_ANSWER
0012-0036-0007,Phương Tây liên tưởng y phục Gandhi đến điều gì?,,,False,True,1,1.0,1.0,7.287301063537598,2.8846187591552734,-7.287301063537598,CORRECT_NO_ANSWER
0012-0037-0001,Tại sao Gandhi đổ lỗi cho những môn đồ Ấn giáo thuộc giai cấp cao?,họ không cho những kẻ ti tiện vào đền thờ,", vì họ không cho những kẻ ti tiện vào đền",True,False,0,0.9,1.0,0.8857755661010742,9.205018997192383,-0.8857755661010742,PARTIAL_SPAN
0012-0037-0002,"Vào ngày 11 tháng 5 năm 1934, điều gì đã xảy ra?",,", một cơn",False,False,0,0.0,1.0,1.3092584609985352,8.807026863098145,-1.3092584609985352,UNANSWERABLE_FALSE_POSITIVE
0012-0037-0003,Gandhi đã tranh luận rất dai dẳng với ai?,Rabindranath Tagore,,True,True,0,0.0,1.0,3.733139991760254,6.104951858520508,-3.733139991760254,ANSWERABLE_PREDICTED_EMPTY
0012-0037-0004,"Vào ngày 15 tháng 1 năm 1934, điều gì đã xảy ra?",một cơn động đất xảy ra tại Bihar,", một cơn động đất xảy ra tại",True,False,0,0.9333333333333333,1.0,-0.5816097259521484,10.56283187866211,0.5816097259521484,SPAN_TOO_SHORT
0012-0037-0005,Vì sau Tagore phản đối kịch liệt lập trường của Gandhi?,"cho rằng, một cơn động đất chỉ có thể xảy ra trên cơ sở năng lực thiên nhiên, không phải vì lý do đạo đức cho dù việc kì thị người vô giai cấp đáng chê trách như thế nào đi nữa",", một cơn động đất chỉ có thể xảy ra trên cơ sở năng lực thiên nhiên, không phải vì lý do",True,False,0,0.6666666666666666,1.0,1.7897777557373047,8.319597244262695,-1.7897777557373047,SPAN_TOO_SHORT
0012-0037-0006,Gandhi đã giao tranh rất dai dẳng với ai?,,,False,True,1,1.0,1.0,4.103995323181152,5.782181739807129,-4.103995323181152,CORRECT_NO_ANSWER
0012-0037-0007,Tại sao những môn đồ Ấn giáo thuộc giai cấp cao đổ lỗi cho Gandhi?,,", vì họ không cho những kẻ ti tiện vào đền",False,False,0,0.0,1.0,0.6765956878662109,9.402542114257812,-0.6765956878662109,UNANSWERABLE_FALSE_POSITIVE
0012-0038-0001,Bộ phim Gandhi (1982) bị chỉ trích bởi những ai?,các học giả hậu thực dân,bởi các học giả hậu,True,False,0,0.7272727272727272,1.0,-1.869938850402832,11.482908248901367,1.869938850402832,SPAN_TOO_SHORT
0012-0038-0002,Cách trình bày cuộc đời Gandhi nổi tiếng nhất là gì?,bộ phim Gandhi (1982),là bộ phim Gandhi (1982,True,False,0,0.888888888888889,1.0,0.20746803283691406,9.837366104125977,-0.20746803283691406,SPAN_TOO_LONG
0012-0038-0003,Bộ phim Gandhi (1982) được ai đạo diễn?,Richard Attenborough,bởi,True,False,0,0.0,1.0,2.7690601348876953,6.90521240234375,-2.7690601348876953,WRONG_SPAN
0012-0038-0004,Vì sao các học giả hậu thực dân phản đối Gandhi (1982)?,"Họ luận cứ là bộ phim miêu tả Gandhi như một người dùng một tay đưa Ấn Độ đến sự độc lập và bỏ qua những nhân vật quan trọng khác (của cả hai nhóm, tinh duệ và cấp dưới) trong cuộc kháng chiến chống thực dân",,True,True,0,0.0,1.0,5.924020767211914,4.224596977233887,-5.924020767211914,ANSWERABLE_PREDICTED_EMPTY
0012-0038-0005,Cách trình bày cuộc đời Richard nổi tiếng nhất là gì?,,,False,True,1,1.0,1.0,3.8768138885498047,6.275808334350586,-3.8768138885498047,CORRECT_NO_ANSWER
0012-0038-0006,Bộ phim nào nói về 21 năm họat động của Gandhi tại Ấn Độ?,,"phim The Making of the Mahatma, với Shyam Benegal đạo diễn và Rajat Kapur trong vai",False,False,0,0.0,1.0,3.0190792083740234,6.494729995727539,-3.0190792083740234,UNANSWERABLE_FALSE_POSITIVE
0012-0038-0007,Bộ phim nào nói về 21 năm họat động của Gandhi tại Nam Phi?,Bộ phim The Making of the Mahatma,"phim The Making of the Mahatma, với Shyam Benegal đạo diễn và Rajat Kapur trong vai",True,False,0,0.5217391304347825,1.0,2.418436050415039,6.974217414855957,-2.418436050415039,SPAN_TOO_LONG
0012-0039-0001,Nhiều nhà sử học và chú giải đã phê bình Gandhi vì điều gì?,cái nhìn của ông về Adolf Hitler và Chủ nghĩa Đức Quốc Xã,vì cái nhìn của ông về Adolf Hitler và Chủ nghĩa Đức Quốc,True,False,0,0.9230769230769231,1.0,-1.7653217315673828,11.356918334960938,1.7653217315673828,PARTIAL_SPAN
0012-0039-0002,Người Do Thái đã nói gì về Gandhi?,,,False,True,1,1.0,1.0,5.6973652839660645,4.4656596183776855,-5.6973652839660645,CORRECT_NO_ANSWER
0012-0039-0003,Penn và Teller đã tấn công Gandhi thông qua chương trình gì?,"""Bullshit!"" (""Holier than Thou"")","của chương trình ""Bullshit!",True,False,0,0.25,1.0,1.2073869705200195,8.882416725158691,-1.2073869705200195,PARTIAL_SPAN
0012-0039-0004,Vì điều gì mà Penn và Teller tấn công Gandhi?,"một phần về tính đạo đức giả qua những lập trường tiền hậu bất nhất trí trong khi thực hiện bất bạo lực, thái độ không thích hợp về phía phụ nữ và những lời nói có bản chất kì thị chủng tộc","về tính đạo đức giả qua những lập trường tiền hậu bất nhất trí trong khi thực hiện bất bạo lực, thái độ không thích hợp về phía phụ nữ và những lời nói có bản chất kì thị",True,False,0,0.951219512195122,1.0,0.8478803634643555,9.278667449951172,-0.8478803634643555,SPAN_TOO_SHORT
0012-0039-0005,Gandhi đã nói gì về người Do Thái?,người Do Thái có thể đạt được tình thương của Thượng đế nếu họ sẵn lòng đi đến cái chết như những cảm tử chết vì nghĩa,,True,True,0,0.0,1.0,5.86616849899292,4.296766757965088,-5.86616849899292,ANSWERABLE_PREDICTED_EMPTY
0012-0039-0006,Gandhi nói trước công chúng về người Châu Phi ở Mumbai vào thời gian nào?,26 tháng 9 năm 1896,", 26 tháng 9 năm",True,False,0,0.888888888888889,1.0,-2.506000518798828,11.686307907104492,2.506000518798828,SPAN_TOO_SHORT
0012-0039-0007,Penn và Gandhi đã tấn công Teller thông qua chương trình gì?,,"của chương trình ""Bullshit!",False,False,0,0.0,1.0,1.0225801467895508,9.062262535095215,-1.0225801467895508,UNANSWERABLE_FALSE_POSITIVE
0012-0039-0008,Người Châu Phi ở Mumbai nói trước công chúng về Gandhi vào thời gian nào?,,", 26 tháng 9 năm",False,False,0,0.0,1.0,-2.3785743713378906,11.676816940307617,2.3785743713378906,UNANSWERABLE_FALSE_POSITIVE
0012-0040-0001,Ông cảm thấy điều gì về người Ấn?,"mọi người Ấn chính là da thịt của mình, máu mủ của mình",của,True,False,0,0.14285714285714288,1.0,1.6369714736938477,8.520731925964355,-1.6369714736938477,SPAN_TOO_SHORT
0012-0040-0002,Điều gì là một chân lý sinh động đối với dân Ấn?,,,False,True,1,1.0,1.0,3.58144474029541,6.571127891540527,-3.58144474029541,CORRECT_NO_ANSWER
0012-0040-0003,Điều gì là một chân lý sinh động đối với Gandhi?,"các căn nhà tồi tàn của hằng ngàn người cùng khốn, y phục của ông y hệt y phục của họ. Ông nói với họ bằng ngôn ngữ của họ",Ông nói với họ bằng ngôn ngữ của,True,False,0,0.4210526315789474,1.0,3.2092461585998535,6.948139667510986,-3.2092461585998535,SPAN_TOO_SHORT
0012-0040-0004,Tiếng tôn xưng Mahatma của Phật Tổ là do ai tặng?,,mà dân,False,False,0,0.0,1.0,-1.4538373947143555,11.4592924118042,1.4538373947143555,UNANSWERABLE_FALSE_POSITIVE
0012-0040-0005,Ấn Độ đã trở nên như thế nào khi nghe tiếng gọi của Gandhi?,xông ngay tới một cảnh vinh quang cao qúy mới,", Ấn Độ xông ngay tới một cảnh vinh quang cao qúy mới, như hồi xưa, rất",True,False,0,0.7692307692307693,1.0,2.9128170013427734,7.247001647949219,-2.9128170013427734,SPAN_TOO_LONG
0012-0040-0006,Tiếng tôn xưng Mahatma của Gandhi là do ai tặng?,dân Ấn,mà dân,True,False,0,0.5,1.0,-1.1091480255126953,11.196913719177246,1.1091480255126953,PARTIAL_SPAN
0013-0001-0001,Cận thần theo Thanh giáo của vua James I lo sợ điều gì từ nhà vua?,,muốn hủy bỏ một số lễ nghi của nhà thờ Công giáo La Mã và e ngại nhà vua sẽ phục hồi Công giáo (Catholic,False,False,0,0.0,1.0,0.5598268508911133,9.528973579406738,-0.5598268508911133,UNANSWERABLE_FALSE_POSITIVE
0013-0001-0002,Nhà vua đã giải tán quốc hội bao nhiêu lần khi tình hình tranh chấp ngày càng căng thẳng giữa nhà vua và quốc hội?,hai,quốc hội hai,True,False,0,0.5,1.0,-1.417881965637207,11.291404724121094,1.417881965637207,SPAN_TOO_LONG
0013-0001-0003,"Trước việc quốc hội không thông qua tiền chi phí cho chiến tranh với Tây Ban Nha và Pháp, nhà vua đã làm điều gì?",tiết kiệm tiền bằng cách cho quân sĩ sống nhờ nhà dân và buộc các nhà giàu phải cho triều đình vay tiền,. Vua Charles đành phải tiết kiệm tiền bằng cách cho quân sĩ sống nhờ nhà dân và buộc các nhà giàu phải cho triều đình vay,True,False,0,0.8979591836734695,1.0,3.3312110900878906,6.829349517822266,-3.3312110900878906,SPAN_TOO_LONG
0013-0001-0004,Vì sao mà quốc hội phản đối các quyết đinh của nhà vua để có tiền chi phí cho chiến tranh?,các chính sách này vi phạm đến các tự do hiến định của nhân dân,,True,True,0,0.0,1.0,5.89857816696167,4.268489360809326,-5.89857816696167,ANSWERABLE_PREDICTED_EMPTY
0013-0001-0005,Chính sách nào của vua Charles khiến cho các vị lãnh đạo quốc hội Anh phản đối?,"cho quân sĩ sống nhờ nhà dân và buộc các nhà giàu phải cho triều đình vay tiền, những người từ chối sẽ bị tống giam vào ngục",và các quyết định bất thường,True,False,0,0.11764705882352941,1.0,1.5012130737304688,8.661932945251465,-1.5012130737304688,SPAN_TOO_SHORT
0013-0001-0006,Cận thần theo Thanh giáo của vua Charles I lo sợ điều gì từ nhà vua?,nhà vua sẽ phục hồi Công giáo,muốn hủy bỏ một số lễ nghi của nhà thờ Công giáo La Mã và e ngại nhà vua sẽ phục hồi Công giáo (Catholic,True,False,0,0.43750000000000006,1.0,0.5338363647460938,9.552724838256836,-0.5338363647460938,SPAN_TOO_LONG
0013-0002-0001,Vì sao trong khỏang từ năm 1629 đến năm 1640 vua Charles đã trị vì mà không triệu tập quốc hội?,ng đã giải tán quốc hội thứ ba năm 1629,,True,True,0,0.0,1.0,6.525463581085205,3.6290602684020996,-6.525463581085205,ANSWERABLE_PREDICTED_EMPTY
0013-0002-0002,Các đề nghị có trong đơn gây qũy cho nhà vua là gì?,,,False,True,1,1.0,1.0,6.986626625061035,3.16458797454834,-6.986626625061035,CORRECT_NO_ANSWER
0013-0002-0003,Các đề nghị có trong đơn thỉnh nguyện cho nhà vua là gì?,"hủy bỏ việc bắt buộc vay tiền và đóng quân tại nhà dân, đồng thời cũng xác nhận rằng quốc hội có quyền giới hạn các quyền lực của nhà vua",đề nghị hủy bỏ việc bắt buộc vay tiền và đóng quân tại nhà,True,False,0,0.5333333333333333,1.0,2.465089797973633,7.690876007080078,-2.465089797973633,SPAN_TOO_SHORT
0013-0002-0004,"Ai là người đã đưa vấn đề nộp ""tiền đóng tàu"" ra tòa để tranh cãi?",John Hampden,,True,True,0,0.0,1.0,4.063530445098877,5.659416675567627,-4.063530445098877,ANSWERABLE_PREDICTED_EMPTY
0013-0002-0005,Thần dân Anh đã đưa ra quyết định gì để có tiền trang bị một hạm đội?,,,False,True,1,1.0,1.0,4.892399311065674,5.260852336883545,-4.892399311065674,CORRECT_NO_ANSWER
0013-0002-0006,Quốc hội thứ ba bị giải tán là vào năm nào?,1629,,True,True,0,0.0,1.0,4.399661540985107,5.568556308746338,-4.399661540985107,ANSWERABLE_PREDICTED_EMPTY
0013-0002-0007,Quốc hội thứ ba được triệu tập bởi nhà vua Charles vào năm nào?,1628,,True,True,0,0.0,1.0,4.045143127441406,5.919046401977539,-4.045143127441406,ANSWERABLE_PREDICTED_EMPTY
0013-0002-0008,Nhà vua đã đưa ra quyết định gì để có tiền trang bị một hạm đội?,"đòi thần dân nộp ""tiền đóng tàu""",,True,True,0,0.0,1.0,4.267630577087402,5.8799943923950195,-4.267630577087402,ANSWERABLE_PREDICTED_EMPTY
0013-0002-0009,Quốc hội thứ 20 được triệu tập bởi nhà vua Charles vào năm nào?,,,False,True,1,1.0,1.0,6.483858108520508,3.655008316040039,-6.483858108520508,CORRECT_NO_ANSWER
0013-0003-0001,The English Prayer Book là gì?,kinh cầu nguyện Anh,. Việc bắt buộc dùng kinh cầu nguyện,True,False,0,0.5454545454545454,1.0,2.3752317428588867,7.790615081787109,-2.3752317428588867,SPAN_TOO_LONG
0013-0003-0002,Nhà vua Charles I đã làm gì khi không thể dẹp cuộc nổi dậy chống đối của dân Scotland?,triệu tập một quốc hội vào năm 1640,phải triệu tập một,True,False,0,0.5,1.0,0.9239692687988281,9.163017272949219,-0.9239692687988281,SPAN_TOO_SHORT
0013-0003-0003,Chính sách của nhà thờ nước Anh được ông William Laud áp dụng cho những nơi nào?,tòan thể nước Anh và Scotland,và,True,False,0,0.2857142857142857,1.0,2.4213666915893555,7.734535217285156,-2.4213666915893555,SPAN_TOO_SHORT
0013-0003-0004,Quốc hội dài hạn còn có tên là gì?,The Long Parliament,là quốc hội Dài,True,False,0,0.0,1.0,0.2012004852294922,9.921501159667969,-0.2012004852294922,WRONG_SPAN
0013-0003-0005,Quốc hội là gì?,,là quốc hội Ngắn hạn (the Short Parliament,False,False,0,0.0,1.0,3.203174591064453,6.941986083984375,-3.203174591064453,UNANSWERABLE_FALSE_POSITIVE
0013-0003-0006,Sự kiện nào là sự kiện khỏi đầu cho việc hình thành nên quốc hội Ngắn hạn và quốc hội Dài hạn?,Việc bắt buộc dùng kinh cầu nguyện Anh (the English Prayer Book) tại các nhà thờ Scotland của tổng Giám mục Laud đã khiến cho dân Scotland nổi lên chống đối,,True,True,0,0.0,1.0,5.684106826782227,4.472301483154297,-5.684106826782227,ANSWERABLE_PREDICTED_EMPTY
0013-0003-0007,Chính sách của quốc hội nước Anh được ông William Laud áp dụng cho những nơi nào?,,tại các nhà thờ,False,False,0,0.0,1.0,3.059025764465332,7.101746559143066,-3.059025764465332,UNANSWERABLE_FALSE_POSITIVE
0013-0003-0008,Tại các nhà thờ Scotland khi áp dụng dùng kinh cầu nguyện Anh đã gây ra việc gì?,dân Scotland nổi lên chống đối,,True,True,0,0.0,1.0,3.9349374771118164,6.21875,-3.9349374771118164,ANSWERABLE_PREDICTED_EMPTY
0013-0004-0001,Vì sao nhà vua Charles I đã không bắt được 5 dân biểu hàng đầu?,5 người này đã được báo trước và trốn chạy,,True,True,0,0.0,1.0,6.491326332092285,3.67287540435791,-6.491326332092285,ANSWERABLE_PREDICTED_EMPTY
0013-0004-0002,Vì sao nhà vua Charles I đã không chống đối 5 dân biểu hàng đầu?,,,False,True,1,1.0,1.0,5.20683479309082,4.953090667724609,-5.20683479309082,CORRECT_NO_ANSWER
0013-0004-0003,"Vào năm 1642, để không nổi giận nhà vua Charles I đã làm gì?",,", dẫn một tóan binh sĩ trang bị đầy đủ khí giới, xông vào Tòa Nhà Quốc hội để bắt 5 dân biểu",False,False,0,0.0,1.0,1.0186386108398438,9.022683143615723,-1.0186386108398438,UNANSWERABLE_FALSE_POSITIVE
0013-0004-0004,Sau bao nhiêu năm Bá tước Strafford bị hành quyết thì Tổng giám mục Laud cũng chịu chung số phận?,4,vào 4 năm,True,False,0,0.5,1.0,-1.3615646362304688,10.975000381469727,1.3615646362304688,SPAN_TOO_LONG
0013-0004-0005,"Trong ""Bài khiển trách lớn lao"" đã quy định nhà vua muốn chống đối dân chúng phải thông qua cơ quan nào?",,", quốc hội",False,False,0,0.0,1.0,-1.6289615631103516,11.48337173461914,1.6289615631103516,UNANSWERABLE_FALSE_POSITIVE
0013-0004-0006,Sau bao nhiêu năm Bá tước Strafford bị hành quyết thì Tổng giám mục Laud cũng chịu đồng ý?,,vào 4,False,False,0,0.0,1.0,-0.22025203704833984,10.262045860290527,0.22025203704833984,UNANSWERABLE_FALSE_POSITIVE
0013-0004-0007,Vào năm 1645 ai là người bị hành quyết trong số những người bị quốc hội Dài hạn tống giam?,Tổng Giám mục Laud,tống giam,True,False,0,0.0,1.0,3.321866512298584,6.543497562408447,-3.321866512298584,WRONG_SPAN
0013-0004-0008,"Vào năm 1642, để không mất đi uy quyền nhà vua Charles I đã làm gì?","Năm 1642, ông đã nổi giận, dẫn một tóan binh sĩ trang bị đầy đủ khí giới, xông vào Tòa Nhà Quốc hội để bắt 5 dân biểu hàng đầu, thường tỏ ra chống đối Charles I",,True,True,0,0.0,1.0,3.5680294036865234,6.555764198303223,-3.5680294036865234,ANSWERABLE_PREDICTED_EMPTY
0013-0004-0009,"Trong ""Bài khiển trách lớn lao"" đã quy định nhà vua muốn đánh thuế dân chúng phải thông qua cơ quan nào?",quốc hội,", quốc hội",True,False,1,1.0,1.0,-1.4718742370605469,11.397693634033203,1.4718742370605469,CORRECT
0013-0004-0010,"Cùng với Tổng giám mục Laud, quốc hội dài hạn đã bắt giam ai?",Bá tước Strafford,"tống giam Thomas Wentworth, Bá tước Strafford thứ",True,False,0,0.5454545454545454,1.0,-0.7611274719238281,10.377412796020508,0.7611274719238281,SPAN_TOO_LONG
0013-0005-0001,"Thành phố nào tại Anh mà các ""kẻ đầu trọc"" kiểm sóat?",Luân Đôn,thành phố,True,False,0,0.0,1.0,-0.30447864532470703,9.888453483581543,0.30447864532470703,WRONG_SPAN
0013-0005-0002,"Vì sao những người theo quốc hội chống lại vua được gọi là ""kẻ đầu tròn""?",họ cắt tóc thật sát,họ cắt tóc thật,True,False,0,0.888888888888889,1.0,1.280940055847168,8.838356971740723,-1.280940055847168,SPAN_TOO_SHORT
0013-0005-0003,Cuộc nội chiến tại Anh chính thứ nổ ra vào lúc nào?,Tháng 8 năm 1642,,True,True,0,0.0,1.0,3.7362613677978516,5.989109039306641,-3.7362613677978516,ANSWERABLE_PREDICTED_EMPTY
0013-0005-0004,Những người ủng hộ hòang gia nhưng là nhân viên quốc hội được gọi là gì?,kị binh,"là các ""kị",True,False,0,0.4,1.0,1.9889812469482422,8.101285934448242,-1.9889812469482422,SPAN_TOO_LONG
0013-0005-0005,Những người theo quốc hội chống lại vua đã đưa ai làm chỉ huy quân sự khi cuộc nội chiến bùng nổ?,Oliver Cromwell,,True,True,0,0.0,1.0,3.516108989715576,6.605592250823975,-3.516108989715576,ANSWERABLE_PREDICTED_EMPTY
0013-0005-0006,"Ai là người kiểm sóat được thành phố Luân Đôn, điều khiển được hải quân và có quyền đánh thuế ngân qũy trong thời kỳ cả hòang gia và quốc hội đều lo tập trung quân đội?",những người theo quốc hội,". Các ""kẻ đầu",True,False,0,0.0,1.0,-1.5500297546386719,11.354289054870605,1.5500297546386719,WRONG_SPAN
0013-0006-0001,Vua Charles bị xử tử trước sự chứng kiến của đông đảo quần chúng vào năm nào?,1640,,True,True,0,0.0,1.0,6.391064643859863,3.7112112045288086,-6.391064643859863,ANSWERABLE_PREDICTED_EMPTY
0013-0006-0002,Nhà vua đã bị kết án với tội danh nào?,"bạo chúa, phản bội, sát nhân và là kẻ thù của nhân dân","là ""bạo chúa, phản bội, sát nhân và là kẻ thù của",True,False,0,0.8799999999999999,1.0,0.4163637161254883,9.693357467651367,-0.4163637161254883,SPAN_TOO_SHORT
0013-0006-0003,Hình phạt dành cho Charles sau khi bị kết án là gì?,xử tử,"là ""bạo chúa, phản bội, sát nhân và là kẻ thù của",True,False,0,0.0,1.0,2.8478589057922363,7.303922176361084,-2.8478589057922363,WRONG_SPAN
0013-0006-0004,"Nhóm dân biểu ""còn lại"" được gọi là gì?",the Rump,,True,True,0,0.0,1.0,5.872347831726074,4.280378341674805,-5.872347831726074,ANSWERABLE_PREDICTED_EMPTY
0013-0006-0005,Nhóm lãnh đạo quân đội được gọi là gì?,,"và nhóm dân biểu ""còn lại"" (the Rump",False,False,0,0.0,1.0,1.4523868560791016,8.618752479553223,-1.4523868560791016,UNANSWERABLE_FALSE_POSITIVE
0013-0006-0006,Charles đã bị đưa ra xét xử vào ngày nào?,Ngày 20 tháng 1 năm 1649,,True,True,0,0.0,1.0,4.598699569702148,5.410141944885254,-4.598699569702148,ANSWERABLE_PREDICTED_EMPTY
0013-0007-0001,Ai đã lên nắm quyền khi chế độ quân chủ lập hiến được xác lập?,Vương công xứ Orange là William III,với Vương công xứ Orange là William,True,False,0,0.8571428571428571,1.0,2.8138837814331055,7.310454368591309,-2.8138837814331055,PARTIAL_SPAN
0013-0007-0002,Chế độ quân chủ lập hiến được thành lập vào năm nào?,1688,,True,True,0,0.0,1.0,4.467522144317627,5.467897891998291,-4.467522144317627,ANSWERABLE_PREDICTED_EMPTY
0013-0007-0003,"Theo quy đinh Hiến pháp, nước Anh sẽ dưới sự cai trị của ai?",Nhà vua và Nghị viện,rằng Nhà vua và,True,False,0,0.6666666666666665,1.0,-1.691232681274414,11.612018585205078,1.691232681274414,SPAN_TOO_SHORT
0013-0007-0004,Trước khi vua Charles II tiếp tục trị vì nước Anh thì trước đó nước Anh do ai nắm quyền?,Oliver Cromwell,,True,True,0,0.0,1.0,5.179704189300537,4.961785793304443,-5.179704189300537,ANSWERABLE_PREDICTED_EMPTY
0013-0007-0005,Nhân dân trở nên óan hận ai khi người đó lên cầm quyền?,Oliver Cromwell,,True,True,0,0.0,1.0,6.937004566192627,3.2051711082458496,-6.937004566192627,ANSWERABLE_PREDICTED_EMPTY
0013-0007-0006,Vào năm bao nhiêu thì nhà vua Charles II được mời về triều đình?,1660,đình,True,False,0,0.0,1.0,2.495152473449707,6.9222612380981445,-2.495152473449707,WRONG_SPAN
0013-0007-0007,Ai đã lên nắm quyền khi chế độ quân chủ độc tài được xác lập?,,,False,True,1,1.0,1.0,7.406608819961548,2.739490270614624,-7.406608819961548,CORRECT_NO_ANSWER
0013-0007-0008,Chế độ quân chủ độc tài được thành lập vào năm nào?,,,False,True,1,1.0,1.0,5.922947406768799,4.115492343902588,-5.922947406768799,CORRECT_NO_ANSWER
0014-0001-0001,Đế quốc La Mã tồn tại từ bao giờ?,tồn tại từ cuối thời sơ kỳ Trung cổ,từ cuối thời sơ kỳ Trung cổ cho đến năm,True,False,0,0.7368421052631577,1.0,0.684478759765625,9.43016529083252,-0.684478759765625,SPAN_TOO_LONG
0014-0001-0002,Người Đức gọi Đế quốc La Mã Thần Thánh là gì?,Heiliges Römisches Reich,là Thánh chế,True,False,0,0.0,1.0,0.025330543518066406,9.997406959533691,-0.025330543518066406,WRONG_SPAN
0014-0001-0003,Tên của đế quốc này có ý nghĩa gì đặc biệt?,"bắt nguồn từ yêu sách của các Hòang đế La Mã Đức vào thời Trung cổ, muốn tiếp tục truyền thống của đế chế La Mã cổ và hợp pháp hóa quyền cai trị như là thánh ý của Thiên Chúa",,True,True,0,0.0,1.0,4.909527778625488,5.216988563537598,-4.909527778625488,ANSWERABLE_PREDICTED_EMPTY
0014-0001-0004,Tên gọi Sacro Romano Impero theo tiếng Ý được các Hòang đế La Mã Đức dành cho một vùng lãnh thổ nhằm mục đích gì?,tiếp tục truyền thống của đế chế La Mã cổ và hợp pháp hóa quyền cai trị như là thánh ý của Thiên Chúa,,True,True,0,0.0,1.0,4.048975944519043,6.077692985534668,-4.048975944519043,ANSWERABLE_PREDICTED_EMPTY
0014-0001-0005,Vương quốc Bohemia thuộc vùng chủ quyền của ai?,của Đế quốc,"gồm Vương quốc Đức, Vương quốc Bohemia, Vương quốc Burgundy, Vương quốc",True,False,0,0.13333333333333333,1.0,-0.16844749450683594,10.151351928710938,0.16844749450683594,SPAN_TOO_LONG
0014-0001-0006,Người dân Đế quốc La Mã Thần Thánh có nguồn gốc từ đâu?,chủ yếu là người Đức,là người,True,False,0,0.5714285714285715,1.0,-0.31519317626953125,10.310893058776855,0.31519317626953125,SPAN_TOO_SHORT
0014-0001-0007,Vương quốc Bohemia tiếp giáp biên giới của ai?,,"gồm Vương quốc Đức, Vương quốc Bohemia, Vương quốc Burgundy, Vương quốc",False,False,0,0.0,1.0,-0.21606063842773438,10.142110824584961,0.21606063842773438,UNANSWERABLE_FALSE_POSITIVE
0014-0002-0001,Hòang đế Otto không còn sống khi nào?,,vào ngày 6 tháng 8 năm,False,False,0,0.0,1.0,-0.4058876037597656,10.510372161865234,0.4058876037597656,UNANSWERABLE_FALSE_POSITIVE
0014-0002-0002,Dân tộc Đức được thêm vào trong thế kỷ 15 và 16 đã tan rã khi chuyện gì xảy ra với hòang đế Franz?,từ bỏ Đế miện,,True,True,0,0.0,1.0,4.79557991027832,5.361560821533203,-4.79557991027832,ANSWERABLE_PREDICTED_EMPTY
0014-0002-0003,Hòang đế Franz II không còn sống khi nào?,1806,vào ngày 6 tháng 8 năm,True,False,0,0.0,1.0,-1.4672794342041016,11.420802116394043,1.4672794342041016,WRONG_SPAN
0014-0002-0004,Đế chế Cũ là tên gọi cho thứ gì?,Altes Reich,,True,True,0,0.0,1.0,4.271286487579346,5.827617168426514,-4.271286487579346,ANSWERABLE_PREDICTED_EMPTY
0014-0002-0005,Văn kiện Franz II đến từ gia tộc nào?,,,False,True,1,1.0,1.0,4.96575927734375,5.078642845153809,-4.96575927734375,CORRECT_NO_ANSWER
0014-0002-0006,Đế quốc La Mã Thần thánh được thành lập dựa trên sự kiện gì?,khi Otto I Đại Đế thuộc dòng họ Liudolfinger được Giáo hòang trao Đế miện từ Vương quốc Đông Frank thuộc dòng họ Nhà Carolingien,,True,True,0,0.0,1.0,7.399379730224609,2.7542343139648438,-7.399379730224609,ANSWERABLE_PREDICTED_EMPTY
0014-0002-0007,Tên gọi ban đầu của Đế quốc La Mã thần thánh này là gì?,Sacrum Imperium,là Đế chế Cũ (Altes Reich,True,False,0,0.0,1.0,2.9677963256835938,7.023068428039551,-2.9677963256835938,WRONG_SPAN
0014-0002-0008,Hòang đế Franz II đến từ gia tộc nào?,Nhà Habsburg,,True,True,0,0.0,1.0,3.604915142059326,6.273762226104736,-3.604915142059326,ANSWERABLE_PREDICTED_EMPTY
0014-0003-0001,Hình thức tổ chức của đế quốc La Mã Thần thánh là gì?,không phải là một quốc gia liên bang và cũng không phải là một liên minh của nhiều quốc gia,như Quốc hội,True,False,0,0.08695652173913045,1.0,1.6542425155639648,8.474017143249512,-1.6542425155639648,SPAN_TOO_SHORT
0014-0003-0002,Theo lịch sử thì Đế quốc có phải chỉ được mỗi những người thuộc tầng lớp qúy tộc điều hành không?,không phải,,True,True,0,0.0,1.0,5.756734848022461,4.361634254455566,-5.756734848022461,ANSWERABLE_PREDICTED_EMPTY
0014-0003-0003,Quyền lực ở đế quốc được phân chia như thế nào?,không nằm hòan tòan trong tay của hòang đế mà cũng không nằm hòan tòan trong tay của các tuyển hầu tước hay của một tập thể như Quốc hội Đế chế,,True,True,0,0.0,1.0,4.723971366882324,5.407820701599121,-4.723971366882324,ANSWERABLE_PREDICTED_EMPTY
0014-0003-0004,Nguồn gốc của đế quốc này được người dân nghĩ như thế nào?,không phải là một đất nước do tầng lớp qúy tộc cai trị nhưng cũng không nằm trong tay của một tập đòan cai trị,,True,True,0,0.0,1.0,7.289872646331787,2.8446688652038574,-7.289872646331787,ANSWERABLE_PREDICTED_EMPTY
0014-0003-0005,Tầng lớp qúy tộc cai trị liên minh như thế nào?,,,False,True,1,1.0,1.0,5.578886985778809,4.572535514831543,-5.578886985778809,CORRECT_NO_ANSWER
0014-0003-0006,Đế quốc này bao gồm những đặc điểm gì?,kết hợp những đặc điểm của các hình thức,,True,True,0,0.0,1.0,8.932005643844604,1.2205002307891846,-8.932005643844604,ANSWERABLE_PREDICTED_EMPTY
0014-0003-0007,Liên minh này bao gồm những đặc điểm gì?,,,False,True,1,1.0,1.0,11.393513798713684,-1.24433434009552,-11.393513798713684,CORRECT_NO_ANSWER
0014-0003-0008,Tầng lớp qúy tộc cai trị đế quốc như thế nào?,không nằm hòan tòan trong tay của hòang đế mà cũng không nằm hòan tòan trong tay của các tuyển hầu tước hay của một tập thể như Quốc hội Đế chế,. Đế quốc không phải là một đất nước do tầng lớp qúy tộc cai trị nhưng cũng không nằm trong tay của một tập đòan,True,False,0,0.3859649122807018,1.0,2.884735584259033,7.25415563583374,-2.884735584259033,SPAN_TOO_SHORT
0014-0004-0001,Bản chất của Hội đồng Đế quốc đối với các Lãnh chúa như thế nào?,chỉ có chức năng tham khảo và trang trí,,True,True,0,0.0,1.0,6.363772392272949,3.7869796752929688,-6.363772392272949,ANSWERABLE_PREDICTED_EMPTY
0014-0004-0002,Muốn ban hành luật thì hòang đế phải làm gì?,phải thông qua Hội đồng,phải thông qua,True,False,0,0.7499999999999999,1.0,-0.7139062881469727,10.640138626098633,0.7139062881469727,SPAN_TOO_SHORT
0014-0004-0003,Các lãnh chúa hành động như thế nào khi liên quan đến các chính sách trọng đại?,họ phớt lờ mối dây liên hệ giữa họ và Hòang đế,", họ phớt lờ mối dây liên hệ giữa họ và Hòang",True,False,0,0.9565217391304348,1.0,-0.36661815643310547,10.389988899230957,0.36661815643310547,SPAN_TOO_SHORT
0014-0004-0004,Ba lập trường của các lãnh chúa trong thời chiến là gì?,"về phe với Hòang đế, hoặc chống lại Hòang đế, hoặc giữ trung lập",": về phe với Hòang đế, hoặc chống lại Hòang đế, hoặc giữ",True,False,0,0.923076923076923,1.0,1.3789806365966797,8.744434356689453,-1.3789806365966797,SPAN_TOO_SHORT
0014-0004-0005,Muốn thông qua Hội đồng thì hòang đế phải làm gì?,,để ban hành,False,False,0,0.0,1.0,-0.7293052673339844,10.835275650024414,0.7293052673339844,UNANSWERABLE_FALSE_POSITIVE
0014-0004-0006,Các lãnh chúa nắm thứ gì trong tay bắt mọi người phải nghe theo?,mọi quyền quyết định tôn giáo nào thần dân của họ phải theo,,True,True,0,0.0,1.0,3.5470991134643555,6.579068183898926,-3.5470991134643555,ANSWERABLE_PREDICTED_EMPTY
0014-0004-0007,Cơ quan nào đứng đầu đế chế La Mã?,Hội đồng,vào Hội đồng,True,False,0,0.8,1.0,0.047692298889160156,10.035703659057617,-0.047692298889160156,SPAN_TOO_LONG
0014-0005-0001,Nơi nào là linh hồn của Habsburg?,Viên,và,True,False,0,0.0,1.0,0.2017688751220703,9.889846801757812,-0.2017688751220703,WRONG_SPAN
0014-0005-0002,Tại sao Đức Chúa Trời lại tôn thờ Thượng đế?,,,False,True,1,1.0,1.0,7.427749872207642,2.7158048152923584,-7.427749872207642,CORRECT_NO_ANSWER
0014-0005-0003,Theo các giáo sĩ Công giáo Thượng đế là ai?,Đức Chúa Trời,,True,True,0,0.0,1.0,5.3477864265441895,4.792409420013428,-5.3477864265441895,ANSWERABLE_PREDICTED_EMPTY
0014-0005-0004,Habsburg được lãnh đạo bởi những nhân vật nào?,giáo sĩ dòng Tên,bởi các giáo sĩ dòng,True,False,0,0.6666666666666665,1.0,1.046849250793457,9.053717613220215,-1.046849250793457,SPAN_TOO_LONG
0014-0005-0005,Habsburg được kính trọng bởi những nhân vật nào?,,,False,True,1,1.0,1.0,5.452917098999023,4.688180923461914,-5.452917098999023,CORRECT_NO_ANSWER
0014-0005-0006,Quân vương có đặc điểm gì nổi bật?,,,False,True,1,1.0,1.0,9.258942425251007,0.8793002963066101,-9.258942425251007,CORRECT_NO_ANSWER
0014-0005-0007,Người dân ở Habsburg có đặc điểm gì nổi bật?,có cuộc sống rất đạo đức,,True,True,0,0.0,1.0,7.868585586547852,2.278384208679199,-7.868585586547852,ANSWERABLE_PREDICTED_EMPTY
0014-0005-0008,Tại sao các quân vương lại tôn thờ Thượng đế?,soi sáng và giúp đỡ họ,,True,True,0,0.0,1.0,5.279068946838379,4.86563777923584,-5.279068946838379,ANSWERABLE_PREDICTED_EMPTY
0014-0005-0009,Người dân Habsburg tôn thờ ai cao nhất?,Thượng đế,và,True,False,0,0.0,1.0,2.4934253692626953,7.63885498046875,-2.4934253692626953,WRONG_SPAN
0014-0006-0001,Người rót rượu đi qua Hòang đế phải đứng trong tư thế như thế nào?,,phải qùy trên một,False,False,0,0.0,1.0,-0.005198478698730469,10.13974666595459,0.005198478698730469,UNANSWERABLE_FALSE_POSITIVE
0014-0006-0002,Địa vị cao cả của Hòang đế thể hiện ở đâu?,Mọi chi tiết trong đời sống hàng ngày của Hòang đế ở triều đình đế quốc được đặt ra,ở triều đình,True,False,0,0.2727272727272727,1.0,-1.2740774154663086,11.31385326385498,1.2740774154663086,SPAN_TOO_SHORT
0014-0006-0003,Hofburg là tên gọi của thứ gì?,Trong các gian phòng và các hành lang của cung điện cổ,,True,True,0,0.0,1.0,4.0768890380859375,6.087217330932617,-4.0768890380859375,ANSWERABLE_PREDICTED_EMPTY
0014-0006-0004,"Khi gặp Hòang đế, người ta phải làm gì?",cúi đầu thật thấp và qùy một gối xuống,,True,True,0,0.0,1.0,6.43118953704834,3.7385358810424805,-6.43118953704834,ANSWERABLE_PREDICTED_EMPTY
0014-0006-0005,Địa vị cao cả của đế quốc thể hiện ở đâu?,,ở triều đình,False,False,0,0.0,1.0,0.5280380249023438,9.605022430419922,-0.5280380249023438,UNANSWERABLE_FALSE_POSITIVE
0014-0006-0006,Người rót rượu cho Hòang đế phải đứng trong tư thế như thế nào?,phải qùy trên một đầu gối,phải qùy trên một,True,False,0,0.8,1.0,-0.5343427658081055,10.620894432067871,0.5343427658081055,SPAN_TOO_SHORT
0014-0006-0007,Hofburg là thức ăn của thứ gì?,,qua 24,False,False,0,0.0,1.0,0.8714580535888672,9.289047241210938,-0.8714580535888672,UNANSWERABLE_FALSE_POSITIVE
0014-0006-0008,Rượu của ông qua tay bao nhiêu người trước khi đến được ông?,,qua 24,False,False,0,0.0,1.0,-2.1276626586914062,11.754959106445312,2.1276626586914062,UNANSWERABLE_FALSE_POSITIVE
0014-0006-0009,Trước khi chết Hòang Đế và gia đình của ông có những tháng này sống xa hoa ở đâu?,cung điện cổ tên là Hofburg,,True,True,0,0.0,1.0,7.247159004211426,2.9147024154663086,-7.247159004211426,ANSWERABLE_PREDICTED_EMPTY
0014-0006-0010,Thức ăn của ông qua tay bao nhiêu người trước khi đến được ông?,24,qua 24,True,False,0,0.6666666666666666,1.0,-2.355034828186035,11.753501892089844,2.355034828186035,SPAN_TOO_LONG
0014-0007-0001,Hòang đế Leopold thành lập vô số ủy ban vào thời gian nào?,Vào thập kỉ 1690,Vào,True,False,0,0.4,1.0,3.439405918121338,6.515178203582764,-3.439405918121338,SPAN_TOO_SHORT
0014-0007-0002,Tại sao các ủy ban đều đấu đá lẫn nhau?,thành lập vô số ủy ban,đều kình chống nhau một cách im lìm nhưng dữ dội sau lưng,True,False,0,0.0,1.0,3.3018503189086914,6.854657173156738,-3.3018503189086914,WRONG_SPAN
0014-0007-0003,Tại sao các đế quốc đều đấu đá lẫn nhau?,,", sự hỗn độn của triều đình cũng là biểu trưng cho sự hỗn độn của cả đế quốc: không bao giờ có mối kết dính các cơ quan với",False,False,0,0.0,1.0,2.1320877075195312,8.000980377197266,-2.1320877075195312,UNANSWERABLE_FALSE_POSITIVE
0014-0007-0004,Hòang đế Leopold có năng lực như thế nào?,là một ông vua thiếu quyết đóan,,True,True,0,0.0,1.0,6.18412446975708,3.9761157035827637,-6.18412446975708,ANSWERABLE_PREDICTED_EMPTY
0014-0007-0005,Cận thần xuất thân từ gia tộc nào?,,,False,True,1,1.0,1.0,6.7145609855651855,3.392845630645752,-6.7145609855651855,CORRECT_NO_ANSWER
0014-0007-0006,Hòang đế Leopold thành lập vô số đế quốc vào thời gian nào?,,,False,True,1,1.0,1.0,4.885157585144043,5.217425346374512,-4.885157585144043,CORRECT_NO_ANSWER
0014-0007-0007,Hỗn độn của triều đình được ví ngang bằng gì?,không bao giờ có mối kết dính các cơ quan với nhau,,True,True,0,0.0,1.0,4.867241859436035,5.287395477294922,-4.867241859436035,ANSWERABLE_PREDICTED_EMPTY
0014-0007-0008,Hòang đế Leopold xuất thân từ gia tộc nào?,nhà Habsburg,của,True,False,0,0.0,1.0,3.2016215324401855,6.5217719078063965,-3.2016215324401855,WRONG_SPAN
0014-0007-0009,Bộ máy cơ quan quản lý đế quốc dưới tay của hòang đế Leopold thể hiện như thế nào trước mặt của ông?,kình chống nhau một cách im lìm,,True,True,0,0.0,1.0,6.214227676391602,3.9416913986206055,-6.214227676391602,ANSWERABLE_PREDICTED_EMPTY
0014-0007-0010,Hỗn độn của ủy ban được ví ngang bằng gì?,,,False,True,1,1.0,1.0,9.25723147392273,0.9024078845977783,-9.25723147392273,CORRECT_NO_ANSWER
0014-0008-0001,Nguyên nhân khiến đế quốc suy thóai sau này là gì?,ngai vàng và đế quốc đã được Thượng đế định đọat,,True,True,0,0.0,1.0,10.821543455123901,-0.6491296291351318,-10.821543455123901,ANSWERABLE_PREDICTED_EMPTY
0014-0008-0002,Hòang đế nào được ủng hộ sớm nhất?,,của,False,False,0,0.0,1.0,1.123244285583496,9.033791542053223,-1.123244285583496,UNANSWERABLE_FALSE_POSITIVE
0014-0008-0003,Hòang đế nào được sinh ra sớm nhất?,Leopold I,,True,True,0,0.0,1.0,5.39711856842041,4.756736755371094,-5.39711856842041,ANSWERABLE_PREDICTED_EMPTY
0014-0008-0004,Tại sao cả ba Hòang đế đều tôn thờ Thượng đế?,Người sẽ phù hộ cho Hòang tộc này mãi trường tồn và phồn vinh,,True,True,0,0.0,1.0,5.1428632736206055,5.029233932495117,-5.1428632736206055,ANSWERABLE_PREDICTED_EMPTY
0014-0008-0005,Cả ba Hòang đế đều hài lòng vào thứ gì nhất?,,việc quản trị,False,False,0,0.0,1.0,-0.3605155944824219,10.505044937133789,0.3605155944824219,UNANSWERABLE_FALSE_POSITIVE
0014-0008-0006,Leopold I có niềm tin như thế nào?,,đều,False,False,0,0.0,1.0,1.6381254196166992,8.517032623291016,-1.6381254196166992,UNANSWERABLE_FALSE_POSITIVE
0014-0008-0007,Sau hai vị Hòang đế là Leopold và Joseph thì vị Hòang đế thứ ba trị vì Đế quốc trong giai đọan bao lâu?,1711-1740,qua gần một,True,False,0,0.0,1.0,0.7912406921386719,9.3497314453125,-0.7912406921386719,WRONG_SPAN
0014-0008-0008,Nguyên nhân khiến đế quốc mãi trường tồn sau này là gì?,,,False,True,1,1.0,1.0,10.039458453655243,0.1382043957710266,-10.039458453655243,CORRECT_NO_ANSWER
0014-0008-0009,Karrl VI có niềm tin như thế nào?,không tin rằng nền hành chính hỗn độn là khiếm khuyết cốt lõi của đế quốc họ trị vì,đều,True,False,0,0.0,1.0,2.1999125480651855,7.9613938331604,-2.1999125480651855,WRONG_SPAN
0014-0008-0010,Cả ba Hòang đế đều tin vào thứ gì nhất?,Thượng đế,vào Thượng đế và sự ủng hộ của,True,False,0,0.4,1.0,-0.01999950408935547,10.157559394836426,0.01999950408935547,SPAN_TOO_LONG
0014-0009-0001,Vị thống sóai lừng danh châu Âu năm 1734 là ai?,Hòang thân Eugène của Savoie,,True,True,0,0.0,1.0,4.4605393409729,5.637418270111084,-4.4605393409729,ANSWERABLE_PREDICTED_EMPTY
0014-0009-0002,Các Hòang thân Eugène ở đế quốc có năng lực như thế nào?,,,False,True,1,1.0,1.0,4.898432731628418,5.246413230895996,-4.898432731628418,CORRECT_NO_ANSWER
0014-0009-0003,AI là Tổng Tư lệnh quân đội của đế chế?,Hòang thân Eugène của Savoie,với John,True,False,0,0.0,1.0,3.138603687286377,6.999748706817627,-3.138603687286377,WRONG_SPAN
0014-0009-0004,Dựa vào mối quan hệ với Hòang thân Eugène nên vị thế của triệu đại của Hòang đế Leopold thời bấy giờ như thế nào?,vị thế của đế quốc trong thực tế lại lên cao,,True,True,0,0.0,1.0,8.01265549659729,2.14908766746521,-8.01265549659729,ANSWERABLE_PREDICTED_EMPTY
0014-0009-0005,Vua Karl XII nắm quyền quốc gia nào?,Thụy Điển,ở châu,True,False,0,0.0,1.0,0.11990547180175781,9.979755401611328,-0.11990547180175781,WRONG_SPAN
0014-0009-0006,Leopold nắm quyền quốc gia nào?,,,False,True,1,1.0,1.0,4.484447002410889,5.671372890472412,-4.484447002410889,CORRECT_NO_ANSWER
0014-0009-0007,Hòang đế Leopold II dựa vào thứ gì để cai trị?,dựa trên lưỡi gươm sáng lóang của Hòang thân Eugène của Savoie,trên,True,False,0,0.15384615384615385,1.0,1.9559526443481445,7.513766288757324,-1.9559526443481445,SPAN_TOO_SHORT
0014-0009-0008,AI là Tổng Tư lệnh quân đội của châu Âu?,,"với John Churchill, Quận công Marlborough thứ nhất và vua Karl XII của Thụy",False,False,0,0.0,1.0,2.023101806640625,8.068721771240234,-2.023101806640625,UNANSWERABLE_FALSE_POSITIVE
0014-0009-0009,Các Hòang đế ở đế quốc có năng lực như thế nào?,thiếu năng lực,,True,True,0,0.0,1.0,3.7272281646728516,6.427424430847168,-3.7272281646728516,ANSWERABLE_PREDICTED_EMPTY
0014-0010-0001,Lãnh chúa Friedrich III đã được Hòang đế cho phép xương vương vào năm nào?,năm 1701,(1657-1713,True,False,0,0.0,1.0,3.330439567565918,6.763381004333496,-3.330439567565918,WRONG_SPAN
0014-0010-0002,Vua có tham vọng như thế nào trong bộ máy chính quyền?,,"nhằm biến công quốc của ông thành một vương quốc, sau này gọi là nước",False,False,0,0.0,1.0,1.683511734008789,8.450252532958984,-1.683511734008789,UNANSWERABLE_FALSE_POSITIVE
0014-0010-0003,Tại sao vua Friedrich I lại được phong vua?,"dựa trên lý lẽ đất đai ông chiếm được là từ Thụy Điển,[cần dẫn nguồn] và cũng dựa trên sức ép của nước ngòai",,True,True,0,0.0,1.0,7.522039413452148,2.6251821517944336,-7.522039413452148,ANSWERABLE_PREDICTED_EMPTY
0014-0010-0004,Ai là vua của Phổ năm 1701?,Friedrich I,vua Friedrich,True,False,0,0.5,1.0,-1.1085548400878906,10.807029724121094,1.1085548400878906,PARTIAL_SPAN
0014-0010-0005,Ai mới có quyền phong vương cho các lãnh chúa?,Hòang đế,Bình thường Hòang,True,False,0,0.4,1.0,-0.1142282485961914,10.141337394714355,0.1142282485961914,SPAN_TOO_LONG
0014-0010-0006,Vua có vị trí như thế nào trong bộ máy chính quyền?,không cho phép lãnh chúa nào xưng làm vua,,True,True,0,0.0,1.0,4.110318183898926,6.036920547485352,-4.110318183898926,ANSWERABLE_PREDICTED_EMPTY
0014-0010-0007,Ai mới có quyền làm vua các lãnh chúa?,,Bình thường Hòang,False,False,0,0.0,1.0,-0.07467842102050781,10.084213256835938,0.07467842102050781,UNANSWERABLE_FALSE_POSITIVE
0014-0010-0008,"Trong lịch sử, hòang đế đã từng phong vương cho ai?",Friedrich III,của tuyển hầu Friedrich,True,False,0,0.3333333333333333,1.0,-0.19527626037597656,10.18733024597168,0.19527626037597656,SPAN_TOO_LONG
0014-0011-0001,"Tại sao các công tước lại tham gia vào việc chọn hòang đế, đại hội đế chế?",tạo ảnh hưởng cho chính mình,,True,True,0,0.0,1.0,6.395465850830078,3.751291275024414,-6.395465850830078,ANSWERABLE_PREDICTED_EMPTY
0014-0011-0002,Tại sao các công tước lại tham gia vào việc chọn công tước và hầu tước?,,,False,True,1,1.0,1.0,6.041969299316406,4.096723556518555,-6.041969299316406,CORRECT_NO_ANSWER
0014-0011-0003,Những người có chức quyền trong đế quốc phải tuân theo gì?,"các đạo luật đế chế, tòa án đế chế và các nghị quyết của quốc hội đế chế","theo các đạo luật đế chế, tòa án đế chế và các nghị quyết của quốc hội",True,False,0,0.9142857142857143,1.0,-1.0806760787963867,11.14730167388916,1.0806760787963867,SPAN_TOO_SHORT
0014-0011-0004,Đế quốc La Mã Thần Thánh bao gồm những gì?,"bao trùm nhiều lãnh thổ như một ""liên hiệp"" và tạo ra khuôn khổ luật lệ cho cuộc chung sống của những vị lãnh chúa",Thánh bao trùm nhiều,True,False,0,0.20689655172413793,1.0,1.269815444946289,8.775449752807617,-1.269815444946289,SPAN_TOO_SHORT
0014-0011-0005,Những người đứng đầu 1 lãnh thổ là ai?,hòang đế,,True,True,0,0.0,1.0,4.015225410461426,6.1231184005737305,-4.015225410461426,ANSWERABLE_PREDICTED_EMPTY
0014-0011-0006,Ai công nhận công tước và hầu tước là người đứng đầu đế chế?,,công nhận vị hòang,False,False,0,0.0,1.0,-1.813222885131836,11.553754806518555,1.813222885131836,UNANSWERABLE_FALSE_POSITIVE
0014-0011-0007,Ai công nhận là Hòang đế là người đứng đầu đế chế?,Các công tước và hầu tước,.,True,False,0,0.0,1.0,3.4016737937927246,6.56370210647583,-3.4016737937927246,WRONG_SPAN
0014-0012-0001,Chiến tranh Ba mươi Năm bị suy giảm ở đâu?,,"lịch sử châu Âu. Đây cũng là cuộc chiến tôn giáo cuối cùng ở châu Âu khiến cho Đế quốc bị tàn phá nặng nề, nhiều thành thị và vùng",False,False,0,0.0,1.0,0.9008827209472656,9.225632667541504,-0.9008827209472656,UNANSWERABLE_FALSE_POSITIVE
0014-0012-0002,Hai phe của cuộc chiến Ba mươi năm là ai?,một bên là những hòang thân người Đức và bên kia chủ yếu là Thụy Điển và Pháp,,True,True,0,0.0,1.0,6.383528232574463,3.763000011444092,-6.383528232574463,ANSWERABLE_PREDICTED_EMPTY
0014-0012-0003,Chiến tranh Ba mươi năm có tính chất gì?,hạn chế quyền lực của Đế quốc La Mã thần Thánh,,True,True,0,0.0,1.0,4.016146659851074,6.123610496520996,-4.016146659851074,ANSWERABLE_PREDICTED_EMPTY
0014-0012-0004,Chiến tranh Ba mươi Năm xảy ra ở đâu?,lãnh thổ của người Đức,trên những lãnh thổ của người,True,False,0,0.7272727272727272,1.0,1.0745649337768555,9.056976318359375,-1.0745649337768555,SPAN_TOO_LONG
0014-0012-0005,Nhiều cuộc chiến tranh xảy ra trong giai đọan nào?,1618-1648,"trong giai đọan 1618-1648, mà các sử gia gọi là Chiến tranh Ba mươi",True,False,0,0.23529411764705882,1.0,1.882401466369629,8.183073043823242,-1.882401466369629,SPAN_TOO_LONG
0014-0012-0006,Tại sao chiến tranh Ba mươi năm xảy ra?C?,xung đột tôn giáo giữa các phe nhóm Công giáo và Tin Lành,,True,True,0,0.0,1.0,6.130414962768555,4.029720306396484,-6.130414962768555,ANSWERABLE_PREDICTED_EMPTY
0014-0013-0001,Hòa ước người Đức được viết năm nào?,,,False,True,1,1.0,1.0,5.300649642944336,4.825172424316406,-5.300649642944336,CORRECT_NO_ANSWER
0014-0013-0002,Cái nôi của nền văn minh châu Âu bắt đầu từ nước nào?,châu Âu,",",True,False,0,0.0,1.0,0.028432846069335938,9.930397033691406,-0.028432846069335938,WRONG_SPAN
0014-0013-0003,Có bao nhiêu hòang thân người Đức được cai trị các mảnh đất nhỏ?,350,– khỏang 350 mảnh đất,True,False,0,0.4,1.0,0.8873271942138672,9.069648742675781,-0.8873271942138672,SPAN_TOO_LONG
0014-0013-0004,Chiến tranh Ba mươi năm đã gây ra hậu quả gì cho đế quốc?,khiến cho đế quốc này không bao giờ hồi phục hòan tòan,,True,True,0,0.0,1.0,3.5398120880126953,6.615894317626953,-3.5398120880126953,ANSWERABLE_PREDICTED_EMPTY
0014-0013-0005,Có bao nhiêu Hòang đế người Đức được cai trị các mảnh đất nhỏ?,,– khỏang,False,False,0,0.0,1.0,1.5221376419067383,8.542586326599121,-1.5221376419067383,UNANSWERABLE_FALSE_POSITIVE
0014-0013-0006,Các Đế quốc La Mã được hưởng nền độc lập khi nào?,,,False,True,1,1.0,1.0,6.10199499130249,4.069249629974365,-6.10199499130249,CORRECT_NO_ANSWER
0014-0013-0007,Các thành phố được hưởng nền độc lập khi nào?,chế độ phong kiến đã ra đi,,True,True,0,0.0,1.0,5.112582206726074,5.057864189147949,-5.112582206726074,ANSWERABLE_PREDICTED_EMPTY
0014-0013-0008,Hòa ước Westfalen được viết năm nào?,năm 1648,,True,True,0,0.0,1.0,4.031093597412109,5.934793472290039,-4.031093597412109,ANSWERABLE_PREDICTED_EMPTY
0014-0014-0001,Người Đức bắt đầu phục vụ ai?,những ông vua ti tiện,,True,True,0,0.0,1.0,5.007307052612305,5.138406753540039,-5.007307052612305,ANSWERABLE_PREDICTED_EMPTY
0014-0014-0002,Tình hình của Ba Lan sau khủng hỏang là gì?,,,False,True,1,1.0,1.0,8.232000708580017,1.930963158607483,-8.232000708580017,CORRECT_NO_ANSWER
0014-0014-0003,Tình hình của đế quốc sau khủng hỏang là gì?,không bao giờ phục hồi,,True,True,0,0.0,1.0,4.352301120758057,5.803309917449951,-4.352301120758057,ANSWERABLE_PREDICTED_EMPTY
0014-0014-0004,Đức rơi vào hòan cảnh nào sau thất bại?,,,False,True,1,1.0,1.0,3.855116844177246,6.30446720123291,-3.855116844177246,CORRECT_NO_ANSWER
0014-0014-0005,Đức rơi vào hòan cảnh nào sau chiến tranh?,"Sự chậm tiến về chính trị như thế, cộng thêm tình trạng chia rẽ và cô lập khỏi những trào lưu tư tưởng và phát triển",Đức lùi lại phía sau những nước Tây Âu,True,False,0,0.05714285714285715,1.0,3.0989694595336914,7.056511878967285,-3.0989694595336914,SPAN_TOO_SHORT
0014-0014-0006,Quân đội Đế quốc suy yếu sau sự kiện gì?,Vương công Eugène xứ Savoie qua đời,"khi Vương công Eugène xứ Savoie qua đời, Quân đội Đế quốc cũng suy yếu, bị đánh tan tác trong một cuộc chiến tranh với quân Thổ Nhĩ Kỳ",True,False,0,0.3888888888888889,1.0,-0.5578823089599609,10.65559196472168,0.5578823089599609,SPAN_TOO_LONG
0014-0014-0007,Ai thua cuộc trong Chiến tranh Kế vị Ba Lan?,Pháp,", liên quân Nga - Áo - Phổ lâm chiến với",True,False,0,0.0,1.0,-0.8934154510498047,10.865806579589844,0.8934154510498047,WRONG_SPAN
0014-0014-0008,Người Đức bắt đầu cô lập ai?,,,False,True,1,1.0,1.0,6.535170078277588,3.620889186859131,-6.535170078277588,CORRECT_NO_ANSWER
0014-0015-0001,Vua Phổ kéo quân đánh triều Habsburg vào thời gian nào?,16 tháng 12 năm 1740,,True,True,0,0.0,1.0,4.025482177734375,6.082498550415039,-4.025482177734375,ANSWERABLE_PREDICTED_EMPTY
0014-0015-0002,Kết quả của cuộc chinh phạt là gì?,chinh phạt tòan bộ tỉnh Silesia,,True,True,0,0.0,1.0,5.776739120483398,4.388653755187988,-5.776739120483398,ANSWERABLE_PREDICTED_EMPTY
0014-0015-0003,Thủ phủ của tỉnh Silesia là đâu?,Breslau,là,True,False,0,0.0,1.0,1.7541723251342773,7.844579696655273,-1.7541723251342773,WRONG_SPAN
0014-0015-0004,Cuộc chiến đã khiến Áo như thế nào?,,,False,True,1,1.0,1.0,7.771045684814453,2.3986282348632812,-7.771045684814453,CORRECT_NO_ANSWER
0014-0015-0005,Kết quả của cuộc chống trả là gì?,,,False,True,1,1.0,1.0,4.214895248413086,5.95231819152832,-4.214895248413086,CORRECT_NO_ANSWER
0014-0015-0006,Hai nước có sự chống trả lớn nhất trong đế quốc là nước nào?,,là Phổ và,False,False,0,0.0,1.0,0.21899032592773438,9.877243995666504,-0.21899032592773438,UNANSWERABLE_FALSE_POSITIVE
0014-0015-0007,Hai nước có mối thù lớn nhất trong đế quốc là nước nào?,Phổ và Áo,là Phổ và,True,False,0,0.6666666666666666,1.0,-0.05076026916503906,10.151634216308594,0.05076026916503906,PARTIAL_SPAN
0014-0015-0008,Vua Áo kéo quân đánh triều Habsburg vào thời gian nào?,,,False,True,1,1.0,1.0,4.473845481872559,5.668381690979004,-4.473845481872559,CORRECT_NO_ANSWER
0014-0015-0009,Cuộc chiến đã khiến Phổ như thế nào?,đưa nước Phổ lên hàng liệt cường,,True,True,0,0.0,1.0,6.836095571517944,3.3296396732330322,-6.836095571517944,ANSWERABLE_PREDICTED_EMPTY
0014-0016-0001,Kết cục cuối cùng của Vương triều Habsburg là gì?,Vương triều Habsburg đã kiệt quệ,đã,True,False,0,0.2857142857142857,1.0,1.574026107788086,8.575799942016602,-1.574026107788086,SPAN_TOO_SHORT
0014-0016-0002,Ai chiến thắng trong trận chiến Pháp và Áo?,,Quốc vương Friedrich II,False,False,0,0.0,1.0,2.74477481842041,7.380335807800293,-2.74477481842041,UNANSWERABLE_FALSE_POSITIVE
0014-0016-0003,"Với sự phát triển của Phổ, Áo phải làm gì?",phải thiết lập liên minh với Đế quốc Nga và Pháp,phải thiết lập liên minh với Đế quốc Nga và,True,False,0,0.9523809523809523,1.0,0.5421657562255859,9.607195854187012,-0.5421657562255859,SPAN_TOO_SHORT
0014-0016-0004,Friedrich II đã hành động như thế nào khi hiểu lầm?,xua quân đánh xứ Sachsen (1756),,True,True,0,0.0,1.0,6.090807914733887,4.081020355224609,-6.090807914733887,ANSWERABLE_PREDICTED_EMPTY
0014-0016-0005,Liên quân chống Phổ hợp tác với ai trong cuộc chiến tranh Bảy năm?,Thụy Điển,cả quân Thụy,True,False,0,0.4,1.0,1.0821800231933594,9.054962158203125,-1.0821800231933594,SPAN_TOO_LONG
0014-0016-0006,Ai chiến thắng trong trận chiến Bảy năm?,Phổ,Quốc vương Friedrich II,True,False,0,0.0,1.0,0.22503280639648438,9.875898361206055,-0.22503280639648438,WRONG_SPAN
0014-0017-0001,Liên minh các Vương hầu có ý nghĩa gì đối với họ?,bảo vệ được họ thóat khỏi những tham vọng của đương kim Hòang đế,,True,True,0,0.0,1.0,4.125342845916748,6.039631366729736,-4.125342845916748,ANSWERABLE_PREDICTED_EMPTY
0014-0017-0002,Joseph II hủy diệt vị vua nào?,,", vua Friedrich II",False,False,0,0.0,1.0,2.6018075942993164,7.524977684020996,-2.6018075942993164,UNANSWERABLE_FALSE_POSITIVE
0014-0017-0003,Tại sao triều đình Habsburg phải chia cắt?,,,False,True,1,1.0,1.0,6.138548851013184,4.025055885314941,-6.138548851013184,CORRECT_NO_ANSWER
0014-0017-0004,Liên minh các Vương hầu được cải cách với lí do gì?,,,False,True,1,1.0,1.0,4.765539646148682,5.402886867523193,-4.765539646148682,CORRECT_NO_ANSWER
0014-0017-0005,Tại sao triều đình Habsburg phải cải cách?,"Với thất bại của nền quân chủ Habsburg trong các cuộc chiến tranh nêu trên, và sự phát triển lớn mạnh của nền quân chủ Phổ",". Với thất bại của nền quân chủ Habsburg trong các cuộc chiến tranh nêu trên, và sự phát triển lớn mạnh của nền quân chủ",True,False,0,0.9803921568627451,1.0,-0.6131362915039062,10.604290008544922,0.6131362915039062,SPAN_TOO_SHORT
0014-0017-0006,Liên minh các Vương hầu được thành lập với lí do gì?,Khi Hòang đế Joseph II lại muốn chiếm xứ Bayern vào thập niên 1780,,True,True,0,0.0,1.0,4.40041446685791,5.766883850097656,-4.40041446685791,ANSWERABLE_PREDICTED_EMPTY
0014-0017-0007,Hình ảnh vua Friedrich II trong mắt người dân như thế nào?,rất được lòng nhân dân Phổ,,True,True,0,0.0,1.0,6.820244312286377,3.351041316986084,-6.820244312286377,ANSWERABLE_PREDICTED_EMPTY
0014-0017-0008,Joseph II noi gương theo vị vua nào?,đương kim Quốc vương Friedrich II Đại Đế nước Phổ,,True,True,0,0.0,1.0,3.5410690307617188,6.605829238891602,-3.5410690307617188,ANSWERABLE_PREDICTED_EMPTY
0015-0001-0001,Những đế quốc du mục nào từng thống trị vùng đất Mông Cổ ngày nay?,"Hung Nô, Tiên Ti, Nhu Nhiên","như Hung Nô, Tiên Ti, Nhu",True,False,0,0.8333333333333334,1.0,-0.9642391204833984,10.915103912353516,0.9642391204833984,PARTIAL_SPAN
0015-0001-0002,Vào năm nào thì Thành Cát Tư Hãn được ra đời?,,,False,True,1,1.0,1.0,4.2621235847473145,5.5707573890686035,-4.2621235847473145,CORRECT_NO_ANSWER
0015-0001-0003,Kỷ lục nào dành cho Đế quốc Mông Cổ?,đế quốc lục địa liền kề lớn nhất trong lịch sử nhân lọai,,True,True,0,0.0,1.0,8.775624513626099,1.3903110027313232,-8.775624513626099,ANSWERABLE_PREDICTED_EMPTY
0015-0001-0004,Người lập ra nhà Nguyên chinh phục miền nam Trung Quốc có mối quan hệ gì với Thành Cát Tư Hãn?,Cháu nội,. Cháu nội của ông là Hốt Tất,True,False,0,0.4444444444444445,1.0,-1.5866708755493164,11.29787826538086,1.5866708755493164,SPAN_TOO_LONG
0015-0001-0005,Trong thời kỳ nào sau khi nhà Nguyên sụp đổ thì Mông Cổ được nằm trong sự ổn định?,thời kỳ Đạt Diên Hãn và Trát Tát Khắc Đồ Hãn,thời kỳ Đạt Diên Hãn và Trát Tát Khắc Đồ,True,False,0,0.9523809523809523,1.0,1.8319387435913086,8.32219409942627,-1.8319387435913086,SPAN_TOO_SHORT
0015-0001-0006,Ông nội của Hốt Tất Liệt có công lớn gì đối với Mông Cổ?,lập ra Đế quốc Mông Cổ,Liệt lập ra nhà Nguyên và chinh phục miền Nam,True,False,0,0.25,1.0,3.2541446685791016,6.888745307922363,-3.2541446685791016,SPAN_TOO_LONG
0015-0001-0007,Vào năm nào thì Đế quốc Mông Cổ được ra đời?,Năm 1206,,True,True,0,0.0,1.0,4.558234214782715,5.3958740234375,-4.558234214782715,ANSWERABLE_PREDICTED_EMPTY
0015-0002-0001,Mông Cổ đã bắt đầu xuất hiện Phật giáo Tây Tạng kể từ thời gian nào?,thế kỷ XVI,Đến thế kỷ,True,False,0,0.6666666666666666,1.0,-1.735194206237793,11.547541618347168,1.735194206237793,PARTIAL_SPAN
0015-0002-0002,Ngọai Mông Cổ đã được sự trợ giúp từ nước nào để độc lập khỏi Trung Quốc?,Liên Xô,từ Trung Hoa Dân,True,False,0,0.0,1.0,-1.7360553741455078,11.474319458007812,1.7360553741455078,WRONG_SPAN
0015-0002-0003,Ngọai Mông Cổ đã tuyên bố độc lập sau khi sự kiện nào đã diễn ra?,Sau khi nhà Thanh sụp đổ vào năm 1911,khi nhà Thanh sụp đổ vào năm,True,False,0,0.8750000000000001,1.0,1.2666797637939453,8.857507705688477,-1.2666797637939453,SPAN_TOO_SHORT
0015-0002-0004,Một quốc gia vệ tinh của Liên Xô đã ra đời năm 1924 và đó là nước gì?,Cộng hòa Nhân dân Mông Cổ,", Cộng hòa Nhân dân",True,False,0,0.8,1.0,-2.494861602783203,11.748726844787598,2.494861602783203,SPAN_TOO_SHORT
0015-0002-0005,Liên Xô đã có động thái như thế nào trước sự biến động tại Đông Âu và Mông Cổ?,,", Mông Cổ tiến hành cách mạng dân chủ hòa bình vào đầu năm",False,False,0,0.0,1.0,1.584207534790039,8.571964263916016,-1.584207534790039,UNANSWERABLE_FALSE_POSITIVE
0015-0002-0006,Mông Cổ đã có động thái như thế nào trước sự biến động tại Đông Âu và Liên Xô?,tiến hành cách mạng dân chủ hòa bình vào đầu năm 1990,", Mông Cổ tiến hành cách mạng dân chủ hòa bình vào đầu năm",True,False,0,0.8799999999999999,1.0,1.2481184005737305,8.897232055664062,-1.2481184005737305,SPAN_TOO_LONG
0015-0002-0007,Nhà Thanh đã tuyên bố độc lập sau khi sự kiện nào đã diễn ra?,,. Sau khi nhà Thanh sụp đổ vào năm,False,False,0,0.0,1.0,2.236119270324707,7.921694755554199,-2.236119270324707,UNANSWERABLE_FALSE_POSITIVE
0015-0002-0008,Đất nước châu Âu nào từng kiểm sóat Mông Cổ trong khỏang gần 70 năm?,Liên Xô,của,True,False,0,0.0,1.0,0.089141845703125,9.894508361816406,-0.089141845703125,WRONG_SPAN
0015-0002-0009,Tây Tạng đã bắt đầu xuất hiện Phật giáo Mông Cổ kể từ thời gian nào?,,Đến thế kỷ,False,False,0,0.0,1.0,-1.71185302734375,11.54116439819336,1.71185302734375,UNANSWERABLE_FALSE_POSITIVE
0015-0003-0001,Thông qua điều gì mà có thể chứng minh được sinh họat du mục cưỡi ngựa?,các bằng chứng khảo cổ học tại Mông Cổ trong văn hóa Afanasevo (3500–2500 TCN) thời đại đồ đồng đá và thời đại đồ đồng,qua các bằng chứng khảo cổ học tại Mông Cổ trong văn hóa Afanasevo (3500–2500 TCN) thời đại đồ đồng đá và thời đại đồ,True,False,0,0.9615384615384616,1.0,-0.5576972961425781,10.180521011352539,0.5576972961425781,PARTIAL_SPAN
0015-0003-0002,Nền văn hóa Okunev tại Mông Cổ đã xuất hiện trong khỏang thời gian nào?,hiên niên kỷ 2 TCN,(thiên niên kỷ 2,True,False,0,0.6666666666666665,1.0,3.4989027976989746,6.6689276695251465,-3.4989027976989746,SPAN_TOO_SHORT
0015-0003-0003,Niên đại của các xe có bánh được phát hiện là từ năm nào?,năm 2200 TCN,,True,True,0,0.0,1.0,11.133147060871124,-0.9561784863471985,-11.133147060871124,ANSWERABLE_PREDICTED_EMPTY
0015-0003-0004,Cực đại của sự phát triển của sinh họat du mục và gia công kim lọai là vào thời kỳ của đế quốc nào?,Đế quốc Hung Nô,vào Đế quốc Hung,True,False,0,0.75,1.0,-1.8894596099853516,11.652532577514648,1.8894596099853516,PARTIAL_SPAN
0015-0003-0005,Thông qua điều gì mà có thể chứng minh được sinh họat du mục biết khảo cổ?,,qua các bằng chứng khảo cổ học tại Mông Cổ trong văn hóa Afanasevo (3500–2500 TCN) thời đại đồ đồng đá và thời đại đồ,False,False,0,0.0,1.0,2.2991647720336914,7.854414939880371,-2.2991647720336914,UNANSWERABLE_FALSE_POSITIVE
0015-0003-0006,"Khác với thời đại đồ đồng đá và đồ đồng, người Mông Cổ thời đại đồ sắt có thêm sinh họat nào của phát triển mạnh?",gia công kim,.,True,False,0,0.0,1.0,3.1183719635009766,6.849917411804199,-3.1183719635009766,WRONG_SPAN
0015-0003-0007,Những nơi nào từ khỏang 5500-3500 TCN đã có các khu định cư nông nghiệp?,"Norovlin, Tamsagbulag, Bayanzag, và Rashaan Khad",,True,True,0,0.0,1.0,8.15890908241272,1.9943196773529053,-8.15890908241272,ANSWERABLE_PREDICTED_EMPTY
0015-0004-0001,Thời đại của các đế quốc du mục đã được báo hiệu bằng điều gì?,Các cuộc xâm phạm của các dân tộc chăn nuôi gia súc ở phương bắc vào Trung Quốc trong thời nhà Thương và nhà Chu,. Các cuộc xâm phạm của các dân tộc chăn nuôi gia súc ở phương bắc vào Trung Quốc trong thời nhà Thương và nhà,True,False,0,0.9795918367346939,1.0,-2.391073226928711,11.866498947143555,2.391073226928711,SPAN_TOO_SHORT
0015-0004-0002,Mông Cổ trở thành trung tâm chính trị của Thảo nguyên Âu-Á kể từ khi nào?,Khi sinh họat du mục cưỡi ngựa được đưa đến Mông Cổ,. Khi sinh họat du mục cưỡi ngựa được đưa đến,True,False,0,0.9090909090909091,1.0,0.04695320129394531,10.093301773071289,-0.04695320129394531,SPAN_TOO_SHORT
0015-0004-0003,Người Scythia vào thời kỳ đồ đồng đã định cư tại khu vực nào của Mông Cổ?,miền tây Mông Cổ,tại miền tây,True,False,0,0.5714285714285715,1.0,-1.3180923461914062,11.086053848266602,1.3180923461914062,SPAN_TOO_SHORT
0015-0004-0004,Người Scythia vào thời kỳ đồ đồng đã định cư tại khu vực nào của Trung Quốc?,,tại miền tây,False,False,0,0.0,1.0,-2.286388397216797,11.738855361938477,2.286388397216797,UNANSWERABLE_FALSE_POSITIVE
0015-0004-0005,Thi thể chiến binh Scythia có niên đại 2.500 năm được tìm thấy ở đâu?,dãy núi Altai,hiện tại dãy núi Altai của,True,False,0,0.6666666666666666,1.0,-2.233639717102051,11.42728042602539,2.233639717102051,SPAN_TOO_LONG
0015-0004-0006,Người Scythia xuất hiện cách đây ít nhất bao lâu?,2.500 năm,,True,True,0,0.0,1.0,6.836816310882568,3.3331503868103027,-6.836816310882568,ANSWERABLE_PREDICTED_EMPTY
0015-0004-0007,Tại khu vực miền tây Mông Cổ là nơi của người thuộc chủng nào sinh sống vào thời đại đồ đồng đá?,Mongoloid,chủng Europoid (da,True,False,0,0.0,1.0,-0.9420967102050781,10.520957946777344,0.9420967102050781,WRONG_SPAN
0015-0005-0001,Đế quốc nào đã cai quản vùng đất Mông Cổ sau khi Đế quốc Hung Nô sụp đổ?,Đế quốc Tiên Ti,bằng Đế quốc Tiên,True,False,0,0.75,1.0,-1.727386474609375,11.671524047851562,1.727386474609375,PARTIAL_SPAN
0015-0005-0002,30 vạn quân Tần đã được điều đến biên giới phía bắc với sự chỉ huy của Tướng quân Mông Điềm là nhằm mục đích gì?,phòng thủ trước các cuộc tấn công hủy diệt của Hung Nô,nhằm phòng thủ trước các cuộc tấn công hủy diệt của,True,False,0,0.8695652173913043,1.0,-0.03515815734863281,10.010364532470703,0.03515815734863281,SPAN_TOO_SHORT
0015-0005-0003,Trung Hoa đã phải làm gì trước sự lớn mạnh của Đế quốc Hung Nô?,xây Trường thành,,True,True,0,0.0,1.0,8.095955610275269,2.0796940326690674,-8.095955610275269,ANSWERABLE_PREDICTED_EMPTY
0015-0005-0004,Lần đầu tiên đế quốc xuất hiện tại Trung Hoa là đế quốc nào?,,là,False,False,0,0.0,1.0,0.2717475891113281,9.80685043334961,-0.2717475891113281,UNANSWERABLE_FALSE_POSITIVE
0015-0005-0005,Lần đầu tiên đế quốc xuất hiện tại Mông Cổ là đế quốc nào?,Hung Nô,là,True,False,0,0.0,1.0,0.11893653869628906,9.905989646911621,-0.11893653869628906,WRONG_SPAN
0015-0005-0006,Đếquốc thứ hai xuất hiện tại khu vực Mông Cổ là gì?,Đế quốc Tiên Ti,là,True,False,0,0.0,1.0,0.953434944152832,9.174518585205078,-0.953434944152832,WRONG_SPAN
0015-0005-0007,Những thể chế thường thấy tại các bang liên tại khu vực Mông Cổ vào thời tiền sử là gì?,"chức vụ hãn, Kurultai (hội đồng tối cao), tả dực và hữu dực, quân đội đế quốc (Keshig) và hệ thống quân sự theo hệ thập phân","là chức vụ hãn, Kurultai (hội đồng tối cao), tả dực và hữu dực, quân đội đế quốc (Keshig) và hệ thống quân sự theo hệ thập",True,False,0,0.9629629629629629,1.0,2.3453516960144043,7.778194904327393,-2.3453516960144043,PARTIAL_SPAN
0015-0005-0008,Đế quốc Hung Nô đã phải làm gì trước sự lớn mạnh của Trung Hoa?,,,False,True,1,1.0,1.0,7.60673975944519,2.569138765335083,-7.60673975944519,CORRECT_NO_ANSWER
0015-0006-0001,Người Tiên Ti có hậu duệ là người nào?,Người Khiết Đan,. Người Khiết,True,False,0,0.8,1.0,-2.1586456298828125,11.768348693847656,2.1586456298828125,SPAN_TOO_SHORT
0015-0006-0002,Ai là người đã đánh bại được Nhu Nhiên?,Đột Quyết,bị Đột,True,False,0,0.5,1.0,-2.3109960556030273,11.812581062316895,2.3109960556030273,PARTIAL_SPAN
0015-0006-0003,Hãn quốc Nhu Nhiên là người gì?,người Tiên Ti,gốc người Tiên,True,False,0,0.6666666666666666,1.0,-1.7659797668457031,11.630351066589355,1.7659797668457031,PARTIAL_SPAN
0015-0006-0004,Vào năm nào thì Panticapaeum bị bao vây bởi người Đột Quyết?,576,vào năm,True,False,0,0.0,1.0,-1.2469968795776367,10.957696914672852,1.2469968795776367,WRONG_SPAN
0015-0006-0005,Người Tiên Ti quay trở lại giành quyền thống trị Mông Cổ vào năm nào?,907,vào năm,True,False,0,0.0,1.0,2.1043663024902344,8.036649703979492,-2.1043663024902344,WRONG_SPAN
0015-0006-0006,"Năm 576, khu vực đã bị bao vây bởi người Đột Quyết có vị trí ở đâu hiện nay?",Krym tại châu Âu,bao vây Panticapaeum nay thuộc Krym tại châu,True,False,0,0.5,1.0,-1.5020418167114258,11.511514663696289,1.5020418167114258,SPAN_TOO_LONG
0015-0006-0007,"Năm 576, khu vực đã bị bao vây bởi người Uyghur có vị trí ở đâu hiện nay?",,bao vây Panticapaeum nay thuộc Krym tại châu,False,False,0,0.0,1.0,-0.37329864501953125,10.504459381103516,0.37329864501953125,UNANSWERABLE_FALSE_POSITIVE
0015-0007-0001,Lãnh thổ của bán đảo Triều Tiên kéo dài như thế nào?,,,False,True,1,1.0,1.0,4.326836585998535,5.840224266052246,-4.326836585998535,CORRECT_NO_ANSWER
0015-0007-0002,Đế quốc quốc đảo liền kề lớn nhất trong lịch sử thế giới là nước nào?,,nên Đế quốc,False,False,0,0.0,1.0,2.1921205520629883,7.954836845397949,-2.1921205520629883,UNANSWERABLE_FALSE_POSITIVE
0015-0007-0003,Lãnh thổ của Đế quốc Mông Cổ kéo dài như thế nào?,"từ Ukraina hiện nay đến bán đảo Triều Tiên, và từ Siberia đến vịnh Oman và Việt Nam hiện nay","kéo dài từ Ukraina hiện nay đến bán đảo Triều Tiên, và từ Siberia đến vịnh Oman và Việt Nam",True,False,0,0.9,1.0,2.334000587463379,7.823769569396973,-2.334000587463379,PARTIAL_SPAN
0015-0007-0004,Tỷ lệ đất liền trên Trái đất từng là một phần của bán đảo Triều Tiên là bao nhiêu?,,(22,False,False,0,0.0,1.0,2.3132004737854004,7.820413112640381,-2.3132004737854004,UNANSWERABLE_FALSE_POSITIVE
0015-0007-0005,Dân số của Đế quốc Mông Cổ đạt đến con số bao nhiêu?,trên 100 triệu người,đạt trên 100 triệu,True,False,0,0.75,1.0,0.49988746643066406,9.597515106201172,-0.49988746643066406,PARTIAL_SPAN
0015-0007-0006,Những bộ lạc nào đã được Thiết Mộc Chân thống nhất?,các bộ lạc Mông Cổ nằm giữa Mãn Châu và dãy núi Altai,,True,True,0,0.0,1.0,4.297185897827148,5.8664398193359375,-4.297185897827148,ANSWERABLE_PREDICTED_EMPTY
0015-0007-0007,Những bộ lạc nào đã được Ukraina thống nhất?,,,False,True,1,1.0,1.0,3.9408717155456543,6.221836566925049,-3.9408717155456543,CORRECT_NO_ANSWER
0015-0007-0008,Đế quốc lục địa liền kề lớn nhất trong lịch sử thế giới là nước nào?,Đế quốc Mông Cổ,nên Đế quốc,True,False,0,0.5714285714285715,1.0,-1.1198863983154297,11.130834579467773,1.1198863983154297,SPAN_TOO_SHORT
0015-0007-0009,Tỷ lệ đất liền trên Trái đất từng là một phần của Đế quốc Mông Cổ là bao nhiêu?,22%,(22,True,False,1,1.0,1.0,1.7865266799926758,8.351982116699219,-1.7865266799926758,CORRECT
0015-0007-0010,Dân số của châu Á đạt đến con số bao nhiêu?,,đạt trên 100 triệu,False,False,0,0.0,1.0,0.7421035766601562,9.358901023864746,-0.7421035766601562,UNANSWERABLE_FALSE_POSITIVE
0015-0007-0011,Tên thật của người đã lập nên đế quốc lục địa liền kề lớn nhất trong lịch sử thế giới là gì?,Thiết Mộc Chân,nên Đế quốc,True,False,0,0.0,1.0,1.2120542526245117,8.882869720458984,-1.2120542526245117,WRONG_SPAN
0015-0008-0001,Vào năm nào thì nhà Nguyên đã thay thế vị trí nhà Minh?,,vào,False,False,0,0.0,1.0,1.9565558433532715,7.2869791984558105,-1.9565558433532715,UNANSWERABLE_FALSE_POSITIVE
0015-0008-0002,Lãnh thổ nào được gọi là Đại hãn quốc?,đất tổ của người Mông Cổ và Trung Quốc,bao gồm đất tổ của người Mông Cổ và,True,False,0,0.7777777777777778,1.0,-0.7588911056518555,10.808693885803223,0.7588911056518555,PARTIAL_SPAN
0015-0008-0003,Kinh đô của nhà Nguyên nay thuộc tỉnh nào của Trung Quốc?,Bắc Kinh,tại,True,False,0,0.0,1.0,0.2071237564086914,9.863614082336426,-0.2071237564086914,WRONG_SPAN
0015-0008-0004,Nơi nào đã bị sự tàn phá bởi quân nhà Minh khi họ đuổi theo nhà Nguyên?,kinh thành Hòa Lâm,diệt kinh thành Hòa,True,False,0,0.75,1.0,-0.8927040100097656,10.965336799621582,0.8927040100097656,PARTIAL_SPAN
0015-0008-0005,Nhà Thanh được hình thành từ hãn quốc nào?,,,False,True,1,1.0,1.0,4.876279830932617,5.277076721191406,-4.876279830932617,CORRECT_NO_ANSWER
0015-0008-0006,Nơi nào được chọn làm biên giới của nhà Nguyên?,,tại,False,False,0,0.0,1.0,0.9666614532470703,9.188135147094727,-0.9666614532470703,UNANSWERABLE_FALSE_POSITIVE
0015-0008-0007,Vào năm nào thì nhà Minh đã thay thế vị trí nhà Nguyên?,1368,vào,True,False,0,0.0,1.0,1.9633750915527344,7.288700103759766,-1.9633750915527344,WRONG_SPAN
0015-0008-0008,Nơi nào được chọn làm kinh đô của nhà Nguyên?,Bắc Kinh,tại,True,False,0,0.0,1.0,0.25211048126220703,9.831978797912598,-0.25211048126220703,WRONG_SPAN
0015-0008-0009,Nhà Nguyên được hình thành từ hãn quốc nào?,Đại hãn quốc,thời Hốt Tất,True,False,0,0.0,1.0,-1.1282320022583008,11.184627532958984,1.1282320022583008,WRONG_SPAN
0015-0009-0001,"Vào thế kỷ XV, hậu duệ của Thành Cát Tư Hãn giành lại quyền lực từ phe nào?",người Ngõa Lạt,và người Ngõa,True,False,0,0.6666666666666666,1.0,-1.339426040649414,11.270641326904297,1.339426040649414,PARTIAL_SPAN
0015-0009-0002,Vào năm nào thì Trung Quốc đã bị tấn công bởi người Ngõa Lạt?,1449,,True,True,0,0.0,1.0,3.8268470764160156,6.065437316894531,-3.8268470764160156,ANSWERABLE_PREDICTED_EMPTY
0015-0009-0003,Người Mông Cổ vẫn cai trị tại khu vực nào khi họ bị đuổi khỏi Trung Quốc?,Bắc Nguyên,là Bắc,True,False,0,0.5,1.0,1.6296968460083008,8.510760307312012,-1.6296968460083008,PARTIAL_SPAN
0015-0009-0004,Đến thời điểm nào thì lợi thế đã thuộc về hậu duệ của Thành Cát Tư Hãn?,1454,Đến đầu thế kỷ,True,False,0,0.0,1.0,3.085202693939209,7.052208423614502,-3.085202693939209,WRONG_SPAN
0015-0009-0005,Minh Anh Tông đã bị lực lượng Dã Tiên bắt trong sự kiện nào?,Thổ Mộc bảo,trong sự biến Thổ Mộc,True,False,0,0.5,1.0,-0.17943668365478516,10.246461868286133,0.17943668365478516,SPAN_TOO_LONG
0015-0009-0006,Lực lượng Dã Tiên đã bị Minh Anh Tông bắt trong sự kiện nào?,,biến Thổ Mộc,False,False,0,0.0,1.0,0.23128032684326172,9.849587440490723,-0.23128032684326172,UNANSWERABLE_FALSE_POSITIVE
0015-0009-0007,Sự tranh chấp quyền lực tại Mông Cổ với điển hình là sự tranh chấp của các thế lực nào?,dòng hậu duệ Thành Cát Tư Hãn và người Ngõa Lạt không phải hậu duệ của ông,,True,True,0,0.0,1.0,5.441817760467529,4.714174747467041,-5.441817760467529,ANSWERABLE_PREDICTED_EMPTY
0015-0010-0001,"Năm 1557, tu viện nào đã được thành lập?",,thành lập thành phố Hohhot nay thuộc Nội,False,False,0,0.0,1.0,2.7923669815063477,7.222952842712402,-2.7923669815063477,UNANSWERABLE_FALSE_POSITIVE
0015-0010-0002,Sau sự kiện gì thì A Nhĩ Thản Hãn quyết định đưa phật giáo Tây Tạng đến Mông Cổ?,A Nhĩ Thản Hãn gặp Đạt Lai Lạt Ma vào năm 1578,. sau khi A Nhĩ Thản Hãn gặp Đạt Lai Lạt,True,False,0,0.7272727272727272,1.0,-0.17120933532714844,10.23249626159668,0.17120933532714844,SPAN_TOO_SHORT
0015-0010-0003,Tất cả dân tộc Mông Cổ đã được thống nhất vào đầu thế kỷ XVI bởi ai?,Đạt Diên Hãn và phu nhân là Mãn Đô Hải,", Đạt Diên Hãn và phu nhân là Mãn Đô",True,False,0,0.9473684210526316,1.0,-1.7003850936889648,11.290586471557617,1.7003850936889648,SPAN_TOO_SHORT
0015-0010-0004,Sau sự kiện gì thì A Nhĩ Thản Hãn quyết định đưa phật giáo Mông Cổ đến Tây Tạng?,,. sau khi A Nhĩ Thản Hãn gặp Đạt Lai Lạt,False,False,0,0.0,1.0,0.4519786834716797,9.655887603759766,-0.4519786834716797,UNANSWERABLE_FALSE_POSITIVE
0015-0010-0005,Các tu viện đã nhận được điều gì từ các nhà qúy tộc Mông Cổ?,nắm giữ quyền lực thế tục đáng kể,"Mông Cổ hiến đất, tiền và mục",True,False,0,0.0,1.0,-0.49353885650634766,10.583479881286621,0.49353885650634766,WRONG_SPAN
0015-0010-0006,"Năm 1585, tu viện nào đã được thành lập?",Erdene Zuu,lập,True,False,0,0.0,1.0,2.4858264923095703,7.230373382568359,-2.4858264923095703,WRONG_SPAN
0015-0010-0007,Bà nội của vị vua đất nước Mông Cổ giữa thế kỷ XVI tên là gì?,Mãn Đô Hải,là Mãn Đô,True,False,0,0.6666666666666666,1.0,1.0676031112670898,8.994742393493652,-1.0676031112670898,PARTIAL_SPAN
0015-0010-0008,Thành phố nào đã được ra đời bởi A Nhĩ Thản?,Hohhot,thành phố Hohhot nay thuộc Nội,True,False,0,0.2857142857142857,1.0,-0.8739910125732422,10.727550506591797,0.8739910125732422,SPAN_TOO_LONG
0015-0011-0001,Đến thời điểm nào thì tòan bộ Mông Cổ hiện nay đều thuộc nhà Thanh?,Người Khách Nhĩ Khách cuối cùng quy phục nhà Thanh vào năm 1691,,True,True,0,0.0,1.0,7.997156620025635,2.1469321250915527,-7.997156620025635,ANSWERABLE_PREDICTED_EMPTY
0015-0011-0002,Nhà Thanh có các cuộc đối đầu với người Mãn để làm gì?,,nhằm tranh nhau cướp bóc các thành thị của,False,False,0,0.0,1.0,2.0506505966186523,8.077935218811035,-2.0506505966186523,UNANSWERABLE_FALSE_POSITIVE
0015-0011-0003,Lâm Đan Hãn có các cuộc đối đầu với người Mãn để làm gì?,tranh nhau cướp bóc các thành thị của Trung Quốc,nhằm tranh nhau cướp bóc các thành thị của,True,False,0,0.8421052631578948,1.0,-0.34069252014160156,10.356428146362305,0.34069252014160156,SPAN_TOO_SHORT
0015-0011-0004,Dịch bênh và chiến tranh đã giết chết bao nhiêu người Chuẩn Cát Nhĩ?,60 vạn hoặc hơn,hoặc 60 vạn hoặc,True,False,0,0.75,1.0,-0.7676239013671875,10.724925994873047,0.7676239013671875,PARTIAL_SPAN
0015-0011-0005,Nơi mà nhà Thanh thực hiện cuộc chinh phục và tiêu diệt những người Chuẩn Cát Nhĩ cuối cùng là ở đâu hiện nay?,Tân Cương,phạt Dzungaria nay thuộc,True,False,0,0.0,1.0,-0.764124870300293,10.786636352539062,0.764124870300293,WRONG_SPAN
0015-0011-0006,Người nào đã khai sinh ra nhà Thanh?,người Mãn,. Người Khách Nhĩ,True,False,0,0.4,1.0,-0.4132814407348633,10.370388984680176,0.4132814407348633,SPAN_TOO_LONG
0015-0012-0001,Trung Quốc có tất cả bao nhiêu tu viện tính đến năm 1911?,,có trên 700 tu viện lớn,False,False,0,0.0,1.0,1.2027816772460938,8.92772102355957,-1.2027816772460938,UNANSWERABLE_FALSE_POSITIVE
0015-0012-0002,Bằng cách nào để nhà Thanh cai trị Ngọai Mông đến năm 1911?,"duy trì quyền cai trị Ngọai Mông thông qua một lọat liên minh và thông hôn, cũng như các phương thức quân sự và kinh tế",thông qua một lọat liên minh và thông,True,False,0,0.47058823529411764,1.0,1.807042121887207,8.331180572509766,-1.807042121887207,SPAN_TOO_SHORT
0015-0012-0003,Dân du mục nghèo khổ ngày càng gia tăng là do điều gì?,"Thái độ của giới qúy tộc Mông Cổ, cùng với hành động cho vay nặng lãi của các thương nhân Trung Quốc, cùng thu thuế bằng vàng thay vì động vật",". Thái độ của giới qúy tộc Mông Cổ, cùng với hành động cho vay nặng lãi của các thương nhân Trung Quốc, cùng thu thuế bằng vàng thay vì",True,False,0,0.9666666666666666,1.0,0.6932172775268555,9.313948631286621,-0.6932172775268555,SPAN_TOO_SHORT
0015-0012-0004,Tỷ lệ tăng nhân trong dân số Ngọai Mông là bao nhiêu vào năm 1911?,21%,;,True,False,0,0.0,1.0,0.8567428588867188,9.289175033569336,-0.8567428588867188,WRONG_SPAN
0015-0012-0005,Giới vương công như thế nào trong suốt thế kỷ XIX?,tăng cường quyền đại diện song lại ít chịu trách nhiệm hơn đối với thần dân của mình,công tăng cường quyền đại diện song lại ít chịu trách nhiệm hơn đối với thần dân của,True,False,0,0.9444444444444444,1.0,1.128438949584961,8.99525260925293,-1.128438949584961,PARTIAL_SPAN
0015-0012-0006,Ngọai Mông có tất cả bao nhiêu tu viện tính đến năm 1911?,700 tu viện,có trên 700 tu viện lớn,True,False,0,0.6666666666666666,1.0,1.1063623428344727,9.019376754760742,-1.1063623428344727,SPAN_TOO_LONG
0015-0013-0001,Cách nào đã được Mông Cổ sử dụng để thành lập chế độ cộng sản tại Liên Xô?,,cách tiêu diệt những người liên,False,False,0,0.0,1.0,-1.0969676971435547,11.11876106262207,1.0969676971435547,UNANSWERABLE_FALSE_POSITIVE
0015-0013-0002,"Vào năm 1928, ai là người đã lên nằm quyền Cộng hòa Nhân dân Mông Cổ?",Khorloogiin Choibalsan,", Khorloogiin Choibalsan lên nắm",True,False,0,0.6666666666666666,1.0,1.712127685546875,7.389650344848633,-1.712127685546875,SPAN_TOO_LONG
0015-0013-0003,Chủ nghĩa mà những người lãnh đạo ban đầu của Liên Xô theo là gì?,,theo chủ nghĩa liên,False,False,0,0.0,1.0,-0.9594345092773438,10.960443496704102,0.9594345092773438,UNANSWERABLE_FALSE_POSITIVE
0015-0013-0004,Sau khi Bogd Khaan qua đời thì đất nước nào đã thành lập tại Liên Xô?,,. Nước Cộng hòa Nhân dân,False,False,0,0.0,1.0,-0.9144792556762695,10.71757984161377,0.9144792556762695,UNANSWERABLE_FALSE_POSITIVE
0015-0013-0005,Những nguyên nhân được đưa ra lý giải cho cái chết của Bogd Khaan là gì?,"ung thư thanh quản, hoặc theo một số nguồn là dưới tay các điệp viên Liên Xô",,True,True,0,0.0,1.0,5.006002426147461,5.146966934204102,-5.006002426147461,ANSWERABLE_PREDICTED_EMPTY
0015-0013-0006,Sau khi Bogd Khaan qua đời thì đất nước nào đã thành lập tại Mông Cổ?,Cộng hòa Nhân dân Mông Cổ,"điệp viên Liên Xô, hệ thống chính trị của quốc gia thay đổi. Nước Cộng hòa Nhân dân",True,False,0,0.3333333333333333,1.0,-0.13317298889160156,10.134443283081055,0.13317298889160156,SPAN_TOO_LONG
0015-0013-0007,Chủ nghĩa mà những người lãnh đạo ban đầu của Cộng hòa Nhân dân Mông Cổ theo là gì?,chủ nghĩa liên Mông Cổ,theo chủ nghĩa liên,True,False,0,0.6666666666666665,1.0,-1.144658088684082,11.150842666625977,1.144658088684082,SPAN_TOO_SHORT
0015-0013-0008,Cách nào đã được Liên Xô sử dụng để thành lập chế độ cộng sản tại Mông Cổ?,tiêu diệt những người liên Mông Cổ,cách tiêu diệt những người liên,True,False,0,0.7692307692307692,1.0,-1.2095842361450195,11.172593116760254,1.2095842361450195,SPAN_TOO_SHORT
0015-0014-0001,Kiểu thanh trừng nào đã được bắt đầu sử dụng vào năm 1937 tại Liên Xô?,,. Thanh trừng kiểu,False,False,0,0.0,1.0,-0.7139902114868164,10.681842803955078,0.7139902114868164,UNANSWERABLE_FALSE_POSITIVE
0015-0014-0002,Người Mông Cổ đã nói điều gì quan trọng hơn so với Bohumír Šmeral?,,"rằng ""Nhân dân Mông Cổ không quan trọng, đất mới quan trọng. Đất Mông Cổ lớn hơn Anh, Pháp và",False,False,0,0.0,1.0,2.9286651611328125,7.186371803283691,-2.9286651611328125,UNANSWERABLE_FALSE_POSITIVE
0015-0014-0003,Kết quả dành cho những người lãnh đạo Mông Cổ không chịu thi hành khủng bố Nga theo lệnh người Mông Cổ là gì?,,đều bị người Nga,False,False,0,0.0,1.0,1.1167945861816406,9.015987396240234,-1.1167945861816406,UNANSWERABLE_FALSE_POSITIVE
0015-0014-0004,Số người đã chết thông qua thanh trừng kiểu Stalin tại Mông Cổ là bao nhiêu?,30.000 người,trên 30.000,True,False,0,0.6666666666666666,1.0,-0.2895355224609375,10.331466674804688,0.2895355224609375,PARTIAL_SPAN
0015-0014-0005,Kết quả dành cho những người lãnh đạo Mông Cổ không chịu thi hành khủng bố Mông Cổ theo lệnh người Nga là gì?,bị người Nga hành quyết,đều bị người Nga,True,False,0,0.6666666666666665,1.0,1.0824766159057617,9.046606063842773,-1.0824766159057617,SPAN_TOO_SHORT
0015-0014-0006,Kiểu thanh trừng nào đã được bắt đầu sử dụng vào năm 1937 tại Mông Cổ?,Stalin,. Thanh trừng kiểu,True,False,0,0.0,1.0,-0.8062419891357422,10.649764060974121,0.8062419891357422,WRONG_SPAN
0015-0014-0007,Bohumír Šmeral đã nói điều gì quan trọng hơn so với người Mông Cổ?,"Nhân dân Mông Cổ không quan trọng, đất mới quan trọng","rằng ""Nhân dân Mông Cổ không quan trọng, đất mới quan trọng. Đất Mông Cổ lớn hơn Anh, Pháp và",True,False,0,0.7096774193548387,1.0,1.7813968658447266,8.321495056152344,-1.7813968658447266,SPAN_TOO_LONG
0015-0014-0008,Số người theo Stalin đã chết thông qua thanh trừng tại Mông Cổ là bao nhiêu?,,trên 30.000,False,False,0,0.0,1.0,0.5713872909545898,9.542447090148926,-0.5713872909545898,UNANSWERABLE_FALSE_POSITIVE
0015-0014-0009,Vì sao mà người Buryat bị ngăn chặn bởi người Nga vào năm 1930 khi họ di cư đến Mông Cổ?,đề phòng tái thống nhất liên Mông Cổ,đề phòng tái thống nhất liên,True,False,0,0.8571428571428571,1.0,0.2534618377685547,9.83203411102295,-0.2534618377685547,SPAN_TOO_SHORT
0015-0015-0001,Hội nghị Yalta vào tháng 2 năm 1945 đã quy định điều gì?,Liên Xô tham gia Chiến tranh Thái Bình Dương,về Liên Xô tham gia Chiến tranh,True,False,0,0.75,1.0,0.3249168395996094,9.782514572143555,-0.3249168395996094,SPAN_TOO_SHORT
0015-0015-0002,Cuộc bầu cử diễn ra vào ngày nào với kết quả tuyệt đối số phiếu dành cho độc lập?,ngày 20 tháng 10 năm 1945,vào ngày 20 tháng 10 năm,True,False,0,0.8333333333333334,1.0,-1.4275283813476562,11.125062942504883,1.4275283813476562,PARTIAL_SPAN
0015-0015-0003,Trung Quốc đã liên kết với nước nào trong Chia rẽ Trung-Xô?,,và,False,False,0,0.0,1.0,0.3640928268432617,9.699049949645996,-0.3640928268432617,UNANSWERABLE_FALSE_POSITIVE
0015-0015-0004,Sự công nhận lẫn nhau giữa Đài Loan và Cộng hòa Nhân dân Trung Hoa đã diễn ra vào ngày nào?,,vào ngày 6 tháng 10 năm,False,False,0,0.0,1.0,-1.2584495544433594,11.19012451171875,1.2584495544433594,UNANSWERABLE_FALSE_POSITIVE
0015-0015-0005,Sự công nhận lẫn nhau giữa Mông Cổ và Cộng hòa Nhân dân Trung Hoa đã diễn ra vào ngày nào?,ngày 6 tháng 10 năm 1949,vào ngày 6 tháng 10 năm,True,False,0,0.8333333333333334,1.0,-2.050495147705078,11.703092575073242,2.050495147705078,PARTIAL_SPAN
0015-0015-0006,Nguyên nhân những nổ lực mà Mông Cổ đã bỏ ra nhưng mãi đến năm 1960 mới giành được ghế thành viên tại Liên Hiệp Quốc là gì?,Hoa Kỳ và Trung Hoa Dân Quốc tại Đài Loan phủ quyết,do Hoa Kỳ và Trung Hoa Dân Quốc tại Đài Loan,True,False,0,0.8695652173913043,1.0,-0.09401893615722656,10.24635124206543,0.09401893615722656,SPAN_TOO_SHORT
0015-0015-0007,Cuộc bầu cử diễn ra vào ngày nào với kết quả tuyệt đối số phiếu dành cho Liên Xô?,,vào ngày 20 tháng 10 năm,False,False,0,0.0,1.0,-0.32988643646240234,10.221744537353516,0.32988643646240234,UNANSWERABLE_FALSE_POSITIVE
0015-0015-0008,Mông Cổ đã liên kết với nước nào trong Chia rẽ Trung-Xô?,Liên Xô,nước Cộng hòa Nhân dân,True,False,0,0.0,1.0,0.47652149200439453,9.650588989257812,-0.47652149200439453,WRONG_SPAN
0015-0016-0001,Các địch thủ chính trị của Yumjaagiin Tsedenbal đã bị ông tiêu diệt với sự hỗ trợ từ nước nào?,Liên Xô,Được,True,False,0,0.0,1.0,-0.1069326400756836,9.791152000427246,0.1069326400756836,WRONG_SPAN
0015-0016-0002,Quốc hội đã làm gì khi tình trạnh sức khỏe của Yumjaagiin Tsedenbal có tình trạng rất xấu?,tuyên bố ông nghỉ hưu và thay thế ông bằng Jambyn Batmönkh,quốc hội tuyên bố ông nghỉ,True,False,0,0.4444444444444444,1.0,0.9804105758666992,9.142732620239258,-0.9804105758666992,SPAN_TOO_SHORT
0015-0016-0003,Mong muốn của Liên Xô là giúp cho Mông Cổ có mối quan hệ mật thiết hơn với nước nào?,,,False,True,1,1.0,1.0,6.628997802734375,3.521648406982422,-6.628997802734375,CORRECT_NO_ANSWER
0015-0016-0004,Mong muốn của Yumjaagiin Tsedenbal là giúp cho Mông Cổ có mối quan hệ mật thiết hơn với nước nào?,Liên Xô,với,True,False,0,0.0,1.0,-0.528132438659668,9.952655792236328,0.528132438659668,WRONG_SPAN
0015-0016-0005,Ai là người đứng đầu Mông Cổ kể từ ngày 26 tháng 1 năm 1952?,Yumjaagiin Tsedenbal,",",True,False,0,0.0,1.0,1.6534714698791504,7.2857890129089355,-1.6534714698791504,WRONG_SPAN
0015-0016-0006,Đã bao nhiêu lần Yumjaagiin Tsedenbal đệ trình kế họach hợp nhất Mông Cổ và Liên Xô trong suốt thời gian ông cầm quyền?,năm đến tám lần,đến tám,True,False,0,0.6666666666666666,1.0,-0.23912715911865234,10.35395622253418,0.23912715911865234,SPAN_TOO_SHORT
0015-0016-0007,Quốc hội đã làm gì khi tình trạnh sức khỏe của Jambyn Batmönkh có tình trạng rất xấu?,,quốc hội tuyên bố ông nghỉ,False,False,0,0.0,1.0,1.0160484313964844,9.11264419555664,-1.0160484313964844,UNANSWERABLE_FALSE_POSITIVE
0015-0017-0001,Những vấn đề nào mà Trung Quốc phải đối mặt vào những năm đầu của thập niên 1990?,,với lạm phát cao và thiếu hụt,False,False,0,0.0,1.0,-0.3310699462890625,10.409615516662598,0.3310699462890625,UNANSWERABLE_FALSE_POSITIVE
0015-0017-0002,APEC là tên viết tắt của tổ chức nào?,Diễn đàn Hợp tác Kinh tế châu Á - Thái Bình Dương,của Diễn đàn Hợp tác châu,True,False,0,0.5882352941176471,1.0,1.786956787109375,8.312539100646973,-1.786956787109375,SPAN_TOO_SHORT
0015-0017-0003,Những điều gì tại Mông Cổ đã bị tác động bởi sự tan rã của Liên Xô?,chính trường và thanh niên Mông Cổ,đến chính trường và thanh niên,True,False,0,0.7692307692307692,1.0,3.2119312286376953,6.94343376159668,-3.2119312286376953,SPAN_TOO_SHORT
0015-0017-0004,Tổ chức nào mà Trung Quốc được trao cho vị trí quan sát viên?,,tại Tổ chức Hợp tác,False,False,0,0.0,1.0,-2.3036231994628906,11.696592330932617,2.3036231994628906,UNANSWERABLE_FALSE_POSITIVE
0015-0017-0005,Những vấn đề nào mà Mông Cổ phải đối mặt vào những năm đầu của thập niên 1990?,lạm phát cao và thiếu hụt thực phẩm,với lạm phát cao và thiếu hụt,True,False,0,0.7999999999999999,1.0,-0.25433349609375,10.350131034851074,0.25433349609375,SPAN_TOO_SHORT
0015-0017-0006,Tổ chức nào mà Mông Cổ được trao cho vị trí quan sát viên?,Tổ chức Hợp tác Thượng Hải,tại Tổ chức Hợp tác,True,False,0,0.7272727272727272,1.0,-2.2857141494750977,11.692587852478027,2.2857141494750977,SPAN_TOO_SHORT
0015-0017-0007,APEC là tên bí mật của tổ chức nào?,,"của Diễn đàn Hợp tác châu Á (ACD), Diễn đàn Hợp tác Kinh tế châu Á - Thái Bình Dương (APEC) và trao cho Mông Cổ vị thế quan sát viên tại Tổ chức Hợp tác",False,False,0,0.0,1.0,1.880788803100586,8.229585647583008,-1.880788803100586,UNANSWERABLE_FALSE_POSITIVE
0015-0017-0008,Điều gì đã được sinh ra nhờ vào cuộc cách mạng dân chủ hòa bình năm 1990?,hệ thống đa đảng và kinh tế thị trường,,True,True,0,0.0,1.0,3.6591339111328125,6.495122909545898,-3.6591339111328125,ANSWERABLE_PREDICTED_EMPTY
0015-0018-0001,"Năm 2008, Đảng Nhân dân Cách mạng Mông Cổ đã thành lập tổ chức nào?",chính phủ liên minh với Đảng Dân chủ,với Đảng,True,False,0,0.4,1.0,0.38922119140625,9.759906768798828,-0.38922119140625,SPAN_TOO_SHORT
0015-0018-0002,Chính phủ của Đảng Cộng Hòa Cách mạng Mông Cổ đã được ra đời vào thời gian nào?,,vào năm,False,False,0,0.0,1.0,3.453542709350586,6.688606262207031,-3.453542709350586,UNANSWERABLE_FALSE_POSITIVE
0015-0018-0003,"Năm 2004, cuộc bầu cử diễn ra với sự thắng lợi của đảng nào?",Đảng Nhân dân Cách mạng Mông Cổ,2008 Đảng Nhân dân Cách mạng,True,False,0,0.7692307692307692,1.0,-0.7660646438598633,10.751428604125977,0.7660646438598633,SPAN_TOO_SHORT
0015-0018-0004,Vấn đề gì mà Đảng Nhân dân Cách mạng gặp phải trước sự chiến thắng của mình tại bầu cử?,các cáo buộc gian lận phiếu và các cuộc náo lọan sau đó,với các cáo buộc gian lận phiếu và các cuộc náo lọan sau,True,False,0,0.9230769230769231,1.0,1.9657745361328125,8.182596206665039,-1.9657745361328125,PARTIAL_SPAN
0015-0018-0005,Vị tổng thống Mông Cổ đắc cử năm 1997 và đã đắc cử một lần nữa vào năm nào?,Natsagiin Bagabandi,vào năm,True,False,0,0.0,1.0,-1.110783576965332,10.9185152053833,1.110783576965332,WRONG_SPAN
0015-0018-0006,Chính phủ của Đảng Nhân dân Cách mạng Mông Cổ đã được ra đời vào thời gian nào?,2008,vào năm,True,False,0,0.0,1.0,1.9208641052246094,8.213634490966797,-1.9208641052246094,WRONG_SPAN
0015-0018-0007,Vấn đề gì mà Đảng Nhân dân Cách mạng gặp phải trước sự chiến thắng của Đảng Dân chủ tại bầu cử?,,với các cáo buộc gian lận phiếu và các cuộc náo lọan sau,False,False,0,0.0,1.0,2.617389678955078,7.53790283203125,-2.617389678955078,UNANSWERABLE_FALSE_POSITIVE
0015-0019-0001,Năm 2016 thì đảng nào đã chiến thắng trong bầu cử quốc hội?,Đảng Nhân dân Mông Cổ,. Đảng Nhân dân,True,False,0,0.7499999999999999,1.0,-1.5414180755615234,11.399177551269531,1.5414180755615234,SPAN_TOO_SHORT
0015-0019-0002,"Năm 2012, ai là người chiến thắng trong cuộc bầu cử tổng thống?",,,False,True,1,1.0,1.0,5.483968257904053,4.552929401397705,-5.483968257904053,CORRECT_NO_ANSWER
0015-0019-0003,"Năm 2009, ai là người chiến thắng trong cuộc bầu cử tổng thống?",Tsakhiagiin Elbegdorj,,True,True,0,0.0,1.0,4.086575508117676,5.852873802185059,-4.086575508117676,ANSWERABLE_PREDICTED_EMPTY
0015-0019-0004,Đảng Nhân dân Cách mạng Mông Cổ đã thất bại trong cuộc bầu cử tổng thống năm 2009 trước đối thủ là đảng nào?,Đảng Dân chủ,của Đảng,True,False,0,0.4,1.0,0.4211301803588867,9.631972312927246,-0.4211301803588867,SPAN_TOO_SHORT
0015-0019-0005,Đảng Nhân dân Mông Cổ đã đối mặt với điều gì đầu tiên vào năm 2012?,chịu thất bại lần đầu tiên lịch sử tại kỳ bầu cử địa phương,) chịu thất bại lần đầu tiên lịch sử tại kỳ bầu cử,True,False,0,0.923076923076923,1.0,2.2254457473754883,7.881340980529785,-2.2254457473754883,SPAN_TOO_SHORT
0015-0019-0006,Năm 2016 thì đảng nào đã chiến thắng trong chiến tranh quốc hội?,,. Đảng Nhân dân,False,False,0,0.0,1.0,-0.9017763137817383,10.84329891204834,0.9017763137817383,UNANSWERABLE_FALSE_POSITIVE
0015-0019-0007,Kể từ năm nào thì Đảng Cách mạng Nhân dân Mông Cổ đã đổi thành Đảng Nhân Dân Mông Cổ?,năm 2010,,True,True,0,0.0,1.0,4.44746208190918,5.675164222717285,-4.44746208190918,ANSWERABLE_PREDICTED_EMPTY
0015-0019-0008,Đảng Dân chủ Mông Cổ đã thất bại trong cuộc bầu cử tổng thống năm 2009 trước đối thủ là đảng nào?,,", Đảng Nhân dân",False,False,0,0.0,1.0,-0.5878400802612305,10.545354843139648,0.5878400802612305,UNANSWERABLE_FALSE_POSITIVE
0015-0020-0001,Thủ tướng là chức vụ do ai bổ nhiệm?,Tổng thống,.,True,False,0,0.0,1.0,0.23485374450683594,9.708345413208008,-0.23485374450683594,WRONG_SPAN
0015-0020-0002,Ai là người đề xuất nhằm bầu ra nội các?,Nhân dân,.,True,False,0,0.0,1.0,1.9764060974121094,8.13171672821045,-1.9764060974121094,WRONG_SPAN
0015-0020-0003,Những đảng lớn nhất tại Mông Cổ là đảng nào?,Đảng Nhân dân Mông Cổ và Đảng Dân chủ,là Đảng Nhân dân Mông Cổ và Đảng,True,False,0,0.823529411764706,1.0,-0.9925832748413086,10.995325088500977,0.9925832748413086,SPAN_TOO_SHORT
0015-0020-0004,"Hiện nay, Mông Cổ là nước như thế nào?","một nước cộng hòa dân chủ đại nghị bán tổng thống, theo đó tổng thống được bầu cử trực tiếp",là một nước cộng hòa dân chủ đại nghị bán,True,False,0,0.6,1.0,1.5508365631103516,8.508708953857422,-1.5508365631103516,SPAN_TOO_SHORT
0015-0020-0005,Quan điểm Mông Cổ là quốc gia tự do là của tổ chức nào?,Tổ chức phi chính phủ Freedom House,. Tổ chức phi chính phủ Freedom,True,False,0,0.923076923076923,1.0,-2.1010656356811523,11.652204513549805,2.1010656356811523,SPAN_TOO_SHORT
0015-0020-0006,Quan điểm Pháp là quốc gia tự do là của tổ chức nào?,,. Tổ chức phi chính phủ Freedom,False,False,0,0.0,1.0,-2.0949621200561523,11.638916015625,2.0949621200561523,UNANSWERABLE_FALSE_POSITIVE
0015-0020-0007,Ai là người đề xuất nhằm bầu ra bộ trưởng?,,của,False,False,0,0.0,1.0,2.8338828086853027,7.283634662628174,-2.8338828086853027,UNANSWERABLE_FALSE_POSITIVE
0015-0021-0001,Ai đã trở thành thủ tướng vào năm 2012?,Norovyn Altankhuyag,,True,True,0,0.0,1.0,7.030031204223633,3.017636299133301,-7.030031204223633,ANSWERABLE_PREDICTED_EMPTY
0015-0021-0002,Đảng nào đã chịu sự chi phối của Chính phủ liên minh trong khỏang thời gian 1996-2000?,,. Đảng,False,False,0,0.0,1.0,-1.2521820068359375,11.13075065612793,1.2521820068359375,UNANSWERABLE_FALSE_POSITIVE
0015-0021-0003,"Năm 2018, Đảng nào đã giành chiến thắng trong cuộc bầu cử quốc hội?",,. Đảng Nhân dân,False,False,0,0.0,1.0,-0.870884895324707,10.79055404663086,0.870884895324707,UNANSWERABLE_FALSE_POSITIVE
0015-0021-0004,Trong những khỏang thời gian nào thì Đảng Nhân dân Mông Cổ thành lập chính phủ?,"từ năm 1921 đến năm 1996, và từ năm 2000 đến năm 2004","Mông Cổ từ năm 1921 đến năm 1996, và từ năm 2000 đến năm",True,False,0,0.888888888888889,1.0,1.6267509460449219,8.505749702453613,-1.6267509460449219,SPAN_TOO_LONG
0015-0021-0005,Chính phủ liên minh đã chịu sự chi phối của đảng nào trong khỏang thời gian 1996-2000?,Đảng Dân chủ,. Đảng,True,False,0,0.5,1.0,-1.634389877319336,11.433124542236328,1.634389877319336,SPAN_TOO_SHORT
0015-0021-0006,Ai đã trở thành đại tướng vào năm 2012?,,,False,True,1,1.0,1.0,6.5820136070251465,3.48521089553833,-6.5820136070251465,CORRECT_NO_ANSWER
0015-0021-0007,Ai là người đã thay thế Norovyn Altankhuyag vào năm 2014?,Chimediin Saikhanbileg,,True,True,0,0.0,1.0,5.688687801361084,4.314486980438232,-5.688687801361084,ANSWERABLE_PREDICTED_EMPTY
0015-0021-0008,"Năm 2016, Đảng nào đã giành chiến thắng trong cuộc bầu cử quốc hội?",Đảng Nhân dân Mông Cổ,. Đảng Nhân dân,True,False,0,0.7499999999999999,1.0,-1.7383146286010742,11.37808895111084,1.7383146286010742,SPAN_TOO_SHORT
0015-0021-0009,Ai là người đã thay thế Jargaltulgyn Erdenebat vào năm 2014?,,,False,True,1,1.0,1.0,5.706197261810303,4.2966227531433105,-5.706197261810303,CORRECT_NO_ANSWER
0015-0022-0001,Những yêu cầu dành cho người có muốn trở thành Tổng thống Mông Cổ được Hiến pháp là gì?,"một người sinh ra tại Mông Cổ, ít nhất 45 tuổi, và đã sống ở Mông Cổ trong năm năm trước khi nhậm chức",ra ba,True,False,0,0.07692307692307693,1.0,0.07744979858398438,10.007434844970703,-0.07744979858398438,SPAN_TOO_SHORT
0015-0022-0002,Điều kiện để Tổng thống Mông Cổ có thể làm vô hiệu hóa sự ngăn cản từ nghị viên đến quyết định của họ là gì?,,có biểu quyết thuận với hơn hai phần ba số,False,False,0,0.0,1.0,2.0665054321289062,8.055957794189453,-2.0665054321289062,UNANSWERABLE_FALSE_POSITIVE
0015-0022-0003,Có bao nhiêu yêu cầu dành cho một cá nhân muốn trở thành tổng thống?,ba yêu cầu,ra ba,True,False,0,0.4,1.0,-0.3625345230102539,10.288753509521484,0.3625345230102539,SPAN_TOO_SHORT
0015-0022-0004,Tsakhiagiin Elbegdorj đã tái đắc cử vào năm nào?,2013,vào năm,True,False,0,0.0,1.0,-1.362722396850586,11.13193130493164,1.362722396850586,WRONG_SPAN
0015-0022-0005,Có bao nhiêu yêu cầu dành cho một cá nhân muốn trở thành thủ tướng?,,ra ba,False,False,0,0.0,1.0,-0.14532089233398438,10.106828689575195,0.14532089233398438,UNANSWERABLE_FALSE_POSITIVE
0015-0022-0006,Tsakhiagiin Elbegdorj đã tái bầu cử vào năm nào?,,vào năm,False,False,0,0.0,1.0,-1.3182497024536133,11.087630271911621,1.3182497024536133,UNANSWERABLE_FALSE_POSITIVE
0015-0022-0007,Điều kiện để nghị viên có thể làm vô hiệu hóa sự ngăn cản từ Tổng thống Mông Cổ đến quyết định của họ là gì?,biểu quyết thuận với hơn hai phần ba số phiếu,có biểu quyết,True,False,0,0.30769230769230765,1.0,0.5940341949462891,9.518457412719727,-0.5940341949462891,SPAN_TOO_SHORT
0015-0022-0008,Tổng thống Tsakhiagiin Elbegdorj của Mông Cổ đã bao nhiêu lần giữ đại tướng?,,từng hai,False,False,0,0.0,1.0,-1.191939353942871,10.888653755187988,1.191939353942871,UNANSWERABLE_FALSE_POSITIVE
0015-0022-0009,Tổng thống Tsakhiagiin Elbegdorj của Mông Cổ đã bao nhiêu lần giữ thủ tướng?,hai lần,từng hai,True,False,0,0.5,1.0,-1.4489021301269531,10.936565399169922,1.4489021301269531,PARTIAL_SPAN
0015-0023-0001,Những quốc gia mà Mông Cổ vẫn duy trì mối quan hệ thân cận và ngọai giao là những quốc gia nào?,"Hoa Kỳ, Nga, Bắc Triều Tiên và Hàn Quốc, Nhật Bản, và Cộng hòa Nhân dân Trung Hoa","như Hoa Kỳ, Nga, Bắc Triều Tiên và Hàn Quốc, Nhật Bản, và Cộng hòa Nhân dân",True,False,0,0.9142857142857143,1.0,0.31261539459228516,9.669455528259277,-0.31261539459228516,SPAN_TOO_SHORT
0015-0023-0002,Mông Cổ đã ủng hộ cuộc xâm lược Iraq năm 2003 bằng cách nào?,nhiều lần gửi binh sĩ với số lượng mỗi lần từ 103 tới 180 quân tới Iraq,đã nhiều lần gửi,True,False,0,0.2857142857142857,1.0,1.0414552688598633,8.983606338500977,-1.0414552688598633,SPAN_TOO_SHORT
0015-0023-0003,Mục đích của việc Mông Cổ gửi một tiểu đòan đến Chad vào năm 2009 là gì?,hỗ trợ cho MINURCAT,,True,True,0,0.0,1.0,9.291367590427399,0.8744859099388123,-9.291367590427399,ANSWERABLE_PREDICTED_EMPTY
0015-0023-0004,Iraq đã ủng hộ cuộc xâm lược Mông Cổ năm 2003 bằng cách nào?,,đã nhiều lần gửi binh sĩ với số lượng mỗi lần từ 103 tới 180 quân tới,False,False,0,0.0,1.0,1.3329858779907227,8.718441009521484,-1.3329858779907227,UNANSWERABLE_FALSE_POSITIVE
0015-0023-0005,Cuộc chiến nào mà Mông Cổ đã ủng hộ?,cuộc xâm lược Iraq,ủng hộ cuộc xâm lược Iraq năm,True,False,0,0.7272727272727273,1.0,-1.1130990982055664,11.073813438415527,1.1130990982055664,SPAN_TOO_LONG
0015-0023-0006,"Tại Afghanistan, Mông Cổ hiện nay đã triển khai bao nhiêu quân?",Khỏang 130 lính,. Khỏang 130,True,False,0,0.8,1.0,-0.765629768371582,10.528987884521484,0.765629768371582,SPAN_TOO_SHORT
0015-0024-0001,Kỷ lục nào thuộc thủ đô Ulan Bator?,nhiệt độ trung bình thấp nhất,,True,True,0,0.0,1.0,5.762362480163574,4.3994855880737305,-5.762362480163574,ANSWERABLE_PREDICTED_EMPTY
0015-0024-0002,Đặc điểm mùa mưa tại Mông Cô là gì?,,,False,True,1,1.0,1.0,7.56011962890625,2.598221778869629,-7.56011962890625,CORRECT_NO_ANSWER
0015-0024-0003,Tại Mông Cổ thì sa mạc Sahara nằm ở vị trí nào?,,. Vùng cư cực,False,False,0,0.0,1.0,1.8759431838989258,8.267293930053711,-1.8759431838989258,UNANSWERABLE_FALSE_POSITIVE
0015-0024-0004,Lượng mưa trung bình tại phía bắc Mông Cổ là bao nhiêu?,20 tới 35 centimét một năm,,True,True,0,0.0,1.0,4.989509105682373,5.166945934295654,-4.989509105682373,ANSWERABLE_PREDICTED_EMPTY
0015-0024-0005,Kỷ lục nào thuộc phía nam Mông Cổ?,,,False,True,1,1.0,1.0,3.6055445671081543,6.552517414093018,-3.6055445671081543,CORRECT_NO_ANSWER
0015-0024-0006,Lượng mưa trung bình thấp nhất tại Mông Cổ là ở đâu?,phía nam,ở phía,True,False,0,0.5,1.0,0.03746509552001953,10.067720413208008,-0.03746509552001953,PARTIAL_SPAN
0015-0024-0007,Tại Mông Cổ thì sa mạc Gobi nằm ở vị trí nào?,Vùng cư cực nam,. Vùng cư cực,True,False,0,0.8571428571428571,1.0,-2.001251220703125,11.778444290161133,2.001251220703125,SPAN_TOO_SHORT
0015-0024-0008,Đặc điểm mùa đông tại Mông Cô là gì?,dài và lạnh,,True,True,0,0.0,1.0,3.5761280059814453,6.583070755004883,-3.5761280059814453,ANSWERABLE_PREDICTED_EMPTY
0015-0025-0001,Khi vùng đất sa mạc bị tàn phá thì dẫn đến điều gì?,,tới sự mở rộng của sa mạc,False,False,0,0.0,1.0,3.3217363357543945,6.834590911865234,-3.3217363357543945,UNANSWERABLE_FALSE_POSITIVE
0015-0025-0002,Đặc điểm của vùng đất sa mạc là gì?,,của lọai đất không có đủ thực vật cho những con marmot nhưng đủ cho,False,False,0,0.0,1.0,3.1877098083496094,6.943277359008789,-3.1877098083496094,UNANSWERABLE_FALSE_POSITIVE
0015-0025-0003,Đặc điểm của vùng đất Gobi là gì?,một vùng đá vô dụng nơi thậm chí cả lạc đà hai bướu cũng không sống nổi,,True,True,0,0.0,1.0,3.873459815979004,6.252110481262207,-3.873459815979004,ANSWERABLE_PREDICTED_EMPTY
0015-0025-0004,Tên gọi Gobi là nhằm chỉ vùng đất nào?,một thảo nguyên sa mạc,chỉ một thảo nguyên,True,False,0,0.6666666666666665,1.0,-1.5545930862426758,11.414423942565918,1.5545930862426758,SPAN_TOO_SHORT
0015-0025-0005,Sự phân biệt của người Mông Cổ giữa Gobi và sa mạc có đặc điểm như thế nào?,phân biệt Gobi khỏi sa mạc thực sự,,True,True,0,0.0,1.0,4.33132266998291,5.798525810241699,-4.33132266998291,ANSWERABLE_PREDICTED_EMPTY
0015-0025-0006,Đặc tính của vùng đất có tên gọi Gobi là gì?,không có đủ thực vật cho những con marmot nhưng đủ cho lạc đà,đất không có đủ thực vật cho những con marmot nhưng đủ cho,True,False,0,0.888888888888889,1.0,1.8695507049560547,8.254898071289062,-1.8695507049560547,SPAN_TOO_SHORT
0015-0025-0007,Sự phân biệt của người Mông Cổ giữa Gobi và thảo nguyên có đặc điểm như thế nào?,,,False,True,1,1.0,1.0,3.992356777191162,6.134500980377197,-3.992356777191162,CORRECT_NO_ANSWER
0015-0025-0008,Khi vùng đất Gobi bị tàn phá thì dẫn đến điều gì?,dẫn tới sự mở rộng của sa mạc thực sự,tới sự mở rộng của sa mạc,True,False,0,0.8235294117647058,1.0,1.8750419616699219,8.278427124023438,-1.8750419616699219,SPAN_TOO_SHORT
0015-0026-0001,Năm lòai động vật có vú phổ biến nhất tại Mông Cổ là gì?,"ngựa, dê, cừu, bò, lạc đà","là ngựa, dê, cừu, bò,",True,False,0,0.7272727272727272,1.0,-1.6227092742919922,11.611024856567383,1.6227092742919922,SPAN_TOO_SHORT
0015-0026-0002,Có bao nhiêu lòai cá trong hệ động vật Mông Cổ?,75,",",True,False,0,0.0,1.0,0.7396183013916016,9.395190238952637,-0.7396183013916016,WRONG_SPAN
0015-0026-0003,Tổng số cá thể của năm lòai động vật có vú phổ biến nhất tại Mông Cổ là bao nhiêu?,60 triệu con,tổng số,True,False,0,0.0,1.0,2.696852684020996,7.44460391998291,-2.696852684020996,WRONG_SPAN
0015-0026-0004,Số lượng ngựa Mông Cổ hiện nay là bao nhiêu?,"khỏang trên 2,5 triệu con",,True,True,0,0.0,1.0,6.884502172470093,3.2728207111358643,-6.884502172470093,ANSWERABLE_PREDICTED_EMPTY
0015-0026-0005,Số lượng dê Mông Cổ hiện nay là bao nhiêu?,,,False,True,1,1.0,1.0,6.251702785491943,3.902660846710205,-6.251702785491943,CORRECT_NO_ANSWER
0015-0026-0006,Số lượng lòai chim tại Mông Cổ là bao nhiêu?,449 lòai,có,True,False,0,0.0,1.0,1.6558189392089844,8.482353210449219,-1.6558189392089844,WRONG_SPAN
0015-0027-0001,Hơn phân nữa lượng hàng xuất khẩu của nước nào là sang Mông Cổ?,,là,False,False,0,0.0,1.0,0.08838367462158203,9.85827922821045,-0.08838367462158203,UNANSWERABLE_FALSE_POSITIVE
0015-0027-0002,"Năm 2006, tỷ lệ người Mông Cổ sống dưới mức nghèo khổ là bao nhiêu?",32.2%,"là 35.6% năm 1998, 36.1% năm 2002–2003, 32.2",True,False,0,0.2857142857142857,1.0,-1.6788368225097656,11.48373031616211,1.6788368225097656,SPAN_TOO_LONG
0015-0027-0003,Tốc độ tăng GDP bình quân của Mông Cổ là bao nhiêu kể từ năm 2002?,7.5%,tốc độ 7.5,True,False,0,0.6666666666666666,1.0,-1.3339214324951172,11.443899154663086,1.3339214324951172,SPAN_TOO_LONG
0015-0027-0004,Hơn phân nữa lượng hàng xuất khẩu của Mông Cổ là sang nước nào?,Trung Quốc,sang,True,False,0,0.0,1.0,0.04852294921875,9.885581016540527,-0.04852294921875,WRONG_SPAN
0015-0027-0005,Tốc độ tăng GDP bình quân của Mông Cổ là bao nhiêu kể từ năm 2004?,,tốc độ 7.5,False,False,0,0.0,1.0,-0.5924072265625,10.73923110961914,0.5924072265625,UNANSWERABLE_FALSE_POSITIVE
0015-0027-0006,"Năm 2006, con số 3.2% và 6.0% biểu thị cho điều gì?",tỷ lệ thất nghiệp và lạm phát,cả tỷ lệ thất nghiệp và lạm phát đều khá,True,False,0,0.8235294117647058,1.0,-1.509124755859375,11.441022872924805,1.509124755859375,SPAN_TOO_LONG
0015-0027-0007,"Năm 2006, tỷ lệ người Nga sống dưới mức nghèo khổ là bao nhiêu?",,"là 35.6% năm 1998, 36.1% năm 2002–2003, 32.2",False,False,0,0.0,1.0,-1.6494340896606445,11.459308624267578,1.6494340896606445,UNANSWERABLE_FALSE_POSITIVE
0015-0027-0008,"Năm 2004, Mông Cổ đã phải trả cho Nga một khỏan nợ trị giá bao nhiêu?",$250 triệu,chi trả $250,True,False,0,0.4,1.0,1.7631597518920898,8.369857788085938,-1.7631597518920898,SPAN_TOO_LONG
0015-0028-0001,"Năm 2002, tỷ lệ tăng trưởng sản xuất công nghiệp là bao nhiêu?",4.1%,mức 4.1,True,False,0,0.8,1.0,-2.1322784423828125,11.724998474121094,2.1322784423828125,SPAN_TOO_LONG
0015-0028-0002,Trong GDP thì các ngành nông nghiệp chiếm tỷ lệ bao nhiêu?,20.4%,chiếm 21.4,True,False,0,0.4,1.0,2.733767509460449,7.379219055175781,-2.733767509460449,SPAN_TOO_LONG
0015-0028-0003,Những ngành công nghiệp tại Mông Cổ là gì?,"vật liệu xây dựng, khai mỏ (than, đồng, môlípđen, fluorspar, kẽm, tungsten, và vàng), dầu, thực phẩm và đồ uống, chế biến các sản phẩm từ gia súc, và casơmia và sản xuất sợi tự nhiên",,True,True,0,0.0,1.0,7.477129936218262,2.6753625869750977,-7.477129936218262,ANSWERABLE_PREDICTED_EMPTY
0015-0028-0004,Điều gì là minh chứng cho việc ngành khai mỏ là ngành quan trọng nhất trong các ngành công nghiệp Mông Cổ?,"số lượng công ty Trung Quốc, Nga và Canada có mặt và tiến hành kinh doanh tại Mông Cổ","ở số lượng công ty Trung Quốc, Nga và Canada có mặt và tiến hành kinh doanh tại",True,False,0,0.918918918918919,1.0,0.9478597640991211,9.161200523376465,-0.9478597640991211,SPAN_TOO_SHORT
0015-0028-0005,Điều gì là minh chứng cho việc ngành sản xuất sợi tự nhiên là ngành quan trọng nhất trong các ngành công nghiệp Mông Cổ?,,,False,True,1,1.0,1.0,4.185527324676514,5.961782932281494,-4.185527324676514,CORRECT_NO_ANSWER
0015-0029-0001,Các văn phòng của các công ty cộng nghệ từ những nước nào đã có mặt tại Mông Cổ?,Hàn Quốc và Cộng hòa Nhân dân Trung Hoa,như Hàn Quốc và Cộng hòa Nhân dân,True,False,0,0.823529411764706,1.0,-2.02780818939209,11.509403228759766,2.02780818939209,SPAN_TOO_SHORT
0015-0029-0002,Những công ty từ các nước láng giềng mở văn phòng tại Mông Cổ là có ý định tập trung làm gì?,phát triển phần mềm,vào phát triển,True,False,0,0.5714285714285715,1.0,0.2464742660522461,9.871322631835938,-0.2464742660522461,SPAN_TOO_SHORT
0015-0029-0003,Mobicom Corporation và Magicnet là những công ty như thế nào?,những nhà điều hành điện thọai di động và ISP lớn nhất ở Mông Cổ,,True,True,0,0.0,1.0,4.815454483032227,5.311385154724121,-4.815454483032227,ANSWERABLE_PREDICTED_EMPTY
0015-0029-0004,Điều gì đã xảy ra từ việc các công ty viễn thông và các nhà cung cấp internet xuất hiện?,sự cạnh tranh lớn trên thị trường internet và điện thọai,,True,True,0,0.0,1.0,8.721315860748291,1.4283127784729004,-8.721315860748291,ANSWERABLE_PREDICTED_EMPTY
0015-0029-0005,Những công ty từ Mông Cổ mở văn phòng tại các nước láng giềng là có ý định tập trung làm gì?,,vào phát triển,False,False,0,0.0,1.0,-0.024524688720703125,10.136726379394531,0.024524688720703125,UNANSWERABLE_FALSE_POSITIVE
0015-0029-0006,Điều gì đã xảy ra từ việc các công ty truyền thông và các nhà cung cấp internet xuất hiện?,,,False,True,1,1.0,1.0,9.498106598854065,0.6503785848617554,-9.498106598854065,CORRECT_NO_ANSWER
0015-0030-0001,Số người có độ tuổi dưới 30 chiếm tỷ lệ bao nhiêu tại Hoa Kỳ?,,", 27% trong số đó dưới",False,False,0,0.0,1.0,2.8751354217529297,7.273604393005371,-2.8751354217529297,UNANSWERABLE_FALSE_POSITIVE
0015-0030-0002,Điều gì xảy ra trước sự gia tăng về kinh tế và dân số khá trẻ tại Mông Cổ?,,,False,True,1,1.0,1.0,7.27726411819458,2.896728992462158,-7.27726411819458,CORRECT_NO_ANSWER
0015-0030-0003,Văn phòng Điều tra Hoa Kỳ đã đưa ra dân số Mông Cổ là bao nhiêu vào tháng 7 năm 2007?,2.951.786 người,là 2.951.786,True,False,0,0.75,1.0,-1.4251823425292969,11.331669807434082,1.4251823425292969,PARTIAL_SPAN
0015-0030-0004,Ước tính vào năm 2007 thì tốc độ tăng trưởng dân số tại Mông Cổ là bao nhiêu?,1.2%,mức 1.2,True,False,0,0.8,1.0,-1.4894800186157227,11.628179550170898,1.4894800186157227,SPAN_TOO_LONG
0015-0030-0005,Số người có độ tuổi dưới 30 chiếm tỷ lệ bao nhiêu tại Mông Cổ?,Khỏang 59%,", 27",True,False,0,0.0,1.0,1.7653045654296875,8.36260986328125,-1.7653045654296875,WRONG_SPAN
0015-0030-0006,Văn phòng Điều tra Mông Cổ đã đưa ra dân số Hoa Kỳ là bao nhiêu vào tháng 7 năm 2007?,,là 2.951.786,False,False,0,0.0,1.0,-1.3166980743408203,11.239545822143555,1.3166980743408203,UNANSWERABLE_FALSE_POSITIVE
0015-0030-0007,Điều gì xảy ra trước sự gia tăng về dân số và dân số khá trẻ tại Mông Cổ?,đặt ra một số vấn đề với nền kinh tế Mông Cổ,,True,True,0,0.0,1.0,6.8627541065216064,3.3098208904266357,-6.8627541065216064,ANSWERABLE_PREDICTED_EMPTY
0015-0030-0008,2.629.000 là dân số Mông Cổ vào giữa năm 2007 và số liệu đó do tổ chức nào đưa ra?,Cục Kinh tế và các Vấn đề Xã hội Liên hiệp quốc Phòng dân số,. Cục Kinh tế và các Vấn đề Xã hội Liên hiệp quốc Phòng,True,False,0,0.9285714285714286,1.0,-1.9245367050170898,11.428165435791016,1.9245367050170898,SPAN_TOO_SHORT
0015-0031-0001,Trong dân số Trung Quốc thì 90% là người gì?,,". Người Turk (Kazakh, Tuva, và Chantuu (Uzbek) chiếm 7% dân số Mông Cổ, và số còn lại là người Tungus, Trung Quốc, và người",False,False,0,0.0,1.0,2.037665367126465,8.029308319091797,-2.037665367126465,UNANSWERABLE_FALSE_POSITIVE
0015-0031-0002,"Tại Mông Cổ, ngòai người Khalkha thì còn có những ai?","Buryat, Durbet Mông Cổ và các nhóm khác ở phía bắc và Dariganga Mông Cổ",,True,True,0,0.0,1.0,3.6754188537597656,6.463750839233398,-3.6754188537597656,ANSWERABLE_PREDICTED_EMPTY
0015-0031-0003,Tỷ lệ sắc tộc Buryat là bao nhiêu trong dân số Mông Cổ?,,,False,True,1,1.0,1.0,6.123237133026123,4.000980854034424,-6.123237133026123,CORRECT_NO_ANSWER
0015-0031-0004,"Trong nhóm người Turk thì ngòai người Kazakh, Tuva, và Chantuu còn có những người nào?","người Tungus, Trung Quốc, và người Nga","là người Tungus, Trung Quốc, và người",True,False,0,0.8571428571428571,1.0,-0.7535476684570312,10.731739044189453,0.7535476684570312,PARTIAL_SPAN
0015-0031-0005,Người Nga đa phần đã không còn ở lại Mông Cổ kể từ sự kiện nào?,sự rút lui hỗ trợ kinh tế và sự sụp đổ của Liên bang Xô viết năm 1991,sau sự rút lui hỗ trợ kinh tế và sự sụp đổ của Liên bang Xô viết năm,True,False,0,0.9444444444444444,1.0,-1.8074569702148438,11.60463809967041,1.8074569702148438,PARTIAL_SPAN
0015-0031-0006,Trong dân số Mông Cổ thì 90% là người gì?,Người Khalkha,". Người Turk (Kazakh, Tuva, và Chantuu (Uzbek) chiếm 7% dân số Mông Cổ, và số còn lại là người Tungus, Trung Quốc, và người",True,False,0,0.07692307692307693,1.0,1.4832420349121094,8.196918487548828,-1.4832420349121094,SPAN_TOO_LONG
0015-0031-0007,Tỷ lệ sắc tộc Mông Cổ là bao nhiêu trong dân số Mông Cổ?,85%,,True,True,0,0.0,1.0,4.234859943389893,5.8796706199646,-4.234859943389893,ANSWERABLE_PREDICTED_EMPTY
0015-0032-0001,Lý do mà có những người lớn tuổi và có học tại Đức lại sử dụng được tiếng Mông Cổ là gì?,,,False,True,1,1.0,1.0,6.278297185897827,3.895487070083618,-6.278297185897827,CORRECT_NO_ANSWER
0015-0032-0002,"Tại Mông Cổ, ngôn ngữ nào dành cho người điếc?",ngôn ngữ ký hiệu Mông Cổ,sử dụng ngôn ngữ,True,False,0,0.4,1.0,-0.6096906661987305,10.64633560180664,0.6096906661987305,SPAN_TOO_SHORT
0015-0032-0003,Vì sao mà tại Mông Cổ lại có sự phổ biến dần của tiếng Triều Tiên?,có hàng chục nghìn người Mông Cổ làm việc ở Hàn Quốc,,True,True,0,0.0,1.0,5.641989231109619,4.5276055335998535,-5.641989231109619,ANSWERABLE_PREDICTED_EMPTY
0015-0032-0004,Tiếng nói phổ biến sau tiếng Nga tại Mông Cổ là tiếng nào?,tiếng Anh,là tiếng,True,False,0,0.5,1.0,-1.1001739501953125,10.941740036010742,1.1001739501953125,PARTIAL_SPAN
0015-0032-0005,Các ngôn ngữ nào được sử dụng tại phía tây Mông Cổ?,"tiếng Kazakh và tiếng Tuva, cùng với các ngôn ngữ khác",",",True,False,0,0.0,1.0,2.309744358062744,7.422901630401611,-2.309744358062744,WRONG_SPAN
0015-0032-0006,Lý do mà có những người lớn tuổi và có học tại Mông Cổ lại sử dụng được tiếng Đức là gì?,họ đã từng theo học tại Đông Đức cũ,,True,True,0,0.0,1.0,5.535962104797363,4.636187553405762,-5.535962104797363,ANSWERABLE_PREDICTED_EMPTY
0015-0032-0007,Các ngôn ngữ nào được sử dụng tại phía tây Nga?,,",",False,False,1,1.0,1.0,2.2473535537719727,7.432406425476074,-2.2473535537719727,UNANSWERABLE_FALSE_POSITIVE
0015-0033-0001,Tại vùng đất của Mông Cổ ngày nay thì trước kia đã được thực hiện những hình thức của các tôn giáo nào?,Tengri giáo và Shaman giáo,hình thức Tengri giáo và Shaman,True,False,0,0.7272727272727272,1.0,-1.8749608993530273,11.49701976776123,1.8749608993530273,SPAN_TOO_LONG
0015-0033-0002,Vì sao mà các hình thức của Phật giáo và Shaman giáo được thực hiện nhiều tại vùng đất Mông Cổ xưa kia?,,,False,True,1,1.0,1.0,8.390491008758545,1.767651081085205,-8.390491008758545,CORRECT_NO_ANSWER
0015-0033-0003,Tôn giáo nào đã dần thay thế Tengri giáo và Shaman giáo tại Mông Cổ?,Phật giáo Tây Tạng,cho Phật giáo,True,False,0,0.5714285714285715,1.0,-1.1077423095703125,11.070150375366211,1.1077423095703125,SPAN_TOO_SHORT
0015-0033-0004,Vì sao mà các hình thức của Tengri giáo và Shaman giáo được thực hiện nhiều tại vùng đất Mông Cổ xưa kia?,những đức tin đó là phổ thông trong số những người du mục trong lịch sử châu Á,,True,True,0,0.0,1.0,7.506494998931885,2.6524786949157715,-7.506494998931885,ANSWERABLE_PREDICTED_EMPTY
0015-0033-0005,Hồi giáo là tôn giáo được ưa chuộng trong giai cấp nào?,tầng lớp tinh hoa của Mông Cổ thời Đế chế Mông Cổ,Trong tầng lớp tinh hoa của Mông Cổ thời Đế chế,True,False,0,0.8695652173913043,1.0,-1.654642105102539,11.566325187683105,1.654642105102539,SPAN_TOO_SHORT
0015-0033-0006,Lý do nào mà Hồi giáo trở thành tôn giáo được ưa chuộng ở tầng lớp tinh hoa Mông Cổ?,ba trong bốn vị hãn danh tiếng nhất đều là tín đồ Hồi giáo,,True,True,0,0.0,1.0,5.220476150512695,4.930004119873047,-5.220476150512695,ANSWERABLE_PREDICTED_EMPTY
0015-0033-0007,Phật giáo là tôn giáo được ưa chuộng trong giai cấp nào?,,Trong tầng lớp tinh hoa của Mông Cổ thời Đế chế,False,False,0,0.0,1.0,0.47499847412109375,9.632739067077637,-0.47499847412109375,UNANSWERABLE_FALSE_POSITIVE
0015-0034-0001,Vào năm nào thì sự tan rã của các tôn giáo đã diễn ra?,,cộng sản năm,False,False,0,0.0,1.0,0.02066516876220703,10.098814010620117,-0.02066516876220703,UNANSWERABLE_FALSE_POSITIVE
0015-0034-0002,Thiên chúa giáo và Hồi giáo đã có cơ hội phát triển kể từ sau khi sự kiện gì xảy ra?,Sự chấm dứt đàn áp tôn giáo trong thập niên 1990,. Sự chấm dứt đàn áp tôn giáo trong thập niên,True,False,0,0.9523809523809523,1.0,-1.65447998046875,11.551153182983398,1.65447998046875,SPAN_TOO_SHORT
0015-0034-0003,Vào năm nào thì Thiên chúa giáo tại Mông Cổ chỉ có 4 tín độ?,năm 1989,thời điểm năm,True,False,0,0.4,1.0,1.8585205078125,8.280698776245117,-1.8585205078125,SPAN_TOO_LONG
0015-0034-0004,Vào năm nào thì sự tan rã của chủ nghĩa cộng sản đã diễn ra?,1991,cộng sản năm,True,False,0,0.0,1.0,-1.596999168395996,11.149428367614746,1.596999168395996,WRONG_SPAN
0015-0034-0005,Thiên chúa giáo và cộng sản đã có cơ hội phát triển kể từ sau khi sự kiện gì xảy ra?,,. Sự chấm dứt đàn áp tôn giáo trong thập niên,False,False,0,0.0,1.0,0.714259147644043,9.396777153015137,-0.714259147644043,UNANSWERABLE_FALSE_POSITIVE
0015-0034-0006,Vào năm 2008 thì số lượng tín đồ của Thiên chúa giáo là bao nhiêu?,khỏang 40.000,lên khỏang,True,False,0,0.4,1.0,-0.0055522918701171875,10.065153121948242,0.0055522918701171875,SPAN_TOO_SHORT
0015-0034-0007,Vào năm 2008 thì số lượng tín đồ của Hồi giáo là bao nhiêu?,,lên khỏang,False,False,0,0.0,1.0,0.4856529235839844,9.61024284362793,-0.4856529235839844,UNANSWERABLE_FALSE_POSITIVE
0015-0035-0001,Nhân kỷ niệm sự kiện nào mà Lễ hội Naadam được tổ chức ngày 11 tháng 1 đến ngày 13 tháng 7?,ngày Cách mạng Dân chủ Quốc gia và thành lập Nhà nước Đại Mông Cổ,kỷ niệm ngày Cách mạng Dân chủ Quốc gia và thành lập Nhà nước Đại,True,False,0,0.8666666666666667,1.0,-1.6975688934326172,11.394041061401367,1.6975688934326172,PARTIAL_SPAN
0015-0035-0002,Ngòai vật ra thì còn có môn thể thao nào góp mặt trong lễ hội Naadam?,"Mông Cổ, bắn cung, đua ngựa",", bắn cung, đua",True,False,0,0.6666666666666666,1.0,-0.8298912048339844,10.85321044921875,0.8298912048339844,SPAN_TOO_SHORT
0015-0035-0003,Nhân kỷ niệm sự kiện nào mà Lễ hội Naadam được tổ chức ngày ngày 13 tháng 7 đến 11 tháng 1 năm sau?,,kỷ niệm ngày Cách mạng Dân chủ Quốc gia và thành lập Nhà nước Đại,False,False,0,0.0,1.0,-1.1611614227294922,11.052013397216797,1.1611614227294922,UNANSWERABLE_FALSE_POSITIVE
0015-0035-0004,Có bao nhiêu môn thể thao được chơi trong lễ hội Naadam?,ba,", bắn cung, đua ngựa (qua những khỏang cách điền dã dài, chứ không phải đua những quãng ngắn quanh một sân vận động như kiểu phương Tây), và",True,False,0,0.0,1.0,0.26637744903564453,9.658609390258789,-0.26637744903564453,WRONG_SPAN
0015-0036-0001,Luật mới đối với Người khổng lồ đã được nghị viện Mông Cổ thêm vào kể từ năm nào?,,đầu từ năm,False,False,0,0.0,1.0,-0.9525127410888672,10.958678245544434,0.9525127410888672,UNANSWERABLE_FALSE_POSITIVE
0015-0036-0002,Danh hiệu mà người chiến thắng ở vòng bảy và tám có ngĩa là gì?,voi,,True,True,0,0.0,1.0,5.423042297363281,4.735074996948242,-5.423042297363281,ANSWERABLE_PREDICTED_EMPTY
0015-0036-0003,Người khổng lồ là danh hiệu dành cho ai ở môn đô vật?,avarga,danh hiệu avarga (Người,True,False,0,0.4,1.0,1.8552818298339844,8.141117095947266,-1.8552818298339844,SPAN_TOO_LONG
0015-0036-0004,Danh hiệu nào sẽ được trao cho người chiến thắng ở vòng mười và mười một?,arslan,,True,True,0,0.0,1.0,5.057771682739258,5.098911285400391,-5.057771682739258,ANSWERABLE_PREDICTED_EMPTY
0015-0036-0005,Luật mới đối với Naadam đã được nghị viện Mông Cổ thêm vào kể từ năm nào?,năm 2003,đầu từ năm,True,False,0,0.4,1.0,-1.6694421768188477,11.291483879089355,1.6694421768188477,SPAN_TOO_LONG
0015-0036-0006,Những danh hiệu nào đã được thêm vào kể từ năm 2003?,danh hiệu iarudi và Khartsaga,Các danh hiệu iarudi và Khartsaga (Chim ưng,True,False,0,0.7692307692307693,1.0,0.579625129699707,9.468899726867676,-0.579625129699707,SPAN_TOO_LONG
0015-0037-0001,Các công trình có cấu trúc như yurt cần được mở rộng cho đủ số lượng tín đồ thì các nhà sư Mông Cổ đã làm gì?,,đã sử dụng các cấu trúc với 6 và 12 góc với các mái kiểu,False,False,0,0.0,1.0,2.8587851524353027,7.278306484222412,-2.8587851524353027,UNANSWERABLE_FALSE_POSITIVE
0015-0037-0002,Tên gọi nào dược sử dụng để chỉ những nơi cư ngụ của người Mông Cổ trước kia?,yurt,một yurt (Tiếng Mông Cổ:,True,False,0,0.33333333333333337,1.0,1.0254278182983398,8.943016052246094,-1.0254278182983398,SPAN_TOO_LONG
0015-0037-0003,Theo quan điểm của ai thì các yurt là được bắt đầu từ kiến trúc truyền thống Mông Cổ?,,Theo nghệ sĩ và nhà phê bình nghệ thuật,False,False,0,0.0,1.0,0.6991205215454102,9.206551551818848,-0.6991205215454102,UNANSWERABLE_FALSE_POSITIVE
0015-0037-0004,Điều gì đã xảy ra khi tiến hành mở rộng hơn nữa các ngôi đền?,hình dạng bậc hai của các đền,tới hình dạng bậc hai của các,True,False,0,0.8571428571428571,1.0,2.6340408325195312,7.530695915222168,-2.6340408325195312,PARTIAL_SPAN
0015-0037-0005,Các công trình có cấu trúc như yurt cần được mở rộng cho đủ số lượng tín đồ thì các kiến trúc sư Mông Cổ đã làm gì?,sử dụng các cấu trúc với 6 và 12 góc với các mái kiểu kim tự tháp để thích hợp với hình dáng tròn của yurt,đã sử dụng các cấu trúc với 6 và 12 góc với các mái kiểu,True,False,0,0.6829268292682926,1.0,1.6568241119384766,8.439557075500488,-1.6568241119384766,SPAN_TOO_SHORT
0015-0037-0006,Theo quan điểm của ai thì kiến trúc truyền thống Mông Cổ là được bắt đầu từ các yurt?,N. Chultem,"Theo nghệ sĩ và nhà phê bình nghệ thuật Mông Cổ N. Chultem, các yurt và lều",True,False,0,0.21052631578947367,1.0,0.9977941513061523,8.976418495178223,-0.9977941513061523,SPAN_TOO_LONG
0015-0037-0007,"Vật liệu nào đã đươc dùng thay thế cho các bức tường kiểu lưới mắt cáo, cột chống mái và các lớp nỉ?","đá, gạch, các dầm và những tấm ván","bằng đá, gạch, các dầm và những tấm",True,False,0,0.875,1.0,-1.9176578521728516,11.666133880615234,1.9176578521728516,PARTIAL_SPAN
0015-0038-0001,Đại diện cho phong cách kiến trúc Trung Quốc là công trình nào?,,,False,True,1,1.0,1.0,7.7074878215789795,2.4295895099639893,-7.7074878215789795,CORRECT_NO_ANSWER
0015-0038-0002,Ai là người đã thiết kể cho ngôi đền dạng bậc hai Batu-Tsagaan?,Zanabazar,bởi,True,False,0,0.0,1.0,3.441255569458008,6.2418365478515625,-3.441255569458008,WRONG_SPAN
0015-0038-0003,Vị trí tọa lạc của đền Lavrin là ở đâu?,lama Erdene Zuu,,True,True,0,0.0,1.0,5.249462127685547,4.86998176574707,-5.249462127685547,ANSWERABLE_PREDICTED_EMPTY
0015-0038-0004,Trước khi bị tháo dỡ thì đền Maitreya mang phong cách kiến trúc gì?,Tây Tạng-Mông Cổ,,True,True,0,0.0,1.0,4.4876861572265625,5.670871734619141,-4.4876861572265625,ANSWERABLE_PREDICTED_EMPTY
0015-0038-0005,Hiện nay thì lama Choijing Lamiin Sume đang được sử dụng làm gì?,bảo tàng,,True,True,0,0.0,1.0,3.6736502647399902,6.481190204620361,-3.6736502647399902,ANSWERABLE_PREDICTED_EMPTY
0015-0038-0006,Đại diện cho phong cách kiến trúc yurt là công trình nào?,lama Dashi-Choiling,,True,True,0,0.0,1.0,7.204329013824463,2.904752254486084,-7.204329013824463,ANSWERABLE_PREDICTED_EMPTY
0015-0039-0001,Khi Liên Xô tan rã thì thay thế cho nhà nước độc đảng là một chế độ như thế nào?,chế độ dân chủ đa đảng,một chế độ dân chủ đa,True,False,0,0.8333333333333334,1.0,1.839620590209961,8.29736328125,-1.839620590209961,PARTIAL_SPAN
0015-0039-0002,Tờ báo nào đã được ra đời thông qua mối quan hệ thân cận của báo chí Mông Cổ với Liên Xô?,Unen,"thành lập tờ báo Unen (""Sự thật"") tương tự tờ Pravda",True,False,0,0.16666666666666669,1.0,1.7048110961914062,8.371597290039062,-1.7048110961914062,SPAN_TOO_LONG
0015-0039-0003,Điều gì là không được phép tại Mông Cổ trong thời gian thực hiện cải cách trong thập niên 1990?,sự tồn tại của truyền thông độc lập,phép sự tồn tại của truyền thông,True,False,0,0.7999999999999999,1.0,-0.5016822814941406,10.570011138916016,0.5016822814941406,SPAN_TOO_SHORT
0015-0039-0004,Điều gì là không được phép tại Liên Xô trong thời gian thực hiện cải cách trong thập niên 1990?,,phép sự tồn tại của truyền thông,False,False,0,0.0,1.0,-0.3213462829589844,10.403936386108398,0.3213462829589844,UNANSWERABLE_FALSE_POSITIVE
0015-0039-0005,Điều gì được đưa lên hàng đầu khi chế độ của Liên Bang Xô Viết được hình thành?,,", những quyền tự do của",False,False,0,0.0,1.0,-1.813629150390625,11.459592819213867,1.813629150390625,UNANSWERABLE_FALSE_POSITIVE
0015-0039-0006,Tờ báo nào đã được ra đời thông qua mối quan hệ thân cận của báo chí Mông Cổ với chế độ dân chủ?,,"thành lập tờ báo Unen (""Sự thật"") tương tự tờ Pravda",False,False,0,0.0,1.0,2.1129040718078613,7.981303691864014,-2.1129040718078613,UNANSWERABLE_FALSE_POSITIVE
0015-0039-0007,Tổ chức nào quản lí mối quan hệ thân thiết của Liên Xô với báo chí Mông Cổ?,Đảng Cộng sản,của Đảng,True,False,0,0.4,1.0,-1.9481935501098633,11.370255470275879,1.9481935501098633,SPAN_TOO_SHORT
0015-0039-0008,Điều gì được đưa lên hàng đầu khi chế độ dân chủ đa đảng được hình thành?,những quyền tự do của truyền thông,", những quyền tự do của",True,False,0,0.8333333333333333,1.0,-2.0379161834716797,11.535204887390137,2.0379161834716797,SPAN_TOO_SHORT
0015-0040-0001,Nếu được xếp hạng 1 trong bảng xếp hạng môi trường báo chí thì điều đó đồng nghĩa với điều gì đối với các sinh viên?,,là tự do,False,False,0,0.0,1.0,0.9857759475708008,9.151346206665039,-0.9857759475708008,UNANSWERABLE_FALSE_POSITIVE
0015-0040-0002,Thông qua sự kiện nào mà môi trường tự nhiên đã được cải thiện?,,,False,True,1,1.0,1.0,4.794182777404785,5.313872337341309,-4.794182777404785,CORRECT_NO_ANSWER
0015-0040-0003,Nếu được xếp hạng 1 trong bảng xếp hạng môi trường báo chí thì điều đó đồng nghĩa với điều gì đối với ngành báo chí?,tự do nhất,là tự do,True,False,0,0.6666666666666666,1.0,-0.011661529541015625,10.134119033813477,0.011661529541015625,PARTIAL_SPAN
0015-0040-0004,Lý do nào đã khiến cho số nhân viên làm việc trong ngành báo chí tăng lên?,Những cuộc cải cách thị trường,. Những cuộc cải cách,True,False,0,0.8,1.0,-1.278000831604004,11.231799125671387,1.278000831604004,SPAN_TOO_SHORT
0015-0040-0005,Thông qua sự kiện nào mà môi trường báo chí đã được cải thiện?,"chính phủ thảo luận một Đạo luật Tự do Thông tin, và lọai bỏ bất kỳ một sự liên quan nào của truyền thông tới chính phủ",,True,True,0,0.0,1.0,4.688721179962158,5.409908771514893,-4.688721179962158,ANSWERABLE_PREDICTED_EMPTY
0015-0040-0006,Tổ chức nào đã đưa ra số liệu về xếp hạng môi trường báo chí?,Tổ chức Phóng viên Không Biên giới,", Tổ chức Phóng viên Không",True,False,0,0.8333333333333333,1.0,-1.8634662628173828,11.688432693481445,1.8634662628173828,SPAN_TOO_SHORT
0015-0040-0007,Tổ chức nào đã đưa ra số liệu về xếp hạng của các chính phủ?,,", Tổ chức Phóng viên Không",False,False,0,0.0,1.0,-1.195408821105957,11.227170944213867,1.195408821105957,UNANSWERABLE_FALSE_POSITIVE
0016-0001-0001,Thành phố chính cùng các khu vực ngọai ô phụ cận nằm trên hòn đảo lớn thuộc sông nào?,Saint-Laurent,giữa sông Saint-,True,False,0,0.4,1.0,-2.1480321884155273,11.743707656860352,2.1480321884155273,SPAN_TOO_LONG
0016-0001-0002,Đảo Montréal có vị trí địa lí như thế nào?,"nằm ở phía tây-nam của Thành phố Québec - thủ phủ của tỉnh bang - khỏang 200 km, và độ 150 km về phía đông của Ottawa - thủ đô của Canada",,True,True,0,0.0,1.0,9.24115651845932,0.9176340699195862,-9.24115651845932,ANSWERABLE_PREDICTED_EMPTY
0016-0001-0003,"Thành phố nào đối diện qua phía nam của sông Saint-Laurent là Longeuil, Brossard, Saint-Hubert,...?",Montréal,là,True,False,0,0.0,1.0,2.399372100830078,7.090258598327637,-2.399372100830078,WRONG_SPAN
0016-0001-0004,Đảo Montréal và các đảo nhỏ hơn lân cận chiếm diện tích bao nhiêu?,500 km²,,True,True,0,0.0,1.0,7.461430072784424,2.6749625205993652,-7.461430072784424,ANSWERABLE_PREDICTED_EMPTY
0016-0002-0001,"Vào năm 1642, ai là người thành lập ra Montréal thuộc một làng ngày nay?",,,False,True,1,1.0,1.0,3.5874290466308594,6.060482978820801,-3.5874290466308594,CORRECT_NO_ANSWER
0016-0002-0002,Những thổ dân nào sinh sống trên hòn đảo Montréal hàng ngàn năm trước?,"Algonquin, Huron và Iroquois",", các dân di cư từ Anh, Ireland, Scotland và những nơi khác ở Âu",True,False,0,0.11111111111111112,1.0,1.469818115234375,8.194944381713867,-1.469818115234375,SPAN_TOO_LONG
0016-0002-0003,Những thổ dân nào sinh sống trên hòn đảo Bắc Mỹ hàng ngàn năm trước?,,của,False,False,0,0.0,1.0,3.133220672607422,6.699991226196289,-3.133220672607422,UNANSWERABLE_FALSE_POSITIVE
0016-0002-0004,Thời gian nào là thời gian vàng kim của Algonquin?,,. Từ thập niên 1860 đến thập niên,False,False,0,0.0,1.0,1.2945003509521484,8.840707778930664,-1.2945003509521484,UNANSWERABLE_FALSE_POSITIVE
0016-0002-0005,Jacques Cartier đến thám hiểm khu vực Bắc Mỹ vào năm nào?,1535,vào đầu thế kỷ,True,False,0,0.0,1.0,-0.34597206115722656,10.398375511169434,0.34597206115722656,WRONG_SPAN
0016-0002-0006,"Vào những năm 1760, vùng đất Montréal ngòai người Pháp thì còn thu hút những cư dân nào đến làm việc và sinh sống?","Anh, Ireland, Scotland và những nơi khác ở Âu Châu",", các dân di cư từ Anh, Ireland, Scotland và những nơi khác ở Âu",True,False,0,0.75,1.0,-0.4334297180175781,10.509565353393555,0.4334297180175781,SPAN_TOO_LONG
0016-0002-0007,Thời gian nào là thời gian vàng kim của Montréal?,Từ thập niên 1860 đến thập niên 1930,. Từ thập niên 1860 đến thập niên,True,False,0,0.9333333333333333,1.0,-1.1741905212402344,11.159280776977539,1.1741905212402344,SPAN_TOO_SHORT
0016-0002-0008,"Vào năm 1642, ai là người thành lập ra một làng thuộc Montréal ngày nay?",aul de Chomedey de Maisonneuve và Jeanne Mance,,True,True,0,0.0,1.0,3.620274543762207,5.975248336791992,-3.620274543762207,ANSWERABLE_PREDICTED_EMPTY
0016-0003-0001,Ở Đại Tây Dương có các nhà thờ to nhỏ khác nhau dưới sự ảnh hưởng của tôn giáo nào?,,của Giáo hội Công giáo,False,False,0,0.0,1.0,-2.2747278213500977,11.773972511291504,2.2747278213500977,UNANSWERABLE_FALSE_POSITIVE
0016-0003-0002,Bằng chứng nào cho thấy Montréal là một thành phố đa văn hóa?,"Dưới ảnh hưởng của hai nền văn hóa Anh và văn hóa Pháp, cộng thêm vào đó là dân cư nói nhiều thứ tiếng",,True,True,0,0.0,1.0,8.841630697250366,1.3274624347686768,-8.841630697250366,ANSWERABLE_PREDICTED_EMPTY
0016-0003-0003,Montréal là một thành phố quan trọng dối với Bắc Mỹ nói riêng và thế giới nói chung về những phương diện nào?,"hương mại, kỹ nghệ, đầu tư, chính trị, du lịch và nhất là về các họat động văn hóa",,True,True,0,0.0,1.0,5.601795196533203,4.5692291259765625,-5.601795196533203,ANSWERABLE_PREDICTED_EMPTY
0016-0003-0004,Tại sao Montréal trở thành một cái gạch nối tự nhiên giữa châu Âu và Bắc Mỹ?,"Dưới ảnh hưởng của hai nền văn hóa Anh và văn hóa Pháp, cộng thêm vào đó là dân cư nói nhiều thứ tiếng",". Dưới ảnh hưởng của hai nền văn hóa Anh và văn hóa Pháp, cộng thêm vào đó là dân cư nói nhiều thứ",True,False,0,0.9787234042553191,1.0,0.21343517303466797,9.927129745483398,-0.21343517303466797,SPAN_TOO_SHORT
0016-0003-0005,Bắc Mỹ là một thành phố quan trọng dối với Montréal nói riêng và thế giới nói chung về những phương diện nào?,,,False,True,1,1.0,1.0,4.894205093383789,5.278703689575195,-4.894205093383789,CORRECT_NO_ANSWER
0016-0003-0006,Ở Montréal có cá nhà thờ to nhỏ khác nhau dưới sự ảnh hưởng của tôn giáo nào?,Giáo hội Công giáo La Mã,của Giáo hội Công giáo,True,False,0,0.7272727272727272,1.0,-2.416351318359375,11.809942245483398,2.416351318359375,SPAN_TOO_SHORT
0016-0003-0007,Tại sao châu Âu trở thành một cái gạch nối tự nhiên giữa Montréal và Bắc Mỹ?,,là dân cư nói nhiều thứ,False,False,0,0.0,1.0,0.48503875732421875,9.656755447387695,-0.48503875732421875,UNANSWERABLE_FALSE_POSITIVE
0016-0004-0001,Cư dân ở Montréal đã làm gì vào ngày Thánh bổn mạng của Ireland?,tổ chức một đám rước cho vị thánh này,,True,True,0,0.0,1.0,4.060831069946289,6.096221923828125,-4.060831069946289,ANSWERABLE_PREDICTED_EMPTY
0016-0004-0002,Tính tình cư dân ở Montréal như thế nào?,"phóng khóang, ít bảo thủ","sống rất phóng khóang, ít",True,False,0,0.6,1.0,1.5586986541748047,8.592498779296875,-1.5586986541748047,PARTIAL_SPAN
0016-0004-0003,Montréal được chọn là nơi tỏ chức Triễn lãm Quốc tế vào năm nào?,1967,. Năm,True,False,0,0.0,1.0,-1.0929145812988281,11.020289421081543,1.0929145812988281,WRONG_SPAN
0016-0004-0004,Cư dân ở Ireland đã làm gì vào ngày Thánh bổn mạng của Montréal?,,,False,True,1,1.0,1.0,3.9683361053466797,6.183350563049316,-3.9683361053466797,CORRECT_NO_ANSWER
0016-0004-0005,Thành phố nào tổ chức một lễ lớn cho Thánh bổn mạng?,New York,sau,True,False,0,0.0,1.0,1.634286880493164,8.479097366333008,-1.634286880493164,WRONG_SPAN
0016-0005-0001,Liên hoan phim thế giới Montréal xếp sau những liên hoan phim nào?,Liên hoan phim Cannes,sau Liên hoan phim Cannes và Liên hoan phim quốc tế,True,False,0,0.5333333333333333,1.0,-0.9091453552246094,10.98520278930664,0.9091453552246094,SPAN_TOO_LONG
0016-0005-0002,Liên hoan phim nào uy tín nhất thế giới?,Liên hoan phim Cannes,đó Liên hoan phim thế giới Montréal (Festival du Film International de Montréal) - đứng thứ ba sau Liên hoan phim Cannes và Liên hoan phim quốc tế,True,False,0,0.25806451612903225,1.0,0.04206371307373047,9.983851432800293,-0.04206371307373047,SPAN_TOO_LONG
0016-0005-0003,Liên hoan phim thế giới Montréal xếp trước những liên hoan phim nào?,,sau Liên hoan phim Cannes và Liên hoan phim quốc tế,False,False,0,0.0,1.0,0.3081998825073242,9.819278717041016,-0.3081998825073242,UNANSWERABLE_FALSE_POSITIVE
0016-0005-0004,"Khi đến khoe tài tại Montréal, các nhạc sĩ, nghệ sĩ đã sử dụng ngôn ngữ nào?",tiếng Pháp,nói tiếng,True,False,0,0.5,1.0,-1.6151657104492188,11.553398132324219,1.6151657104492188,PARTIAL_SPAN
0016-0005-0005,"Khi đến khoe tài tại Hy Lạp, các nhạc sĩ, nghệ sĩ đã sử dụng ngôn ngữ nào?",,nói tiếng,False,False,0,0.0,1.0,-1.4807281494140625,11.440383911132812,1.4807281494140625,UNANSWERABLE_FALSE_POSITIVE
0016-0005-0006,"Về phương diện phim ảnh, Montréal có điều gì khác biệt so với các thành phố khác?",Montréal có 3 liên hoan phim diễn ra hàng năm,,True,True,0,0.0,1.0,5.262371063232422,4.897684097290039,-5.262371063232422,ANSWERABLE_PREDICTED_EMPTY
0016-0006-0001,"Theo thống kê năm 2001, cư dân gốc Việt xếp thứ mấy tại Toronto?",thứ nhì,đông thứ,True,False,0,0.5,1.0,-1.042165756225586,10.924673080444336,1.042165756225586,PARTIAL_SPAN
0016-0006-0002,"Trong khỏang thời gian nào mà tại Canada, Montréal là nơi tiếp nhận người Việt nhiều nhất?",từ 1975 đến 1985,là từ 1975 đến,True,False,0,0.75,1.0,-1.9801254272460938,11.531027793884277,1.9801254272460938,PARTIAL_SPAN
0016-0006-0003,"Theo thống kê năm 2001, cư dân gốc Toronto xếp thứ mấy tại Việt?",,đông thứ,False,False,0,0.0,1.0,-0.9741802215576172,10.890312194824219,0.9741802215576172,UNANSWERABLE_FALSE_POSITIVE
0016-0006-0004,Số lượng người Việt ở Montréal trước 1975 là khỏang bao nhiêu?,100 người,độ 100,True,False,0,0.5,1.0,-0.1750202178955078,10.295032501220703,0.1750202178955078,PARTIAL_SPAN
0016-0006-0005,"Trong khỏang thời gian nào mà tại Việt Nam, Montréal là nơi tiếp nhận người Canada nhiều nhất?",,là từ 1975 đến,False,False,0,0.0,1.0,-1.8953666687011719,11.4888277053833,1.8953666687011719,UNANSWERABLE_FALSE_POSITIVE
0016-0006-0006,Cộng đồng người Việt ở đâu xếp sau Toronto Canada về mặt số lượng con người?,Montréal,ở,True,False,0,0.0,1.0,3.106053352355957,6.892514228820801,-3.106053352355957,WRONG_SPAN
0016-0007-0001,Montreal cup cấp một thị trường dâu tây lớn nhất cho khu vực nào trên thế giới?,Bắc Mỹ,cho thị trường,True,False,0,0.0,1.0,-1.0785198211669922,10.717086791992188,1.0785198211669922,WRONG_SPAN
0016-0007-0002,Chợ Montreal ở Le Marche des Saveurs du Quebe nổi tiếng là một trong những nơi nổi tiếng về đặc sản nào?,,đặc sản dâu tây,False,False,0,0.0,1.0,-0.17741680145263672,10.294840812683105,0.17741680145263672,UNANSWERABLE_FALSE_POSITIVE
0016-0007-0003,Chợ nào ở Montréal nổi tiếng về thịt hun khói và rượu táo?,Le Marche des Saveurs du Quebec,và chợ Le Marche des Saveurs du,True,False,0,0.7692307692307692,1.0,-0.6641693115234375,10.713544845581055,0.6641693115234375,SPAN_TOO_LONG
0016-0007-0004,Ở Montreal có đặc sản gì nổi tiếng khắp thế giới?,dâu tây Quebec,có đặc sản dâu tây,True,False,0,0.5,1.0,-1.6612730026245117,11.438705444335938,1.6612730026245117,SPAN_TOO_LONG
0016-0007-0005,Chợ Le Marche des Saveurs du Quebe ở Montreal nổi tiếng là một trong những nơi nổi tiếng về đặc sản nào?,"phô mai tươi, thịt hun khói, xi-rô, rượu vang, rượu táo và một lượng lớn quà tặng",đặc sản dâu tây,True,False,0,0.0,1.0,0.11183452606201172,10.013608932495117,-0.11183452606201172,WRONG_SPAN
0016-0007-0006,Ở Bắc Mỹ có đặc sản gì nổi tiếng khắp thế giới?,,đặc sản dâu tây,False,False,0,0.0,1.0,-1.2177448272705078,11.269733428955078,1.2177448272705078,UNANSWERABLE_FALSE_POSITIVE
0017-0001-0001,Franklin Delano Roosevelt là ai?,Tổng thống Hoa Kỳ thứ 32,,True,True,0,0.0,1.0,4.759914875030518,5.375279903411865,-4.759914875030518,ANSWERABLE_PREDICTED_EMPTY
0017-0001-0002,Ông đã vượt qua đối thủ nào trong cuộc tranh cử tổng thống vào tháng 11 năm 1932?,Herbert Hoover,là,True,False,0,0.0,1.0,2.432476043701172,7.452716827392578,-2.432476043701172,WRONG_SPAN
0017-0001-0003,Franklin là ai?,,,False,True,1,1.0,1.0,6.240841388702393,3.9095120429992676,-6.240841388702393,CORRECT_NO_ANSWER
0017-0001-0004,Tổng thống Roosevelt đã có những thành tựu gì trong sự nghiệp chính trị của mình?,"Là tổng thống Hoa Kỳ duy nhất được bầu hơn hai nhiệm kỳ, ông tạo ra một liên minh bền vững giúp tái tổ chức nền chính trị Hoa Kỳ trong nhiều thập niên",,True,True,0,0.0,1.0,8.916840076446533,1.249997615814209,-8.916840076446533,ANSWERABLE_PREDICTED_EMPTY
0017-0001-0005,Roosevelt đã mang lại cho Hoa Kỳ điều gì trong những năm đương nhiệm?,làm cho tinh thần quốc gia sống dậy,,True,True,0,0.0,1.0,5.083221912384033,5.078963756561279,-5.083221912384033,ANSWERABLE_PREDICTED_EMPTY
0017-0001-0006,Hoa Kỳ đã mang lại cho Roosevelt điều gì trong những năm đương nhiệm?,,,False,True,1,1.0,1.0,4.619412422180176,5.540571212768555,-4.619412422180176,CORRECT_NO_ANSWER
0017-0001-0007,Tổng thống thứ 31 của Mỹ là ai?,Herbert Hoover,,True,True,0,0.0,1.0,6.315375804901123,3.814558506011963,-6.315375804901123,ANSWERABLE_PREDICTED_EMPTY
0017-0001-0008,Franklin Delano Roosevelt có vai trò gì trong tình hình chiến sự thế giới trong giữa thế kỷ XX?,khuôn mặt trung tâm,,True,True,0,0.0,1.0,5.5126776695251465,4.630050182342529,-5.5126776695251465,ANSWERABLE_PREDICTED_EMPTY
0017-0001-0009,Tổng thống Herbert Hoover đã có những thành tựu gì trong sự nghiệp chính trị của mình?,,,False,True,1,1.0,1.0,8.807522773742676,1.3628759384155273,-8.807522773742676,CORRECT_NO_ANSWER
0017-0002-0001,Sự nghiệp tổng thống của Roosevelt bắt đầu vào thời gian nào?,ngày 4 tháng 3 năm 1933,đầu từ ngày 4 tháng 3 năm,True,False,0,0.7692307692307692,1.0,-2.008009910583496,11.63363265991211,2.008009910583496,SPAN_TOO_LONG
0017-0002-0002,Chương trình nào của Mỹ đã giúp giải quyết khủng hỏang và cải cách kinh tế trong nhiệm kỳ đầu của tổng thống Roosevelt?,chương trình kinh tế Kinh tế Mới,là chương trình An sinh,True,False,0,0.3333333333333333,1.0,-1.224344253540039,11.269247055053711,1.224344253540039,SPAN_TOO_SHORT
0017-0002-0003,"Các quy định kiểm sóat thương nghiệp do Roosevelt lập nên đã có những thay đổi như thế nào vào thời ""hậu Roosevelt""?","Phần lớn các quy định kiểm sóat thương nghiệp chấm dứt vào khỏang thời gian từ năm 1975–85, trừ quy định kiểm sóat đối với Phố Wall do Ủy ban Giao dịch và Chứng khóan Hoa Kỳ đảm trách vẫn còn tồn tại đến ngày nay",,True,True,0,0.0,1.0,8.16121768951416,1.993617057800293,-8.16121768951416,ANSWERABLE_PREDICTED_EMPTY
0017-0002-0004,Hoa Kỳ đã gặp những khó khăn gì trong nỗ lực cải thiện tình hình kinh tế của Roosevelt?,,,False,True,1,1.0,1.0,6.457178592681885,3.692221164703369,-6.457178592681885,CORRECT_NO_ANSWER
0017-0002-0005,Sự nghiệp tổng thống của Hoa Kỳ bắt đầu vào thời gian nào?,,đầu từ ngày 4 tháng 3 năm,False,False,0,0.0,1.0,-2.002042770385742,11.645011901855469,2.002042770385742,UNANSWERABLE_FALSE_POSITIVE
0017-0002-0006,Roosevelt đã gặp những khó khăn gì trong nỗ lực cải thiện tình hình kinh tế Hoa Kỳ?,"Liên minh bảo thủ lưỡng đảng hình thành vào năm 1937 đã ngăn cản ông ""đưa người"" vào Tối cao Pháp viện Hoa Kỳ hoặc thông qua quá nhiều luật mới; liên minh này cũng đã hủy bỏ phần lớn các chương trình trợ cấp khi tình trạng thất nghiệp thực tế chấm dứt trong suốt Chiến tranh thế giới thứ hai",,True,True,0,0.0,1.0,9.77702409029007,0.3700372576713562,-9.77702409029007,ANSWERABLE_PREDICTED_EMPTY
0017-0002-0007,"Trong nhiệm kỳ đầu tiên của mình, Roosevelt đã có những thay đổi nào?",FDR đã hướng dẫn Quốc hội Hoa Kỳ thông qua chương trình kinh tế Kinh tế Mới,,True,True,0,0.0,1.0,5.400376319885254,4.746670722961426,-5.400376319885254,ANSWERABLE_PREDICTED_EMPTY
0017-0002-0008,Việc thông qua chương trình kinh tế Kinh tế Mới nhằm mục đích gì?,"giải cứu khủng hỏang (đặc biệt là tạo ra các việc làm của chính phủ dành cho người thất nghiệp) và cải cách kinh tế (theo ông có nghĩa là lập ra quy định kiểm sóat đối với Phố Wall, ngân hàng và giao thông)",nhằm giải cứu khủng hỏang (đặc biệt là tạo ra các việc làm của chính phủ dành cho người thất nghiệp) và cải cách,True,False,0,0.6666666666666666,1.0,3.182705879211426,6.969212532043457,-3.182705879211426,SPAN_TOO_SHORT
0017-0003-0001,"Thông qua đạo luật Lend-Lease, Roosevelt đã có hành động gì?",Roosevelt cung cấp viện trợ cho các quốc gia chiến đấu chống Đức Quốc xã bên cạnh Anh Quốc,Roosevelt cung cấp viện trợ cho các quốc gia chiến đấu chống Đức Quốc xã bên cạnh Anh,True,False,0,0.972972972972973,1.0,2.236750602722168,7.913735389709473,-2.236750602722168,SPAN_TOO_SHORT
0017-0003-0002,"Ông là người có nhiều chỉ trích trong Thế chiến thứ 2 nhưng đưa nền kinh tế Mỹ phát triển chưa từng có, nhân vật lịch sử này là ai?",Roosevelt,,True,True,0,0.0,1.0,5.05933952331543,5.10653018951416,-5.05933952331543,ANSWERABLE_PREDICTED_EMPTY
0017-0003-0003,"Vào lúc Chiến tranh thế giới thứ hai sắp bùng nổ, Roosevelt đã có những hành động gì?",FDR đã giang tay hỗ trợ tài chính và ngọai giao mạnh mẽ cho Trung Hoa và Anh Quốc trong lúc vẫn duy trì chính thức tình trạng trung lập,,True,True,0,0.0,1.0,6.550051212310791,3.616279125213623,-6.550051212310791,ANSWERABLE_PREDICTED_EMPTY
0017-0003-0004,Việc duy trì chính thức tình trạng trung lập của Hoa Kỳ có mục đích gì?,"phải tạo cho nước Mỹ thành ""kho vũ khí dân chủ"" — cung cấp đạn dược vũ khí trong khi các quốc gia khác thực hiện việc chiến đấu",,True,True,0,0.0,1.0,4.655702590942383,5.496389389038086,-4.655702590942383,ANSWERABLE_PREDICTED_EMPTY
0017-0003-0005,Roosevelt đóng vai trò gì trong chiến tranh thế giới thứ 2?,trông coi việc tổng động viên tòan lực nền kinh tế Hoa Kỳ để hỗ trợ cho những nỗ lực chiến tranh của đồng minh,,True,True,0,0.0,1.0,6.690136909484863,3.457606315612793,-6.690136909484863,ANSWERABLE_PREDICTED_EMPTY
0017-0003-0006,Việc trung lập chính thức tình trạng duy trì của Hoa Kỳ có mục đích gì?,,,False,True,1,1.0,1.0,4.7017340660095215,5.44872522354126,-4.7017340660095215,CORRECT_NO_ANSWER
0017-0003-0007,"Vào lúc Chiến tranh thế giới thứ nhất sắp bùng nổ, Roosevelt đã có những hành động gì?",,,False,True,1,1.0,1.0,6.74359655380249,3.4230027198791504,-6.74359655380249,CORRECT_NO_ANSWER
0017-0003-0008,Quốc hội Hoa Kỳ đã cho phép Roosevelt làm điều gì trong chiến tranh thế giới thứ 2?,cho phép tuyên chiến với Nhật Bản sau khi Nhật Bản tấn công Trân Châu Cảng vào ngày 7 tháng 12 năm 1941,phép tuyên chiến với Nhật Bản sau khi Nhật Bản tấn công Trân Châu,True,False,0,0.7567567567567568,1.0,1.467759132385254,8.654064178466797,-1.467759132385254,SPAN_TOO_SHORT
0017-0003-0009,"Thông qua đạo luật của Trung Hoa, Roosevelt đã có hành động gì?",,,False,True,1,1.0,1.0,7.577781677246094,2.5871105194091797,-7.577781677246094,CORRECT_NO_ANSWER
0017-0003-0010,Quốc hội Hoa Kỳ đã cho phép Roosevelt làm điều gì trong chiến tranh thế giới thứ nhất?,,phép tuyên chiến với Nhật Bản sau khi Nhật Bản tấn công Trân Châu,False,False,0,0.0,1.0,1.1154403686523438,8.996868133544922,-1.1154403686523438,UNANSWERABLE_FALSE_POSITIVE
0017-0004-0001,Roosevelt đã tác động như thế nào đến nền chính trị Mỹ?,"Roosevelt đã chi phối nền chính trị Mỹ, không chỉ trong suốt 12 năm làm tổng thống mà còn nhiều thập niên về sau",,True,True,0,0.0,1.0,6.664740085601807,3.4880099296569824,-6.664740085601807,ANSWERABLE_PREDICTED_EMPTY
0017-0004-0002,Roosevelt đã làm những gì để Mỹ có thể chi phối nền chính trị?,,,False,True,1,1.0,1.0,8.114211797714233,2.0404751300811768,-8.114211797714233,CORRECT_NO_ANSWER
0017-0004-0003,Các học giả đã đánh giá Roosevelt như thế nào?,là một trong số các tổng thống vĩ đại của Hoa Kỳ,,True,True,0,0.0,1.0,5.756377696990967,4.403148174285889,-5.756377696990967,ANSWERABLE_PREDICTED_EMPTY
0017-0004-0004,Roosevelt đã làm những gì để có thể chi phối nền chính trị Mỹ?,Ông là nhạc trưởng của việc tái phối trí cử tri mà sau đó hình thành nên Hệ thống đảng phái lần thứ 5,,True,True,0,0.0,1.0,7.656543016433716,2.4994723796844482,-7.656543016433716,ANSWERABLE_PREDICTED_EMPTY
0017-0004-0005,Sức ảnh hưởng của chính phủ Roosevelt đã tác động đến những tổ chức nào?,Liên Hiệp Quốc và Hệ thống Bretton Woods,đến Liên Hiệp Quốc và Hệ thống Bretton,True,False,0,0.875,1.0,-2.2346277236938477,11.746610641479492,2.2346277236938477,PARTIAL_SPAN
0017-0004-0006,Liên minh New Deal của Roosevelt đã có những thành tựu gì?,"qui tụ được các công đòan lao động, những cỗ máy thành phố lớn (?), các sắc tộc da trắng, những người nhận trợ cấp xã hội, người Mỹ gốc châu Phi và những người nông dân da trắng ở miền Nam Hoa Kỳ",,True,True,0,0.0,1.0,3.6837496757507324,6.411838054656982,-3.6837496757507324,ANSWERABLE_PREDICTED_EMPTY
0017-0004-0007,Roosevelt đã đánh giá các học giả như thế nào?,,,False,True,1,1.0,1.0,6.411093473434448,3.753645181655884,-6.411093473434448,CORRECT_NO_ANSWER
0017-0004-0008,Những tổ chức nào đã tác động đến sức ảnh hưởng của chính phủ Roosevelt?,,đến Liên Hiệp Quốc và Hệ thống Bretton,False,False,0,0.0,1.0,-2.360065460205078,11.746952056884766,2.360065460205078,UNANSWERABLE_FALSE_POSITIVE
0017-0004-0009,Roosevelt bị tác động như thế nào từ nền chính trị Mỹ?,,,False,True,1,1.0,1.0,6.636909008026123,3.515322208404541,-6.636909008026123,CORRECT_NO_ANSWER
0017-0004-0010,Tại sao Roosevelt được đánh giá là một trong những tổng thống vĩ đại của nước Mỹ?,"Roosevelt đã chi phối nền chính trị Mỹ, không chỉ trong suốt 12 năm làm tổng thống mà còn nhiều thập niên về sau",,True,True,0,0.0,1.0,8.704147338867188,1.4557018280029297,-8.704147338867188,ANSWERABLE_PREDICTED_EMPTY
0017-0004-0011,Liên minh Roosevelt của New Deal đã có những thành tựu gì?,,,False,True,1,1.0,1.0,4.250124454498291,5.862842082977295,-4.250124454498291,CORRECT_NO_ANSWER
0017-0005-0001,"Franklin Delano Roosevelt ngưỡng mộ Theodore Roosevelt ở những đặc điểm nào, khiến Franklin trở thành hình mẫu lý tưởng của Theodore?",,chính phong thái lãnh đạo cương quyết của Theodore và nhiệt tâm,False,False,0,0.0,1.0,-1.041489601135254,11.118680953979492,1.041489601135254,UNANSWERABLE_FALSE_POSITIVE
0017-0005-0002,"Trước khi trở thành vợ của Fraklin Delano Roosevelt, Anna Eleanor Roosevelt và Fraklin có mối quan hệ đặc biệt gì?",Cả hai đều là hậu duệ của một người Hà Lan tên Claes Martensz van Rosenvelt (Roosevelt) đến vùng đất New Amsterdam (nay là Manhattan của thành phố New York) từ Hà Lan trong thập niên 1640,,True,True,0,0.0,1.0,11.335747361183167,-1.167549729347229,-11.335747361183167,ANSWERABLE_PREDICTED_EMPTY
0017-0005-0003,Hiệu trưởng Endicott Peabody bị ảnh hưởng bởi Franklin Delano Roosevelt như thế nào?,,,False,True,1,1.0,1.0,6.539791584014893,3.6289267539978027,-6.539791584014893,CORRECT_NO_ANSWER
0017-0005-0004,Ai là người có ảnh hưởng đến trường Groton trong những năm đi học của Franklin Delano Roosevelt?,,,False,True,1,1.0,1.0,6.0738725662231445,4.047999382019043,-6.0738725662231445,CORRECT_NO_ANSWER
0017-0005-0005,Hiệu trưởng Endicott Peabody đã ảnh hưởng đến Franklin Delano Roosevelt như thế nào?,"dạy cho cậu hiểu rằng nghĩa vụ của người tín hữu Cơ Đốc là giúp đỡ người kém may mắn, ông cũng khuyến khích học sinh tham gia tích cực vào các họat động cộng đồng",,True,True,0,0.0,1.0,5.149265766143799,5.018012523651123,-5.149265766143799,ANSWERABLE_PREDICTED_EMPTY
0017-0005-0006,Ai là người có ảnh hưởng đến Franklin Delano Roosevelt trong những năm đi học tại trường Groton?,hiệu trưởng Endicott Peabody,,True,True,0,0.0,1.0,6.099736213684082,4.029018402099609,-6.099736213684082,ANSWERABLE_PREDICTED_EMPTY
0017-0005-0007,Đã có những sự kiện gì xảy ra trong khỏang thời gian Franklin theo học tại Harvard?,người anh em họ năm đời của Franklin là Theodore Roosevelt đắc cử tổng thống,", người anh em họ năm đời của Franklin là Theodore Roosevelt đắc cử",True,False,0,0.9285714285714286,1.0,3.3042898178100586,6.868857383728027,-3.3042898178100586,SPAN_TOO_SHORT
0017-0005-0008,"Franklin Delano Roosevelt ngưỡng mộ Theodore Roosevelt ở những đặc điểm nào, khiến Theodore trở thành hình mẫu lý tưởng của Franklin?",chính phong thái lãnh đạo cương quyết của Theodore và nhiệt tâm cải cách,chính phong thái lãnh đạo cương quyết của Theodore và nhiệt tâm,True,False,0,0.923076923076923,1.0,-1.1608362197875977,11.216264724731445,1.1608362197875977,SPAN_TOO_SHORT
0017-0005-0009,Franklin và Eleanor là hậu dệ của ai?,Claes Martensz van Rosenvelt,,True,True,0,0.0,1.0,7.121406316757202,3.0153276920318604,-7.121406316757202,ANSWERABLE_PREDICTED_EMPTY
0017-0006-0001,Chồng của Eleanor có 1 người như thế nào?,"một chàng trai tuấn tú, tài hoa và giỏi giao tiếp",,True,True,0,0.0,1.0,4.1381988525390625,6.01822566986084,-4.1381988525390625,ANSWERABLE_PREDICTED_EMPTY
0017-0006-0002,"Tại hôn lễ của Fraklin và Eleanor, Theodore xuất hiện với vai trò gì?",người thay mặt người cha đã quá cố của cô dâu,,True,True,0,0.0,1.0,3.7138543128967285,6.3320231437683105,-3.7138543128967285,ANSWERABLE_PREDICTED_EMPTY
0017-0006-0003,Roosevelt gặp điều gì khó khăn khi quyết định kết hôn với Eleanor?,sự chống đối quyết liệt của mẹ FDR,trước sự chống đối,True,False,0,0.5,1.0,3.463129997253418,6.688054084777832,-3.463129997253418,SPAN_TOO_SHORT
0017-0006-0004,Thành quả của cuộc hôn nhân giữa Eleanor và Fraklin là gì?,Họ có sáu người con,,True,True,0,0.0,1.0,9.342962503433228,0.8122527599334717,-9.342962503433228,ANSWERABLE_PREDICTED_EMPTY
0017-0006-0005,Eleanor có tính cách như thế nào?,"Eleanor kín đáo và không thích đời sống xã hội, lúc đầu cô chỉ muốn chăm sóc nhà cửa và nuôi dạy con cái",,True,True,0,0.0,1.0,6.2564697265625,3.895472526550293,-6.2564697265625,ANSWERABLE_PREDICTED_EMPTY
0017-0006-0006,Món quà mà mẹ của Roosevelt tặng vợ chồng ông sau ngày cưới là gì?,ngôi nhà,,True,True,0,0.0,1.0,9.984263524413109,0.17758263647556305,-9.984263524413109,ANSWERABLE_PREDICTED_EMPTY
0017-0007-0001,Những người con như Franklin và Eleanor đã phải chịu khó khăn gì trong cuộc sống?,,,False,True,1,1.0,1.0,3.9385733604431152,6.2063164710998535,-3.9385733604431152,CORRECT_NO_ANSWER
0017-0007-0002,Cuộc sống gia đình của những người con của Roosevelt diễn ra như thế nào?,"19 lần kết hôn, 15 lần ly dị và sinh 29 người con",,True,True,0,0.0,1.0,7.145867347717285,3.005181312561035,-7.145867347717285,ANSWERABLE_PREDICTED_EMPTY
0017-0007-0003,Những thành tích mà bốn người con trai của Roosevelt đạt được là gì?,"Cả bốn người con trai đều là sĩ quan quân đội tham gia Chiến tranh thế giới thứ hai, tất cả đều được tặng thưởng huân chương biểu dương sự dũng cảm của họ trên chiến trường",là sĩ quan quân đội tham gia Chiến tranh thế giới thứ,True,False,0,0.489795918367347,1.0,3.215698719024658,6.944336414337158,-3.215698719024658,SPAN_TOO_SHORT
0017-0007-0004,Những người con của Franklin và Eleanor đã phải chịu khó khăn gì trong cuộc sống?,"cuộc sống xáo trộn, bị lu mờ vì sự nổi tiếng của ông bố và bà mẹ",,True,True,0,0.0,1.0,3.6732892990112305,6.469264030456543,-3.6732892990112305,ANSWERABLE_PREDICTED_EMPTY
0017-0007-0005,"Ngòai FDR, Jr. tham gia quốc hội, người con nào cũa FDR tham gia Hạ viện Mỹ?",James,Còn,True,False,0,0.0,1.0,0.6349573135375977,9.504544258117676,-0.6349573135375977,WRONG_SPAN
0017-0008-0001,"Bên cạnh Roosevelt, Eleanor còn có những mối quan hệ nào khác?",,,False,True,1,1.0,1.0,4.380974769592285,5.773125648498535,-4.380974769592285,CORRECT_NO_ANSWER
0017-0008-0002,"Sự việc Roosevelt có quan hệ tình cảm với Lucy Mercer, bị Eleanor phát hiện khi nào?",Tháng 9 năm 1918,. Tháng 9 năm,True,False,0,0.8571428571428571,1.0,-2.450058937072754,11.70896053314209,2.450058937072754,SPAN_TOO_SHORT
0017-0008-0003,Vụ việc ly hôn của Eleanor và Roosevelt được giải quyết như thế nào?,"Qua trung gian của Louis Howe, một cố vấn của Franklin, hai người hòa giải với nhau, nhưng trong thời gian còn lại của cuộc hôn nhân, Eleanor đến sống một mình trong một ngôi nhà ở Hyde Park tại Valkill",,True,True,0,0.0,1.0,9.716630846261978,0.4486885964870453,-9.716630846261978,ANSWERABLE_PREDICTED_EMPTY
0017-0008-0004,"Roosevelt đã có mối quan hệ với ai, trong quan hệ bên ngòai hôn nhân?",Lucy Mercer,,True,True,0,0.0,1.0,4.04502010345459,5.9766035079956055,-4.04502010345459,ANSWERABLE_PREDICTED_EMPTY
0017-0008-0005,"Bên cạnh Eleanor, Roosevelt còn có những mối quan hệ nào khác?",những mối quan hệ lãng mạn bên ngòai hôn nhân,,True,True,0,0.0,1.0,3.6793365478515625,6.4723358154296875,-3.6793365478515625,ANSWERABLE_PREDICTED_EMPTY
0017-0008-0006,"Sau khi phát hiện Roosevlet lừa dối mình, Eleanor đã có quyết định gì?",Eleanor đến gặp chồng với những bức thư trên tay và yêu cầu ly dị,,True,True,0,0.0,1.0,4.049063682556152,6.109046936035156,-4.049063682556152,ANSWERABLE_PREDICTED_EMPTY
0017-0008-0007,Nguyên nhân nào dẫn đến Eleanor rạn vỡ tình cảm với Roosevelt?,Roosevelt còn có những mối quan hệ lãng mạn bên ngòai hôn nhân,,True,True,0,0.0,1.0,5.562005996704102,4.600498199462891,-5.562005996704102,ANSWERABLE_PREDICTED_EMPTY
0017-0009-0001,"Sự kiện nào đã đưa Roosevelt nhậm chức 1/1/1991 và trở thành thủ lĩnh nhóm ""phản lọan""?",Chiến thắng vang dội của đảng Dân chủ năm ấy đã đưa Roosevelt đến thủ phủ tiểu bang là Albany,. Chiến thắng vang dội của đảng,True,False,0,0.4615384615384615,1.0,2.372495174407959,7.756292819976807,-2.372495174407959,SPAN_TOO_SHORT
0017-0009-0002,"Bộ máy chính trị ""Tammany Hall"" là gì?",nhóm chính trị thuộc đảng Dân chủ luôn đóng vai trò chính kiểm sóat chính trường thành phố New York,,True,True,0,0.0,1.0,5.693531036376953,4.4443359375,-5.693531036376953,ANSWERABLE_PREDICTED_EMPTY
0017-0009-0003,"Trước Roosevelt, từ năm 1984 có những ai của đảng Dân chủ đắc cử vào Thượng viện ở quận Dutches?",chưa có một ứng viên đảng Dân chủ nào,", James A. O'Gorman được",True,False,0,0.0,1.0,2.5338916778564453,7.410734176635742,-2.5338916778564453,WRONG_SPAN
0017-0009-0004,Tại sao việc James A. O'Gorman được bầu cử vào thượng viện Hoa Kỳ lại được cho là một sự thành công đối với Roosevelt?,Roosevelt đạt được mục tiêu của mình: đó là chọc giận bộ máy chính trị Tammany Hall bằng cách ngăn chặn người mà nhóm này chọn lựa làm ứng cử viên là William F. Sheehan,,True,True,0,0.0,1.0,7.163763046264648,2.988358497619629,-7.163763046264648,ANSWERABLE_PREDICTED_EMPTY
0017-0009-0005,Tại sao việc bầu cử Thượng viện Hoa Kỳ lại gặp phải kết quả bế tắc?,sự tranh giành của hai phe phái trong 74 ngày,vì sự tranh giành của hai,True,False,0,0.625,1.0,2.9537153244018555,7.188996315002441,-2.9537153244018555,SPAN_TOO_SHORT
0017-0010-0001,"Trong chiến dịch vận động tranh cử chức Phó Tổng thống năm 1920, trong cái bài diễn văn của mình, Roosevelt đã khẳng định điểu gì?",chính ông đã sọan bản hiến pháp mà Hoa Kỳ áp đặt cho Haiti năm 1915,,True,True,0,0.0,1.0,5.197079658508301,4.962550163269043,-5.197079658508301,ANSWERABLE_PREDICTED_EMPTY
0017-0010-0002,James là ai?,,,False,True,1,1.0,1.0,8.948639988899231,1.2049120664596558,-8.948639988899231,CORRECT_NO_ANSWER
0017-0010-0003,"Năm 1914, trong cuộc bầu cử sơ bộ của Roosevelt, ai là người đã đánh bại đảng Dân chủ?",,trước,False,False,0,0.0,1.0,1.7134695053100586,7.5169782638549805,-1.7134695053100586,UNANSWERABLE_FALSE_POSITIVE
0017-0010-0004,"Giữ chức vụ Phụ tá Bộ trưởng Hải quân Hoa Kỳ, Roosevelt đã có những đóng góp gì?",Roosevelt tích cực họat động nhằm mở rộng quân chủng Hải quân và thành lập lực lượng Hải quân Trù bị,,True,True,0,0.0,1.0,7.44726037979126,2.7216506004333496,-7.44726037979126,ANSWERABLE_PREDICTED_EMPTY
0017-0010-0005,Ai là người sọan ra bản hiến pháp được Mỹ áp đặt cho Haiti vào năm 1915?,Roosevelt,tư cách Phụ tá Bộ trưởng,True,False,0,0.0,1.0,1.5145883560180664,8.49759578704834,-1.5145883560180664,WRONG_SPAN
0017-0010-0006,"Tổng thống Wilson đã có chỉ thị gì với Hải quân, tại các quốc gia vùng Trung Mỹ và Caribbe?",Hải quân và Thủy quân Lục chiến can thiệp vào các quốc gia vùng Trung Mỹ và Caribbe,Wilson gửi lực lượng Hải quân và Thủy quân Lục,True,False,0,0.42857142857142855,1.0,0.4355125427246094,9.71456527709961,-0.4355125427246094,SPAN_TOO_SHORT
0017-0010-0007,"Trong chiến dịch của mình khi tranh cử chức Phó Tổng thống năm 1920, trong các bài diễn văn vận động, Roosevelt đã khẳng định điều gì?",,,False,True,1,1.0,1.0,5.615548610687256,4.540615558624268,-5.615548610687256,CORRECT_NO_ANSWER
0017-0010-0008,"Năm 1914, trong cuộc bầu cử sơ bộ của đảng Dân chủ, ai là người đã đánh bại Roosevelt?",James W. Gerard,trước,True,False,0,0.0,1.0,1.944289207458496,7.346121788024902,-1.944289207458496,WRONG_SPAN
0017-0010-0009,James W. Gerard là ai?,một người được nhóm Tammany Hall ủng hộ,,True,True,0,0.0,1.0,3.8531408309936523,6.298741340637207,-3.8531408309936523,ANSWERABLE_PREDICTED_EMPTY
0017-0011-0001,Làm việc tại Bộ Hải quân đã giúp ông những gì?,cách đàm phán với giới lãnh đạo Quốc hội và các bộ ngành khác trong chính phủ để vận động thông qua ngân sách,,True,True,0,0.0,1.0,5.919966220855713,4.241273403167725,-5.919966220855713,ANSWERABLE_PREDICTED_EMPTY
0017-0011-0002,Roosevelt đã đề xuất điều gì để đối phó với sự tấn công của tàu ngầm Đức nhắm vào tàu thủy của phe Đồng minh?,việc xây dựng hàng rào thủy lôi ở Biển Bắc từ Na Uy đến Scotland,việc xây dựng hàng rào thủy lôi ở Biển Bắc từ Na Uy đến,True,False,0,0.9655172413793104,1.0,0.8347568511962891,9.29559326171875,-0.8347568511962891,SPAN_TOO_SHORT
0017-0011-0003,"Năm 1918, Roosevelt và Pháp đến Anh với mục đích gì?",,để thị sát các căn cứ hải quân của Mỹ tại,False,False,0,0.0,1.0,0.8921670913696289,9.162931442260742,-0.8921670913696289,UNANSWERABLE_FALSE_POSITIVE
0017-0011-0004,Sự việc gì đã dẫn đến quyết định từ chức trợ tá Bộ trưởng Hải quân của Roosevelt?,vì vụ tai tiếng tình dục ở Newport xảy ra giữa các thủy thủ Hải quân và dân đồng tình luyến ái địa phương được đăng tải trên Thời báo New York và Nhật báo Providence,vì vụ tai tiếng,True,False,0,0.19999999999999998,1.0,0.8797512054443359,9.238628387451172,-0.8797512054443359,SPAN_TOO_SHORT
0017-0011-0005,"Năm 1918, Roosevelt đến Anh và Pháp với mục đích gì?",thị sát các căn cứ hải quân của Mỹ,để thị sát các căn cứ hải quân của Mỹ tại,True,False,0,0.9,1.0,1.465956687927246,8.634160995483398,-1.465956687927246,SPAN_TOO_LONG
0017-0011-0006,Sự việc gì đã dẫn đến quyết định trợ tá từ chức Bộ trưởng Hải quân của Roosevelt?,,vì vụ tai tiếng,False,False,0,0.0,1.0,0.9732742309570312,9.143845558166504,-0.9732742309570312,UNANSWERABLE_FALSE_POSITIVE
0017-0011-0007,"Trong chuyến đi thị sát của mình, Roosevelt đã gặp được nhân vật quan trọng nào?",Winston Churchill,với Winston,True,False,0,0.5,1.0,-1.9773387908935547,11.694023132324219,1.9773387908935547,PARTIAL_SPAN
0017-0011-0008,"Trong chuyến đi thị sát của nhân vật quan trọng nào, Roosevelt đã gặp được?",,với Winston,False,False,0,0.0,1.0,-1.6688213348388672,11.518877029418945,1.6688213348388672,UNANSWERABLE_FALSE_POSITIVE
0017-0012-0001,"Liên danh tranh cử của Đảng Dân chủ, bên cạnh Roosevelt còn có ai?",James M. Cox,là James M.,True,False,0,0.6666666666666666,1.0,0.5849418640136719,9.347635269165039,-0.5849418640136719,PARTIAL_SPAN
0017-0012-0002,"Liên danh tranh cử của Roosevelt, bên cạnh Đảng Dân chủ còn có ai?",,là James M.,False,False,0,0.0,1.0,0.7999324798583984,9.152444839477539,-0.7999324798583984,UNANSWERABLE_FALSE_POSITIVE
0017-0012-0003,"Trong liên danh tranh cử của Đảng Dân chủ, Roosevelt được đề cử là ứng viên cho chức vụ gì?",Phó Tổng thống Hoa Kỳ,ứng viên Phó Tổng thống,True,False,0,0.6,1.0,-0.40197277069091797,10.43384075164795,0.40197277069091797,PARTIAL_SPAN
0017-0012-0004,Kết quả của cuộc bầu của tổng thống giữa hai Đảng Dân chủ và phe Cộng hòa là như thế nào?,liên danh tranh cử của Cox-Roosevelt bị liên danh tranh cử của phe Cộng hòa là Warren G. Harding đánh bại thảm hại,,True,True,0,0.0,1.0,3.72000789642334,6.41495418548584,-3.72000789642334,ANSWERABLE_PREDICTED_EMPTY
0017-0012-0005,"Trong liên danh tranh cử của Đảng Dân chủ, Roosevelt tự đề cử là ứng viên cho chức vụ gì?",,ứng viên Phó Tổng thống,False,False,0,0.0,1.0,-0.5169124603271484,10.529121398925781,0.5169124603271484,UNANSWERABLE_FALSE_POSITIVE
0017-0012-0006,Kết quả của cuộc bầu của tổng thống giữa hai Đảng Ohio và New York là như thế nào?,,,False,True,1,1.0,1.0,6.925465822219849,3.2006900310516357,-6.925465822219849,CORRECT_NO_ANSWER
0017-0012-0007,"Sau khi bị đánh bại bởi liên danh tranh cử của Đảng Cộng hòa, Roosevelt đã làm những gì?",trở về hành nghề pháp lý tại New York và gia nhập Câu lạc bộ Civitan New York vừa mới được thành lập,,True,True,0,0.0,1.0,7.173184633255005,2.9703500270843506,-7.173184633255005,ANSWERABLE_PREDICTED_EMPTY
0017-0013-0001,"Trong kì nghỉ phép của mình tại Đảo Campobello, Roosevelt đã phải gặp tình trạng khó khăn nào?","Roosevelt bị nhiễm bệnh mà theo các bác sĩ của ông tin là bệnh bại liệt, dẫn đến tình trạng bị bại liệt hòan tòan và vĩnh viễn từ thắt lưng trở xuống",", Roosevelt bị nhiễm bệnh mà theo các bác sĩ của ông tin là bệnh",True,False,0,0.5957446808510638,1.0,1.0527963638305664,9.088787078857422,-1.0527963638305664,SPAN_TOO_SHORT
0017-0013-0002,"Sau khi cố gắng mắc chứng bệnh bại liệt, Roosevelt đã điều trị bệnh bại liệt của mình như thế nào?",,,False,True,1,1.0,1.0,7.171089172363281,3.001079559326172,-7.171089172363281,CORRECT_NO_ANSWER
0017-0013-0003,"Với việc lãnh đạo của Roosevelt trong tổ chức ""Qũy Quốc gia cho Trẻ em bại liệt"", hình tượng của ông được mọi người tưởng nhớ như thế nào?",hình ông được khắc trên đồng tiền kim lọai 10 xu,,True,True,0,0.0,1.0,4.786749362945557,5.387320041656494,-4.786749362945557,ANSWERABLE_PREDICTED_EMPTY
0017-0013-0004,Việc bị bại liệt khiến cho Roosevelt đã có những quyết định gì khi ông trở thành Tổng thống Hoa Kỳ?,Roosevelt giúp thành lập Qũy Quốc gia cho Trẻ em bại liệt,", Roosevelt giúp thành lập Qũy Quốc gia cho Trẻ em",True,False,0,0.9090909090909091,1.0,1.7695274353027344,8.372072219848633,-1.7695274353027344,SPAN_TOO_SHORT
0017-0013-0005,Viện Phục hồi Roosevelt Warm Springs được Roosevelt thành lập khi nào?,Trong năm 1926,Trong năm,True,False,0,0.8,1.0,1.6981010437011719,8.437418937683105,-1.6981010437011719,SPAN_TOO_SHORT
0017-0013-0006,"Sau khi mắc chứng bệnh bại liệt, Roosevelt đã cố gắng điệu trị bệnh bại liệt của mình như thế nào?","cố thử nhiều cách trị liệu vật lý, kể cả thủy liệu pháp (hydrotherapy)",,True,True,0,0.0,1.0,5.537206649780273,4.635918617248535,-5.537206649780273,ANSWERABLE_PREDICTED_EMPTY
0017-0013-0007,"Với việc tổ chức của Roosevelt trong lãnh đạo ""Qũy Quốc gia cho Trẻ em bại liệt"", hình tượng của ông được mọi người tưởng nhớ như thế nào?",,,False,True,1,1.0,1.0,5.149693012237549,5.024390697479248,-5.149693012237549,CORRECT_NO_ANSWER
0017-0014-0001,Roosevelt đã làm như thế nào để có thể đứng vững trước công chúng khi mà ông tập bước đi?,,,False,True,1,1.0,1.0,5.546661376953125,4.60228157043457,-5.546661376953125,CORRECT_NO_ANSWER
0017-0014-0002,Chiếc xe hơi của Roosevelt đã được thiết kế như thế nào để có thể phù hợp với ông?,Chiếc xe hơi của ông có bộ điều khiển tay được thiết kế đặc biệt,có bộ điều khiển tay được thiết kế,True,False,0,0.6956521739130436,1.0,2.9085140228271484,7.246850967407227,-2.9085140228271484,SPAN_TOO_SHORT
0017-0014-0003,Roosevelt đã tập bước đi như thế nào khi mắc chứng bại liệt?,"Với những thanh sắt kẹp vào hông và chân, Roosevelt tự mình tập bước đi trong những khỏang cách ngắn với sự trợ giúp của một cây gậy",,True,True,0,0.0,1.0,3.5176563262939453,6.632798194885254,-3.5176563262939453,ANSWERABLE_PREDICTED_EMPTY
0017-0014-0004,Roosevelt đã làm như thế nào để có thể đứng vững trước công chúng khi mà ông không ngồi xe lăn?,Roosevelt thường xuất hiện trước công chúng trong tư thế đứng thẳng người với một phụ tá hoặc một trong các con trai của ông đứng kế bên,,True,True,0,0.0,1.0,4.2383341789245605,5.91116189956665,-4.2383341789245605,ANSWERABLE_PREDICTED_EMPTY
0017-0014-0005,Roosevelt đã mắc chứng bại liệt như thế nào khi tập bước đi?,,,False,True,1,1.0,1.0,8.865138053894043,1.2861928939819336,-8.865138053894043,CORRECT_NO_ANSWER
0017-0015-0001,Kết quả cuộc tranh cử tổng thống năm 1928 của Smith như thế nào?,Smith thất cử tổng thống một cách thảm bại,,True,True,0,0.0,1.0,4.622064590454102,5.531551361083984,-4.622064590454102,ANSWERABLE_PREDICTED_EMPTY
0017-0015-0002,"Được đề cử với tư cách ứng viên tổng thống, Smith đã đáp lại Roosevelt như thế nào?",Smith đáp lại bằng cách yêu cầu Roosevelt ra tranh cử chức thống đốc tiểu bang New York năm 1928,,True,True,0,0.0,1.0,4.049297332763672,6.10753059387207,-4.049297332763672,ANSWERABLE_PREDICTED_EMPTY
0017-0015-0003,Roosevelt đã hàn gắn rào cản cách biệt với Đảng Dân chủ như thế nào?,"giúp Alfred E. Smith đắc cử thống đốc tiểu bang New York năm 1922, và thậm chí ông còn là một người ủng hộ tích cực cho Smith chống lại người cháu họ của mình là đảng viên Cộng hòa Theodore Roosevelt, Jr. năm 1924",,True,True,0,0.0,1.0,7.673857688903809,2.4855756759643555,-7.673857688903809,ANSWERABLE_PREDICTED_EMPTY
0017-0015-0004,"Trong suốt thập niên 1920, Roosevelt đã có những động thái gì đối với phe đối lập?","Roosevelt duy trì liên lạc và hàn gắn rào cản cách biệt với Đảng Dân chủ trong suốt thập niên 1920, đặc biệt là tại New York",Roosevelt duy trì liên lạc và hàn gắn rào cản cách biệt với Đảng,True,False,0,0.6829268292682926,1.0,2.7072315216064453,7.440915107727051,-2.7072315216064453,SPAN_TOO_SHORT
0017-0015-0005,"Trong các đại hội ở tiểu bang của Đảng Dân chủ, Roosevelt đã có những hành động nào?",,,False,True,1,1.0,1.0,6.899046897888184,3.259852409362793,-6.899046897888184,CORRECT_NO_ANSWER
0017-0015-0006,Kết quả cuộc tranh cử tổng thống năm 1920 của Smith như thế nào?,,,False,True,1,1.0,1.0,7.20184326171875,2.9550704956054688,-7.20184326171875,CORRECT_NO_ANSWER
0017-0015-0007,"Trong các đại hội tòan quốc của Đảng Dân chủ, Roosevelt đã có những hành động nào?",Roosevelt đã đọc diễn văn đề cử Smith,đã đọc diễn văn đề cử,True,False,0,0.8571428571428571,1.0,1.4937715530395508,8.636059761047363,-1.4937715530395508,SPAN_TOO_SHORT
0017-0016-0001,Nhờ đâu mà Roosevelt lại trở thành ứng cử viên sáng giá nhất của Đảng Dân chủ?,Nhờ hậu thuẫn của tiểu bang đông dân nhất,Nhờ hậu thuẫn của tiểu bang đông dân,True,False,0,0.9411764705882353,1.0,-1.8067922592163086,11.511030197143555,1.8067922592163086,SPAN_TOO_SHORT
0017-0016-0002,Những đồng minh của Herbert Hoover trong liên minh tòan quốc bao gồm những ai?,,"như trùm báo chí William Randolph Hearst, lãnh tụ cộng đồng Ái Nhĩ Lan Joseph P.",False,False,0,0.0,1.0,3.1315064430236816,6.881119251251221,-3.1315064430236816,UNANSWERABLE_FALSE_POSITIVE
0017-0016-0003,Cuộc đua tranh sự đề cử của Đảng Dân chủ tại sao lại trở nên quyết liệt hơn trước?,"có những dấu hiệu cho thấy tổng thống đương nhiệm, Herbert Hoover, sẽ thất bại trong kỳ bầu cử tổng thống năm 1932",,True,True,0,0.0,1.0,3.8582406044006348,6.256444454193115,-3.8582406044006348,ANSWERABLE_PREDICTED_EMPTY
0017-0016-0004,"So với ứng viên, Roosevelt có lợi thế như thế nào tại Đảng Dân chủ?",,Nhờ hậu thuẫn của tiểu bang đông dân,False,False,0,0.0,1.0,0.1646881103515625,9.954763412475586,-0.1646881103515625,UNANSWERABLE_FALSE_POSITIVE
0017-0016-0005,Việc quay sang ủng hộ Roosevelt - nhà lãnh đạo tiểu bang Texas của John Nance Garner đã đem lại cho ông này điều gì?,,,False,True,1,1.0,1.0,4.381511211395264,5.782410144805908,-4.381511211395264,CORRECT_NO_ANSWER
0017-0016-0006,Việc quay sang ủng hộ Roosevelt của John Nance Garner - nhà lãnh đạo tiểu bang Texas đã đem lại cho ông này điều gì?,vị lãnh đạo này được đề cử vào chức vụ phó tổng thống trong liên danh tranh cử của Roosevelt,,True,True,0,0.0,1.0,4.156595230102539,6.0073041915893555,-4.156595230102539,ANSWERABLE_PREDICTED_EMPTY
0017-0016-0007,"So với Smith, Roosevelt có lợi thế như thế nào tại Đảng Dân chủ?",Al Smith được một số đại gia thành phố hậu thuẫn nhưng mất quyền kiểm sóat đảng Dân chủ tại tiểu bang New York vào tay Roosevelt,Nhờ hậu thuẫn của tiểu bang đông dân,True,False,0,0.2857142857142857,1.0,1.5763254165649414,8.549278259277344,-1.5763254165649414,SPAN_TOO_SHORT
0017-0016-0008,Những đồng minh của Roosevelt trong liên minh tòan quốc bao gồm những ai?,"trùm báo chí William Randolph Hearst, lãnh tụ cộng đồng Ái Nhĩ Lan Joseph P. Kennedy và nhà lãnh đạo tiểu bang California William G","như trùm báo chí William Randolph Hearst, lãnh tụ cộng đồng Ái Nhĩ Lan Joseph P.",True,False,0,0.7317073170731707,1.0,1.9458975791931152,7.989105701446533,-1.9458975791931152,SPAN_TOO_SHORT
0017-0017-0001,Roosevelt và Đảng Dân chủ đã có những động thái gì trong quá trình tranh cử của mình?,tổng động viên một phạm vi rộng lớn các tầng lớp xã hội,,True,True,0,0.0,1.0,5.633017063140869,4.514969348907471,-5.633017063140869,ANSWERABLE_PREDICTED_EMPTY
0017-0017-0002,Khẩu hiệu mà Roosevelt thường sử dụng trong suốt thời gian tranh cử là gì?,"""Tôi xin cam kết với các bạn, Tôi xin cam kết với bản thân mình một đối sách mới ( a new deal) cho nhân dân Mỹ""",": ""Tôi xin cam kết với các bạn, Tôi xin cam kết với bản thân mình một đối sách mới ( a new deal) cho nhân dân",True,False,0,0.9803921568627451,1.0,0.5651521682739258,9.430227279663086,-0.5651521682739258,SPAN_TOO_SHORT
0017-0017-0003,Cuộc vận động tranh cử của Roosevelt diễn ra trong tình hình như thế nào tại Hoa Kỳ lúc bấy giờ?,Cuộc vận động tranh cử được tiến hành dưới cái bóng của Đại khủng hỏang,tiến hành dưới cái bóng của Đại khủng hỏang và cái liên minh mới mà cuộc vận động tranh cử đã tạo,True,False,0,0.7567567567567568,1.0,2.554401397705078,7.585330009460449,-2.554401397705078,SPAN_TOO_LONG
0017-0017-0004,Câu nói của Roosevelt đã được sử dụng như thế nào?,đã tạo ra một khẩu hiệu mà sau đó được dùng làm tên cho chương trình hành động của chính phủ ông cũng như liên minh mới của ông,,True,True,0,0.0,1.0,5.096724510192871,5.0699357986450195,-5.096724510192871,ANSWERABLE_PREDICTED_EMPTY
0017-0018-0001,"Hoover đã có những phản hồi như thế nào về nhận định ""bi quan"" của Roosevelt về bộ máy công nghiệp Hoa Kỳ lúc bấy giờ?","Hoover chê trách chủ nghĩa bi quan đó như là một sự phủ nhận ""triển vọng của cuộc sống Mỹ... đó là chỉ dẫn đầy tuyệt vọng.""",,True,True,0,0.0,1.0,6.3441691398620605,3.8021206855773926,-6.3441691398620605,ANSWERABLE_PREDICTED_EMPTY
0017-0018-0002,Roosevelt đã kìm hãm tranh cử với chủ trương gì?,,"chủ trương ""cắt giảm mạnh và ngay tức khắc tất cả chi tiêu",False,False,0,0.0,1.0,0.34686946868896484,9.761896133422852,-0.34686946868896484,UNANSWERABLE_FALSE_POSITIVE
0017-0018-0003,Tại sao vấn đề cấm rươu cồn lại tăng thêm số phiếu mới cho Roosevelt?,mang lại thêm tiền thu nhập mới qua đánh thuế,,True,True,0,0.0,1.0,3.7201132774353027,6.436861515045166,-3.7201132774353027,ANSWERABLE_PREDICTED_EMPTY
0017-0018-0004,Roosevelt đã chỉ trích Hoover về việc gì?,Roosevelt tố cáo Hoover thất bại phục hồi thịnh vượng hoặc thậm chí thất bại trong việc kìm hãm đà xuống dốc của nền kinh tế,việc kìm hãm đà xuống dốc của nền,True,False,0,0.47058823529411764,1.0,0.13406848907470703,10.010641098022461,-0.13406848907470703,SPAN_TOO_SHORT
0017-0018-0005,Nhà kinh tế học Marriner Eccles đã có những nhận xét như thế nào về cuộc tranh cử giữa Roosevelt và đối thủ của mình - Hoover?,"""Trong các giai đọan phát triển sau đó của cuộc vận động tranh cử, các bài diễn văn tranh cử đọc giống như có nhiều chỗ sai sót mà trong đó cả Roosevelt và Hoover thường đọc các hàng chữ của nhau.""",,True,True,0,0.0,1.0,8.569543838500977,1.58782958984375,-8.569543838500977,ANSWERABLE_PREDICTED_EMPTY
0017-0018-0006,Roosevelt đã vận động tranh cử với chủ trương gì?,"""cắt giảm mạnh và ngay tức khắc tất cả chi tiêu công cộng"", ""bãi bỏ các cơ quan và các ủy ban vô dụng, kết hợp lại các cơ quan văn phòng và lọai trừ lãng phí quan liêu.""","chủ trương ""cắt giảm mạnh và ngay tức khắc tất cả chi tiêu",True,False,0,0.4230769230769231,1.0,-0.1416921615600586,10.218361854553223,0.1416921615600586,SPAN_TOO_SHORT
0017-0018-0007,Roosevelt bị chỉ trích Hoover về việc gì?,,việc kìm hãm đà xuống dốc của nền,False,False,0,0.0,1.0,-0.13685226440429688,10.274303436279297,0.13685226440429688,UNANSWERABLE_FALSE_POSITIVE
0017-0019-0001,Tại sao Roosevelt lại từ chối họp bàn với Hoover về nền kinh tế?,điều đó có thể sẽ trói buộc ông,,True,True,0,0.0,1.0,5.264742374420166,4.892938137054443,-5.264742374420166,ANSWERABLE_PREDICTED_EMPTY
0017-0019-0002,"Trong vụ ám sát hụt Roosevelt, nạn nhân của vụ ám sát này là ai?",Anton Cermak,bởi tay súng Giuseppe Zangara (vụ này làm chết Thị trưởng thành phố Chicago là Anton Cermak đang ngồi kế bên,True,False,0,0.17391304347826084,1.0,3.4367761611938477,6.713068008422852,-3.4367761611938477,SPAN_TOO_LONG
0017-0019-0003,Tại sao Hoover lại từ chối họp bàn với Roosevelt về nền kinh tế?,,,False,True,1,1.0,1.0,5.4899749755859375,4.670475006103516,-5.4899749755859375,CORRECT_NO_ANSWER
0017-0019-0004,Roosevelt đã gặp những mối nguy hiểm nào trong quãng thời gian tranh cử?,"Tháng 2 năm 1933, Roosevelt thóat chết trong một vụ có thể là mưu sát bởi tay súng Giuseppe Zangara",,True,True,0,0.0,1.0,5.069446086883545,5.092219829559326,-5.069446086883545,ANSWERABLE_PREDICTED_EMPTY
0017-0019-0005,Roosevelt đã tạo những mối nguy hiểm nào trong quãng thời gian tranh cử?,,,False,True,1,1.0,1.0,5.722022533416748,4.441059589385986,-5.722022533416748,CORRECT_NO_ANSWER
0017-0019-0006,"Trong vụ ám sát hụt Hoover, nạn nhân của vụ ám sát này là ai?",,,False,True,1,1.0,1.0,4.248660087585449,5.912274360656738,-4.248660087585449,CORRECT_NO_ANSWER
0017-0019-0007,"Trước cuộc bầu cử, Roosevelt đã có những việc làm gì?",,,False,True,1,1.0,1.0,4.969159126281738,5.191958427429199,-4.969159126281738,CORRECT_NO_ANSWER
0017-0019-0008,Những biểu hiện nào cho thấy chiều hướng đi xuống của nền kinh tế Mỹ lúc bấy giờ?,Nền kinh tế lao xuống vực thẳm cho đến khi hệ thống ngân hàng bắt đầu ngưng họat động hòan tòan trên tòan quốc,,True,True,0,0.0,1.0,5.486162185668945,4.666683197021484,-5.486162185668945,ANSWERABLE_PREDICTED_EMPTY
0017-0019-0009,"Sau cuộc bầu cử, Roosevelt đã có những việc làm gì?",Roosevelt từ chối lời thỉnh cầu họp bàn với Hoover để thảo ra một chương trình phối hợp nhằm chấm dứt chiều hướng đi xuống của nền kinh tế và trấn an giới đầu tư,,True,True,0,0.0,1.0,3.768308639526367,6.3749494552612305,-3.768308639526367,ANSWERABLE_PREDICTED_EMPTY
0017-0020-0001,Một trong những hệ quả của cuộc khủng hỏang kinh tế Mĩ năm 1933 là gì?,Hai triệu người trở thành vô gia cư,,True,True,0,0.0,1.0,7.438570499420166,2.730947971343994,-7.438570499420166,ANSWERABLE_PREDICTED_EMPTY
0017-0020-0002,Một trong những hệ quả của cuộc khủng hỏang kinh tế Mĩ năm 1929 là gì?,,,False,True,1,1.0,1.0,4.915215492248535,5.253191947937012,-4.915215492248535,CORRECT_NO_ANSWER
0017-0020-0003,"Vào thời điểm Roosevelt nhậm chức, nước Mỹ đã và đang đối mặt với khó khăn gì?",Một phần tư lực lượng lao động mất việc làm. Nông dân đang khốn đốn vì nông phẩm hạ giá 60%. Sản xuất công nghiệp chỉ còn hơn một nửa so với cùng kỳ năm 1929. Hai triệu người trở thành vô gia cư. Vì thiếu việc làm nên các tổ chức tội phạm và giới sống ngòai pháp luật ngày càng gia tăng,", nước Mỹ đang ở thời điểm tồi tệ nhất của cuộc khủng hỏang lớn nhất trong",True,False,0,0.025,1.0,2.5898942947387695,7.548476219177246,-2.5898942947387695,SPAN_TOO_SHORT
0017-0020-0004,"Trong ngày tuyên thệ nhậm chức tổng thống của Mỹ, đã có những gì đã xảy ra tại nước của Roosevelt?",,,False,True,1,1.0,1.0,6.496661901473999,3.6704437732696533,-6.496661901473999,CORRECT_NO_ANSWER
0017-0020-0005,"Trước khi Roosevelt tuyên thệ nhậm chức, đã có sự kiện quan trọng nào xảy ra?",Hitler được bổ nhiệm làm Thủ tướng Đức,,True,True,0,0.0,1.0,4.068072319030762,6.087578773498535,-4.068072319030762,ANSWERABLE_PREDICTED_EMPTY
0017-0020-0006,"Trong ngày tuyên thệ nhậm chức tổng thống của Roosevelt, đã có những gì đã xảy ra tại nước Mỹ?","Chiều ngày 4 tháng 3, tất cả ngân hàng tại 32 trên 48 tiểu bang cũng như Đặc khu Columbia đều đóng cửa",,True,True,0,0.0,1.0,5.578936576843262,4.587296485900879,-5.578936576843262,ANSWERABLE_PREDICTED_EMPTY
0017-0020-0007,Tình trạng thất nghiệp tăng cao đã dẫn đến những tác hại gì cho xã hội Mỹ lúc bấy giờ?,các tổ chức tội phạm và giới sống ngòai pháp luật ngày càng gia tăng,,True,True,0,0.0,1.0,8.226637125015259,1.9460923671722412,-8.226637125015259,ANSWERABLE_PREDICTED_EMPTY
0017-0021-0001,"Ý nghĩa của ""cứu nguy"" trong xếp lọai chương trình của các sử gia là gì?",là vấn đề cấp bách vì có đến hàng chục triệu người thất nghiệp,"là ""cứu nguy, hồi phục và",True,False,0,0.1,1.0,2.917632579803467,7.189730167388916,-2.917632579803467,SPAN_TOO_SHORT
0017-0021-0002,Roosevelt đã giới thiệu những đề nghị của ông đến dân chúng ở những thời điểm nào?,30 lần nói chuyện buổi tối trên sóng phát thanh,,True,True,0,0.0,1.0,6.136330604553223,4.0233306884765625,-6.136330604553223,ANSWERABLE_PREDICTED_EMPTY
0017-0021-0003,"Việc ""cải cách"" trong chương trình của Roosevelt có nghĩa là gì?","có nghĩa là sửa chữa dài hạn những gì sai trái, đặc biệt là với hệ thống ngân hàng và tài chính",,True,True,0,0.0,1.0,5.654449462890625,4.498805999755859,-5.654449462890625,ANSWERABLE_PREDICTED_EMPTY
0017-0021-0004,"Tại các sử gia lại cho rằng chương trình của Roosevelt lại có khả năng ""hồi phục""?",có nghĩa là thúc đẩy nền kinh tế quay trở về trạng thái bình thường,,True,True,0,0.0,1.0,4.886377334594727,5.261936187744141,-4.886377334594727,ANSWERABLE_PREDICTED_EMPTY
0017-0021-0005,Roosevelt đã giới thiệu những đề nghị của dân chúng đến ông ở những thời điểm nào?,,,False,True,1,1.0,1.0,5.47812557220459,4.679863929748535,-5.47812557220459,CORRECT_NO_ANSWER
0017-0021-0006,"Ý nghĩa của ""cứu nguy"" trong xếp lọai chương trình của Roosevelt là gì?",,"là ""cứu nguy, hồi phục và",False,False,0,0.0,1.0,1.9837226867675781,8.111211776733398,-1.9837226867675781,UNANSWERABLE_FALSE_POSITIVE
0017-0021-0007,Các sử gia đánh giá chương trình của Roosevelt như thế nào?,"cứu nguy, hồi phục và cải cách","là ""cứu nguy, hồi phục và cải cách",True,False,0,0.9333333333333333,1.0,3.2272167205810547,6.894679069519043,-3.2272167205810547,SPAN_TOO_LONG
0017-0022-0001,George Norris xem nguyên nhân của cuộc Đại Suy thóai là do đâu?,,do khủng hỏang niềm,False,False,0,0.0,1.0,-1.5018815994262695,11.446355819702148,1.5018815994262695,UNANSWERABLE_FALSE_POSITIVE
0017-0022-0002,Việc dựa vào các thượng nghị sĩ và nhóm cố vấn chuyên môn của tổng thống có mục đích gì?,thiết kế các chương trình hành động,,True,True,0,0.0,1.0,3.844893455505371,6.3028364181518555,-3.844893455505371,ANSWERABLE_PREDICTED_EMPTY
0017-0022-0003,Roosevelt xem nguyên nhân của cuộc Đại Suy thóai là do đâu?,do khủng hỏang niềm tin vì người dân cảm thấy e ngại khi quyết định chi tiêu hoặc đầu tư,do khủng hỏang niềm,True,False,0,0.33333333333333337,1.0,-1.8625860214233398,11.696537971496582,1.8625860214233398,SPAN_TOO_SHORT
0017-0022-0004,Việc dựa vào các tổng thống và nhóm cố vấn chuyên môn của thượng nghị sĩ có mục đích gì?,,,False,True,1,1.0,1.0,3.6185731887817383,6.523919105529785,-3.6185731887817383,CORRECT_NO_ANSWER
0017-0022-0005,Các chương trình hành động được Roosevelt quyết định dựa trên những ai?,"dựa vào những thượng nghị sĩ như George Norris, Robert F. Wagner và Hugo Black cũng như nhóm cố vấn chuyên môn được tuyển chọn từ giới trí thức khoa bảng","vào những thượng nghị sĩ như George Norris, Robert F. Wagner và Hugo Black cũng như nhóm cố vấn chuyên môn được tuyển chọn từ giới trí thức",True,False,0,0.9491525423728813,1.0,-1.3520927429199219,11.170621871948242,1.3520927429199219,SPAN_TOO_SHORT
0017-0022-0006,Roosevelt hành động được các chương trình quyết định dựa trên những ai?,,"vào những thượng nghị sĩ như George Norris, Robert F. Wagner và Hugo Black cũng như nhóm cố vấn chuyên môn được tuyển chọn từ giới trí thức",False,False,0,0.0,1.0,-1.386399269104004,11.154882431030273,1.386399269104004,UNANSWERABLE_FALSE_POSITIVE
0017-0022-0007,"Từ ngày 9 tháng 3 đến 16 tháng 6 năm 1933, Roosevelt đã có những hành động gì?","ông đệ trình Quốc hội con số kỷ lục các dự luật, và tất cả đều được thông qua",,True,True,0,0.0,1.0,5.571521282196045,4.585785388946533,-5.571521282196045,ANSWERABLE_PREDICTED_EMPTY
0017-0022-0008,"Trong 100 ngày đầu tiên của mình trên cương vị tổng thống, Fraklin Roosevelt đã có những việc là gì?",cứu trợ khẩn cấp,: cứu trợ,True,False,0,0.6666666666666666,1.0,0.8753395080566406,9.267232894897461,-0.8753395080566406,SPAN_TOO_SHORT
0017-0023-0001,Roosevelt đắc cử tổng thống Mỹ trong hòan cảnh nào?,khi nước Mỹ đang trong tình trạng hốt hỏang vì sự sụp đổ của hệ thống ngân hàng,vì sự sụp đổ của hệ thống,True,False,0,0.56,1.0,0.14942359924316406,9.945440292358398,-0.14942359924316406,SPAN_TOO_SHORT
0017-0023-0002,Lễ nhậm chức của tổng thống Roosevelt diễn ra khi nào?,ngày 4 tháng 3 năm 1933,vào ngày 4 tháng 3 năm,True,False,0,0.8333333333333334,1.0,-2.7582359313964844,11.73675537109375,2.7582359313964844,PARTIAL_SPAN
0017-0023-0003,"Ngày 5 tháng 3 năm 1933, Quốc hội Hoa Kỳ đã có những quyết định nào?","Quốc hội Hoa Kỳ thông qua Đạo luật Ngân hàng Khẩn cấp (Emergency Banking Act) tuyên bố một ""ngày lễ ngân hàng"" và thông báo một chương trình cho phép các ngân hàng mở cửa lại",thông qua Đạo luật Ngân hàng Khẩn cấp (Emergency Banking Act,True,False,0,0.46808510638297873,1.0,3.3773908615112305,6.764676094055176,-3.3773908615112305,SPAN_TOO_SHORT
0017-0023-0004,Roosevelt đề nghị tổng thống Mỹ trong hòan cảnh nào?,,về phục hồi,False,False,0,0.0,1.0,-0.2220144271850586,10.328733444213867,0.2220144271850586,UNANSWERABLE_FALSE_POSITIVE
0017-0023-0005,Một trong những câu nói nổi tiếng của Roosevelt là gì?,"""Điều duy nhất mà chúng ta nên sợ hãi là nỗi sợ của chính mình""",,True,True,0,0.0,1.0,4.239546775817871,5.912416458129883,-4.239546775817871,ANSWERABLE_PREDICTED_EMPTY
0017-0023-0006,Một trong những câu nói ít nổi tiếng của Roosevelt là gì?,,,False,True,1,1.0,1.0,4.264078140258789,5.8866682052612305,-4.264078140258789,CORRECT_NO_ANSWER
0017-0024-0001,Roosevelt đã có những việc làm gì trong vấn đề giáo dục quốc gia cho tài chính?,,,False,True,1,1.0,1.0,6.376011848449707,3.775010108947754,-6.376011848449707,CORRECT_NO_ANSWER
0017-0024-0002,Vì lí do gì mà đạo luật tiền thưởng khổng lồ được thông qua mặc cho sự phủ quyết của Roosevelt?,sức ép của các cựu chiến binh,vì sức ép của các,True,False,0,0.6666666666666666,1.0,0.2446737289428711,9.84776782989502,-0.2446737289428711,SPAN_TOO_SHORT
0017-0024-0003,"Sau khi đắc cử, Roosevelt đã thực hiện lời hứa của mình lúc tranh cử như thế nào?","cắt giảm ngân sách liên bang, bao gồm việc cắt giảm 40% phúc lợi dành cho cựu chiến binh và cắt giảm tổng thể chi tiêu quân sự","cách cắt giảm ngân sách liên bang, bao gồm việc cắt giảm 40% phúc lợi dành cho cựu chiến binh và cắt giảm tổng thể chi tiêu",True,False,0,0.9454545454545454,1.0,1.5368852615356445,8.591178894042969,-1.5368852615356445,SPAN_TOO_SHORT
0017-0024-0004,Roosevelt đã có những việc làm gì trong vấn đề tài chính quốc gia cho giáo dục?,giảm chi tiêu,,True,True,0,0.0,1.0,6.573934555053711,3.5830135345458984,-6.573934555053711,ANSWERABLE_PREDICTED_EMPTY
0017-0024-0005,Thành tựu mà Roosevelt đạt được trong những chính sách của mình về tài chính quốc gia là gì?,thành công trong nỗ lực cắt giảm tiền lương chính phủ và ngân sách dành cho lục quân và hải quân,,True,True,0,0.0,1.0,5.886120796203613,4.263632774353027,-5.886120796203613,ANSWERABLE_PREDICTED_EMPTY
0017-0024-0006,Vì lí do gì mà đạo luật tiền thưởng khổng lồ của Roosevelt được thông qua mặc cho sự phủ quyết?,,vì sức ép của các,False,False,0,0.0,1.0,0.10239791870117188,9.982088088989258,-0.10239791870117188,UNANSWERABLE_FALSE_POSITIVE
0017-0024-0007,Tại sao các cuộc biểu tình phản đối của các cựu binh lại bùng phát lúc Roosevelt đương nhiệm?,Ông cắt khỏi danh sách hưu bổng khỏang 500.000 cựu chiến binh và quả phụ cũng như cắt giảm phúc lợi đối với những người còn lại,,True,True,0,0.0,1.0,7.9440693855285645,2.211392879486084,-7.9440693855285645,ANSWERABLE_PREDICTED_EMPTY
0017-0025-0001,Cái tên ban đầu của Đảng Dân chủ là gì?,,,False,True,1,1.0,1.0,6.67318320274353,3.4893524646759033,-6.67318320274353,CORRECT_NO_ANSWER
0017-0025-0002,Các quy trình lập pháp này bao gồm những việc gì?,gồm có việc thành lập ra Cơ quan Quản trị Tiến trình Xây dựng Công chánh (Works Progress Administration),,True,True,0,0.0,1.0,5.491175174713135,4.679824352264404,-5.491175174713135,ANSWERABLE_PREDICTED_EMPTY
0017-0025-0003,Đạo luật An sinh xã hội được thiết lập để đem lại tác dụng gì trong đời sống xã hội Mĩ lúc bấy giờ?,"hứa hẹn nền an ninh kinh tế cho người già, người nghèo và người bệnh","hứa hẹn nền an ninh kinh tế cho người già, người nghèo và",True,False,0,0.9285714285714286,1.0,2.045577049255371,8.111133575439453,-2.045577049255371,SPAN_TOO_SHORT
0017-0025-0004,Cái tên ban đầu của Đạo luật Quan hệ Lao động Quốc gia là gì?,Đạo luật Wagner,ra Đạo luật,True,False,0,0.6666666666666666,1.0,-1.1499366760253906,11.270059585571289,1.1499366760253906,PARTIAL_SPAN
0017-0025-0005,Nội dung của đạo luật Wagner qui định điều gì?,"quyền liên bang của công nhân được quyền thành lập công đòan, quyền thương thuyết tập thể và quyền tham gia đình công","trở thành Đạo luật Quan hệ Lao động Quốc gia. Đạo luật này thiết lập quyền liên bang của công nhân được quyền thành lập công đòan, quyền thương thuyết tập thể và quyền tham gia đình",True,False,0,0.7333333333333334,1.0,3.3113017082214355,6.852339267730713,-3.3113017082214355,SPAN_TOO_LONG
0017-0025-0006,Cơ quan Quản trị Tiến trình Xây dựng Công chánh được thành lập với mục đích gì?,thiết lập ban cứu nguy quốc gia để thuê mướn 2 triệu gia trưởng trên tòan quốc,,True,True,0,0.0,1.0,5.93166971206665,4.238966464996338,-5.93166971206665,ANSWERABLE_PREDICTED_EMPTY
0017-0025-0007,Các quy trình lập pháp này không bao gồm những việc gì?,,,False,True,1,1.0,1.0,4.861931800842285,5.309891700744629,-4.861931800842285,CORRECT_NO_ANSWER
0017-0026-0001,Khó khăn mà New Deal lần thứ hai phải đối mặt đó là gì?,cộng đồng thương mại,với cộng đồng,True,False,0,0.5714285714285715,1.0,-0.16435623168945312,10.201038360595703,0.16435623168945312,SPAN_TOO_SHORT
0017-0026-0002,Các đảng viên Dân chủ bảo thủ đã làm gì để đánh trả lại New Deal lần thứ 2?,thành lập Liên đòan Tự do Mỹ,cách thành lập Liên đòan Tự do Mỹ (American Liberty League,True,False,0,0.7777777777777778,1.0,1.5058937072753906,8.643758773803711,-1.5058937072753906,SPAN_TOO_LONG
0017-0026-0003,Các đảng viên New Deal bảo thủ đã làm gì để đánh trả lại Dân chủ lần thứ 2?,,cách thành lập Liên đòan Tự do Mỹ (American Liberty League,False,False,0,0.0,1.0,1.8711128234863281,8.280464172363281,-1.8711128234863281,UNANSWERABLE_FALSE_POSITIVE
0017-0026-0004,Nhờ đâu mà Roosevelt lại có thể trở nên một lực lượng hậu thuẫn vững chắc cho các công đòan trong các cuộc tranh cử?,,vào Đạo luật,False,False,0,0.0,1.0,-0.8650646209716797,10.972663879394531,0.8650646209716797,UNANSWERABLE_FALSE_POSITIVE
0017-0026-0005,Nhờ đâu mà các công đòan lại có thể trở nên một lực lượng hậu thuẫn vững chắc cho Roosevelt trong các cuộc tranh cử?,nhờ vào Đạo luật Wagner,vào Đạo luật,True,False,0,0.7499999999999999,1.0,-1.032679557800293,11.1343355178833,1.032679557800293,SPAN_TOO_SHORT
0017-0026-0006,Tổng thống Mỹ sau khi thành lập đã có những hành động gì nhắm vào Liên đòan Tự do của Roosevelt?,,,False,True,1,1.0,1.0,11.125982165336609,-0.9684046506881714,-11.125982165336609,CORRECT_NO_ANSWER
0017-0026-0007,Lực lượng nào được sự hỗ trợ Roosevelt ở các cuộc tranh cử?,,,False,True,1,1.0,1.0,3.7371716499328613,6.141194820404053,-3.7371716499328613,CORRECT_NO_ANSWER
0017-0026-0008,Lực lượng nào đứng sau hỗ trợ Roosevelt ở các cuộc tranh cử?,các công đòan,,True,True,0,0.0,1.0,4.304549217224121,5.653399467468262,-4.304549217224121,ANSWERABLE_PREDICTED_EMPTY
0017-0026-0009,Khó khăn mà New Deal lần thứ nhất phải đối mặt đó là gì?,,với cộng đồng,False,False,0,0.0,1.0,0.29749584197998047,9.768855094909668,-0.29749584197998047,UNANSWERABLE_FALSE_POSITIVE
0017-0026-0010,Liên đòan Tự do Mỹ sau khi thành lập đã có những hành động gì nhắm vào tổng thống Roosevelt?,Họ tấn công Roosevelt một cách điên cuồng và so sánh ông với Marx và Lênin,,True,True,0,0.0,1.0,9.820295304059982,0.33724120259284973,-9.820295304059982,ANSWERABLE_PREDICTED_EMPTY
0017-0027-0001,Roosevelt đã có những động thái gì để đối mặt với tỉ lệ nợ quốc gia ở mức cao như vậy?,"Roosevelt đã quân bình ngân sách ""thường lệ""",,True,True,0,0.0,1.0,7.099603891372681,3.059434652328491,-7.099603891372681,ANSWERABLE_PREDICTED_EMPTY
0017-0027-0002,Roosevelt đã có những động thái gì để tránh mặt với tỉ lệ nợ quốc gia ở mức cao như vậy?,,,False,True,1,1.0,1.0,8.49246370792389,1.66974675655365,-8.49246370792389,CORRECT_NO_ANSWER
0017-0027-0003,Nợ quốc gia dưới thời Hoover có những biến đổi tiêu cực nào?,"nợ quốc gia tính theo phần trăm tổng sản lượng quốc gia tăng gấp đôi dưới thời Hoover từ 16% lên đến 33,6% tổng sản lượng quốc gia năm 1932",,True,True,0,0.0,1.0,4.1357197761535645,6.0191473960876465,-4.1357197761535645,ANSWERABLE_PREDICTED_EMPTY
0017-0027-0004,Chi tiêu chính phủ quốc gia Hoa Kỳ đã có những thay đổi như thế nào dưới thời tổng thống Roosevelt?,"tăng từ 8,0% tổng sản lượng quốc gia dưới thời Tổng thống Hoover năm 1932 lên 10,2% tổng sản lượng quốc gia năm 1936",,True,True,0,0.0,1.0,5.55560302734375,4.608273506164551,-5.55560302734375,ANSWERABLE_PREDICTED_EMPTY
0017-0028-0001,Tổng sản lượng quốc gia Anh đã có những thay đổi như thế nào trong các năm từ 1932-1940?,,,False,True,1,1.0,1.0,5.486266136169434,4.682692527770996,-5.486266136169434,CORRECT_NO_ANSWER
0017-0028-0002,Các nhà kinh tế học đề nghị giải pháp gì để giải quyết nền kinh tế Mĩ lúc bấy giờ?,Chi tiêu thâm thủng,,True,True,0,0.0,1.0,5.521576881408691,4.643546104431152,-5.521576881408691,ANSWERABLE_PREDICTED_EMPTY
0017-0028-0003,Một trong những thay đổi tích cực của nền kinh tế Hoa Kỳ trong nhiệm kỳ đầu của Roosevelt là gì?,Thất nghiệp giảm đáng kể,". Thất nghiệp giảm đáng kể trong nhiệm kỳ đầu của Roosevelt từ 25% khi ông nhậm chức xuống còn 14,3% năm",True,False,0,0.37037037037037035,1.0,2.448444366455078,7.674982070922852,-2.448444366455078,SPAN_TOO_LONG
0017-0028-0004,Một trong những thay đổi tích cực của nền kinh tế Anh trong nhiệm kỳ đầu của Roosevelt là gì?,,". Thất nghiệp giảm đáng kể trong nhiệm kỳ đầu của Roosevelt từ 25% khi ông nhậm chức xuống còn 14,3% năm",False,False,0,0.0,1.0,2.695528030395508,7.440303802490234,-2.695528030395508,UNANSWERABLE_FALSE_POSITIVE
0017-0028-0005,Tại sao nạn thất nghiệp chỉ có thế biến mất khi và chỉ khi xảy ra chiến tranh thế giới thứ hai?,những người thất nghiệp trước đây được tuyển mộ quân dịch,,True,True,0,0.0,1.0,7.807655096054077,2.3677961826324463,-7.807655096054077,ANSWERABLE_PREDICTED_EMPTY
0017-0028-0006,Tổng sản lượng quốc gia Hoa Kỳ đã có những thay đổi như thế nào trong các năm từ 1932-1940?,Tổng sản lượng quốc gia năm 1936 là 34% cao hơn so với năm 1932 và 58% cao hơn trong năm 1940,,True,True,0,0.0,1.0,5.5376787185668945,4.631762504577637,-5.5376787185668945,ANSWERABLE_PREDICTED_EMPTY
0017-0028-0007,Nền kinh tế của Hoa Kỳ đã có những chuyển biến tích cực ra sao ở thời kì hậu Hooven?,"nền kinh tế phát triển 58% từ năm 1932 đến năm 1940 trong khỏang thời gian 8 năm hòa bình, và rồi phát triển 56% từ 1940 đến 1945 trong khỏang thời gian 5 năm chiến tranh",,True,True,0,0.0,1.0,5.36186408996582,4.8128204345703125,-5.36186408996582,ANSWERABLE_PREDICTED_EMPTY
0017-0029-0001,Tỉ lệ thất nghiệp cao nhất trong nhiệm kỳ của Roosevelt rơi vào khỏang bao nhiêu?,,,False,True,1,1.0,1.0,4.818924427032471,5.248294353485107,-4.818924427032471,CORRECT_NO_ANSWER
0017-0029-0002,Tỉ lệ gia tăng việc làm trung bình hằng năm dưới thời Roosevelt là bao nhiêu?,"5,3%","là 5,3",True,False,0,0.8,1.0,-0.5717239379882812,10.540170669555664,0.5717239379882812,SPAN_TOO_LONG
0017-0029-0003,Đặc điểm của nền kinh tế ngòai nhiệm kỳ của Roosevelt là gì?,,kinh tế phát triển,False,False,0,0.0,1.0,0.5110321044921875,9.612438201904297,-0.5110321044921875,UNANSWERABLE_FALSE_POSITIVE
0017-0029-0004,Tỉ lệ gia tăng việc làm trung bình hằng năm sau thời Roosevelt là bao nhiêu?,,"là 5,3",False,False,0,0.0,1.0,-0.22581195831298828,10.256542205810547,0.22581195831298828,UNANSWERABLE_FALSE_POSITIVE
0017-0029-0005,Số người thất nghiệp trong nhiệm kỳ của Roosevelt là bao nhiêu?,"khỏang 18,31 triệu",,True,True,0,0.0,1.0,7.298978805541992,2.8389759063720703,-7.298978805541992,ANSWERABLE_PREDICTED_EMPTY
0017-0029-0006,Tỉ lệ thất nghiệp trung bình trong nhiệm kỳ của Roosevelt rơi vào khỏang bao nhiêu?,13%,,True,True,0,0.0,1.0,4.145535469055176,5.969555854797363,-4.145535469055176,ANSWERABLE_PREDICTED_EMPTY
0017-0029-0007,Đặc điểm của nền kinh tế trong nhiệm kỳ của Roosevelt là gì?,Nền kinh tế phát triển nhanh,kinh tế phát triển,True,False,0,0.8,1.0,0.20543670654296875,9.903301239013672,-0.20543670654296875,SPAN_TOO_SHORT
0017-0029-0008,Số người có việc làm trong nhiệm kỳ của Roosevelt là bao nhiêu?,,,False,True,1,1.0,1.0,6.9383111000061035,3.1466383934020996,-6.9383111000061035,CORRECT_NO_ANSWER
0017-0029-0009,Mặt trái của sự phát triển nhanh nền kinh tế thời kỳ Roosevelt là gì?,sự phát triển này được theo sau là tình trạng thất nghiệp liên tục ở mức độ cao,là tình trạng thất nghiệp liên tục ở mức độ,True,False,0,0.7142857142857143,1.0,-1.2041635513305664,10.899445533752441,1.2041635513305664,SPAN_TOO_SHORT
0017-0030-0001,Thuế sổ lương được Roosevelt đưa ra nhằm mục đích gì?,nhằm gây qũy cho chương trình mới là An sinh Xã hội năm 1937,nhằm gây qũy cho chương trình mới là An sinh Xã hội năm,True,False,0,0.962962962962963,1.0,1.3076143264770508,8.748778343200684,-1.3076143264770508,SPAN_TOO_SHORT
0017-0030-0002,"Nhiều lọai thuế đã được đưa ra ở các tiểu bang, nguyên nhân do đâu?",dưới sức ép tài chính do Đại suy thóai gây ra,", dưới sức ép tài chính do Đại suy thóai gây",True,False,0,0.9523809523809523,1.0,3.0502090454101562,7.120841979980469,-3.0502090454101562,SPAN_TOO_SHORT
0017-0030-0003,Quốc hội đã làm gì để có thể tài trợ cho chiến tranh?,Quốc hội mở rộng thu thuế đối với hầu hết những ai đi làm đều phải trả thuế thu nhập liên bang,", Quốc hội mở rộng thu thuế đối với hầu hết những ai đi làm đều phải trả thuế thu nhập",True,False,0,0.9523809523809523,1.0,2.6898880004882812,7.443028450012207,-2.6898880004882812,SPAN_TOO_SHORT
0017-0030-0004,Lệnh Hành pháp số 9250 được Roosevelt ban hành với mục đích chính là gì?,nhằm tăng tỉ lệ thuế cận biên lên đến 100% đối với những ai có tiền lương vượt trên 25.000 đô la (sau thuế),nhằm tăng tỉ lệ thuế cận biên lên đến 100% đối với những ai có tiền lương vượt trên 25.000,True,False,0,0.9130434782608696,1.0,1.6255931854248047,8.440781593322754,-1.6255931854248047,SPAN_TOO_SHORT
0017-0030-0005,"Trong thời gian chiến tranh, Roosevelt đã có những đề nghị như thế nào đối với các lọai thuế thu nhập?",tăng tỉ lệ thuế thu nhập thậm chí cao hơn đối với cá nhân (lên đến một tỉ lệ thuế cận biên là 91%) và đại công ty,Việc Roosevelt đề nghị thu các lọai thuế mới đối với tiền tiết kiệm của các,True,False,0,0.18181818181818182,1.0,1.3291997909545898,8.828887939453125,-1.3291997909545898,SPAN_TOO_SHORT
0017-0030-0006,Quốc hội đã làm gì để có thể tạo sức ép cho chiến tranh?,,,False,True,1,1.0,1.0,4.379075050354004,5.77004337310791,-4.379075050354004,CORRECT_NO_ANSWER
0017-0031-0001,Việc kết thúc những nỗ lực lớn của các cường quốc trong việc kết thúc cuộc khủng hỏang thế giới đã giúp cho Roosevelt việc gì?,thực hiện chính sách kinh tế riêng của Hoa Kỳ,. Thông điệp gây xôn xao của Roosevelt gởi đến hội nghị tiền tệ thế giới năm,True,False,0,0.07692307692307693,1.0,-0.022339820861816406,10.104771614074707,0.022339820861816406,SPAN_TOO_LONG
0017-0031-0002,Sự kiện nào đã đánh dấu sự trỗi dậy mạnh mẽ của chủ nghĩa biệt lập?,Việc không ký vào hiệp ước tham gia Hội Quốc Liên năm 1919,Việc không ký vào hiệp ước tham gia Hội Quốc Liên năm,True,False,0,0.9600000000000001,1.0,-0.46999073028564453,10.549261093139648,0.46999073028564453,SPAN_TOO_SHORT
0017-0031-0003,Thông điệp mà hội nghị tiền tệ thế giới gửi đến Roosevelt đã dẫn đến điều gì?,,,False,True,1,1.0,1.0,3.932461738586426,6.197531700134277,-3.932461738586426,CORRECT_NO_ANSWER
0017-0031-0004,Thông điệp mà Roosevelt gửi đến hội nghị tiền tệ thế giới đã dẫn đến điều gì?,kết thúc tất cả những nỗ lực lớn của các cường quốc nhằm hợp tác trong công cuộc kết thúc cuộc khủng hỏang thế giới,thực sự kết thúc tất cả những nỗ lực lớn của các cường quốc nhằm hợp tác trong công cuộc kết thúc cuộc khủng hỏang,True,False,0,0.92,1.0,3.330911159515381,6.7957444190979,-3.330911159515381,PARTIAL_SPAN
0017-0031-0005,Chủ nghĩa biệt lập trong chính sách ngọai giao của Hoa Kỳ là gì?,không tham gia vào các tổ chức thế giới,Việc không ký vào hiệp ước tham gia Hội Quốc Liên năm,True,False,0,0.380952380952381,1.0,1.064417839050293,9.050244331359863,-1.064417839050293,SPAN_TOO_LONG
0017-0031-0006,Việc kết thúc những nỗ lực lớn của thế giới trong việc kết thúc cuộc khủng hỏang các cường quốc đã giúp cho Roosevelt việc gì?,,. Thông điệp gây xôn xao của Roosevelt gởi đến hội nghị tiền tệ,False,False,0,0.0,1.0,0.4162921905517578,9.680702209472656,-0.4162921905517578,UNANSWERABLE_FALSE_POSITIVE
0017-0031-0007,Sự kiện nào đã đánh dấu sự trỗi dậy mạnh mẽ của hội nghị tiền tệ thế giới?,,Việc không ký vào hiệp ước tham gia Hội Quốc Liên năm,False,False,0,0.0,1.0,1.367319107055664,8.754695892333984,-1.367319107055664,UNANSWERABLE_FALSE_POSITIVE
0017-0032-0001,"Tháng 12 năm 1823, đã đánh dấu cột mốc của sự kiện quan trọng nào?",,,False,True,1,1.0,1.0,3.8697094917297363,6.2847208976745605,-3.8697094917297363,CORRECT_NO_ANSWER
0017-0032-0002,"""Chính sách lân bang tốt"" của Roosevelt mang vai trò như thế nào trong chính sách đối ngọai của Hoa Kỳ?",Các hiệp ước mới được ký kết với Cuba và Panama đã kết thúc tình trạng của họ là quốc gia được Hoa Kỳ bảo hộ,đối với châu Mỹ La,True,False,0,0.06451612903225806,1.0,1.9514989852905273,8.196322441101074,-1.9514989852905273,SPAN_TOO_SHORT
0017-0032-0003,"Tháng 12 năm 1933, đã đánh dấu cột mốc của sự kiện quan trọng nào?",Roosevelt ký văn kiện Hội nghị Montevideo về quyền lợi và nghĩa vụ của các quốc gia,", Roosevelt ký văn kiện Hội nghị Montevideo về quyền lợi và nghĩa vụ của các quốc gia, từ bỏ quyền can thiệp đơn phương vào công việc nội bộ của các quốc gia châu Mỹ La",True,False,0,0.6415094339622641,1.0,0.6313838958740234,9.48553466796875,-0.6313838958740234,SPAN_TOO_LONG
0017-0032-0004,"Sau khi Học thuyết Monroe ra đời, các khu vực châu Mỹ Latinh được đánh giá là khu vực như thế nào?",khu vực này đã từng được xem như là một vùng ảnh hưởng của Hoa Kỳ,là một vùng ảnh hưởng của,True,False,0,0.5454545454545454,1.0,2.1381092071533203,7.999337196350098,-2.1381092071533203,SPAN_TOO_SHORT
0017-0032-0005,"""Chính sách lân bang tốt"" của Roosevelt mang vai trò như thế nào trong chính sách đối ngọai của Cuba?",,,False,True,1,1.0,1.0,7.048485517501831,3.104090929031372,-7.048485517501831,CORRECT_NO_ANSWER
0017-0032-0006,"Trong văn kiện Hội nghị Montevideo về quyền lợi và nghĩa vụ của các quốc gia, Hoa Kỳ đã cam kết điều gì?",từ bỏ quyền can thiệp đơn phương vào công việc nội bộ của các quốc gia châu Mỹ La Tinh,", từ bỏ quyền can thiệp đơn phương vào công việc nội bộ của các quốc gia châu Mỹ La",True,False,0,0.9743589743589743,1.0,-1.5936822891235352,11.315801620483398,1.5936822891235352,SPAN_TOO_SHORT
0017-0032-0007,"""Học thuyết Monroe"" là gì?",,"""Chính sách lân bang tốt"". Đây là một sự tái định lượng chính sách của Hoa Kỳ đối với châu Mỹ La",False,False,0,0.0,1.0,2.0874547958374023,8.049727439880371,-2.0874547958374023,UNANSWERABLE_FALSE_POSITIVE
0017-0032-0008,"""Chính sách lân bang tốt"" là gì?",Sáng kiến chính về chính sách ngọai giao trong nhiệm kỳ đầu tiên của Roosevelt,,True,True,0,0.0,1.0,4.874528884887695,5.267847061157227,-4.874528884887695,ANSWERABLE_PREDICTED_EMPTY
0017-0032-0009,"Trong văn kiện các quốc gia về quyền lợi và nghĩa vụ của Hội nghị Montevideo, Hoa Kỳ đã cam kết điều gì?",,", từ bỏ quyền can thiệp đơn phương vào công việc nội bộ của các quốc gia châu Mỹ La",False,False,0,0.0,1.0,-1.0333242416381836,10.996973037719727,1.0333242416381836,UNANSWERABLE_FALSE_POSITIVE
0017-0033-0001,Liên minh New Deal đã đóng góp vai trò như thế nào đối với Đảng Dân chủ?,hậu thuẫn cho đảng Dân chủ cho đến thập niên 1960,,True,True,0,0.0,1.0,7.057821273803711,3.0952701568603516,-7.057821273803711,ANSWERABLE_PREDICTED_EMPTY
0017-0033-0002,Liên minh New Deal đã đóng góp vai trò như thế nào đối với tiểu bang Kansas?,,,False,True,1,1.0,1.0,8.119258642196655,2.034193277359009,-8.119258642196655,CORRECT_NO_ANSWER
0017-0033-0003,Kết quả của cuộc bầu cử tổng thống năm 1936 là gì?,"Roosevelt và Garner chiến thắng với tỉ lệ 60,8% phiếu bầu phổ thông và chiến thắng gần như ở tất cả các tiểu bang, trừ Maine và Vermont",,True,True,0,0.0,1.0,5.54859733581543,4.591730117797852,-5.54859733581543,ANSWERABLE_PREDICTED_EMPTY
0017-0033-0004,Alf Landon đã có thái độ như thế nào đối với chương trình New Deal?,chấp nhận phần lớn chương trình New Deal nhưng phản bác rằng nó không có lợi cho doanh nghiệp và quá nhiều lãng phí,,True,True,0,0.0,1.0,7.690532684326172,2.4698238372802734,-7.690532684326172,ANSWERABLE_PREDICTED_EMPTY
0017-0033-0005,Kết quả của cuộc bầu cử Quốc hội năm 1936 là gì?,,,False,True,1,1.0,1.0,8.938200235366821,1.2158706188201904,-8.938200235366821,CORRECT_NO_ANSWER
0017-0033-0006,"Trong cuộc tranh cử tổng thống năm 1936, Roosevelt đã dựa vào lợi thế gì để tranh cử với Alf Landon?",các chương trình New Deal,vào các chương trình New Deal của,True,False,0,0.8333333333333333,1.0,-0.18285083770751953,9.907806396484375,0.18285083770751953,SPAN_TOO_LONG
0017-0033-0007,Roosevelt đã nhận được sự ủng hộ to lớn như thế nào trong cuộc tranh tranh cử?,"Roosevelt được hậu thuẫn bởi một liên minh cử tri gồm các đảng viên Dân chủ truyền thống trên tòan quốc, các nông gia nhỏ, cư dân miền Nam Hoa Kỳ, người công giáo La Mã, các cỗ máy thành phố lớn, các liên đòan lao động, người Mỹ gốc châu Phi ở miền bắc, người Do Thái, giới trí thức và người theo chủ nghĩa tự do chính trị",,True,True,0,0.0,1.0,7.634552717208862,2.5255730152130127,-7.634552717208862,ANSWERABLE_PREDICTED_EMPTY
0017-0034-0001,Chương trình kích cầu cấp tiến mà Roosevelt đưa ra đã đem lại tác dụng gì?,"giúp tạo ra đỉnh điểm 3,3 triệu việc làm do WPA quản lý vào năm 1938",,True,True,0,0.0,1.0,3.6941709518432617,6.45684814453125,-3.6941709518432617,ANSWERABLE_PREDICTED_EMPTY
0017-0034-0002,"Trong nhiệm kỳ hai của Roosevelt, Hoa Kỳ đã có những thay đổi như thế nào?","Hoa Kỳ có được một Cơ quan đặc trách Gia cư Hoa Kỳ, một Đạo luật Điều chỉnh Nông nghiệp thứ hai và Đạo luật Tiêu chuẩn Lao động Công bằng năm 1938 cho ra đời lương tối thiểu",", có rất ít quy trình lập pháp lớn được",True,False,0,0.08333333333333333,1.0,2.541295051574707,7.592188835144043,-2.541295051574707,SPAN_TOO_SHORT
0017-0034-0003,Chương trình kích cầu cấp tiến mà Roosevelt giải cứu đã đem lại tác dụng gì?,,,False,True,1,1.0,1.0,4.71511173248291,5.446294784545898,-4.71511173248291,CORRECT_NO_ANSWER
0017-0034-0004,"Để giải quyết tình trạnh tồi tệ trở lại của nền kinh tế Hoa Kỳ năm 1937, Roosevelt đã có những quyết định như thế nào?","Roosevelt đưa ra một chương trình kích cầu cấp tiến, xin Quốc hội chi 5 tỷ đô la cho công chánh và giải cứu Cơ quan Quản trị Tiến trình Xây dựng Công chánh (WPA)",,True,True,0,0.0,1.0,6.156418323516846,4.002882480621338,-6.156418323516846,ANSWERABLE_PREDICTED_EMPTY
0017-0035-0001,"Đầu năm 1937, đảng Dân Chủ đã phản đối quyết định ""gây sửng sốt"" gì của Roosevelt?",bổ nhiệm 5 thẩm phán tối cao pháp viện mới,"khi đề nghị một luật mới cho phép ông bổ nhiệm 5 thẩm phán tối cao pháp viện mới Kế họach ""lấp đầy tòa",True,False,0,0.5882352941176471,1.0,-0.44966697692871094,10.456975936889648,0.44966697692871094,SPAN_TOO_LONG
0017-0035-0002,Những chương trình của Roosevelt đã phải đối mặt với rào cản khó khăn nào?,Tối cao Pháp viện Hoa Kỳ,,True,True,0,0.0,1.0,3.7688937187194824,6.396290302276611,-3.7688937187194824,ANSWERABLE_PREDICTED_EMPTY
0017-0035-0003,"Tại sao quyết kế họach ""lấp đầy tòa án"" của Roosevelt lại bị phản đối một cách kịch liệt như vậy?",dường như làm đảo lộn tam quyền phân lập và trao cho tổng thống cả quyền kiểm sóat ngành tư pháp,,True,True,0,0.0,1.0,5.262612342834473,4.906299591064453,-5.262612342834473,ANSWERABLE_PREDICTED_EMPTY
0017-0035-0004,"Tối cao Pháp viện Hoa Kỳ đã có những hành động gì để ""lật ngược"" các chương trình của Roosevelt?",tối cao pháp viện đồng thanh phán quyết rằng Đạo luật Phục hồi Quốc gia (NRA) là một sự ủy thác quyền lực một cách vi hiến của ngành lập pháp trao cho tổng thống,,True,True,0,0.0,1.0,10.065373256802559,0.10474888980388641,-10.065373256802559,ANSWERABLE_PREDICTED_EMPTY
0017-0036-0001,Tại sao Roosevelt lại tự dấn thân vào các cuộc bầu cử sơ bộ đảng Dân chủ năm 1938?,Vì quyết tâm vượt qua sự chống đối của các đảng viên Dân chủ bảo thủ,,True,True,0,0.0,1.0,4.3853888511657715,5.690552234649658,-4.3853888511657715,ANSWERABLE_PREDICTED_EMPTY
0017-0036-0002,Roosevelt tham gia vào cuộc bầu cử sơ bộ đảng Dân chủ với mục đích gì?,Vì quyết tâm vượt qua sự chống đối của các đảng viên Dân chủ bảo thủ,,True,True,0,0.0,1.0,7.3497090339660645,2.7511143684387207,-7.3497090339660645,ANSWERABLE_PREDICTED_EMPTY
0017-0036-0003,Roosevelt đã bị tố cáo về những việc làm gì?,tìm cách thâu tóm đảng Dân chủ và dùng chiêu thức thuyết phục cử tri rằng họ độc lập để được tái đắc cử,,True,True,0,0.0,1.0,4.035337448120117,6.104877471923828,-4.035337448120117,ANSWERABLE_PREDICTED_EMPTY
0017-0036-0004,Thành quả mà Roosevelt đạt được sau khi dấn thân vào các cuộc bầu cửu sơ bộ đảng Dân chủ là gì?,"Roosevelt bị thất bại chua cay, chỉ đánh gục được một mục tiêu, đó là một đảng viên Dân chủ bảo thủ từ Thành phố New York",,True,True,0,0.0,1.0,9.158892154693604,0.9854063987731934,-9.158892154693604,ANSWERABLE_PREDICTED_EMPTY
0017-0036-0005,Thành quả mà Roosevelt đạt được trước khi dấn thân vào các cuộc bầu cử sơ bộ đảng Dân chủ là gì?,,,False,True,1,1.0,1.0,8.353165626525879,1.7882261276245117,-8.353165626525879,CORRECT_NO_ANSWER
0017-0036-0006,Tại sao Roosevelt lại bị dấn thân vào các cuộc bầu cử sơ bộ đảng Dân chủ năm 1938?,,,False,True,1,1.0,1.0,5.097075462341309,5.017216682434082,-5.097075462341309,CORRECT_NO_ANSWER
0017-0036-0007,"Để vượt qua sự chống đối của các đảng viên Dân chủ bảo thủ, Roosevelt đã có quyết định gì?",Roosevelt tự dấn thân vào các cuộc bầu cử sơ bộ đảng Dân chủ năm 1938,,True,True,0,0.0,1.0,5.046599388122559,5.0742597579956055,-5.046599388122559,ANSWERABLE_PREDICTED_EMPTY
0017-0036-0008,"Để vượt qua sự thuyết phục của các đảng viên Dân chủ bảo thủ, Roosevelt đã có quyết định gì?",,,False,True,1,1.0,1.0,6.634516716003418,3.5018863677978516,-6.634516716003418,CORRECT_NO_ANSWER
0017-0037-0001,Luật cuối cùng mà Roosevelt đề nghị được quốc hội thông qua là luật nào?,Luật lương tối thiểu năm 1938,. Luật lương tối thiểu năm,True,False,0,0.9090909090909091,1.0,-1.9679107666015625,11.437999725341797,1.9679107666015625,SPAN_TOO_SHORT
0017-0037-0002,"Tại kì nhóm họp năm 1939 của Quốc hội, đã có những quyết định gì được đưa ra đến từ hai đảng phái?",lập ra một liên minh Bảo thủ,,True,True,0,0.0,1.0,4.5813398361206055,5.565339088439941,-4.5813398361206055,ANSWERABLE_PREDICTED_EMPTY
0017-0037-0003,Việc thành lập liên minh Bảo thủ đã tác động như thế nào đến Roosevelt?,Sự ra đời của liên minh bảo thủ này gần như kết thúc khả năng của Roosevelt đưa các đề nghị của mình lên quốc hội để được thông qua thành luật,Roosevelt đưa các đề nghị của mình lên quốc hội để được thông qua thành,True,False,0,0.6382978723404256,1.0,3.3252410888671875,6.808502197265625,-3.3252410888671875,SPAN_TOO_SHORT
0017-0037-0004,"Tại kì nhóm họp năm 1938 của Quốc hội, đã có những quyết định gì được đưa ra đến từ hai đảng phái?",,,False,True,1,1.0,1.0,4.857240200042725,5.291235446929932,-4.857240200042725,CORRECT_NO_ANSWER
0017-0037-0005,Đa phần số ghế bị mất của đảng Dân chủ trong thượng viện và hạ viện thuộc về những ai?,các đảng viên Dân chủ ủng hộ New Deal,,True,True,0,0.0,1.0,3.9385275840759277,6.1831183433532715,-3.9385275840759277,ANSWERABLE_PREDICTED_EMPTY
0017-0037-0006,"Trong cuộc bầu cử tháng 11 năm 1938, Đảng Dân chủ đã chịu những tổn thất gì?",mất 6 ghế thượng viện và 71 ghế hạ viện,Dân chủ mất 6 ghế thượng viện và 71 ghế,True,False,0,0.8000000000000002,1.0,1.243403434753418,8.868138313293457,-1.243403434753418,PARTIAL_SPAN
0017-0037-0007,Đa phần số ghế bầu cử của đảng Dân chủ trong thượng viện và hạ viện thuộc về những ai?,,số các đảng viên,False,False,0,0.0,1.0,3.30926513671875,6.807112693786621,-3.30926513671875,UNANSWERABLE_FALSE_POSITIVE
0017-0038-0001,Roosevelt đã có những phản ứng như thế nào đối với Đạo luật Trung lập mà Quốc hội Hoa Kỳ đã thông qua?,Roosevelt chống đối đạo luật,,True,True,0,0.0,1.0,6.156879901885986,4.000621318817139,-6.156879901885986,ANSWERABLE_PREDICTED_EMPTY
0017-0038-0002,Vì lí do gì mà Roosevelt lại chống đối Đạo luật Trung lập?,dựa trên lập luận rằng đạo luật đang trừng phạt nạn nhân của sự xâm lược,song sự ủng hộ của công chúng dành cho đạo luật quá,True,False,0,0.28571428571428575,1.0,2.041463851928711,8.090595245361328,-2.041463851928711,SPAN_TOO_SHORT
0017-0038-0003,Việc Adolf Hitler được bầu chọn làm quốc trưởng Đức Quốc Xã đã gây nên nỗi lo lắng gì?,bùng nổ một cuộc thế chiến mới,lên nỗi e sợ bùng nổ một cuộc thế chiến,True,False,0,0.7058823529411764,1.0,1.485067367553711,8.617956161499023,-1.485067367553711,SPAN_TOO_LONG
0017-0038-0004,Roosevelt đã có những phản ứng như thế nào đối với Đạo luật Trung lập mà Quốc hội Ý đã thông qua?,,,False,True,1,1.0,1.0,8.494279980659485,1.6661900281906128,-8.494279980659485,CORRECT_NO_ANSWER
0017-0038-0005,Theo Đạo luật Trung lập Hoa Kỳ đã có những động thái như thế nào?,ra lệnh cấm vận chuyển vũ khí từ Mỹ đến các nước tham chiến,", ra lệnh cấm vận chuyển vũ khí từ Mỹ đến các nước",True,False,0,0.923076923076923,1.0,3.0165481567382812,7.123064041137695,-3.0165481567382812,SPAN_TOO_SHORT
0017-0038-0006,Điều gì khiên Roosevelt buộc phải ký ban hành Đạo luật Trung lập?,sự ủng hộ của công chúng dành cho đạo luật quá lớn,song sự ủng hộ của công chúng dành cho đạo luật quá,True,False,0,0.9166666666666666,1.0,-2.2951364517211914,11.750627517700195,2.2951364517211914,PARTIAL_SPAN
0017-0039-0001,Sự kiện gì đã diễn ra vào tháng 5 năm 1938?,một cuộc đảo chính bất thành nổ ra do phong trào phát xít Integralista tại Brasil thực hiện,", một cuộc đảo chính",True,False,0,0.3636363636363636,1.0,-1.286879539489746,11.145922660827637,1.286879539489746,SPAN_TOO_SHORT
0017-0039-0002,Điều gì đã khiến chính phủ Roosevelt phải bị khích động?,Sự việc Brasil tố cáo Đức hậu thuẫn cho cuộc đảo chính Integralista,,True,True,0,0.0,1.0,3.5635666847229004,6.2735066413879395,-3.5635666847229004,ANSWERABLE_PREDICTED_EMPTY
0017-0039-0003,Brasil tố cáo Đức hậu thuẫn cho cuộc đảo chính đã gây tác động như thế nào với chính phủ Hoa Kỳ?,có một ảnh hưởng khích động đối với chính phủ Roosevelt,ảnh hưởng khích,True,False,0,0.42857142857142855,1.0,3.2215418815612793,6.903030872344971,-3.2215418815612793,SPAN_TOO_SHORT
0017-0039-0004,Tại sao sự việc Brasil tố cáo Đức hậu thuẫn cho cuộc đảo chính diễn ra trên nước này lại gây khích động cho chính phủ Roosevelt?,"cho rằng Đại sứ Đức, Tiến sĩ Karl Ritter, có nhúng tay vào cuộc đảo chính này và tuyên bố rằng ông ta là persona non grata",,True,True,0,0.0,1.0,4.217916488647461,5.831186294555664,-4.217916488647461,ANSWERABLE_PREDICTED_EMPTY
0017-0039-0005,Sự kiện gì đã diễn ra vào tháng Một năm 1938?,,", một cuộc đảo chính",False,False,0,0.0,1.0,-0.2933769226074219,10.314169883728027,0.2933769226074219,UNANSWERABLE_FALSE_POSITIVE
0017-0039-0006,Chính phủ Roosevelt đã có một cái nhìn gì khác sau khi biết được ý đồ của Đức Quốc Xã?,"chế độ Đức Quốc xã: một chế độ khó ưa, tuy nhiên trên cơ bản không phải là vấn đề đáng lo đối với Mỹ",,True,True,0,0.0,1.0,5.342741966247559,4.812003135681152,-5.342741966247559,ANSWERABLE_PREDICTED_EMPTY
0017-0040-0001,"Với phát biểu của Đại sứ Mĩ về mỗi liên hệ giữa Pháp và Mỹ, người ta đã đồn đóan điều gì về câu nói ấy của ông?",nếu chiến tranh bùng nổ vì Tiệp Khắc thì Hoa Kỳ sẽ tham chiến bên cạnh phe Đồng minh,"rằng ""Pháp và Hoa Kỳ đòan kết với nhau trong chiến tranh và hòa",True,False,0,0.24242424242424243,1.0,1.161667823791504,8.993367195129395,-1.161667823791504,SPAN_TOO_SHORT
0017-0040-0002,"Theo Roosevelt, nếu Đức gây chiến với Tiệp Khắc thì Hoa Kỳ sẽ hành động như thế nào?",giữ lập trường trung lập,sẽ tham chiến bên cạnh phe,True,False,0,0.0,1.0,2.3583831787109375,7.780613899230957,-2.3583831787109375,WRONG_SPAN
0017-0040-0003,"Trước những đồn đóan rằng thế giới sẽ tham chiến chiến tranh Hoa Kỳ, Roosevelt đã có những phản ứng như thế nào?",,,False,True,1,1.0,1.0,7.368973255157471,2.7798447608947754,-7.368973255157471,CORRECT_NO_ANSWER
0017-0040-0004,"Việc bức điện tín ""Good man"" được Roosevelt gửi đến cho Neville Chamberlain khi ông này trở về Luân Đôn, đã gây nên tranh cãi gì về ý nghĩa bức điện tín này?",Phần đông ý kiến cho rằng bức điện tín mang ý nghĩa chúc mừng trong khi nhóm thiểu số thì phản bác lời giải nghĩa đó,,True,True,0,0.0,1.0,8.884279727935791,1.260932445526123,-8.884279727935791,ANSWERABLE_PREDICTED_EMPTY
0017-0040-0005,Đại sứ Mĩ đã có đồn đóan như thế nào về tình hữu nghị giữa Pháp và Mĩ?,,"rằng ""Pháp và Hoa Kỳ đòan kết với nhau trong chiến tranh và hòa",False,False,0,0.0,1.0,1.3830289840698242,8.76534366607666,-1.3830289840698242,UNANSWERABLE_FALSE_POSITIVE
0017-0040-0006,Đại sứ Mĩ đã có phát biểu như thế nào về tình hữu nghị giữa Pháp và Mĩ?,"""Pháp và Hoa Kỳ đòan kết với nhau trong chiến tranh và hòa bình""","rằng ""Pháp và Hoa Kỳ đòan kết với nhau trong chiến tranh và hòa",True,False,0,0.9285714285714286,1.0,0.37070465087890625,9.717031478881836,-0.37070465087890625,PARTIAL_SPAN
0017-0040-0007,"Trước những đồn đóan rằng Hoa Kỳ sẽ tham chiến chiến tranh thế giới, Roosevelt đã có những phản ứng như thế nào?",bác bỏ,,True,True,0,0.0,1.0,7.318850994110107,2.8319973945617676,-7.318850994110107,ANSWERABLE_PREDICTED_EMPTY
0017-0040-0008,"Theo Roosevelt, nếu Tiệp Khắc gây chiến với Đức thì Hoa Kỳ sẽ hành động như thế nào?",,sẽ tham chiến bên cạnh phe,False,False,0,0.0,1.0,1.7017936706542969,8.43797492980957,-1.7017936706542969,UNANSWERABLE_FALSE_POSITIVE
0017-0041-0001,Việc cuộc hội đàm bí mật giữa Pháp và Mỹ đã dẫn đến những hệ quả gì?,dấy lên một làn sóng lớn của chủ nghĩa biệt lập chống lại Roosevelt,,True,True,0,0.0,1.0,5.222984313964844,4.943656921386719,-5.222984313964844,ANSWERABLE_PREDICTED_EMPTY
0017-0041-0002,Nội dung bí mật của Đạo luật Johnson 1934 là gì?,,", cấm cho các quốc gia vỡ nợ tiền mượn trong thời Chiến tranh thế giới thứ nhất mượn thêm",False,False,0,0.0,1.0,-0.46771240234375,10.487726211547852,0.46771240234375,UNANSWERABLE_FALSE_POSITIVE
0017-0041-0003,Nội dung chủ yếu của Đạo luật Johnson 1934 là gì?,cấm cho các quốc gia vỡ nợ tiền mượn trong thời Chiến tranh thế giới thứ nhất mượn thêm tiền,", cấm cho các quốc gia vỡ nợ tiền mượn trong thời Chiến tranh thế giới thứ nhất mượn thêm",True,False,0,0.9743589743589743,1.0,-0.5739173889160156,10.568072319030762,0.5739173889160156,SPAN_TOO_SHORT
0017-0041-0004,Cuộc họp giữa Roosevetlt với Pháp vào tháng 10 năm 1938 diễn ra với mục đích gì?,để xem có cách nào khắc phục được các luật lệ trung lập của Mỹ và cho phép Pháp mua các phi cơ Mỹ để lấp khỏang trống sản xuất trong ngành công nghiệp chế tạo phi cơ Pháp,,True,True,0,0.0,1.0,3.8587069511413574,6.240284442901611,-3.8587069511413574,ANSWERABLE_PREDICTED_EMPTY
0017-0041-0005,Jean Monnet đến Washington vào tháng 11 năm 1938 để làm gì?,đặt mua 1.000 phi cơ chiến đấu Mỹ cho Không quân Pháp,và ngay lập tức đặt mua 1.000 phi cơ chiến đấu Mỹ cho Không quân,True,False,0,0.8275862068965517,1.0,0.2645540237426758,9.858979225158691,-0.2645540237426758,SPAN_TOO_LONG
0017-0041-0006,Tổng thống Pháp Édouard Daladier đã nói với Roosevelt điều gì trong báo cáo của ông gửi cho Ngài thủ tướng?,,"rằng ""Nếu tôi có ba hoặc bốn ngàn phi cơ thì Hội nghị München đã không bao giờ xảy",False,False,0,0.0,1.0,0.6117401123046875,9.4671630859375,-0.6117401123046875,UNANSWERABLE_FALSE_POSITIVE
0017-0041-0007,Thủ tướng Pháp Édouard Daladier đã nói với Roosevelt điều gì trong báo cáo của ông gửi cho Ngài tổng thống?,"""Nếu tôi có ba hoặc bốn ngàn phi cơ thì Hội nghị München đã không bao giờ xảy ra","rằng ""Nếu tôi có ba hoặc bốn ngàn phi cơ thì Hội nghị München đã không bao giờ xảy",True,False,0,0.9473684210526315,1.0,0.5303802490234375,9.542749404907227,-0.5303802490234375,PARTIAL_SPAN
0017-0041-0008,Việc cuộc hội đàm bí mật giữa Anh và Mỹ đã dẫn đến những hệ quả gì?,,,False,True,1,1.0,1.0,5.639788627624512,4.530709266662598,-5.639788627624512,CORRECT_NO_ANSWER
0017-0042-0001,Việc Tây Âu giành thắng lợi ở phát xít Đức đã tác động như thế nào đến quân đội Anh Quốc?,,,False,True,1,1.0,1.0,4.489265441894531,5.650210380554199,-4.489265441894531,CORRECT_NO_ANSWER
0017-0042-0002,Roosevelt nhận được sự ủng hộ từ những ai?,"""Ủy ban Phòng vệ Mỹ bằng cách Trợ giúp Đồng minh""","được ""Ủy ban Phòng vệ Mỹ bằng cách Trợ giúp",True,False,0,0.8571428571428572,1.0,-1.2087841033935547,11.198081970214844,1.2087841033935547,SPAN_TOO_SHORT
0017-0042-0003,Việc phát xít Đức giành thắng lợn ở Tây Âu đã tác động như thế nào đến quân đội Anh Quốc?,"Anh Quốc trở nên suy yếu, dễ bị xâm chiếm",,True,True,0,0.0,1.0,3.867166519165039,6.2720489501953125,-3.867166519165039,ANSWERABLE_PREDICTED_EMPTY
0017-0042-0004,"Vào tháng 7 năm 1940, FDR đã có quyết định gì đối với quân đội Hoa Kỳ?","FDR bổ nhiệm hai lãnh tụ theo chủ nghĩa can thiệp thuộc Đảng Cộng hòa, Henry L. Stimson và Frank Knox, làm bộ trưởng chiến tranh và bộ trưởng hải quân theo thứ tự vừa kể",", FDR bổ nhiệm hai lãnh tụ theo chủ nghĩa can thiệp thuộc Đảng Cộng hòa, Henry L. Stimson và Frank Knox, làm bộ trưởng chiến tranh và bộ trưởng",True,False,0,0.8923076923076924,1.0,2.5342674255371094,7.593071937561035,-2.5342674255371094,SPAN_TOO_SHORT
0017-0042-0005,Những cuộc chiến nào đã bùng nổ kể từ tháng 4 năm 1940?,"Đức xâm chiếm Đan Mạch và Na Uy, theo sau là xâm chiếm Hà Lan, Bỉ, Luxembourg, và Pháp vào tháng 5",", Đức xâm chiếm Đan Mạch và Na Uy, theo sau là xâm chiếm Hà Lan, Bỉ, Luxembourg, và",True,False,0,0.9,1.0,2.6331467628479004,7.495849132537842,-2.6331467628479004,SPAN_TOO_SHORT
0017-0042-0006,Phản ứng của chính phủ Hoa Kỳ như thế nào trước những quyết định của Roosevelt?,"Cả hai đảng ủng hộ các chương trình của ông nhanh chóng xây dựng các lực lượng quân sự Mỹ, nhưng những người theo chủ nghĩa biệt lập cảnh báo rằng Roosevelt sẽ đưa quốc gia lâm vào một cuộc chiến không cần thiết với Đức",,True,True,0,0.0,1.0,5.201501369476318,4.9154133796691895,-5.201501369476318,ANSWERABLE_PREDICTED_EMPTY
0017-0043-0001,Roosevelt đã nhận ý kiến của ai về chính sách ngọai giao của mình?,Harry Hopkins,đến Harry,True,False,0,0.5,1.0,-2.4760427474975586,11.527836799621582,2.4760427474975586,PARTIAL_SPAN
0017-0043-0002,"Trong chương trình ""fireside chats"", phương hướng chính mà Roosevelt muốn Hoa Kỳ hướng đến là gì?","Nước Mỹ phải là ""Kho thuốc đạn dân chủ""",". Nước Mỹ phải là ""Kho thuốc đạn dân chủ",True,False,1,1.0,1.0,1.2529382705688477,8.889887809753418,-1.2529382705688477,CORRECT
0017-0043-0003,Mục tiêu của Roosevelt khi ông cho vay mượn viện trợ là gì?,kết thúc chủ nghĩa thuộc địa của châu Âu,,True,True,0,0.0,1.0,6.291170120239258,3.858917236328125,-6.291170120239258,ANSWERABLE_PREDICTED_EMPTY
0017-0043-0004,Roosevelt đã nhận ý kiến của ai về chính sách ngọai giao của Anh Quốc?,,đến Harry,False,False,0,0.0,1.0,-2.5070972442626953,11.520662307739258,2.5070972442626953,UNANSWERABLE_FALSE_POSITIVE
0017-0043-0005,Tình trạng tài chính của Anh quốc như thế nào vào cuối năm 1940?,các nguồn tài chính của Anh Quốc đã cạn kiệt,vì các nguồn tài chính của Anh Quốc đã,True,False,0,0.8421052631578948,1.0,0.21524524688720703,9.924802780151367,-0.21524524688720703,SPAN_TOO_SHORT
0017-0043-0006,"Ngày 2 tháng 9 năm 1940, Roosevelt đã có hành động ""thách thức các đạo luật trung lập"" nào?",ký hiệp ước trao 50 chiếc khu trục hạm cho Anh Quốc để đổi lấy quyền sử dụng các căn cứ hải quân của Anh Quốc tại các đảo thuộc Anh Quốc trong vùng biển Caribe và Newfoundland,việc ký hiệp ước trao 50 chiếc khu trục hạm cho Anh,True,False,0,0.43999999999999995,1.0,-0.4547405242919922,10.330642700195312,0.4547405242919922,SPAN_TOO_SHORT
0017-0043-0007,Mục tiêu của Roosevelt khi ông vay mượn viện trợ là gì?,,,False,True,1,1.0,1.0,6.542942047119141,3.608295440673828,-6.542942047119141,CORRECT_NO_ANSWER
0017-0044-0001,Các đại biểu đã ủng hộ Roosevelt nhiều như thế nào?,"Các đại biểu kinh ngạc; rồi bỗng dưng loa phóng thanh la to ""Chúng tôi cần Roosevelt... Thế giới cần Roosevelt!"" Các đại biểu như cuồng dại và ông được đề cử với tỉ lệ 946 - 147",như cuồng,True,False,0,0.10256410256410257,1.0,0.8572006225585938,9.311442375183105,-0.8572006225585938,SPAN_TOO_SHORT
0017-0044-0002,Vai trò của James Farley trong chiến dịch tranh cử cửa Roosevelt các năm 1932 và 1936 là gì?,giám đốc điều hành chiến dịch vận động tranh cử của Roosevelt,là giám đốc điều hành chiến dịch vận động tranh cử của,True,False,0,0.9166666666666666,1.0,3.0598764419555664,7.09409236907959,-3.0598764419555664,PARTIAL_SPAN
0017-0044-0003,Việc các đời tổng thống không tranh cử lần thứ ba bắt đầu từ khi nào?,từ khi tổng thống George Washington từ chối ra tranh cử nhiệm kỳ thứ ba vào năm 1796,khi ông bị đảng bắt buộc ra,True,False,0,0.16,1.0,1.5128288269042969,8.642314910888672,-1.5128288269042969,SPAN_TOO_SHORT
0017-0044-0004,Vai trò của James Farley trong chiến dịch tranh cử cửa Roosevelt các năm 1796 và 1936 là gì?,,là giám đốc điều hành chiến dịch vận động tranh cử của,False,False,0,0.0,1.0,3.3594284057617188,6.7963104248046875,-3.3594284057617188,UNANSWERABLE_FALSE_POSITIVE
0017-0044-0005,Hai trong số những đảng viên Dân chủ đang tìm cách nhận sự đề cử của bộ trưởng nông nghiệp là ai?,,là Henry A.,False,False,0,0.0,1.0,-0.7329826354980469,10.72816276550293,0.7329826354980469,UNANSWERABLE_FALSE_POSITIVE
0017-0044-0006,Hai trong số những đảng viên Dân chủ đang tìm cách nhận sự đề cử của đảng Dân chủ là ai?,Bộ trưởng Ngọai giao Cordell Hull và hai là James Farley,"là James Farley, bộ trưởng bưu điện và chủ tịch Đảng",True,False,0,0.5454545454545454,1.0,0.03217315673828125,10.058713912963867,-0.03217315673828125,PARTIAL_SPAN
0017-0044-0007,Tu chính án 22 đã quy định điều gì về nhiệm kỳ của các tổng thống?,mỗi tổng thống chỉ được phục vụ hai nhiệm kỳ,rõ mỗi tổng thống chỉ được phục vụ hai,True,False,0,0.8421052631578948,1.0,2.8799095153808594,7.287586212158203,-2.8799095153808594,SPAN_TOO_SHORT
0017-0045-0001,Ai là đối thủ của Roosevelt trong lần tranh cử năm 1937?,,,False,True,1,1.0,1.0,4.5732879638671875,5.365850448608398,-4.5732879638671875,CORRECT_NO_ANSWER
0017-0045-0002,Roosevelt đã có ý định gì trong chiến dịch tranh cử lần thứ ba của mình?,Roosevelt nhấn mạnh ý định của ông là sẽ làm mọi việc như có thể để giữ Hoa Kỳ ngòai cuộc chiến,,True,True,0,0.0,1.0,4.27028751373291,5.819059371948242,-4.27028751373291,ANSWERABLE_PREDICTED_EMPTY
0017-0045-0003,Roosevelt đã chiến thắng chiến dịch tranh cử như thế nào?,"tỉ lệ 55% phiếu bầu phổ thông, thắng 38 trong số 48 tiểu bang",,True,True,0,0.0,1.0,7.539593696594238,2.60208797454834,-7.539593696594238,ANSWERABLE_PREDICTED_EMPTY
0017-0045-0004,"Trước Henry A.Wallace, ai là người giữ vai trò phó tổng thống Hoa Kỳ?",John Nance Garner,",",True,False,0,0.0,1.0,2.4672536849975586,7.407613754272461,-2.4672536849975586,WRONG_SPAN
0017-0045-0005,"Trước Roosevelt, ai là người giữ vai trò phó tổng thống Hoa Kỳ?",,của Henry A.,False,False,0,0.0,1.0,-2.2952871322631836,11.677922248840332,2.2952871322631836,UNANSWERABLE_FALSE_POSITIVE
0017-0045-0006,Ai là đối thủ của Roosevelt trong lần tranh cử năm 1940?,Wendell Willkie,,True,True,0,0.0,1.0,5.438509941101074,4.574810981750488,-5.438509941101074,ANSWERABLE_PREDICTED_EMPTY
0017-0046-0001,Hoa Kỳ đã thay đổi như thế nào cho đến năm 1940?,"Hoa Kỳ một mặt nới rộng và tái vũ trang Lục quân Hoa Kỳ và Hải quân Hoa Kỳ, một mặt trở thành ""kho thuốc súng của dân chủ"" bằng cách trợ giúp Anh Quốc, Pháp, Trung Hoa và (sau tháng 6 năm 1941) Liên Xô",,True,True,0,0.0,1.0,7.286118507385254,2.8799495697021484,-7.286118507385254,ANSWERABLE_PREDICTED_EMPTY
0017-0046-0002,Hoa Kỳ đã thay đổi như thế nào cho đến tháng 1 năm 1940?,,,False,True,1,1.0,1.0,8.044098138809204,2.1239945888519287,-8.044098138809204,CORRECT_NO_ANSWER
0017-0046-0003,Điều gì đã chi phối Roosevelt trong nhiệm kỳ thứ 3 của mình?,Chiến tranh thế giới thứ hai tại châu Âu và tại Thái Bình Dương,bởi Chiến tranh thế giới thứ hai tại châu Âu và tại,True,False,0,0.8461538461538461,1.0,-1.2020187377929688,11.072994232177734,1.2020187377929688,SPAN_TOO_SHORT
0017-0046-0004,Tại sao Roosevelt lại quyết định tiến hành tái vũ trang Hoa Kỳ?,vì đang phải đối mặt với sự phản đối mạnh mẽ của chủ nghĩa biệt lập từ các lãnh tụ Quốc hội chống đối tái vũ trang như Thượng nghị sĩ William Borah và Thượng nghị sĩ Robert Taft,,True,True,0,0.0,1.0,5.803556442260742,4.3555145263671875,-5.803556442260742,ANSWERABLE_PREDICTED_EMPTY
0017-0047-0001,Do đâu mà lượng di dân của những người gốc Phi lại nhỏ đến vậy?,,. Vì khan hiếm nhân công lao động tại các khu vực trung tâm sản xuất chính trên tòan,False,False,0,0.0,1.0,0.49544811248779297,9.580589294433594,-0.49544811248779297,UNANSWERABLE_FALSE_POSITIVE
0017-0047-0002,Việc xây dựng lực lượng quân sự đã đem lại lợi ích gì cho Hoa Kỳ?,kích thích sự phát triển kinh tế,quân sự kích thích sự phát triển,True,False,0,0.7142857142857143,1.0,2.295774459838867,7.808897018432617,-2.295774459838867,PARTIAL_SPAN
0017-0047-0003,"Trong suốt thời chiến, tình hình trong nước của Hoa Kỳ như thế nào?",Mặt trận trong nước có sự thay đổi xã hội rất năng động,nước có sự thay đổi xã hội rất,True,False,0,0.761904761904762,1.0,1.4440040588378906,8.707927703857422,-1.4440040588378906,SPAN_TOO_SHORT
0017-0047-0004,Sự khan hiếm nhân công lao động tại các khu vực trung tâm sản xuất chính tại Hoa Kỳ đã dẫn đến điều gì tại nước này?,có những dòng di dân lớn gồm những người Mỹ gốc châu Phi từ các nông trại ở miền Nam cũng như các nông gia nhỏ và các công nhân từ các vùng nông thôn và thị trấn nhỏ khắp nơi trên tòan quốc,,True,True,0,0.0,1.0,3.9845190048217773,6.168255805969238,-3.9845190048217773,ANSWERABLE_PREDICTED_EMPTY
0017-0047-0005,Do đâu mà lượng di dân của những người gốc phi lại lớn đến vậy?,Vì khan hiếm nhân công lao động tại các khu vực trung tâm sản xuất chính trên tòan quốc,. Vì khan hiếm nhân công lao động tại các khu vực trung tâm sản xuất chính trên tòan,True,False,0,0.972972972972973,1.0,-0.1638345718383789,10.210409164428711,0.1638345718383789,SPAN_TOO_SHORT
0017-0047-0006,Việc khan hiếm lực lượng quân sự đã đem lại lợi ích gì cho Hoa Kỳ?,,,False,True,1,1.0,1.0,4.180643081665039,5.9544267654418945,-4.180643081665039,CORRECT_NO_ANSWER
0017-0047-0007,Tình hình thất nghiệp của châu Phi thay đổi như thế nào vào năm 1941?,,,False,True,1,1.0,1.0,4.589189529418945,5.568071365356445,-4.589189529418945,CORRECT_NO_ANSWER
0017-0047-0008,"Trong suốt thời bình, tình hình trong nước của Hoa Kỳ như thế nào?",,nước có sự thay đổi xã hội rất,False,False,0,0.0,1.0,1.7406806945800781,8.413737297058105,-1.7406806945800781,UNANSWERABLE_FALSE_POSITIVE
0017-0047-0009,Tình hình thất nghiệp của Hoa Kỳ thay đổi như thế nào vào năm 1941?,thất nghiệp rơi xuống dưới 1 triệu người,,True,True,0,0.0,1.0,4.772653102874756,5.385164737701416,-4.772653102874756,ANSWERABLE_PREDICTED_EMPTY
0017-0048-0001,Cuộc gặp gỡ giữa Roosevelt và Thủ tướng Anh Quốc Winston vào ngày 14 tháng 8 năm 1941 diễn ra với mục đích gì?,,để phác thảo ra Hiến chương,False,False,0,0.0,1.0,0.5638551712036133,9.551431655883789,-0.5638551712036133,UNANSWERABLE_FALSE_POSITIVE
0017-0048-0002,"Dự định của ""Kế họach Chiến Thắng"" khi tham gia cùng với Đồng minh trong thế chiến thứ 2 là gì?",dự tính gia tăng viện trợ cho các quốc gia Đồng minh và cần đến 10 triệu binh sĩ phục vụ,,True,True,0,0.0,1.0,7.001255035400391,3.1674137115478516,-7.001255035400391,ANSWERABLE_PREDICTED_EMPTY
0017-0048-0003,"Tháng 7 năm 1941, Henry Stimson nhận lệnh của Roosevelt làm nhiệm vụ gì?",bắt đầu lập kế họach cho sự tham chiến hòan tòan của Hoa Kỳ,bắt đầu lập kế họach cho sự tham chiến hòan tòan của,True,False,0,0.923076923076923,1.0,0.5021295547485352,9.60446548461914,-0.5021295547485352,SPAN_TOO_SHORT
0017-0048-0004,"Giữa năm 1941, Roosevelt đưa Hoa Kỳ đứng về phe đồng minh, ông đã dùng chính sách gì khi ấy?","chính sách ""tất cả là viện trợ, không tham chiến.""","chính sách ""tất cả là viện trợ, không",True,False,0,0.888888888888889,1.0,-0.6721057891845703,10.797094345092773,0.6721057891845703,SPAN_TOO_SHORT
0017-0048-0005,"""Kế họach Chiến Thắng"" được đưa ra với vai trò như thế nào?","cung cấp cho tổng thống ước tính cần thiết về con số tổng động viên nhân lực, công nghiệp và tiếp vận để đánh bại ""kẻ thù tiềm năng"" của Hoa Kỳ",,True,True,0,0.0,1.0,4.589951515197754,5.565830230712891,-4.589951515197754,ANSWERABLE_PREDICTED_EMPTY
0017-0048-0006,Cuộc gặp gỡ giữa Roosevelt và Thủ tướng Anh Quốc Winston Chirchill vào ngày 14 tháng 8 năm 1941 diễn ra với mục đích gì?,phác thảo ra Hiến chương Đại Tây Dương,để phác thảo ra Hiến chương,True,False,0,0.7142857142857143,1.0,0.7739124298095703,9.351385116577148,-0.7739124298095703,SPAN_TOO_SHORT
0017-0048-0007,"Tháng 7 năm 1941, Roosevelt nhận lệnh của Henry Stimson làm nhiệm vụ gì?",,bắt đầu lập kế họach cho sự tham chiến hòan tòan của,False,False,0,0.0,1.0,0.8024444580078125,9.3110933303833,-0.8024444580078125,UNANSWERABLE_FALSE_POSITIVE
0017-0049-0001,Tại sao cảnh báo đến các tư lệnh Lục quân và Hải quân Hoa Kỳ tại Hawaii lại không gửi đến đúng thời điểm?,vì lỗi của bộ máy hành chính,vì lỗi của bộ máy,True,False,0,0.8333333333333333,1.0,2.5807228088378906,7.578824996948242,-2.5807228088378906,SPAN_TOO_SHORT
0017-0049-0002,Tại sao cảnh báo đến các tư lệnh Lục quân và Hải quân Hawaii tại Hoa Kỳ lại không gửi đến đúng thời điểm?,,vì lỗi của bộ máy,False,False,0,0.0,1.0,2.855391025543213,7.305436611175537,-2.855391025543213,UNANSWERABLE_FALSE_POSITIVE
0017-0049-0003,Thông tin liên lạc với bán đảo của Hawaii được gửi đi như thế nào?,,,False,True,1,1.0,1.0,3.5404138565063477,6.62150764465332,-3.5404138565063477,CORRECT_NO_ANSWER
0017-0049-0004,Những thông điệp được gửi từ Washington đến các đảo Hawaii có mục đích gì?,cảnh báo cho lục quân và hải quân tại Hawaii để họ giăng sẵn bẫy đối phó với một cuộc tấn công của người Nhật,,True,True,0,0.0,1.0,5.241621017456055,4.911850929260254,-5.241621017456055,ANSWERABLE_PREDICTED_EMPTY
0017-0049-0005,"Tại sao các thông điệp được chuyển đi lại không được đánh dấu ""khẩn cấp""?","do chủ ý của các vị tướng lãnh ở thủ đô Washington vì họ cho rằng nếu thông điệp được đánh dấu ""khẩn cấp"" và được gởi đến các vị tư lệnh tại Hawaii thì có thể gây sự chú ý của các điệp viên Nhật Bản ở Tây Duyên hải",,True,True,0,0.0,1.0,6.642223358154297,3.5220947265625,-6.642223358154297,ANSWERABLE_PREDICTED_EMPTY
0017-0049-0006,Thông tin liên lạc thông tin với các đảo của Hawaii được gửi đi như thế nào?,"Thông điệp được gửi qua dịch vụ điện tín ""Western Union Telegram"" đến Tây Duyên hải Hoa Kỳ và sau đó qua dịch vụ vô tuyến ""RCA Radio"" đến thành phố Honolulu với nội dung đã được mã hóa",,True,True,0,0.0,1.0,3.993950366973877,6.168237209320068,-3.993950366973877,ANSWERABLE_PREDICTED_EMPTY
0017-0049-0007,Sự bất cập trong việc truyền thông tin từ Washington đến các đảo Hawaii là gì?,"thông điệp này không được đánh dấu ""khẩn cấp"" nào vì thế nó được gửi đi theo thứ tự nhận được như các thông điệp khác",,True,True,0,0.0,1.0,7.364607810974121,2.800320625305176,-7.364607810974121,ANSWERABLE_PREDICTED_EMPTY
0017-0050-0001,Tại sao người đưa tin bằng xe đạp lại phải di chuyển vòng vo mà không chuyển thẳng trực tiếp đến nơi nhận?,tránh đợt bom nổ đầu tiên,Thì ra việc liên lạc điện tín giữa dịch vụ RCA ở Honolulu và Đồn Shafter đã không thực hiện được vào giờ đặc biệt,True,False,0,0.0,1.0,3.3666257858276367,6.7692975997924805,-3.3666257858276367,WRONG_SPAN
0017-0050-0002,Ai là người nhận trách nhiệm gửi những thông điệp đi?,Đại tá French,",",True,False,0,0.0,1.0,1.0194339752197266,7.85125732421875,-1.0194339752197266,WRONG_SPAN
0017-0050-0003,Đại tá French đã sử dụng phương pháp liên lạc nào thay cho hệ thống liên lạc vô tuyến của Bộ Chiến tranh Honolulu với Hoa Kỳ sau khi nó không còn liên lạc được nữa?,,,False,True,1,1.0,1.0,4.325915336608887,5.79697322845459,-4.325915336608887,CORRECT_NO_ANSWER
0017-0050-0004,Thông điệp được truyền đến Honolulu như thế nào?,"Thông điệp được lưu trữ tại trung tâm truyền tin Lục quân lúc 12:01 trưa (6:31 sáng, giờ Hawaii); được chuyển tải bằng điện tín đến dịch vụ Western Union xong vào lúc 12:17 trưa (6:47 sáng, Hawaii); được dịch vụ RCA Honolulu nhận được vào lúc 1:03 trưa (7:33 sáng, Hawaii); được phòng truyền tin, Đồn Shafter tại Hawaii nhận được vào khỏang 5:15 chiều (11:45 sáng, Hawaii) sau vụ tấn công",,True,True,0,0.0,1.0,5.874746322631836,4.288209915161133,-5.874746322631836,ANSWERABLE_PREDICTED_EMPTY
0017-0050-0005,"Sau khi nhận ra việc truyền tải thông tin liên lạc điện tín giữa dịch vụ RCA ở Honolulu và Đồn Shafter không thực hiện được, người ta đã phải dùng đến cách nào?",giao bằng xe đạp,nên thông điệp được giao bằng,True,False,0,0.4,1.0,0.15254688262939453,9.97278881072998,-0.15254688262939453,SPAN_TOO_LONG
0017-0050-0006,"Sau khi nhận ra việc truyền tải thông tin liên lạc điện tín giữa dịch vụ RCA ở Shafter và Đồn Honolulu không thực hiện được, người ta đã phải dùng đến cách nào?",,nên thông điệp được giao bằng,False,False,0,0.0,1.0,0.14609718322753906,9.978586196899414,-0.14609718322753906,UNANSWERABLE_FALSE_POSITIVE
0017-0050-0007,Thông điệp được truyền đến Hoa Kỳ như thế nào?,,,False,True,1,1.0,1.0,6.827706336975098,3.3368053436279297,-6.827706336975098,CORRECT_NO_ANSWER
0017-0050-0008,Đại tá French đã sử dụng phương pháp liên lạc nào thay cho hệ thống liên lạc vô tuyến của Bộ Chiến tranh Hoa Kỳ với Honolulu sau khi nó không còn liên lạc được nữa?,bằng các phương tiện dịch vụ thương mại,,True,True,0,0.0,1.0,4.097919940948486,6.0243096351623535,-4.097919940948486,ANSWERABLE_PREDICTED_EMPTY
0017-0050-0009,Tại sao người đưa tin bằng xe đạp lại phải di chuyển thẳng trực tiếp mà không chuyển vòng vo đến nơi nhận?,,,False,True,1,1.0,1.0,3.9129600524902344,6.222557067871094,-3.9129600524902344,CORRECT_NO_ANSWER
0017-0051-0001,"Trong bài ""Diễn văn Ghê tởm"", nhân viên đã có những phát biểu gì?",,,False,True,1,1.0,1.0,8.416011333465576,1.754662036895752,-8.416011333465576,CORRECT_NO_ANSWER
0017-0051-0002,Hoa Kỳ đã có những phản ứng như thế nào sau khi bị Nhật Bản tấn công tại Trân Châu Cảng?,Thái độ phản chiến tại Hoa Kỳ biến mất trong đêm và Hoa Kỳ đòan kết đằng sau Roosevelt,,True,True,0,0.0,1.0,6.836310863494873,3.327584743499756,-6.836310863494873,ANSWERABLE_PREDICTED_EMPTY
0017-0051-0003,Hoa Kỳ đã có những phản ứng như thế nào sau khi bị Trân Châu Cảng tấn công tại Nhật Bản?,,,False,True,1,1.0,1.0,8.693737506866455,1.4713034629821777,-8.693737506866455,CORRECT_NO_ANSWER
0017-0051-0004,"Trong bài ""Diễn văn Ghê tởm"", Roosevelt đã có những phát biểu gì?","""Ngày hôm qua, 7 tháng 12 năm 1941 — một ngày mà đáng ghê tởm (vì hành động bất ngờ và tàn bạo của Nhật) — Hoa Kỳ bị lực lượng hải quân và không lực Đế quốc Nhật Bản cố ý và bất ngờ tấn công.""",,True,True,0,0.0,1.0,7.693692207336426,2.4797067642211914,-7.693692207336426,ANSWERABLE_PREDICTED_EMPTY
0017-0051-0005,Tại sao Roosevelt lại cho rằng ngày 7 tháng 12 năm 1941 lại là 1 ngày đáng ghê tởm?,vì hành động bất ngờ và tàn bạo của Nhật,,True,True,0,0.0,1.0,5.3032026290893555,4.8621110916137695,-5.3032026290893555,ANSWERABLE_PREDICTED_EMPTY
0017-0051-0006,"Trong cuộc tấn công ngày 7 tháng 12 năm 1941 của mình nhắm vào Hoa Kỳ tại Trân Châu Cảng, Nhật Bản đã gây ra những thiệt hại gì cho Hoa Kỳ?","phá hủy hoặc làm hư hại 16 chiến hạm trong đó phần lớn là các thiết giáp hạm của hạm đội, giết chết gần 3000 binh sĩ và nhân viên dân sự Mỹ",,True,True,0,0.0,1.0,5.117853164672852,5.044600486755371,-5.117853164672852,ANSWERABLE_PREDICTED_EMPTY
0017-0051-0007,"Sau khi tấn công Hoa Kỳ tại Chân Trâu Cảng, Nhật Bản đã có những động thái nào ngay sau đó?","Trong những tuần sau đó, người Nhật chiếm Philippines và các thuộc địa của Hà Lan và Anh Quốc ở Đông Nam Á, chiếm được Singapore vào tháng 2 năm 1942 và tiến công qua Miến Điện đến biên giới Ấn Độ thuộc Anh vào tháng 5, cắt đứt đường tiếp tế trên bộ đến Trung Hoa Dân Quốc",,True,True,0,0.0,1.0,6.124434947967529,4.04278039932251,-6.124434947967529,ANSWERABLE_PREDICTED_EMPTY
0017-0052-0001,"Mặc dù bị tấn công bởi Nhật Bản tại Trân Châu Cảng, tuy nhiên Roosevelt lại có những quyết định như thế nào?",Roosevelt đã quyết định rằng việc đánh bại Đức Quốc xã là ưu tiên hàng đầu của Hoa Kỳ,,True,True,0,0.0,1.0,7.015303611755371,3.1397294998168945,-7.015303611755371,ANSWERABLE_PREDICTED_EMPTY
0017-0052-0002,"Liên minh không chính thức giữa Hoa Kỳ, Anh Quốc, Đức Quốc xã và Liên Xô được lập ra với mục tiêu hướng tới là gì?",,": ngăn chặn sự tiến công của Đức vào Liên Xô và Bắc Phi, mở một cuộc xâm nhập vào Tây Âu với mục tiêu đè bẹp Đức Quốc xã giữa hai mặt trận, và cứu Trung Hoa rồi đánh bại",False,False,0,0.0,1.0,0.7882146835327148,9.321357727050781,-0.7882146835327148,UNANSWERABLE_FALSE_POSITIVE
0017-0052-0003,Hoa Kỳ đã triển khai chiến lược nào vào thế chiến thứ 2 ngày 2 tháng 11 năm 1941?,,"chiến lược ""châu Âu trước tiên",False,False,0,0.0,1.0,0.08364391326904297,10.01357650756836,-0.08364391326904297,UNANSWERABLE_FALSE_POSITIVE
0017-0052-0004,Cuộc gặp gỡ giữa Roosevevelt và Churchill đầu tháng 12 năm 1941 diễn ra với mục đích gì?,,,False,True,1,1.0,1.0,3.63236141204834,6.508514404296875,-3.63236141204834,CORRECT_NO_ANSWER
0017-0052-0005,Hoa Kỳ đã triển khai chiến lược nào vào thế chiến thứ 2 ngày 11 tháng 2 năm 1941?,"chiến lược ""châu Âu trước tiên""","chiến lược ""châu Âu trước tiên",True,False,1,1.0,1.0,-0.030214309692382812,10.114446640014648,0.030214309692382812,CORRECT
0017-0052-0006,"Liên minh không chính thức giữa Hoa Kỳ, Anh Quốc, Trung Hoa và Liên Xô được lập ra với mục tiêu hướng tới là gì?","ngăn chặn sự tiến công của Đức vào Liên Xô và Bắc Phi, mở một cuộc xâm nhập vào Tây Âu với mục tiêu đè bẹp Đức Quốc xã giữa hai mặt trận, và cứu Trung Hoa rồi đánh bại Nhật Bản",": ngăn chặn sự tiến công của Đức vào Liên Xô và Bắc Phi, mở một cuộc xâm nhập vào Tây Âu với mục tiêu đè bẹp Đức Quốc xã giữa hai mặt trận, và cứu Trung Hoa rồi đánh bại",True,False,0,0.975609756097561,1.0,0.2071695327758789,9.887913703918457,-0.2071695327758789,SPAN_TOO_SHORT
0017-0052-0007,Cuộc gặp gỡ giữa Roosevevelt và Churchill cuối tháng 12 năm 1941 diễn ra với mục đích gì?,"họach định ra một liên minh không chính thức rộng lớn hơn giữa Hoa Kỳ, Anh Quốc, Trung Hoa và Liên Xô","và họach định ra một liên minh không chính thức rộng lớn hơn giữa Hoa Kỳ, Anh Quốc, Trung Hoa và",True,False,0,0.9302325581395349,1.0,3.2965850830078125,6.839067459106445,-3.2965850830078125,SPAN_TOO_SHORT
0017-0053-0001,Hoa Kỳ đã viện trợ cho các nước phe đồng minh như thế nào?,"gởi $50 tỷ đô-la hàng viện trợ theo Đạo luật Lend Lease, chủ yếu đến Anh Quốc sau đó là Liên Xô, Trung Hoa và các lực lượng Đồng minh khác",,True,True,0,0.0,1.0,6.972858428955078,3.191072463989258,-6.972858428955078,ANSWERABLE_PREDICTED_EMPTY
0017-0053-0002,"""Bộ ba đại gia"" gồm những ai?","Roosevelt, Churchill, và Joseph Stalin","(Roosevelt, Churchill, và Joseph Stalin) cùng với Đặc cấp Thượng tướng Tưởng Giới",True,False,0,0.5555555555555556,1.0,1.8918943405151367,8.240456581115723,-1.8918943405151367,SPAN_TOO_LONG
0017-0053-0003,Các nước đồng minh họach định chiến lược với nhau bằng những phương cách như thế nào?,bằng một lọat các hội nghị cấp cao cũng như liên lạc qua các kênh quân sự và ngọai giao,bằng một lọat các hội nghị cấp cao cũng như liên lạc qua các kênh quân sự và ngọai,True,False,0,0.9743589743589743,1.0,3.489014148712158,6.661271572113037,-3.489014148712158,SPAN_TOO_SHORT
0017-0053-0004,Sự hợp tác chính thức giữa các nước trong phe đồng minh đã họach định kế họach tác chiến như thế nào?,,,False,True,1,1.0,1.0,6.295268535614014,3.863816738128662,-6.295268535614014,CORRECT_NO_ANSWER
0017-0053-0005,Sự hợp tác không chính thức giữa các nước trong phe đồng minh đã họach định kế họach tác chiến như thế nào?,"quân Mỹ và Anh Quốc tập trung lực lượng tại phía Tây, quân Liên Xô chiến đấu ở mặt trận phía Đông, và quân Trung Hoa, Anh Quốc, Mỹ chiến đấu tại vùng Thái Bình Dương",,True,True,0,0.0,1.0,7.059998512268066,3.102640151977539,-7.059998512268066,ANSWERABLE_PREDICTED_EMPTY
0017-0053-0006,"""Bộ ba đại gia"" hợp tác không chính thức với ai trong kế họach đánh bại Phát xít?",cùng với Đặc cấp Thượng tướng Tưởng Giới Thạch,với Đặc cấp Thượng tướng Tưởng Giới,True,False,0,0.8750000000000001,1.0,-1.7933330535888672,11.652313232421875,1.7933330535888672,SPAN_TOO_SHORT
0017-0053-0007,"""Bộ ba đại gia"" hợp tác chính thức với ai trong kế họach đánh bại Phát xít?",,với Đặc cấp Thượng tướng Tưởng Giới,False,False,0,0.0,1.0,-1.2322311401367188,11.218534469604492,1.2322311401367188,UNANSWERABLE_FALSE_POSITIVE
0017-0054-0001,Quân Đồng minh đã phải gặp những thất bại nào khi tiến công đánh quân Đức?,Quân Đồng Minh gặp một số thất bại khi quân Đức phản kích đánh Ardennes và Alsace tháng 12 năm 1944 – tháng 1 năm 1945,Đức phản kích đánh Ardennes và Alsace tháng 12 năm 1944 – tháng 1 năm,True,False,0,0.717948717948718,1.0,2.8801937103271484,7.276798248291016,-2.8801937103271484,SPAN_TOO_SHORT
0017-0054-0002,Các cuộc tiến công của Đồng minh diễn ra như thế nào?,"Đồng minh tiến hành xâm chiếm Maroc và Algérie thuộc Pháp (Chiến dịch Torch) vào tháng 11 năm 1942, xâm chiếm Sicilia (Chiến dịch Husky) vào tháng 7 năm 1943, và xâm chiếm lục địa Ý (Chiến dịch Avalanche) vào tháng 9 năm 1943",,True,True,0,0.0,1.0,9.513417840003967,0.6486972570419312,-9.513417840003967,ANSWERABLE_PREDICTED_EMPTY
0017-0054-0003,Ai là người được Roosevelt lựa chọn cho vị trí chỉ huy Chiên dịch Overlord?,Dwight D. Eisenhower,chọn Dwight D. Eisenhower chứ không phải George,True,False,0,0.5454545454545454,1.0,-2.0726451873779297,11.24163818359375,2.0726451873779297,SPAN_TOO_LONG
0017-0054-0004,"Chiến dịch ném bom chiến lược năm 1945, đã gây thiệt hại thế nào cho Đức?",,đã cày nát tất cả các thành phố chính của Đức và cắt đứt các nguồn tiếp tế,False,False,0,0.0,1.0,1.033930778503418,9.002458572387695,-1.033930778503418,UNANSWERABLE_FALSE_POSITIVE
0017-0054-0005,"Đang khi các lực lượng Đồng minh tiếng gần vào Berlin, thì biến cố gì đã xảy ra?",Roosevelt qua đời,. Roosevelt qua đời ngày 12 tháng 4 năm,True,False,0,0.5454545454545454,1.0,-1.1578330993652344,10.916919708251953,1.1578330993652344,SPAN_TOO_LONG
0017-0054-0006,"Chiến dịch ném bom chiến lược năm 1944, đã gây thiệt hại thế nào cho Đức?",cày nát tất cả các thành phố chính của Đức và cắt đứt các nguồn tiếp tế dầu,đã cày nát tất cả các thành phố chính của Đức và cắt đứt các nguồn tiếp tế,True,False,0,0.9444444444444444,1.0,0.06239891052246094,9.872373580932617,-0.06239891052246094,PARTIAL_SPAN
0017-0055-0001,"Mục tiêu của chiến lược ""nhảy đảo"" trong vùng Thái Bình Dương là gì?","giành lấy các căn cứ mà từ đó không lực chiến lược có thể được đưa vào phục vụ để oanh tạc đất Nhật Bản, và từ đó có thể tiến công xâm chiếm Nhật Bản sau này","là giành lấy các căn cứ mà từ đó không lực chiến lược có thể được đưa vào phục vụ để oanh tạc đất Nhật Bản, và từ đó có thể tiến công xâm chiếm Nhật Bản",True,False,0,0.9599999999999999,1.0,-0.11504936218261719,10.105745315551758,0.11504936218261719,SPAN_TOO_SHORT
0017-0055-0002,"Mục tiêu của chiến lược ""nhảy đảo"" trong vùng Hoa Kỳ là gì?",,"là giành lấy các căn cứ mà từ đó không lực chiến lược có thể được đưa vào phục vụ để oanh tạc đất Nhật Bản, và từ đó có thể tiến công xâm chiếm Nhật Bản",False,False,0,0.0,1.0,0.5162248611450195,9.528374671936035,-0.5162248611450195,UNANSWERABLE_FALSE_POSITIVE
0017-0055-0003,"Tại Nhật Bản, Hoa Kỳ đã chặn đứng sự tiến công của Thái Bình Dương như thế nào?",,,False,True,1,1.0,1.0,8.753037929534912,1.3985562324523926,-8.753037929534912,CORRECT_NO_ANSWER
0017-0055-0004,Lực lượng Úc và Mỹ đã có những tiến bộ như thế nào vào tháng 6 năm 1942?,"bắt đầu có tiến bộ tuy đắt giá và chậm chạp bằng chiến thuật được gọi là ""nhảy đảo"" trong vùng Thái Bình Dương",Mỹ bắt đầu có tiến bộ tuy đắt giá và,True,False,0,0.5294117647058825,1.0,3.476604461669922,6.6629638671875,-3.476604461669922,SPAN_TOO_SHORT
0017-0055-0005,"Tại Thái Bình Dương, Hoa Kỳ đã chặn đứng sự tiến công của Nhật bản như thế nào?",Hải quân Hoa Kỳ đã ghi được một chiến thắng mang tính định đọat trong Trận Midway,,True,True,0,0.0,1.0,6.918298721313477,3.230794906616211,-6.918298721313477,ANSWERABLE_PREDICTED_EMPTY
0017-0055-0006,Roosevelt đã nhượng bộ điều gì đối với những đòi hỏi của công chúng và Quốc hội?,phải tận lực hơn trong việc chống Nhật Bản,là phải tận lực hơn trong việc chống,True,False,0,0.823529411764706,1.0,1.0184030532836914,9.055008888244629,-1.0184030532836914,SPAN_TOO_SHORT
0017-0055-0007,Mục tiêu tiên quyết của Roosevelt là gì?,đánh bại Đức,,True,True,0,0.0,1.0,3.610924243927002,6.517890453338623,-3.610924243927002,ANSWERABLE_PREDICTED_EMPTY
0017-0056-0001,Roosevelt đã có những phát biểu như thế nào về mối quan hệ giữa ông và Stalin?,"""Tôi thì có một linh cảm rằng Stalin không phải là hạng người như thế.... Tôi nghĩ rằng nếu tôi cho ông ta mọi thứ mà tôi có thể cho và không đòi hỏi ông ta cho lại cái gì, theo nghĩa vụ qúy phái, ông ta sẽ không tìm cách thôn tính bất cứ mọi thứ và sẽ làm việc với tôi vì một thế giới dân chủ và hòa bình.""",,True,True,0,0.0,1.0,9.212367296218872,0.9392621517181396,-9.212367296218872,ANSWERABLE_PREDICTED_EMPTY
0017-0056-0002,Churchill đã có những nhìn nhận sai gì về Stalin?,,,False,True,1,1.0,1.0,8.238129019737244,1.9131866693496704,-8.238129019737244,CORRECT_NO_ANSWER
0017-0056-0003,Roosevelt đã có những phát biểu như thế nào về cuộc chiến giữa ông và Stalin?,,,False,True,1,1.0,1.0,8.799304008483887,1.3500747680664062,-8.799304008483887,CORRECT_NO_ANSWER
0017-0056-0004,"Tại hội nghị của Roosevelta, Tehran, Churchill và Stalin đã bàn luận với nhau những vấn đề gì?",,về kế họach xâm chiếm nước Pháp năm,False,False,0,0.0,1.0,2.029813766479492,8.114158630371094,-2.029813766479492,UNANSWERABLE_FALSE_POSITIVE
0017-0056-0005,Churchill đã có những nhìn nhận gì vê Stalin?,Churchill xem Stalin là một bạo chúa khi ông cảnh báo về một mối thống trị tiềm năng độc tài của Stalin đối với châu Âu,,True,True,0,0.0,1.0,7.126249313354492,3.0249710083007812,-7.126249313354492,ANSWERABLE_PREDICTED_EMPTY
0017-0056-0006,Stalin có những động thái như thế nào đối với Roosevelt?,Stalin ủng hộ kế họach của Roosevelt về việc thành lập Liên Hiệp Quốc và hứa tham chiến chống Nhật Bản 90 ngày sau khi Đức bị đánh bại,,True,True,0,0.0,1.0,8.803906083106995,1.3493016958236694,-8.803906083106995,ANSWERABLE_PREDICTED_EMPTY
0017-0056-0007,Hội nghị Cairo diễn ra vào tháng 11 năm 1943 với sự gặp mặt của những ai?,Roosevelt họp mặt với Churchill và lãnh tụ Trung Quốc Quốc dân đảng Tưởng Giới Thạch,với Churchill và lãnh tụ Trung Quốc Quốc dân đảng Tưởng Giới,True,False,0,0.8571428571428571,1.0,-2.005446434020996,11.815863609313965,2.005446434020996,SPAN_TOO_SHORT
0017-0056-0008,Churchill có những động thái như thế nào đối với Roosevelt?,,,False,True,1,1.0,1.0,7.733173370361328,2.4170799255371094,-7.733173370361328,CORRECT_NO_ANSWER
0017-0056-0009,Hội nghị Cairo diễn ra vào tháng 11 năm 1944 với sự gặp mặt của những ai?,,với Churchill và lãnh tụ Trung Quốc Quốc dân đảng Tưởng Giới,False,False,0,0.0,1.0,-1.9840631484985352,11.81238079071045,1.9840631484985352,UNANSWERABLE_FALSE_POSITIVE
0017-0056-0010,"Tại hội nghị Tehran, Roosevelt, Churchill và Stalin đã bàn luận với nhau những vấn đề gì?",kế họach xâm chiếm nước Pháp năm 1944,về kế họach xâm chiếm nước Pháp năm,True,False,0,0.875,1.0,0.5721473693847656,9.513044357299805,-0.5721473693847656,PARTIAL_SPAN
0017-0057-0001,Tình trạng sức khỏe của Stalin như thế nào lúc ông đến Yalta để họp bàn với Roosevelt và Churchill?,,", mặc dù sức khỏe sa sút",False,False,0,0.0,1.0,1.5214462280273438,8.628808975219727,-1.5214462280273438,UNANSWERABLE_FALSE_POSITIVE
0017-0057-0002,Tình trạng sức khỏe của Roosevelt như thế nào lúc ông đến Yalta để họp bàn với Stalin và Churchill?,sa sút trầm trọng,", mặc dù sức khỏe sa sút",True,False,0,0.4,1.0,1.4190263748168945,8.729970932006836,-1.4190263748168945,SPAN_TOO_LONG
0017-0057-0003,Tại sao Hội nghị Yalta lại nhận sự chỉ trích của người Mỹ gốc Đông Âu?,vì đã thất bại trong việc ngăn chặn sự thành lập Khối Đông Âu,đã thất bại trong việc ngăn chặn sự thành lập Khối,True,False,0,0.88,1.0,1.441716194152832,8.645834922790527,-1.441716194152832,SPAN_TOO_SHORT
0017-0057-0004,Averill Harriman đã có những nhận xét như thế nào về Liên Xô trong điện tín của ông gửi cho Roosevelt?,"""chúng ta phải thừa nhận rõ ràng rằng chương trinh của Liên Xô là thiết lập chủ nghĩa tòan trị, chấm dứt tự do cá nhân và dân chủ như chúng ta đã biết.""",,True,True,0,0.0,1.0,6.8513407707214355,3.3186049461364746,-6.8513407707214355,ANSWERABLE_PREDICTED_EMPTY
0017-0057-0005,"Đầu năm 1945, tình hình chiến sự ở quân Đồng minh của Châu Âu đã có những diễn biến như thế nào?",,,False,True,1,1.0,1.0,10.386486768722534,-0.21854472160339355,-10.386486768722534,CORRECT_NO_ANSWER
0017-0057-0006,"Đầu năm 1945, tình hình chiến sự ở Châu Âu của quân Đồng minh đã có những diễn biến như thế nào?",quân đội Đồng minh tiến vào Đức và lực lượng Xô Viết kiểm sóat được Ba Lan,,True,True,0,0.0,1.0,10.457157969474792,-0.28984153270721436,-10.457157969474792,ANSWERABLE_PREDICTED_EMPTY
0017-0058-0001,Bác sĩ Emmanuel Libman đã có dự đóan như thế nào về sức khỏe của Roosevelt?,"""Không cần biết Roosevelt có được tái đắc cử hay không thì ông cũng sẽ chết vì chảy máu vỏ não trong vòng 6 tháng""",,True,True,0,0.0,1.0,5.729862689971924,4.438013553619385,-5.729862689971924,ANSWERABLE_PREDICTED_EMPTY
0017-0058-0002,"Trong khỏang thời gian sức khỏe bị hao mòn, Roosevelt đã mắc phải những chứng bệnh nào?","bệnh cao máu, phổi thủng, xơ vữa động mạch và các bệnh về tim mạch",. Trạng thái căng thẳng của bệnh bại liệt và sự gắng sức chịu đựng của ông trong suốt trên 20 năm cộng thêm những năm làm việc căng thẳng và cả đời hút,True,False,0,0.08333333333333333,1.0,-0.2688007354736328,10.378634452819824,0.2688007354736328,SPAN_TOO_LONG
0017-0058-0003,Sức khỏe của Roosevelt có dấu hiệu đi xuống từ khi nào?,từ năm 1940,từ năm,True,False,0,0.8,1.0,0.7411623001098633,9.38530445098877,-0.7411623001098633,SPAN_TOO_SHORT
0017-0058-0004,Đã có những tin đồn nào về sức khỏe của Roosevelt sau quãng thời gian ông mắc bệnh?,,. Trạng thái căng thẳng của bệnh bại liệt và sự gắng sức chịu đựng của ông trong suốt trên 20 năm cộng thêm những năm làm việc căng thẳng và cả đời hút,False,False,0,0.0,1.0,2.783817768096924,7.372233867645264,-2.783817768096924,UNANSWERABLE_FALSE_POSITIVE
0017-0058-0005,Đã có những tin đồn nào về sức khỏe của Roosevelt trong quãng thời gian ông mắc bệnh?,có tin lan truyền rằng ông cũng bị mổ để lấy khối u ác tính phía trên mắt trái,. Trạng thái căng thẳng của bệnh bại liệt và sự gắng sức chịu đựng của ông trong suốt trên 20 năm cộng thêm những năm làm việc căng thẳng và cả đời hút,True,False,0,0.07692307692307693,1.0,2.68961763381958,7.465626239776611,-2.68961763381958,SPAN_TOO_LONG
0017-0058-0006,Những tác nhân nào gây nên sự suy giảm sức khỏe của Roosevelt?,Trạng thái căng thẳng của bệnh bại liệt và sự gắng sức chịu đựng của ông trong suốt trên 20 năm cộng thêm những năm làm việc căng thẳng và cả đời hút thuốc,. Trạng thái căng thẳng của bệnh bại liệt và sự gắng sức chịu đựng của ông trong suốt trên 20 năm cộng thêm những năm làm việc căng thẳng và cả đời hút,True,False,0,0.9850746268656716,1.0,-2.0856685638427734,11.821603775024414,2.0856685638427734,SPAN_TOO_SHORT
0017-0058-0007,"Trong khỏang thời gian sức khỏe ít hao mòn, Roosevelt đã mắc phải những chứng bệnh nào?",,"có bệnh cao máu, phổi thủng, xơ vữa động mạch và các bệnh về",False,False,0,0.0,1.0,-0.1587390899658203,10.274285316467285,0.1587390899658203,UNANSWERABLE_FALSE_POSITIVE
0017-0059-0001,"Biết được tình hình sức khỏe của Roosevelt, các đảng viên thường trực của Đảng Dân chủ đã có những động thái gì?",một mực muốn bỏ Phó Tổng thống Henry A. Wallace,Dân chủ cứ một mực muốn bỏ Phó Tổng thống Henry A.,True,False,0,0.8181818181818182,1.0,0.5176105499267578,9.584039688110352,-0.5176105499267578,SPAN_TOO_LONG
0017-0059-0002,Ai là người Roosevelt lựa chọn để thay thế cho Wallace?,Harry S. Truman,là Harry S.,True,False,0,0.6666666666666666,1.0,-1.0535879135131836,11.054083824157715,1.0535879135131836,PARTIAL_SPAN
0017-0059-0003,Đối thủ của James F. Byrnes trong cuộc bầu cử tổng thống năm 1944 là ai?,,,False,True,1,1.0,1.0,8.034983158111572,2.1086602210998535,-8.034983158111572,CORRECT_NO_ANSWER
0017-0059-0004,Tại sao Đảng Dân chủ lại một mực muốn bỏ Phó Tổng thống Henry A. Wallace?,vì ông được cho là thân Liên Xô,Wallace vì ông được cho là thân,True,False,0,0.7999999999999999,1.0,3.0783028602600098,7.028232097625732,-3.0783028602600098,SPAN_TOO_SHORT
0017-0059-0005,Đối thủ của Roosevelt trong cuộc bầu cử tổng thống năm 1944 là ai?,Thomas E. Dewey,,True,True,0,0.0,1.0,7.610628604888916,2.52732515335083,-7.610628604888916,ANSWERABLE_PREDICTED_EMPTY
0017-0059-0006,Tại sao Đảng Dân chủ lại một mực muốn bầu Phó Tổng thống Henry A. Wallace?,,Wallace vì ông được cho là thân,False,False,0,0.0,1.0,3.0112695693969727,7.097702980041504,-3.0112695693969727,UNANSWERABLE_FALSE_POSITIVE
0017-0059-0007,"Trong cuộc bầu cử tổng thống năm 1944, liên danh Roosevelt và Truman đã có kết quả như thế nào?",liên danh Roosevelt và Truman thắng 53% phiếu bầu phổ thông và thắng tại 36 tiểu bang,Truman thắng 53% phiếu bầu phổ thông và thắng tại 36,True,False,0,0.7857142857142858,1.0,0.4657554626464844,9.647195816040039,-0.4657554626464844,SPAN_TOO_SHORT
0017-0060-0001,Roosevelt đã bay đến Ai Cập với mục đích gì?,gặp Quốc vương Ai Cập là Farouk I và Hòang đế Ethiopia là Haile Selassie,,True,True,0,0.0,1.0,9.541703581809998,0.6278272867202759,-9.541703581809998,ANSWERABLE_PREDICTED_EMPTY
0017-0060-0002,"Sau khi rời Hội nghị của Roosevelt, điểm đến tiếp theo mà Yalta hướng đến là nơi nào?",,đi,False,False,0,0.0,1.0,0.48257923126220703,9.627021789550781,-0.48257923126220703,UNANSWERABLE_FALSE_POSITIVE
0017-0060-0003,Cuộc gặp gỡ giữa Roosevelt và vua Abdulaziz có ý nghĩa như thế nào?,mang ý nghĩa trọng đại trong quan hệ ngọai giao giữa Hoa Kỳ và Ả Rập Xê Út thậm chí cho đến ngày nay,,True,True,0,0.0,1.0,7.419873237609863,2.7579450607299805,-7.419873237609863,ANSWERABLE_PREDICTED_EMPTY
0017-0060-0004,Y sĩ Lord đã có phát biểu như thế nào về bệnh tình của Roosevelt?,,,False,True,1,1.0,1.0,7.177541971206665,2.999093770980835,-7.177541971206665,CORRECT_NO_ANSWER
0017-0060-0005,Cuộc gặp gỡ giữa Abdulaziz và vua Roosevelt có ý nghĩa như thế nào?,,,False,True,1,1.0,1.0,7.2174201011657715,2.9612183570861816,-7.2174201011657715,CORRECT_NO_ANSWER
0017-0060-0006,"Sau khi rời Hội nghị Yalta, điểm đến tiếp theo mà Roosevelt hướng đến là nơi nào?",Ai Cập,đi,True,False,0,0.0,1.0,0.24204540252685547,9.841178894042969,-0.24204540252685547,WRONG_SPAN
0017-0060-0007,Y sĩ Lord Moran đã có phát biểu như thế nào về bệnh tình của Roosevelt?,"""Bệnh tình của ông rất là nặng. Ông có tất cả triệu chứng của bệnh xơ cứng mạch máu não trong thời kỳ cuối, vì vậy tôi cho rằng ông chỉ còn sống vài tháng""",,True,True,0,0.0,1.0,7.286412000656128,2.888532876968384,-7.286412000656128,ANSWERABLE_PREDICTED_EMPTY
0017-0060-0008,"Ngày 18 tháng 2, tại Algérie, Roosevelt đã có cuộc gặp gỡ với những ai?","Roosevelt hội ý với các đại sứ Mỹ đặc trách Anh Quốc, Pháp và Ý",và Thủ tướng Anh Quốc Winston,True,False,0,0.28571428571428575,1.0,-1.4980945587158203,11.360551834106445,1.4980945587158203,SPAN_TOO_SHORT
0017-0060-0009,"Ngày 18 tháng 2, tại Ả Rập Xê Út, Roosevelt đã có cuộc gặp gỡ với những ai?",,và Thủ tướng Anh Quốc Winston,False,False,0,0.0,1.0,-1.5221872329711914,11.383122444152832,1.5221872329711914,UNANSWERABLE_FALSE_POSITIVE
0017-0061-0001,"Tại ""hội nghị Crimean"", Roosevelt đã có phát biểu gì?","""phải nêu rõ mục tiêu kết thúc một hệ thống hành động đơn phương, những liên minh biệt lập, những khu vực ảnh hưởng, những cán cân quyền lực, và tất cả những mưu mô khác đã được thử nghiệm hàng thế kỷ qua – và luôn bị thất bại. Chúng ta đề nghị thay thế tất cả những thứ này bằng một tổ chức tòan cầu mà ở đó tất cả các quốc gia yêu chuộng hòa bình cuối cùng có cơ hội tham gia vào.""",,True,True,0,0.0,1.0,9.281421065330505,0.8901001214981079,-9.281421065330505,ANSWERABLE_PREDICTED_EMPTY
0017-0061-0002,Điều gì đã cho thấy Roosevelt nhượng bộ đối với sự bất lực của cơ thể mình?,Ông phải ngồi để đọc diễn văn,,True,True,0,0.0,1.0,3.5224766731262207,6.638827800750732,-3.5224766731262207,ANSWERABLE_PREDICTED_EMPTY
0017-0061-0003,Điều gì đã cho thấy Roosevelt bất lực đối với sự nhượng bộ của cơ thể mình?,,. Ông phải ngồi để đọc diễn văn trong,False,False,0,0.0,1.0,2.67446231842041,7.4858551025390625,-2.67446231842041,UNANSWERABLE_FALSE_POSITIVE
0017-0061-0004,"Khi đọc diễn văn trước Quốc hội, Roosevelt phải đọc diễn văn trong tình trạng như thế nào?",hòan tòan tỉnh táo,phải,True,False,0,0.0,1.0,0.34316158294677734,9.780383110046387,-0.34316158294677734,WRONG_SPAN
0017-0061-0005,"Khi đọc diễn văn trước Quốc hội ngày 1 tháng 3 về Hội nghị Yalta, mọi người đã bất ngờ điều gì với Roosevelt?",nhiều người đã phải giật mình khi nhận thấy ông trông rất già và ốm yếu,thấy ông trông rất già và,True,False,0,0.5454545454545454,1.0,2.9198198318481445,7.247037887573242,-2.9198198318481445,SPAN_TOO_SHORT
0017-0062-0001,Stalin đã có cáo buộc quân Đồng minh về điều gì?,Stalin tố cáo Đồng minh phương Tây đang mưu toan tìm kiếm hòa bình riêng với Hitler phía sau lưng vị lãnh tụ này,Tây đang mưu toan tìm kiếm hòa bình riêng với,True,False,0,0.5882352941176471,1.0,0.17426490783691406,9.937564849853516,-0.17426490783691406,SPAN_TOO_SHORT
0017-0062-0002,"Trong suốt tháng 3 năm 1945, Hitler đã tố cáo Stalin về điều gì?",,"Stalin phá vỡ những thỏa thuận thực thi của vị lãnh tụ Liên Xô tại Hội nghị Yalta về Ba Lan, Đức, tù binh, và các vấn đề",False,False,0,0.0,1.0,3.349761962890625,6.787163734436035,-3.349761962890625,UNANSWERABLE_FALSE_POSITIVE
0017-0062-0003,"Trong suốt tháng 3 năm 1945, Roosevelt đã tố cáo Stalin về điều gì?","phá vỡ những thỏa thuận thực thi của vị lãnh tụ Liên Xô tại Hội nghị Yalta về Ba Lan, Đức, tù binh, và các vấn đề khác","Stalin phá vỡ những thỏa thuận thực thi của vị lãnh tụ Liên Xô tại Hội nghị Yalta về Ba Lan, Đức, tù binh, và các vấn đề",True,False,0,0.9642857142857143,1.0,2.968616008758545,7.149630069732666,-2.968616008758545,PARTIAL_SPAN
0017-0062-0004,Roosevelt đã có phản ứng như thế nào với lời tố cáo của Stalin dành cho Đồng minh?,"Roosevelt trả lời rằng: ""Tôi không thể nào mà không có một cảm giác tức giận đối với những người chỉ điểm cho ông, bất cứ họ là ai, vì đã diễn đạt lại sai một cách đê hèn như thế về những hành động của tôi hay hành động của những thuộc cấp đáng tin của tôi.""",,True,True,0,0.0,1.0,3.989351272583008,6.140756607055664,-3.989351272583008,ANSWERABLE_PREDICTED_EMPTY
0017-0063-0001,Tại sao Roosevelt lại di chuyển đến Warm Springs vào ngày 29 tháng 3 năm 1945?,để nghỉ ngơi,,True,True,0,0.0,1.0,6.658924579620361,3.5085158348083496,-6.658924579620361,ANSWERABLE_PREDICTED_EMPTY
0017-0063-0002,Tại sao Roosevelt lại di chuyển đến Warm Springs vào ngày 29 tháng 4 năm 1945?,,,False,True,1,1.0,1.0,7.051330089569092,3.116600513458252,-7.051330089569092,CORRECT_NO_ANSWER
0017-0063-0003,Sự kiện Roosevelt đã đẫn đến điều gì?,"Giống như sau này Allen Drury có nói, ""như thế là kết thúc một thời đại, vì thế bắt đầu một thời đại mới.""",,True,True,0,0.0,1.0,6.589541673660278,3.572495222091675,-6.589541673660278,ANSWERABLE_PREDICTED_EMPTY
0017-0063-0004,"Trưa ngày 4 tháng 12, Roosevelt đã gặp phải điều gì?",,", ""Tôi hơi bị đau phía sau",False,False,0,0.0,1.0,1.7945642471313477,8.354756355285645,-1.7945642471313477,UNANSWERABLE_FALSE_POSITIVE
0017-0063-0005,Sự kiện Franklin đã đẫn đến điều gì?,,,False,True,1,1.0,1.0,6.65859317779541,3.5024194717407227,-6.65859317779541,CORRECT_NO_ANSWER
0017-0063-0006,"Sau khi Roosevelt qua đời, Thời báo New York đã có phát biểu như thế nào về ông?","""Con người sẽ qùy gối để cảm ơn Thượng đế một trăm năm kể từ bây giờ vì Franklin D. Roosevelt đã ở trong Nhà Trắng""",,True,True,0,0.0,1.0,6.145541191101074,4.019623756408691,-6.145541191101074,ANSWERABLE_PREDICTED_EMPTY
0017-0063-0007,"Trước khi Roosevelt qua đời, Thời báo New York đã có phát biểu như thế nào về ông?",,,False,True,1,1.0,1.0,6.312785387039185,3.853243589401245,-6.312785387039185,CORRECT_NO_ANSWER
0017-0063-0008,"Trưa ngày 12 tháng 4, Roosevelt đã gặp phải điều gì?",bị đau phía sau đầu,", ""Tôi hơi bị đau phía sau",True,False,0,0.7272727272727272,1.0,0.19961071014404297,9.910462379455566,-0.19961071014404297,SPAN_TOO_LONG
0017-0063-0009,Bác sĩ tim trực bên cạnh tổng thống đã chẩn đóan ông mắc chứng bệnh gì?,chứng chảy máu não (đột quy),bị chứng chảy máu não (đột quy,True,False,0,0.923076923076923,1.0,-1.462784767150879,11.297981262207031,1.462784767150879,SPAN_TOO_LONG
0017-0064-0001,"Bên cạnh nhận được tin rằng chồng mình mất, bà Eleanor còn biết được những thông tin gì thêm về Roosevelt?",Anna đã sắp xếp các cuộc gặp gỡ cho Roosevelt gặp Mercer và rằng Mercer đã ở bên cạnh ông lúc ông mất,rằng Anna đã sắp xếp các cuộc gặp gỡ cho Roosevelt gặp Mercer và rằng Mercer đã ở bên cạnh ông lúc ông,True,False,0,0.9565217391304348,1.0,3.4081907272338867,6.689955711364746,-3.4081907272338867,PARTIAL_SPAN
0017-0064-0002,Việc Roosevelt quá sức trong công việc đã khiến cho con gái ông có những quyết định gì?,"con gái ông, Anna Roosevelt Boettiger phải dọn vào ở gần bên ông để hỗ trợ",,True,True,0,0.0,1.0,6.556934833526611,3.6032567024230957,-6.556934833526611,ANSWERABLE_PREDICTED_EMPTY
0017-0064-0003,Lucy Mercer Rutherfurd có quan hệ gì đối với Roosevelt?,người tình cũ,. Anna cũng sắp xếp cho cha của bà gặp mặt người tình cũ của,True,False,0,0.35294117647058826,1.0,3.170734405517578,6.97361946105957,-3.170734405517578,SPAN_TOO_LONG
0017-0064-0004,Việc Roosevelt đủ sức trong công việc đã khiến cho con gái ông có những quyết định gì?,,,False,True,1,1.0,1.0,7.737976789474487,2.419177293777466,-7.737976789474487,CORRECT_NO_ANSWER
0017-0064-0005,"Bên cạnh nhận được tin rằng chồng mình mất, bà Roosevelt còn biết được những thông tin gì thêm về Eleanor?",,,False,True,1,1.0,1.0,3.5471057891845703,6.5612335205078125,-3.5471057891845703,CORRECT_NO_ANSWER
0017-0065-0001,"Sau khi qua đời, thi thể của Roosevelt được đặt ở đâu?",một cỗ quan tài có quấn quốc kỳ Mỹ,về thị trấn Hyde,True,False,0,0.0,1.0,-0.8743772506713867,10.850037574768066,0.8743772506713867,WRONG_SPAN
0017-0065-0002,"Sau lễ tang tại thị trấn, thi thể Roosevelt được đưa đi đâu?",,về thị trấn Hyde,False,False,0,0.0,1.0,-1.1895084381103516,11.187515258789062,1.1895084381103516,UNANSWERABLE_FALSE_POSITIVE
0017-0065-0003,Xác của Roosevelt được chôn cất ở đâu khi bà mất?,,về thị trấn Hyde,False,False,0,0.0,1.0,-0.5148887634277344,10.48532485961914,0.5148887634277344,UNANSWERABLE_FALSE_POSITIVE
0017-0065-0004,"Sau lễ tang tại Nhà Trắng, thi thể Roosevelt được đưa đi đâu?","Roosevelt được đưa về thị trấn Hyde Park bằng xe lửa, được bốn binh sĩ của Lục quân, Hải quân, Thủy quân lục chiến và Tuần duyên canh giữ",về thị trấn Hyde,True,False,0,0.2424242424242424,1.0,-1.8707656860351562,11.625885963439941,1.8707656860351562,SPAN_TOO_SHORT
0017-0065-0005,"Theo di nguyện của Roosevelt, thi thể của ông được chôn cất ở đâu?","Roosevelt được chôn cất trong vườn hồng của ngôi nhà gia đình Roosevelt (nay được gọi là Home of Franklin D. Roosevelt National Historic Site, tạm dịch là Di tích Lịch sử Quốc gia Nhà của Franklin D. Roosevelt) ở thị trấn Hyde Park ngày 15 tháng 4",về thị trấn Hyde,True,False,0,0.11538461538461539,1.0,-0.2498941421508789,10.19758415222168,0.2498941421508789,SPAN_TOO_SHORT
0017-0065-0006,Xác của vợ Roosevelt được chôn cất ở đâu khi bà mất?,bên cạnh ông,về thị trấn Hyde,True,False,0,0.0,1.0,-0.18669414520263672,10.184579849243164,0.18669414520263672,WRONG_SPAN
0017-0066-0001,Việc Roosevelt gọi điện khiến cho Đức Quốc xã đã có thái độ như thế nào?,,,False,True,1,1.0,1.0,5.78108549118042,4.379648685455322,-5.78108549118042,CORRECT_NO_ANSWER
0017-0066-0002,Cái chết của Roosevelt đã tác động như thế nào đến nhân dân Nhật Bản?,,đã gây sốc và,False,False,0,0.0,1.0,2.578577995300293,7.502586364746094,-2.578577995300293,UNANSWERABLE_FALSE_POSITIVE
0017-0066-0003,Paul Joseph Göbbels đã làm gì sau khi hay tin Roosevelt qua đời?,nghĩ rằng năm 1945 sẽ là năm phát xít Đức lấy lại thế thượng phong,trở nên,True,False,0,0.0,1.0,0.3705921173095703,9.766910552978516,-0.3705921173095703,WRONG_SPAN
0017-0066-0004,"Cho đến khi mất, Hoa Kỳ đã trải qua bao nhiêu năm giữ vị trí tổng thống Roosevelt?",,trên 12,False,False,0,0.0,1.0,-0.8532648086547852,10.954008102416992,0.8532648086547852,UNANSWERABLE_FALSE_POSITIVE
0017-0066-0005,Cái chết của Roosevelt đã tác động như thế nào đến nhân dân Hoa Kỳ?,gây sốc và thương tiếc khắp tòan quốc Hoa Kỳ,đã gây sốc và,True,False,0,0.4285714285714285,1.0,0.8168754577636719,9.168771743774414,-0.8168754577636719,SPAN_TOO_SHORT
0017-0066-0006,"Trong suốt 12 năm làm tổng thống của mình, Roosevelt đã có những đóng góp nào cho Hoa Kỳ?",dẫn dắt Hoa Kỳ vượt qua một số các cuộc khủng hỏang lớn nhất của Hoa Kỳ cho đến khi Đức Quốc xã gần như bị đánh bại và sự bại trận của Nhật Bản cũng đang trong tầm nhìn thấy được,,True,True,0,0.0,1.0,5.074554443359375,5.075806617736816,-5.074554443359375,ANSWERABLE_PREDICTED_EMPTY
0017-0066-0007,"Cho đến khi mất, Roosevelt đã trải qua bao nhiêu năm giữ vị trí tổng thống Hoa Kỳ?",12 năm,trên 12,True,False,0,0.5,1.0,-1.181732177734375,11.25601863861084,1.181732177734375,PARTIAL_SPAN
0017-0066-0008,Roosevelt đã làm gì sau khi hay tin Paul Joseph Göbbels qua đời?,,trở nên,False,False,0,0.0,1.0,0.43592357635498047,9.697794914245605,-0.43592357635498047,UNANSWERABLE_FALSE_POSITIVE
0017-0066-0009,Việc Roosevelt qua đời khiến cho Đức Quốc xã đã có thái độ như thế nào?,"Bộ trưởng Bộ Tuyên truyền Đức Quốc xã là Paul Joseph Göbbels trở nên vui sướng, ông ta nghĩ rằng năm 1945 sẽ là năm phát xít Đức lấy lại thế thượng phong",,True,True,0,0.0,1.0,3.517125129699707,6.639952659606934,-3.517125129699707,ANSWERABLE_PREDICTED_EMPTY
0017-0067-0001,"Trong Bộ Tư pháp của chính phủ Roosevelt, Bộ phận Nhân quyền làm việc cùng với cơ quan nào?",Hội Quốc gia vì Tiến bộ của Người da màu,với Hội Quốc gia vì Tiến bộ của Người,True,False,0,0.8421052631578948,1.0,-0.06103229522705078,9.918269157409668,0.06103229522705078,SPAN_TOO_SHORT
0017-0067-0002,Tại sao các nhóm nhân quyền lại tích cực làm việc với Roosevelt?,,,False,True,1,1.0,1.0,5.671822547912598,4.48697566986084,-5.671822547912598,CORRECT_NO_ANSWER
0017-0067-0003,Tại sao Roosevelt lại tích cực làm việc với các nhóm nhân quyền?,gởi một thông điệp mãnh liệt đến những kẻ theo chủ nghĩa da trắng ưu việt (white supremacist) ở miền Nam Hoa Kỳ và các đồng minh chính trị của bọn họ ở thủ đô Washington,,True,True,0,0.0,1.0,4.58756160736084,5.567336082458496,-4.58756160736084,ANSWERABLE_PREDICTED_EMPTY
0017-0067-0004,"Việc Roosevelt làm việc với các nhóm nhân quyền đã có những tác động như thế nào đến ""Nhân quyền"" ở Hoa Kỳ?",các hành động này đã gởi một thông điệp mãnh liệt đến những kẻ theo chủ nghĩa da trắng ưu việt (white supremacist) ở miền Nam Hoa Kỳ và các đồng minh chính trị của bọn họ ở thủ đô Washington,,True,True,0,0.0,1.0,3.700221538543701,6.458916187286377,-3.700221538543701,ANSWERABLE_PREDICTED_EMPTY
0017-0067-0005,"Theo sử gia Kevin J. McMahon, thời kỳ ""Roosevelt"" đã có những ảnh hưởng như thế nào đến Hoa Kỳ?",các bước dài tiến triển trong thời kỳ này đã là nền tảng cho phong trào nhân quyền của người Mỹ gốc châu Phi,,True,True,0,0.0,1.0,3.992736339569092,6.144656658172607,-3.992736339569092,ANSWERABLE_PREDICTED_EMPTY
0017-0067-0006,"Trong Bộ Nhân quyền của chính phủ Roosevelt, Bộ phận Tư pháp làm việc cùng với cơ quan nào?",,với Hội Quốc gia vì Tiến bộ của Người,False,False,0,0.0,1.0,-0.1966085433959961,10.024788856506348,0.1966085433959961,UNANSWERABLE_FALSE_POSITIVE
0017-0068-0001,Có bao nhiêu thường trú nhân gốc ý phải chịu bị giới hạn đi lại khi Ý giao chiến với Hoa Kỳ?,khỏang 600.000,", khỏang 600.000 thường trú",True,False,0,0.7499999999999999,1.0,-0.7821054458618164,10.479097366333008,0.7821054458618164,SPAN_TOO_LONG
0017-0068-0002,Những thường trú nhân gốc Ý đã phải chịu nghịch cảnh gì khi Hoa Kỳ chiến tranh với Ý?,bị giới hạn việc đi lại,", khỏang 600.000 thường trú nhân gốc Ý (công dân Ý không có quốc tịch Mỹ) bị giới hạn việc",True,False,0,0.30769230769230765,1.0,1.4922332763671875,8.617500305175781,-1.4922332763671875,SPAN_TOO_LONG
0017-0068-0003,Có bao nhiêu thường trú nhân gốc Ý không giới hạn đi lại khi Ý giao chiến với Hoa Kỳ?,,", khỏang 600.000 thường trú",False,False,0,0.0,1.0,-0.41373157501220703,10.288044929504395,0.41373157501220703,UNANSWERABLE_FALSE_POSITIVE
0017-0068-0004,"Lệnh Ban hành số 9066 mà Roosevelt hành pháp, có hiệu lực với ai?",,"đối với mọi người bị xếp lọai là những người thuộc quốc gia thù địch, bao gồm những người có hai quốc tịch đang sống trong những vùng được cho là có nguy cơ cao mà bao trùm phần lớn các thành phố tại Tây Duyên hải",False,False,0,0.0,1.0,2.577826499938965,7.450649261474609,-2.577826499938965,UNANSWERABLE_FALSE_POSITIVE
0017-0068-0005,Những thường trú nhân gốc Ý đã phải chịu nghịch cảnh gì khi Ý chiến tranh với Hoa Kỳ?,,", khỏang 600.000 thường trú nhân gốc Ý (công dân Ý không có quốc tịch Mỹ) bị giới hạn việc",False,False,0,0.0,1.0,1.6299753189086914,8.482539176940918,-1.6299753189086914,UNANSWERABLE_FALSE_POSITIVE
0017-0068-0006,"Trong Thế chiến thứ nhất, những ai phải chịu cuộc sống khó khăn tại Hoa Kỳ?",,Những công dân thuộc quốc gia thù địch đang sống tại Hoa Kỳ và những người có tổ tiên,False,False,0,0.0,1.0,0.3014984130859375,9.827590942382812,-0.3014984130859375,UNANSWERABLE_FALSE_POSITIVE
0017-0068-0007,"Lệnh Hành pháp số 9066 mà Roosevelt ban hành, có hiệu lực với ai?",mọi người bị xếp lọai là những người thuộc quốc gia thù địch,"đối với mọi người bị xếp lọai là những người thuộc quốc gia thù địch, bao gồm những người có hai quốc tịch đang sống trong những vùng được cho là có nguy cơ cao mà bao trùm phần lớn các thành phố tại Tây Duyên hải",True,False,0,0.43333333333333335,1.0,2.342663288116455,7.664785861968994,-2.342663288116455,SPAN_TOO_LONG
0017-0068-0008,"Những ""thường trú nhân gốc Ý"" là những ai?",công dân Ý không có quốc tịch Mỹ,,True,True,0,0.0,1.0,5.335053443908691,4.804096221923828,-5.335053443908691,ANSWERABLE_PREDICTED_EMPTY
0017-0068-0009,"Trong Thế chiến thứ hai, những ai phải chịu cuộc sống khó khăn tại Hoa Kỳ?",Những công dân thuộc quốc gia thù địch đang sống tại Hoa Kỳ và những người có tổ tiên Nhật Bản,Những công dân thuộc quốc gia thù địch đang sống tại Hoa Kỳ và những người có tổ tiên,True,False,0,0.9500000000000001,1.0,0.12234687805175781,10.004070281982422,-0.12234687805175781,SPAN_TOO_SHORT
0017-0068-0010,"Những ""thường trú nhân gốc Nhật"" là những ai?",,,False,True,1,1.0,1.0,9.194951176643372,0.9463709592819214,-9.194951176643372,CORRECT_NO_ANSWER
0017-0069-0001,"Trong suốt trong và sau nhiệm kì của mình, những người chỉ trích Roosevelt đã đặt ra nhiều nghi vấn về những vấn đề gì của ông?",các chính sách và lập trường,"có sự củng cố quyền lực của ông vì thời gian dài làm tổng thống, sự phục vụ của ông qua hai cuộc khủng hỏang lớn, và sự ủng hộ lớn lao của công chúng dành cho",True,False,0,0.046511627906976744,1.0,0.20543384552001953,9.827186584472656,-0.20543384552001953,SPAN_TOO_LONG
0017-0069-0002,Việc Roosevelt ủng hộ các chương trình của chính phủ đã có tác động gì đến Hoa Kỳ?,,,False,True,1,1.0,1.0,4.265645980834961,5.849216461181641,-4.265645980834961,CORRECT_NO_ANSWER
0017-0069-0003,Chủ trương của Roosevelt trong các chương trình xã hội có ảnh hưởng như thế nào?,công cụ trong việc tái định nghĩa chủ nghĩa tự do cho các thế hệ kế tục,là công cụ trong việc tái định nghĩa chủ nghĩa tự do cho các thế hệ,True,False,0,0.9090909090909091,1.0,3.192389488220215,6.947171211242676,-3.192389488220215,SPAN_TOO_SHORT
0017-0069-0004,Việc Roosevelt mở rộng các chương trình của chính phủ đã có tác động gì đến Hoa Kỳ?,tái định nghĩa vai trò của chính phủ tại Hoa Kỳ,,True,True,0,0.0,1.0,4.984416961669922,5.085641860961914,-4.984416961669922,ANSWERABLE_PREDICTED_EMPTY
0017-0069-0005,Chủ trương của Roosevelt trong các chỉ trích xã hội có ảnh hưởng như thế nào?,,,False,True,1,1.0,1.0,4.7990336418151855,5.340281009674072,-4.7990336418151855,CORRECT_NO_ANSWER
0017-0070-0001,Giải thưởng Trâu Vàng được trao thưởng với ý nghĩa gì?,,,False,True,1,1.0,1.0,4.721529483795166,5.428344249725342,-4.721529483795166,CORRECT_NO_ANSWER
0017-0070-0002,"Năm 1924, Roosevelt đóng vai trò gì trong các hội hướng đạo?",chủ tịch,trở thành chủ tịch Qũy hội Hướng đạo Thành phố,True,False,0,0.33333333333333337,1.0,1.9037933349609375,8.21444320678711,-1.9037933349609375,SPAN_TOO_LONG
0017-0070-0003,"Sau khi làm tổng thống, vai trò của Roosevelt trong Hội Nam Hướng đạo Mỹ là gì?",chủ tịch vinh dự của Hội Nam Hướng đạo Mỹ,", Roosevelt là chủ tịch",True,False,0,0.28571428571428575,1.0,0.3612794876098633,9.715649604797363,-0.3612794876098633,SPAN_TOO_SHORT
0017-0070-0004,Giải thưởng Trâu Bạc được trao thưởng với ý nghĩa gì?,ghi công sự đóng góp ủng hộ xuất sắc mà người được tặng thưởng dành cho giới trẻ trên cấp bậc quốc gia,để ghi công sự đóng góp ủng hộ xuất sắc mà người được tặng thưởng dành cho giới trẻ trên cấp bậc,True,False,0,0.9333333333333332,1.0,2.458139419555664,7.66581916809082,-2.458139419555664,SPAN_TOO_SHORT
0017-0070-0005,"Năm 1930, Roosevelt đã được Hội Nam Hướng đạo Mỹ vinh danh như thế nào?",Giải Trâu Bạc,,True,True,0,0.0,1.0,6.313195705413818,3.847177028656006,-6.313195705413818,ANSWERABLE_PREDICTED_EMPTY
0017-0070-0006,Việc thành lập Trại Hướng đạo Sông Ten có mục đích gì?,,,False,True,1,1.0,1.0,4.026702880859375,6.12406063079834,-4.026702880859375,CORRECT_NO_ANSWER
0017-0070-0007,"Năm 1928, Roosevelt đã được Hội Nam Hướng đạo Mỹ vinh danh như thế nào?",,,False,True,1,1.0,1.0,7.22725772857666,2.9351282119750977,-7.22725772857666,CORRECT_NO_ANSWER
0017-0070-0008,Việc thành lập Trại Hướng đạo Sông Ten Mile có mục đích gì?,phục vụ các hướng đạo sinh của Thành phố New York,để phục vụ các hướng đạo sinh của Thành phố,True,False,0,0.8571428571428572,1.0,3.3257951736450195,6.812930107116699,-3.3257951736450195,SPAN_TOO_SHORT
0017-0071-0001,"Trong suốt thời gian đương nhiệm, Roosevelt đã có những việc làm gì đối với những mẫu tem của Hoa Kỳ?","chính Roosevelt đã đích thân chấp thuận các mẫu tem mới của Hoa Kỳ, tổng cộng khỏang 200 mẫu tem","đã đích thân chấp thuận các mẫu tem mới của Hoa Kỳ, tổng cộng khỏang 200 mẫu",True,False,0,0.9189189189189189,1.0,2.614276885986328,7.5332231521606445,-2.614276885986328,SPAN_TOO_SHORT
0017-0071-0002,Roosevelt đã bổ nhiệm James Farley cho vị trí gì?,Bộ trưởng Bưu điện Hoa Kỳ,làm Bộ trưởng Bưu điện,True,False,0,0.7272727272727272,1.0,-1.436814308166504,11.250061988830566,1.436814308166504,SPAN_TOO_SHORT
0017-0071-0003,"Farley đã chấp thuận những hành động gì giúp phổ biến môn ""sưu tầm tem""?",,,False,True,1,1.0,1.0,4.065333843231201,6.077112674713135,-4.065333843231201,CORRECT_NO_ANSWER
0017-0071-0004,Giới truyền thông đăng tải sự yêu thích của Roosevelt đối với việc sưu tầm tem đã tác động như thế nào đến lọai hình giải trí này?,giúp phổ biến nó thành một sở thích,,True,True,0,0.0,1.0,7.8350207805633545,2.319669008255005,-7.8350207805633545,ANSWERABLE_PREDICTED_EMPTY
0017-0071-0005,Một trong những sở thích của James Farley là gì?,,thích sưu tầm,False,False,0,0.0,1.0,-0.04573822021484375,10.124507904052734,0.04573822021484375,UNANSWERABLE_FALSE_POSITIVE
0017-0071-0006,"Farley đã có những hành động gì giúp phổ biến môn ""sưu tầm tem""?",Farley đã gia tăng con số phát hành tem kỷ niệm hàng năm và tạo ra nhiều bộ tem khác,đã gia tăng con số phát hành tem kỷ niệm hàng năm và tạo ra nhiều bộ tem,True,False,0,0.9473684210526316,1.0,-0.6146926879882812,10.672367095947266,0.6146926879882812,SPAN_TOO_SHORT
0017-0071-0007,James Farley đã bổ nhiệm Roosevelt cho vị trí gì?,,làm Bộ trưởng Bưu điện,False,False,0,0.0,1.0,-1.5015506744384766,11.288841247558594,1.5015506744384766,UNANSWERABLE_FALSE_POSITIVE
0017-0071-0008,Một trong những sở thích của Roosevelt là gì?,sưu tầm tem,thích sưu tầm,True,False,0,0.6666666666666666,1.0,-0.6682147979736328,10.69088077545166,0.6682147979736328,PARTIAL_SPAN
0018-0001-0001,Đất nước Việt Nam nằm ở tọa lạc như thế nào?,,,False,True,1,1.0,1.0,4.5927581787109375,5.553008079528809,-4.5927581787109375,CORRECT_NO_ANSWER
0018-0001-0002,Có bao nhiêu khu vực (ngòai Uganda) có chung quyền khai thác diện tích mặt hồ Victoria?,Kenya và Tanzania,. Phía Nam,True,False,0,0.0,1.0,-1.3131484985351562,11.338043212890625,1.3131484985351562,WRONG_SPAN
0018-0001-0003,Có bao nhiêu khu vực (ngòai Uganda) có chung quyền khai thác diện tích lưu vực sông Nin?,,,False,True,1,1.0,1.0,4.3675537109375,5.784542083740234,-4.3675537109375,CORRECT_NO_ANSWER
0018-0001-0004,Quốc gia cùng với Kenya được Uganda chia sẻ chủ quyền hồ Victoria tọa lạc ở đâu so với lãnh thổ Uganda?,phía Nam,. Phía Nam,True,False,1,1.0,1.0,-1.4876937866210938,11.451028823852539,1.4876937866210938,CORRECT
0018-0001-0005,"Phiên âm quốc tế của tên gọi ""Uganda"" bao gồm những phiên âm nào?",/juːˈɡændə/ yew-GAN-də hoặc /juːˈɡɑːndə/ yew-GAHN-də,: U-gan-,True,False,0,0.1818181818181818,1.0,2.522650718688965,7.612491607666016,-2.522650718688965,SPAN_TOO_SHORT
0018-0001-0006,Đất nước Uganda nằm ở tọa lạc như thế nào?,"Giáp Kenya về phía Đông, phía Tây giáp với CHDC Congo, Tây Nam giáp Rwanda, phía Bắc giáp Nam Sudan và phía Nam giáp Tanzania",,True,True,0,0.0,1.0,3.7091779708862305,6.42783260345459,-3.7091779708862305,ANSWERABLE_PREDICTED_EMPTY
0018-0001-0007,Nền khí hậu chủ đạo của Uganda là gì?,khí hậu xích đạo,là khí hậu,True,False,0,0.5714285714285715,1.0,0.08842182159423828,10.052641868591309,-0.08842182159423828,SPAN_TOO_SHORT
0018-0001-0008,Con sông lớn nào chảy qua khu vực đất nước Kenya?,,lưu vực sông,False,False,0,0.0,1.0,0.6556081771850586,9.499093055725098,-0.6556081771850586,UNANSWERABLE_FALSE_POSITIVE
0018-0001-0009,Con sông lớn nào chảy qua khu vực đất nước Uganda?,sông Nin,lưu vực sông,True,False,0,0.4,1.0,0.2132740020751953,9.936296463012695,-0.2132740020751953,SPAN_TOO_LONG
0018-0002-0001,Uganda bắt đầu chiếm đóng tại khu vực của Thực dân Anh vào thời gian nào?,,đầu từ cuối những năm,False,False,0,0.0,1.0,0.5786428451538086,9.54766845703125,-0.5786428451538086,UNANSWERABLE_FALSE_POSITIVE
0018-0002-0002,Tên gọi quốc gia Anh được xuất phát từ đâu?,,,False,True,1,1.0,1.0,6.174151659011841,3.9461886882781982,-6.174151659011841,CORRECT_NO_ANSWER
0018-0002-0003,Thủ đô Kampala trở nên độc lập khi nào trước khi tổng thống Yoweri Kaguta Museven lên cầm quyền vào năm 1986?,năm 1962,,True,True,0,0.0,1.0,3.5480923652648926,6.6127028465271,-3.5480923652648926,ANSWERABLE_PREDICTED_EMPTY
0018-0002-0004,Tình hình chính trị của đất nước Uganda sau thắng lợi giành độc lập như thế nào?,"nội chiến, huynh đệ tương tàng",,True,True,0,0.0,1.0,5.853944778442383,4.304862976074219,-5.853944778442383,ANSWERABLE_PREDICTED_EMPTY
0018-0002-0005,"Năm 1962, sự kiện nào gì đáng chú ý nhất diễn ra tại Uganda?",Uganda giành được độc lập từ Anh,. Uganda giành được độc lập từ,True,False,0,0.923076923076923,1.0,-0.8536911010742188,10.873329162597656,0.8536911010742188,SPAN_TOO_SHORT
0018-0002-0006,Thực dân Anh bắt đầu chiếm đóng tại khu vực Uganda vào thời gian nào?,cuối những năm 1800,đầu từ cuối những năm,True,False,0,0.6666666666666665,1.0,0.3862190246582031,9.740413665771484,-0.3862190246582031,SPAN_TOO_LONG
0018-0002-0007,Tổng thiệt hại nhân thân mà Uganda phải chịu là bao nhiêu?,hàng chục ngàn thương vong,ra hàng chục ngàn thương vong và di dời hơn một triệu,True,False,0,0.5882352941176471,1.0,1.193979263305664,8.94234848022461,-1.193979263305664,SPAN_TOO_LONG
0018-0002-0008,Tên gọi quốc gia Uganda được xuất phát từ đâu?,từ vương quốc Buganda,,True,True,0,0.0,1.0,3.9740653038024902,6.025579929351807,-3.9740653038024902,ANSWERABLE_PREDICTED_EMPTY
0018-0002-0009,"Năm 1800, sự kiện nào gì đáng chú ý nhất diễn ra tại Uganda?",,,False,True,1,1.0,1.0,7.726353168487549,2.441378116607666,-7.726353168487549,CORRECT_NO_ANSWER
0018-0002-0010,Tổng thiệt hại nhân thân mà người Anh phải chịu là bao nhiêu?,,,False,True,1,1.0,1.0,5.111111640930176,5.056816101074219,-5.111111640930176,CORRECT_NO_ANSWER
0018-0003-0001,"Sau cuộc đảo chính quân sự thành công, chế độ cai trị của Tanzania mới được nhận xét như thế nào?",,,False,True,1,1.0,1.0,5.016170024871826,5.145902156829834,-5.016170024871826,CORRECT_NO_ANSWER
0018-0003-0002,Năm nào đã đánh dấu sự độc tài của Uganda?,,năm,False,False,0,0.0,1.0,2.0466651916503906,8.096948623657227,-2.0466651916503906,UNANSWERABLE_FALSE_POSITIVE
0018-0003-0003,Sự giúp đỡ của Đại tá Idi Amin đã giúp ích gì đối với Thủ tướng Obote?,giành quyền kiểm sóat Chính phủ từ năm 1966,,True,True,0,0.0,1.0,6.70664644241333,3.4509530067443848,-6.70664644241333,ANSWERABLE_PREDICTED_EMPTY
0018-0003-0004,Tình hình đất nước Uganda kể từ năm 1979 như thế nào?,"rơi vào tình trạng vô tổ chức về mặt chính trị, kinh tế bị tàn phá, nạn cướp bóc gia tăng",,True,True,0,0.0,1.0,7.587222337722778,2.568932294845581,-7.587222337722778,ANSWERABLE_PREDICTED_EMPTY
0018-0003-0005,"Sau cuộc đảo chính quân sự thành công, chế độ cai trị của chính quyền mới được nhận xét như thế nào?",chế độ cai trị độc tài và khát máu,,True,True,0,0.0,1.0,5.299895763397217,4.860998630523682,-5.299895763397217,ANSWERABLE_PREDICTED_EMPTY
0018-0003-0006,Năm nào đã đánh dấu sự độc lập của Uganda?,năm 1962,độc lập năm,True,False,0,0.4,1.0,-0.14104652404785156,10.222570419311523,0.14104652404785156,SPAN_TOO_LONG
0018-0003-0007,Những thiệt hại trầm trọng về sau khi Thủ tướng Obote để Idi Amin lật đổ chính quyền?,"Đất nước rơi vào tình trạng vô tổ chức về mặt chính trị, kinh tế bị tàn phá, nạn cướp bóc gia tăng do không ai kiểm sóat các phần tử quân sự",,True,True,0,0.0,1.0,8.45006239414215,1.7035974264144897,-8.45006239414215,ANSWERABLE_PREDICTED_EMPTY
0018-0004-0001,Chính sách chính trị - ngọai giao của Mỹ đã làm thay đổi mối quan hệ giữa quốc gia này với những quốc gia khác như thế nào?,,,False,True,1,1.0,1.0,7.399441242218018,2.7567849159240723,-7.399441242218018,CORRECT_NO_ANSWER
0018-0004-0002,Đất nước Uganda tham vọng thiết lập chế độ chính trị đa đảng ở những quốc gia nào?,,nước phương Tây và,False,False,0,0.0,1.0,-0.8159513473510742,10.936124801635742,0.8159513473510742,UNANSWERABLE_FALSE_POSITIVE
0018-0004-0003,Những quốc gia nào tham vọng thiết lập chế độ chính trị đa đảng ở đất nước Uganda?,các nước phương Tây và Mỹ,việc các nước phương Tây và,True,False,0,0.8333333333333334,1.0,-1.548959732055664,11.520416259765625,1.548959732055664,PARTIAL_SPAN
0018-0004-0004,Ai là người đã đứng ra phản đối chính sách bóc lột của các quốc gia chưa có nền công nghiệp phát triển ở những nước ngọai quốc?,,". Tổng thống Museveni lên án Mỹ, Anh và các nước công nghiệp phát triển bóc lột sức lực và tài nguyên của các nước nghèo, nhất là các nước châu",False,False,0,0.0,1.0,3.4944586753845215,6.610235691070557,-3.4944586753845215,UNANSWERABLE_FALSE_POSITIVE
0018-0004-0005,Chính sách chính trị - ngọai giao của Uganda đã làm thay đổi mối quan hệ giữa quốc gia này với những quốc gia khác như thế nào?,quan hệ theo hướng ôn hòa,,True,True,0,0.0,1.0,5.431124687194824,4.7241411209106445,-5.431124687194824,ANSWERABLE_PREDICTED_EMPTY
0018-0004-0006,Những lời lẽ nào được Uganda đưa ra trước khi kiên quyết chống lại các nước phương Tây và Mỹ?,"tuyên bố đi theo đường lối trung lập, không liên kết, ủng hộ các phong trào giải phóng dân tộc",,True,True,0,0.0,1.0,3.7902235984802246,6.366317272186279,-3.7902235984802246,ANSWERABLE_PREDICTED_EMPTY
0018-0004-0007,Chính sách bóc lột của những nước công nghiệp phát triển tập trung khai thác ở những mặt nào?,sức lực và tài nguyên,"bóc lột sức lực và tài nguyên của các nước nghèo, nhất là các nước châu",True,False,0,0.47619047619047616,1.0,1.24993896484375,8.903675079345703,-1.24993896484375,SPAN_TOO_LONG
0018-0004-0008,Ai là người đã đứng ra phản đối chính sách bóc lột của những nước ngọai quốc ở các quốc gia chưa có nền công nghiệp phát triển?,Tổng thống Museveni,". Tổng thống Museveni lên án Mỹ, Anh và các nước công nghiệp phát triển bóc lột sức lực và tài nguyên của các nước nghèo, nhất là các nước châu",True,False,0,0.18181818181818182,1.0,3.4661808013916016,6.623157501220703,-3.4661808013916016,SPAN_TOO_LONG
0018-0005-0001,Chính phủ nhà nước Uganda đã ra những quyết sách gì để giúp cải thiện nền kinh tế quốc dân giai đọan 1990-1999?,"xây dựng cơ sở hạ tầng, tập trung cải thiện sản xuất và xuất khẩu, giảm mức lạm phát",,True,True,0,0.0,1.0,5.119166851043701,5.030929088592529,-5.119166851043701,ANSWERABLE_PREDICTED_EMPTY
0018-0005-0002,Chính phủ nhà nước Ấn Độ đã ra những quyết sách gì để giúp cải thiện nền kinh tế quốc dân giai đọan 1990-1999?,,,False,True,1,1.0,1.0,5.94551944732666,4.202792167663574,-5.94551944732666,CORRECT_NO_ANSWER
0018-0005-0003,Việc Cộng hòa Congo tham chiến tại chiến trường Uganda đã gây ra thách thức nào cho nền kinh tế Uganda?,,", việc duy trì mức tăng trưởng khả quan đang gặp những thách đố lớn do Uganda tham gia vào cuộc chiến ở Cộng hòa Dân chủ Congo, tình trạng tham nhũng gia tăng và chậm trễ trong quyết định cải cách kinh tế của",False,False,0,0.0,1.0,0.8848409652709961,9.21541690826416,-0.8848409652709961,UNANSWERABLE_FALSE_POSITIVE
0018-0005-0004,"Nhờ những nguyên nhân khách quan nào, Uganda đã vực lại được nền kinh tế nước mình?",sự giúp đỡ của nước ngòai và các tổ chức quốc tế,,True,True,0,0.0,1.0,9.35033392906189,0.7872488498687744,-9.35033392906189,ANSWERABLE_PREDICTED_EMPTY
0018-0005-0005,Nhằm phục hồi và phát triển kinh tế nhanh chóng thì Uganda đã chuyển mình mạnh mẽ nhưng đã không khả quan nữa là do đâu?,do Uganda tham gia vào cuộc chiến ở Cộng hòa Dân chủ Congo,"do Uganda tham gia vào cuộc chiến ở Cộng hòa Dân chủ Congo, tình trạng tham nhũng gia tăng và chậm trễ trong quyết định cải cách kinh tế của",True,False,0,0.6046511627906976,1.0,3.214724540710449,6.9199724197387695,-3.214724540710449,SPAN_TOO_LONG
0018-0005-0006,Những giải pháp cải thiện nền kinh tế mà chính phủ Uganda đề ra trong những năm 1986 là gì?,"cải cách tiền tệ, nâng giá các mặt hàng xuất khẩu, cải thiện tiền lương công chức nhà nước",,True,True,0,0.0,1.0,4.520071983337402,5.6203813552856445,-4.520071983337402,ANSWERABLE_PREDICTED_EMPTY
0018-0005-0007,Việc Uganda tham chiến tại chiến trường Cộng hòa Congo đã gây ra thách thức nào cho nền kinh tế Uganda?,duy trì mức tăng trưởng khả quan,", việc duy trì mức tăng trưởng khả quan đang gặp những thách đố lớn do Uganda tham gia vào cuộc chiến ở Cộng hòa Dân chủ Congo, tình trạng tham nhũng gia tăng và chậm trễ trong quyết định cải cách kinh tế của",True,False,0,0.2745098039215686,1.0,1.0847158432006836,9.022076606750488,-1.0847158432006836,SPAN_TOO_LONG
0018-0006-0001,Sự lan rộng của khủng hỏang kinh tế Uganda đã tác động đến họat động kinh tế nào của thế giới?,,đến xuất khẩu của,False,False,0,0.0,1.0,0.9021177291870117,9.219834327697754,-0.9021177291870117,UNANSWERABLE_FALSE_POSITIVE
0018-0006-0002,Yêu cầu của những chính sách cải cách kinh tế của Uganda là gì?,"cải cách chính sách tiền tệ, tăng giá các sản phẩm xăng dầu và cải thiện lương công chức nhà nước",,True,True,0,0.0,1.0,6.15186071395874,3.995161533355713,-6.15186071395874,ANSWERABLE_PREDICTED_EMPTY
0018-0006-0003,Thách thức của kinh tế Uganda vào năm 2011 là gì?,sự bất ổn định ở Nam Sudan,Tuy nhiên sự bất ổn định ở,True,False,0,0.7142857142857143,1.0,-1.4776458740234375,11.510181427001953,1.4776458740234375,PARTIAL_SPAN
0018-0006-0004,Lực lượng lao động ở Uganda tham gia đông đảo vào lĩnh vực kinh tế nào?,Nông nghiệp,.,True,False,0,0.0,1.0,0.24706459045410156,9.902477264404297,-0.24706459045410156,WRONG_SPAN
0018-0006-0005,Vị trí của Nam Sudan có ý nghĩa như thế nào?,một địa điểm quan trọng của các trại tị nạn cho người dân Sudan,,True,True,0,0.0,1.0,6.40683650970459,3.7360315322875977,-6.40683650970459,ANSWERABLE_PREDICTED_EMPTY
0018-0006-0006,Yêu cầu của những chính sách cải cách chính phủ của Uganda là gì?,,,False,True,1,1.0,1.0,4.4609456062316895,5.687513828277588,-4.4609456062316895,CORRECT_NO_ANSWER
0018-0006-0007,Sự lan rộng của khủng hỏang kinh tế thế giới đã tác động đến họat động kinh tế nào của Uganda?,xuất khẩu,đến,True,False,0,0.0,1.0,1.4117774963378906,8.717409133911133,-1.4117774963378906,WRONG_SPAN
0018-0006-0008,Lực lượng dân tị nạn ở Uganda tham gia đông đảo vào lĩnh vực kinh tế nào?,,.,False,False,1,1.0,1.0,1.3878049850463867,8.753745079040527,-1.3878049850463867,UNANSWERABLE_FALSE_POSITIVE
0018-0006-0009,Nhờ phục hồi và ổn định nền kinh tế mà Uganda đã giải quyết được khỏang nợ 2 tỷ USD và trong tương lai sẽ có các nguồn thu chủ yếu nào?,từ dầu và thuế,. Doanh thu từ dầu và,True,False,0,0.6666666666666665,1.0,-2.1326522827148438,11.822826385498047,2.1326522827148438,SPAN_TOO_LONG
0018-0007-0001,"Hiện nay, kinh tế Uganda cần phải tập trung phát triển những họat động kinh tế nào song song với nông nghiệp?","chăn nuôi gia súc, và đánh bắt cá",,True,True,0,0.0,1.0,6.0533294677734375,4.112627029418945,-6.0533294677734375,ANSWERABLE_PREDICTED_EMPTY
0018-0007-0002,Phần lớn nguồn nhân lực phát triển ở khu vực I của nền kinh tế Uganda tham gia vào họat động kinh tế nào?,Nông nghiệp,.,True,False,0,0.0,1.0,0.32628631591796875,9.792452812194824,-0.32628631591796875,WRONG_SPAN
0018-0007-0003,"Con số 17,12 tỷ USD biểu thị thông số kinh tế nào của Uganda?",tổng sản phẩm quốc nội,", tổng sản phẩm",True,False,0,0.7499999999999999,1.0,3.2751150131225586,6.862486839294434,-3.2751150131225586,SPAN_TOO_SHORT
0018-0007-0004,"Con số 5,8 tỷ USD biểu thị thông số kinh tế nào của Uganda?",,,False,True,1,1.0,1.0,3.951836585998535,6.202047348022461,-3.951836585998535,CORRECT_NO_ANSWER
0018-0007-0005,Những nông sản chủ lực của nền nông nghiệp tại Uganda bao gồm những gì?,"cà phê, chè, ngô, chuối, đường, bông, thuốc lá, khoai tây, hoa, các sản phẩm từ hoa, thịt dê, bò, đậu","là cà phê, chè, ngô, chuối, đường, bông, thuốc lá, khoai tây,",True,False,0,0.6666666666666667,1.0,3.4718499183654785,6.696359157562256,-3.4718499183654785,SPAN_TOO_SHORT
0018-0007-0006,"Vào năm 2010, tổng thu nhập cá nhân của mỗi người trên tổng số nông dân Uganda trung bình vào khỏang bao nhiêu?",,là khỏang 500 USD/,False,False,0,0.0,1.0,2.4782419204711914,7.590351104736328,-2.4782419204711914,UNANSWERABLE_FALSE_POSITIVE
0018-0007-0007,"Vào năm 2010, tổng thu nhập cá nhân của mỗi người trên tổng dân số Uganda trung bình vào khỏang bao nhiêu?",500 USD,là khỏang 500 USD/,True,False,0,0.6666666666666666,1.0,2.5359230041503906,7.550263404846191,-2.5359230041503906,SPAN_TOO_LONG
0018-0007-0008,80% người lao động Uganda tham gia vào ngành sản xuất nào?,Nông nghiệp,.,True,False,0,0.0,1.0,0.11327362060546875,9.863351821899414,-0.11327362060546875,WRONG_SPAN
0018-0007-0009,Những nông sản chủ lực của nền nông nghiệp trên thế giới bao gồm những gì?,,,False,True,1,1.0,1.0,4.350765228271484,5.816597938537598,-4.350765228271484,CORRECT_NO_ANSWER
0019-0001-0001,Trong số 50 tiểu bang của Hoa Kỳ thì bang Texas đứng ở vị trí thứ mấy về diện tích?,thứ hai,lớn thứ,True,False,0,0.5,1.0,-1.0314197540283203,11.058328628540039,1.0314197540283203,PARTIAL_SPAN
0019-0001-0002,Những bang nào của México giáp ranh với bang Texas của Hoa Kỳ?,"bang Chihuahua, Coahuila, Nuevo León, và Tamaulipas","bang Chihuahua, Coahuila, Nuevo León, và Tamaulipas của",True,False,0,0.9333333333333333,1.0,-0.3313436508178711,10.143778800964355,0.3313436508178711,SPAN_TOO_LONG
0019-0001-0003,Ở phía tây nam của bang Arkansas là bang nào?,Texas,và,True,False,0,0.0,1.0,0.26984405517578125,9.787647247314453,-0.26984405517578125,WRONG_SPAN
0019-0001-0004,Dân số của bang Texas là bao nhiêu?,"26,1 triệu","với 26,1 triệu",True,False,0,0.8571428571428571,1.0,1.144486427307129,8.96994400024414,-1.144486427307129,SPAN_TOO_LONG
0019-0001-0005,Nếu đi từ phía nam đến phía bắc thì sau khi qua Texas là đến bang nào?,Oklahoma,", Oklahoma ở phía bắc, Arkansas ở phía đông bắc, và",True,False,0,0.18181818181818182,1.0,0.49657154083251953,9.572367668151855,-0.49657154083251953,SPAN_TOO_LONG
0019-0002-0001,Trong số các thành phố của Hoa Kỳ thì thành phố lớn thứ tư có vị trí thuộc bang nào?,Texas,tại,True,False,0,0.0,1.0,0.8916311264038086,9.241302490234375,-0.8916311264038086,WRONG_SPAN
0019-0002-0002,"Tại Hoa Kỳ, vùng đô thị lớn thứ năm là vùng nào?",Đại Houston,. Dallas–Fort Worth và Đại,True,False,0,0.28571428571428575,1.0,-2.378904342651367,11.765539169311523,2.378904342651367,SPAN_TOO_LONG
0019-0002-0003,Điều gì được thể hiện qua tên gọi bang ngôi sao cô độc của Texas?,Texas nguyên là một nước cộng hòa độc lập và nhắc nhở đến cuộc đấu tranh giành độc lập của Texas từ México,là Lone Star State (bang ngôi sao cô độc) nhằm biểu thị Texas nguyên là một nước cộng hòa độc lập và nhắc nhở đến cuộc đấu tranh giành độc lập của Texas từ,True,False,0,0.7719298245614036,1.0,1.0137262344360352,8.897662162780762,-1.0137262344360352,SPAN_TOO_LONG
0019-0002-0004,"Trong tiếng Caddo thì tên gọi ""Tejas"" có nghĩa là gì?",bằng hữu,nghĩa là ',True,False,0,0.0,1.0,1.1215085983276367,8.801701545715332,-1.1215085983276367,WRONG_SPAN
0019-0002-0005,Thành phố lớn thứ bảy tại Hoa Kỳ là thành phố lớn thứ mấy tại bang mà nó tọa lạc?,lớn thứ hai,còn,True,False,0,0.0,1.0,2.1325197219848633,8.017910957336426,-2.1325197219848633,WRONG_SPAN
0019-0003-0001,Đặc trưng địa chất tại bang Texas là gì?,Đứt đọan Balcones,,True,True,0,0.0,1.0,5.572061061859131,4.567015171051025,-5.572061061859131,ANSWERABLE_PREDICTED_EMPTY
0019-0003-0002,Tỷ lệ diện tích hoang mạc tại bang Texas là bao nhiêu?,dưới 10 phần trăm,song chỉ dưới 10,True,False,0,0.5,1.0,2.082211494445801,8.06611442565918,-2.082211494445801,PARTIAL_SPAN
0019-0003-0003,Những nơi tập trung dân cư của bang Texas trước đây là gì?,"thảo nguyên, rừng, và bờ biển","là thảo nguyên, rừng, và bờ",True,False,0,0.8333333333333334,1.0,0.7722015380859375,9.370073318481445,-0.7722015380859375,PARTIAL_SPAN
0019-0003-0004,Địa hình của bang Texas có sự thay đổi như thế nào khi đi từ đông sang tây?,"biến đổi từ đầm lầy ven biển và rừng thông, đến các đồng bằng gợn sóng và gò đồi gồ ghề, và cuối cùng là hoang mạc và các dãy núi của vùng Big Bend","từ đầm lầy ven biển và rừng thông, đến các đồng bằng gợn sóng và gò đồi",True,False,0,0.6538461538461539,1.0,0.9657306671142578,9.174729347229004,-0.9657306671142578,SPAN_TOO_SHORT
0019-0003-0005,Những khu vực nào của Hoa Kỳ mà cảnh quan bang Texas có nét tương đồng?,Nam và Tây Nam Hoa Kỳ,,True,True,0,0.0,1.0,7.499562740325928,2.6498303413391113,-7.499562740325928,ANSWERABLE_PREDICTED_EMPTY
0019-0004-0001,"Nguyên nhân dẫn đến sự ra đời của thuật ngữ ""six flags over Texas"" là gì?",bắt nguồn từ việc lãnh thổ này từng nằm dưới quyền quản lý của một vài quốc gia,,True,True,0,0.0,1.0,4.810430526733398,5.308624267578125,-4.810430526733398,ANSWERABLE_PREDICTED_EMPTY
0019-0004-0002,Quốc gia đầu tiên của châu Âu đã tuyên bố chủ quyền đối với Texas là gì?,Tây Ban Nha,.,True,False,0,0.0,1.0,0.01682281494140625,9.886102676391602,-0.01682281494140625,WRONG_SPAN
0019-0004-0003,Khi Texas gia nhập vào Hoa Kỳ thì Texas đã trở thành bang thứ mấy của Hoa Kỳ?,bang thứ 28,bang thứ,True,False,0,0.8,1.0,0.9460868835449219,9.188460350036621,-0.9460868835449219,SPAN_TOO_SHORT
0019-0004-0004,Trong thời kỳ Hoa Kỳ nội chiến thì bang Texas đã có hành động gì?,"thóat ly khỏi Hợp chúng quốc vào đầu năm 1861, và gia nhập vào Liên minh miền Nam",và gia nhập vào Liên minh miền,True,False,0,0.56,1.0,2.265005588531494,7.881959438323975,-2.265005588531494,SPAN_TOO_SHORT
0019-0004-0005,Vào năm nào thì Texas đã giành được độc lập?,năm 1836,vào năm,True,False,0,0.5,1.0,-1.1223220825195312,10.967456817626953,1.1223220825195312,PARTIAL_SPAN
0019-0005-0001,Sau nội chiến thì ngành kinh tế nào tại Texas đã trở nên phát triển?,bò,là,True,False,0,0.0,1.0,0.3917236328125,9.692743301391602,-0.3917236328125,WRONG_SPAN
0019-0005-0002,Điều gì đã được dẫn đến khi Texas là trung tâm của ngành kinh tế về bò trong một thời gian dài?,người ta liên hệ Texas với hình ảnh của những chàng cao bồi,,True,True,0,0.0,1.0,6.240448474884033,3.9234156608581543,-6.240448474884033,ANSWERABLE_PREDICTED_EMPTY
0019-0005-0003,Vào giữa thế kỷ XX thì nền kinh tế mà Texas hướng đến là gì?,một nền kinh tế đa dạng hóa và công nghiệp công nghệ cao,một nền kinh tế đa dạng hóa và công nghiệp,True,False,0,0.8695652173913044,1.0,-1.7343740463256836,11.603938102722168,1.7343740463256836,SPAN_TOO_SHORT
0019-0005-0004,Ngòai Texas thì bang nào tại Hoa Kỳ cùng dẫn đầu trong bảng danh sách các bang có công ty lọt vào Fortune 500?,California,với,True,False,0,0.0,1.0,0.07973098754882812,9.92136287689209,-0.07973098754882812,WRONG_SPAN
0019-0005-0005,Ở những ngành kinh tế nào thì bang Texas phát triển đứng đầu tại Hoa Kỳ?,"nông nghiệp, hóa dầu, năng lượng, máy tính và điện tử, hàng không vũ trụ, và khoa học y sinh","như nông nghiệp, hóa dầu, năng lượng, máy tính và điện tử, hàng không vũ trụ, và khoa học y",True,False,0,0.9500000000000001,1.0,-0.12644577026367188,10.247602462768555,0.12644577026367188,PARTIAL_SPAN
0019-0006-0001,Những bang nào của México giáp với bang Texas thông qua dòng sông Rio Grande?,"các tiểu bang Chihuahua, Coahuila, Nuevo León, và Tamaulipas","tiểu bang Chihuahua, Coahuila, Nuevo León, và Tamaulipas của",True,False,0,0.8888888888888888,1.0,0.43194007873535156,9.38162612915039,-0.43194007873535156,PARTIAL_SPAN
0019-0006-0002,Từ bang Texas muốn qua được tiểu bang Nuevo León của México cần phải đi qua ranh giới tự nhiên nào?,sông Rio Grande,", sông Rio",True,False,0,0.8,1.0,1.0756397247314453,9.063079833984375,-1.0756397247314453,SPAN_TOO_SHORT
0019-0006-0003,Ranh giới tự nhiên của Texas và Louisiana là gì?,sông Sabine,. Ở phía,True,False,0,0.0,1.0,2.4464149475097656,7.662117004394531,-2.4464149475097656,WRONG_SPAN
0019-0006-0004,Đường kinh độ nào là ranh giới giữa Texas và New México?,kinh độ 103°T,,True,True,0,0.0,1.0,3.937605857849121,6.206820487976074,-3.937605857849121,ANSWERABLE_PREDICTED_EMPTY
0019-0006-0005,Tại bang Texas thì El Paso có vị trí tại đâu?,mũi cực tây của bang,ở mũi cực,True,False,0,0.5,1.0,-0.8800983428955078,10.81302261352539,0.8800983428955078,SPAN_TOO_SHORT
0019-0007-0001,Số lượng vùng sinh thái riêng biệt tại bang Texas là bao nhiêu?,11 vùng,"có 10 vùng khí hậu, 14 vùng đất đai và 11 vùng",True,False,0,0.2857142857142857,1.0,-0.5400457382202148,10.577181816101074,0.5400457382202148,SPAN_TOO_LONG
0019-0007-0002,Từ Đông sang Tây thì bang Texas được chia thành các khu vực nào?,"Đồng bằng Ven biển vịnh México, Đất thấp nội địa, Đại Bình nguyên, Bồn địa và Núi",": Đồng bằng Ven biển vịnh México, Đất thấp nội địa, Đại Bình nguyên, Bồn địa và",True,False,0,0.9696969696969697,1.0,2.113053321838379,8.045126914978027,-2.113053321838379,SPAN_TOO_SHORT
0019-0007-0003,Tại vùng đồng bằng ven biển bao quanh vịnh México thì tại đây có thảm thực vật là gì?,các rừng thông dày,các rừng thông,True,False,0,0.8571428571428571,1.0,-0.13330936431884766,10.267587661743164,0.13330936431884766,SPAN_TOO_SHORT
0019-0007-0004,Khu vực của vùng Đại Bình nguyên tại Texas trải dài trên những vùng nào?,từ Vùng Cán xoong của tiểu bang và Llano Estacado cho đến Vùng Đồi Texas gần Austin,từ Vùng Cán xoong của tiểu bang và Llano Estacado cho đến Vùng Đồi Texas gần,True,False,0,0.9696969696969697,1.0,-1.008596420288086,10.984357833862305,1.008596420288086,SPAN_TOO_SHORT
0019-0007-0005,"Vùng ""Trans-Pecos"" còn có tên gọi khác là gì?",Viễn Tây Texas,". Vùng ""Viễn Tây Texas"" hay ""Trans-Pecos"" là vùng Bồn địa và",True,False,0,0.4,1.0,0.6290283203125,9.458860397338867,-0.6290283203125,SPAN_TOO_LONG
0019-0008-0001,Nhờ vào điều gì mà tại bang Texas lại có sự biến đổi khí hậu ở mức cao?,có diện tích rộng lớn và có vị trí nằm tại nơi giao nhau của nhiều vùng khí hậu,,True,True,0,0.0,1.0,3.9094653129577637,6.224269390106201,-3.9094653129577637,ANSWERABLE_PREDICTED_EMPTY
0019-0008-0002,Tại khu vực nào của bang Texas có mùa đông ôn hòa?,vùng Ven biển vịnh México,khi vùng Ven biển vịnh,True,False,0,0.8000000000000002,1.0,-2.42386531829834,11.828890800476074,2.42386531829834,PARTIAL_SPAN
0019-0008-0003,Lượng mưa trung bình tại cực tây của Texas là bao nhiêu mm?,220 mm,,True,True,0,0.0,1.0,4.028938293457031,6.106195449829102,-4.028938293457031,ANSWERABLE_PREDICTED_EMPTY
0019-0008-0004,64 inch là lượng mưa trung bình của khu vực nào tại bang Texas?,khu vực ở Đông Nam Texas,ở Đông Nam,True,False,0,0.6666666666666666,1.0,-1.3900127410888672,11.494657516479492,1.3900127410888672,SPAN_TOO_SHORT
0019-0008-0005,Bang Texas có cực tây là tại nơi nào?,El Paso,"là El Paso có lượng mưa trung bình năm là 8,7 inch (220 mm), trong khi các khu vực ở Đông Nam",True,False,0,0.16,1.0,0.8550586700439453,8.963569641113281,-0.8550586700439453,SPAN_TOO_LONG
0019-0009-0001,Ai là người đã làm ra văn bản lịch sử đầu tiên có liên quan đến Texas?,Alonso Álvarez de Pineda,do,True,False,0,0.0,1.0,2.157663345336914,7.412350654602051,-2.157663345336914,WRONG_SPAN
0019-0009-0002,Texas lần đầu được đề cập đến trong văn bản lịch sử nào?,bản đồ Duyên hải Vịnh México,là một bản đồ Duyên hải Vịnh,True,False,0,0.7692307692307692,1.0,0.11031627655029297,10.012478828430176,-0.11031627655029297,SPAN_TOO_LONG
0019-0009-0003,Nguyên nhân khiến cho một nửa thổ dân chết khi người Tây Ban Nha đổ bộ lên khu vực Texas vào năm 1528 là gì?,một lọai bệnh đường ruột,vì một lọai bệnh đường,True,False,0,0.8000000000000002,1.0,-0.15325355529785156,10.268486976623535,0.15325355529785156,PARTIAL_SPAN
0019-0009-0004,Vào năm 1528 thì ai là những người đầu tiên đặt chân lên Texas?,người Tây Ban Nha,", nhà thám hiểm bị đắm tàu người Tây Ban Nha Álvar Núñez Cabeza de Vaca và đội quân của ông trở thành những người",True,False,0,0.2857142857142857,1.0,3.3365163803100586,6.693760871887207,-3.3365163803100586,SPAN_TOO_LONG
0019-0009-0005,Vào năm nào thì tác phẩm văn bản lịch sử đầu tiên đề cập đến Texas được ra đời?,năm 1519,,True,True,0,0.0,1.0,4.4093852043151855,5.506042003631592,-4.4093852043151855,ANSWERABLE_PREDICTED_EMPTY
0019-0010-0001,Ai là người đã mô tả cuộc chạm trán của ông với người Querechos và Teyas vào năm 1541?,Francisco Vasquez de Coronado,,True,True,0,0.0,1.0,6.897787809371948,3.2162983417510986,-6.897787809371948,ANSWERABLE_PREDICTED_EMPTY
0019-0010-0002,Những lọai người đi quanh bình nguyên cùng những con bò mà được Francisco Vasquez de Coronado miêu tả là những lọai người nào?,một được gọi là Querechos và dân tộc kia là Teyas,"với """,True,False,0,0.0,1.0,-0.1683483123779297,10.020339965820312,0.1683483123779297,WRONG_SPAN
0019-0010-0003,Theo như Francisco Vasquez de Coronado thì những lọai người đi quanh bình nguyên họ mặc gì trên người?,da,"""",True,False,0,0.0,1.0,2.766791343688965,7.373946189880371,-2.766791343688965,WRONG_SPAN
0019-0010-0004,Thức ăn của những người Querechos và Teyas được Francisco Vasquez de Coronado ghi chép lại là gì?,"họ ăn thịt, thậm chí đôi khi là ăn sống, họ thậm chí cũng uống máu khi khát","ăn thịt, thậm chí đôi khi là ăn",True,False,0,0.6153846153846153,1.0,2.516873359680176,7.6412200927734375,-2.516873359680176,SPAN_TOO_SHORT
0019-0010-0005,Thân hình của những người mà Francisco Vasquez de Coronado đã đối đầu năm 1541 được ông miêu tả như thế nào?,rất cường tráng,"""Hai lọai người đi quanh các bình nguyên này cùng những con",True,False,0,0.0,1.0,-0.1629047393798828,10.09164810180664,0.1629047393798828,WRONG_SPAN
0019-0011-0001,Lý do mà một số đòan truyền giáo được ra đời tại Đông Texas vào năm 1690 là gì?,nhà cầm quyền Tây Ban Nha lo ngại rằng Pháp tạo ra mối đe dọa cạnh tranh,,True,True,0,0.0,1.0,4.675580024719238,5.472058296203613,-4.675580024719238,ANSWERABLE_PREDICTED_EMPTY
0019-0011-0002,Điều gì đã khiến cho các nhà truyền giáo Tây Ban Nha đã phải đến México?,người da đỏ kháng cự,,True,True,0,0.0,1.0,8.99800419807434,1.1620357036590576,-8.99800419807434,ANSWERABLE_PREDICTED_EMPTY
0019-0011-0003,Trước động thái nào của người Pháp mà các đòan truyền giáo mới được ra đời tại Đông Texas?,bắt đầu định cư tại Louisiana,,True,True,0,0.0,1.0,5.930950164794922,4.216763496398926,-5.930950164794922,ANSWERABLE_PREDICTED_EMPTY
0019-0011-0004,"Sau sự kiện các đòan truyền giáo được hình thành, vào năm 1718, người Tây Ban Nha đã làm gì?","thành lập San Antonio, khu định cư dân sự đầu tiên của người Tây Ban Nha tại khu vực",,True,True,0,0.0,1.0,8.581368923187256,1.585594654083252,-8.581368923187256,ANSWERABLE_PREDICTED_EMPTY
0019-0011-0005,Vào năm nào thì các đòan truyền giáo một lần nữa được người Tây Ban Nha thành lập?,năm 1716,,True,True,0,0.0,1.0,6.537734746932983,3.5568430423736572,-6.537734746932983,ANSWERABLE_PREDICTED_EMPTY
0019-0012-0001,Vì sao mà người Tây Ban Nha lại không còn ý chí quyết tâm chuyển đến khu vực Texas?,Do các bộ lạc da đỏ có thái độ thù địch và khỏang cách xa từ các thuộc địa lân cận của Tây Ban Nha,Do các bộ lạc da đỏ có thái độ thù địch và khỏang cách xa từ các thuộc địa lân cận của,True,False,0,0.9361702127659575,1.0,-0.3939933776855469,10.514511108398438,0.3939933776855469,SPAN_TOO_SHORT
0019-0012-0002,Những bộ lạc nào tức giận trước Hiệp ước hòa bình giữa Tây Ban Nha với người Lipan Apache?,"Comanche, Tonkawa, và Hasinai",,True,True,0,0.0,1.0,9.215614080429077,0.9026224613189697,-9.215614080429077,ANSWERABLE_PREDICTED_EMPTY
0019-0012-0003,"Vào năm 1785, các bộ lạc nào đã bị đánh bại bởi Tây Ban Nha với sự trợ giúp từ người Comanche?",Lipan Apache và Karankawa,các bộ lạc Lipan,True,False,0,0.25,1.0,2.94358491897583,6.89841890335083,-2.94358491897583,PARTIAL_SPAN
0019-0012-0004,"Năm 1749, người Tây Ban Nha đã ký hiệp ước Hòa Bình với bộ lạc nào?",Lipan Apache,với người Lipan,True,False,0,0.4,1.0,-2.18099308013916,11.795705795288086,2.18099308013916,SPAN_TOO_LONG
0019-0013-0001,Điều gì đã được khẳng định bởi nhà cầm quyền Hoa Kỳ khi Hoa Kỳ mua Louisiana của Pháp năm 1803?,thỏa thuận cũng bao gồm cả Texas,rằng thỏa thuận cũng bao gồm cả,True,False,0,0.8571428571428571,1.0,2.8094100952148438,7.337684631347656,-2.8094100952148438,PARTIAL_SPAN
0019-0013-0002,"Năm 1819, biên giới giữa Hoa Kỳ và Tây Ban Nha được xác định ở đâu?",sông Sabine,tại,True,False,0,0.0,1.0,1.0789051055908203,7.775588035583496,-1.0789051055908203,WRONG_SPAN
0019-0013-0003,Texas trở thành lãnh thổ của nước nào sau khi chiến tranh giành độc lập México kết thúc?,México,của,True,False,0,0.0,1.0,1.5079269409179688,8.638805389404297,-1.5079269409179688,WRONG_SPAN
0019-0013-0004,Texas khi thuộc về México đã được sắp xếp thuộc vào các tiểu bang nào?,Coahuila và Tejas,,True,True,0,0.0,1.0,6.013358116149902,4.114012718200684,-6.013358116149902,ANSWERABLE_PREDICTED_EMPTY
0019-0013-0005,Vào năm nào thì cuộc chiến giành độc lập tại México kết thúc?,Năm 1821,. Năm,True,False,0,0.6666666666666666,1.0,-1.199326515197754,11.001279830932617,1.199326515197754,SPAN_TOO_SHORT
0019-0014-0001,Sự cai trị của México gặp sự chống đối đầu tiên bởi cuộc nổi lọan Anahuac xảy ra năm nào?,năm 1832,vào năm,True,False,0,0.5,1.0,-2.034046173095703,11.346609115600586,2.034046173095703,PARTIAL_SPAN
0019-0014-0002,Trước cuộc chiến chống lại sự cai trị của México thì Texas đã đứng về phe nào?,Liên bang chủ nghĩa,về phe Liên bang,True,False,0,0.5,1.0,-1.06304931640625,11.008508682250977,1.06304931640625,PARTIAL_SPAN
0019-0014-0003,"Vào năm 1832, người Texas đã làm gì khi chống đối lại chính phủ tại México?",đuổi tòan bộ binh sĩ México ra khỏi Đông Texas,,True,True,0,0.0,1.0,9.24655133485794,0.9207231402397156,-9.24655133485794,ANSWERABLE_PREDICTED_EMPTY
0019-0014-0004,Mục đích mà Hội nghị năm 1832 được người Texas tiến hành là gì?,"thảo luận về yêu cầu được trở thành một tiểu bang riêng, cùng các vấn đề khác",về yêu cầu được trở thành một tiểu bang,True,False,0,0.6923076923076924,1.0,2.6203136444091797,7.515674591064453,-2.6203136444091797,SPAN_TOO_SHORT
0019-0014-0005,Vào năm nào thì Hội nghị của người Texas lại được tổ chức và lặp lại đòi hỏi của nó?,năm 1833,Hội nghị năm,True,False,0,0.4,1.0,-0.019888877868652344,10.085211753845215,0.019888877868652344,SPAN_TOO_LONG
0019-0015-0001,Sự đối đầu căng thẳng xảy ra giữa các thế lực nào trong México?,phe liên bang chủ nghĩa và phe trung ương tập quyền chủ nghĩa,giữa phe liên bang chủ nghĩa và phe trung ương tập quyền,True,False,0,0.8799999999999999,1.0,-2.0290231704711914,11.610021591186523,2.0290231704711914,SPAN_TOO_SHORT
0019-0015-0002,Tổ chức nào vào năm 1835 đã được ra đời bởi người Texas?,Ủy ban Tương ứng và An tòan,,True,True,0,0.0,1.0,4.645252227783203,5.420173645019531,-4.645252227783203,ANSWERABLE_PREDICTED_EMPTY
0019-0015-0003,Cuối năm 1835 trận đánh nào ở Texas đã phát triển thành xung đột vũ trang?,trận Gonzales,,True,True,0,0.0,1.0,4.771998882293701,5.2034592628479,-4.771998882293701,ANSWERABLE_PREDICTED_EMPTY
0019-0015-0004,Sau bao lâu cuộc Cách mạng Texas được bùng phát thì các đội quân México đã bị người Texas đuổi ra khỏi khu vực?,hai tháng,vòng hai,True,False,0,0.5,1.0,-0.8793010711669922,10.980436325073242,0.8793010711669922,PARTIAL_SPAN
0019-0015-0005,Tình hình tại Texas như thế nào trong vòng hai tháng đầu của năm 1836?,Texas lâm vào tình trạng không có sự quản lý tòan bộ,tình trạng không có sự quản lý tòan,True,False,0,0.8,1.0,-1.1104307174682617,11.241064071655273,1.1104307174682617,SPAN_TOO_SHORT
0019-0016-0001,Ai là tổng thống của México?,Antonio Lopez de Santa Anna,México Antonio Lopez de Santa,True,False,0,0.8000000000000002,1.0,-0.7071533203125,10.780208587646484,0.7071533203125,PARTIAL_SPAN
0019-0016-0002,Đỉnh cao của cuộc đánh bại lại sự chống cự của người Texas là trận nào?,cuộc tàn sát Goliad,,True,True,0,0.0,1.0,6.820638656616211,3.286787986755371,-6.820638656616211,ANSWERABLE_PREDICTED_EMPTY
0019-0016-0003,Trong trận nào thì quân Texas đã mất lợi thế hòan tòan trước quân của Santa Anna?,trận Alamo,,True,True,0,0.0,1.0,5.423498153686523,4.591368675231934,-5.423498153686523,ANSWERABLE_PREDICTED_EMPTY
0019-0016-0004,Hậu quả nào xảy ra sau các thất bại của quân Texas?,Tin tức về các thất bại gây ra tâm trạng hoang mang trong những người định cư tại Texas,,True,True,0,0.0,1.0,3.777282238006592,6.3569207191467285,-3.777282238006592,ANSWERABLE_PREDICTED_EMPTY
0019-0016-0005,Sau thời gian bao nhiêu thì quân của Jose de Urrea đã giành được lợi thế trước quân Texas?,13 ngày,kéo dài 13,True,False,0,0.4,1.0,0.3716001510620117,9.766629219055176,-0.3716001510620117,SPAN_TOO_LONG
0019-0017-0001,Cộng hòa Texas đã được thành lập trước Tuyên ngôn độc lập được ký vào ngày nào?,ngày 2 tháng 3,vào ngày 2 tháng,True,False,0,0.75,1.0,-1.8230762481689453,11.639732360839844,1.8230762481689453,PARTIAL_SPAN
0019-0017-0002,Bản Tuyên ngôn độc lập của Cộng hòa Texas đã được ký trong hội nghị nào?,Hội nghị 1836,cho Hội nghị,True,False,0,0.6666666666666666,1.0,-1.6018400192260742,11.394052505493164,1.6018400192260742,PARTIAL_SPAN
0019-0017-0003,Những người nào đã được sự liên hiệp bởi chính phủ Texas?,những người định cư khác tại Texas trong Runaway Scrape,,True,True,0,0.0,1.0,4.934175968170166,5.206614971160889,-4.934175968170166,ANSWERABLE_PREDICTED_EMPTY
0019-0017-0004,Quân của Santa Anna đã thua trận trước quân của ai?,Sam Houston,của Sam,True,False,0,0.5,1.0,-1.477102279663086,11.525754928588867,1.477102279663086,PARTIAL_SPAN
0019-0017-0005,Hiệp ước nào mà Santa Anna đã bị ép ký khi ông bị bắt tại trận San Jacinto?,Hiệp ước Velasco,các,True,False,0,0.0,1.0,3.3582301139831543,6.4487080574035645,-3.3582301139831543,WRONG_SPAN
0019-0018-0001,Tại Texas thì ai là lãnh đạo của phe dân tộc chủ nghĩa?,Mirabeau B. Lamar,"do Mirabeau B. Lamar lãnh đạo, chủ trương Texas tiếp tục độc lập, trục xuất người da đỏ, và mở rộng nước Cộng hòa về phía Thái Bình Dương. Các đối thủ của họ do Sam",True,False,0,0.15384615384615385,1.0,-0.8812923431396484,10.252151489257812,0.8812923431396484,SPAN_TOO_LONG
0019-0018-0002,Texas tiếp tục mở rộng lãnh thổ về hướng nào?,phía Thái Bình Dương,phía,True,False,0,0.4,1.0,0.6284465789794922,9.490373611450195,-0.6284465789794922,SPAN_TOO_SHORT
0019-0018-0003,Thế lực đối đầu với phe dân tộc chủ nghĩa do ai làm lãnh đạo?,Sam Houston,"do Mirabeau B. Lamar lãnh đạo, chủ trương Texas tiếp tục độc lập, trục xuất người da đỏ, và mở rộng nước Cộng hòa về phía Thái Bình Dương. Các đối thủ của họ do Sam",True,False,0,0.05263157894736842,1.0,-1.6304588317871094,11.039962768554688,1.6304588317871094,SPAN_TOO_LONG
0019-0018-0004,Thế lực đối đầu với dân tộc chủ nghĩa có chủ trương như thế nào?,sáp nhập Texas và Hợp chúng quốc Hoa Kỳ và cùng tồn tại hòa bình với người da đỏ,chủ trương sáp nhập Texas và Hợp chúng quốc Hoa Kỳ và cùng tồn tại hòa bình với người da,True,False,0,0.9230769230769231,1.0,2.4056310653686523,7.714455604553223,-2.4056310653686523,SPAN_TOO_LONG
0019-0018-0005,Giữa hai phe đối đầu tại Texas thì tình tiết đặc trưng là cuộc chiến nào?,Chiến tranh Lưu trữ Texas,là Chiến tranh Lưu trữ,True,False,0,0.8000000000000002,1.0,-1.6435060501098633,11.553242683410645,1.6435060501098633,PARTIAL_SPAN
0019-0019-0001,Nước Cộng hòa đã bắt đầu làm gì kể từ năm 1837?,tiến hành một số nỗ lực nhằm thượng lượng về việc sáp nhập vào Hợp chúng quốc Hoa Kỳ,đã tiến hành một số nỗ lực nhằm thượng lượng về việc sáp nhập vào Hợp chúng quốc,True,False,0,0.918918918918919,1.0,1.592071533203125,8.499422073364258,-1.592071533203125,SPAN_TOO_SHORT
0019-0019-0002,Những lý do dẫn đến việc chậm chạp trong việc sát nhập Texas vào Liên Bang là gì?,"Sự phản đối bên trong nước cộng hòa đến từ phe dân tộc chủ nghĩa, cùng với phe phản đối phế nô mạnh mẽ tại Hoa Kỳ",". Sự phản đối bên trong nước cộng hòa đến từ phe dân tộc chủ nghĩa, cùng với phe phản đối phế nô mạnh mẽ tại",True,False,0,0.9615384615384615,1.0,0.6194353103637695,9.434549331665039,-0.6194353103637695,SPAN_TOO_SHORT
0019-0019-0003,"Vào năm 1844, Texas đã được sát nhập vào Hoa Kỳ khi sự kiện nào diễn ra?",nhân vật bành trướng chủ nghĩa James K. Polk giành chiến thắng trong cuộc bầu cử Tổng thống Hoa Kỳ,khi nhân vật bành trướng chủ nghĩa James K. Polk giành chiến thắng trong cuộc bầu cử Tổng thống Hoa Kỳ năm,True,False,0,0.9523809523809523,1.0,-0.04012107849121094,10.070002555847168,0.04012107849121094,SPAN_TOO_LONG
0019-0019-0004,Texas được Hoa Kỳ phê duyệt cho sự gia nhập vào ngày tháng năm nào?,ngày 29 tháng 12 năm 1845,Vào ngày 29 tháng 12 năm,True,False,0,0.8333333333333334,1.0,-1.3701114654541016,11.336179733276367,1.3701114654541016,PARTIAL_SPAN
0019-0019-0005,Texas được gia nhập vào Liên Bang với địa vị là gì?,một tiểu bang cấu thành của Liên bang,là một tiểu bang cấu thành của,True,False,0,0.7999999999999999,1.0,1.7292146682739258,8.412712097167969,-1.7292146682739258,SPAN_TOO_SHORT
0019-0020-0001,México đã làm gì với Hoa Kỳ khi Texas trở thành một phần của Hoa Kỳ?,đọan tuyệt quan hệ ngọai giao với Hoa Kỳ,,True,True,0,0.0,1.0,4.818645477294922,5.340991973876953,-4.818645477294922,ANSWERABLE_PREDICTED_EMPTY
0019-0020-0002,Biên giới của Texas theo México là nơi nào?,sông Nueces,đến Rio,True,False,0,0.0,1.0,-2.19364070892334,11.72143268585205,2.19364070892334,WRONG_SPAN
0019-0020-0003,Vì sao mà Hoa Kỳ có thể thực hiện được điều mà Texas tuyên bố về biên giới lãnh thổ?,Hoa Kỳ có sức mạnh quân sự và ý chí chính trị,có sức mạnh quân sự và ý chí,True,False,0,0.8,1.0,-0.882512092590332,11.025609970092773,0.882512092590332,SPAN_TOO_SHORT
0019-0020-0004,"Vào ngày 13 tháng 1 năm 1846, Tướng Zachary Taylor đã nhận được lệnh gì từ tổng thống Polk?",tiến về phía nam đến Rio Grande,Taylor tiến về phía nam đến Rio,True,False,0,0.8571428571428571,1.0,-1.2190160751342773,11.271051406860352,1.2190160751342773,PARTIAL_SPAN
0019-0020-0005,Nơi diễn ra các trận đánh đầu tiên của Chiến tranh Hoa Kỳ-México là ở đâu?,Texas,,True,True,0,0.0,1.0,4.38411283493042,5.73826265335083,-4.38411283493042,ANSWERABLE_PREDICTED_EMPTY
0019-0021-0001,Sau sự kiện nào thì tình hình chiến tranh lại diễn ra tại Texas vào năm 1860?,cuộc bầu cử tổng thống,sau cuộc bầu cử tổng thống năm,True,False,0,0.8333333333333333,1.0,-1.4161376953125,11.035183906555176,1.4161376953125,SPAN_TOO_LONG
0019-0021-0002,Có bao nhiêu tiểu bang tại vùng Hạ Nam đã làm theo Nam Carolina sau khi Abraham Lincoln đắc cử?,Năm tiểu bang,. Năm tiểu bang,True,False,1,1.0,1.0,-1.7250661849975586,11.199135780334473,1.7250661849975586,CORRECT
0019-0021-0003,Hội nghị đã có quyết định gì từ kết quả bỏ phiếu ngày 1 tháng 2?,thông qua một Sắc lệnh Ly khai khỏi Hợp chúng quốc Hoa Kỳ,một Sắc lệnh Ly khai khỏi Hợp chúng quốc,True,False,0,0.8181818181818181,1.0,1.9923248291015625,8.147436141967773,-1.9923248291015625,SPAN_TOO_SHORT
0019-0021-0004,Tổ chức nào mà Texas đã gia nhập sau khi ly khai khỏi Hợp chúng quốc Hoa Kỳ?,Liên minh miền Nam Hoa Kỳ,vào Liên minh miền Nam,True,False,0,0.7272727272727272,1.0,-0.9322452545166016,10.986385345458984,0.9322452545166016,SPAN_TOO_SHORT
0019-0021-0005,Sắc lệnh ly khai khỏi hợp chúng quốc Hoa Kỳ được cử tri Texas chấp thuận khi nào?,ngày 23 tháng 2 năm 1861,vào ngày 23 tháng 2 năm,True,False,0,0.8333333333333334,1.0,-1.0957269668579102,10.97909164428711,1.0957269668579102,PARTIAL_SPAN
0019-0022-0001,Texas đã có vai trò gì trong Nội chiến Hoa Kỳ?,đóng góp một lượng lớn binh lính và khí tài cho phần còn lại của Liên minh quốc,việc là một tiểu bang,True,False,0,0.08695652173913045,1.0,2.053913116455078,8.085063934326172,-2.053913116455078,SPAN_TOO_SHORT
0019-0022-0002,Nơi nào của Texas đã từng rơi vào tay quân Liên bang trong thời gian ngắn?,cảng chính của tiểu bang là Galveston,là,True,False,0,0.25,1.0,1.6516079902648926,7.824672222137451,-1.6516079902648926,SPAN_TOO_SHORT
0019-0022-0003,Khi sự kiện nào diễn ra thì vai trò là một bang tiếp tế của Texas đã kết thúc?,Liên bang chiếm được sông Mississippi,vào giữa năm,True,False,0,0.0,1.0,-1.3926010131835938,11.207805633544922,1.3926010131835938,WRONG_SPAN
0019-0022-0004,Nơi nào đã diễn ra cuộc chiến cuối cùng trong cuộc Nội chiến Hoa Kỳ?,Palmito Ranch ở gần Brownsville,"tại Palmito Ranch ở gần Brownsville,",True,False,0,0.9090909090909091,1.0,-0.4092264175415039,10.17298698425293,0.4092264175415039,SPAN_TOO_LONG
0019-0023-0001,Nền kinh tế của bang Texas đã bị đánh một đòn mạnh thông qua sự kiện nào?,Đại khủng hỏang và Dust Bowl,,True,True,0,0.0,1.0,6.043039321899414,4.064608573913574,-6.043039321899414,ANSWERABLE_PREDICTED_EMPTY
0019-0023-0002,"Trong những năm Dust Bowl, những người di cư đã bị bỏ rơi ở đâu?",những khu vực tồi tệ nhất của Texas,ở những khu vực tồi tệ nhất của,True,False,0,0.875,1.0,-2.3170480728149414,11.620128631591797,2.3170480728149414,PARTIAL_SPAN
0019-0023-0003,Từ thời kỳ Dust Bowl trở đi thì những người da đen di cư đến những nơi nào?,miền Bắc Hoa Kỳ hay California,ở những khu vực tồi tệ nhất của,True,False,0,0.0,1.0,-0.6619014739990234,10.772054672241211,0.6619014739990234,WRONG_SPAN
0019-0023-0004,Người Anglo có đặc điểm nhận diện là gì?,người da trắng không nói tiếng Tây Ban Nha,,True,True,0,0.0,1.0,3.799541473388672,6.345440864562988,-3.799541473388672,ANSWERABLE_PREDICTED_EMPTY
0019-0023-0005,Tỷ lệ người Anglo vào năm 1940 tại Texas là bao nhiêu?,74%,có 74,True,False,0,0.6666666666666666,1.0,0.5780048370361328,9.534942626953125,-0.5780048370361328,SPAN_TOO_LONG
0019-0024-0001,Một lượng tiền lớn đã được Liên bang sử dụng để làm gì trong Thế chiến thứ hai?,"xây dựng các căn cứ quân sự, các nhà máy vũ khí, các trại giam giữ tù binh chiến tranh và viện quân y","việc xây dựng các căn cứ quân sự, các nhà máy vũ khí, các trại giam giữ tù binh chiến tranh và viện",True,False,0,0.9361702127659574,1.0,-0.22707176208496094,10.272302627563477,0.22707176208496094,SPAN_TOO_SHORT
0019-0024-0002,Có bao nhiêu thanh niên đã ở lại phục vụ tại Texas trong Chiến tranh thế giới thứ hai?,750.000 thanh niên,; 750.000,True,False,0,0.6666666666666666,1.0,-1.5694847106933594,10.798906326293945,1.5694847106933594,SPAN_TOO_SHORT
0019-0024-0003,Vì sao những nông dân Texas bỏ làm nông nghiệp mà làm cho các công việc phục vụ chiến tranh?,mức lương cao hơn,,True,True,0,0.0,1.0,5.255523204803467,4.8881659507751465,-5.255523204803467,ANSWERABLE_PREDICTED_EMPTY
0019-0024-0004,Trong danh sách các bang đã xản suất nhiều quân giới nhất cho Hoa Kỳ trong Chiến tranh thế giới thứ hai thì Texas đã ở vị trí thứ mấy?,thứ 11,xếp hạng thứ,True,False,0,0.4,1.0,0.12268352508544922,9.974610328674316,-0.12268352508544922,SPAN_TOO_LONG
0019-0024-0005,Tỷ lệ quân giới của Hoa Kỳ được chế tạo tại Texas là bao nhiêu?,"3,1 phần trăm","ra 3,1",True,False,0,0.5714285714285715,1.0,-1.2976655960083008,11.301830291748047,1.2976655960083008,SPAN_TOO_SHORT
0019-0025-0001,"Tại Texas, tất cả những việc làm của các quan chức phải chịu trách nhiệm trước ai?",công chúng,trước,True,False,0,0.0,1.0,2.4169416427612305,7.726641654968262,-2.4169416427612305,WRONG_SPAN
0019-0025-0002,Khi thống đốc Texas là George W. Bush thì lúc này tại Texas ai là Phó thống đốc Dân chủ?,Bob Bullock,là,True,False,0,0.0,1.0,2.615302085876465,6.884255409240723,-2.615302085876465,WRONG_SPAN
0019-0025-0003,Land Commissioner là chức vụ gì trong chính quyền Texas?,Bộ trưởng đất đai,"có Thống đốc, Phó thống đốc, Bộ trưởng tài chính công (Comptroller of Public Accounts), Bộ trưởng",True,False,0,0.19047619047619047,1.0,1.7367916107177734,8.343246459960938,-1.7367916107177734,SPAN_TOO_LONG
0019-0025-0004,Số lượng thành viên của Ủy ban Đường sắt Texas là bao nhiêu?,ba thành viên,với ba,True,False,0,0.4,1.0,-0.8281326293945312,10.718998908996582,0.8281326293945312,SPAN_TOO_SHORT
0019-0025-0005,Do điều gì mà Thống đốc tại Texas lại bị giới hạn về quyền lực?,Texas có một hệ thống gồm nhiều nhánh hành pháp,có một hệ thống gồm nhiều nhánh,True,False,0,0.8235294117647058,1.0,0.7902011871337891,9.3616361618042,-0.7902011871337891,SPAN_TOO_SHORT
0019-0026-0001,Cơ quan gì của Texas được xếp vào hàng các cơ quan phức tạp nhất tại Hoa Kỳ?,Cơ quan tư pháp,Cơ quan,True,False,0,0.6666666666666666,1.0,2.621314525604248,7.500900745391846,-2.621314525604248,SPAN_TOO_SHORT
0019-0026-0002,Số lượng tòa án thượng phẩm tại Texas là bao nhiêu?,hai tòa án,có,True,False,0,0.0,1.0,1.826730728149414,8.281505584716797,-1.826730728149414,WRONG_SPAN
0019-0026-0003,Những tòa án thượng thẩm tại Texas là các tòa án nào?,"Tòa Thượng thẩm Texas với các trường hợp dân sự, và Tòa Chống án Tội phạm Texas",": Tòa Thượng thẩm Texas với các trường hợp dân sự, và Tòa Chống án Tội phạm",True,False,0,0.9696969696969697,1.0,-0.6083908081054688,10.638570785522461,0.6083908081054688,SPAN_TOO_SHORT
0019-0026-0004,Kể từ thời điểm nào thì Texas đứng đầu Hoa Kỳ về số vụ hành quyết?,khi hình phạt này được phục hồi trong vụ án Gregg v. Georgia,từ khi hình phạt này được phục hồi trong vụ án Gregg v.,True,False,0,0.9230769230769231,1.0,0.18498706817626953,9.856087684631348,-0.18498706817626953,PARTIAL_SPAN
0019-0026-0005,Đối với các vị trí còn trống trong hội đồng Texas sẽ do ai đề cử vào các vị trí đó?,Thống đốc,;,True,False,0,0.0,1.0,0.024590492248535156,9.820259094238281,-0.024590492248535156,WRONG_SPAN
0019-0027-0001,Trên tòan bang Texas thì lực lượng nào có thể thực thi luật pháp có thẩm quyền?,Sư đòan biệt động Texas (Texas Ranger Division),của Cơ quan Công an,True,False,0,0.0,1.0,0.8261585235595703,9.250560760498047,-0.8261585235595703,WRONG_SPAN
0019-0027-0002,Vai trò hành động của Sư đòan biệt động Texas là gì?,"cảnh sát chống bạo động và trinh thám, bảo vệ thống đốc, truy nã đối tượng phạm tội, và họat động như một lực lượng bán quân sự của nước cộng hòa và bang",,True,True,0,0.0,1.0,6.011495590209961,4.145456314086914,-6.011495590209961,ANSWERABLE_PREDICTED_EMPTY
0019-0027-0003,Vào năm nào thì Sư đòan biệt động Texas đã được thành lập chính thức?,năm 1835,vào năm,True,False,0,0.5,1.0,-0.9015769958496094,10.740129470825195,0.9015769958496094,PARTIAL_SPAN
0019-0027-0004,Những vụ án mà Biệt động Texas đã điều tra trong nhiều năm qua là gì?,"các vụ phạm tội khác nhau, từ giết người đến tham nhũng chính trị",từ giết người đến tham nhũng,True,False,0,0.6,1.0,0.12377548217773438,10.030075073242188,-0.12377548217773438,SPAN_TOO_SHORT
0019-0027-0005,Ai là người đã khai sinh ra Sư đòan biệt động Texas?,Stephen F. Austin,do Stephen F.,True,False,0,0.6666666666666666,1.0,-2.003542900085449,11.704598426818848,2.003542900085449,PARTIAL_SPAN
0019-0028-0001,Tại Texas thì khuynh hướng chính trị nghiêng về hướng nào?,bảo thủ tài chính và xã hội,về bảo thủ tài chính và,True,False,0,0.7692307692307692,1.0,-0.264007568359375,10.341062545776367,0.264007568359375,SPAN_TOO_SHORT
0019-0028-0002,Tỷ lệ số phiếu đã giúp cho George W. Bush chiến thắng tai Texas là bao nhiêu?,"60,1% số phiếu","với 60,1% số",True,False,0,0.75,1.0,-1.556473731994629,11.476524353027344,1.556473731994629,PARTIAL_SPAN
0019-0028-0003,"Cuộc bầu cử tổng thống Hoa Kỳ năm 2008, ai là người đã dành chiến thắng tại Texas?",John McCain,. John,True,False,0,0.6666666666666666,1.0,-2.1881847381591797,11.739625930786133,2.1881847381591797,SPAN_TOO_SHORT
0019-0028-0004,Những nơi nào tại Texas thường bỏ phiếu cho người Cộng Hòa?,các khu vực nông thôn và ngọai ô,khi hầu hết các khu vực nông thôn và ngọai,True,False,0,0.7777777777777777,1.0,-1.284515380859375,11.240659713745117,1.284515380859375,SPAN_TOO_LONG
0019-0028-0005,Những nơi nào thường bỏ phiếu cho Đảng Dân Chủ trong các cuộc bỏ phiếu?,"Austin, Dallas, Houston, và San Antonio",". Austin, Dallas, Houston, và",True,False,0,0.8,1.0,-1.9342117309570312,11.668185234069824,1.9342117309570312,SPAN_TOO_SHORT
0019-0029-0001,Hai người đại diện của bang Texas tại thượng viện Hoa Kỳ trong cuộc bầu cử năm 2010 là thuộc đảng nào?,Đảng Cộng hòa,do Đảng,True,False,0,0.4,1.0,2.348384380340576,7.751674175262451,-2.348384380340576,SPAN_TOO_SHORT
0019-0029-0002,Tại Texas thì Quốc hội Hoa Kỳ khóa 113 đã có bao nhiêu đơn vị bầu cử thuộc đảng Cộng Hòa?,24 đơn vị,số 36,True,False,0,0.0,1.0,0.3863792419433594,9.633625030517578,-0.3863792419433594,WRONG_SPAN
0019-0029-0003,Kể từ khi nào thì chức vụ tòan bang đã không còn được người tại Texas bầu cử cho người Dân Chủ?,năm 1994,Từ năm,True,False,0,0.5,1.0,-1.5970430374145508,11.412001609802246,1.5970430374145508,PARTIAL_SPAN
0019-0029-0004,Lý do bắt nguồn nào đã làm cho bang Texas có sự tồn tại của Đảng Dân chủ?,"chủ yếu từ một số nhóm thiểu số ở Đông Texas và Nam Texas cũng như cử tri thành thị, đặc biệt là Beaumont, El Paso, Austin, San Antonio, Dallas, và Houston",từ một số nhóm thiểu số ở Đông Texas và Nam Texas cũng như cử tri,True,False,0,0.6666666666666666,1.0,1.1513538360595703,8.971996307373047,-1.1513538360595703,SPAN_TOO_SHORT
0019-0029-0005,Quốc hội Hoa Kỳ khóa 113 đã có bao nhiêu đơn vị bầu cử tại Texas?,36 đơn vị,số 36,True,False,0,0.4,1.0,-0.49370765686035156,10.502914428710938,0.49370765686035156,SPAN_TOO_SHORT
0019-0030-0001,Tại Texas có những nhóm người dân tộc châu Âu lớn nào?,"Người Đức, người Ireland, và người Anh",là người,True,False,0,0.22222222222222224,1.0,1.0715837478637695,9.039305686950684,-1.0715837478637695,SPAN_TOO_SHORT
0019-0030-0002,Dân số của người Mỹ gốc Đức là bao nhiêu tại bang Texas?,"2,7 triệu người",,True,True,0,0.0,1.0,4.803258895874023,5.3583526611328125,-4.803258895874023,ANSWERABLE_PREDICTED_EMPTY
0019-0030-0003,Tỷ lệ dân cư tại Texas là người Mỹ gốc Ý là bao nhiêu?,"2,0%",và 472.000 người Mỹ gốc,True,False,0,0.0,1.0,1.0925159454345703,9.023628234863281,-1.0925159454345703,WRONG_SPAN
0019-0030-0004,Vào năm 1980 thì tại bang Texas đã có tỷ lệ nguời Anh sinh sống là bao nhiêu?,27%,,True,True,0,0.0,1.0,3.9490861892700195,6.202263832092285,-3.9490861892700195,ANSWERABLE_PREDICTED_EMPTY
0019-0030-0005,Dân số của người Mỹ gốc Pháp tại Texas là bao nhiêu?,khỏang 600.000 người,và 472.000 người Mỹ gốc,True,False,0,0.4,1.0,0.5794305801391602,9.528644561767578,-0.5794305801391602,SPAN_TOO_LONG
0019-0031-0001,Nhóm người có số lượng lớn nhất tại Texas là nhóm người nào?,người gốc Âu không có nguồn gốc Mỹ Latinh và Iberia,Người gốc Mỹ Latinh hoặc,True,False,0,0.5000000000000001,1.0,1.2150201797485352,8.880614280700684,-1.2150201797485352,SPAN_TOO_SHORT
0019-0031-0002,Người gốc Mỹ Latinh hoặc Iberia tại Texas chiếm tỷ lệ bao nhiêu trong dân số Texas?,36%,chiếm 36,True,False,0,0.6666666666666666,1.0,-0.9647550582885742,10.92302131652832,0.9647550582885742,SPAN_TOO_LONG
0019-0031-0003,"Tại Texas, số lượng người Cuba sinh sống là bao nhiêu?",gần 38.000 người,và gần 38.000,True,False,0,0.75,1.0,-1.5149917602539062,11.440479278564453,1.5149917602539062,PARTIAL_SPAN
0019-0031-0004,Người nước nào chiếm tỷ lệ thấp nhất trong dân cư Texas?,"Costa Rica, Venezuela, và Argentina","người Costa Rica, Venezuela, và",True,False,0,0.8000000000000002,1.0,0.6675214767456055,9.41660213470459,-0.6675214767456055,PARTIAL_SPAN
0019-0031-0005,Người có nguồn gốc México sinh sống tại Texas với số lượng bao nhiêu?,"7,3 triệu người",", 7,3 triệu",True,False,0,0.8571428571428571,1.0,-2.040637969970703,11.541238784790039,2.040637969970703,SPAN_TOO_SHORT
0019-0032-0001,Những thành phố nào tại Texas có dân số trên 1 triệu người?,"Houston, San Antonio, và Dallas",": Houston, San Antonio, và",True,False,0,0.888888888888889,1.0,-0.15781021118164062,10.234119415283203,0.15781021118164062,SPAN_TOO_SHORT
0019-0032-0002,Tại Texas có bao nhiêu thành phố có dân số lớn hơn 600.000 người vào năm 2010?,sáu thành phố,", sáu",True,False,0,0.5,1.0,-1.0022964477539062,10.634498596191406,1.0022964477539062,SPAN_TOO_SHORT
0019-0032-0003,Những thành phố tại Texas có dân số trên 600.000 người đều nằm trong danh sách gì của Hoa Kỳ?,20 thành phố lớn nhất Hoa Kỳ,,True,True,0,0.0,1.0,6.072287559509277,4.079646110534668,-6.072287559509277,ANSWERABLE_PREDICTED_EMPTY
0019-0032-0004,Những vùng đô thị Texas có dân số trên 1 triệu người là những vùng nào?,"Dallas–Fort Worth–Arlington, Houston–Sugar Land–Baytown, San Antonio–New Braunfels, và Austin–Round Rock–San Marcos",,True,True,0,0.0,1.0,6.034666061401367,4.093245506286621,-6.034666061401367,ANSWERABLE_PREDICTED_EMPTY
0019-0032-0005,"Vùng đô thị nào tại Texas có 5,7 triệu dân?",Houston,đô thị Dallas–Fort Worth và,True,False,0,0.0,1.0,-1.9694881439208984,11.613104820251465,1.9694881439208984,WRONG_SPAN
0019-0033-0001,Ở phía tây Texas có bao nhiêu xa lộ liên tiểu bang?,Ba xa lộ,—I-,True,False,0,0.0,1.0,-0.7316703796386719,10.74296760559082,0.7316703796386719,WRONG_SPAN
0019-0033-0002,Xa lộ tiểu bang I-10 đi từ nơi nào đến nơi nào?,San Antonio đến Houston,(San Antonio đến,True,False,0,0.8571428571428571,1.0,0.9540948867797852,9.151971817016602,-0.9540948867797852,SPAN_TOO_SHORT
0019-0033-0003,"Diện tích của vùng ""Tam giác đô thị Texas"" là bao nhiêu dặm vuông Anh?",60.000 dặm vuông Anh,diện tích 60.000 dặm vuông Anh (160.000,True,False,0,0.7142857142857143,1.0,-1.1811637878417969,10.997783660888672,1.1811637878417969,SPAN_TOO_LONG
0019-0033-0004,Tỷ lệ dân số tại vùng Tam giác đô thị Texas chiếm bao nhiêu phần của dân số tòan bang Texas?,gần 75%,hay gần 75,True,False,0,0.8,1.0,-0.9031763076782227,10.980963706970215,0.9031763076782227,SPAN_TOO_LONG
0019-0033-0005,Tiểu bang nào có số lượng quận nhiều đứng sau Texas?,Georgia,là,True,False,0,0.0,1.0,0.07727432250976562,9.897103309631348,-0.07727432250976562,WRONG_SPAN
0019-0034-0001,Khỏang thời gian nào thì văn hóa truyền thống được hình thành ở Texas?,các thế kỷ XVIII và XIX,trong các thế kỷ XVIII và,True,False,0,0.8333333333333334,1.0,-1.2850456237792969,11.294193267822266,1.2850456237792969,PARTIAL_SPAN
0019-0034-0002,Văn hóa Texas đã trở thành như thế nào nhờ vào sự nhập cư?,một nồi nung chảy các văn hóa từ khắp thế giới,,True,True,0,0.0,1.0,6.969079971313477,3.2061901092529297,-6.969079971313477,ANSWERABLE_PREDICTED_EMPTY
0019-0034-0003,Hình ảnh nào được gắn liền với bang Texas?,hình ảnh cao bồi thể hiện trong phim Viễn Tây và nhạc đồng quê miền tây,hình ảnh,True,False,0,0.2222222222222222,1.0,0.09884071350097656,9.747604370117188,-0.09884071350097656,SPAN_TOO_SHORT
0019-0034-0004,Sự pha trộn từ những miền nào trong văn hóa Texas ở phương diện lịch sử?,"miền Nam, miền Tây, và miền Tây Nam","của miền Nam, miền Tây, và miền",True,False,0,0.7999999999999999,1.0,-1.887864112854004,11.643433570861816,1.887864112854004,SPAN_TOO_SHORT
0019-0035-0001,Houston nằm trong số năm thành phố như thế nào tại Hoa Kỳ?,có các công ty thường trực chuyên nghiệp về mọi lọai hình nghệ thuật biểu diễn chính,,True,True,0,0.0,1.0,7.736238479614258,2.415576934814453,-7.736238479614258,ANSWERABLE_PREDICTED_EMPTY
0019-0035-0002,Những địa điểm tổ chức nghệ thuật biểu diễn chính tại Texas là gì?,"Nhà hát Lớn Houston, Dàn nhạc giao hưởng Houston, đòan ba-lê Houston, và Sân khấu Alley",,True,True,0,0.0,1.0,4.651369094848633,5.429265975952148,-4.651369094848633,ANSWERABLE_PREDICTED_EMPTY
0019-0035-0003,Vị trí tọa lạc của Khu sân khấu Houston là ở đâu?,giữa khu trung tâm Houston,giữa khu trung tâm,True,False,0,0.888888888888889,1.0,-0.9808197021484375,10.978753089904785,0.9808197021484375,SPAN_TOO_SHORT
0019-0035-0004,Khu sân khấu Houston đứng ở vị trí thứ hai tòan quốc về điều gì?,số ghế sân khấu trong một khu vực trung tâm tập trung,"về số ghế sân khấu trong một khu vực trung tâm tập trung, í.948 ghế cho biểu diễn trực tiếp và 1.480 ghế xem",True,False,0,0.631578947368421,1.0,-0.9962282180786133,10.845870971679688,0.9962282180786133,SPAN_TOO_LONG
0019-0035-0005,Số ghế xem phim ở Khu sân khấu Houston là bao nhiêu?,1.480 ghế,và 1.480,True,False,0,0.6666666666666666,1.0,-0.3384971618652344,10.416357040405273,0.3384971618652344,PARTIAL_SPAN
0019-0036-0001,Mỗi học sinh tại Texas thì bang phải chi bao nhiêu tiền vào khỏang giữa năm 2006 và 2007?,$7.275,chi $7.,True,False,0,0.5,1.0,-1.6324748992919922,11.445802688598633,1.6324748992919922,PARTIAL_SPAN
0019-0036-0002,Tại Texas thì cứ bao nhiêu học sinh thì sẽ tương ứng với một giáo viên?,"14,9",,True,True,0,0.0,1.0,5.329085826873779,4.835519313812256,-5.329085826873779,ANSWERABLE_PREDICTED_EMPTY
0019-0036-0003,Các quyền nào mà các khu vực trường học ở Texas có?,quyền đánh thuế cư dân của họ và trưng thu các tài sản thuộc sở hữu cá nhân,quyền đánh thuế cư dân của họ và trưng thu các tài sản thuộc sở hữu,True,False,0,0.9411764705882353,1.0,1.797379493713379,8.345133781433105,-1.797379493713379,SPAN_TOO_SHORT
0019-0036-0004,Kế họach Robin Hood có nội dung là gì?,chuyển thuế tài sản từ các khu vực trường học thịnh vượng sang các khu vực trường học nghèo hơn,một hệ thống tái phân bổ thuế gây tranh,True,False,0,0.06896551724137932,1.0,0.8736810684204102,9.282197952270508,-0.8736810684204102,SPAN_TOO_SHORT
0019-0036-0005,Có bao nhiêu khu vực trường học tại bang Texas?,trên 1.000 khu vực,có trên 1.000 khu vực,True,False,0,0.9090909090909091,1.0,-0.30326271057128906,10.312957763671875,0.30326271057128906,SPAN_TOO_LONG
0019-0037-0001,"Năm 2010, Texas đừng vị trí thứ mấy tại Hoa Kỳ về tổng sản phẩm tiểu bang?",thứ nhì,xếp hạng thứ,True,False,0,0.4,1.0,-0.9763851165771484,10.891214370727539,0.9763851165771484,SPAN_TOO_LONG
0019-0037-0002,GSP của Texas ngang bằng với các nước có nền kinh tế lớn thứ mấy trên thế giới?,thứ 11 và 12,đứng thứ 11 và,True,False,0,0.75,1.0,-0.5457305908203125,10.484447479248047,0.5457305908203125,PARTIAL_SPAN
0019-0037-0003,Trong 4 đơn vị hành chính cấp một quốc gia có nền kinh tế lớn nhất thế giới thì ngọai trừ Anh và Texas còn có các đơn vị nào khác?,"California, và Tokyo",", California, và",True,False,0,0.8,1.0,2.0676565170288086,8.09498119354248,-2.0676565170288086,SPAN_TOO_SHORT
0019-0037-0004,Tỷ lệ thất nghiệp tại Texas vào tháng 10 năm 2013 là bao nhiêu?,"6,2%","là 6,2",True,False,0,0.8,1.0,-1.3630695343017578,11.410553932189941,1.3630695343017578,SPAN_TOO_LONG
0019-0037-0005,Vào năm nào thì cư dân Texas có thu nhập bình quân là 36.484 đô là Mỹ?,năm 2009,vào năm,True,False,0,0.5,1.0,-1.8009510040283203,11.233207702636719,1.8009510040283203,PARTIAL_SPAN
0019-0038-0001,Đất nông nghiệp của tiểu bang nào là có diện tích lớn nhất Hoa Kỳ?,Texas,.,True,False,0,0.0,1.0,0.8662185668945312,9.238363265991211,-0.8662185668945312,WRONG_SPAN
0019-0038-0002,Những sản lượng vật nuôi nào mà Texas đứng đầu cả nước?,cừu và dê,,True,True,0,0.0,1.0,4.430882930755615,5.715097904205322,-4.430882930755615,ANSWERABLE_PREDICTED_EMPTY
0019-0038-0003,Texas đứng đầu Hoa Kỳ về điều gì trong lĩnh vực tài nguyên khóang sản?,"sản xuất xi măng, đá dăm, vôi, muối, cát và sỏi","về sản xuất xi măng, đá dăm, vôi, muối, cát và",True,False,0,0.9090909090909091,1.0,-1.6856145858764648,11.623026847839355,1.6856145858764648,PARTIAL_SPAN
0019-0038-0004,Sản xuất bông tại Texas đứng vị trí thứ mấy ở Hoa Kỳ?,dẫn đầu,. Texas dẫn đầu tòan,True,False,0,0.6666666666666666,1.0,2.008913993835449,8.110051155090332,-2.008913993835449,SPAN_TOO_LONG
0019-0038-0005,Sản phẩm có giá trị nhất trong nông nghiệp Texas là gì?,Bò nhà,. Bò,True,False,0,0.6666666666666666,1.0,-2.063943862915039,11.681953430175781,2.063943862915039,SPAN_TOO_SHORT
0019-0039-0001,Lọai điện nào mà Texas có sản lượng đứng đầu tại Hoa Kỳ?,phong điện,sản lượng phong,True,False,0,0.4,1.0,0.17441558837890625,9.92076301574707,-0.17441558837890625,SPAN_TOO_LONG
0019-0039-0002,"Công suất của trại phong điện Roscoe ở Roscoe, Texas là bao nhiêu?","781,5 megawatt (MW)","công suất 781,5 megawatt (MW",True,False,0,0.8,1.0,-0.24051952362060547,10.343405723571777,0.24051952362060547,SPAN_TOO_LONG
0019-0039-0003,Texas có được điều gì về sự lớn mạnh của ngành nông nghiệp và lâm nghiệp?,một lượng sinh khối khổng lồ để sử dụng trong ngành năng lượng sinh học,có thể cung cấp cho Texas một lượng sinh khối khổng lồ để sử dụng trong ngành năng lượng,True,False,0,0.7647058823529413,1.0,3.1522722244262695,6.97609806060791,-3.1522722244262695,SPAN_TOO_LONG
0019-0039-0004,Texas dẫn đầu Hoa Kỳ về xử lý năng lượng tái tạo như thế nào?,năng lượng tái tạo thương mại hóa,,True,True,0,0.0,1.0,4.330077171325684,5.808154106140137,-4.330077171325684,ANSWERABLE_PREDICTED_EMPTY
0019-0039-0005,Tiềm năng của ngành năng lượng Texas lớn nhất tại Hoa Kỳ là phát triển về lọai điện nào?,điện mặt trời,phát triển điện,True,False,0,0.3333333333333333,1.0,-1.2427902221679688,11.184520721435547,1.2427902221679688,PARTIAL_SPAN
0019-0040-0001,Vào năm nào thì tuyến đường cao tốc đầu tiên tại Texas được thông xe?,năm 1948,vào năm,True,False,0,0.5,1.0,-2.0495262145996094,11.269824981689453,2.0495262145996094,PARTIAL_SPAN
0019-0040-0002,Sân bay nào tại Texas có được quy mô và lượng hành khách lớn nhất?,Sân bay quốc tế Dallas-Forth Worth (DFW),là Sân bay quốc tế Dallas-Forth,True,False,0,0.7999999999999999,1.0,-1.6190567016601562,11.336240768432617,1.6190567016601562,SPAN_TOO_SHORT
0019-0040-0003,Có tất cả bao nhiêu hải cảng tại Texas?,khỏang 1.150 hải cảng,Có khỏang 1.150,True,False,0,0.6666666666666665,1.0,2.535043716430664,7.595577239990234,-2.535043716430664,SPAN_TOO_SHORT
0019-0040-0004,Cảng Houston đứng thứ 10 thế giới về điều gì?,số tấn hàng hóa,,True,True,0,0.0,1.0,9.013196468353271,1.1316628456115723,-9.013196468353271,ANSWERABLE_PREDICTED_EMPTY
0019-0040-0005,Cảng nào tại Hoa Kỳ đang là cảng bận rộn nhất về số tấn hàng hóa ngọai thương?,Cảng Houston,. Cảng,True,False,0,0.6666666666666666,1.0,-1.7871818542480469,11.272342681884766,1.7871818542480469,SPAN_TOO_SHORT
0019-0041-0001,Ba đội tuyển NBA của Texas là những đội nào?,"Houston Rockets, San Antonio Spurs, và Dallas Mavericks",,True,True,0,0.0,1.0,7.302541017532349,2.8502185344696045,-7.302541017532349,ANSWERABLE_PREDICTED_EMPTY
0019-0041-0002,"Texas có bao nhiêu đội tuyển NFL trong giải đấu ""Big Four""?",hai đội tuyển,có,True,False,0,0.0,1.0,-0.13017559051513672,9.866642951965332,0.13017559051513672,WRONG_SPAN
0019-0041-0003,Vùng đô thị phức hợp Dallas–Fort Worth được đánh giá như thế nào trong việc tham dự giải Big Four?,"có các đội tuyển thể thao tham gia tòan bộ giải đấu chuyên nghiệp ""Big Four",,True,True,0,0.0,1.0,11.176852941513062,-1.017850637435913,-11.176852941513062,ANSWERABLE_PREDICTED_EMPTY
0019-0041-0004,"Ngòai giải đấu ""Big Four"" thì Texas còn có các đội tuyển nào nữa?",một đội tuyển WNBA (San Antonio) và hai đội tuyển MLS (Houston Dynamo VÀ FC Dallas,có một đội tuyển WNBA (San Antonio) và hai đội tuyển MLS (Houston Dynamo VÀ FC Dallas,True,False,0,0.9696969696969697,1.0,3.472748279571533,6.6690144538879395,-3.472748279571533,SPAN_TOO_LONG
0019-0042-0001,Môn thể thao nào đặc biệt nhất trong thể thao trường học tại Texas?,bóng bầu dục Mỹ,là bóng bầu dục,True,False,0,0.75,1.0,-1.9934148788452148,11.622236251831055,1.9934148788452148,PARTIAL_SPAN
0019-0042-0002,Số lượng trường Division I-FBS tại Texas là bao nhiêu?,10 trường,có 10,True,False,0,0.5,1.0,-1.1928281784057617,10.664870262145996,1.1928281784057617,PARTIAL_SPAN
0019-0042-0003,Big 12 Conference có những đội nào tại Texas tham gia?,"Baylor Bears, Texas Longhorns, TCU Horned Frogs, và Texas Tech Red Raiders",là,True,False,0,0.0,1.0,1.813218116760254,7.913430213928223,-1.813218116760254,WRONG_SPAN
0019-0042-0004,Lý do nào mà TCU được Big 12 mời tham dự?,Texas A&M Aggies rời khỏi Big 12 và tham gia Southeastern Conference vào năm 2012,. Texas A&M Aggies rời khỏi Big 12 và tham gia Southeastern Conference vào năm,True,False,0,0.967741935483871,1.0,-0.4145069122314453,10.355691909790039,0.4145069122314453,SPAN_TOO_SHORT
0019-0042-0005,Trước khi TCU tham gia Big 12 thì họ đã tham gia giải đấu nào?,Mountain West Conference,,True,True,0,0.0,1.0,5.613626956939697,4.435641765594482,-5.613626956939697,ANSWERABLE_PREDICTED_EMPTY
